time,x_ref,vx_ref,ax_ref,y_ref,z_ref,yaw_ref,event,control_tick
0,0,0,0,0,3.2000000000000002,0,hover,0
0.0050000000000000001,0,0,0,0,3.2000000000000002,0,hover,-1
0.01,0,0,0,0,3.2000000000000002,0,hover,-1
0.014999999999999999,0,0,0,0,3.2000000000000002,0,hover,-1
0.02,0,0,0,0,3.2000000000000002,0,hover,-1
0.025000000000000001,0,0,0,0,3.2000000000000002,0,hover,-1
0.029999999999999999,0,0,0,0,3.2000000000000002,0,hover,-1
0.035000000000000003,0,0,0,0,3.2000000000000002,0,hover,-1
0.040000000000000001,0,0,0,0,3.2000000000000002,0,hover,-1
0.044999999999999998,0,0,0,0,3.2000000000000002,0,hover,-1
0.050000000000000003,0,0,0,0,3.2000000000000002,0,hover,1
0.055,0,0,0,0,3.2000000000000002,0,hover,-1
0.059999999999999998,0,0,0,0,3.2000000000000002,0,hover,-1
0.065000000000000002,0,0,0,0,3.2000000000000002,0,hover,-1
0.070000000000000007,0,0,0,0,3.2000000000000002,0,hover,-1
0.074999999999999997,0,0,0,0,3.2000000000000002,0,hover,-1
0.080000000000000002,0,0,0,0,3.2000000000000002,0,hover,-1
0.085000000000000006,0,0,0,0,3.2000000000000002,0,hover,-1
0.089999999999999997,0,0,0,0,3.2000000000000002,0,hover,-1
0.095000000000000001,0,0,0,0,3.2000000000000002,0,hover,-1
0.10000000000000001,0,0,0,0,3.2000000000000002,0,hover,2
0.105,0,0,0,0,3.2000000000000002,0,hover,-1
0.11,0,0,0,0,3.2000000000000002,0,hover,-1
0.115,0,0,0,0,3.2000000000000002,0,hover,-1
0.12,0,0,0,0,3.2000000000000002,0,hover,-1
0.125,0,0,0,0,3.2000000000000002,0,hover,-1
0.13,0,0,0,0,3.2000000000000002,0,hover,-1
0.13500000000000001,0,0,0,0,3.2000000000000002,0,hover,-1
0.14000000000000001,0,0,0,0,3.2000000000000002,0,hover,-1
0.14499999999999999,0,0,0,0,3.2000000000000002,0,hover,-1
0.14999999999999999,0,0,0,0,3.2000000000000002,0,hover,3
0.155,0,0,0,0,3.2000000000000002,0,hover,-1
0.16,0,0,0,0,3.2000000000000002,0,hover,-1
0.16500000000000001,0,0,0,0,3.2000000000000002,0,hover,-1
0.17000000000000001,0,0,0,0,3.2000000000000002,0,hover,-1
0.17500000000000002,0,0,0,0,3.2000000000000002,0,hover,-1
0.17999999999999999,0,0,0,0,3.2000000000000002,0,hover,-1
0.185,0,0,0,0,3.2000000000000002,0,hover,-1
0.19,0,0,0,0,3.2000000000000002,0,hover,-1
0.19500000000000001,0,0,0,0,3.2000000000000002,0,hover,-1
0.20000000000000001,0,0,0,0,3.2000000000000002,0,hover,4
0.20500000000000002,0,0,0,0,3.2000000000000002,0,hover,-1
0.20999999999999999,0,0,0,0,3.2000000000000002,0,hover,-1
0.215,0,0,0,0,3.2000000000000002,0,hover,-1
0.22,0,0,0,0,3.2000000000000002,0,hover,-1
0.22500000000000001,0,0,0,0,3.2000000000000002,0,hover,-1
0.23000000000000001,0,0,0,0,3.2000000000000002,0,hover,-1
0.23500000000000001,0,0,0,0,3.2000000000000002,0,hover,-1
0.23999999999999999,0,0,0,0,3.2000000000000002,0,hover,-1
0.245,0,0,0,0,3.2000000000000002,0,hover,-1
0.25,0,0,0,0,3.2000000000000002,0,hover,5
0.255,0,0,0,0,3.2000000000000002,0,hover,-1
0.26000000000000001,0,0,0,0,3.2000000000000002,0,hover,-1
0.26500000000000001,0,0,0,0,3.2000000000000002,0,hover,-1
0.27000000000000002,0,0,0,0,3.2000000000000002,0,hover,-1
0.27500000000000002,0,0,0,0,3.2000000000000002,0,hover,-1
0.28000000000000003,0,0,0,0,3.2000000000000002,0,hover,-1
0.28500000000000003,0,0,0,0,3.2000000000000002,0,hover,-1
0.28999999999999998,0,0,0,0,3.2000000000000002,0,hover,-1
0.29499999999999998,0,0,0,0,3.2000000000000002,0,hover,-1
0.29999999999999999,0,0,0,0,3.2000000000000002,0,hover,6
0.30499999999999999,0,0,0,0,3.2000000000000002,0,hover,-1
0.31,0,0,0,0,3.2000000000000002,0,hover,-1
0.315,0,0,0,0,3.2000000000000002,0,hover,-1
0.32000000000000001,0,0,0,0,3.2000000000000002,0,hover,-1
0.32500000000000001,0,0,0,0,3.2000000000000002,0,hover,-1
0.33000000000000002,0,0,0,0,3.2000000000000002,0,hover,-1
0.33500000000000002,0,0,0,0,3.2000000000000002,0,hover,-1
0.34000000000000002,0,0,0,0,3.2000000000000002,0,hover,-1
0.34500000000000003,0,0,0,0,3.2000000000000002,0,hover,-1
0.35000000000000003,0,0,0,0,3.2000000000000002,0,hover,7
0.35499999999999998,0,0,0,0,3.2000000000000002,0,hover,-1
0.35999999999999999,0,0,0,0,3.2000000000000002,0,hover,-1
0.36499999999999999,0,0,0,0,3.2000000000000002,0,hover,-1
0.37,0,0,0,0,3.2000000000000002,0,hover,-1
0.375,0,0,0,0,3.2000000000000002,0,hover,-1
0.38,0,0,0,0,3.2000000000000002,0,hover,-1
0.38500000000000001,0,0,0,0,3.2000000000000002,0,hover,-1
0.39000000000000001,0,0,0,0,3.2000000000000002,0,hover,-1
0.39500000000000002,0,0,0,0,3.2000000000000002,0,hover,-1
0.40000000000000002,0,0,0,0,3.2000000000000002,0,hover,8
0.40500000000000003,0,0,0,0,3.2000000000000002,0,hover,-1
0.41000000000000003,0,0,0,0,3.2000000000000002,0,hover,-1
0.41500000000000004,0,0,0,0,3.2000000000000002,0,hover,-1
0.41999999999999998,0,0,0,0,3.2000000000000002,0,hover,-1
0.42499999999999999,0,0,0,0,3.2000000000000002,0,hover,-1
0.42999999999999999,0,0,0,0,3.2000000000000002,0,hover,-1
0.435,0,0,0,0,3.2000000000000002,0,hover,-1
0.44,0,0,0,0,3.2000000000000002,0,hover,-1
0.44500000000000001,0,0,0,0,3.2000000000000002,0,hover,-1
0.45000000000000001,0,0,0,0,3.2000000000000002,0,hover,9
0.45500000000000002,0,0,0,0,3.2000000000000002,0,hover,-1
0.46000000000000002,0,0,0,0,3.2000000000000002,0,hover,-1
0.46500000000000002,0,0,0,0,3.2000000000000002,0,hover,-1
0.47000000000000003,0,0,0,0,3.2000000000000002,0,hover,-1
0.47500000000000003,0,0,0,0,3.2000000000000002,0,hover,-1
0.47999999999999998,0,0,0,0,3.2000000000000002,0,hover,-1
0.48499999999999999,0,0,0,0,3.2000000000000002,0,hover,-1
0.48999999999999999,0,0,0,0,3.2000000000000002,0,hover,-1
0.495,0,0,0,0,3.2000000000000002,0,hover,-1
0.5,0,0,0,0,3.2000000000000002,0,hover,10
0.505,0,0,0,0,3.2000000000000002,0,hover,-1
0.51000000000000001,0,0,0,0,3.2000000000000002,0,hover,-1
0.51500000000000001,0,0,0,0,3.2000000000000002,0,hover,-1
0.52000000000000002,0,0,0,0,3.2000000000000002,0,hover,-1
0.52500000000000002,0,0,0,0,3.2000000000000002,0,hover,-1
0.53000000000000003,0,0,0,0,3.2000000000000002,0,hover,-1
0.53500000000000003,0,0,0,0,3.2000000000000002,0,hover,-1
0.54000000000000004,0,0,0,0,3.2000000000000002,0,hover,-1
0.54500000000000004,0,0,0,0,3.2000000000000002,0,hover,-1
0.55000000000000004,0,0,0,0,3.2000000000000002,0,hover,11
0.55500000000000005,0,0,0,0,3.2000000000000002,0,hover,-1
0.56000000000000005,0,0,0,0,3.2000000000000002,0,hover,-1
0.56500000000000006,0,0,0,0,3.2000000000000002,0,hover,-1
0.57000000000000006,0,0,0,0,3.2000000000000002,0,hover,-1
0.57500000000000007,0,0,0,0,3.2000000000000002,0,hover,-1
0.57999999999999996,0,0,0,0,3.2000000000000002,0,hover,-1
0.58499999999999996,0,0,0,0,3.2000000000000002,0,hover,-1
0.58999999999999997,0,0,0,0,3.2000000000000002,0,hover,-1
0.59499999999999997,0,0,0,0,3.2000000000000002,0,hover,-1
0.59999999999999998,0,0,0,0,3.2000000000000002,0,hover,12
0.60499999999999998,0,0,0,0,3.2000000000000002,0,hover,-1
0.60999999999999999,0,0,0,0,3.2000000000000002,0,hover,-1
0.61499999999999999,0,0,0,0,3.2000000000000002,0,hover,-1
0.62,0,0,0,0,3.2000000000000002,0,hover,-1
0.625,0,0,0,0,3.2000000000000002,0,hover,-1
0.63,0,0,0,0,3.2000000000000002,0,hover,-1
0.63500000000000001,0,0,0,0,3.2000000000000002,0,hover,-1
0.64000000000000001,0,0,0,0,3.2000000000000002,0,hover,-1
0.64500000000000002,0,0,0,0,3.2000000000000002,0,hover,-1
0.65000000000000002,0,0,0,0,3.2000000000000002,0,hover,13
0.65500000000000003,0,0,0,0,3.2000000000000002,0,hover,-1
0.66000000000000003,0,0,0,0,3.2000000000000002,0,hover,-1
0.66500000000000004,0,0,0,0,3.2000000000000002,0,hover,-1
0.67000000000000004,0,0,0,0,3.2000000000000002,0,hover,-1
0.67500000000000004,0,0,0,0,3.2000000000000002,0,hover,-1
0.68000000000000005,0,0,0,0,3.2000000000000002,0,hover,-1
0.68500000000000005,0,0,0,0,3.2000000000000002,0,hover,-1
0.69000000000000006,0,0,0,0,3.2000000000000002,0,hover,-1
0.69500000000000006,0,0,0,0,3.2000000000000002,0,hover,-1
0.70000000000000007,0,0,0,0,3.2000000000000002,0,hover,14
0.70499999999999996,0,0,0,0,3.2000000000000002,0,hover,-1
0.70999999999999996,0,0,0,0,3.2000000000000002,0,hover,-1
0.71499999999999997,0,0,0,0,3.2000000000000002,0,hover,-1
0.71999999999999997,0,0,0,0,3.2000000000000002,0,hover,-1
0.72499999999999998,0,0,0,0,3.2000000000000002,0,hover,-1
0.72999999999999998,0,0,0,0,3.2000000000000002,0,hover,-1
0.73499999999999999,0,0,0,0,3.2000000000000002,0,hover,-1
0.73999999999999999,0,0,0,0,3.2000000000000002,0,hover,-1
0.745,0,0,0,0,3.2000000000000002,0,hover,-1
0.75,0,0,0,0,3.2000000000000002,0,hover,15
0.755,0,0,0,0,3.2000000000000002,0,hover,-1
0.76000000000000001,0,0,0,0,3.2000000000000002,0,hover,-1
0.76500000000000001,0,0,0,0,3.2000000000000002,0,hover,-1
0.77000000000000002,0,0,0,0,3.2000000000000002,0,hover,-1
0.77500000000000002,0,0,0,0,3.2000000000000002,0,hover,-1
0.78000000000000003,0,0,0,0,3.2000000000000002,0,hover,-1
0.78500000000000003,0,0,0,0,3.2000000000000002,0,hover,-1
0.79000000000000004,0,0,0,0,3.2000000000000002,0,hover,-1
0.79500000000000004,0,0,0,0,3.2000000000000002,0,hover,-1
0.80000000000000004,0,0,0,0,3.2000000000000002,0,hover,16
0.80500000000000005,0,0,0,0,3.2000000000000002,0,hover,-1
0.81000000000000005,0,0,0,0,3.2000000000000002,0,hover,-1
0.81500000000000006,0,0,0,0,3.2000000000000002,0,hover,-1
0.82000000000000006,0,0,0,0,3.2000000000000002,0,hover,-1
0.82500000000000007,0,0,0,0,3.2000000000000002,0,hover,-1
0.83000000000000007,0,0,0,0,3.2000000000000002,0,hover,-1
0.83499999999999996,0,0,0,0,3.2000000000000002,0,hover,-1
0.83999999999999997,0,0,0,0,3.2000000000000002,0,hover,-1
0.84499999999999997,0,0,0,0,3.2000000000000002,0,hover,-1
0.84999999999999998,0,0,0,0,3.2000000000000002,0,hover,17
0.85499999999999998,0,0,0,0,3.2000000000000002,0,hover,-1
0.85999999999999999,0,0,0,0,3.2000000000000002,0,hover,-1
0.86499999999999999,0,0,0,0,3.2000000000000002,0,hover,-1
0.87,0,0,0,0,3.2000000000000002,0,hover,-1
0.875,0,0,0,0,3.2000000000000002,0,hover,-1
0.88,0,0,0,0,3.2000000000000002,0,hover,-1
0.88500000000000001,0,0,0,0,3.2000000000000002,0,hover,-1
0.89000000000000001,0,0,0,0,3.2000000000000002,0,hover,-1
0.89500000000000002,0,0,0,0,3.2000000000000002,0,hover,-1
0.90000000000000002,0,0,0,0,3.2000000000000002,0,hover,18
0.90500000000000003,0,0,0,0,3.2000000000000002,0,hover,-1
0.91000000000000003,0,0,0,0,3.2000000000000002,0,hover,-1
0.91500000000000004,0,0,0,0,3.2000000000000002,0,hover,-1
0.92000000000000004,0,0,0,0,3.2000000000000002,0,hover,-1
0.92500000000000004,0,0,0,0,3.2000000000000002,0,hover,-1
0.93000000000000005,0,0,0,0,3.2000000000000002,0,hover,-1
0.93500000000000005,0,0,0,0,3.2000000000000002,0,hover,-1
0.94000000000000006,0,0,0,0,3.2000000000000002,0,hover,-1
0.94500000000000006,0,0,0,0,3.2000000000000002,0,hover,-1
0.95000000000000007,0,0,0,0,3.2000000000000002,0,hover,19
0.95500000000000007,0,0,0,0,3.2000000000000002,0,hover,-1
0.95999999999999996,0,0,0,0,3.2000000000000002,0,hover,-1
0.96499999999999997,0,0,0,0,3.2000000000000002,0,hover,-1
0.96999999999999997,0,0,0,0,3.2000000000000002,0,hover,-1
0.97499999999999998,0,0,0,0,3.2000000000000002,0,hover,-1
0.97999999999999998,0,0,0,0,3.2000000000000002,0,hover,-1
0.98499999999999999,0,0,0,0,3.2000000000000002,0,hover,-1
0.98999999999999999,0,0,0,0,3.2000000000000002,0,hover,-1
0.995,0,0,0,0,3.2000000000000002,0,hover,-1
1,0,0,0,0,3.2000000000000002,0,accelerate,20
1.0050000000000001,4.6524140625003213e-07,0.00027844453125001276,0.11081812500000252,0,3.2000000000000002,0,accelerate,-1
1.01,3.6939750000000098e-06,0.0011026125000000019,0.21829500000000018,0,3.2000000000000002,0,accelerate,-1
1.0150000000000001,1.2373192968750305e-05,0.0024558820312500403,0.32246437500000258,0,3.2000000000000002,0,accelerate,-1
1.02,2.9107200000000079e-05,0.0043218000000000076,0.4233600000000004,0,3.2000000000000002,0,accelerate,-1
1.0249999999999999,5.6418457031249408e-05,0.0066840820312499541,0.52101562499999832,0,3.2000000000000002,0,accelerate,-1
1.03,9.6748425000000243e-05,0.0095266125000000174,0.61546500000000037,0,3.2000000000000002,0,accelerate,-1
1.0349999999999999,0.00015245840859374896,0.012833444531249943,0.70674187499999852,0,3.2000000000000002,0,accelerate,-1
1.04,0.00022583040000000057,0.016588800000000029,0.79488000000000059,0,3.2000000000000002,0,accelerate,-1
1.0449999999999999,0.00031906792265624852,0.020777069531249942,0.87991312499999885,0,3.2000000000000002,0,accelerate,-1
1.05,0.00043429687500000109,0.025382812500000046,0.96187500000000081,0,3.2000000000000002,0,accelerate,21
1.0549999999999999,0.00057356637421874807,0.030390757031249931,1.0407993749999991,0,3.2000000000000002,0,accelerate,-1
1.0600000000000001,0.0007388496000000017,0.035785800000000055,1.1167200000000008,0,3.2000000000000002,0,accelerate,-1
1.0649999999999999,0.00093204463828124777,0.041553007031249936,1.1896706249999993,0,3.2000000000000002,0,accelerate,-1
1.0700000000000001,0.001154975325000003,0.047677612500000077,1.2596850000000008,0,3.2000000000000002,0,accelerate,-1
1.075,0.0014093920898437477,0.054145019531249949,1.3267968749999994,0,3.2000000000000002,0,accelerate,-1
1.0800000000000001,0.0016969728000000043,0.0609408000000001,1.3910400000000009,0,3.2000000000000002,0,accelerate,-1
1.085,0.0020193236039062479,0.068050694531249956,1.4524481249999996,0,3.2000000000000002,0,accelerate,-1
1.0900000000000001,0.0023779797750000057,0.075460612500000135,1.5110550000000007,0,3.2000000000000002,0,accelerate,-1
1.095,0.0027744065554687479,0.083156632031249955,1.5668943749999995,0,3.2000000000000002,0,accelerate,-1
1.1000000000000001,0.0032100000000000084,0.09112500000000015,1.6200000000000008,0,3.2000000000000002,0,accelerate,22
1.105,0.0036860878195312478,0.099352132031249971,1.6704056249999997,0,3.2000000000000002,0,accelerate,-1
1.1100000000000001,0.0042039302250000106,0.10782461250000017,1.7181450000000009,0,3.2000000000000002,0,accelerate,-1
1.115,0.0047647207710937488,0.11652919453124999,1.7632518749999999,0,3.2000000000000002,0,accelerate,-1
1.1200000000000001,0.0053695872000000134,0.1254528000000002,1.8057600000000011,0,3.2000000000000002,0,accelerate,-1
1.125,0.00601959228515625,0.13458251953125,1.845703125,0,3.2000000000000002,0,accelerate,-1
1.1300000000000001,0.0067157346750000169,0.1439056125000002,1.883115000000001,0,3.2000000000000002,0,accelerate,-1
1.135,0.0074589497367187514,0.15340950703125003,1.9180293750000006,0,3.2000000000000002,0,accelerate,-1
1.1400000000000001,0.008250110400000019,0.16308180000000022,1.9504800000000009,0,3.2000000000000002,0,accelerate,-1
1.145,0.0090900280007812535,0.17291025703125004,1.9805006250000001,0,3.2000000000000002,0,accelerate,-1
1.1500000000000001,0.0099794531250000252,0.1828828125000003,2.0081250000000006,0,3.2000000000000002,0,accelerate,23
1.155,0.010919076452343758,0.19298756953125001,2.0333868749999997,0,3.2000000000000002,0,accelerate,-1
1.1599999999999999,0.011909529599999984,0.2032127999999998,2.0563199999999995,0,3.2000000000000002,0,accelerate,-1
1.165,0.01295138596640626,0.21354694453125006,2.076958125,0,3.2000000000000002,0,accelerate,-1
1.1699999999999999,0.014045161574999986,0.22397861249999984,2.0953349999999999,0,3.2000000000000002,0,accelerate,-1
1.175,0.01519131591796876,0.23449658203125007,2.1114843750000003,0,3.2000000000000002,0,accelerate,-1
1.1799999999999999,0.016390252799999984,0.24508979999999986,2.1254400000000002,0,3.2000000000000002,0,accelerate,-1
1.1850000000000001,0.017642321182031268,0.25574738203125008,2.1372356250000002,0,3.2000000000000002,0,accelerate,-1
1.1899999999999999,0.018947816024999987,0.26645861249999986,2.1469049999999998,0,3.2000000000000002,0,accelerate,-1
1.1950000000000001,0.020306979133593767,0.27721294453125017,2.1544818749999997,0,3.2000000000000002,0,accelerate,-1
1.2,0.021719999999999986,0.28799999999999981,2.1599999999999997,0,3.2000000000000002,0,accelerate,24
1.2050000000000001,0.023187016647656267,0.29880956953125021,2.1634931250000005,0,3.2000000000000002,0,accelerate,-1
1.21,0.024708116474999986,0.30963161249999993,2.1649949999999998,0,3.2000000000000002,0,accelerate,-1
1.2150000000000001,0.026283337099218776,0.32045625703125014,2.1645393750000004,0,3.2000000000000002,0,accelerate,-1
1.22,0.027912667199999991,0.33127379999999995,2.1621600000000005,0,3.2000000000000002,0,accelerate,-1
1.2250000000000001,0.02959604736328128,0.34207470703125015,2.1578906250000003,0,3.2000000000000002,0,accelerate,-1
1.23,0.031333370924999993,0.35284961249999991,2.1517650000000001,0,3.2000000000000002,0,accelerate,-1
1.2350000000000001,0.033124484814843785,0.36358931953125023,2.1438168749999997,0,3.2000000000000002,0,accelerate,-1
1.24,0.034969190399999996,0.37428480000000003,2.1340799999999991,0,3.2000000000000002,0,accelerate,-1
1.2450000000000001,0.036867244328906291,0.38492719453125024,2.1225881249999996,0,3.2000000000000002,0,accelerate,-1
1.25,0.038818359375,0.3955078125,2.109375,0,3.2000000000000002,0,accelerate,25
1.2550000000000001,0.040822205280468801,0.40601813203125015,2.0944743750000003,0,3.2000000000000002,0,accelerate,-1
1.26,0.042878409600000007,0.41644979999999998,2.0779200000000007,0,3.2000000000000002,0,accelerate,-1
1.2650000000000001,0.044986558544531298,0.42679463203125029,2.0597456249999997,0,3.2000000000000002,0,accelerate,-1
1.27,0.047146197825000014,0.43704461250000004,2.0399850000000006,0,3.2000000000000002,0,accelerate,-1
1.2750000000000001,0.049356833496093815,0.44719189453125019,2.0186718749999999,0,3.2000000000000002,0,accelerate,-1
1.28,0.051617932800000002,0.45722879999999999,1.9958399999999996,0,3.2000000000000002,0,accelerate,-1
1.2849999999999999,0.053928925010156219,0.46714781953124979,1.9715231250000003,0,3.2000000000000002,0,accelerate,-1
1.29,0.056289202275000019,0.47694161250000006,1.9457549999999999,0,3.2000000000000002,0,accelerate,-1
1.2949999999999999,0.058698120461718704,0.48660300703125003,1.9185693749999999,0,3.2000000000000002,0,accelerate,-1
1.3,0.061155000000000029,0.49612499999999998,1.890000000000001,0,3.2000000000000002,0,accelerate,26
1.3049999999999999,0.063659126725781195,0.50550075703125008,1.8600806249999999,0,3.2000000000000002,0,accelerate,-1
1.3100000000000001,0.066209752725000029,0.51472361250000009,1.8288449999999994,0,3.2000000000000002,0,accelerate,-1
1.3149999999999999,0.06880609717734372,0.52378706953125009,1.7963268750000008,0,3.2000000000000002,0,accelerate,-1
1.3200000000000001,0.071447347200000025,0.53268480000000018,1.7625599999999984,0,3.2000000000000002,0,accelerate,-1
1.325,0.074132658691406228,0.54141064453124998,1.7275781249999995,0,3.2000000000000002,0,accelerate,-1
1.3300000000000001,0.076861157175000042,0.54995861250000011,1.6914149999999988,0,3.2000000000000002,0,accelerate,-1
1.335,0.079631938642968719,0.55832288203124991,1.6541043750000006,0,3.2000000000000002,0,accelerate,-1
1.3400000000000001,0.082444070400000041,0.56649780000000005,1.6156799999999993,0,3.2000000000000002,0,accelerate,-1
1.345,0.085296591907031247,0.57447788203124994,1.5761756250000012,0,3.2000000000000002,0,accelerate,-1
1.3500000000000001,0.088188515625000047,0.58225781250000019,1.535625,0,3.2000000000000002,0,accelerate,27
1.355,0.091118827858593709,0.58983244453125017,1.4940618749999985,0,3.2000000000000002,0,accelerate,-1
1.3600000000000001,0.094086489600000045,0.59719680000000019,1.4515199999999986,0,3.2000000000000002,0,accelerate,-1
1.365,0.097090437372656241,0.60434606953124992,1.4080331250000007,0,3.2000000000000002,0,accelerate,-1
1.3700000000000001,0.10012958407500008,0.61127561250000007,1.3636349999999993,0,3.2000000000000002,0,accelerate,-1
1.375,0.10320281982421875,0.61798095703125,1.318359375,0,3.2000000000000002,0,accelerate,-1
1.3800000000000001,0.1063090128000001,0.62445779999999995,1.2722399999999996,0,3.2000000000000002,0,accelerate,-1
1.385,0.10944701008828125,0.6307020070312499,1.225310625000001,0,3.2000000000000002,0,accelerate,-1
1.3900000000000001,0.11261563852500009,0.63670961250000013,1.1776049999999982,0,3.2000000000000002,0,accelerate,-1
1.395,0.11581370553984377,0.64247681953125024,1.1291568749999992,0,3.2000000000000002,0,accelerate,-1
1.4000000000000001,0.1190400000000001,0.64800000000000013,1.0799999999999976,0,3.2000000000000002,0,accelerate,28
1.405,0.12229329305390624,0.65327569453125023,1.0301681249999981,0,3.2000000000000002,0,accelerate,-1
1.4099999999999999,0.12557233897499992,0.65830061250000027,0.97969499999999998,0,3.2000000000000002,0,accelerate,-1
1.415,0.12887587600546879,0.66307163203124986,0.92861437500000066,0,3.2000000000000002,0,accelerate,-1
1.4199999999999999,0.13220262719999992,0.6675857999999999,0.87695999999999974,0,3.2000000000000002,0,accelerate,-1
1.425,0.13555130126953124,0.67184033203125004,0.82476562500000128,0,3.2000000000000002,0,accelerate,-1
1.4299999999999999,0.13892059342499999,0.67583261250000015,0.77206500000000133,0,3.2000000000000002,0,accelerate,-1
1.4350000000000001,0.14230918622109384,0.67956019453125005,0.71889187499999796,0,3.2000000000000002,0,accelerate,-1
1.4399999999999999,0.14571575039999998,0.68302079999999998,0.6652800000000012,0,3.2000000000000002,0,accelerate,-1
1.4450000000000001,0.14913894573515632,0.68621231953125017,0.6112631249999998,0,3.2000000000000002,0,accelerate,-1
1.45,0.15257742187499995,0.6891328124999998,0.55687499999999912,0,3.2000000000000002,0,accelerate,29
1.4550000000000001,0.15602981918671877,0.69178050703125016,0.50214937499999857,0,3.2000000000000002,0,accelerate,-1
1.46,0.15949476960000003,0.69415379999999971,0.44712000000000085,0,3.2000000000000002,0,accelerate,-1
1.4650000000000001,0.1629708974507813,0.6962512570312499,0.39182062499999804,0,3.2000000000000002,0,accelerate,-1
1.47,0.16645682032499998,0.69807161250000016,0.33628499999999883,0,3.2000000000000002,0,accelerate,-1
1.4750000000000001,0.16995114990234378,0.69961376953125032,0.28054687500000064,0,3.2000000000000002,0,accelerate,-1
1.48,0.17345249279999997,0.7008768000000003,0.22463999999999751,0,3.2000000000000002,0,accelerate,-1
1.4850000000000001,0.17695945141640634,0.70185994453124989,0.16859812499999749,0,3.2000000000000002,0,accelerate,-1
1.49,0.18047062477499995,0.70256261249999974,0.11245500000000064,0,3.2000000000000002,0,accelerate,-1
1.4950000000000001,0.18398460936796879,0.70298438203125013,0.05624437499999968,0,3.2000000000000002,0,accelerate,-1
1.5,0.1875,0.703125,0,0,3.2000000000000002,0,accelerate,30
1.5050000000000001,0.19101539063203135,0.70298438203124969,-0.056244375000000346,0,3.2000000000000002,0,accelerate,-1
1.51,0.19452937522500011,0.70256261249999963,-0.11245499999999797,0,3.2000000000000002,0,accelerate,-1
1.5150000000000001,0.19804054858359388,0.70185994453124989,-0.16859812500000215,0,3.2000000000000002,0,accelerate,-1
1.52,0.20154750720000003,0.70087679999999963,-0.22463999999999951,0,3.2000000000000002,0,accelerate,-1
1.5250000000000001,0.2050488500976563,0.6996137695312501,-0.28054687499999931,0,3.2000000000000002,0,accelerate,-1
1.53,0.208543179675,0.69807161250000072,-0.3362850000000015,0,3.2000000000000002,0,accelerate,-1
1.5350000000000001,0.21202910254921889,0.69625125703125001,-0.39182062500000336,0,3.2000000000000002,0,accelerate,-1
1.54,0.21550523040000008,0.69415380000000015,-0.44711999999999952,0,3.2000000000000002,0,accelerate,-1
1.5449999999999999,0.21897018081328126,0.69178050703125016,-0.50214937499999923,0,3.2000000000000002,0,accelerate,-1
1.55,0.2224225781250001,0.68913281249999936,-0.55687500000000112,0,3.2000000000000002,0,accelerate,31
1.5549999999999999,0.22586105426484371,0.68621231953124995,-0.6112631249999998,0,3.2000000000000002,0,accelerate,-1
1.5600000000000001,0.22928424959999993,0.68302080000000009,-0.66528000000000054,0,3.2000000000000002,0,accelerate,-1
1.5649999999999999,0.23269081377890621,0.67956019453124927,-0.71889187499999796,0,3.2000000000000002,0,accelerate,-1
1.5700000000000001,0.23607940657499996,0.67583261249999982,-0.77206500000000133,0,3.2000000000000002,0,accelerate,-1
1.575,0.23944869873046887,0.67184033203125004,-0.82476562499999728,0,3.2000000000000002,0,accelerate,-1
1.5800000000000001,0.24279737280000002,0.6675857999999999,-0.87696000000000041,0,3.2000000000000002,0,accelerate,-1
1.585,0.24612412399453121,0.66307163203124986,-0.92861437499999999,0,3.2000000000000002,0,accelerate,-1
1.5900000000000001,0.24942766102500011,0.65830061249999949,-0.97969499999999998,0,3.2000000000000002,0,accelerate,-1
1.595,0.25270670694609365,0.6532756945312499,-1.0301681250000017,0,3.2000000000000002,0,accelerate,-1
1.6000000000000001,0.25596000000000008,0.64799999999999947,-1.079999999999997,0,3.2000000000000002,0,accelerate,32
1.605,0.25918629446015617,0.64247681953125002,-1.1291568750000018,0,3.2000000000000002,0,accelerate,-1
1.6100000000000001,0.26238436147500005,0.63670961250000047,-1.1776050000000016,0,3.2000000000000002,0,accelerate,-1
1.615,0.26555298991171855,0.63070200703125034,-1.2253106250000014,0,3.2000000000000002,0,accelerate,-1
1.6200000000000001,0.26869098720000012,0.62445779999999973,-1.2722400000000014,0,3.2000000000000002,0,accelerate,-1
1.625,0.27179718017578125,0.61798095703125,-1.318359375,0,3.2000000000000002,0,accelerate,-1
1.6300000000000001,0.274870415925,0.61127561250000018,-1.3636350000000013,0,3.2000000000000002,0,accelerate,-1
1.635,0.2779095626273439,0.60434606953124959,-1.4080331249999984,0,3.2000000000000002,0,accelerate,-1
1.6400000000000001,0.28091351040000001,0.59719680000000019,-1.4515200000000048,0,3.2000000000000002,0,accelerate,-1
1.645,0.28388117214140629,0.58983244453124994,-1.494061874999999,0,3.2000000000000002,0,accelerate,-1
1.6500000000000001,0.28681148437500015,0.58225781249999942,-1.5356249999999996,0,3.2000000000000002,0,accelerate,33
1.655,0.28970340809296863,0.57447788203125116,-1.5761756250000012,0,3.2000000000000002,0,accelerate,-1
1.6600000000000001,0.2925559296000001,0.56649779999999972,-1.6156800000000038,0,3.2000000000000002,0,accelerate,-1
1.665,0.29536806135703142,0.55832288203124991,-1.6541043749999993,0,3.2000000000000002,0,accelerate,-1
1.6699999999999999,0.29813884282499997,0.54995861250000022,-1.6914149999999983,0,3.2000000000000002,0,accelerate,-1
1.675,0.30086734130859372,0.54141064453124976,-1.7275781250000035,0,3.2000000000000002,0,accelerate,-1
1.6799999999999999,0.30355265280000016,0.53268479999999996,-1.7625599999999988,0,3.2000000000000002,0,accelerate,-1
1.6850000000000001,0.30619390282265635,0.52378706953124987,-1.7963268750000001,0,3.2000000000000002,0,accelerate,-1
1.6899999999999999,0.30879024727500015,0.5147236125000002,-1.8288449999999967,0,3.2000000000000002,0,accelerate,-1
1.6950000000000001,0.31134087327421878,0.50550075703124964,-1.8600806250000019,0,3.2000000000000002,0,accelerate,-1
1.7,0.31384499999999987,0.49612500000000048,-1.8899999999999997,0,3.2000000000000002,0,accelerate,34
1.7050000000000001,0.31630187953828115,0.4866030070312507,-1.9185693750000006,0,3.2000000000000002,0,accelerate,-1
1.71,0.31871079772499983,0.47694161250000056,-1.9457550000000046,0,3.2000000000000002,0,accelerate,-1
1.7150000000000001,0.32107107498984372,0.46714781953125062,-1.9715231250000036,0,3.2000000000000002,0,accelerate,-1
1.72,0.32338206720000018,0.45722880000000043,-1.9958400000000029,0,3.2000000000000002,0,accelerate,-1
1.7250000000000001,0.32564316650390623,0.44719189453124986,-2.0186718749999999,0,3.2000000000000002,0,accelerate,-1
1.73,0.32785380217500004,0.43704461250000004,-2.0399849999999971,0,3.2000000000000002,0,accelerate,-1
1.7350000000000001,0.33001344145546885,0.42679463203125079,-2.0597456249999997,0,3.2000000000000002,0,accelerate,-1
1.74,0.3321215904,0.41644979999999987,-2.0779199999999998,0,3.2000000000000002,0,accelerate,-1
1.7450000000000001,0.33417779471953157,0.40601813203124903,-2.0944743750000052,0,3.2000000000000002,0,accelerate,-1
1.75,0.336181640625,0.3955078125,-2.109375,0,3.2000000000000002,0,accelerate,35
1.7550000000000001,0.3381327556710938,0.38492719453124913,-2.1225881250000054,0,3.2000000000000002,0,accelerate,-1
1.76,0.34003080960000026,0.37428479999999942,-2.13408,0,3.2000000000000002,0,accelerate,-1
1.7650000000000001,0.34187551518515585,0.36358931953125184,-2.1438168750000024,0,3.2000000000000002,0,accelerate,-1
1.77,0.34366662907499995,0.35284961250000002,-2.1517649999999966,0,3.2000000000000002,0,accelerate,-1
1.7750000000000001,0.34540395263671869,0.34207470703124887,-2.1578906250000012,0,3.2000000000000002,0,accelerate,-1
1.78,0.34708733279999965,0.33127380000000128,-2.1621600000000027,0,3.2000000000000002,0,accelerate,-1
1.7850000000000001,0.34871666290078124,0.3204562570312508,-2.1645393750000039,0,3.2000000000000002,0,accelerate,-1
1.79,0.35029188352500013,0.30963161250000093,-2.1649950000000047,0,3.2000000000000002,0,accelerate,-1
1.7949999999999999,0.35181298335234401,0.29880956953124782,-2.1634931249999969,0,3.2000000000000002,0,accelerate,-1
1.8,0.35328000000000015,0.28799999999999959,-2.1600000000000019,0,3.2000000000000002,0,accelerate,36
1.8049999999999999,0.35469302086640619,0.27721294453124901,-2.1544818749999983,0,3.2000000000000002,0,accelerate,-1
1.8100000000000001,0.35605218397499977,0.26645861250000147,-2.1469050000000047,0,3.2000000000000002,0,accelerate,-1
1.8149999999999999,0.35735767881796876,0.25574738203125169,-2.1372356250000024,0,3.2000000000000002,0,accelerate,-1
1.8200000000000001,0.35860974719999961,0.24508980000000169,-2.1254400000000047,0,3.2000000000000002,0,accelerate,-1
1.825,0.35980868408203182,0.23449658203124946,-2.1114843749999981,0,3.2000000000000002,0,accelerate,-1
1.8300000000000001,0.3609548384250002,0.22397861249999895,-2.0953349999999933,0,3.2000000000000002,0,accelerate,-1
1.835,0.36204861403359362,0.21354694453125078,-2.0769581250000062,0,3.2000000000000002,0,accelerate,-1
1.8400000000000001,0.36309047040000003,0.20321279999999953,-2.0563199999999995,0,3.2000000000000002,0,accelerate,-1
1.845,0.36408092354765642,0.1929875695312484,-2.0333868749999997,0,3.2000000000000002,0,accelerate,-1
1.8500000000000001,0.36502054687499985,0.18288281249999994,-2.0081249999999962,0,3.2000000000000002,0,accelerate,37
1.855,0.36590997199921871,0.17291025703124863,-1.9805006249999995,0,3.2000000000000002,0,accelerate,-1
1.8600000000000001,0.3667498895999996,0.16308180000000094,-1.9504799999999936,0,3.2000000000000002,0,accelerate,-1
1.865,0.36754105026328127,0.153409507031252,-1.9180293749999997,0,3.2000000000000002,0,accelerate,-1
1.8700000000000001,0.3682842653250003,0.14390561249999889,-1.8831150000000019,0,3.2000000000000002,0,accelerate,-1
1.875,0.36898040771484375,0.13458251953125,-1.845703125,0,3.2000000000000002,0,accelerate,-1
1.8800000000000001,0.36963041279999981,0.12545279999999837,-1.8057599999999887,0,3.2000000000000002,0,accelerate,-1
1.885,0.37023527922890592,0.11652919453124966,-1.7632518749999999,0,3.2000000000000002,0,accelerate,-1
1.8900000000000001,0.37079606977500035,0.10782461249999953,-1.7181449999999963,0,3.2000000000000002,0,accelerate,-1
1.895,0.37131391218046872,0.099352132031248264,-1.6704056249999883,0,3.2000000000000002,0,accelerate,-1
1.9000000000000001,0.37178999999999995,0.091125000000000789,-1.6200000000000028,0,3.2000000000000002,0,accelerate,38
1.905,0.37222559344453165,0.083156632031249345,-1.5668943749999915,0,3.2000000000000002,0,accelerate,-1
1.9100000000000001,0.37262202022499968,0.075460612500001467,-1.5110550000000025,0,3.2000000000000002,0,accelerate,-1
1.915,0.37298067639609406,0.068050694531250677,-1.452448125000009,0,3.2000000000000002,0,accelerate,-1
1.9199999999999999,0.37330302720000053,0.060940799999997797,-1.3910400000000003,0,3.2000000000000002,0,accelerate,-1
1.925,0.3735906079101563,0.054145019531250949,-1.326796875000003,0,3.2000000000000002,0,accelerate,-1
1.9299999999999999,0.37384502467500047,0.047677612499997579,-1.2596850000000011,0,3.2000000000000002,0,accelerate,-1
1.9350000000000001,0.37406795536171922,0.041553007031248423,-1.1896706250000051,0,3.2000000000000002,0,accelerate,-1
1.9399999999999999,0.37426115039999974,0.035785800000000201,-1.1167200000000044,0,3.2000000000000002,0,accelerate,-1
1.9450000000000001,0.37442643362578165,0.030390757031250271,-1.0407993749999989,0,3.2000000000000002,0,accelerate,-1
1.95,0.37456570312499937,0.025382812500000629,-0.96187499999999915,0,3.2000000000000002,0,accelerate,39
1.9550000000000001,0.37468093207734354,0.020777069531249914,-0.87991312499998919,0,3.2000000000000002,0,accelerate,-1
1.96,0.3747741696000001,0.016588800000001402,-0.79488000000001158,0,3.2000000000000002,0,accelerate,-1
1.9650000000000001,0.37484754159140599,0.012833444531252347,-0.70674187499999697,0,3.2000000000000002,0,accelerate,-1
1.97,0.37490325157499993,0.0095266125000006419,-0.61546500000000393,0,3.2000000000000002,0,accelerate,-1
1.9750000000000001,0.37494358154296914,0.0066840820312474847,-0.52101562500000043,0,3.2000000000000002,0,accelerate,-1
1.98,0.37497089279999973,0.00432179999999871,-0.42335999999999707,0,3.2000000000000002,0,accelerate,-1
1.9850000000000001,0.37498762680703113,0.0024558820312514662,-0.32246437499999914,0,3.2000000000000002,0,accelerate,-1
1.99,0.37499630602500011,0.0011026124999995446,-0.21829500000000124,0,3.2000000000000002,0,accelerate,-1
1.9950000000000001,0.3749995347585936,0.00027844453124936663,-0.11081812500000332,0,3.2000000000000002,0,accelerate,-1
2,0.375,0.75,0,0,3.2000000000000002,0,cruise,40
2.0049999999999999,0.37874999999999992,0.75,0,0,3.2000000000000002,0,cruise,-1
2.0100000000000002,0.38250000000000017,0.75,0,0,3.2000000000000002,0,cruise,-1
2.0150000000000001,0.38625000000000009,0.75,0,0,3.2000000000000002,0,cruise,-1
2.02,0.39000000000000001,0.75,0,0,3.2000000000000002,0,cruise,-1
2.0249999999999999,0.39374999999999993,0.75,0,0,3.2000000000000002,0,cruise,-1
2.0300000000000002,0.39750000000000019,0.75,0,0,3.2000000000000002,0,cruise,-1
2.0350000000000001,0.40125000000000011,0.75,0,0,3.2000000000000002,0,cruise,-1
2.04,0.40500000000000003,0.75,0,0,3.2000000000000002,0,cruise,-1
2.0449999999999999,0.40874999999999995,0.75,0,0,3.2000000000000002,0,cruise,-1
2.0499999999999998,0.41249999999999987,0.75,0,0,3.2000000000000002,0,cruise,41
2.0550000000000002,0.41625000000000012,0.75,0,0,3.2000000000000002,0,cruise,-1
2.0600000000000001,0.42000000000000004,0.75,0,0,3.2000000000000002,0,cruise,-1
2.0649999999999999,0.42374999999999996,0.75,0,0,3.2000000000000002,0,cruise,-1
2.0699999999999998,0.42749999999999988,0.75,0,0,3.2000000000000002,0,cruise,-1
2.0750000000000002,0.43125000000000013,0.75,0,0,3.2000000000000002,0,cruise,-1
2.0800000000000001,0.43500000000000005,0.75,0,0,3.2000000000000002,0,cruise,-1
2.085,0.43874999999999997,0.75,0,0,3.2000000000000002,0,cruise,-1
2.0899999999999999,0.44249999999999989,0.75,0,0,3.2000000000000002,0,cruise,-1
2.0950000000000002,0.44625000000000015,0.75,0,0,3.2000000000000002,0,cruise,-1
2.1000000000000001,0.45000000000000007,0.75,0,0,3.2000000000000002,0,cruise,42
2.105,0.45374999999999999,0.75,0,0,3.2000000000000002,0,cruise,-1
2.1099999999999999,0.45749999999999991,0.75,0,0,3.2000000000000002,0,cruise,-1
2.1150000000000002,0.46125000000000016,0.75,0,0,3.2000000000000002,0,cruise,-1
2.1200000000000001,0.46500000000000008,0.75,0,0,3.2000000000000002,0,cruise,-1
2.125,0.46875,0.75,0,0,3.2000000000000002,0,cruise,-1
2.1299999999999999,0.47249999999999992,0.75,0,0,3.2000000000000002,0,cruise,-1
2.1350000000000002,0.47625000000000017,0.75,0,0,3.2000000000000002,0,cruise,-1
2.1400000000000001,0.48000000000000009,0.75,0,0,3.2000000000000002,0,cruise,-1
2.145,0.48375000000000001,0.75,0,0,3.2000000000000002,0,cruise,-1
2.1499999999999999,0.48749999999999993,0.75,0,0,3.2000000000000002,0,cruise,43
2.1550000000000002,0.49125000000000019,0.75,0,0,3.2000000000000002,0,cruise,-1
2.1600000000000001,0.49500000000000011,0.75,0,0,3.2000000000000002,0,cruise,-1
2.165,0.49875000000000003,0.75,0,0,3.2000000000000002,0,cruise,-1
2.1699999999999999,0.50249999999999995,0.75,0,0,3.2000000000000002,0,cruise,-1
2.1750000000000003,0.5062500000000002,0.75,0,0,3.2000000000000002,0,cruise,-1
2.1800000000000002,0.51000000000000012,0.75,0,0,3.2000000000000002,0,cruise,-1
2.1850000000000001,0.51375000000000004,0.75,0,0,3.2000000000000002,0,cruise,-1
2.1899999999999999,0.51749999999999996,0.75,0,0,3.2000000000000002,0,cruise,-1
2.1949999999999998,0.52124999999999988,0.75,0,0,3.2000000000000002,0,cruise,-1
2.2000000000000002,0.52500000000000013,0.75,0,0,3.2000000000000002,0,cruise,44
2.2050000000000001,0.52875000000000005,0.75,0,0,3.2000000000000002,0,cruise,-1
2.21,0.53249999999999997,0.75,0,0,3.2000000000000002,0,cruise,-1
2.2149999999999999,0.53624999999999989,0.75,0,0,3.2000000000000002,0,cruise,-1
2.2200000000000002,0.54000000000000015,0.75,0,0,3.2000000000000002,0,cruise,-1
2.2250000000000001,0.54375000000000007,0.75,0,0,3.2000000000000002,0,cruise,-1
2.23,0.54749999999999999,0.75,0,0,3.2000000000000002,0,cruise,-1
2.2349999999999999,0.55124999999999991,0.75,0,0,3.2000000000000002,0,cruise,-1
2.2400000000000002,0.55500000000000016,0.75,0,0,3.2000000000000002,0,cruise,-1
2.2450000000000001,0.55875000000000008,0.75,0,0,3.2000000000000002,0,cruise,-1
2.25,0.5625,0.75,0,0,3.2000000000000002,0,cruise,45
2.2549999999999999,0.56624999999999992,0.75,0,0,3.2000000000000002,0,cruise,-1
2.2600000000000002,0.57000000000000017,0.75,0,0,3.2000000000000002,0,cruise,-1
2.2650000000000001,0.57375000000000009,0.75,0,0,3.2000000000000002,0,cruise,-1
2.27,0.57750000000000001,0.75,0,0,3.2000000000000002,0,cruise,-1
2.2749999999999999,0.58124999999999993,0.75,0,0,3.2000000000000002,0,cruise,-1
2.2800000000000002,0.58500000000000019,0.75,0,0,3.2000000000000002,0,cruise,-1
2.2850000000000001,0.58875000000000011,0.75,0,0,3.2000000000000002,0,cruise,-1
2.29,0.59250000000000003,0.75,0,0,3.2000000000000002,0,cruise,-1
2.2949999999999999,0.59624999999999995,0.75,0,0,3.2000000000000002,0,cruise,-1
2.3000000000000003,0.6000000000000002,0.75,0,0,3.2000000000000002,0,cruise,46
2.3050000000000002,0.60375000000000012,0.75,0,0,3.2000000000000002,0,cruise,-1
2.3100000000000001,0.60750000000000004,0.75,0,0,3.2000000000000002,0,cruise,-1
2.3149999999999999,0.61124999999999996,0.75,0,0,3.2000000000000002,0,cruise,-1
2.3199999999999998,0.61499999999999988,0.75,0,0,3.2000000000000002,0,cruise,-1
2.3250000000000002,0.61875000000000013,0.75,0,0,3.2000000000000002,0,cruise,-1
2.3300000000000001,0.62250000000000005,0.75,0,0,3.2000000000000002,0,cruise,-1
2.335,0.62624999999999997,0.75,0,0,3.2000000000000002,0,cruise,-1
2.3399999999999999,0.62999999999999989,0.75,0,0,3.2000000000000002,0,cruise,-1
2.3450000000000002,0.63375000000000015,0.75,0,0,3.2000000000000002,0,cruise,-1
2.3500000000000001,0.63750000000000007,0.75,0,0,3.2000000000000002,0,cruise,47
2.355,0.64124999999999999,0.75,0,0,3.2000000000000002,0,cruise,-1
2.3599999999999999,0.64499999999999991,0.75,0,0,3.2000000000000002,0,cruise,-1
2.3650000000000002,0.64875000000000016,0.75,0,0,3.2000000000000002,0,cruise,-1
2.3700000000000001,0.65250000000000008,0.75,0,0,3.2000000000000002,0,cruise,-1
2.375,0.65625,0.75,0,0,3.2000000000000002,0,cruise,-1
2.3799999999999999,0.65999999999999992,0.75,0,0,3.2000000000000002,0,cruise,-1
2.3850000000000002,0.66375000000000017,0.75,0,0,3.2000000000000002,0,cruise,-1
2.3900000000000001,0.66750000000000009,0.75,0,0,3.2000000000000002,0,cruise,-1
2.395,0.67125000000000001,0.75,0,0,3.2000000000000002,0,cruise,-1
2.3999999999999999,0.67499999999999993,0.75,0,0,3.2000000000000002,0,cruise,48
2.4050000000000002,0.67875000000000019,0.75,0,0,3.2000000000000002,0,cruise,-1
2.4100000000000001,0.68250000000000011,0.75,0,0,3.2000000000000002,0,cruise,-1
2.415,0.68625000000000003,0.75,0,0,3.2000000000000002,0,cruise,-1
2.4199999999999999,0.68999999999999995,0.75,0,0,3.2000000000000002,0,cruise,-1
2.4250000000000003,0.6937500000000002,0.75,0,0,3.2000000000000002,0,cruise,-1
2.4300000000000002,0.69750000000000012,0.75,0,0,3.2000000000000002,0,cruise,-1
2.4350000000000001,0.70125000000000004,0.75,0,0,3.2000000000000002,0,cruise,-1
2.4399999999999999,0.70499999999999996,0.75,0,0,3.2000000000000002,0,cruise,-1
2.4449999999999998,0.70874999999999988,0.75,0,0,3.2000000000000002,0,cruise,-1
2.4500000000000002,0.71250000000000013,0.75,0,0,3.2000000000000002,0,cruise,49
2.4550000000000001,0.71625000000000005,0.75,0,0,3.2000000000000002,0,cruise,-1
2.46,0.71999999999999997,0.75,0,0,3.2000000000000002,0,cruise,-1
2.4649999999999999,0.72374999999999989,0.75,0,0,3.2000000000000002,0,cruise,-1
2.4700000000000002,0.72750000000000015,0.75,0,0,3.2000000000000002,0,cruise,-1
2.4750000000000001,0.73125000000000007,0.75,0,0,3.2000000000000002,0,cruise,-1
2.48,0.73499999999999999,0.75,0,0,3.2000000000000002,0,cruise,-1
2.4849999999999999,0.73874999999999991,0.75,0,0,3.2000000000000002,0,cruise,-1
2.4900000000000002,0.74250000000000016,0.75,0,0,3.2000000000000002,0,cruise,-1
2.4950000000000001,0.74625000000000008,0.75,0,0,3.2000000000000002,0,cruise,-1
2.5,0.75,0.75,0,0,3.2000000000000002,0,cruise,50
2.5049999999999999,0.75374999999999992,0.75,0,0,3.2000000000000002,0,cruise,-1
2.5100000000000002,0.75750000000000017,0.75,0,0,3.2000000000000002,0,cruise,-1
2.5150000000000001,0.76125000000000009,0.75,0,0,3.2000000000000002,0,cruise,-1
2.52,0.76500000000000001,0.75,0,0,3.2000000000000002,0,cruise,-1
2.5249999999999999,0.76874999999999993,0.75,0,0,3.2000000000000002,0,cruise,-1
2.5300000000000002,0.77250000000000019,0.75,0,0,3.2000000000000002,0,cruise,-1
2.5350000000000001,0.77625000000000011,0.75,0,0,3.2000000000000002,0,cruise,-1
2.54,0.78000000000000003,0.75,0,0,3.2000000000000002,0,cruise,-1
2.5449999999999999,0.78374999999999995,0.75,0,0,3.2000000000000002,0,cruise,-1
2.5500000000000003,0.7875000000000002,0.75,0,0,3.2000000000000002,0,cruise,51
2.5550000000000002,0.79125000000000012,0.75,0,0,3.2000000000000002,0,cruise,-1
2.5600000000000001,0.79500000000000004,0.75,0,0,3.2000000000000002,0,cruise,-1
2.5649999999999999,0.79874999999999996,0.75,0,0,3.2000000000000002,0,cruise,-1
2.5699999999999998,0.80249999999999988,0.75,0,0,3.2000000000000002,0,cruise,-1
2.5750000000000002,0.80625000000000013,0.75,0,0,3.2000000000000002,0,cruise,-1
2.5800000000000001,0.81000000000000005,0.75,0,0,3.2000000000000002,0,cruise,-1
2.585,0.81374999999999997,0.75,0,0,3.2000000000000002,0,cruise,-1
2.5899999999999999,0.81749999999999989,0.75,0,0,3.2000000000000002,0,cruise,-1
2.5950000000000002,0.82125000000000015,0.75,0,0,3.2000000000000002,0,cruise,-1
2.6000000000000001,0.82500000000000007,0.75,0,0,3.2000000000000002,0,cruise,52
2.605,0.82874999999999999,0.75,0,0,3.2000000000000002,0,cruise,-1
2.6099999999999999,0.83249999999999991,0.75,0,0,3.2000000000000002,0,cruise,-1
2.6150000000000002,0.83625000000000016,0.75,0,0,3.2000000000000002,0,cruise,-1
2.6200000000000001,0.84000000000000008,0.75,0,0,3.2000000000000002,0,cruise,-1
2.625,0.84375,0.75,0,0,3.2000000000000002,0,cruise,-1
2.6299999999999999,0.84749999999999992,0.75,0,0,3.2000000000000002,0,cruise,-1
2.6350000000000002,0.85125000000000017,0.75,0,0,3.2000000000000002,0,cruise,-1
2.6400000000000001,0.85500000000000009,0.75,0,0,3.2000000000000002,0,cruise,-1
2.645,0.85875000000000001,0.75,0,0,3.2000000000000002,0,cruise,-1
2.6499999999999999,0.86249999999999993,0.75,0,0,3.2000000000000002,0,cruise,53
2.6550000000000002,0.86625000000000019,0.75,0,0,3.2000000000000002,0,cruise,-1
2.6600000000000001,0.87000000000000011,0.75,0,0,3.2000000000000002,0,cruise,-1
2.665,0.87375000000000003,0.75,0,0,3.2000000000000002,0,cruise,-1
2.6699999999999999,0.87749999999999995,0.75,0,0,3.2000000000000002,0,cruise,-1
2.6750000000000003,0.8812500000000002,0.75,0,0,3.2000000000000002,0,cruise,-1
2.6800000000000002,0.88500000000000012,0.75,0,0,3.2000000000000002,0,cruise,-1
2.6850000000000001,0.88875000000000004,0.75,0,0,3.2000000000000002,0,cruise,-1
2.6899999999999999,0.89249999999999996,0.75,0,0,3.2000000000000002,0,cruise,-1
2.6949999999999998,0.89624999999999988,0.75,0,0,3.2000000000000002,0,cruise,-1
2.7000000000000002,0.90000000000000013,0.75,0,0,3.2000000000000002,0,cruise,54
2.7050000000000001,0.90375000000000005,0.75,0,0,3.2000000000000002,0,cruise,-1
2.71,0.90749999999999997,0.75,0,0,3.2000000000000002,0,cruise,-1
2.7149999999999999,0.91124999999999989,0.75,0,0,3.2000000000000002,0,cruise,-1
2.7200000000000002,0.91500000000000015,0.75,0,0,3.2000000000000002,0,cruise,-1
2.7250000000000001,0.91875000000000007,0.75,0,0,3.2000000000000002,0,cruise,-1
2.73,0.92249999999999999,0.75,0,0,3.2000000000000002,0,cruise,-1
2.7349999999999999,0.92624999999999991,0.75,0,0,3.2000000000000002,0,cruise,-1
2.7400000000000002,0.93000000000000016,0.75,0,0,3.2000000000000002,0,cruise,-1
2.7450000000000001,0.93375000000000008,0.75,0,0,3.2000000000000002,0,cruise,-1
2.75,0.9375,0.75,0,0,3.2000000000000002,0,cruise,55
2.7549999999999999,0.94124999999999992,0.75,0,0,3.2000000000000002,0,cruise,-1
2.7600000000000002,0.94500000000000017,0.75,0,0,3.2000000000000002,0,cruise,-1
2.7650000000000001,0.94875000000000009,0.75,0,0,3.2000000000000002,0,cruise,-1
2.77,0.95250000000000001,0.75,0,0,3.2000000000000002,0,cruise,-1
2.7749999999999999,0.95624999999999993,0.75,0,0,3.2000000000000002,0,cruise,-1
2.7800000000000002,0.96000000000000019,0.75,0,0,3.2000000000000002,0,cruise,-1
2.7850000000000001,0.96375000000000011,0.75,0,0,3.2000000000000002,0,cruise,-1
2.79,0.96750000000000003,0.75,0,0,3.2000000000000002,0,cruise,-1
2.7949999999999999,0.97124999999999995,0.75,0,0,3.2000000000000002,0,cruise,-1
2.8000000000000003,0.9750000000000002,0.75,0,0,3.2000000000000002,0,cruise,56
2.8050000000000002,0.97875000000000012,0.75,0,0,3.2000000000000002,0,cruise,-1
2.8100000000000001,0.98250000000000004,0.75,0,0,3.2000000000000002,0,cruise,-1
2.8149999999999999,0.98624999999999996,0.75,0,0,3.2000000000000002,0,cruise,-1
2.8199999999999998,0.98999999999999988,0.75,0,0,3.2000000000000002,0,cruise,-1
2.8250000000000002,0.99375000000000013,0.75,0,0,3.2000000000000002,0,cruise,-1
2.8300000000000001,0.99750000000000005,0.75,0,0,3.2000000000000002,0,cruise,-1
2.835,1.00125,0.75,0,0,3.2000000000000002,0,cruise,-1
2.8399999999999999,1.0049999999999999,0.75,0,0,3.2000000000000002,0,cruise,-1
2.8450000000000002,1.00875,0.75,0,0,3.2000000000000002,0,cruise,-1
2.8500000000000001,1.0125000000000002,0.75,0,0,3.2000000000000002,0,cruise,57
2.855,1.0162499999999999,0.75,0,0,3.2000000000000002,0,cruise,-1
2.8599999999999999,1.02,0.75,0,0,3.2000000000000002,0,cruise,-1
2.8650000000000002,1.0237500000000002,0.75,0,0,3.2000000000000002,0,cruise,-1
2.8700000000000001,1.0275000000000001,0.75,0,0,3.2000000000000002,0,cruise,-1
2.875,1.03125,0.75,0,0,3.2000000000000002,0,cruise,-1
2.8799999999999999,1.0349999999999999,0.75,0,0,3.2000000000000002,0,cruise,-1
2.8850000000000002,1.0387500000000003,0.75,0,0,3.2000000000000002,0,cruise,-1
2.8900000000000001,1.0425,0.75,0,0,3.2000000000000002,0,cruise,-1
2.895,1.0462500000000001,0.75,0,0,3.2000000000000002,0,cruise,-1
2.8999999999999999,1.0499999999999998,0.75,0,0,3.2000000000000002,0,cruise,58
2.9050000000000002,1.0537500000000002,0.75,0,0,3.2000000000000002,0,cruise,-1
2.9100000000000001,1.0575000000000001,0.75,0,0,3.2000000000000002,0,cruise,-1
2.915,1.06125,0.75,0,0,3.2000000000000002,0,cruise,-1
2.9199999999999999,1.0649999999999999,0.75,0,0,3.2000000000000002,0,cruise,-1
2.9250000000000003,1.0687500000000001,0.75,0,0,3.2000000000000002,0,cruise,-1
2.9300000000000002,1.0725000000000002,0.75,0,0,3.2000000000000002,0,cruise,-1
2.9350000000000001,1.0762499999999999,0.75,0,0,3.2000000000000002,0,cruise,-1
2.9399999999999999,1.0800000000000001,0.75,0,0,3.2000000000000002,0,cruise,-1
2.9449999999999998,1.0837499999999998,0.75,0,0,3.2000000000000002,0,cruise,-1
2.9500000000000002,1.0875000000000001,0.75,0,0,3.2000000000000002,0,cruise,59
2.9550000000000001,1.0912500000000001,0.75,0,0,3.2000000000000002,0,cruise,-1
2.96,1.095,0.75,0,0,3.2000000000000002,0,cruise,-1
2.9649999999999999,1.0987499999999999,0.75,0,0,3.2000000000000002,0,cruise,-1
2.9700000000000002,1.1025,0.75,0,0,3.2000000000000002,0,cruise,-1
2.9750000000000001,1.1062500000000002,0.75,0,0,3.2000000000000002,0,cruise,-1
2.98,1.1099999999999999,0.75,0,0,3.2000000000000002,0,cruise,-1
2.9849999999999999,1.11375,0.75,0,0,3.2000000000000002,0,cruise,-1
2.9900000000000002,1.1175000000000002,0.75,0,0,3.2000000000000002,0,cruise,-1
2.9950000000000001,1.1212500000000001,0.75,0,0,3.2000000000000002,0,cruise,-1
3,1.125,0.75,0,0,3.2000000000000002,0,cruise,60
3.0049999999999999,1.1287499999999999,0.75,0,0,3.2000000000000002,0,cruise,-1
3.0100000000000002,1.1325000000000003,0.75,0,0,3.2000000000000002,0,cruise,-1
3.0150000000000001,1.13625,0.75,0,0,3.2000000000000002,0,cruise,-1
3.02,1.1400000000000001,0.75,0,0,3.2000000000000002,0,cruise,-1
3.0249999999999999,1.1437499999999998,0.75,0,0,3.2000000000000002,0,cruise,-1
3.0300000000000002,1.1475000000000002,0.75,0,0,3.2000000000000002,0,cruise,-1
3.0350000000000001,1.1512500000000001,0.75,0,0,3.2000000000000002,0,cruise,-1
3.04,1.155,0.75,0,0,3.2000000000000002,0,cruise,-1
3.0449999999999999,1.1587499999999999,0.75,0,0,3.2000000000000002,0,cruise,-1
3.0500000000000003,1.1625000000000001,0.75,0,0,3.2000000000000002,0,cruise,61
3.0550000000000002,1.1662500000000002,0.75,0,0,3.2000000000000002,0,cruise,-1
3.0600000000000001,1.1699999999999999,0.75,0,0,3.2000000000000002,0,cruise,-1
3.0649999999999999,1.1737500000000001,0.75,0,0,3.2000000000000002,0,cruise,-1
3.0700000000000003,1.1775000000000002,0.75,0,0,3.2000000000000002,0,cruise,-1
3.0750000000000002,1.1812500000000001,0.75,0,0,3.2000000000000002,0,cruise,-1
3.0800000000000001,1.1850000000000001,0.75,0,0,3.2000000000000002,0,cruise,-1
3.085,1.18875,0.75,0,0,3.2000000000000002,0,cruise,-1
3.0899999999999999,1.1924999999999999,0.75,0,0,3.2000000000000002,0,cruise,-1
3.0950000000000002,1.19625,0.75,0,0,3.2000000000000002,0,cruise,-1
3.1000000000000001,1.2000000000000002,0.75,0,0,3.2000000000000002,0,cruise,62
3.105,1.2037499999999999,0.75,0,0,3.2000000000000002,0,cruise,-1
3.1099999999999999,1.2075,0.75,0,0,3.2000000000000002,0,cruise,-1
3.1150000000000002,1.2112500000000002,0.75,0,0,3.2000000000000002,0,cruise,-1
3.1200000000000001,1.2150000000000001,0.75,0,0,3.2000000000000002,0,cruise,-1
3.125,1.21875,0.75,0,0,3.2000000000000002,0,cruise,-1
3.1299999999999999,1.2224999999999999,0.75,0,0,3.2000000000000002,0,cruise,-1
3.1350000000000002,1.2262500000000003,0.75,0,0,3.2000000000000002,0,cruise,-1
3.1400000000000001,1.23,0.75,0,0,3.2000000000000002,0,cruise,-1
3.145,1.2337500000000001,0.75,0,0,3.2000000000000002,0,cruise,-1
3.1499999999999999,1.2374999999999998,0.75,0,0,3.2000000000000002,0,cruise,63
3.1550000000000002,1.2412500000000002,0.75,0,0,3.2000000000000002,0,cruise,-1
3.1600000000000001,1.2450000000000001,0.75,0,0,3.2000000000000002,0,cruise,-1
3.165,1.24875,0.75,0,0,3.2000000000000002,0,cruise,-1
3.1699999999999999,1.2524999999999999,0.75,0,0,3.2000000000000002,0,cruise,-1
3.1750000000000003,1.2562500000000001,0.75,0,0,3.2000000000000002,0,cruise,-1
3.1800000000000002,1.2600000000000002,0.75,0,0,3.2000000000000002,0,cruise,-1
3.1850000000000001,1.2637499999999999,0.75,0,0,3.2000000000000002,0,cruise,-1
3.1899999999999999,1.2675000000000001,0.75,0,0,3.2000000000000002,0,cruise,-1
3.1950000000000003,1.2712500000000002,0.75,0,0,3.2000000000000002,0,cruise,-1
3.2000000000000002,1.2750000000000001,0.75,0,0,3.2000000000000002,0,cruise,64
3.2050000000000001,1.2787500000000001,0.75,0,0,3.2000000000000002,0,cruise,-1
3.21,1.2825,0.75,0,0,3.2000000000000002,0,cruise,-1
3.2149999999999999,1.2862499999999999,0.75,0,0,3.2000000000000002,0,cruise,-1
3.2200000000000002,1.29,0.75,0,0,3.2000000000000002,0,cruise,-1
3.2250000000000001,1.2937500000000002,0.75,0,0,3.2000000000000002,0,cruise,-1
3.23,1.2974999999999999,0.75,0,0,3.2000000000000002,0,cruise,-1
3.2349999999999999,1.30125,0.75,0,0,3.2000000000000002,0,cruise,-1
3.2400000000000002,1.3050000000000002,0.75,0,0,3.2000000000000002,0,cruise,-1
3.2450000000000001,1.3087500000000001,0.75,0,0,3.2000000000000002,0,cruise,-1
3.25,1.3125,0.75,0,0,3.2000000000000002,0,cruise,65
3.2549999999999999,1.3162499999999999,0.75,0,0,3.2000000000000002,0,cruise,-1
3.2600000000000002,1.3200000000000003,0.75,0,0,3.2000000000000002,0,cruise,-1
3.2650000000000001,1.32375,0.75,0,0,3.2000000000000002,0,cruise,-1
3.27,1.3275000000000001,0.75,0,0,3.2000000000000002,0,cruise,-1
3.2749999999999999,1.3312499999999998,0.75,0,0,3.2000000000000002,0,cruise,-1
3.2800000000000002,1.3350000000000002,0.75,0,0,3.2000000000000002,0,cruise,-1
3.2850000000000001,1.3387500000000001,0.75,0,0,3.2000000000000002,0,cruise,-1
3.29,1.3425,0.75,0,0,3.2000000000000002,0,cruise,-1
3.2949999999999999,1.3462499999999999,0.75,0,0,3.2000000000000002,0,cruise,-1
3.3000000000000003,1.3500000000000001,0.75,0,0,3.2000000000000002,0,cruise,66
3.3050000000000002,1.3537500000000002,0.75,0,0,3.2000000000000002,0,cruise,-1
3.3100000000000001,1.3574999999999999,0.75,0,0,3.2000000000000002,0,cruise,-1
3.3149999999999999,1.3612500000000001,0.75,0,0,3.2000000000000002,0,cruise,-1
3.3200000000000003,1.3650000000000002,0.75,0,0,3.2000000000000002,0,cruise,-1
3.3250000000000002,1.3687500000000001,0.75,0,0,3.2000000000000002,0,cruise,-1
3.3300000000000001,1.3725000000000001,0.75,0,0,3.2000000000000002,0,cruise,-1
3.335,1.37625,0.75,0,0,3.2000000000000002,0,cruise,-1
3.3399999999999999,1.3799999999999999,0.75,0,0,3.2000000000000002,0,cruise,-1
3.3450000000000002,1.38375,0.75,0,0,3.2000000000000002,0,cruise,-1
3.3500000000000001,1.3875000000000002,0.75,0,0,3.2000000000000002,0,cruise,67
3.355,1.3912499999999999,0.75,0,0,3.2000000000000002,0,cruise,-1
3.3599999999999999,1.395,0.75,0,0,3.2000000000000002,0,cruise,-1
3.3650000000000002,1.3987500000000002,0.75,0,0,3.2000000000000002,0,cruise,-1
3.3700000000000001,1.4025000000000001,0.75,0,0,3.2000000000000002,0,cruise,-1
3.375,1.40625,0.75,0,0,3.2000000000000002,0,cruise,-1
3.3799999999999999,1.4099999999999999,0.75,0,0,3.2000000000000002,0,cruise,-1
3.3850000000000002,1.4137500000000003,0.75,0,0,3.2000000000000002,0,cruise,-1
3.3900000000000001,1.4175,0.75,0,0,3.2000000000000002,0,cruise,-1
3.395,1.4212500000000001,0.75,0,0,3.2000000000000002,0,cruise,-1
3.3999999999999999,1.4249999999999998,0.75,0,0,3.2000000000000002,0,cruise,68
3.4050000000000002,1.4287500000000002,0.75,0,0,3.2000000000000002,0,cruise,-1
3.4100000000000001,1.4325000000000001,0.75,0,0,3.2000000000000002,0,cruise,-1
3.415,1.43625,0.75,0,0,3.2000000000000002,0,cruise,-1
3.4199999999999999,1.4399999999999999,0.75,0,0,3.2000000000000002,0,cruise,-1
3.4250000000000003,1.4437500000000001,0.75,0,0,3.2000000000000002,0,cruise,-1
3.4300000000000002,1.4475000000000002,0.75,0,0,3.2000000000000002,0,cruise,-1
3.4350000000000001,1.4512499999999999,0.75,0,0,3.2000000000000002,0,cruise,-1
3.4399999999999999,1.4550000000000001,0.75,0,0,3.2000000000000002,0,cruise,-1
3.4450000000000003,1.4587500000000002,0.75,0,0,3.2000000000000002,0,cruise,-1
3.4500000000000002,1.4625000000000001,0.75,0,0,3.2000000000000002,0,cruise,69
3.4550000000000001,1.4662500000000001,0.75,0,0,3.2000000000000002,0,cruise,-1
3.46,1.47,0.75,0,0,3.2000000000000002,0,cruise,-1
3.4649999999999999,1.4737499999999999,0.75,0,0,3.2000000000000002,0,cruise,-1
3.4700000000000002,1.4775,0.75,0,0,3.2000000000000002,0,cruise,-1
3.4750000000000001,1.4812500000000002,0.75,0,0,3.2000000000000002,0,cruise,-1
3.48,1.4849999999999999,0.75,0,0,3.2000000000000002,0,cruise,-1
3.4849999999999999,1.48875,0.75,0,0,3.2000000000000002,0,cruise,-1
3.4900000000000002,1.4925000000000002,0.75,0,0,3.2000000000000002,0,cruise,-1
3.4950000000000001,1.4962500000000001,0.75,0,0,3.2000000000000002,0,cruise,-1
3.5,1.5,0.75,0,0,3.2000000000000002,0,cruise,70
3.5049999999999999,1.5037499999999999,0.75,0,0,3.2000000000000002,0,cruise,-1
3.5100000000000002,1.5075000000000003,0.75,0,0,3.2000000000000002,0,cruise,-1
3.5150000000000001,1.51125,0.75,0,0,3.2000000000000002,0,cruise,-1
3.52,1.5150000000000001,0.75,0,0,3.2000000000000002,0,cruise,-1
3.5249999999999999,1.5187499999999998,0.75,0,0,3.2000000000000002,0,cruise,-1
3.5300000000000002,1.5225000000000002,0.75,0,0,3.2000000000000002,0,cruise,-1
3.5350000000000001,1.5262500000000001,0.75,0,0,3.2000000000000002,0,cruise,-1
3.54,1.53,0.75,0,0,3.2000000000000002,0,cruise,-1
3.5449999999999999,1.5337499999999999,0.75,0,0,3.2000000000000002,0,cruise,-1
3.5500000000000003,1.5375000000000001,0.75,0,0,3.2000000000000002,0,cruise,71
3.5550000000000002,1.5412500000000002,0.75,0,0,3.2000000000000002,0,cruise,-1
3.5600000000000001,1.5449999999999999,0.75,0,0,3.2000000000000002,0,cruise,-1
3.5649999999999999,1.5487500000000001,0.75,0,0,3.2000000000000002,0,cruise,-1
3.5700000000000003,1.5525000000000002,0.75,0,0,3.2000000000000002,0,cruise,-1
3.5750000000000002,1.5562500000000001,0.75,0,0,3.2000000000000002,0,cruise,-1
3.5800000000000001,1.5600000000000001,0.75,0,0,3.2000000000000002,0,cruise,-1
3.585,1.56375,0.75,0,0,3.2000000000000002,0,cruise,-1
3.5899999999999999,1.5674999999999999,0.75,0,0,3.2000000000000002,0,cruise,-1
3.5950000000000002,1.57125,0.75,0,0,3.2000000000000002,0,cruise,-1
3.6000000000000001,1.5750000000000002,0.75,0,0,3.2000000000000002,0,cruise,72
3.605,1.5787499999999999,0.75,0,0,3.2000000000000002,0,cruise,-1
3.6099999999999999,1.5825,0.75,0,0,3.2000000000000002,0,cruise,-1
3.6150000000000002,1.5862500000000002,0.75,0,0,3.2000000000000002,0,cruise,-1
3.6200000000000001,1.5900000000000001,0.75,0,0,3.2000000000000002,0,cruise,-1
3.625,1.59375,0.75,0,0,3.2000000000000002,0,cruise,-1
3.6299999999999999,1.5974999999999999,0.75,0,0,3.2000000000000002,0,cruise,-1
3.6350000000000002,1.6012500000000003,0.75,0,0,3.2000000000000002,0,cruise,-1
3.6400000000000001,1.605,0.75,0,0,3.2000000000000002,0,cruise,-1
3.645,1.6087500000000001,0.75,0,0,3.2000000000000002,0,cruise,-1
3.6499999999999999,1.6124999999999998,0.75,0,0,3.2000000000000002,0,cruise,73
3.6550000000000002,1.6162500000000002,0.75,0,0,3.2000000000000002,0,cruise,-1
3.6600000000000001,1.6200000000000001,0.75,0,0,3.2000000000000002,0,cruise,-1
3.665,1.62375,0.75,0,0,3.2000000000000002,0,cruise,-1
3.6699999999999999,1.6274999999999999,0.75,0,0,3.2000000000000002,0,cruise,-1
3.6750000000000003,1.6312500000000001,0.75,0,0,3.2000000000000002,0,cruise,-1
3.6800000000000002,1.6350000000000002,0.75,0,0,3.2000000000000002,0,cruise,-1
3.6850000000000001,1.6387499999999999,0.75,0,0,3.2000000000000002,0,cruise,-1
3.6899999999999999,1.6425000000000001,0.75,0,0,3.2000000000000002,0,cruise,-1
3.6950000000000003,1.6462500000000002,0.75,0,0,3.2000000000000002,0,cruise,-1
3.7000000000000002,1.6500000000000001,0.75,0,0,3.2000000000000002,0,cruise,74
3.7050000000000001,1.6537500000000001,0.75,0,0,3.2000000000000002,0,cruise,-1
3.71,1.6575,0.75,0,0,3.2000000000000002,0,cruise,-1
3.7149999999999999,1.6612499999999999,0.75,0,0,3.2000000000000002,0,cruise,-1
3.7200000000000002,1.665,0.75,0,0,3.2000000000000002,0,cruise,-1
3.7250000000000001,1.6687500000000002,0.75,0,0,3.2000000000000002,0,cruise,-1
3.73,1.6724999999999999,0.75,0,0,3.2000000000000002,0,cruise,-1
3.7349999999999999,1.67625,0.75,0,0,3.2000000000000002,0,cruise,-1
3.7400000000000002,1.6800000000000002,0.75,0,0,3.2000000000000002,0,cruise,-1
3.7450000000000001,1.6837500000000001,0.75,0,0,3.2000000000000002,0,cruise,-1
3.75,1.6875,0.75,0,0,3.2000000000000002,0,cruise,75
3.7549999999999999,1.6912499999999999,0.75,0,0,3.2000000000000002,0,cruise,-1
3.7600000000000002,1.6950000000000003,0.75,0,0,3.2000000000000002,0,cruise,-1
3.7650000000000001,1.69875,0.75,0,0,3.2000000000000002,0,cruise,-1
3.77,1.7025000000000001,0.75,0,0,3.2000000000000002,0,cruise,-1
3.7749999999999999,1.7062499999999998,0.75,0,0,3.2000000000000002,0,cruise,-1
3.7800000000000002,1.7100000000000002,0.75,0,0,3.2000000000000002,0,cruise,-1
3.7850000000000001,1.7137500000000001,0.75,0,0,3.2000000000000002,0,cruise,-1
3.79,1.7175,0.75,0,0,3.2000000000000002,0,cruise,-1
3.7949999999999999,1.7212499999999999,0.75,0,0,3.2000000000000002,0,cruise,-1
3.8000000000000003,1.7250000000000001,0.75,0,0,3.2000000000000002,0,cruise,76
3.8050000000000002,1.7287500000000002,0.75,0,0,3.2000000000000002,0,cruise,-1
3.8100000000000001,1.7324999999999999,0.75,0,0,3.2000000000000002,0,cruise,-1
3.8149999999999999,1.7362500000000001,0.75,0,0,3.2000000000000002,0,cruise,-1
3.8200000000000003,1.7400000000000002,0.75,0,0,3.2000000000000002,0,cruise,-1
3.8250000000000002,1.7437500000000001,0.75,0,0,3.2000000000000002,0,cruise,-1
3.8300000000000001,1.7475000000000001,0.75,0,0,3.2000000000000002,0,cruise,-1
3.835,1.75125,0.75,0,0,3.2000000000000002,0,cruise,-1
3.8399999999999999,1.7549999999999999,0.75,0,0,3.2000000000000002,0,cruise,-1
3.8450000000000002,1.75875,0.75,0,0,3.2000000000000002,0,cruise,-1
3.8500000000000001,1.7625000000000002,0.75,0,0,3.2000000000000002,0,cruise,77
3.855,1.7662499999999999,0.75,0,0,3.2000000000000002,0,cruise,-1
3.8599999999999999,1.77,0.75,0,0,3.2000000000000002,0,cruise,-1
3.8650000000000002,1.7737500000000002,0.75,0,0,3.2000000000000002,0,cruise,-1
3.8700000000000001,1.7775000000000001,0.75,0,0,3.2000000000000002,0,cruise,-1
3.875,1.78125,0.75,0,0,3.2000000000000002,0,cruise,-1
3.8799999999999999,1.7849999999999999,0.75,0,0,3.2000000000000002,0,cruise,-1
3.8850000000000002,1.7887500000000003,0.75,0,0,3.2000000000000002,0,cruise,-1
3.8900000000000001,1.7925,0.75,0,0,3.2000000000000002,0,cruise,-1
3.895,1.7962500000000001,0.75,0,0,3.2000000000000002,0,cruise,-1
3.8999999999999999,1.7999999999999998,0.75,0,0,3.2000000000000002,0,cruise,78
3.9050000000000002,1.8037500000000002,0.75,0,0,3.2000000000000002,0,cruise,-1
3.9100000000000001,1.8075000000000001,0.75,0,0,3.2000000000000002,0,cruise,-1
3.915,1.81125,0.75,0,0,3.2000000000000002,0,cruise,-1
3.9199999999999999,1.8149999999999999,0.75,0,0,3.2000000000000002,0,cruise,-1
3.9250000000000003,1.8187500000000001,0.75,0,0,3.2000000000000002,0,cruise,-1
3.9300000000000002,1.8225000000000002,0.75,0,0,3.2000000000000002,0,cruise,-1
3.9350000000000001,1.8262499999999999,0.75,0,0,3.2000000000000002,0,cruise,-1
3.9399999999999999,1.8300000000000001,0.75,0,0,3.2000000000000002,0,cruise,-1
3.9450000000000003,1.8337500000000002,0.75,0,0,3.2000000000000002,0,cruise,-1
3.9500000000000002,1.8375000000000001,0.75,0,0,3.2000000000000002,0,cruise,79
3.9550000000000001,1.8412500000000001,0.75,0,0,3.2000000000000002,0,cruise,-1
3.96,1.845,0.75,0,0,3.2000000000000002,0,cruise,-1
3.9650000000000003,1.8487500000000003,0.75,0,0,3.2000000000000002,0,cruise,-1
3.9700000000000002,1.8525,0.75,0,0,3.2000000000000002,0,cruise,-1
3.9750000000000001,1.8562500000000002,0.75,0,0,3.2000000000000002,0,cruise,-1
3.98,1.8599999999999999,0.75,0,0,3.2000000000000002,0,cruise,-1
3.9849999999999999,1.86375,0.75,0,0,3.2000000000000002,0,cruise,-1
3.9900000000000002,1.8675000000000002,0.75,0,0,3.2000000000000002,0,cruise,-1
3.9950000000000001,1.8712500000000001,0.75,0,0,3.2000000000000002,0,cruise,-1
4,1.875,0.75,0,0,3.2000000000000002,0,cruise,80
4.0049999999999999,1.8787499999999999,0.75,0,0,3.2000000000000002,0,cruise,-1
4.0099999999999998,1.8824999999999998,0.75,0,0,3.2000000000000002,0,cruise,-1
4.0149999999999997,1.8862499999999998,0.75,0,0,3.2000000000000002,0,cruise,-1
4.0200000000000005,1.8900000000000003,0.75,0,0,3.2000000000000002,0,cruise,-1
4.0250000000000004,1.8937500000000003,0.75,0,0,3.2000000000000002,0,cruise,-1
4.0300000000000002,1.8975000000000002,0.75,0,0,3.2000000000000002,0,cruise,-1
4.0350000000000001,1.9012500000000001,0.75,0,0,3.2000000000000002,0,cruise,-1
4.04,1.905,0.75,0,0,3.2000000000000002,0,cruise,-1
4.0449999999999999,1.9087499999999999,0.75,0,0,3.2000000000000002,0,cruise,-1
4.0499999999999998,1.9124999999999999,0.75,0,0,3.2000000000000002,0,cruise,81
4.0549999999999997,1.9162499999999998,0.75,0,0,3.2000000000000002,0,cruise,-1
4.0600000000000005,1.9200000000000004,0.75,0,0,3.2000000000000002,0,cruise,-1
4.0650000000000004,1.9237500000000003,0.75,0,0,3.2000000000000002,0,cruise,-1
4.0700000000000003,1.9275000000000002,0.75,0,0,3.2000000000000002,0,cruise,-1
4.0750000000000002,1.9312500000000001,0.75,0,0,3.2000000000000002,0,cruise,-1
4.0800000000000001,1.9350000000000001,0.75,0,0,3.2000000000000002,0,cruise,-1
4.085,1.93875,0.75,0,0,3.2000000000000002,0,cruise,-1
4.0899999999999999,1.9424999999999999,0.75,0,0,3.2000000000000002,0,cruise,-1
4.0949999999999998,1.9462499999999998,0.75,0,0,3.2000000000000002,0,cruise,-1
4.0999999999999996,1.9499999999999997,0.75,0,0,3.2000000000000002,0,cruise,82
4.1050000000000004,1.9537500000000003,0.75,0,0,3.2000000000000002,0,cruise,-1
4.1100000000000003,1.9575000000000002,0.75,0,0,3.2000000000000002,0,cruise,-1
4.1150000000000002,1.9612500000000002,0.75,0,0,3.2000000000000002,0,cruise,-1
4.1200000000000001,1.9650000000000001,0.75,0,0,3.2000000000000002,0,cruise,-1
4.125,1.96875,0.75,0,0,3.2000000000000002,0,cruise,-1
4.1299999999999999,1.9724999999999999,0.75,0,0,3.2000000000000002,0,cruise,-1
4.1349999999999998,1.9762499999999998,0.75,0,0,3.2000000000000002,0,cruise,-1
4.1399999999999997,1.9799999999999998,0.75,0,0,3.2000000000000002,0,cruise,-1
4.1450000000000005,1.9837500000000003,0.75,0,0,3.2000000000000002,0,cruise,-1
4.1500000000000004,1.9875000000000003,0.75,0,0,3.2000000000000002,0,cruise,83
4.1550000000000002,1.9912500000000002,0.75,0,0,3.2000000000000002,0,cruise,-1
4.1600000000000001,1.9950000000000001,0.75,0,0,3.2000000000000002,0,cruise,-1
4.165,1.99875,0.75,0,0,3.2000000000000002,0,cruise,-1
4.1699999999999999,2.0024999999999999,0.75,0,0,3.2000000000000002,0,cruise,-1
4.1749999999999998,2.0062499999999996,0.75,0,0,3.2000000000000002,0,cruise,-1
4.1799999999999997,2.0099999999999998,0.75,0,0,3.2000000000000002,0,cruise,-1
4.1850000000000005,2.0137500000000004,0.75,0,0,3.2000000000000002,0,cruise,-1
4.1900000000000004,2.0175000000000001,0.75,0,0,3.2000000000000002,0,cruise,-1
4.1950000000000003,2.0212500000000002,0.75,0,0,3.2000000000000002,0,cruise,-1
4.2000000000000002,2.0250000000000004,0.75,0,0,3.2000000000000002,0,cruise,84
4.2050000000000001,2.0287500000000001,0.75,0,0,3.2000000000000002,0,cruise,-1
4.21,2.0324999999999998,0.75,0,0,3.2000000000000002,0,cruise,-1
4.2149999999999999,2.0362499999999999,0.75,0,0,3.2000000000000002,0,cruise,-1
4.2199999999999998,2.04,0.75,0,0,3.2000000000000002,0,cruise,-1
4.2249999999999996,2.0437499999999997,0.75,0,0,3.2000000000000002,0,cruise,-1
4.2300000000000004,2.0475000000000003,0.75,0,0,3.2000000000000002,0,cruise,-1
4.2350000000000003,2.0512500000000005,0.75,0,0,3.2000000000000002,0,cruise,-1
4.2400000000000002,2.0550000000000002,0.75,0,0,3.2000000000000002,0,cruise,-1
4.2450000000000001,2.0587499999999999,0.75,0,0,3.2000000000000002,0,cruise,-1
4.25,2.0625,0.75,0,0,3.2000000000000002,0,cruise,85
4.2549999999999999,2.0662500000000001,0.75,0,0,3.2000000000000002,0,cruise,-1
4.2599999999999998,2.0699999999999998,0.75,0,0,3.2000000000000002,0,cruise,-1
4.2649999999999997,2.0737499999999995,0.75,0,0,3.2000000000000002,0,cruise,-1
4.2700000000000005,2.0775000000000006,0.75,0,0,3.2000000000000002,0,cruise,-1
4.2750000000000004,2.0812500000000003,0.75,0,0,3.2000000000000002,0,cruise,-1
4.2800000000000002,2.085,0.75,0,0,3.2000000000000002,0,cruise,-1
4.2850000000000001,2.0887500000000001,0.75,0,0,3.2000000000000002,0,cruise,-1
4.29,2.0925000000000002,0.75,0,0,3.2000000000000002,0,cruise,-1
4.2949999999999999,2.0962499999999999,0.75,0,0,3.2000000000000002,0,cruise,-1
4.2999999999999998,2.0999999999999996,0.75,0,0,3.2000000000000002,0,cruise,86
4.3049999999999997,2.1037499999999998,0.75,0,0,3.2000000000000002,0,cruise,-1
4.3100000000000005,2.1075000000000004,0.75,0,0,3.2000000000000002,0,cruise,-1
4.3150000000000004,2.1112500000000001,0.75,0,0,3.2000000000000002,0,cruise,-1
4.3200000000000003,2.1150000000000002,0.75,0,0,3.2000000000000002,0,cruise,-1
4.3250000000000002,2.1187500000000004,0.75,0,0,3.2000000000000002,0,cruise,-1
4.3300000000000001,2.1225000000000001,0.75,0,0,3.2000000000000002,0,cruise,-1
4.335,2.1262499999999998,0.75,0,0,3.2000000000000002,0,cruise,-1
4.3399999999999999,2.1299999999999999,0.75,0,0,3.2000000000000002,0,cruise,-1
4.3449999999999998,2.13375,0.75,0,0,3.2000000000000002,0,cruise,-1
4.3500000000000005,2.1375000000000002,0.75,0,0,3.2000000000000002,0,cruise,87
4.3550000000000004,2.1412500000000003,0.75,0,0,3.2000000000000002,0,cruise,-1
4.3600000000000003,2.1450000000000005,0.75,0,0,3.2000000000000002,0,cruise,-1
4.3650000000000002,2.1487500000000002,0.75,0,0,3.2000000000000002,0,cruise,-1
4.3700000000000001,2.1524999999999999,0.75,0,0,3.2000000000000002,0,cruise,-1
4.375,2.15625,0.75,0,0,3.2000000000000002,0,cruise,-1
4.3799999999999999,2.1600000000000001,0.75,0,0,3.2000000000000002,0,cruise,-1
4.3849999999999998,2.1637499999999998,0.75,0,0,3.2000000000000002,0,cruise,-1
4.3899999999999997,2.1674999999999995,0.75,0,0,3.2000000000000002,0,cruise,-1
4.3950000000000005,2.1712500000000006,0.75,0,0,3.2000000000000002,0,cruise,-1
4.4000000000000004,2.1750000000000003,0.75,0,0,3.2000000000000002,0,cruise,88
4.4050000000000002,2.17875,0.75,0,0,3.2000000000000002,0,cruise,-1
4.4100000000000001,2.1825000000000001,0.75,0,0,3.2000000000000002,0,cruise,-1
4.415,2.1862500000000002,0.75,0,0,3.2000000000000002,0,cruise,-1
4.4199999999999999,2.1899999999999999,0.75,0,0,3.2000000000000002,0,cruise,-1
4.4249999999999998,2.1937499999999996,0.75,0,0,3.2000000000000002,0,cruise,-1
4.4299999999999997,2.1974999999999998,0.75,0,0,3.2000000000000002,0,cruise,-1
4.4350000000000005,2.2012500000000004,0.75,0,0,3.2000000000000002,0,cruise,-1
4.4400000000000004,2.2050000000000001,0.75,0,0,3.2000000000000002,0,cruise,-1
4.4450000000000003,2.2087500000000002,0.75,0,0,3.2000000000000002,0,cruise,-1
4.4500000000000002,2.2125000000000004,0.75,0,0,3.2000000000000002,0,cruise,89
4.4550000000000001,2.2162500000000001,0.75,0,0,3.2000000000000002,0,cruise,-1
4.46,2.2199999999999998,0.75,0,0,3.2000000000000002,0,cruise,-1
4.4649999999999999,2.2237499999999999,0.75,0,0,3.2000000000000002,0,cruise,-1
4.4699999999999998,2.2275,0.75,0,0,3.2000000000000002,0,cruise,-1
4.4750000000000005,2.2312500000000002,0.75,0,0,3.2000000000000002,0,cruise,-1
4.4800000000000004,2.2350000000000003,0.75,0,0,3.2000000000000002,0,cruise,-1
4.4850000000000003,2.2387500000000005,0.75,0,0,3.2000000000000002,0,cruise,-1
4.4900000000000002,2.2425000000000002,0.75,0,0,3.2000000000000002,0,cruise,-1
4.4950000000000001,2.2462499999999999,0.75,0,0,3.2000000000000002,0,cruise,-1
4.5,2.25,0.75,0,0,3.2000000000000002,0,cruise,90
4.5049999999999999,2.2537500000000001,0.75,0,0,3.2000000000000002,0,cruise,-1
4.5099999999999998,2.2574999999999998,0.75,0,0,3.2000000000000002,0,cruise,-1
4.5149999999999997,2.2612499999999995,0.75,0,0,3.2000000000000002,0,cruise,-1
4.5200000000000005,2.2650000000000006,0.75,0,0,3.2000000000000002,0,cruise,-1
4.5250000000000004,2.2687500000000003,0.75,0,0,3.2000000000000002,0,cruise,-1
4.5300000000000002,2.2725,0.75,0,0,3.2000000000000002,0,cruise,-1
4.5350000000000001,2.2762500000000001,0.75,0,0,3.2000000000000002,0,cruise,-1
4.54,2.2800000000000002,0.75,0,0,3.2000000000000002,0,cruise,-1
4.5449999999999999,2.2837499999999999,0.75,0,0,3.2000000000000002,0,cruise,-1
4.5499999999999998,2.2874999999999996,0.75,0,0,3.2000000000000002,0,cruise,91
4.5549999999999997,2.2912499999999998,0.75,0,0,3.2000000000000002,0,cruise,-1
4.5600000000000005,2.2950000000000004,0.75,0,0,3.2000000000000002,0,cruise,-1
4.5650000000000004,2.2987500000000001,0.75,0,0,3.2000000000000002,0,cruise,-1
4.5700000000000003,2.3025000000000002,0.75,0,0,3.2000000000000002,0,cruise,-1
4.5750000000000002,2.3062500000000004,0.75,0,0,3.2000000000000002,0,cruise,-1
4.5800000000000001,2.3100000000000001,0.75,0,0,3.2000000000000002,0,cruise,-1
4.585,2.3137499999999998,0.75,0,0,3.2000000000000002,0,cruise,-1
4.5899999999999999,2.3174999999999999,0.75,0,0,3.2000000000000002,0,cruise,-1
4.5949999999999998,2.32125,0.75,0,0,3.2000000000000002,0,cruise,-1
4.6000000000000005,2.3250000000000002,0.75,0,0,3.2000000000000002,0,cruise,92
4.6050000000000004,2.3287500000000003,0.75,0,0,3.2000000000000002,0,cruise,-1
4.6100000000000003,2.3325000000000005,0.75,0,0,3.2000000000000002,0,cruise,-1
4.6150000000000002,2.3362500000000002,0.75,0,0,3.2000000000000002,0,cruise,-1
4.6200000000000001,2.3399999999999999,0.75,0,0,3.2000000000000002,0,cruise,-1
4.625,2.34375,0.75,0,0,3.2000000000000002,0,cruise,-1
4.6299999999999999,2.3475000000000001,0.75,0,0,3.2000000000000002,0,cruise,-1
4.6349999999999998,2.3512499999999998,0.75,0,0,3.2000000000000002,0,cruise,-1
4.6399999999999997,2.3549999999999995,0.75,0,0,3.2000000000000002,0,cruise,-1
4.6450000000000005,2.3587500000000006,0.75,0,0,3.2000000000000002,0,cruise,-1
4.6500000000000004,2.3625000000000003,0.75,0,0,3.2000000000000002,0,cruise,93
4.6550000000000002,2.36625,0.75,0,0,3.2000000000000002,0,cruise,-1
4.6600000000000001,2.3700000000000001,0.75,0,0,3.2000000000000002,0,cruise,-1
4.665,2.3737500000000002,0.75,0,0,3.2000000000000002,0,cruise,-1
4.6699999999999999,2.3774999999999999,0.75,0,0,3.2000000000000002,0,cruise,-1
4.6749999999999998,2.3812499999999996,0.75,0,0,3.2000000000000002,0,cruise,-1
4.6799999999999997,2.3849999999999998,0.75,0,0,3.2000000000000002,0,cruise,-1
4.6850000000000005,2.3887500000000004,0.75,0,0,3.2000000000000002,0,cruise,-1
4.6900000000000004,2.3925000000000001,0.75,0,0,3.2000000000000002,0,cruise,-1
4.6950000000000003,2.3962500000000002,0.75,0,0,3.2000000000000002,0,cruise,-1
4.7000000000000002,2.4000000000000004,0.75,0,0,3.2000000000000002,0,cruise,94
4.7050000000000001,2.4037500000000001,0.75,0,0,3.2000000000000002,0,cruise,-1
4.71,2.4074999999999998,0.75,0,0,3.2000000000000002,0,cruise,-1
4.7149999999999999,2.4112499999999999,0.75,0,0,3.2000000000000002,0,cruise,-1
4.7199999999999998,2.415,0.75,0,0,3.2000000000000002,0,cruise,-1
4.7250000000000005,2.4187500000000002,0.75,0,0,3.2000000000000002,0,cruise,-1
4.7300000000000004,2.4225000000000003,0.75,0,0,3.2000000000000002,0,cruise,-1
4.7350000000000003,2.4262500000000005,0.75,0,0,3.2000000000000002,0,cruise,-1
4.7400000000000002,2.4300000000000002,0.75,0,0,3.2000000000000002,0,cruise,-1
4.7450000000000001,2.4337499999999999,0.75,0,0,3.2000000000000002,0,cruise,-1
4.75,2.4375,0.75,0,0,3.2000000000000002,0,cruise,95
4.7549999999999999,2.4412500000000001,0.75,0,0,3.2000000000000002,0,cruise,-1
4.7599999999999998,2.4449999999999998,0.75,0,0,3.2000000000000002,0,cruise,-1
4.7649999999999997,2.4487499999999995,0.75,0,0,3.2000000000000002,0,cruise,-1
4.7700000000000005,2.4525000000000006,0.75,0,0,3.2000000000000002,0,cruise,-1
4.7750000000000004,2.4562500000000003,0.75,0,0,3.2000000000000002,0,cruise,-1
4.7800000000000002,2.46,0.75,0,0,3.2000000000000002,0,cruise,-1
4.7850000000000001,2.4637500000000001,0.75,0,0,3.2000000000000002,0,cruise,-1
4.79,2.4675000000000002,0.75,0,0,3.2000000000000002,0,cruise,-1
4.7949999999999999,2.4712499999999999,0.75,0,0,3.2000000000000002,0,cruise,-1
4.7999999999999998,2.4749999999999996,0.75,0,0,3.2000000000000002,0,cruise,96
4.8049999999999997,2.4787499999999998,0.75,0,0,3.2000000000000002,0,cruise,-1
4.8100000000000005,2.4825000000000004,0.75,0,0,3.2000000000000002,0,cruise,-1
4.8150000000000004,2.4862500000000001,0.75,0,0,3.2000000000000002,0,cruise,-1
4.8200000000000003,2.4900000000000002,0.75,0,0,3.2000000000000002,0,cruise,-1
4.8250000000000002,2.4937500000000004,0.75,0,0,3.2000000000000002,0,cruise,-1
4.8300000000000001,2.4975000000000001,0.75,0,0,3.2000000000000002,0,cruise,-1
4.835,2.5012499999999998,0.75,0,0,3.2000000000000002,0,cruise,-1
4.8399999999999999,2.5049999999999999,0.75,0,0,3.2000000000000002,0,cruise,-1
4.8449999999999998,2.50875,0.75,0,0,3.2000000000000002,0,cruise,-1
4.8500000000000005,2.5125000000000002,0.75,0,0,3.2000000000000002,0,cruise,97
4.8550000000000004,2.5162500000000003,0.75,0,0,3.2000000000000002,0,cruise,-1
4.8600000000000003,2.5200000000000005,0.75,0,0,3.2000000000000002,0,cruise,-1
4.8650000000000002,2.5237500000000002,0.75,0,0,3.2000000000000002,0,cruise,-1
4.8700000000000001,2.5274999999999999,0.75,0,0,3.2000000000000002,0,cruise,-1
4.875,2.53125,0.75,0,0,3.2000000000000002,0,cruise,-1
4.8799999999999999,2.5350000000000001,0.75,0,0,3.2000000000000002,0,cruise,-1
4.8849999999999998,2.5387499999999998,0.75,0,0,3.2000000000000002,0,cruise,-1
4.8899999999999997,2.5424999999999995,0.75,0,0,3.2000000000000002,0,cruise,-1
4.8950000000000005,2.5462500000000006,0.75,0,0,3.2000000000000002,0,cruise,-1
4.9000000000000004,2.5500000000000003,0.75,0,0,3.2000000000000002,0,cruise,98
4.9050000000000002,2.55375,0.75,0,0,3.2000000000000002,0,cruise,-1
4.9100000000000001,2.5575000000000001,0.75,0,0,3.2000000000000002,0,cruise,-1
4.915,2.5612500000000002,0.75,0,0,3.2000000000000002,0,cruise,-1
4.9199999999999999,2.5649999999999999,0.75,0,0,3.2000000000000002,0,cruise,-1
4.9249999999999998,2.5687499999999996,0.75,0,0,3.2000000000000002,0,cruise,-1
4.9299999999999997,2.5724999999999998,0.75,0,0,3.2000000000000002,0,cruise,-1
4.9350000000000005,2.5762500000000004,0.75,0,0,3.2000000000000002,0,cruise,-1
4.9400000000000004,2.5800000000000001,0.75,0,0,3.2000000000000002,0,cruise,-1
4.9450000000000003,2.5837500000000002,0.75,0,0,3.2000000000000002,0,cruise,-1
4.9500000000000002,2.5875000000000004,0.75,0,0,3.2000000000000002,0,cruise,99
4.9550000000000001,2.5912500000000001,0.75,0,0,3.2000000000000002,0,cruise,-1
4.96,2.5949999999999998,0.75,0,0,3.2000000000000002,0,cruise,-1
4.9649999999999999,2.5987499999999999,0.75,0,0,3.2000000000000002,0,cruise,-1
4.9699999999999998,2.6025,0.75,0,0,3.2000000000000002,0,cruise,-1
4.9750000000000005,2.6062500000000002,0.75,0,0,3.2000000000000002,0,cruise,-1
4.9800000000000004,2.6100000000000003,0.75,0,0,3.2000000000000002,0,cruise,-1
4.9850000000000003,2.6137500000000005,0.75,0,0,3.2000000000000002,0,cruise,-1
4.9900000000000002,2.6175000000000002,0.75,0,0,3.2000000000000002,0,cruise,-1
4.9950000000000001,2.6212499999999999,0.75,0,0,3.2000000000000002,0,cruise,-1
5,2.625,0.75,-0,0,3.2000000000000002,0,decelerate,100
5.0049999999999999,2.6250004652414063,0.74972155546874997,-0.11081812499999769,0,3.2000000000000002,0,decelerate,-1
5.0099999999999998,2.6250036939750001,0.74889738750000001,-0.21829499999999549,0,3.2000000000000002,0,decelerate,-1
5.0149999999999997,2.6250123731929689,0.74754411796875009,-0.32246437499999342,0,3.2000000000000002,0,decelerate,-1
5.0200000000000005,2.6250291072,0.74567819999999985,-0.42336000000000917,0,3.2000000000000002,0,decelerate,-1
5.0250000000000004,2.6250564184570311,0.74331591796874985,-0.52101562500000687,0,3.2000000000000002,0,decelerate,-1
5.0300000000000002,2.6250967484249998,0.7404733874999998,-0.6154650000000047,0,3.2000000000000002,0,decelerate,-1
5.0350000000000001,2.6251524584085937,0.73716655546874987,-0.70674187500000252,0,3.2000000000000002,0,decelerate,-1
5.04,2.6252258303999998,0.73341119999999993,-0.79488000000000059,0,3.2000000000000002,0,decelerate,-1
5.0449999999999999,2.6253190679226561,0.72922293046875009,-0.87991312499999885,0,3.2000000000000002,0,decelerate,-1
5.0499999999999998,2.625434296875,0.72461718750000015,-0.96187499999999715,0,3.2000000000000002,0,decelerate,101
5.0549999999999997,2.6255735663742188,0.71960924296875028,-1.0407993749999955,0,3.2000000000000002,0,decelerate,-1
5.0600000000000005,2.6257388495999998,0.71421419999999947,-1.1167200000000075,0,3.2000000000000002,0,decelerate,-1
5.0650000000000004,2.6259320446382812,0.70844699296874958,-1.1896706250000055,0,3.2000000000000002,0,decelerate,-1
5.0700000000000003,2.626154975325,0.70232238749999965,-1.2596850000000039,0,3.2000000000000002,0,decelerate,-1
5.0750000000000002,2.6264093920898439,0.69585498046874972,-1.3267968750000023,0,3.2000000000000002,0,decelerate,-1
5.0800000000000001,2.6266969728,0.68905919999999987,-1.3910400000000009,0,3.2000000000000002,0,decelerate,-1
5.085,2.6270193236039061,0.68194930546874999,-1.4524481249999996,0,3.2000000000000002,0,decelerate,-1
5.0899999999999999,2.6273779797749999,0.6745393875000002,-1.511054999999998,0,3.2000000000000002,0,decelerate,-1
5.0949999999999998,2.6277744065554689,0.66684336796875043,-1.5668943749999973,0,3.2000000000000002,0,decelerate,-1
5.1000000000000005,2.6282100000000002,0.65887499999999921,-1.6200000000000054,0,3.2000000000000002,0,decelerate,102
5.1050000000000004,2.6286860878195313,0.65064786796874929,-1.6704056250000039,0,3.2000000000000002,0,decelerate,-1
5.1100000000000003,2.6292039302250001,0.64217538749999947,-1.7181450000000025,0,3.2000000000000002,0,decelerate,-1
5.1150000000000002,2.6297647207710937,0.63347080546874968,-1.7632518750000019,0,3.2000000000000002,0,decelerate,-1
5.1200000000000001,2.6303695872000001,0.62454719999999986,-1.8057600000000011,0,3.2000000000000002,0,decelerate,-1
5.125,2.6310195922851562,0.61541748046875,-1.845703125,0,3.2000000000000002,0,decelerate,-1
5.1299999999999999,2.6317157346750002,0.60609438750000022,-1.8831149999999997,0,3.2000000000000002,0,decelerate,-1
5.1349999999999998,2.6324589497367188,0.59659049296875044,-1.9180293749999988,0,3.2000000000000002,0,decelerate,-1
5.1399999999999997,2.6332501104000001,0.58691820000000061,-1.9504799999999982,0,3.2000000000000002,0,decelerate,-1
5.1450000000000005,2.6340900280007813,0.57708974296874915,-1.9805006250000026,0,3.2000000000000002,0,decelerate,-1
5.1500000000000004,2.6349794531250001,0.56711718749999929,-2.0081250000000019,0,3.2000000000000002,0,decelerate,103
5.1550000000000002,2.6359190764523439,0.55701243046874949,-2.0333868750000015,0,3.2000000000000002,0,decelerate,-1
5.1600000000000001,2.6369095296,0.5467871999999997,-2.0563200000000004,0,3.2000000000000002,0,decelerate,-1
5.165,2.6379513859664061,0.53645305546874988,-2.076958125,0,3.2000000000000002,0,decelerate,-1
5.1699999999999999,2.6390451615749999,0.52602138750000016,-2.0953349999999999,0,3.2000000000000002,0,decelerate,-1
5.1749999999999998,2.6401913159179689,0.51550341796875032,-2.1114843749999994,0,3.2000000000000002,0,decelerate,-1
5.1799999999999997,2.6413902527999999,0.50491020000000053,-2.1254399999999989,0,3.2000000000000002,0,decelerate,-1
5.1850000000000005,2.6426423211820316,0.49425261796874892,-2.1372356250000006,0,3.2000000000000002,0,decelerate,-1
5.1900000000000004,2.6439478160250003,0.48354138749999914,-2.1469050000000012,0,3.2000000000000002,0,decelerate,-1
5.1950000000000003,2.6453069791335939,0.47278705546874933,-2.1544818750000001,0,3.2000000000000002,0,decelerate,-1
5.2000000000000002,2.6467200000000002,0.46199999999999963,-2.1600000000000001,0,3.2000000000000002,0,decelerate,104
5.2050000000000001,2.6481870166476562,0.45119043046874979,-2.1634931250000005,0,3.2000000000000002,0,decelerate,-1
5.21,2.6497081164749998,0.44036838750000007,-2.1649949999999998,0,3.2000000000000002,0,decelerate,-1
5.2149999999999999,2.6512833370992186,0.42954374296875031,-2.1645393750000004,0,3.2000000000000002,0,decelerate,-1
5.2199999999999998,2.6529126671999999,0.41872620000000055,-2.1621600000000001,0,3.2000000000000002,0,decelerate,-1
5.2250000000000005,2.6545960473632815,0.40792529296874891,-2.1578906249999994,0,3.2000000000000002,0,decelerate,-1
5.2300000000000004,2.6563333709250001,0.39715038749999909,-2.1517649999999993,0,3.2000000000000002,0,decelerate,-1
5.2350000000000003,2.6581244848148438,0.38641068046874938,-2.1438168749999997,0,3.2000000000000002,0,decelerate,-1
5.2400000000000002,2.6599691904,0.37571519999999958,-2.1340799999999995,0,3.2000000000000002,0,decelerate,-1
5.2450000000000001,2.6618672443289064,0.36507280546874976,-2.1225881249999996,0,3.2000000000000002,0,decelerate,-1
5.25,2.663818359375,0.3544921875,-2.109375,0,3.2000000000000002,0,decelerate,105
5.2549999999999999,2.6658222052804685,0.34398186796875013,-2.0944743750000003,0,3.2000000000000002,0,decelerate,-1
5.2599999999999998,2.6678784096000001,0.33355020000000046,-2.0779200000000015,0,3.2000000000000002,0,decelerate,-1
5.2649999999999997,2.6699865585445313,0.32320536796875066,-2.0597456250000015,0,3.2000000000000002,0,decelerate,-1
5.2700000000000005,2.6721461978250001,0.31295538749999885,-2.0399849999999979,0,3.2000000000000002,0,decelerate,-1
5.2750000000000004,2.6743568334960939,0.30280810546874931,-2.0186718749999986,0,3.2000000000000002,0,decelerate,-1
5.2800000000000002,2.6766179328000002,0.29277119999999957,-1.9958399999999989,0,3.2000000000000002,0,decelerate,-1
5.2850000000000001,2.6789289250101564,0.28285218046874983,-1.9715231249999996,0,3.2000000000000002,0,decelerate,-1
5.29,2.6812892022749999,0.27305838749999994,-1.9457549999999999,0,3.2000000000000002,0,decelerate,-1
5.2949999999999999,2.6836981204617185,0.26339699296874997,-1.9185693749999999,0,3.2000000000000002,0,decelerate,-1
5.2999999999999998,2.6861549999999998,0.25387500000000018,-1.8900000000000006,0,3.2000000000000002,0,decelerate,106
5.3049999999999997,2.6886591267257813,0.24449924296875047,-1.8600806250000013,0,3.2000000000000002,0,decelerate,-1
5.3100000000000005,2.6912097527250003,0.23527638749999913,-1.8288449999999972,0,3.2000000000000002,0,decelerate,-1
5.3150000000000004,2.6938060971773439,0.22621293046874935,-1.7963268749999974,0,3.2000000000000002,0,decelerate,-1
5.3200000000000003,2.6964473472000003,0.2173151999999996,-1.7625599999999975,0,3.2000000000000002,0,decelerate,-1
5.3250000000000002,2.6991326586914064,0.20858935546874957,-1.7275781249999989,0,3.2000000000000002,0,decelerate,-1
5.3300000000000001,2.7018611571750002,0.20004138749999989,-1.6914149999999988,0,3.2000000000000002,0,decelerate,-1
5.335,2.7046319386429687,0.19167711796875009,-1.6541043750000006,0,3.2000000000000002,0,decelerate,-1
5.3399999999999999,2.7074440703999998,0.18350220000000028,-1.6156800000000011,0,3.2000000000000002,0,decelerate,-1
5.3449999999999998,2.710296591907031,0.17552211796875028,-1.5761756250000016,0,3.2000000000000002,0,decelerate,-1
5.3500000000000005,2.7131885156250002,0.16774218749999914,-1.5356249999999951,0,3.2000000000000002,0,decelerate,107
5.3550000000000004,2.7161188278585939,0.16016755546874939,-1.494061874999997,0,3.2000000000000002,0,decelerate,-1
5.3600000000000003,2.7190864896,0.15280319999999925,-1.4515199999999968,0,3.2000000000000002,0,decelerate,-1
5.3650000000000002,2.7220904373726564,0.14565393046874975,-1.408033124999998,0,3.2000000000000002,0,decelerate,-1
5.3700000000000001,2.7251295840750003,0.13872438749999993,-1.3636349999999993,0,3.2000000000000002,0,decelerate,-1
5.375,2.7282028198242188,0.13201904296875,-1.318359375,0,3.2000000000000002,0,decelerate,-1
5.3799999999999999,2.7313090127999997,0.12554220000000038,-1.2722400000000007,0,3.2000000000000002,0,decelerate,-1
5.3849999999999998,2.7344470100882812,0.11929799296875054,-1.2253106250000021,0,3.2000000000000002,0,decelerate,-1
5.3899999999999997,2.7376156385249999,0.1132903875000002,-1.177605000000002,0,3.2000000000000002,0,decelerate,-1
5.3950000000000005,2.740813705539844,0.10752318046874976,-1.1291568749999956,0,3.2000000000000002,0,decelerate,-1
5.4000000000000004,2.74404,0.10199999999999942,-1.0799999999999965,0,3.2000000000000002,0,decelerate,108
5.4050000000000002,2.7472932930539065,0.09672430546874955,-1.0301681249999977,0,3.2000000000000002,0,decelerate,-1
5.4100000000000001,2.7505723389750001,0.091699387499999618,-0.97969499999999865,0,3.2000000000000002,0,decelerate,-1
5.415,2.7538758760054689,0.086928367968750142,-0.92861437500000066,0,3.2000000000000002,0,decelerate,-1
5.4199999999999999,2.7572026271999999,0.082414200000000104,-0.87695999999999974,0,3.2000000000000002,0,decelerate,-1
5.4249999999999998,2.7605513012695311,0.078159667968750401,-0.82476562500000128,0,3.2000000000000002,0,decelerate,-1
5.4299999999999997,2.763920593425,0.074167387500000403,-0.772065000000004,0,3.2000000000000002,0,decelerate,-1
5.4350000000000005,2.7673091862210941,0.070439805468749617,-0.7188918749999953,0,3.2000000000000002,0,decelerate,-1
5.4400000000000004,2.7707157504000004,0.066979199999999905,-0.66527999999999587,0,3.2000000000000002,0,decelerate,-1
5.4450000000000003,2.7741389457351566,0.06378768046874983,-0.6112631249999978,0,3.2000000000000002,0,decelerate,-1
5.4500000000000002,2.7775774218750002,0.060867187499999975,-0.55687499999999979,0,3.2000000000000002,0,decelerate,109
5.4550000000000001,2.7810298191867187,0.058219492968749842,-0.50214937499999857,0,3.2000000000000002,0,decelerate,-1
5.46,2.7844947696000002,0.05584620000000029,-0.44712000000000085,0,3.2000000000000002,0,decelerate,-1
5.4649999999999999,2.7879708974507809,0.053748742968749763,-0.39182062500000137,0,3.2000000000000002,0,decelerate,-1
5.4699999999999998,2.7914568203249996,0.051928387500000173,-0.33628500000000283,0,3.2000000000000002,0,decelerate,-1
5.4750000000000005,2.7949511499023441,0.050386230468749682,-0.28054687499999198,0,3.2000000000000002,0,decelerate,-1
5.4800000000000004,2.7984524928000001,0.049123200000000145,-0.22463999999999618,0,3.2000000000000002,0,decelerate,-1
5.4850000000000003,2.8019594514164066,0.048140055468749887,-0.16859812499999682,0,3.2000000000000002,0,decelerate,-1
5.4900000000000002,2.8054706247750003,0.047437387499999928,-0.11245499999999731,0,3.2000000000000002,0,decelerate,-1
5.4950000000000001,2.8089846093679687,0.047015617968749868,-0.05624437499999968,0,3.2000000000000002,0,decelerate,-1
5.5,2.8125,0.046875,-0,0,3.2000000000000002,0,decelerate,110
5.5049999999999999,2.8160153906320313,0.047015617968749535,0.056244374999998348,0,3.2000000000000002,0,decelerate,-1
5.5099999999999998,2.8195293752249997,0.047437387499999706,0.11245499999999864,0,3.2000000000000002,0,decelerate,-1
5.5149999999999997,2.8230405485835934,0.048140055468750331,0.16859812499999549,0,3.2000000000000002,0,decelerate,-1
5.5200000000000005,2.8265475072000004,0.049123200000000145,0.2246400000000035,0,3.2000000000000002,0,decelerate,-1
5.5250000000000004,2.8300488500976564,0.050386230468749904,0.28054687500000464,0,3.2000000000000002,0,decelerate,-1
5.5300000000000002,2.8335431796749999,0.05192838749999984,0.33628500000000283,0,3.2000000000000002,0,decelerate,-1
5.5350000000000001,2.8370291025492187,0.053748742968749985,0.39182062500000336,0,3.2000000000000002,0,decelerate,-1
5.54,2.8405052304000002,0.055846199999999846,0.44711999999999952,0,3.2000000000000002,0,decelerate,-1
5.5449999999999999,2.8439701808132813,0.058219492968749842,0.50214937499999923,0,3.2000000000000002,0,decelerate,-1
5.5499999999999998,2.8474225781249998,0.060867187499999531,0.55687500000000112,0,3.2000000000000002,0,decelerate,111
5.5549999999999997,2.8508610542648434,0.063787680468749608,0.61126312499999713,0,3.2000000000000002,0,decelerate,-1
5.5600000000000005,2.8542842496,0.066979200000000461,0.66528000000000587,0,3.2000000000000002,0,decelerate,-1
5.5650000000000004,2.8576908137789063,0.070439805468750394,0.71889187500000329,0,3.2000000000000002,0,decelerate,-1
5.5700000000000003,2.8610794065750005,0.074167387500000403,0.77206500000000267,0,3.2000000000000002,0,decelerate,-1
5.5750000000000002,2.8644486987304689,0.078159667968749957,0.82476562500000128,0,3.2000000000000002,0,decelerate,-1
5.5800000000000001,2.8677973728000001,0.082414200000000104,0.87696000000000041,0,3.2000000000000002,0,decelerate,-1
5.585,2.8711241239945311,0.086928367968750142,0.92861437499999999,0,3.2000000000000002,0,decelerate,-1
5.5899999999999999,2.8744276610249999,0.091699387499999174,0.97969499999999998,0,3.2000000000000002,0,decelerate,-1
5.5949999999999998,2.8777067069460935,0.096724305468749661,1.0301681249999977,0,3.2000000000000002,0,decelerate,-1
5.6000000000000005,2.8809600000000004,0.10200000000000009,1.080000000000005,0,3.2000000000000002,0,decelerate,112
5.6050000000000004,2.8841862944601564,0.10752318046875031,1.1291568750000032,0,3.2000000000000002,0,decelerate,-1
5.6100000000000003,2.8873843614750001,0.11329038750000053,1.1776050000000002,0,3.2000000000000002,0,decelerate,-1
5.6150000000000002,2.8905529899117188,0.11929799296874999,1.2253106250000014,0,3.2000000000000002,0,decelerate,-1
5.6200000000000001,2.8936909872000003,0.12554220000000027,1.2722400000000014,0,3.2000000000000002,0,decelerate,-1
5.625,2.8967971801757812,0.13201904296875,1.318359375,0,3.2000000000000002,0,decelerate,-1
5.6299999999999999,2.8998704159249997,0.13872438749999916,1.3636349999999999,0,3.2000000000000002,0,decelerate,-1
5.6349999999999998,2.9029095626273436,0.14565393046875041,1.4080331249999944,0,3.2000000000000002,0,decelerate,-1
5.6399999999999997,2.9059135104,0.15280319999999914,1.4515199999999981,0,3.2000000000000002,0,decelerate,-1
5.6450000000000005,2.9088811721414065,0.16016755546875139,1.494061874999999,0,3.2000000000000002,0,decelerate,-1
5.6500000000000004,2.9118114843750003,0.16774218750000025,1.5356250000000022,0,3.2000000000000002,0,decelerate,113
5.6550000000000002,2.914703408092969,0.17552211796875083,1.5761756250000039,0,3.2000000000000002,0,decelerate,-1
5.6600000000000001,2.9175559296000002,0.18350220000000028,1.6156800000000038,0,3.2000000000000002,0,decelerate,-1
5.665,2.9203680613570313,0.19167711796875009,1.6541043749999993,0,3.2000000000000002,0,decelerate,-1
5.6699999999999999,2.9231388428249998,0.20004138749999978,1.6914149999999983,0,3.2000000000000002,0,decelerate,-1
5.6749999999999998,2.925867341308594,0.20858935546874957,1.7275781250000009,0,3.2000000000000002,0,decelerate,-1
5.6799999999999997,2.9285526528000001,0.21731519999999938,1.7625599999999988,0,3.2000000000000002,0,decelerate,-1
5.6850000000000005,2.9311939028226566,0.22621293046875146,1.7963268750000028,0,3.2000000000000002,0,decelerate,-1
5.6900000000000004,2.9337902472750002,0.23527638750000113,1.8288450000000021,0,3.2000000000000002,0,decelerate,-1
5.6950000000000003,2.9363408732742187,0.24449924296875036,1.8600806249999993,0,3.2000000000000002,0,decelerate,-1
5.7000000000000002,2.9388450000000002,0.25387500000000052,1.8899999999999997,0,3.2000000000000002,0,decelerate,114
5.7050000000000001,2.941301879538281,0.2633969929687493,1.9185693750000006,0,3.2000000000000002,0,decelerate,-1
5.71,2.9437107977249997,0.27305838749999944,1.9457550000000046,0,3.2000000000000002,0,decelerate,-1
5.7149999999999999,2.946071074989844,0.28285218046875005,1.9715231250000009,0,3.2000000000000002,0,decelerate,-1
5.7199999999999998,2.9483820671999998,0.29277120000000023,1.9958399999999976,0,3.2000000000000002,0,decelerate,-1
5.7250000000000005,2.9506431665039066,0.30280810546875014,2.0186718750000052,0,3.2000000000000002,0,decelerate,-1
5.7300000000000004,2.9528538021749999,0.31295538750000063,2.0399850000000024,0,3.2000000000000002,0,decelerate,-1
5.7350000000000003,2.9550134414554687,0.32320536796875055,2.059745625000005,0,3.2000000000000002,0,decelerate,-1
5.7400000000000002,2.9571215903999999,0.3335502000000008,2.0779199999999998,0,3.2000000000000002,0,decelerate,-1
5.7450000000000001,2.9591777947195315,0.34398186796875097,2.0944743750000052,0,3.2000000000000002,0,decelerate,-1
5.75,2.961181640625,0.3544921875,2.109375,0,3.2000000000000002,0,decelerate,115
5.7549999999999999,2.9631327556710936,0.36507280546874821,2.1225881250000054,0,3.2000000000000002,0,decelerate,-1
5.7599999999999998,2.9650308096,0.37571520000000125,2.13408,0,3.2000000000000002,0,decelerate,-1
5.7649999999999997,2.9668755151851558,0.38641068046874816,2.1438168750000051,0,3.2000000000000002,0,decelerate,-1
5.7700000000000005,2.9686666290749999,0.39715038749999865,2.1517650000000046,0,3.2000000000000002,0,decelerate,-1
5.7750000000000004,2.970403952636719,0.40792529296875046,2.1578906250000012,0,3.2000000000000002,0,decelerate,-1
5.7800000000000002,2.9720873328000001,0.41872620000000138,2.1621600000000001,0,3.2000000000000002,0,decelerate,-1
5.7850000000000001,2.9737166629007814,0.4295437429687492,2.1645393750000039,0,3.2000000000000002,0,decelerate,-1
5.79,2.9752918835250002,0.44036838749999907,2.1649950000000047,0,3.2000000000000002,0,decelerate,-1
5.7949999999999999,2.9768129833523442,0.45119043046875218,2.1634931249999969,0,3.2000000000000002,0,decelerate,-1
5.7999999999999998,2.9782799999999998,0.46200000000000108,2.1599999999999993,0,3.2000000000000002,0,decelerate,116
5.8049999999999997,2.9796930208664061,0.47278705546874966,2.1544818749999957,0,3.2000000000000002,0,decelerate,-1
5.8100000000000005,2.9810521839749997,0.48354138749999986,2.1469049999999967,0,3.2000000000000002,0,decelerate,-1
5.8150000000000004,2.9823576788179689,0.49425261796875031,2.1372356250000024,0,3.2000000000000002,0,decelerate,-1
5.8200000000000003,2.9836097471999996,0.50491019999999964,2.1254399999999993,0,3.2000000000000002,0,decelerate,-1
5.8250000000000002,2.9848086840820311,0.51550341796875254,2.1114843749999928,0,3.2000000000000002,0,decelerate,-1
5.8300000000000001,2.9859548384250001,0.52602138750000105,2.0953349999999933,0,3.2000000000000002,0,decelerate,-1
5.835,2.9870486140335935,0.53645305546874922,2.0769581250000062,0,3.2000000000000002,0,decelerate,-1
5.8399999999999999,2.9880904703999995,0.54678719999999981,2.0563200000000048,0,3.2000000000000002,0,decelerate,-1
5.8449999999999998,2.9890809235476561,0.55701243046874827,2.033386875000005,0,3.2000000000000002,0,decelerate,-1
5.8500000000000005,2.9900205468749999,0.5671171874999994,2.0081249999999962,0,3.2000000000000002,0,decelerate,117
5.8550000000000004,2.9909099719992192,0.57708974296875137,1.9805006249999995,0,3.2000000000000002,0,decelerate,-1
5.8600000000000003,2.9917498895999999,0.58691820000000172,1.9504799999999936,0,3.2000000000000002,0,decelerate,-1
5.8650000000000002,2.9925410502632817,0.59659049296875066,1.9180293749999944,0,3.2000000000000002,0,decelerate,-1
5.8700000000000001,2.9932842653250002,0.60609438750000111,1.8831150000000019,0,3.2000000000000002,0,decelerate,-1
5.875,2.9939804077148438,0.61541748046875,1.845703125,0,3.2000000000000002,0,decelerate,-1
5.8799999999999999,2.9946304128000003,0.6245472000000003,1.8057599999999994,0,3.2000000000000002,0,decelerate,-1
5.8849999999999998,2.9952352792289063,0.63347080546875034,1.7632518749999946,0,3.2000000000000002,0,decelerate,-1
5.8899999999999997,2.9957960697750003,0.6421753875000018,1.7181450000000069,0,3.2000000000000002,0,decelerate,-1
5.8950000000000005,2.9963139121804687,0.65064786796874907,1.670405624999999,0,3.2000000000000002,0,decelerate,-1
5.9000000000000004,2.9967899999999998,0.65887500000000054,1.6199999999999868,0,3.2000000000000002,0,decelerate,118
5.9050000000000002,2.9972255934445315,0.66684336796875066,1.5668943749999968,0,3.2000000000000002,0,decelerate,-1
5.9100000000000001,2.9976220202249997,0.67453938749999853,1.5110550000000025,0,3.2000000000000002,0,decelerate,-1
5.915,2.9979806763960939,0.68194930546874932,1.452448125000009,0,3.2000000000000002,0,decelerate,-1
5.9199999999999999,2.9983030272000004,0.6890592000000022,1.3910400000000003,0,3.2000000000000002,0,decelerate,-1
5.9249999999999998,2.9985906079101561,0.69585498046874905,1.326796875000003,0,3.2000000000000002,0,decelerate,-1
5.9299999999999997,2.9988450246749991,0.70232238749999709,1.2596850000000064,0,3.2000000000000002,0,decelerate,-1
5.9350000000000005,2.9990679553617188,0.70844699296874891,1.1896706249999998,0,3.2000000000000002,0,decelerate,-1
5.9400000000000004,2.9992611503999997,0.71421419999999847,1.1167199999999937,0,3.2000000000000002,0,decelerate,-1
5.9450000000000003,2.9994264336257812,0.7196092429687484,1.0407993749999989,0,3.2000000000000002,0,decelerate,-1
5.9500000000000002,2.9995657031249996,0.72461718749999804,0.96187499999999382,0,3.2000000000000002,0,decelerate,119
5.9550000000000001,2.9996809320773434,0.72922293046875009,0.87991312499998919,0,3.2000000000000002,0,decelerate,-1
5.96,2.9997741696000002,0.7334111999999986,0.79488000000001158,0,3.2000000000000002,0,decelerate,-1
5.9649999999999999,2.9998475415914068,0.73716655546875032,0.70674187500000762,0,3.2000000000000002,0,decelerate,-1
5.9699999999999998,2.9999032515750006,0.74047338749999936,0.61546500000000393,0,3.2000000000000002,0,decelerate,-1
5.9750000000000005,2.9999435815429694,0.74331591796874985,0.52101562499998977,0,3.2000000000000002,0,decelerate,-1
5.9800000000000004,2.9999708927999995,0.74567819999999996,0.42335999999999174,0,3.2000000000000002,0,decelerate,-1
5.9850000000000003,2.9999876268070316,0.74754411796874987,0.32246437499999381,0,3.2000000000000002,0,decelerate,-1
5.9900000000000002,2.9999963060249999,0.74889738749999912,0.21829499999999591,0,3.2000000000000002,0,decelerate,-1
5.9950000000000001,2.9999995347585937,0.74972155546875063,0.11081812500000332,0,3.2000000000000002,0,decelerate,-1
6,3,0,0,0,3.2000000000000002,0,hold,120
6.0049999999999999,3,0,0,0,3.2000000000000002,0,hold,-1
6.0099999999999998,3,0,0,0,3.2000000000000002,0,hold,-1
6.0150000000000006,3,0,0,0,3.2000000000000002,0,hold,-1
6.0200000000000005,3,0,0,0,3.2000000000000002,0,hold,-1
6.0250000000000004,3,0,0,0,3.2000000000000002,0,hold,-1
6.0300000000000002,3,0,0,0,3.2000000000000002,0,hold,-1
6.0350000000000001,3,0,0,0,3.2000000000000002,0,hold,-1
6.04,3,0,0,0,3.2000000000000002,0,hold,-1
6.0449999999999999,3,0,0,0,3.2000000000000002,0,hold,-1
6.0499999999999998,3,0,0,0,3.2000000000000002,0,hold,121
6.0549999999999997,3,0,0,0,3.2000000000000002,0,hold,-1
6.0600000000000005,3,0,0,0,3.2000000000000002,0,hold,-1
6.0650000000000004,3,0,0,0,3.2000000000000002,0,hold,-1
6.0700000000000003,3,0,0,0,3.2000000000000002,0,hold,-1
6.0750000000000002,3,0,0,0,3.2000000000000002,0,hold,-1
6.0800000000000001,3,0,0,0,3.2000000000000002,0,hold,-1
6.085,3,0,0,0,3.2000000000000002,0,hold,-1
6.0899999999999999,3,0,0,0,3.2000000000000002,0,hold,-1
6.0949999999999998,3,0,0,0,3.2000000000000002,0,hold,-1
6.1000000000000005,3,0,0,0,3.2000000000000002,0,hold,122
6.1050000000000004,3,0,0,0,3.2000000000000002,0,hold,-1
6.1100000000000003,3,0,0,0,3.2000000000000002,0,hold,-1
6.1150000000000002,3,0,0,0,3.2000000000000002,0,hold,-1
6.1200000000000001,3,0,0,0,3.2000000000000002,0,hold,-1
6.125,3,0,0,0,3.2000000000000002,0,hold,-1
6.1299999999999999,3,0,0,0,3.2000000000000002,0,hold,-1
6.1349999999999998,3,0,0,0,3.2000000000000002,0,hold,-1
6.1400000000000006,3,0,0,0,3.2000000000000002,0,hold,-1
6.1450000000000005,3,0,0,0,3.2000000000000002,0,hold,-1
6.1500000000000004,3,0,0,0,3.2000000000000002,0,hold,123
6.1550000000000002,3,0,0,0,3.2000000000000002,0,hold,-1
6.1600000000000001,3,0,0,0,3.2000000000000002,0,hold,-1
6.165,3,0,0,0,3.2000000000000002,0,hold,-1
6.1699999999999999,3,0,0,0,3.2000000000000002,0,hold,-1
6.1749999999999998,3,0,0,0,3.2000000000000002,0,hold,-1
6.1799999999999997,3,0,0,0,3.2000000000000002,0,hold,-1
6.1850000000000005,3,0,0,0,3.2000000000000002,0,hold,-1
6.1900000000000004,3,0,0,0,3.2000000000000002,0,hold,-1
6.1950000000000003,3,0,0,0,3.2000000000000002,0,hold,-1
6.2000000000000002,3,0,0,0,3.2000000000000002,0,hold,124
6.2050000000000001,3,0,0,0,3.2000000000000002,0,hold,-1
6.21,3,0,0,0,3.2000000000000002,0,hold,-1
6.2149999999999999,3,0,0,0,3.2000000000000002,0,hold,-1
6.2199999999999998,3,0,0,0,3.2000000000000002,0,hold,-1
6.2250000000000005,3,0,0,0,3.2000000000000002,0,hold,-1
6.2300000000000004,3,0,0,0,3.2000000000000002,0,hold,-1
6.2350000000000003,3,0,0,0,3.2000000000000002,0,hold,-1
6.2400000000000002,3,0,0,0,3.2000000000000002,0,hold,-1
6.2450000000000001,3,0,0,0,3.2000000000000002,0,hold,-1
6.25,3,0,0,0,3.2000000000000002,0,hold,125
6.2549999999999999,3,0,0,0,3.2000000000000002,0,hold,-1
6.2599999999999998,3,0,0,0,3.2000000000000002,0,hold,-1
6.2650000000000006,3,0,0,0,3.2000000000000002,0,hold,-1
6.2700000000000005,3,0,0,0,3.2000000000000002,0,hold,-1
6.2750000000000004,3,0,0,0,3.2000000000000002,0,hold,-1
6.2800000000000002,3,0,0,0,3.2000000000000002,0,hold,-1
6.2850000000000001,3,0,0,0,3.2000000000000002,0,hold,-1
6.29,3,0,0,0,3.2000000000000002,0,hold,-1
6.2949999999999999,3,0,0,0,3.2000000000000002,0,hold,-1
6.2999999999999998,3,0,0,0,3.2000000000000002,0,hold,126
6.3049999999999997,3,0,0,0,3.2000000000000002,0,hold,-1
6.3100000000000005,3,0,0,0,3.2000000000000002,0,hold,-1
6.3150000000000004,3,0,0,0,3.2000000000000002,0,hold,-1
6.3200000000000003,3,0,0,0,3.2000000000000002,0,hold,-1
6.3250000000000002,3,0,0,0,3.2000000000000002,0,hold,-1
6.3300000000000001,3,0,0,0,3.2000000000000002,0,hold,-1
6.335,3,0,0,0,3.2000000000000002,0,hold,-1
6.3399999999999999,3,0,0,0,3.2000000000000002,0,hold,-1
6.3449999999999998,3,0,0,0,3.2000000000000002,0,hold,-1
6.3500000000000005,3,0,0,0,3.2000000000000002,0,hold,127
6.3550000000000004,3,0,0,0,3.2000000000000002,0,hold,-1
6.3600000000000003,3,0,0,0,3.2000000000000002,0,hold,-1
6.3650000000000002,3,0,0,0,3.2000000000000002,0,hold,-1
6.3700000000000001,3,0,0,0,3.2000000000000002,0,hold,-1
6.375,3,0,0,0,3.2000000000000002,0,hold,-1
6.3799999999999999,3,0,0,0,3.2000000000000002,0,hold,-1
6.3849999999999998,3,0,0,0,3.2000000000000002,0,hold,-1
6.3900000000000006,3,0,0,0,3.2000000000000002,0,hold,-1
6.3950000000000005,3,0,0,0,3.2000000000000002,0,hold,-1
6.4000000000000004,3,0,0,0,3.2000000000000002,0,hold,128
6.4050000000000002,3,0,0,0,3.2000000000000002,0,hold,-1
6.4100000000000001,3,0,0,0,3.2000000000000002,0,hold,-1
6.415,3,0,0,0,3.2000000000000002,0,hold,-1
6.4199999999999999,3,0,0,0,3.2000000000000002,0,hold,-1
6.4249999999999998,3,0,0,0,3.2000000000000002,0,hold,-1
6.4299999999999997,3,0,0,0,3.2000000000000002,0,hold,-1
6.4350000000000005,3,0,0,0,3.2000000000000002,0,hold,-1
6.4400000000000004,3,0,0,0,3.2000000000000002,0,hold,-1
6.4450000000000003,3,0,0,0,3.2000000000000002,0,hold,-1
6.4500000000000002,3,0,0,0,3.2000000000000002,0,hold,129
6.4550000000000001,3,0,0,0,3.2000000000000002,0,hold,-1
6.46,3,0,0,0,3.2000000000000002,0,hold,-1
6.4649999999999999,3,0,0,0,3.2000000000000002,0,hold,-1
6.4699999999999998,3,0,0,0,3.2000000000000002,0,hold,-1
6.4750000000000005,3,0,0,0,3.2000000000000002,0,hold,-1
6.4800000000000004,3,0,0,0,3.2000000000000002,0,hold,-1
6.4850000000000003,3,0,0,0,3.2000000000000002,0,hold,-1
6.4900000000000002,3,0,0,0,3.2000000000000002,0,hold,-1
6.4950000000000001,3,0,0,0,3.2000000000000002,0,hold,-1
6.5,3,0,0,0,3.2000000000000002,0,hold,130
6.5049999999999999,3,0,0,0,3.2000000000000002,0,hold,-1
6.5099999999999998,3,0,0,0,3.2000000000000002,0,hold,-1
6.5150000000000006,3,0,0,0,3.2000000000000002,0,hold,-1
6.5200000000000005,3,0,0,0,3.2000000000000002,0,hold,-1
6.5250000000000004,3,0,0,0,3.2000000000000002,0,hold,-1
6.5300000000000002,3,0,0,0,3.2000000000000002,0,hold,-1
6.5350000000000001,3,0,0,0,3.2000000000000002,0,hold,-1
6.54,3,0,0,0,3.2000000000000002,0,hold,-1
6.5449999999999999,3,0,0,0,3.2000000000000002,0,hold,-1
6.5499999999999998,3,0,0,0,3.2000000000000002,0,hold,131
6.5549999999999997,3,0,0,0,3.2000000000000002,0,hold,-1
6.5600000000000005,3,0,0,0,3.2000000000000002,0,hold,-1
6.5650000000000004,3,0,0,0,3.2000000000000002,0,hold,-1
6.5700000000000003,3,0,0,0,3.2000000000000002,0,hold,-1
6.5750000000000002,3,0,0,0,3.2000000000000002,0,hold,-1
6.5800000000000001,3,0,0,0,3.2000000000000002,0,hold,-1
6.585,3,0,0,0,3.2000000000000002,0,hold,-1
6.5899999999999999,3,0,0,0,3.2000000000000002,0,hold,-1
6.5949999999999998,3,0,0,0,3.2000000000000002,0,hold,-1
6.6000000000000005,3,0,0,0,3.2000000000000002,0,hold,132
6.6050000000000004,3,0,0,0,3.2000000000000002,0,hold,-1
6.6100000000000003,3,0,0,0,3.2000000000000002,0,hold,-1
6.6150000000000002,3,0,0,0,3.2000000000000002,0,hold,-1
6.6200000000000001,3,0,0,0,3.2000000000000002,0,hold,-1
6.625,3,0,0,0,3.2000000000000002,0,hold,-1
6.6299999999999999,3,0,0,0,3.2000000000000002,0,hold,-1
6.6349999999999998,3,0,0,0,3.2000000000000002,0,hold,-1
6.6400000000000006,3,0,0,0,3.2000000000000002,0,hold,-1
6.6450000000000005,3,0,0,0,3.2000000000000002,0,hold,-1
6.6500000000000004,3,0,0,0,3.2000000000000002,0,hold,133
6.6550000000000002,3,0,0,0,3.2000000000000002,0,hold,-1
6.6600000000000001,3,0,0,0,3.2000000000000002,0,hold,-1
6.665,3,0,0,0,3.2000000000000002,0,hold,-1
6.6699999999999999,3,0,0,0,3.2000000000000002,0,hold,-1
6.6749999999999998,3,0,0,0,3.2000000000000002,0,hold,-1
6.6799999999999997,3,0,0,0,3.2000000000000002,0,hold,-1
6.6850000000000005,3,0,0,0,3.2000000000000002,0,hold,-1
6.6900000000000004,3,0,0,0,3.2000000000000002,0,hold,-1
6.6950000000000003,3,0,0,0,3.2000000000000002,0,hold,-1
6.7000000000000002,3,0,0,0,3.2000000000000002,0,hold,134
6.7050000000000001,3,0,0,0,3.2000000000000002,0,hold,-1
6.71,3,0,0,0,3.2000000000000002,0,hold,-1
6.7149999999999999,3,0,0,0,3.2000000000000002,0,hold,-1
6.7199999999999998,3,0,0,0,3.2000000000000002,0,hold,-1
6.7250000000000005,3,0,0,0,3.2000000000000002,0,hold,-1
6.7300000000000004,3,0,0,0,3.2000000000000002,0,hold,-1
6.7350000000000003,3,0,0,0,3.2000000000000002,0,hold,-1
6.7400000000000002,3,0,0,0,3.2000000000000002,0,hold,-1
6.7450000000000001,3,0,0,0,3.2000000000000002,0,hold,-1
6.75,3,0,0,0,3.2000000000000002,0,hold,135
6.7549999999999999,3,0,0,0,3.2000000000000002,0,hold,-1
6.7599999999999998,3,0,0,0,3.2000000000000002,0,hold,-1
6.7650000000000006,3,0,0,0,3.2000000000000002,0,hold,-1
6.7700000000000005,3,0,0,0,3.2000000000000002,0,hold,-1
6.7750000000000004,3,0,0,0,3.2000000000000002,0,hold,-1
6.7800000000000002,3,0,0,0,3.2000000000000002,0,hold,-1
6.7850000000000001,3,0,0,0,3.2000000000000002,0,hold,-1
6.79,3,0,0,0,3.2000000000000002,0,hold,-1
6.7949999999999999,3,0,0,0,3.2000000000000002,0,hold,-1
6.7999999999999998,3,0,0,0,3.2000000000000002,0,hold,136
6.8049999999999997,3,0,0,0,3.2000000000000002,0,hold,-1
6.8100000000000005,3,0,0,0,3.2000000000000002,0,hold,-1
6.8150000000000004,3,0,0,0,3.2000000000000002,0,hold,-1
6.8200000000000003,3,0,0,0,3.2000000000000002,0,hold,-1
6.8250000000000002,3,0,0,0,3.2000000000000002,0,hold,-1
6.8300000000000001,3,0,0,0,3.2000000000000002,0,hold,-1
6.835,3,0,0,0,3.2000000000000002,0,hold,-1
6.8399999999999999,3,0,0,0,3.2000000000000002,0,hold,-1
6.8449999999999998,3,0,0,0,3.2000000000000002,0,hold,-1
6.8500000000000005,3,0,0,0,3.2000000000000002,0,hold,137
6.8550000000000004,3,0,0,0,3.2000000000000002,0,hold,-1
6.8600000000000003,3,0,0,0,3.2000000000000002,0,hold,-1
6.8650000000000002,3,0,0,0,3.2000000000000002,0,hold,-1
6.8700000000000001,3,0,0,0,3.2000000000000002,0,hold,-1
6.875,3,0,0,0,3.2000000000000002,0,hold,-1
6.8799999999999999,3,0,0,0,3.2000000000000002,0,hold,-1
6.8849999999999998,3,0,0,0,3.2000000000000002,0,hold,-1
6.8900000000000006,3,0,0,0,3.2000000000000002,0,hold,-1
6.8950000000000005,3,0,0,0,3.2000000000000002,0,hold,-1
6.9000000000000004,3,0,0,0,3.2000000000000002,0,hold,138
6.9050000000000002,3,0,0,0,3.2000000000000002,0,hold,-1
6.9100000000000001,3,0,0,0,3.2000000000000002,0,hold,-1
6.915,3,0,0,0,3.2000000000000002,0,hold,-1
6.9199999999999999,3,0,0,0,3.2000000000000002,0,hold,-1
6.9249999999999998,3,0,0,0,3.2000000000000002,0,hold,-1
6.9299999999999997,3,0,0,0,3.2000000000000002,0,hold,-1
6.9350000000000005,3,0,0,0,3.2000000000000002,0,hold,-1
6.9400000000000004,3,0,0,0,3.2000000000000002,0,hold,-1
6.9450000000000003,3,0,0,0,3.2000000000000002,0,hold,-1
6.9500000000000002,3,0,0,0,3.2000000000000002,0,hold,139
6.9550000000000001,3,0,0,0,3.2000000000000002,0,hold,-1
6.96,3,0,0,0,3.2000000000000002,0,hold,-1
6.9649999999999999,3,0,0,0,3.2000000000000002,0,hold,-1
6.9699999999999998,3,0,0,0,3.2000000000000002,0,hold,-1
6.9750000000000005,3,0,0,0,3.2000000000000002,0,hold,-1
6.9800000000000004,3,0,0,0,3.2000000000000002,0,hold,-1
6.9850000000000003,3,0,0,0,3.2000000000000002,0,hold,-1
6.9900000000000002,3,0,0,0,3.2000000000000002,0,hold,-1
6.9950000000000001,3,0,0,0,3.2000000000000002,0,hold,-1
7,3,0,0,0,3.2000000000000002,0,hold,140
7.0049999999999999,3,0,0,0,3.2000000000000002,0,hold,-1
7.0099999999999998,3,0,0,0,3.2000000000000002,0,hold,-1
7.0150000000000006,3,0,0,0,3.2000000000000002,0,hold,-1
7.0200000000000005,3,0,0,0,3.2000000000000002,0,hold,-1
7.0250000000000004,3,0,0,0,3.2000000000000002,0,hold,-1
7.0300000000000002,3,0,0,0,3.2000000000000002,0,hold,-1
7.0350000000000001,3,0,0,0,3.2000000000000002,0,hold,-1
7.04,3,0,0,0,3.2000000000000002,0,hold,-1
7.0449999999999999,3,0,0,0,3.2000000000000002,0,hold,-1
7.0499999999999998,3,0,0,0,3.2000000000000002,0,hold,141
7.0549999999999997,3,0,0,0,3.2000000000000002,0,hold,-1
7.0600000000000005,3,0,0,0,3.2000000000000002,0,hold,-1
7.0650000000000004,3,0,0,0,3.2000000000000002,0,hold,-1
7.0700000000000003,3,0,0,0,3.2000000000000002,0,hold,-1
7.0750000000000002,3,0,0,0,3.2000000000000002,0,hold,-1
7.0800000000000001,3,0,0,0,3.2000000000000002,0,hold,-1
7.085,3,0,0,0,3.2000000000000002,0,hold,-1
7.0899999999999999,3,0,0,0,3.2000000000000002,0,hold,-1
7.0949999999999998,3,0,0,0,3.2000000000000002,0,hold,-1
7.1000000000000005,3,0,0,0,3.2000000000000002,0,hold,142
7.1050000000000004,3,0,0,0,3.2000000000000002,0,hold,-1
7.1100000000000003,3,0,0,0,3.2000000000000002,0,hold,-1
7.1150000000000002,3,0,0,0,3.2000000000000002,0,hold,-1
7.1200000000000001,3,0,0,0,3.2000000000000002,0,hold,-1
7.125,3,0,0,0,3.2000000000000002,0,hold,-1
7.1299999999999999,3,0,0,0,3.2000000000000002,0,hold,-1
7.1349999999999998,3,0,0,0,3.2000000000000002,0,hold,-1
7.1400000000000006,3,0,0,0,3.2000000000000002,0,hold,-1
7.1450000000000005,3,0,0,0,3.2000000000000002,0,hold,-1
7.1500000000000004,3,0,0,0,3.2000000000000002,0,hold,143
7.1550000000000002,3,0,0,0,3.2000000000000002,0,hold,-1
7.1600000000000001,3,0,0,0,3.2000000000000002,0,hold,-1
7.165,3,0,0,0,3.2000000000000002,0,hold,-1
7.1699999999999999,3,0,0,0,3.2000000000000002,0,hold,-1
7.1749999999999998,3,0,0,0,3.2000000000000002,0,hold,-1
7.1799999999999997,3,0,0,0,3.2000000000000002,0,hold,-1
7.1850000000000005,3,0,0,0,3.2000000000000002,0,hold,-1
7.1900000000000004,3,0,0,0,3.2000000000000002,0,hold,-1
7.1950000000000003,3,0,0,0,3.2000000000000002,0,hold,-1
7.2000000000000002,3,0,0,0,3.2000000000000002,0,hold,144
7.2050000000000001,3,0,0,0,3.2000000000000002,0,hold,-1
7.21,3,0,0,0,3.2000000000000002,0,hold,-1
7.2149999999999999,3,0,0,0,3.2000000000000002,0,hold,-1
7.2199999999999998,3,0,0,0,3.2000000000000002,0,hold,-1
7.2250000000000005,3,0,0,0,3.2000000000000002,0,hold,-1
7.2300000000000004,3,0,0,0,3.2000000000000002,0,hold,-1
7.2350000000000003,3,0,0,0,3.2000000000000002,0,hold,-1
7.2400000000000002,3,0,0,0,3.2000000000000002,0,hold,-1
7.2450000000000001,3,0,0,0,3.2000000000000002,0,hold,-1
7.25,3,0,0,0,3.2000000000000002,0,hold,145
7.2549999999999999,3,0,0,0,3.2000000000000002,0,hold,-1
7.2599999999999998,3,0,0,0,3.2000000000000002,0,hold,-1
7.2650000000000006,3,0,0,0,3.2000000000000002,0,hold,-1
7.2700000000000005,3,0,0,0,3.2000000000000002,0,hold,-1
7.2750000000000004,3,0,0,0,3.2000000000000002,0,hold,-1
7.2800000000000002,3,0,0,0,3.2000000000000002,0,hold,-1
7.2850000000000001,3,0,0,0,3.2000000000000002,0,hold,-1
7.29,3,0,0,0,3.2000000000000002,0,hold,-1
7.2949999999999999,3,0,0,0,3.2000000000000002,0,hold,-1
7.2999999999999998,3,0,0,0,3.2000000000000002,0,hold,146
7.3049999999999997,3,0,0,0,3.2000000000000002,0,hold,-1
7.3100000000000005,3,0,0,0,3.2000000000000002,0,hold,-1
7.3150000000000004,3,0,0,0,3.2000000000000002,0,hold,-1
7.3200000000000003,3,0,0,0,3.2000000000000002,0,hold,-1
7.3250000000000002,3,0,0,0,3.2000000000000002,0,hold,-1
7.3300000000000001,3,0,0,0,3.2000000000000002,0,hold,-1
7.335,3,0,0,0,3.2000000000000002,0,hold,-1
7.3399999999999999,3,0,0,0,3.2000000000000002,0,hold,-1
7.3449999999999998,3,0,0,0,3.2000000000000002,0,hold,-1
7.3500000000000005,3,0,0,0,3.2000000000000002,0,hold,147
7.3550000000000004,3,0,0,0,3.2000000000000002,0,hold,-1
7.3600000000000003,3,0,0,0,3.2000000000000002,0,hold,-1
7.3650000000000002,3,0,0,0,3.2000000000000002,0,hold,-1
7.3700000000000001,3,0,0,0,3.2000000000000002,0,hold,-1
7.375,3,0,0,0,3.2000000000000002,0,hold,-1
7.3799999999999999,3,0,0,0,3.2000000000000002,0,hold,-1
7.3849999999999998,3,0,0,0,3.2000000000000002,0,hold,-1
7.3900000000000006,3,0,0,0,3.2000000000000002,0,hold,-1
7.3950000000000005,3,0,0,0,3.2000000000000002,0,hold,-1
7.4000000000000004,3,0,0,0,3.2000000000000002,0,hold,148
7.4050000000000002,3,0,0,0,3.2000000000000002,0,hold,-1
7.4100000000000001,3,0,0,0,3.2000000000000002,0,hold,-1
7.415,3,0,0,0,3.2000000000000002,0,hold,-1
7.4199999999999999,3,0,0,0,3.2000000000000002,0,hold,-1
7.4249999999999998,3,0,0,0,3.2000000000000002,0,hold,-1
7.4299999999999997,3,0,0,0,3.2000000000000002,0,hold,-1
7.4350000000000005,3,0,0,0,3.2000000000000002,0,hold,-1
7.4400000000000004,3,0,0,0,3.2000000000000002,0,hold,-1
7.4450000000000003,3,0,0,0,3.2000000000000002,0,hold,-1
7.4500000000000002,3,0,0,0,3.2000000000000002,0,hold,149
7.4550000000000001,3,0,0,0,3.2000000000000002,0,hold,-1
7.46,3,0,0,0,3.2000000000000002,0,hold,-1
7.4649999999999999,3,0,0,0,3.2000000000000002,0,hold,-1
7.4699999999999998,3,0,0,0,3.2000000000000002,0,hold,-1
7.4750000000000005,3,0,0,0,3.2000000000000002,0,hold,-1
7.4800000000000004,3,0,0,0,3.2000000000000002,0,hold,-1
7.4850000000000003,3,0,0,0,3.2000000000000002,0,hold,-1
7.4900000000000002,3,0,0,0,3.2000000000000002,0,hold,-1
7.4950000000000001,3,0,0,0,3.2000000000000002,0,hold,-1
7.5,3,0,0,0,3.2000000000000002,0,hold,150
7.5049999999999999,3,0,0,0,3.2000000000000002,0,hold,-1
7.5099999999999998,3,0,0,0,3.2000000000000002,0,hold,-1
7.5150000000000006,3,0,0,0,3.2000000000000002,0,hold,-1
7.5200000000000005,3,0,0,0,3.2000000000000002,0,hold,-1
7.5250000000000004,3,0,0,0,3.2000000000000002,0,hold,-1
7.5300000000000002,3,0,0,0,3.2000000000000002,0,hold,-1
7.5350000000000001,3,0,0,0,3.2000000000000002,0,hold,-1
7.54,3,0,0,0,3.2000000000000002,0,hold,-1
7.5449999999999999,3,0,0,0,3.2000000000000002,0,hold,-1
7.5499999999999998,3,0,0,0,3.2000000000000002,0,hold,151
7.5549999999999997,3,0,0,0,3.2000000000000002,0,hold,-1
7.5600000000000005,3,0,0,0,3.2000000000000002,0,hold,-1
7.5650000000000004,3,0,0,0,3.2000000000000002,0,hold,-1
7.5700000000000003,3,0,0,0,3.2000000000000002,0,hold,-1
7.5750000000000002,3,0,0,0,3.2000000000000002,0,hold,-1
7.5800000000000001,3,0,0,0,3.2000000000000002,0,hold,-1
7.585,3,0,0,0,3.2000000000000002,0,hold,-1
7.5899999999999999,3,0,0,0,3.2000000000000002,0,hold,-1
7.5949999999999998,3,0,0,0,3.2000000000000002,0,hold,-1
7.6000000000000005,3,0,0,0,3.2000000000000002,0,hold,152
7.6050000000000004,3,0,0,0,3.2000000000000002,0,hold,-1
7.6100000000000003,3,0,0,0,3.2000000000000002,0,hold,-1
7.6150000000000002,3,0,0,0,3.2000000000000002,0,hold,-1
7.6200000000000001,3,0,0,0,3.2000000000000002,0,hold,-1
7.625,3,0,0,0,3.2000000000000002,0,hold,-1
7.6299999999999999,3,0,0,0,3.2000000000000002,0,hold,-1
7.6349999999999998,3,0,0,0,3.2000000000000002,0,hold,-1
7.6400000000000006,3,0,0,0,3.2000000000000002,0,hold,-1
7.6450000000000005,3,0,0,0,3.2000000000000002,0,hold,-1
7.6500000000000004,3,0,0,0,3.2000000000000002,0,hold,153
7.6550000000000002,3,0,0,0,3.2000000000000002,0,hold,-1
7.6600000000000001,3,0,0,0,3.2000000000000002,0,hold,-1
7.665,3,0,0,0,3.2000000000000002,0,hold,-1
7.6699999999999999,3,0,0,0,3.2000000000000002,0,hold,-1
7.6749999999999998,3,0,0,0,3.2000000000000002,0,hold,-1
7.6799999999999997,3,0,0,0,3.2000000000000002,0,hold,-1
7.6850000000000005,3,0,0,0,3.2000000000000002,0,hold,-1
7.6900000000000004,3,0,0,0,3.2000000000000002,0,hold,-1
7.6950000000000003,3,0,0,0,3.2000000000000002,0,hold,-1
7.7000000000000002,3,0,0,0,3.2000000000000002,0,hold,154
7.7050000000000001,3,0,0,0,3.2000000000000002,0,hold,-1
7.71,3,0,0,0,3.2000000000000002,0,hold,-1
7.7149999999999999,3,0,0,0,3.2000000000000002,0,hold,-1
7.7199999999999998,3,0,0,0,3.2000000000000002,0,hold,-1
7.7250000000000005,3,0,0,0,3.2000000000000002,0,hold,-1
7.7300000000000004,3,0,0,0,3.2000000000000002,0,hold,-1
7.7350000000000003,3,0,0,0,3.2000000000000002,0,hold,-1
7.7400000000000002,3,0,0,0,3.2000000000000002,0,hold,-1
7.7450000000000001,3,0,0,0,3.2000000000000002,0,hold,-1
7.75,3,0,0,0,3.2000000000000002,0,hold,155
7.7549999999999999,3,0,0,0,3.2000000000000002,0,hold,-1
7.7599999999999998,3,0,0,0,3.2000000000000002,0,hold,-1
7.7650000000000006,3,0,0,0,3.2000000000000002,0,hold,-1
7.7700000000000005,3,0,0,0,3.2000000000000002,0,hold,-1
7.7750000000000004,3,0,0,0,3.2000000000000002,0,hold,-1
7.7800000000000002,3,0,0,0,3.2000000000000002,0,hold,-1
7.7850000000000001,3,0,0,0,3.2000000000000002,0,hold,-1
7.79,3,0,0,0,3.2000000000000002,0,hold,-1
7.7949999999999999,3,0,0,0,3.2000000000000002,0,hold,-1
7.7999999999999998,3,0,0,0,3.2000000000000002,0,hold,156
7.8050000000000006,3,0,0,0,3.2000000000000002,0,hold,-1
7.8100000000000005,3,0,0,0,3.2000000000000002,0,hold,-1
7.8150000000000004,3,0,0,0,3.2000000000000002,0,hold,-1
7.8200000000000003,3,0,0,0,3.2000000000000002,0,hold,-1
7.8250000000000002,3,0,0,0,3.2000000000000002,0,hold,-1
7.8300000000000001,3,0,0,0,3.2000000000000002,0,hold,-1
7.835,3,0,0,0,3.2000000000000002,0,hold,-1
7.8399999999999999,3,0,0,0,3.2000000000000002,0,hold,-1
7.8449999999999998,3,0,0,0,3.2000000000000002,0,hold,-1
7.8500000000000005,3,0,0,0,3.2000000000000002,0,hold,157
7.8550000000000004,3,0,0,0,3.2000000000000002,0,hold,-1
7.8600000000000003,3,0,0,0,3.2000000000000002,0,hold,-1
7.8650000000000002,3,0,0,0,3.2000000000000002,0,hold,-1
7.8700000000000001,3,0,0,0,3.2000000000000002,0,hold,-1
7.875,3,0,0,0,3.2000000000000002,0,hold,-1
7.8799999999999999,3,0,0,0,3.2000000000000002,0,hold,-1
7.8849999999999998,3,0,0,0,3.2000000000000002,0,hold,-1
7.8900000000000006,3,0,0,0,3.2000000000000002,0,hold,-1
7.8950000000000005,3,0,0,0,3.2000000000000002,0,hold,-1
7.9000000000000004,3,0,0,0,3.2000000000000002,0,hold,158
7.9050000000000002,3,0,0,0,3.2000000000000002,0,hold,-1
7.9100000000000001,3,0,0,0,3.2000000000000002,0,hold,-1
7.915,3,0,0,0,3.2000000000000002,0,hold,-1
7.9199999999999999,3,0,0,0,3.2000000000000002,0,hold,-1
7.9249999999999998,3,0,0,0,3.2000000000000002,0,hold,-1
7.9300000000000006,3,0,0,0,3.2000000000000002,0,hold,-1
7.9350000000000005,3,0,0,0,3.2000000000000002,0,hold,-1
7.9400000000000004,3,0,0,0,3.2000000000000002,0,hold,-1
7.9450000000000003,3,0,0,0,3.2000000000000002,0,hold,-1
7.9500000000000002,3,0,0,0,3.2000000000000002,0,hold,159
7.9550000000000001,3,0,0,0,3.2000000000000002,0,hold,-1
7.96,3,0,0,0,3.2000000000000002,0,hold,-1
7.9649999999999999,3,0,0,0,3.2000000000000002,0,hold,-1
7.9699999999999998,3,0,0,0,3.2000000000000002,0,hold,-1
7.9750000000000005,3,0,0,0,3.2000000000000002,0,hold,-1
7.9800000000000004,3,0,0,0,3.2000000000000002,0,hold,-1
7.9850000000000003,3,0,0,0,3.2000000000000002,0,hold,-1
7.9900000000000002,3,0,0,0,3.2000000000000002,0,hold,-1
7.9950000000000001,3,0,0,0,3.2000000000000002,0,hold,-1
8,3,0,0,0,3.2000000000000002,0,hold,160
8.0050000000000008,3,0,0,0,3.2000000000000002,0,hold,-1
8.0099999999999998,3,0,0,0,3.2000000000000002,0,hold,-1
8.0150000000000006,3,0,0,0,3.2000000000000002,0,hold,-1
8.0199999999999996,3,0,0,0,3.2000000000000002,0,hold,-1
8.0250000000000004,3,0,0,0,3.2000000000000002,0,hold,-1
8.0299999999999994,3,0,0,0,3.2000000000000002,0,hold,-1
8.0350000000000001,3,0,0,0,3.2000000000000002,0,hold,-1
8.0400000000000009,3,0,0,0,3.2000000000000002,0,hold,-1
8.0449999999999999,3,0,0,0,3.2000000000000002,0,hold,-1
8.0500000000000007,3,0,0,0,3.2000000000000002,0,hold,161
8.0549999999999997,3,0,0,0,3.2000000000000002,0,hold,-1
8.0600000000000005,3,0,0,0,3.2000000000000002,0,hold,-1
8.0649999999999995,3,0,0,0,3.2000000000000002,0,hold,-1
8.0700000000000003,3,0,0,0,3.2000000000000002,0,hold,-1
8.0749999999999993,3,0,0,0,3.2000000000000002,0,hold,-1
8.0800000000000001,3,0,0,0,3.2000000000000002,0,hold,-1
8.0850000000000009,3,0,0,0,3.2000000000000002,0,hold,-1
8.0899999999999999,3,0,0,0,3.2000000000000002,0,hold,-1
8.0950000000000006,3,0,0,0,3.2000000000000002,0,hold,-1
8.0999999999999996,3,0,0,0,3.2000000000000002,0,hold,162
8.1050000000000004,3,0,0,0,3.2000000000000002,0,hold,-1
8.1099999999999994,3,0,0,0,3.2000000000000002,0,hold,-1
8.1150000000000002,3,0,0,0,3.2000000000000002,0,hold,-1
8.120000000000001,3,0,0,0,3.2000000000000002,0,hold,-1
8.125,3,0,0,0,3.2000000000000002,0,hold,-1
8.1300000000000008,3,0,0,0,3.2000000000000002,0,hold,-1
8.1349999999999998,3,0,0,0,3.2000000000000002,0,hold,-1
8.1400000000000006,3,0,0,0,3.2000000000000002,0,hold,-1
8.1449999999999996,3,0,0,0,3.2000000000000002,0,hold,-1
8.1500000000000004,3,0,0,0,3.2000000000000002,0,hold,163
8.1549999999999994,3,0,0,0,3.2000000000000002,0,hold,-1
8.1600000000000001,3,0,0,0,3.2000000000000002,0,hold,-1
8.1650000000000009,3,0,0,0,3.2000000000000002,0,hold,-1
8.1699999999999999,3,0,0,0,3.2000000000000002,0,hold,-1
8.1750000000000007,3,0,0,0,3.2000000000000002,0,hold,-1
8.1799999999999997,3,0,0,0,3.2000000000000002,0,hold,-1
8.1850000000000005,3,0,0,0,3.2000000000000002,0,hold,-1
8.1899999999999995,3,0,0,0,3.2000000000000002,0,hold,-1
8.1950000000000003,3,0,0,0,3.2000000000000002,0,hold,-1
8.1999999999999993,3,0,0,0,3.2000000000000002,0,hold,164
8.2050000000000001,3,0,0,0,3.2000000000000002,0,hold,-1
8.2100000000000009,3,0,0,0,3.2000000000000002,0,hold,-1
8.2149999999999999,3,0,0,0,3.2000000000000002,0,hold,-1
8.2200000000000006,3,0,0,0,3.2000000000000002,0,hold,-1
8.2249999999999996,3,0,0,0,3.2000000000000002,0,hold,-1
8.2300000000000004,3,0,0,0,3.2000000000000002,0,hold,-1
8.2349999999999994,3,0,0,0,3.2000000000000002,0,hold,-1
8.2400000000000002,3,0,0,0,3.2000000000000002,0,hold,-1
8.245000000000001,3,0,0,0,3.2000000000000002,0,hold,-1
8.25,3,0,0,0,3.2000000000000002,0,hold,165
8.2550000000000008,3,0,0,0,3.2000000000000002,0,hold,-1
8.2599999999999998,3,0,0,0,3.2000000000000002,0,hold,-1
8.2650000000000006,3,0,0,0,3.2000000000000002,0,hold,-1
8.2699999999999996,3,0,0,0,3.2000000000000002,0,hold,-1
8.2750000000000004,3,0,0,0,3.2000000000000002,0,hold,-1
8.2799999999999994,3,0,0,0,3.2000000000000002,0,hold,-1
8.2850000000000001,3,0,0,0,3.2000000000000002,0,hold,-1
8.2900000000000009,3,0,0,0,3.2000000000000002,0,hold,-1
8.2949999999999999,3,0,0,0,3.2000000000000002,0,hold,-1
8.3000000000000007,3,0,0,0,3.2000000000000002,0,hold,166
8.3049999999999997,3,0,0,0,3.2000000000000002,0,hold,-1
8.3100000000000005,3,0,0,0,3.2000000000000002,0,hold,-1
8.3149999999999995,3,0,0,0,3.2000000000000002,0,hold,-1
8.3200000000000003,3,0,0,0,3.2000000000000002,0,hold,-1
8.3249999999999993,3,0,0,0,3.2000000000000002,0,hold,-1
8.3300000000000001,3,0,0,0,3.2000000000000002,0,hold,-1
8.3350000000000009,3,0,0,0,3.2000000000000002,0,hold,-1
8.3399999999999999,3,0,0,0,3.2000000000000002,0,hold,-1
8.3450000000000006,3,0,0,0,3.2000000000000002,0,hold,-1
8.3499999999999996,3,0,0,0,3.2000000000000002,0,hold,167
8.3550000000000004,3,0,0,0,3.2000000000000002,0,hold,-1
8.3599999999999994,3,0,0,0,3.2000000000000002,0,hold,-1
8.3650000000000002,3,0,0,0,3.2000000000000002,0,hold,-1
8.370000000000001,3,0,0,0,3.2000000000000002,0,hold,-1
8.375,3,0,0,0,3.2000000000000002,0,hold,-1
8.3800000000000008,3,0,0,0,3.2000000000000002,0,hold,-1
8.3849999999999998,3,0,0,0,3.2000000000000002,0,hold,-1
8.3900000000000006,3,0,0,0,3.2000000000000002,0,hold,-1
8.3949999999999996,3,0,0,0,3.2000000000000002,0,hold,-1
8.4000000000000004,3,0,0,0,3.2000000000000002,0,hold,168
8.4049999999999994,3,0,0,0,3.2000000000000002,0,hold,-1
8.4100000000000001,3,0,0,0,3.2000000000000002,0,hold,-1
8.4150000000000009,3,0,0,0,3.2000000000000002,0,hold,-1
8.4199999999999999,3,0,0,0,3.2000000000000002,0,hold,-1
8.4250000000000007,3,0,0,0,3.2000000000000002,0,hold,-1
8.4299999999999997,3,0,0,0,3.2000000000000002,0,hold,-1
8.4350000000000005,3,0,0,0,3.2000000000000002,0,hold,-1
8.4399999999999995,3,0,0,0,3.2000000000000002,0,hold,-1
8.4450000000000003,3,0,0,0,3.2000000000000002,0,hold,-1
8.4499999999999993,3,0,0,0,3.2000000000000002,0,hold,169
8.4550000000000001,3,0,0,0,3.2000000000000002,0,hold,-1
8.4600000000000009,3,0,0,0,3.2000000000000002,0,hold,-1
8.4649999999999999,3,0,0,0,3.2000000000000002,0,hold,-1
8.4700000000000006,3,0,0,0,3.2000000000000002,0,hold,-1
8.4749999999999996,3,0,0,0,3.2000000000000002,0,hold,-1
8.4800000000000004,3,0,0,0,3.2000000000000002,0,hold,-1
8.4849999999999994,3,0,0,0,3.2000000000000002,0,hold,-1
8.4900000000000002,3,0,0,0,3.2000000000000002,0,hold,-1
8.495000000000001,3,0,0,0,3.2000000000000002,0,hold,-1
8.5,3,0,0,0,3.2000000000000002,0,hold,170
8.5050000000000008,3,0,0,0,3.2000000000000002,0,hold,-1
8.5099999999999998,3,0,0,0,3.2000000000000002,0,hold,-1
8.5150000000000006,3,0,0,0,3.2000000000000002,0,hold,-1
8.5199999999999996,3,0,0,0,3.2000000000000002,0,hold,-1
8.5250000000000004,3,0,0,0,3.2000000000000002,0,hold,-1
8.5299999999999994,3,0,0,0,3.2000000000000002,0,hold,-1
8.5350000000000001,3,0,0,0,3.2000000000000002,0,hold,-1
8.5400000000000009,3,0,0,0,3.2000000000000002,0,hold,-1
8.5449999999999999,3,0,0,0,3.2000000000000002,0,hold,-1
8.5500000000000007,3,0,0,0,3.2000000000000002,0,hold,171
8.5549999999999997,3,0,0,0,3.2000000000000002,0,hold,-1
8.5600000000000005,3,0,0,0,3.2000000000000002,0,hold,-1
8.5649999999999995,3,0,0,0,3.2000000000000002,0,hold,-1
8.5700000000000003,3,0,0,0,3.2000000000000002,0,hold,-1
8.5750000000000011,3,0,0,0,3.2000000000000002,0,hold,-1
8.5800000000000001,3,0,0,0,3.2000000000000002,0,hold,-1
8.5850000000000009,3,0,0,0,3.2000000000000002,0,hold,-1
8.5899999999999999,3,0,0,0,3.2000000000000002,0,hold,-1
8.5950000000000006,3,0,0,0,3.2000000000000002,0,hold,-1
8.5999999999999996,3,0,0,0,3.2000000000000002,0,hold,172
8.6050000000000004,3,0,0,0,3.2000000000000002,0,hold,-1
8.6099999999999994,3,0,0,0,3.2000000000000002,0,hold,-1
8.6150000000000002,3,0,0,0,3.2000000000000002,0,hold,-1
8.620000000000001,3,0,0,0,3.2000000000000002,0,hold,-1
8.625,3,0,0,0,3.2000000000000002,0,hold,-1
8.6300000000000008,3,0,0,0,3.2000000000000002,0,hold,-1
8.6349999999999998,3,0,0,0,3.2000000000000002,0,hold,-1
8.6400000000000006,3,0,0,0,3.2000000000000002,0,hold,-1
8.6449999999999996,3,0,0,0,3.2000000000000002,0,hold,-1
8.6500000000000004,3,0,0,0,3.2000000000000002,0,hold,173
8.6549999999999994,3,0,0,0,3.2000000000000002,0,hold,-1
8.6600000000000001,3,0,0,0,3.2000000000000002,0,hold,-1
8.6650000000000009,3,0,0,0,3.2000000000000002,0,hold,-1
8.6699999999999999,3,0,0,0,3.2000000000000002,0,hold,-1
8.6750000000000007,3,0,0,0,3.2000000000000002,0,hold,-1
8.6799999999999997,3,0,0,0,3.2000000000000002,0,hold,-1
8.6850000000000005,3,0,0,0,3.2000000000000002,0,hold,-1
8.6899999999999995,3,0,0,0,3.2000000000000002,0,hold,-1
8.6950000000000003,3,0,0,0,3.2000000000000002,0,hold,-1
8.7000000000000011,3,0,0,0,3.2000000000000002,0,hold,174
8.7050000000000001,3,0,0,0,3.2000000000000002,0,hold,-1
8.7100000000000009,3,0,0,0,3.2000000000000002,0,hold,-1
8.7149999999999999,3,0,0,0,3.2000000000000002,0,hold,-1
8.7200000000000006,3,0,0,0,3.2000000000000002,0,hold,-1
8.7249999999999996,3,0,0,0,3.2000000000000002,0,hold,-1
8.7300000000000004,3,0,0,0,3.2000000000000002,0,hold,-1
8.7349999999999994,3,0,0,0,3.2000000000000002,0,hold,-1
8.7400000000000002,3,0,0,0,3.2000000000000002,0,hold,-1
8.745000000000001,3,0,0,0,3.2000000000000002,0,hold,-1
8.75,3,0,0,0,3.2000000000000002,0,hold,175
8.7550000000000008,3,0,0,0,3.2000000000000002,0,hold,-1
8.7599999999999998,3,0,0,0,3.2000000000000002,0,hold,-1
8.7650000000000006,3,0,0,0,3.2000000000000002,0,hold,-1
8.7699999999999996,3,0,0,0,3.2000000000000002,0,hold,-1
8.7750000000000004,3,0,0,0,3.2000000000000002,0,hold,-1
8.7799999999999994,3,0,0,0,3.2000000000000002,0,hold,-1
8.7850000000000001,3,0,0,0,3.2000000000000002,0,hold,-1
8.7900000000000009,3,0,0,0,3.2000000000000002,0,hold,-1
8.7949999999999999,3,0,0,0,3.2000000000000002,0,hold,-1
8.8000000000000007,3,0,0,0,3.2000000000000002,0,hold,176
8.8049999999999997,3,0,0,0,3.2000000000000002,0,hold,-1
8.8100000000000005,3,0,0,0,3.2000000000000002,0,hold,-1
8.8149999999999995,3,0,0,0,3.2000000000000002,0,hold,-1
8.8200000000000003,3,0,0,0,3.2000000000000002,0,hold,-1
8.8250000000000011,3,0,0,0,3.2000000000000002,0,hold,-1
8.8300000000000001,3,0,0,0,3.2000000000000002,0,hold,-1
8.8350000000000009,3,0,0,0,3.2000000000000002,0,hold,-1
8.8399999999999999,3,0,0,0,3.2000000000000002,0,hold,-1
8.8450000000000006,3,0,0,0,3.2000000000000002,0,hold,-1
8.8499999999999996,3,0,0,0,3.2000000000000002,0,hold,177
8.8550000000000004,3,0,0,0,3.2000000000000002,0,hold,-1
8.8599999999999994,3,0,0,0,3.2000000000000002,0,hold,-1
8.8650000000000002,3,0,0,0,3.2000000000000002,0,hold,-1
8.870000000000001,3,0,0,0,3.2000000000000002,0,hold,-1
8.875,3,0,0,0,3.2000000000000002,0,hold,-1
8.8800000000000008,3,0,0,0,3.2000000000000002,0,hold,-1
8.8849999999999998,3,0,0,0,3.2000000000000002,0,hold,-1
8.8900000000000006,3,0,0,0,3.2000000000000002,0,hold,-1
8.8949999999999996,3,0,0,0,3.2000000000000002,0,hold,-1
8.9000000000000004,3,0,0,0,3.2000000000000002,0,hold,178
8.9049999999999994,3,0,0,0,3.2000000000000002,0,hold,-1
8.9100000000000001,3,0,0,0,3.2000000000000002,0,hold,-1
8.9150000000000009,3,0,0,0,3.2000000000000002,0,hold,-1
8.9199999999999999,3,0,0,0,3.2000000000000002,0,hold,-1
8.9250000000000007,3,0,0,0,3.2000000000000002,0,hold,-1
8.9299999999999997,3,0,0,0,3.2000000000000002,0,hold,-1
8.9350000000000005,3,0,0,0,3.2000000000000002,0,hold,-1
8.9399999999999995,3,0,0,0,3.2000000000000002,0,hold,-1
8.9450000000000003,3,0,0,0,3.2000000000000002,0,hold,-1
8.9500000000000011,3,0,0,0,3.2000000000000002,0,hold,179
8.9550000000000001,3,0,0,0,3.2000000000000002,0,hold,-1
8.9600000000000009,3,0,0,0,3.2000000000000002,0,hold,-1
8.9649999999999999,3,0,0,0,3.2000000000000002,0,hold,-1
8.9700000000000006,3,0,0,0,3.2000000000000002,0,hold,-1
8.9749999999999996,3,0,0,0,3.2000000000000002,0,hold,-1
8.9800000000000004,3,0,0,0,3.2000000000000002,0,hold,-1
8.9849999999999994,3,0,0,0,3.2000000000000002,0,hold,-1
8.9900000000000002,3,0,0,0,3.2000000000000002,0,hold,-1
8.995000000000001,3,0,0,0,3.2000000000000002,0,hold,-1
9,3,0,0,0,3.2000000000000002,0,hold,180
9.0050000000000008,3,0,0,0,3.2000000000000002,0,hold,-1
9.0099999999999998,3,0,0,0,3.2000000000000002,0,hold,-1
9.0150000000000006,3,0,0,0,3.2000000000000002,0,hold,-1
9.0199999999999996,3,0,0,0,3.2000000000000002,0,hold,-1
9.0250000000000004,3,0,0,0,3.2000000000000002,0,hold,-1
9.0299999999999994,3,0,0,0,3.2000000000000002,0,hold,-1
9.0350000000000001,3,0,0,0,3.2000000000000002,0,hold,-1
9.0400000000000009,3,0,0,0,3.2000000000000002,0,hold,-1
9.0449999999999999,3,0,0,0,3.2000000000000002,0,hold,-1
9.0500000000000007,3,0,0,0,3.2000000000000002,0,hold,181
9.0549999999999997,3,0,0,0,3.2000000000000002,0,hold,-1
9.0600000000000005,3,0,0,0,3.2000000000000002,0,hold,-1
9.0649999999999995,3,0,0,0,3.2000000000000002,0,hold,-1
9.0700000000000003,3,0,0,0,3.2000000000000002,0,hold,-1
9.0750000000000011,3,0,0,0,3.2000000000000002,0,hold,-1
9.0800000000000001,3,0,0,0,3.2000000000000002,0,hold,-1
9.0850000000000009,3,0,0,0,3.2000000000000002,0,hold,-1
9.0899999999999999,3,0,0,0,3.2000000000000002,0,hold,-1
9.0950000000000006,3,0,0,0,3.2000000000000002,0,hold,-1
9.0999999999999996,3,0,0,0,3.2000000000000002,0,hold,182
9.1050000000000004,3,0,0,0,3.2000000000000002,0,hold,-1
9.1099999999999994,3,0,0,0,3.2000000000000002,0,hold,-1
9.1150000000000002,3,0,0,0,3.2000000000000002,0,hold,-1
9.120000000000001,3,0,0,0,3.2000000000000002,0,hold,-1
9.125,3,0,0,0,3.2000000000000002,0,hold,-1
9.1300000000000008,3,0,0,0,3.2000000000000002,0,hold,-1
9.1349999999999998,3,0,0,0,3.2000000000000002,0,hold,-1
9.1400000000000006,3,0,0,0,3.2000000000000002,0,hold,-1
9.1449999999999996,3,0,0,0,3.2000000000000002,0,hold,-1
9.1500000000000004,3,0,0,0,3.2000000000000002,0,hold,183
9.1549999999999994,3,0,0,0,3.2000000000000002,0,hold,-1
9.1600000000000001,3,0,0,0,3.2000000000000002,0,hold,-1
9.1650000000000009,3,0,0,0,3.2000000000000002,0,hold,-1
9.1699999999999999,3,0,0,0,3.2000000000000002,0,hold,-1
9.1750000000000007,3,0,0,0,3.2000000000000002,0,hold,-1
9.1799999999999997,3,0,0,0,3.2000000000000002,0,hold,-1
9.1850000000000005,3,0,0,0,3.2000000000000002,0,hold,-1
9.1899999999999995,3,0,0,0,3.2000000000000002,0,hold,-1
9.1950000000000003,3,0,0,0,3.2000000000000002,0,hold,-1
9.2000000000000011,3,0,0,0,3.2000000000000002,0,hold,184
9.2050000000000001,3,0,0,0,3.2000000000000002,0,hold,-1
9.2100000000000009,3,0,0,0,3.2000000000000002,0,hold,-1
9.2149999999999999,3,0,0,0,3.2000000000000002,0,hold,-1
9.2200000000000006,3,0,0,0,3.2000000000000002,0,hold,-1
9.2249999999999996,3,0,0,0,3.2000000000000002,0,hold,-1
9.2300000000000004,3,0,0,0,3.2000000000000002,0,hold,-1
9.2349999999999994,3,0,0,0,3.2000000000000002,0,hold,-1
9.2400000000000002,3,0,0,0,3.2000000000000002,0,hold,-1
9.245000000000001,3,0,0,0,3.2000000000000002,0,hold,-1
9.25,3,0,0,0,3.2000000000000002,0,hold,185
9.2550000000000008,3,0,0,0,3.2000000000000002,0,hold,-1
9.2599999999999998,3,0,0,0,3.2000000000000002,0,hold,-1
9.2650000000000006,3,0,0,0,3.2000000000000002,0,hold,-1
9.2699999999999996,3,0,0,0,3.2000000000000002,0,hold,-1
9.2750000000000004,3,0,0,0,3.2000000000000002,0,hold,-1
9.2799999999999994,3,0,0,0,3.2000000000000002,0,hold,-1
9.2850000000000001,3,0,0,0,3.2000000000000002,0,hold,-1
9.2900000000000009,3,0,0,0,3.2000000000000002,0,hold,-1
9.2949999999999999,3,0,0,0,3.2000000000000002,0,hold,-1
9.3000000000000007,3,0,0,0,3.2000000000000002,0,hold,186
9.3049999999999997,3,0,0,0,3.2000000000000002,0,hold,-1
9.3100000000000005,3,0,0,0,3.2000000000000002,0,hold,-1
9.3149999999999995,3,0,0,0,3.2000000000000002,0,hold,-1
9.3200000000000003,3,0,0,0,3.2000000000000002,0,hold,-1
9.3250000000000011,3,0,0,0,3.2000000000000002,0,hold,-1
9.3300000000000001,3,0,0,0,3.2000000000000002,0,hold,-1
9.3350000000000009,3,0,0,0,3.2000000000000002,0,hold,-1
9.3399999999999999,3,0,0,0,3.2000000000000002,0,hold,-1
9.3450000000000006,3,0,0,0,3.2000000000000002,0,hold,-1
9.3499999999999996,3,0,0,0,3.2000000000000002,0,hold,187
9.3550000000000004,3,0,0,0,3.2000000000000002,0,hold,-1
9.3599999999999994,3,0,0,0,3.2000000000000002,0,hold,-1
9.3650000000000002,3,0,0,0,3.2000000000000002,0,hold,-1
9.370000000000001,3,0,0,0,3.2000000000000002,0,hold,-1
9.375,3,0,0,0,3.2000000000000002,0,hold,-1
9.3800000000000008,3,0,0,0,3.2000000000000002,0,hold,-1
9.3849999999999998,3,0,0,0,3.2000000000000002,0,hold,-1
9.3900000000000006,3,0,0,0,3.2000000000000002,0,hold,-1
9.3949999999999996,3,0,0,0,3.2000000000000002,0,hold,-1
9.4000000000000004,3,0,0,0,3.2000000000000002,0,hold,188
9.4049999999999994,3,0,0,0,3.2000000000000002,0,hold,-1
9.4100000000000001,3,0,0,0,3.2000000000000002,0,hold,-1
9.4150000000000009,3,0,0,0,3.2000000000000002,0,hold,-1
9.4199999999999999,3,0,0,0,3.2000000000000002,0,hold,-1
9.4250000000000007,3,0,0,0,3.2000000000000002,0,hold,-1
9.4299999999999997,3,0,0,0,3.2000000000000002,0,hold,-1
9.4350000000000005,3,0,0,0,3.2000000000000002,0,hold,-1
9.4399999999999995,3,0,0,0,3.2000000000000002,0,hold,-1
9.4450000000000003,3,0,0,0,3.2000000000000002,0,hold,-1
9.4500000000000011,3,0,0,0,3.2000000000000002,0,hold,189
9.4550000000000001,3,0,0,0,3.2000000000000002,0,hold,-1
9.4600000000000009,3,0,0,0,3.2000000000000002,0,hold,-1
9.4649999999999999,3,0,0,0,3.2000000000000002,0,hold,-1
9.4700000000000006,3,0,0,0,3.2000000000000002,0,hold,-1
9.4749999999999996,3,0,0,0,3.2000000000000002,0,hold,-1
9.4800000000000004,3,0,0,0,3.2000000000000002,0,hold,-1
9.4849999999999994,3,0,0,0,3.2000000000000002,0,hold,-1
9.4900000000000002,3,0,0,0,3.2000000000000002,0,hold,-1
9.495000000000001,3,0,0,0,3.2000000000000002,0,hold,-1
9.5,3,0,0,0,3.2000000000000002,0,hold,190
9.5050000000000008,3,0,0,0,3.2000000000000002,0,hold,-1
9.5099999999999998,3,0,0,0,3.2000000000000002,0,hold,-1
9.5150000000000006,3,0,0,0,3.2000000000000002,0,hold,-1
9.5199999999999996,3,0,0,0,3.2000000000000002,0,hold,-1
9.5250000000000004,3,0,0,0,3.2000000000000002,0,hold,-1
9.5299999999999994,3,0,0,0,3.2000000000000002,0,hold,-1
9.5350000000000001,3,0,0,0,3.2000000000000002,0,hold,-1
9.5400000000000009,3,0,0,0,3.2000000000000002,0,hold,-1
9.5449999999999999,3,0,0,0,3.2000000000000002,0,hold,-1
9.5500000000000007,3,0,0,0,3.2000000000000002,0,hold,191
9.5549999999999997,3,0,0,0,3.2000000000000002,0,hold,-1
9.5600000000000005,3,0,0,0,3.2000000000000002,0,hold,-1
9.5649999999999995,3,0,0,0,3.2000000000000002,0,hold,-1
9.5700000000000003,3,0,0,0,3.2000000000000002,0,hold,-1
9.5750000000000011,3,0,0,0,3.2000000000000002,0,hold,-1
9.5800000000000001,3,0,0,0,3.2000000000000002,0,hold,-1
9.5850000000000009,3,0,0,0,3.2000000000000002,0,hold,-1
9.5899999999999999,3,0,0,0,3.2000000000000002,0,hold,-1
9.5950000000000006,3,0,0,0,3.2000000000000002,0,hold,-1
9.5999999999999996,3,0,0,0,3.2000000000000002,0,hold,192
9.6050000000000004,3,0,0,0,3.2000000000000002,0,hold,-1
9.6099999999999994,3,0,0,0,3.2000000000000002,0,hold,-1
9.6150000000000002,3,0,0,0,3.2000000000000002,0,hold,-1
9.620000000000001,3,0,0,0,3.2000000000000002,0,hold,-1
9.625,3,0,0,0,3.2000000000000002,0,hold,-1
9.6300000000000008,3,0,0,0,3.2000000000000002,0,hold,-1
9.6349999999999998,3,0,0,0,3.2000000000000002,0,hold,-1
9.6400000000000006,3,0,0,0,3.2000000000000002,0,hold,-1
9.6449999999999996,3,0,0,0,3.2000000000000002,0,hold,-1
9.6500000000000004,3,0,0,0,3.2000000000000002,0,hold,193
9.6549999999999994,3,0,0,0,3.2000000000000002,0,hold,-1
9.6600000000000001,3,0,0,0,3.2000000000000002,0,hold,-1
9.6650000000000009,3,0,0,0,3.2000000000000002,0,hold,-1
9.6699999999999999,3,0,0,0,3.2000000000000002,0,hold,-1
9.6750000000000007,3,0,0,0,3.2000000000000002,0,hold,-1
9.6799999999999997,3,0,0,0,3.2000000000000002,0,hold,-1
9.6850000000000005,3,0,0,0,3.2000000000000002,0,hold,-1
9.6899999999999995,3,0,0,0,3.2000000000000002,0,hold,-1
9.6950000000000003,3,0,0,0,3.2000000000000002,0,hold,-1
9.7000000000000011,3,0,0,0,3.2000000000000002,0,hold,194
9.7050000000000001,3,0,0,0,3.2000000000000002,0,hold,-1
9.7100000000000009,3,0,0,0,3.2000000000000002,0,hold,-1
9.7149999999999999,3,0,0,0,3.2000000000000002,0,hold,-1
9.7200000000000006,3,0,0,0,3.2000000000000002,0,hold,-1
9.7249999999999996,3,0,0,0,3.2000000000000002,0,hold,-1
9.7300000000000004,3,0,0,0,3.2000000000000002,0,hold,-1
9.7349999999999994,3,0,0,0,3.2000000000000002,0,hold,-1
9.7400000000000002,3,0,0,0,3.2000000000000002,0,hold,-1
9.745000000000001,3,0,0,0,3.2000000000000002,0,hold,-1
9.75,3,0,0,0,3.2000000000000002,0,hold,195
9.7550000000000008,3,0,0,0,3.2000000000000002,0,hold,-1
9.7599999999999998,3,0,0,0,3.2000000000000002,0,hold,-1
9.7650000000000006,3,0,0,0,3.2000000000000002,0,hold,-1
9.7699999999999996,3,0,0,0,3.2000000000000002,0,hold,-1
9.7750000000000004,3,0,0,0,3.2000000000000002,0,hold,-1
9.7799999999999994,3,0,0,0,3.2000000000000002,0,hold,-1
9.7850000000000001,3,0,0,0,3.2000000000000002,0,hold,-1
9.7900000000000009,3,0,0,0,3.2000000000000002,0,hold,-1
9.7949999999999999,3,0,0,0,3.2000000000000002,0,hold,-1
9.8000000000000007,3,0,0,0,3.2000000000000002,0,hold,196
9.8049999999999997,3,0,0,0,3.2000000000000002,0,hold,-1
9.8100000000000005,3,0,0,0,3.2000000000000002,0,hold,-1
9.8149999999999995,3,0,0,0,3.2000000000000002,0,hold,-1
9.8200000000000003,3,0,0,0,3.2000000000000002,0,hold,-1
9.8250000000000011,3,0,0,0,3.2000000000000002,0,hold,-1
9.8300000000000001,3,0,0,0,3.2000000000000002,0,hold,-1
9.8350000000000009,3,0,0,0,3.2000000000000002,0,hold,-1
9.8399999999999999,3,0,0,0,3.2000000000000002,0,hold,-1
9.8450000000000006,3,0,0,0,3.2000000000000002,0,hold,-1
9.8499999999999996,3,0,0,0,3.2000000000000002,0,hold,197
9.8550000000000004,3,0,0,0,3.2000000000000002,0,hold,-1
9.8599999999999994,3,0,0,0,3.2000000000000002,0,hold,-1
9.8650000000000002,3,0,0,0,3.2000000000000002,0,hold,-1
9.870000000000001,3,0,0,0,3.2000000000000002,0,hold,-1
9.875,3,0,0,0,3.2000000000000002,0,hold,-1
9.8800000000000008,3,0,0,0,3.2000000000000002,0,hold,-1
9.8849999999999998,3,0,0,0,3.2000000000000002,0,hold,-1
9.8900000000000006,3,0,0,0,3.2000000000000002,0,hold,-1
9.8949999999999996,3,0,0,0,3.2000000000000002,0,hold,-1
9.9000000000000004,3,0,0,0,3.2000000000000002,0,hold,198
9.9049999999999994,3,0,0,0,3.2000000000000002,0,hold,-1
9.9100000000000001,3,0,0,0,3.2000000000000002,0,hold,-1
9.9150000000000009,3,0,0,0,3.2000000000000002,0,hold,-1
9.9199999999999999,3,0,0,0,3.2000000000000002,0,hold,-1
9.9250000000000007,3,0,0,0,3.2000000000000002,0,hold,-1
9.9299999999999997,3,0,0,0,3.2000000000000002,0,hold,-1
9.9350000000000005,3,0,0,0,3.2000000000000002,0,hold,-1
9.9399999999999995,3,0,0,0,3.2000000000000002,0,hold,-1
9.9450000000000003,3,0,0,0,3.2000000000000002,0,hold,-1
9.9500000000000011,3,0,0,0,3.2000000000000002,0,hold,199
9.9550000000000001,3,0,0,0,3.2000000000000002,0,hold,-1
9.9600000000000009,3,0,0,0,3.2000000000000002,0,hold,-1
9.9649999999999999,3,0,0,0,3.2000000000000002,0,hold,-1
9.9700000000000006,3,0,0,0,3.2000000000000002,0,hold,-1
9.9749999999999996,3,0,0,0,3.2000000000000002,0,hold,-1
9.9800000000000004,3,0,0,0,3.2000000000000002,0,hold,-1
9.9849999999999994,3,0,0,0,3.2000000000000002,0,hold,-1
9.9900000000000002,3,0,0,0,3.2000000000000002,0,hold,-1
9.995000000000001,3,0,0,0,3.2000000000000002,0,hold,-1
10,3,0,0,0,3.2000000000000002,0,hold,200
10.005000000000001,3,0,0,0,3.2000000000000002,0,hold,-1
10.01,3,0,0,0,3.2000000000000002,0,hold,-1
10.015000000000001,3,0,0,0,3.2000000000000002,0,hold,-1
10.02,3,0,0,0,3.2000000000000002,0,hold,-1
10.025,3,0,0,0,3.2000000000000002,0,hold,-1
10.029999999999999,3,0,0,0,3.2000000000000002,0,hold,-1
10.035,3,0,0,0,3.2000000000000002,0,hold,-1
10.040000000000001,3,0,0,0,3.2000000000000002,0,hold,-1
10.045,3,0,0,0,3.2000000000000002,0,hold,-1
10.050000000000001,3,0,0,0,3.2000000000000002,0,hold,201
10.055,3,0,0,0,3.2000000000000002,0,hold,-1
10.06,3,0,0,0,3.2000000000000002,0,hold,-1
10.065,3,0,0,0,3.2000000000000002,0,hold,-1
10.07,3,0,0,0,3.2000000000000002,0,hold,-1
10.075000000000001,3,0,0,0,3.2000000000000002,0,hold,-1
10.08,3,0,0,0,3.2000000000000002,0,hold,-1
10.085000000000001,3,0,0,0,3.2000000000000002,0,hold,-1
10.09,3,0,0,0,3.2000000000000002,0,hold,-1
10.095000000000001,3,0,0,0,3.2000000000000002,0,hold,-1
10.1,3,0,0,0,3.2000000000000002,0,hold,202
10.105,3,0,0,0,3.2000000000000002,0,hold,-1
10.109999999999999,3,0,0,0,3.2000000000000002,0,hold,-1
10.115,3,0,0,0,3.2000000000000002,0,hold,-1
10.120000000000001,3,0,0,0,3.2000000000000002,0,hold,-1
10.125,3,0,0,0,3.2000000000000002,0,hold,-1
10.130000000000001,3,0,0,0,3.2000000000000002,0,hold,-1
10.135,3,0,0,0,3.2000000000000002,0,hold,-1
10.140000000000001,3,0,0,0,3.2000000000000002,0,hold,-1
10.145,3,0,0,0,3.2000000000000002,0,hold,-1
10.15,3,0,0,0,3.2000000000000002,0,hold,203
10.154999999999999,3,0,0,0,3.2000000000000002,0,hold,-1
10.16,3,0,0,0,3.2000000000000002,0,hold,-1
10.165000000000001,3,0,0,0,3.2000000000000002,0,hold,-1
10.17,3,0,0,0,3.2000000000000002,0,hold,-1
10.175000000000001,3,0,0,0,3.2000000000000002,0,hold,-1
10.18,3,0,0,0,3.2000000000000002,0,hold,-1
10.185,3,0,0,0,3.2000000000000002,0,hold,-1
10.19,3,0,0,0,3.2000000000000002,0,hold,-1
10.195,3,0,0,0,3.2000000000000002,0,hold,-1
10.200000000000001,3,0,0,0,3.2000000000000002,0,hold,204
10.205,3,0,0,0,3.2000000000000002,0,hold,-1
10.210000000000001,3,0,0,0,3.2000000000000002,0,hold,-1
10.215,3,0,0,0,3.2000000000000002,0,hold,-1
10.220000000000001,3,0,0,0,3.2000000000000002,0,hold,-1
10.225,3,0,0,0,3.2000000000000002,0,hold,-1
10.23,3,0,0,0,3.2000000000000002,0,hold,-1
10.234999999999999,3,0,0,0,3.2000000000000002,0,hold,-1
10.24,3,0,0,0,3.2000000000000002,0,hold,-1
10.245000000000001,3,0,0,0,3.2000000000000002,0,hold,-1
10.25,3,0,0,0,3.2000000000000002,0,hold,205
10.255000000000001,3,0,0,0,3.2000000000000002,0,hold,-1
10.26,3,0,0,0,3.2000000000000002,0,hold,-1
10.265000000000001,3,0,0,0,3.2000000000000002,0,hold,-1
10.27,3,0,0,0,3.2000000000000002,0,hold,-1
10.275,3,0,0,0,3.2000000000000002,0,hold,-1
10.279999999999999,3,0,0,0,3.2000000000000002,0,hold,-1
10.285,3,0,0,0,3.2000000000000002,0,hold,-1
10.290000000000001,3,0,0,0,3.2000000000000002,0,hold,-1
10.295,3,0,0,0,3.2000000000000002,0,hold,-1
10.300000000000001,3,0,0,0,3.2000000000000002,0,hold,206
10.305,3,0,0,0,3.2000000000000002,0,hold,-1
10.31,3,0,0,0,3.2000000000000002,0,hold,-1
10.315,3,0,0,0,3.2000000000000002,0,hold,-1
10.32,3,0,0,0,3.2000000000000002,0,hold,-1
10.325000000000001,3,0,0,0,3.2000000000000002,0,hold,-1
10.33,3,0,0,0,3.2000000000000002,0,hold,-1
10.335000000000001,3,0,0,0,3.2000000000000002,0,hold,-1
10.34,3,0,0,0,3.2000000000000002,0,hold,-1
10.345000000000001,3,0,0,0,3.2000000000000002,0,hold,-1
10.35,3,0,0,0,3.2000000000000002,0,hold,207
10.355,3,0,0,0,3.2000000000000002,0,hold,-1
10.359999999999999,3,0,0,0,3.2000000000000002,0,hold,-1
10.365,3,0,0,0,3.2000000000000002,0,hold,-1
10.370000000000001,3,0,0,0,3.2000000000000002,0,hold,-1
10.375,3,0,0,0,3.2000000000000002,0,hold,-1
10.380000000000001,3,0,0,0,3.2000000000000002,0,hold,-1
10.385,3,0,0,0,3.2000000000000002,0,hold,-1
10.390000000000001,3,0,0,0,3.2000000000000002,0,hold,-1
10.395,3,0,0,0,3.2000000000000002,0,hold,-1
10.4,3,0,0,0,3.2000000000000002,0,hold,208
10.404999999999999,3,0,0,0,3.2000000000000002,0,hold,-1
10.41,3,0,0,0,3.2000000000000002,0,hold,-1
10.415000000000001,3,0,0,0,3.2000000000000002,0,hold,-1
10.42,3,0,0,0,3.2000000000000002,0,hold,-1
10.425000000000001,3,0,0,0,3.2000000000000002,0,hold,-1
10.43,3,0,0,0,3.2000000000000002,0,hold,-1
10.435,3,0,0,0,3.2000000000000002,0,hold,-1
10.44,3,0,0,0,3.2000000000000002,0,hold,-1
10.445,3,0,0,0,3.2000000000000002,0,hold,-1
10.450000000000001,3,0,0,0,3.2000000000000002,0,hold,209
10.455,3,0,0,0,3.2000000000000002,0,hold,-1
10.460000000000001,3,0,0,0,3.2000000000000002,0,hold,-1
10.465,3,0,0,0,3.2000000000000002,0,hold,-1
10.470000000000001,3,0,0,0,3.2000000000000002,0,hold,-1
10.475,3,0,0,0,3.2000000000000002,0,hold,-1
10.48,3,0,0,0,3.2000000000000002,0,hold,-1
10.484999999999999,3,0,0,0,3.2000000000000002,0,hold,-1
10.49,3,0,0,0,3.2000000000000002,0,hold,-1
10.495000000000001,3,0,0,0,3.2000000000000002,0,hold,-1
10.5,3,0,0,0,3.2000000000000002,0,hold,210
10.505000000000001,3,0,0,0,3.2000000000000002,0,hold,-1
10.51,3,0,0,0,3.2000000000000002,0,hold,-1
10.515000000000001,3,0,0,0,3.2000000000000002,0,hold,-1
10.52,3,0,0,0,3.2000000000000002,0,hold,-1
10.525,3,0,0,0,3.2000000000000002,0,hold,-1
10.529999999999999,3,0,0,0,3.2000000000000002,0,hold,-1
10.535,3,0,0,0,3.2000000000000002,0,hold,-1
10.540000000000001,3,0,0,0,3.2000000000000002,0,hold,-1
10.545,3,0,0,0,3.2000000000000002,0,hold,-1
10.550000000000001,3,0,0,0,3.2000000000000002,0,hold,211
10.555,3,0,0,0,3.2000000000000002,0,hold,-1
10.56,3,0,0,0,3.2000000000000002,0,hold,-1
10.565,3,0,0,0,3.2000000000000002,0,hold,-1
10.57,3,0,0,0,3.2000000000000002,0,hold,-1
10.575000000000001,3,0,0,0,3.2000000000000002,0,hold,-1
10.58,3,0,0,0,3.2000000000000002,0,hold,-1
10.585000000000001,3,0,0,0,3.2000000000000002,0,hold,-1
10.59,3,0,0,0,3.2000000000000002,0,hold,-1
10.595000000000001,3,0,0,0,3.2000000000000002,0,hold,-1
10.6,3,0,0,0,3.2000000000000002,0,hold,212
10.605,3,0,0,0,3.2000000000000002,0,hold,-1
10.609999999999999,3,0,0,0,3.2000000000000002,0,hold,-1
10.615,3,0,0,0,3.2000000000000002,0,hold,-1
10.620000000000001,3,0,0,0,3.2000000000000002,0,hold,-1
10.625,3,0,0,0,3.2000000000000002,0,hold,-1
10.630000000000001,3,0,0,0,3.2000000000000002,0,hold,-1
10.635,3,0,0,0,3.2000000000000002,0,hold,-1
10.640000000000001,3,0,0,0,3.2000000000000002,0,hold,-1
10.645,3,0,0,0,3.2000000000000002,0,hold,-1
10.65,3,0,0,0,3.2000000000000002,0,hold,213
10.654999999999999,3,0,0,0,3.2000000000000002,0,hold,-1
10.66,3,0,0,0,3.2000000000000002,0,hold,-1
10.665000000000001,3,0,0,0,3.2000000000000002,0,hold,-1
10.67,3,0,0,0,3.2000000000000002,0,hold,-1
10.675000000000001,3,0,0,0,3.2000000000000002,0,hold,-1
10.68,3,0,0,0,3.2000000000000002,0,hold,-1
10.685,3,0,0,0,3.2000000000000002,0,hold,-1
10.69,3,0,0,0,3.2000000000000002,0,hold,-1
10.695,3,0,0,0,3.2000000000000002,0,hold,-1
10.700000000000001,3,0,0,0,3.2000000000000002,0,hold,214
10.705,3,0,0,0,3.2000000000000002,0,hold,-1
10.710000000000001,3,0,0,0,3.2000000000000002,0,hold,-1
10.715,3,0,0,0,3.2000000000000002,0,hold,-1
10.720000000000001,3,0,0,0,3.2000000000000002,0,hold,-1
10.725,3,0,0,0,3.2000000000000002,0,hold,-1
10.73,3,0,0,0,3.2000000000000002,0,hold,-1
10.734999999999999,3,0,0,0,3.2000000000000002,0,hold,-1
10.74,3,0,0,0,3.2000000000000002,0,hold,-1
10.745000000000001,3,0,0,0,3.2000000000000002,0,hold,-1
10.75,3,0,0,0,3.2000000000000002,0,hold,215
10.755000000000001,3,0,0,0,3.2000000000000002,0,hold,-1
10.76,3,0,0,0,3.2000000000000002,0,hold,-1
10.765000000000001,3,0,0,0,3.2000000000000002,0,hold,-1
10.77,3,0,0,0,3.2000000000000002,0,hold,-1
10.775,3,0,0,0,3.2000000000000002,0,hold,-1
10.779999999999999,3,0,0,0,3.2000000000000002,0,hold,-1
10.785,3,0,0,0,3.2000000000000002,0,hold,-1
10.790000000000001,3,0,0,0,3.2000000000000002,0,hold,-1
10.795,3,0,0,0,3.2000000000000002,0,hold,-1
10.800000000000001,3,0,0,0,3.2000000000000002,0,hold,216
10.805,3,0,0,0,3.2000000000000002,0,hold,-1
10.81,3,0,0,0,3.2000000000000002,0,hold,-1
10.815,3,0,0,0,3.2000000000000002,0,hold,-1
10.82,3,0,0,0,3.2000000000000002,0,hold,-1
10.825000000000001,3,0,0,0,3.2000000000000002,0,hold,-1
10.83,3,0,0,0,3.2000000000000002,0,hold,-1
10.835000000000001,3,0,0,0,3.2000000000000002,0,hold,-1
10.84,3,0,0,0,3.2000000000000002,0,hold,-1
10.845000000000001,3,0,0,0,3.2000000000000002,0,hold,-1
10.85,3,0,0,0,3.2000000000000002,0,hold,217
10.855,3,0,0,0,3.2000000000000002,0,hold,-1
10.859999999999999,3,0,0,0,3.2000000000000002,0,hold,-1
10.865,3,0,0,0,3.2000000000000002,0,hold,-1
10.870000000000001,3,0,0,0,3.2000000000000002,0,hold,-1
10.875,3,0,0,0,3.2000000000000002,0,hold,-1
10.880000000000001,3,0,0,0,3.2000000000000002,0,hold,-1
10.885,3,0,0,0,3.2000000000000002,0,hold,-1
10.890000000000001,3,0,0,0,3.2000000000000002,0,hold,-1
10.895,3,0,0,0,3.2000000000000002,0,hold,-1
10.9,3,0,0,0,3.2000000000000002,0,hold,218
10.904999999999999,3,0,0,0,3.2000000000000002,0,hold,-1
10.91,3,0,0,0,3.2000000000000002,0,hold,-1
10.915000000000001,3,0,0,0,3.2000000000000002,0,hold,-1
10.92,3,0,0,0,3.2000000000000002,0,hold,-1
10.925000000000001,3,0,0,0,3.2000000000000002,0,hold,-1
10.93,3,0,0,0,3.2000000000000002,0,hold,-1
10.935,3,0,0,0,3.2000000000000002,0,hold,-1
10.94,3,0,0,0,3.2000000000000002,0,hold,-1
10.945,3,0,0,0,3.2000000000000002,0,hold,-1
10.950000000000001,3,0,0,0,3.2000000000000002,0,hold,219
10.955,3,0,0,0,3.2000000000000002,0,hold,-1
10.960000000000001,3,0,0,0,3.2000000000000002,0,hold,-1
10.965,3,0,0,0,3.2000000000000002,0,hold,-1
10.970000000000001,3,0,0,0,3.2000000000000002,0,hold,-1
10.975,3,0,0,0,3.2000000000000002,0,hold,-1
10.98,3,0,0,0,3.2000000000000002,0,hold,-1
10.984999999999999,3,0,0,0,3.2000000000000002,0,hold,-1
10.99,3,0,0,0,3.2000000000000002,0,hold,-1
10.995000000000001,3,0,0,0,3.2000000000000002,0,hold,-1
11,3,0,0,0,3.2000000000000002,0,hold,220
11.005000000000001,3,0,0,0,3.2000000000000002,0,hold,-1
11.01,3,0,0,0,3.2000000000000002,0,hold,-1
11.015000000000001,3,0,0,0,3.2000000000000002,0,hold,-1
11.02,3,0,0,0,3.2000000000000002,0,hold,-1
11.025,3,0,0,0,3.2000000000000002,0,hold,-1
11.029999999999999,3,0,0,0,3.2000000000000002,0,hold,-1
11.035,3,0,0,0,3.2000000000000002,0,hold,-1
11.040000000000001,3,0,0,0,3.2000000000000002,0,hold,-1
11.045,3,0,0,0,3.2000000000000002,0,hold,-1
11.050000000000001,3,0,0,0,3.2000000000000002,0,hold,221
11.055,3,0,0,0,3.2000000000000002,0,hold,-1
11.06,3,0,0,0,3.2000000000000002,0,hold,-1
11.065,3,0,0,0,3.2000000000000002,0,hold,-1
11.07,3,0,0,0,3.2000000000000002,0,hold,-1
11.075000000000001,3,0,0,0,3.2000000000000002,0,hold,-1
11.08,3,0,0,0,3.2000000000000002,0,hold,-1
11.085000000000001,3,0,0,0,3.2000000000000002,0,hold,-1
11.09,3,0,0,0,3.2000000000000002,0,hold,-1
11.095000000000001,3,0,0,0,3.2000000000000002,0,hold,-1
11.1,3,0,0,0,3.2000000000000002,0,hold,222
11.105,3,0,0,0,3.2000000000000002,0,hold,-1
11.109999999999999,3,0,0,0,3.2000000000000002,0,hold,-1
11.115,3,0,0,0,3.2000000000000002,0,hold,-1
11.120000000000001,3,0,0,0,3.2000000000000002,0,hold,-1
11.125,3,0,0,0,3.2000000000000002,0,hold,-1
11.130000000000001,3,0,0,0,3.2000000000000002,0,hold,-1
11.135,3,0,0,0,3.2000000000000002,0,hold,-1
11.140000000000001,3,0,0,0,3.2000000000000002,0,hold,-1
11.145,3,0,0,0,3.2000000000000002,0,hold,-1
11.15,3,0,0,0,3.2000000000000002,0,hold,223
11.154999999999999,3,0,0,0,3.2000000000000002,0,hold,-1
11.16,3,0,0,0,3.2000000000000002,0,hold,-1
11.165000000000001,3,0,0,0,3.2000000000000002,0,hold,-1
11.17,3,0,0,0,3.2000000000000002,0,hold,-1
11.175000000000001,3,0,0,0,3.2000000000000002,0,hold,-1
11.18,3,0,0,0,3.2000000000000002,0,hold,-1
11.185,3,0,0,0,3.2000000000000002,0,hold,-1
11.19,3,0,0,0,3.2000000000000002,0,hold,-1
11.195,3,0,0,0,3.2000000000000002,0,hold,-1
11.200000000000001,3,0,0,0,3.2000000000000002,0,hold,224
11.205,3,0,0,0,3.2000000000000002,0,hold,-1
11.210000000000001,3,0,0,0,3.2000000000000002,0,hold,-1
11.215,3,0,0,0,3.2000000000000002,0,hold,-1
11.220000000000001,3,0,0,0,3.2000000000000002,0,hold,-1
11.225,3,0,0,0,3.2000000000000002,0,hold,-1
11.23,3,0,0,0,3.2000000000000002,0,hold,-1
11.234999999999999,3,0,0,0,3.2000000000000002,0,hold,-1
11.24,3,0,0,0,3.2000000000000002,0,hold,-1
11.245000000000001,3,0,0,0,3.2000000000000002,0,hold,-1
11.25,3,0,0,0,3.2000000000000002,0,hold,225
11.255000000000001,3,0,0,0,3.2000000000000002,0,hold,-1
11.26,3,0,0,0,3.2000000000000002,0,hold,-1
11.265000000000001,3,0,0,0,3.2000000000000002,0,hold,-1
11.27,3,0,0,0,3.2000000000000002,0,hold,-1
11.275,3,0,0,0,3.2000000000000002,0,hold,-1
11.279999999999999,3,0,0,0,3.2000000000000002,0,hold,-1
11.285,3,0,0,0,3.2000000000000002,0,hold,-1
11.290000000000001,3,0,0,0,3.2000000000000002,0,hold,-1
11.295,3,0,0,0,3.2000000000000002,0,hold,-1
11.300000000000001,3,0,0,0,3.2000000000000002,0,hold,226
11.305,3,0,0,0,3.2000000000000002,0,hold,-1
11.31,3,0,0,0,3.2000000000000002,0,hold,-1
11.315,3,0,0,0,3.2000000000000002,0,hold,-1
11.32,3,0,0,0,3.2000000000000002,0,hold,-1
11.325000000000001,3,0,0,0,3.2000000000000002,0,hold,-1
11.33,3,0,0,0,3.2000000000000002,0,hold,-1
11.335000000000001,3,0,0,0,3.2000000000000002,0,hold,-1
11.34,3,0,0,0,3.2000000000000002,0,hold,-1
11.345000000000001,3,0,0,0,3.2000000000000002,0,hold,-1
11.35,3,0,0,0,3.2000000000000002,0,hold,227
11.355,3,0,0,0,3.2000000000000002,0,hold,-1
11.359999999999999,3,0,0,0,3.2000000000000002,0,hold,-1
11.365,3,0,0,0,3.2000000000000002,0,hold,-1
11.370000000000001,3,0,0,0,3.2000000000000002,0,hold,-1
11.375,3,0,0,0,3.2000000000000002,0,hold,-1
11.380000000000001,3,0,0,0,3.2000000000000002,0,hold,-1
11.385,3,0,0,0,3.2000000000000002,0,hold,-1
11.390000000000001,3,0,0,0,3.2000000000000002,0,hold,-1
11.395,3,0,0,0,3.2000000000000002,0,hold,-1
11.4,3,0,0,0,3.2000000000000002,0,hold,228
11.404999999999999,3,0,0,0,3.2000000000000002,0,hold,-1
11.41,3,0,0,0,3.2000000000000002,0,hold,-1
11.415000000000001,3,0,0,0,3.2000000000000002,0,hold,-1
11.42,3,0,0,0,3.2000000000000002,0,hold,-1
11.425000000000001,3,0,0,0,3.2000000000000002,0,hold,-1
11.43,3,0,0,0,3.2000000000000002,0,hold,-1
11.435,3,0,0,0,3.2000000000000002,0,hold,-1
11.44,3,0,0,0,3.2000000000000002,0,hold,-1
11.445,3,0,0,0,3.2000000000000002,0,hold,-1
11.450000000000001,3,0,0,0,3.2000000000000002,0,hold,229
11.455,3,0,0,0,3.2000000000000002,0,hold,-1
11.460000000000001,3,0,0,0,3.2000000000000002,0,hold,-1
11.465,3,0,0,0,3.2000000000000002,0,hold,-1
11.470000000000001,3,0,0,0,3.2000000000000002,0,hold,-1
11.475,3,0,0,0,3.2000000000000002,0,hold,-1
11.48,3,0,0,0,3.2000000000000002,0,hold,-1
11.484999999999999,3,0,0,0,3.2000000000000002,0,hold,-1
11.49,3,0,0,0,3.2000000000000002,0,hold,-1
11.495000000000001,3,0,0,0,3.2000000000000002,0,hold,-1
11.5,3,0,0,0,3.2000000000000002,0,hold,230
11.505000000000001,3,0,0,0,3.2000000000000002,0,hold,-1
11.51,3,0,0,0,3.2000000000000002,0,hold,-1
11.515000000000001,3,0,0,0,3.2000000000000002,0,hold,-1
11.52,3,0,0,0,3.2000000000000002,0,hold,-1
11.525,3,0,0,0,3.2000000000000002,0,hold,-1
11.529999999999999,3,0,0,0,3.2000000000000002,0,hold,-1
11.535,3,0,0,0,3.2000000000000002,0,hold,-1
11.540000000000001,3,0,0,0,3.2000000000000002,0,hold,-1
11.545,3,0,0,0,3.2000000000000002,0,hold,-1
11.550000000000001,3,0,0,0,3.2000000000000002,0,hold,231
11.555,3,0,0,0,3.2000000000000002,0,hold,-1
11.56,3,0,0,0,3.2000000000000002,0,hold,-1
11.565,3,0,0,0,3.2000000000000002,0,hold,-1
11.57,3,0,0,0,3.2000000000000002,0,hold,-1
11.575000000000001,3,0,0,0,3.2000000000000002,0,hold,-1
11.58,3,0,0,0,3.2000000000000002,0,hold,-1
11.585000000000001,3,0,0,0,3.2000000000000002,0,hold,-1
11.59,3,0,0,0,3.2000000000000002,0,hold,-1
11.595000000000001,3,0,0,0,3.2000000000000002,0,hold,-1
11.6,3,0,0,0,3.2000000000000002,0,hold,232
11.605,3,0,0,0,3.2000000000000002,0,hold,-1
11.609999999999999,3,0,0,0,3.2000000000000002,0,hold,-1
11.615,3,0,0,0,3.2000000000000002,0,hold,-1
11.620000000000001,3,0,0,0,3.2000000000000002,0,hold,-1
11.625,3,0,0,0,3.2000000000000002,0,hold,-1
11.630000000000001,3,0,0,0,3.2000000000000002,0,hold,-1
11.635,3,0,0,0,3.2000000000000002,0,hold,-1
11.640000000000001,3,0,0,0,3.2000000000000002,0,hold,-1
11.645,3,0,0,0,3.2000000000000002,0,hold,-1
11.65,3,0,0,0,3.2000000000000002,0,hold,233
11.654999999999999,3,0,0,0,3.2000000000000002,0,hold,-1
11.66,3,0,0,0,3.2000000000000002,0,hold,-1
11.665000000000001,3,0,0,0,3.2000000000000002,0,hold,-1
11.67,3,0,0,0,3.2000000000000002,0,hold,-1
11.675000000000001,3,0,0,0,3.2000000000000002,0,hold,-1
11.68,3,0,0,0,3.2000000000000002,0,hold,-1
11.685,3,0,0,0,3.2000000000000002,0,hold,-1
11.69,3,0,0,0,3.2000000000000002,0,hold,-1
11.695,3,0,0,0,3.2000000000000002,0,hold,-1
11.700000000000001,3,0,0,0,3.2000000000000002,0,hold,234
11.705,3,0,0,0,3.2000000000000002,0,hold,-1
11.710000000000001,3,0,0,0,3.2000000000000002,0,hold,-1
11.715,3,0,0,0,3.2000000000000002,0,hold,-1
11.720000000000001,3,0,0,0,3.2000000000000002,0,hold,-1
11.725,3,0,0,0,3.2000000000000002,0,hold,-1
11.73,3,0,0,0,3.2000000000000002,0,hold,-1
11.734999999999999,3,0,0,0,3.2000000000000002,0,hold,-1
11.74,3,0,0,0,3.2000000000000002,0,hold,-1
11.745000000000001,3,0,0,0,3.2000000000000002,0,hold,-1
11.75,3,0,0,0,3.2000000000000002,0,hold,235
11.755000000000001,3,0,0,0,3.2000000000000002,0,hold,-1
11.76,3,0,0,0,3.2000000000000002,0,hold,-1
11.765000000000001,3,0,0,0,3.2000000000000002,0,hold,-1
11.77,3,0,0,0,3.2000000000000002,0,hold,-1
11.775,3,0,0,0,3.2000000000000002,0,hold,-1
11.779999999999999,3,0,0,0,3.2000000000000002,0,hold,-1
11.785,3,0,0,0,3.2000000000000002,0,hold,-1
11.790000000000001,3,0,0,0,3.2000000000000002,0,hold,-1
11.795,3,0,0,0,3.2000000000000002,0,hold,-1
11.800000000000001,3,0,0,0,3.2000000000000002,0,hold,236
11.805,3,0,0,0,3.2000000000000002,0,hold,-1
11.81,3,0,0,0,3.2000000000000002,0,hold,-1
11.815,3,0,0,0,3.2000000000000002,0,hold,-1
11.82,3,0,0,0,3.2000000000000002,0,hold,-1
11.825000000000001,3,0,0,0,3.2000000000000002,0,hold,-1
11.83,3,0,0,0,3.2000000000000002,0,hold,-1
11.835000000000001,3,0,0,0,3.2000000000000002,0,hold,-1
11.84,3,0,0,0,3.2000000000000002,0,hold,-1
11.845000000000001,3,0,0,0,3.2000000000000002,0,hold,-1
11.85,3,0,0,0,3.2000000000000002,0,hold,237
11.855,3,0,0,0,3.2000000000000002,0,hold,-1
11.859999999999999,3,0,0,0,3.2000000000000002,0,hold,-1
11.865,3,0,0,0,3.2000000000000002,0,hold,-1
11.870000000000001,3,0,0,0,3.2000000000000002,0,hold,-1
11.875,3,0,0,0,3.2000000000000002,0,hold,-1
11.880000000000001,3,0,0,0,3.2000000000000002,0,hold,-1
11.885,3,0,0,0,3.2000000000000002,0,hold,-1
11.890000000000001,3,0,0,0,3.2000000000000002,0,hold,-1
11.895,3,0,0,0,3.2000000000000002,0,hold,-1
11.9,3,0,0,0,3.2000000000000002,0,hold,238
11.904999999999999,3,0,0,0,3.2000000000000002,0,hold,-1
11.91,3,0,0,0,3.2000000000000002,0,hold,-1
11.915000000000001,3,0,0,0,3.2000000000000002,0,hold,-1
11.92,3,0,0,0,3.2000000000000002,0,hold,-1
11.925000000000001,3,0,0,0,3.2000000000000002,0,hold,-1
11.93,3,0,0,0,3.2000000000000002,0,hold,-1
11.935,3,0,0,0,3.2000000000000002,0,hold,-1
11.94,3,0,0,0,3.2000000000000002,0,hold,-1
11.945,3,0,0,0,3.2000000000000002,0,hold,-1
11.950000000000001,3,0,0,0,3.2000000000000002,0,hold,239
11.955,3,0,0,0,3.2000000000000002,0,hold,-1
11.960000000000001,3,0,0,0,3.2000000000000002,0,hold,-1
11.965,3,0,0,0,3.2000000000000002,0,hold,-1
11.970000000000001,3,0,0,0,3.2000000000000002,0,hold,-1
11.975,3,0,0,0,3.2000000000000002,0,hold,-1
11.98,3,0,0,0,3.2000000000000002,0,hold,-1
11.984999999999999,3,0,0,0,3.2000000000000002,0,hold,-1
11.99,3,0,0,0,3.2000000000000002,0,hold,-1
11.995000000000001,3,0,0,0,3.2000000000000002,0,hold,-1
12,3,0,0,0,3.2000000000000002,0,hold,240
