time,scenario,candidate,K_e,rho,epsilon,x_ref,vx_ref,ax_ref,y_ref,z_ref,yaw_ref,uav_x,uav_vx,uav_y,uav_z,uav_vy,uav_vz,protocol_mode,controller,controller_mode,tip_x,tip_y,tip_z,tip_displacement,alpha_eq,alpha_dot_eq,u_ae,passivity_slack,passivity_residual,ax_cmd_raw,ax_cmd_limited,ax_slew_limited,ax_saturated,solve_time_ms,acados_status,qp_iterations,anchor_active,roll_rad,pitch_rad,yaw_rad,thrust_cmd_raw_N,thrust_cmd_limited_N,mx_cmd_raw_Nm,my_cmd_raw_Nm,mz_cmd_raw_Nm,mx_cmd_limited_Nm,my_cmd_limited_Nm,mz_cmd_limited_Nm,rotor_motor_max_abs_cmd,joint_1_angle,joint_2_angle,joint_3_angle,joint_4_angle,joint_5_angle,joint_1_velocity,joint_2_velocity,joint_3_velocity,joint_4_velocity,joint_5_velocity,wind_x,wind_force_total_x
0,approach_stop,40,40,0.20000000000000001,0.02,0,0,0,0,3.2000000000000002,0,0,0,0,3.2000000000000002,0,0,free_flight_controlled,sep_nmpc_adapted,formal_acados,0.22500000000000001,0,0.38999999999999996,0,0,0,0,1.9999999999799999e-10,-1.9999999999799999e-10,0,0,false,false,6.0553929999999996,0,0,false,0,-0,0,129.8844,129.8844,0,0,0,0,0,0,0,0,0,0,0,0,0,0,0,0,0,0,0
0.0050000000000000001,approach_stop,40,40,0.20000000000000001,0.02,0,0,0,0,3.2000000000000002,0,0,0,0,3.2000000000000002,0,-1.0733273954080062e-17,free_flight_controlled,sep_nmpc_adapted,formal_acados,0.22500000000000001,0,0.38999999999999996,0,0,0,0,1.9999999999799999e-10,-1.9999999999799999e-10,0,0,false,false,6.0553929999999996,0,0,false,0,-0,0,129.8844,129.8844,0,0,0,0,0,0,0,0,0,0,0,0,0,0,0,0,0,0,0
0.01,approach_stop,40,40,0.20000000000000001,0.02,0,0,0,0,3.2000000000000002,0,0,0,0,3.2000000000000002,0,-2.1466547908160123e-17,free_flight_controlled,sep_nmpc_adapted,formal_acados,0.22500000000000001,0,0.38999999999999996,0,0,0,0,1.9999999999799999e-10,-1.9999999999799999e-10,0,0,false,false,6.0553929999999996,0,0,false,0,-0,0,129.8844,129.8844,0,0,0,0,0,0,0,0,0,0,0,0,0,0,0,0,0,0,0
0.014999999999999999,approach_stop,40,40,0.20000000000000001,0.02,0,0,0,0,3.2000000000000002,0,0,0,0,3.2000000000000002,0,-3.219982186224018e-17,free_flight_controlled,sep_nmpc_adapted,formal_acados,0.22500000000000001,0,0.38999999999999996,0,0,0,0,1.9999999999799999e-10,-1.9999999999799999e-10,0,0,false,false,6.0553929999999996,0,0,false,0,-0,0,129.8844,129.8844,0,0,0,0,0,0,0,0,0,0,0,0,0,0,0,0,0,0,0
0.02,approach_stop,40,40,0.20000000000000001,0.02,0,0,0,0,3.2000000000000002,0,0,0,0,3.2000000000000002,0,-4.2933095816320228e-17,free_flight_controlled,sep_nmpc_adapted,formal_acados,0.22500000000000001,0,0.38999999999999996,0,0,0,0,1.9999999999799999e-10,-1.9999999999799999e-10,0,0,false,false,6.0553929999999996,0,0,false,0,-0,0,129.8844,129.8844,0,0,0,0,0,0,0,0,0,0,0,0,0,0,0,0,0,0,0
0.025000000000000001,approach_stop,40,40,0.20000000000000001,0.02,0,0,0,0,3.2000000000000002,0,0,0,0,3.2000000000000002,0,-5.3666369770400276e-17,free_flight_controlled,sep_nmpc_adapted,formal_acados,0.22500000000000001,0,0.38999999999999996,0,0,0,0,1.9999999999799999e-10,-1.9999999999799999e-10,0,0,false,false,6.0553929999999996,0,0,false,0,-0,0,129.8844,129.8844,0,0,0,0,0,0,0,0,0,0,0,0,0,0,0,0,0,0,0
0.029999999999999999,approach_stop,40,40,0.20000000000000001,0.02,0,0,0,0,3.2000000000000002,0,0,0,0,3.2000000000000002,0,-6.4399643724480324e-17,free_flight_controlled,sep_nmpc_adapted,formal_acados,0.22500000000000001,0,0.38999999999999996,0,0,0,0,1.9999999999799999e-10,-1.9999999999799999e-10,0,0,false,false,6.0553929999999996,0,0,false,0,-0,0,129.8844,129.8844,0,0,0,0,0,0,0,0,0,0,0,0,0,0,0,0,0,0,0
0.035000000000000003,approach_stop,40,40,0.20000000000000001,0.02,0,0,0,0,3.2000000000000002,0,0,0,0,3.2000000000000002,0,-7.5132917678560372e-17,free_flight_controlled,sep_nmpc_adapted,formal_acados,0.22500000000000001,0,0.38999999999999996,0,0,0,0,1.9999999999799999e-10,-1.9999999999799999e-10,0,0,false,false,6.0553929999999996,0,0,false,0,-0,0,129.8844,129.8844,0,0,0,0,0,0,0,0,0,0,0,0,0,0,0,0,0,0,0
0.040000000000000001,approach_stop,40,40,0.20000000000000001,0.02,0,0,0,0,3.2000000000000002,0,0,0,0,3.2000000000000002,0,-8.5866191632640419e-17,free_flight_controlled,sep_nmpc_adapted,formal_acados,0.22500000000000001,0,0.38999999999999996,0,0,0,0,1.9999999999799999e-10,-1.9999999999799999e-10,0,0,false,false,6.0553929999999996,0,0,false,0,-0,0,129.8844,129.8844,0,0,0,0,0,0,0,0,0,0,0,0,0,0,0,0,0,0,0
0.044999999999999998,approach_stop,40,40,0.20000000000000001,0.02,0,0,0,0,3.2000000000000002,0,0,0,0,3.2000000000000002,0,-9.6599465586720467e-17,free_flight_controlled,sep_nmpc_adapted,formal_acados,0.22500000000000001,0,0.38999999999999996,0,0,0,0,1.9999999999799999e-10,-1.9999999999799999e-10,0,0,false,false,6.0553929999999996,0,0,false,0,-0,0,129.8844,129.8844,0,0,0,0,0,0,0,0,0,0,0,0,0,0,0,0,0,0,0
0.050000000000000003,approach_stop,40,40,0.20000000000000001,0.02,0,0,0,0,3.2000000000000002,0,0,0,0,3.2000000000000002,0,-1.0733273954080052e-16,free_flight_controlled,sep_nmpc_adapted,formal_acados,0.22500000000000001,0,0.38999999999999996,0,0,0,0,1.9999999999799999e-10,-1.9999999999799999e-10,0,0,false,false,5.8539190000000003,0,0,false,0,-0,0,129.8844,129.8844,0,0,0,0,0,0,0,0,0,0,0,0,0,0,0,0,0,0,0
0.055,approach_stop,40,40,0.20000000000000001,0.02,0,0,0,0,3.2000000000000002,0,0,0,0,3.2000000000000002,0,-1.1806601349488058e-16,free_flight_controlled,sep_nmpc_adapted,formal_acados,0.22500000000000001,0,0.38999999999999996,0,0,0,0,1.9999999999799999e-10,-1.9999999999799999e-10,0,0,false,false,5.8539190000000003,0,0,false,0,-0,0,129.8844,129.8844,0,0,0,0,0,0,0,0,0,0,0,0,0,0,0,0,0,0,0
0.059999999999999998,approach_stop,40,40,0.20000000000000001,0.02,0,0,0,0,3.2000000000000002,0,0,0,0,3.2000000000000002,0,-1.2879928744896062e-16,free_flight_controlled,sep_nmpc_adapted,formal_acados,0.22500000000000001,0,0.38999999999999996,0,0,0,0,1.9999999999799999e-10,-1.9999999999799999e-10,0,0,false,false,5.8539190000000003,0,0,false,0,-0,0,129.8844,129.8844,0,0,0,0,0,0,0,0,0,0,0,0,0,0,0,0,0,0,0
0.065000000000000002,approach_stop,40,40,0.20000000000000001,0.02,0,0,0,0,3.2000000000000002,0,0,0,0,3.2000000000000002,0,-1.3953256140304067e-16,free_flight_controlled,sep_nmpc_adapted,formal_acados,0.22500000000000001,0,0.38999999999999996,0,0,0,0,1.9999999999799999e-10,-1.9999999999799999e-10,0,0,false,false,5.8539190000000003,0,0,false,0,-0,0,129.8844,129.8844,0,0,0,0,0,0,0,0,0,0,0,0,0,0,0,0,0,0,0
0.070000000000000007,approach_stop,40,40,0.20000000000000001,0.02,0,0,0,0,3.2000000000000002,0,0,0,0,3.2000000000000002,0,-1.5026583535712072e-16,free_flight_controlled,sep_nmpc_adapted,formal_acados,0.22500000000000001,0,0.38999999999999996,0,0,0,0,1.9999999999799999e-10,-1.9999999999799999e-10,0,0,false,false,5.8539190000000003,0,0,false,0,-0,0,129.8844,129.8844,0,0,0,0,0,0,0,0,0,0,0,0,0,0,0,0,0,0,0
0.074999999999999997,approach_stop,40,40,0.20000000000000001,0.02,0,0,0,0,3.2000000000000002,0,0,0,0,3.2000000000000002,0,-1.6099910931120077e-16,free_flight_controlled,sep_nmpc_adapted,formal_acados,0.22500000000000001,0,0.38999999999999996,0,0,0,0,1.9999999999799999e-10,-1.9999999999799999e-10,0,0,false,false,5.8539190000000003,0,0,false,0,-0,0,129.8844,129.8844,0,0,0,0,0,0,0,0,0,0,0,0,0,0,0,0,0,0,0
0.080000000000000002,approach_stop,40,40,0.20000000000000001,0.02,0,0,0,0,3.2000000000000002,0,0,0,0,3.2000000000000002,0,-1.7173238326528081e-16,free_flight_controlled,sep_nmpc_adapted,formal_acados,0.22500000000000001,0,0.38999999999999996,0,0,0,0,1.9999999999799999e-10,-1.9999999999799999e-10,0,0,false,false,5.8539190000000003,0,0,false,0,-0,0,129.8844,129.8844,0,0,0,0,0,0,0,0,0,0,0,0,0,0,0,0,0,0,0
0.085000000000000006,approach_stop,40,40,0.20000000000000001,0.02,0,0,0,0,3.2000000000000002,0,0,0,0,3.2000000000000002,0,-1.8246565721936086e-16,free_flight_controlled,sep_nmpc_adapted,formal_acados,0.22500000000000001,0,0.38999999999999996,0,0,0,0,1.9999999999799999e-10,-1.9999999999799999e-10,0,0,false,false,5.8539190000000003,0,0,false,0,-0,0,129.8844,129.8844,0,0,0,0,0,0,0,0,0,0,0,0,0,0,0,0,0,0,0
0.089999999999999997,approach_stop,40,40,0.20000000000000001,0.02,0,0,0,0,3.2000000000000002,0,0,0,0,3.2000000000000002,0,-1.9319893117344091e-16,free_flight_controlled,sep_nmpc_adapted,formal_acados,0.22500000000000001,0,0.38999999999999996,0,0,0,0,1.9999999999799999e-10,-1.9999999999799999e-10,0,0,false,false,5.8539190000000003,0,0,false,0,-0,0,129.8844,129.8844,0,0,0,0,0,0,0,0,0,0,0,0,0,0,0,0,0,0,0
0.095000000000000001,approach_stop,40,40,0.20000000000000001,0.02,0,0,0,0,3.2000000000000002,0,0,0,0,3.2000000000000002,0,-2.0393220512752096e-16,free_flight_controlled,sep_nmpc_adapted,formal_acados,0.22500000000000001,0,0.38999999999999996,0,0,0,0,1.9999999999799999e-10,-1.9999999999799999e-10,0,0,false,false,5.8539190000000003,0,0,false,0,-0,0,129.8844,129.8844,0,0,0,0,0,0,0,0,0,0,0,0,0,0,0,0,0,0,0
0.10000000000000001,approach_stop,40,40,0.20000000000000001,0.02,0,0,0,0,3.2000000000000002,0,0,0,0,3.2000000000000002,0,-2.1466547908160101e-16,free_flight_controlled,sep_nmpc_adapted,formal_acados,0.22500000000000001,0,0.38999999999999996,0,0,0,0,1.9999999999799999e-10,-1.9999999999799999e-10,0,0,false,false,5.9029569999999998,0,0,false,0,-0,0,129.8844,129.8844,0,0,0,0,0,0,0,0,0,0,0,0,0,0,0,0,0,0,0
0.105,approach_stop,40,40,0.20000000000000001,0.02,0,0,0,0,3.2000000000000002,0,0,0,0,3.2000000000000002,0,-2.2539875303568108e-16,free_flight_controlled,sep_nmpc_adapted,formal_acados,0.22500000000000001,0,0.38999999999999996,0,0,0,0,1.9999999999799999e-10,-1.9999999999799999e-10,0,0,false,false,5.9029569999999998,0,0,false,0,-0,0,129.8844,129.8844,0,0,0,0,0,0,0,0,0,0,0,0,0,0,0,0,0,0,0
0.11,approach_stop,40,40,0.20000000000000001,0.02,0,0,0,0,3.2000000000000002,0,0,0,0,3.2000000000000002,0,-2.3613202698976125e-16,free_flight_controlled,sep_nmpc_adapted,formal_acados,0.22500000000000001,0,0.38999999999999996,0,0,0,0,1.9999999999799999e-10,-1.9999999999799999e-10,0,0,false,false,5.9029569999999998,0,0,false,0,-0,0,129.8844,129.8844,0,0,0,0,0,0,0,0,0,0,0,0,0,0,0,0,0,0,0
0.115,approach_stop,40,40,0.20000000000000001,0.02,0,0,0,0,3.2000000000000002,0,0,0,0,3.2000000000000002,0,-2.4686530094384142e-16,free_flight_controlled,sep_nmpc_adapted,formal_acados,0.22500000000000001,0,0.38999999999999996,0,0,0,0,1.9999999999799999e-10,-1.9999999999799999e-10,0,0,false,false,5.9029569999999998,0,0,false,0,-0,0,129.8844,129.8844,0,0,0,0,0,0,0,0,0,0,0,0,0,0,0,0,0,0,0
0.12,approach_stop,40,40,0.20000000000000001,0.02,0,0,0,0,3.2000000000000002,0,0,0,0,3.2000000000000002,0,-2.5759857489792159e-16,free_flight_controlled,sep_nmpc_adapted,formal_acados,0.22500000000000001,0,0.38999999999999996,0,0,0,0,1.9999999999799999e-10,-1.9999999999799999e-10,0,0,false,false,5.9029569999999998,0,0,false,0,-0,0,129.88440000000003,129.88440000000003,0,0,0,0,0,0,0,0,0,0,0,0,0,0,0,0,0,0,0
0.125,approach_stop,40,40,0.20000000000000001,0.02,0,0,0,0,3.2000000000000002,0,0,0,0,3.2000000000000002,0,-2.5759857489792159e-16,free_flight_controlled,sep_nmpc_adapted,formal_acados,0.22500000000000001,0,0.38999999999999996,0,0,0,0,1.9999999999799999e-10,-1.9999999999799999e-10,0,0,false,false,5.9029569999999998,0,0,false,0,-0,0,129.88440000000003,129.88440000000003,0,0,0,0,0,0,0,0,0,0,0,0,0,0,0,0,0,0,0
0.13,approach_stop,40,40,0.20000000000000001,0.02,0,0,0,0,3.2000000000000002,0,0,0,0,3.2000000000000002,0,-2.5759857489792159e-16,free_flight_controlled,sep_nmpc_adapted,formal_acados,0.22500000000000001,0,0.38999999999999996,0,0,0,0,1.9999999999799999e-10,-1.9999999999799999e-10,0,0,false,false,5.9029569999999998,0,0,false,0,-0,0,129.88440000000003,129.88440000000003,0,0,0,0,0,0,0,0,0,0,0,0,0,0,0,0,0,0,0
0.13500000000000001,approach_stop,40,40,0.20000000000000001,0.02,0,0,0,0,3.2000000000000002,0,0,0,0,3.2000000000000002,0,-2.5759857489792159e-16,free_flight_controlled,sep_nmpc_adapted,formal_acados,0.22500000000000001,0,0.38999999999999996,0,0,0,0,1.9999999999799999e-10,-1.9999999999799999e-10,0,0,false,false,5.9029569999999998,0,0,false,0,-0,0,129.88440000000003,129.88440000000003,0,0,0,0,0,0,0,0,0,0,0,0,0,0,0,0,0,0,0
0.14000000000000001,approach_stop,40,40,0.20000000000000001,0.02,0,0,0,0,3.2000000000000002,0,0,0,0,3.2000000000000002,0,-2.5759857489792159e-16,free_flight_controlled,sep_nmpc_adapted,formal_acados,0.22500000000000001,0,0.38999999999999996,0,0,0,0,1.9999999999799999e-10,-1.9999999999799999e-10,0,0,false,false,5.9029569999999998,0,0,false,0,-0,0,129.88440000000003,129.88440000000003,0,0,0,0,0,0,0,0,0,0,0,0,0,0,0,0,0,0,0
0.14499999999999999,approach_stop,40,40,0.20000000000000001,0.02,0,0,0,0,3.2000000000000002,0,0,0,0,3.2000000000000002,0,-2.5759857489792159e-16,free_flight_controlled,sep_nmpc_adapted,formal_acados,0.22500000000000001,0,0.38999999999999996,0,0,0,0,1.9999999999799999e-10,-1.9999999999799999e-10,0,0,false,false,5.9029569999999998,0,0,false,0,-0,0,129.88440000000003,129.88440000000003,0,0,0,0,0,0,0,0,0,0,0,0,0,0,0,0,0,0,0
0.14999999999999999,approach_stop,40,40,0.20000000000000001,0.02,0,0,0,0,3.2000000000000002,0,0,0,0,3.2000000000000002,0,-2.5759857489792159e-16,free_flight_controlled,sep_nmpc_adapted,formal_acados,0.22500000000000001,0,0.38999999999999996,0,0,0,0,1.9999999999799999e-10,-1.9999999999799999e-10,0,0,false,false,6.2889549999999996,0,0,false,0,-0,0,129.88440000000003,129.88440000000003,0,0,0,0,0,0,0,0,0,0,0,0,0,0,0,0,0,0,0
0.155,approach_stop,40,40,0.20000000000000001,0.02,0,0,0,0,3.2000000000000002,0,0,0,0,3.2000000000000002,0,-2.5759857489792159e-16,free_flight_controlled,sep_nmpc_adapted,formal_acados,0.22500000000000001,0,0.38999999999999996,0,0,0,0,1.9999999999799999e-10,-1.9999999999799999e-10,0,0,false,false,6.2889549999999996,0,0,false,0,-0,0,129.88440000000003,129.88440000000003,0,0,0,0,0,0,0,0,0,0,0,0,0,0,0,0,0,0,0
0.16,approach_stop,40,40,0.20000000000000001,0.02,0,0,0,0,3.2000000000000002,0,0,0,0,3.2000000000000002,0,-2.5759857489792159e-16,free_flight_controlled,sep_nmpc_adapted,formal_acados,0.22500000000000001,0,0.38999999999999996,0,0,0,0,1.9999999999799999e-10,-1.9999999999799999e-10,0,0,false,false,6.2889549999999996,0,0,false,0,-0,0,129.88440000000003,129.88440000000003,0,0,0,0,0,0,0,0,0,0,0,0,0,0,0,0,0,0,0
0.16500000000000001,approach_stop,40,40,0.20000000000000001,0.02,0,0,0,0,3.2000000000000002,0,0,0,0,3.2000000000000002,0,-2.5759857489792159e-16,free_flight_controlled,sep_nmpc_adapted,formal_acados,0.22500000000000001,0,0.38999999999999996,0,0,0,0,1.9999999999799999e-10,-1.9999999999799999e-10,0,0,false,false,6.2889549999999996,0,0,false,0,-0,0,129.88440000000003,129.88440000000003,0,0,0,0,0,0,0,0,0,0,0,0,0,0,0,0,0,0,0
0.17000000000000001,approach_stop,40,40,0.20000000000000001,0.02,0,0,0,0,3.2000000000000002,0,0,0,0,3.2000000000000002,0,-2.5759857489792159e-16,free_flight_controlled,sep_nmpc_adapted,formal_acados,0.22500000000000001,0,0.38999999999999996,0,0,0,0,1.9999999999799999e-10,-1.9999999999799999e-10,0,0,false,false,6.2889549999999996,0,0,false,0,-0,0,129.88440000000003,129.88440000000003,0,0,0,0,0,0,0,0,0,0,0,0,0,0,0,0,0,0,0
0.17500000000000002,approach_stop,40,40,0.20000000000000001,0.02,0,0,0,0,3.2000000000000002,0,0,0,0,3.2000000000000002,0,-2.5759857489792159e-16,free_flight_controlled,sep_nmpc_adapted,formal_acados,0.22500000000000001,0,0.38999999999999996,0,0,0,0,1.9999999999799999e-10,-1.9999999999799999e-10,0,0,false,false,6.2889549999999996,0,0,false,0,-0,0,129.88440000000003,129.88440000000003,0,0,0,0,0,0,0,0,0,0,0,0,0,0,0,0,0,0,0
0.17999999999999999,approach_stop,40,40,0.20000000000000001,0.02,0,0,0,0,3.2000000000000002,0,0,0,0,3.2000000000000002,0,-2.5759857489792159e-16,free_flight_controlled,sep_nmpc_adapted,formal_acados,0.22500000000000001,0,0.38999999999999996,0,0,0,0,1.9999999999799999e-10,-1.9999999999799999e-10,0,0,false,false,6.2889549999999996,0,0,false,0,-0,0,129.88440000000003,129.88440000000003,0,0,0,0,0,0,0,0,0,0,0,0,0,0,0,0,0,0,0
0.185,approach_stop,40,40,0.20000000000000001,0.02,0,0,0,0,3.2000000000000002,0,0,0,0,3.2000000000000002,0,-2.5759857489792159e-16,free_flight_controlled,sep_nmpc_adapted,formal_acados,0.22500000000000001,0,0.38999999999999996,0,0,0,0,1.9999999999799999e-10,-1.9999999999799999e-10,0,0,false,false,6.2889549999999996,0,0,false,0,-0,0,129.88440000000003,129.88440000000003,0,0,0,0,0,0,0,0,0,0,0,0,0,0,0,0,0,0,0
0.19,approach_stop,40,40,0.20000000000000001,0.02,0,0,0,0,3.2000000000000002,0,0,0,0,3.2000000000000002,0,-2.5759857489792159e-16,free_flight_controlled,sep_nmpc_adapted,formal_acados,0.22500000000000001,0,0.38999999999999996,0,0,0,0,1.9999999999799999e-10,-1.9999999999799999e-10,0,0,false,false,6.2889549999999996,0,0,false,0,-0,0,129.88440000000003,129.88440000000003,0,0,0,0,0,0,0,0,0,0,0,0,0,0,0,0,0,0,0
0.19500000000000001,approach_stop,40,40,0.20000000000000001,0.02,0,0,0,0,3.2000000000000002,0,0,0,0,3.2000000000000002,0,-2.5759857489792159e-16,free_flight_controlled,sep_nmpc_adapted,formal_acados,0.22500000000000001,0,0.38999999999999996,0,0,0,0,1.9999999999799999e-10,-1.9999999999799999e-10,0,0,false,false,6.2889549999999996,0,0,false,0,-0,0,129.88440000000003,129.88440000000003,0,0,0,0,0,0,0,0,0,0,0,0,0,0,0,0,0,0,0
0.20000000000000001,approach_stop,40,40,0.20000000000000001,0.02,0,0,0,0,3.2000000000000002,0,0,0,0,3.2000000000000002,0,-2.5759857489792159e-16,free_flight_controlled,sep_nmpc_adapted,formal_acados,0.22500000000000001,0,0.38999999999999996,0,0,0,0,1.9999999999799999e-10,-1.9999999999799999e-10,0,0,false,false,5.7212350000000001,0,0,false,0,-0,0,129.88440000000003,129.88440000000003,0,0,0,0,0,0,0,0,0,0,0,0,0,0,0,0,0,0,0
0.20500000000000002,approach_stop,40,40,0.20000000000000001,0.02,0,0,0,0,3.2000000000000002,0,0,0,0,3.2000000000000002,0,-2.5759857489792159e-16,free_flight_controlled,sep_nmpc_adapted,formal_acados,0.22500000000000001,0,0.38999999999999996,0,0,0,0,1.9999999999799999e-10,-1.9999999999799999e-10,0,0,false,false,5.7212350000000001,0,0,false,0,-0,0,129.88440000000003,129.88440000000003,0,0,0,0,0,0,0,0,0,0,0,0,0,0,0,0,0,0,0
0.20999999999999999,approach_stop,40,40,0.20000000000000001,0.02,0,0,0,0,3.2000000000000002,0,0,0,0,3.2000000000000002,0,-2.5759857489792159e-16,free_flight_controlled,sep_nmpc_adapted,formal_acados,0.22500000000000001,0,0.38999999999999996,0,0,0,0,1.9999999999799999e-10,-1.9999999999799999e-10,0,0,false,false,5.7212350000000001,0,0,false,0,-0,0,129.88440000000003,129.88440000000003,0,0,0,0,0,0,0,0,0,0,0,0,0,0,0,0,0,0,0
0.215,approach_stop,40,40,0.20000000000000001,0.02,0,0,0,0,3.2000000000000002,0,0,0,0,3.2000000000000002,0,-2.5759857489792159e-16,free_flight_controlled,sep_nmpc_adapted,formal_acados,0.22500000000000001,0,0.38999999999999996,0,0,0,0,1.9999999999799999e-10,-1.9999999999799999e-10,0,0,false,false,5.7212350000000001,0,0,false,0,-0,0,129.88440000000003,129.88440000000003,0,0,0,0,0,0,0,0,0,0,0,0,0,0,0,0,0,0,0
0.22,approach_stop,40,40,0.20000000000000001,0.02,0,0,0,0,3.2000000000000002,0,0,0,0,3.2000000000000002,0,-2.5759857489792159e-16,free_flight_controlled,sep_nmpc_adapted,formal_acados,0.22500000000000001,0,0.38999999999999996,0,0,0,0,1.9999999999799999e-10,-1.9999999999799999e-10,0,0,false,false,5.7212350000000001,0,0,false,0,-0,0,129.88440000000003,129.88440000000003,0,0,0,0,0,0,0,0,0,0,0,0,0,0,0,0,0,0,0
0.22500000000000001,approach_stop,40,40,0.20000000000000001,0.02,0,0,0,0,3.2000000000000002,0,0,0,0,3.2000000000000002,0,-2.5759857489792159e-16,free_flight_controlled,sep_nmpc_adapted,formal_acados,0.22500000000000001,0,0.38999999999999996,0,0,0,0,1.9999999999799999e-10,-1.9999999999799999e-10,0,0,false,false,5.7212350000000001,0,0,false,0,-0,0,129.88440000000003,129.88440000000003,0,0,0,0,0,0,0,0,0,0,0,0,0,0,0,0,0,0,0
0.23000000000000001,approach_stop,40,40,0.20000000000000001,0.02,0,0,0,0,3.2000000000000002,0,0,0,0,3.2000000000000002,0,-2.5759857489792159e-16,free_flight_controlled,sep_nmpc_adapted,formal_acados,0.22500000000000001,0,0.38999999999999996,0,0,0,0,1.9999999999799999e-10,-1.9999999999799999e-10,0,0,false,false,5.7212350000000001,0,0,false,0,-0,0,129.88440000000003,129.88440000000003,0,0,0,0,0,0,0,0,0,0,0,0,0,0,0,0,0,0,0
0.23500000000000001,approach_stop,40,40,0.20000000000000001,0.02,0,0,0,0,3.2000000000000002,0,0,0,0,3.2000000000000002,0,-2.5759857489792159e-16,free_flight_controlled,sep_nmpc_adapted,formal_acados,0.22500000000000001,0,0.38999999999999996,0,0,0,0,1.9999999999799999e-10,-1.9999999999799999e-10,0,0,false,false,5.7212350000000001,0,0,false,0,-0,0,129.88440000000003,129.88440000000003,0,0,0,0,0,0,0,0,0,0,0,0,0,0,0,0,0,0,0
0.23999999999999999,approach_stop,40,40,0.20000000000000001,0.02,0,0,0,0,3.2000000000000002,0,0,0,0,3.2000000000000002,0,-2.5759857489792159e-16,free_flight_controlled,sep_nmpc_adapted,formal_acados,0.22500000000000001,0,0.38999999999999996,0,0,0,0,1.9999999999799999e-10,-1.9999999999799999e-10,0,0,false,false,5.7212350000000001,0,0,false,0,-0,0,129.88440000000003,129.88440000000003,0,0,0,0,0,0,0,0,0,0,0,0,0,0,0,0,0,0,0
0.245,approach_stop,40,40,0.20000000000000001,0.02,0,0,0,0,3.2000000000000002,0,0,0,0,3.2000000000000002,0,-2.5759857489792159e-16,free_flight_controlled,sep_nmpc_adapted,formal_acados,0.22500000000000001,0,0.38999999999999996,0,0,0,0,1.9999999999799999e-10,-1.9999999999799999e-10,0,0,false,false,5.7212350000000001,0,0,false,0,-0,0,129.88440000000003,129.88440000000003,0,0,0,0,0,0,0,0,0,0,0,0,0,0,0,0,0,0,0
0.25,approach_stop,40,40,0.20000000000000001,0.02,0,0,0,0,3.2000000000000002,0,0,0,0,3.2000000000000002,0,-2.5759857489792159e-16,free_flight_controlled,sep_nmpc_adapted,formal_acados,0.22500000000000001,0,0.38999999999999996,0,0,0,0,1.9999999999799999e-10,-1.9999999999799999e-10,0,0,false,false,5.7733749999999997,0,0,false,0,-0,0,129.88440000000003,129.88440000000003,0,0,0,0,0,0,0,0,0,0,0,0,0,0,0,0,0,0,0
0.255,approach_stop,40,40,0.20000000000000001,0.02,0,0,0,0,3.2000000000000002,0,0,0,0,3.2000000000000002,0,-2.5759857489792159e-16,free_flight_controlled,sep_nmpc_adapted,formal_acados,0.22500000000000001,0,0.38999999999999996,0,0,0,0,1.9999999999799999e-10,-1.9999999999799999e-10,0,0,false,false,5.7733749999999997,0,0,false,0,-0,0,129.88440000000003,129.88440000000003,0,0,0,0,0,0,0,0,0,0,0,0,0,0,0,0,0,0,0
0.26000000000000001,approach_stop,40,40,0.20000000000000001,0.02,0,0,0,0,3.2000000000000002,0,0,0,0,3.2000000000000002,0,-2.5759857489792159e-16,free_flight_controlled,sep_nmpc_adapted,formal_acados,0.22500000000000001,0,0.38999999999999996,0,0,0,0,1.9999999999799999e-10,-1.9999999999799999e-10,0,0,false,false,5.7733749999999997,0,0,false,0,-0,0,129.88440000000003,129.88440000000003,0,0,0,0,0,0,0,0,0,0,0,0,0,0,0,0,0,0,0
0.26500000000000001,approach_stop,40,40,0.20000000000000001,0.02,0,0,0,0,3.2000000000000002,0,0,0,0,3.2000000000000002,0,-2.5759857489792159e-16,free_flight_controlled,sep_nmpc_adapted,formal_acados,0.22500000000000001,0,0.38999999999999996,0,0,0,0,1.9999999999799999e-10,-1.9999999999799999e-10,0,0,false,false,5.7733749999999997,0,0,false,0,-0,0,129.88440000000003,129.88440000000003,0,0,0,0,0,0,0,0,0,0,0,0,0,0,0,0,0,0,0
0.27000000000000002,approach_stop,40,40,0.20000000000000001,0.02,0,0,0,0,3.2000000000000002,0,0,0,0,3.2000000000000002,0,-2.5759857489792159e-16,free_flight_controlled,sep_nmpc_adapted,formal_acados,0.22500000000000001,0,0.38999999999999996,0,0,0,0,1.9999999999799999e-10,-1.9999999999799999e-10,0,0,false,false,5.7733749999999997,0,0,false,0,-0,0,129.88440000000003,129.88440000000003,0,0,0,0,0,0,0,0,0,0,0,0,0,0,0,0,0,0,0
0.27500000000000002,approach_stop,40,40,0.20000000000000001,0.02,0,0,0,0,3.2000000000000002,0,0,0,0,3.2000000000000002,0,-2.5759857489792159e-16,free_flight_controlled,sep_nmpc_adapted,formal_acados,0.22500000000000001,0,0.38999999999999996,0,0,0,0,1.9999999999799999e-10,-1.9999999999799999e-10,0,0,false,false,5.7733749999999997,0,0,false,0,-0,0,129.88440000000003,129.88440000000003,0,0,0,0,0,0,0,0,0,0,0,0,0,0,0,0,0,0,0
0.28000000000000003,approach_stop,40,40,0.20000000000000001,0.02,0,0,0,0,3.2000000000000002,0,0,0,0,3.2000000000000002,0,-2.5759857489792159e-16,free_flight_controlled,sep_nmpc_adapted,formal_acados,0.22500000000000001,0,0.38999999999999996,0,0,0,0,1.9999999999799999e-10,-1.9999999999799999e-10,0,0,false,false,5.7733749999999997,0,0,false,0,-0,0,129.88440000000003,129.88440000000003,0,0,0,0,0,0,0,0,0,0,0,0,0,0,0,0,0,0,0
0.28500000000000003,approach_stop,40,40,0.20000000000000001,0.02,0,0,0,0,3.2000000000000002,0,0,0,0,3.2000000000000002,0,-2.5759857489792159e-16,free_flight_controlled,sep_nmpc_adapted,formal_acados,0.22500000000000001,0,0.38999999999999996,0,0,0,0,1.9999999999799999e-10,-1.9999999999799999e-10,0,0,false,false,5.7733749999999997,0,0,false,0,-0,0,129.88440000000003,129.88440000000003,0,0,0,0,0,0,0,0,0,0,0,0,0,0,0,0,0,0,0
0.28999999999999998,approach_stop,40,40,0.20000000000000001,0.02,0,0,0,0,3.2000000000000002,0,0,0,0,3.2000000000000002,0,-2.5759857489792159e-16,free_flight_controlled,sep_nmpc_adapted,formal_acados,0.22500000000000001,0,0.38999999999999996,0,0,0,0,1.9999999999799999e-10,-1.9999999999799999e-10,0,0,false,false,5.7733749999999997,0,0,false,0,-0,0,129.88440000000003,129.88440000000003,0,0,0,0,0,0,0,0,0,0,0,0,0,0,0,0,0,0,0
0.29499999999999998,approach_stop,40,40,0.20000000000000001,0.02,0,0,0,0,3.2000000000000002,0,0,0,0,3.2000000000000002,0,-2.5759857489792159e-16,free_flight_controlled,sep_nmpc_adapted,formal_acados,0.22500000000000001,0,0.38999999999999996,0,0,0,0,1.9999999999799999e-10,-1.9999999999799999e-10,0,0,false,false,5.7733749999999997,0,0,false,0,-0,0,129.88440000000003,129.88440000000003,0,0,0,0,0,0,0,0,0,0,0,0,0,0,0,0,0,0,0
0.29999999999999999,approach_stop,40,40,0.20000000000000001,0.02,0,0,0,0,3.2000000000000002,0,0,0,0,3.2000000000000002,0,-2.5759857489792159e-16,free_flight_controlled,sep_nmpc_adapted,formal_acados,0.22500000000000001,0,0.38999999999999996,0,0,0,0,1.9999999999799999e-10,-1.9999999999799999e-10,0,0,false,false,5.7052110000000003,0,0,false,0,-0,0,129.88440000000003,129.88440000000003,0,0,0,0,0,0,0,0,0,0,0,0,0,0,0,0,0,0,0
0.30499999999999999,approach_stop,40,40,0.20000000000000001,0.02,0,0,0,0,3.2000000000000002,0,0,0,0,3.2000000000000002,0,-2.5759857489792159e-16,free_flight_controlled,sep_nmpc_adapted,formal_acados,0.22500000000000001,0,0.38999999999999996,0,0,0,0,1.9999999999799999e-10,-1.9999999999799999e-10,0,0,false,false,5.7052110000000003,0,0,false,0,-0,0,129.88440000000003,129.88440000000003,0,0,0,0,0,0,0,0,0,0,0,0,0,0,0,0,0,0,0
0.31,approach_stop,40,40,0.20000000000000001,0.02,0,0,0,0,3.2000000000000002,0,0,0,0,3.2000000000000002,0,-2.5759857489792159e-16,free_flight_controlled,sep_nmpc_adapted,formal_acados,0.22500000000000001,0,0.38999999999999996,0,0,0,0,1.9999999999799999e-10,-1.9999999999799999e-10,0,0,false,false,5.7052110000000003,0,0,false,0,-0,0,129.88440000000003,129.88440000000003,0,0,0,0,0,0,0,0,0,0,0,0,0,0,0,0,0,0,0
0.315,approach_stop,40,40,0.20000000000000001,0.02,0,0,0,0,3.2000000000000002,0,0,0,0,3.2000000000000002,0,-2.5759857489792159e-16,free_flight_controlled,sep_nmpc_adapted,formal_acados,0.22500000000000001,0,0.38999999999999996,0,0,0,0,1.9999999999799999e-10,-1.9999999999799999e-10,0,0,false,false,5.7052110000000003,0,0,false,0,-0,0,129.88440000000003,129.88440000000003,0,0,0,0,0,0,0,0,0,0,0,0,0,0,0,0,0,0,0
0.32000000000000001,approach_stop,40,40,0.20000000000000001,0.02,0,0,0,0,3.2000000000000002,0,0,0,0,3.2000000000000002,0,-2.5759857489792159e-16,free_flight_controlled,sep_nmpc_adapted,formal_acados,0.22500000000000001,0,0.38999999999999996,0,0,0,0,1.9999999999799999e-10,-1.9999999999799999e-10,0,0,false,false,5.7052110000000003,0,0,false,0,-0,0,129.88440000000003,129.88440000000003,0,0,0,0,0,0,0,0,0,0,0,0,0,0,0,0,0,0,0
0.32500000000000001,approach_stop,40,40,0.20000000000000001,0.02,0,0,0,0,3.2000000000000002,0,0,0,0,3.2000000000000002,0,-2.5759857489792159e-16,free_flight_controlled,sep_nmpc_adapted,formal_acados,0.22500000000000001,0,0.38999999999999996,0,0,0,0,1.9999999999799999e-10,-1.9999999999799999e-10,0,0,false,false,5.7052110000000003,0,0,false,0,-0,0,129.88440000000003,129.88440000000003,0,0,0,0,0,0,0,0,0,0,0,0,0,0,0,0,0,0,0
0.33000000000000002,approach_stop,40,40,0.20000000000000001,0.02,0,0,0,0,3.2000000000000002,0,0,0,0,3.2000000000000002,0,-2.5759857489792159e-16,free_flight_controlled,sep_nmpc_adapted,formal_acados,0.22500000000000001,0,0.38999999999999996,0,0,0,0,1.9999999999799999e-10,-1.9999999999799999e-10,0,0,false,false,5.7052110000000003,0,0,false,0,-0,0,129.88440000000003,129.88440000000003,0,0,0,0,0,0,0,0,0,0,0,0,0,0,0,0,0,0,0
0.33500000000000002,approach_stop,40,40,0.20000000000000001,0.02,0,0,0,0,3.2000000000000002,0,0,0,0,3.2000000000000002,0,-2.5759857489792159e-16,free_flight_controlled,sep_nmpc_adapted,formal_acados,0.22500000000000001,0,0.38999999999999996,0,0,0,0,1.9999999999799999e-10,-1.9999999999799999e-10,0,0,false,false,5.7052110000000003,0,0,false,0,-0,0,129.88440000000003,129.88440000000003,0,0,0,0,0,0,0,0,0,0,0,0,0,0,0,0,0,0,0
0.34000000000000002,approach_stop,40,40,0.20000000000000001,0.02,0,0,0,0,3.2000000000000002,0,0,0,0,3.2000000000000002,0,-2.5759857489792159e-16,free_flight_controlled,sep_nmpc_adapted,formal_acados,0.22500000000000001,0,0.38999999999999996,0,0,0,0,1.9999999999799999e-10,-1.9999999999799999e-10,0,0,false,false,5.7052110000000003,0,0,false,0,-0,0,129.88440000000003,129.88440000000003,0,0,0,0,0,0,0,0,0,0,0,0,0,0,0,0,0,0,0
0.34500000000000003,approach_stop,40,40,0.20000000000000001,0.02,0,0,0,0,3.2000000000000002,0,0,0,0,3.2000000000000002,0,-2.5759857489792159e-16,free_flight_controlled,sep_nmpc_adapted,formal_acados,0.22500000000000001,0,0.38999999999999996,0,0,0,0,1.9999999999799999e-10,-1.9999999999799999e-10,0,0,false,false,5.7052110000000003,0,0,false,0,-0,0,129.88440000000003,129.88440000000003,0,0,0,0,0,0,0,0,0,0,0,0,0,0,0,0,0,0,0
0.35000000000000003,approach_stop,40,40,0.20000000000000001,0.02,0,0,0,0,3.2000000000000002,0,0,0,0,3.2000000000000002,0,-2.5759857489792159e-16,free_flight_controlled,sep_nmpc_adapted,formal_acados,0.22500000000000001,0,0.38999999999999996,0,0,0,0,1.9999999999799999e-10,-1.9999999999799999e-10,0,0,false,false,5.7055689999999997,0,0,false,0,-0,0,129.88440000000003,129.88440000000003,0,0,0,0,0,0,0,0,0,0,0,0,0,0,0,0,0,0,0
0.35499999999999998,approach_stop,40,40,0.20000000000000001,0.02,0,0,0,0,3.2000000000000002,0,0,0,0,3.2000000000000002,0,-2.5759857489792159e-16,free_flight_controlled,sep_nmpc_adapted,formal_acados,0.22500000000000001,0,0.38999999999999996,0,0,0,0,1.9999999999799999e-10,-1.9999999999799999e-10,0,0,false,false,5.7055689999999997,0,0,false,0,-0,0,129.88440000000003,129.88440000000003,0,0,0,0,0,0,0,0,0,0,0,0,0,0,0,0,0,0,0
0.35999999999999999,approach_stop,40,40,0.20000000000000001,0.02,0,0,0,0,3.2000000000000002,0,0,0,0,3.2000000000000002,0,-2.5759857489792159e-16,free_flight_controlled,sep_nmpc_adapted,formal_acados,0.22500000000000001,0,0.38999999999999996,0,0,0,0,1.9999999999799999e-10,-1.9999999999799999e-10,0,0,false,false,5.7055689999999997,0,0,false,0,-0,0,129.88440000000003,129.88440000000003,0,0,0,0,0,0,0,0,0,0,0,0,0,0,0,0,0,0,0
0.36499999999999999,approach_stop,40,40,0.20000000000000001,0.02,0,0,0,0,3.2000000000000002,0,0,0,0,3.2000000000000002,0,-2.5759857489792159e-16,free_flight_controlled,sep_nmpc_adapted,formal_acados,0.22500000000000001,0,0.38999999999999996,0,0,0,0,1.9999999999799999e-10,-1.9999999999799999e-10,0,0,false,false,5.7055689999999997,0,0,false,0,-0,0,129.88440000000003,129.88440000000003,0,0,0,0,0,0,0,0,0,0,0,0,0,0,0,0,0,0,0
0.37,approach_stop,40,40,0.20000000000000001,0.02,0,0,0,0,3.2000000000000002,0,0,0,0,3.2000000000000002,0,-2.5759857489792159e-16,free_flight_controlled,sep_nmpc_adapted,formal_acados,0.22500000000000001,0,0.38999999999999996,0,0,0,0,1.9999999999799999e-10,-1.9999999999799999e-10,0,0,false,false,5.7055689999999997,0,0,false,0,-0,0,129.88440000000003,129.88440000000003,0,0,0,0,0,0,0,0,0,0,0,0,0,0,0,0,0,0,0
0.375,approach_stop,40,40,0.20000000000000001,0.02,0,0,0,0,3.2000000000000002,0,0,0,0,3.2000000000000002,0,-2.5759857489792159e-16,free_flight_controlled,sep_nmpc_adapted,formal_acados,0.22500000000000001,0,0.38999999999999996,0,0,0,0,1.9999999999799999e-10,-1.9999999999799999e-10,0,0,false,false,5.7055689999999997,0,0,false,0,-0,0,129.88440000000003,129.88440000000003,0,0,0,0,0,0,0,0,0,0,0,0,0,0,0,0,0,0,0
0.38,approach_stop,40,40,0.20000000000000001,0.02,0,0,0,0,3.2000000000000002,0,0,0,0,3.2000000000000002,0,-2.5759857489792159e-16,free_flight_controlled,sep_nmpc_adapted,formal_acados,0.22500000000000001,0,0.38999999999999996,0,0,0,0,1.9999999999799999e-10,-1.9999999999799999e-10,0,0,false,false,5.7055689999999997,0,0,false,0,-0,0,129.88440000000003,129.88440000000003,0,0,0,0,0,0,0,0,0,0,0,0,0,0,0,0,0,0,0
0.38500000000000001,approach_stop,40,40,0.20000000000000001,0.02,0,0,0,0,3.2000000000000002,0,0,0,0,3.2000000000000002,0,-2.5759857489792159e-16,free_flight_controlled,sep_nmpc_adapted,formal_acados,0.22500000000000001,0,0.38999999999999996,0,0,0,0,1.9999999999799999e-10,-1.9999999999799999e-10,0,0,false,false,5.7055689999999997,0,0,false,0,-0,0,129.88440000000003,129.88440000000003,0,0,0,0,0,0,0,0,0,0,0,0,0,0,0,0,0,0,0
0.39000000000000001,approach_stop,40,40,0.20000000000000001,0.02,0,0,0,0,3.2000000000000002,0,0,0,0,3.2000000000000002,0,-2.5759857489792159e-16,free_flight_controlled,sep_nmpc_adapted,formal_acados,0.22500000000000001,0,0.38999999999999996,0,0,0,0,1.9999999999799999e-10,-1.9999999999799999e-10,0,0,false,false,5.7055689999999997,0,0,false,0,-0,0,129.88440000000003,129.88440000000003,0,0,0,0,0,0,0,0,0,0,0,0,0,0,0,0,0,0,0
0.39500000000000002,approach_stop,40,40,0.20000000000000001,0.02,0,0,0,0,3.2000000000000002,0,0,0,0,3.2000000000000002,0,-2.5759857489792159e-16,free_flight_controlled,sep_nmpc_adapted,formal_acados,0.22500000000000001,0,0.38999999999999996,0,0,0,0,1.9999999999799999e-10,-1.9999999999799999e-10,0,0,false,false,5.7055689999999997,0,0,false,0,-0,0,129.88440000000003,129.88440000000003,0,0,0,0,0,0,0,0,0,0,0,0,0,0,0,0,0,0,0
0.40000000000000002,approach_stop,40,40,0.20000000000000001,0.02,0,0,0,0,3.2000000000000002,0,0,0,0,3.2000000000000002,0,-2.5759857489792159e-16,free_flight_controlled,sep_nmpc_adapted,formal_acados,0.22500000000000001,0,0.38999999999999996,0,0,0,0,1.9999999999799999e-10,-1.9999999999799999e-10,0,0,false,false,5.8680690000000002,0,0,false,0,-0,0,129.88440000000003,129.88440000000003,0,0,0,0,0,0,0,0,0,0,0,0,0,0,0,0,0,0,0
0.40500000000000003,approach_stop,40,40,0.20000000000000001,0.02,0,0,0,0,3.2000000000000002,0,0,0,0,3.2000000000000002,0,-2.5759857489792159e-16,free_flight_controlled,sep_nmpc_adapted,formal_acados,0.22500000000000001,0,0.38999999999999996,0,0,0,0,1.9999999999799999e-10,-1.9999999999799999e-10,0,0,false,false,5.8680690000000002,0,0,false,0,-0,0,129.88440000000003,129.88440000000003,0,0,0,0,0,0,0,0,0,0,0,0,0,0,0,0,0,0,0
0.41000000000000003,approach_stop,40,40,0.20000000000000001,0.02,0,0,0,0,3.2000000000000002,0,0,0,0,3.2000000000000002,0,-2.5759857489792159e-16,free_flight_controlled,sep_nmpc_adapted,formal_acados,0.22500000000000001,0,0.38999999999999996,0,0,0,0,1.9999999999799999e-10,-1.9999999999799999e-10,0,0,false,false,5.8680690000000002,0,0,false,0,-0,0,129.88440000000003,129.88440000000003,0,0,0,0,0,0,0,0,0,0,0,0,0,0,0,0,0,0,0
0.41500000000000004,approach_stop,40,40,0.20000000000000001,0.02,0,0,0,0,3.2000000000000002,0,0,0,0,3.2000000000000002,0,-2.5759857489792159e-16,free_flight_controlled,sep_nmpc_adapted,formal_acados,0.22500000000000001,0,0.38999999999999996,0,0,0,0,1.9999999999799999e-10,-1.9999999999799999e-10,0,0,false,false,5.8680690000000002,0,0,false,0,-0,0,129.88440000000003,129.88440000000003,0,0,0,0,0,0,0,0,0,0,0,0,0,0,0,0,0,0,0
0.41999999999999998,approach_stop,40,40,0.20000000000000001,0.02,0,0,0,0,3.2000000000000002,0,0,0,0,3.2000000000000002,0,-2.5759857489792159e-16,free_flight_controlled,sep_nmpc_adapted,formal_acados,0.22500000000000001,0,0.38999999999999996,0,0,0,0,1.9999999999799999e-10,-1.9999999999799999e-10,0,0,false,false,5.8680690000000002,0,0,false,0,-0,0,129.88440000000003,129.88440000000003,0,0,0,0,0,0,0,0,0,0,0,0,0,0,0,0,0,0,0
0.42499999999999999,approach_stop,40,40,0.20000000000000001,0.02,0,0,0,0,3.2000000000000002,0,0,0,0,3.2000000000000002,0,-2.5759857489792159e-16,free_flight_controlled,sep_nmpc_adapted,formal_acados,0.22500000000000001,0,0.38999999999999996,0,0,0,0,1.9999999999799999e-10,-1.9999999999799999e-10,0,0,false,false,5.8680690000000002,0,0,false,0,-0,0,129.88440000000003,129.88440000000003,0,0,0,0,0,0,0,0,0,0,0,0,0,0,0,0,0,0,0
0.42999999999999999,approach_stop,40,40,0.20000000000000001,0.02,0,0,0,0,3.2000000000000002,0,0,0,0,3.2000000000000002,0,-2.5759857489792159e-16,free_flight_controlled,sep_nmpc_adapted,formal_acados,0.22500000000000001,0,0.38999999999999996,0,0,0,0,1.9999999999799999e-10,-1.9999999999799999e-10,0,0,false,false,5.8680690000000002,0,0,false,0,-0,0,129.88440000000003,129.88440000000003,0,0,0,0,0,0,0,0,0,0,0,0,0,0,0,0,0,0,0
0.435,approach_stop,40,40,0.20000000000000001,0.02,0,0,0,0,3.2000000000000002,0,0,0,0,3.2000000000000002,0,-2.5759857489792159e-16,free_flight_controlled,sep_nmpc_adapted,formal_acados,0.22500000000000001,0,0.38999999999999996,0,0,0,0,1.9999999999799999e-10,-1.9999999999799999e-10,0,0,false,false,5.8680690000000002,0,0,false,0,-0,0,129.88440000000003,129.88440000000003,0,0,0,0,0,0,0,0,0,0,0,0,0,0,0,0,0,0,0
0.44,approach_stop,40,40,0.20000000000000001,0.02,0,0,0,0,3.2000000000000002,0,0,0,0,3.2000000000000002,0,-2.5759857489792159e-16,free_flight_controlled,sep_nmpc_adapted,formal_acados,0.22500000000000001,0,0.38999999999999996,0,0,0,0,1.9999999999799999e-10,-1.9999999999799999e-10,0,0,false,false,5.8680690000000002,0,0,false,0,-0,0,129.88440000000003,129.88440000000003,0,0,0,0,0,0,0,0,0,0,0,0,0,0,0,0,0,0,0
0.44500000000000001,approach_stop,40,40,0.20000000000000001,0.02,0,0,0,0,3.2000000000000002,0,0,0,0,3.2000000000000002,0,-2.5759857489792159e-16,free_flight_controlled,sep_nmpc_adapted,formal_acados,0.22500000000000001,0,0.38999999999999996,0,0,0,0,1.9999999999799999e-10,-1.9999999999799999e-10,0,0,false,false,5.8680690000000002,0,0,false,0,-0,0,129.88440000000003,129.88440000000003,0,0,0,0,0,0,0,0,0,0,0,0,0,0,0,0,0,0,0
0.45000000000000001,approach_stop,40,40,0.20000000000000001,0.02,0,0,0,0,3.2000000000000002,0,0,0,0,3.2000000000000002,0,-2.5759857489792159e-16,free_flight_controlled,sep_nmpc_adapted,formal_acados,0.22500000000000001,0,0.38999999999999996,0,0,0,0,1.9999999999799999e-10,-1.9999999999799999e-10,0,0,false,false,5.8417979999999998,0,0,false,0,-0,0,129.88440000000003,129.88440000000003,0,0,0,0,0,0,0,0,0,0,0,0,0,0,0,0,0,0,0
0.45500000000000002,approach_stop,40,40,0.20000000000000001,0.02,0,0,0,0,3.2000000000000002,0,0,0,0,3.2000000000000002,0,-2.5759857489792159e-16,free_flight_controlled,sep_nmpc_adapted,formal_acados,0.22500000000000001,0,0.38999999999999996,0,0,0,0,1.9999999999799999e-10,-1.9999999999799999e-10,0,0,false,false,5.8417979999999998,0,0,false,0,-0,0,129.88440000000003,129.88440000000003,0,0,0,0,0,0,0,0,0,0,0,0,0,0,0,0,0,0,0
0.46000000000000002,approach_stop,40,40,0.20000000000000001,0.02,0,0,0,0,3.2000000000000002,0,0,0,0,3.2000000000000002,0,-2.5759857489792159e-16,free_flight_controlled,sep_nmpc_adapted,formal_acados,0.22500000000000001,0,0.38999999999999996,0,0,0,0,1.9999999999799999e-10,-1.9999999999799999e-10,0,0,false,false,5.8417979999999998,0,0,false,0,-0,0,129.88440000000003,129.88440000000003,0,0,0,0,0,0,0,0,0,0,0,0,0,0,0,0,0,0,0
0.46500000000000002,approach_stop,40,40,0.20000000000000001,0.02,0,0,0,0,3.2000000000000002,0,0,0,0,3.2000000000000002,0,-2.5759857489792159e-16,free_flight_controlled,sep_nmpc_adapted,formal_acados,0.22500000000000001,0,0.38999999999999996,0,0,0,0,1.9999999999799999e-10,-1.9999999999799999e-10,0,0,false,false,5.8417979999999998,0,0,false,0,-0,0,129.88440000000003,129.88440000000003,0,0,0,0,0,0,0,0,0,0,0,0,0,0,0,0,0,0,0
0.47000000000000003,approach_stop,40,40,0.20000000000000001,0.02,0,0,0,0,3.2000000000000002,0,0,0,0,3.2000000000000002,0,-2.5759857489792159e-16,free_flight_controlled,sep_nmpc_adapted,formal_acados,0.22500000000000001,0,0.38999999999999996,0,0,0,0,1.9999999999799999e-10,-1.9999999999799999e-10,0,0,false,false,5.8417979999999998,0,0,false,0,-0,0,129.88440000000003,129.88440000000003,0,0,0,0,0,0,0,0,0,0,0,0,0,0,0,0,0,0,0
0.47500000000000003,approach_stop,40,40,0.20000000000000001,0.02,0,0,0,0,3.2000000000000002,0,0,0,0,3.2000000000000002,0,-2.5759857489792159e-16,free_flight_controlled,sep_nmpc_adapted,formal_acados,0.22500000000000001,0,0.38999999999999996,0,0,0,0,1.9999999999799999e-10,-1.9999999999799999e-10,0,0,false,false,5.8417979999999998,0,0,false,0,-0,0,129.88440000000003,129.88440000000003,0,0,0,0,0,0,0,0,0,0,0,0,0,0,0,0,0,0,0
0.47999999999999998,approach_stop,40,40,0.20000000000000001,0.02,0,0,0,0,3.2000000000000002,0,0,0,0,3.2000000000000002,0,-2.5759857489792159e-16,free_flight_controlled,sep_nmpc_adapted,formal_acados,0.22500000000000001,0,0.38999999999999996,0,0,0,0,1.9999999999799999e-10,-1.9999999999799999e-10,0,0,false,false,5.8417979999999998,0,0,false,0,-0,0,129.88440000000003,129.88440000000003,0,0,0,0,0,0,0,0,0,0,0,0,0,0,0,0,0,0,0
0.48499999999999999,approach_stop,40,40,0.20000000000000001,0.02,0,0,0,0,3.2000000000000002,0,0,0,0,3.2000000000000002,0,-2.5759857489792159e-16,free_flight_controlled,sep_nmpc_adapted,formal_acados,0.22500000000000001,0,0.38999999999999996,0,0,0,0,1.9999999999799999e-10,-1.9999999999799999e-10,0,0,false,false,5.8417979999999998,0,0,false,0,-0,0,129.88440000000003,129.88440000000003,0,0,0,0,0,0,0,0,0,0,0,0,0,0,0,0,0,0,0
0.48999999999999999,approach_stop,40,40,0.20000000000000001,0.02,0,0,0,0,3.2000000000000002,0,0,0,0,3.2000000000000002,0,-2.5759857489792159e-16,free_flight_controlled,sep_nmpc_adapted,formal_acados,0.22500000000000001,0,0.38999999999999996,0,0,0,0,1.9999999999799999e-10,-1.9999999999799999e-10,0,0,false,false,5.8417979999999998,0,0,false,0,-0,0,129.88440000000003,129.88440000000003,0,0,0,0,0,0,0,0,0,0,0,0,0,0,0,0,0,0,0
0.495,approach_stop,40,40,0.20000000000000001,0.02,0,0,0,0,3.2000000000000002,0,0,0,0,3.2000000000000002,0,-2.5759857489792159e-16,free_flight_controlled,sep_nmpc_adapted,formal_acados,0.22500000000000001,0,0.38999999999999996,0,0,0,0,1.9999999999799999e-10,-1.9999999999799999e-10,0,0,false,false,5.8417979999999998,0,0,false,0,-0,0,129.88440000000003,129.88440000000003,0,0,0,0,0,0,0,0,0,0,0,0,0,0,0,0,0,0,0
0.5,approach_stop,40,40,0.20000000000000001,0.02,0,0,0,0,3.2000000000000002,0,0,0,0,3.2000000000000002,0,-2.5759857489792159e-16,free_flight_controlled,sep_nmpc_adapted,formal_acados,0.22500000000000001,0,0.38999999999999996,0,0,0,0,1.9999999999799999e-10,-1.9999999999799999e-10,0,0,false,false,6.005852,0,0,false,0,-0,0,129.88440000000003,129.88440000000003,0,0,0,0,0,0,0,0,0,0,0,0,0,0,0,0,0,0,0
0.505,approach_stop,40,40,0.20000000000000001,0.02,0,0,0,0,3.2000000000000002,0,0,0,0,3.2000000000000002,0,-2.5759857489792159e-16,free_flight_controlled,sep_nmpc_adapted,formal_acados,0.22500000000000001,0,0.38999999999999996,0,0,0,0,1.9999999999799999e-10,-1.9999999999799999e-10,0,0,false,false,6.005852,0,0,false,0,-0,0,129.88440000000003,129.88440000000003,0,0,0,0,0,0,0,0,0,0,0,0,0,0,0,0,0,0,0
0.51000000000000001,approach_stop,40,40,0.20000000000000001,0.02,0,0,0,0,3.2000000000000002,0,0,0,0,3.2000000000000002,0,-2.5759857489792159e-16,free_flight_controlled,sep_nmpc_adapted,formal_acados,0.22500000000000001,0,0.38999999999999996,0,0,0,0,1.9999999999799999e-10,-1.9999999999799999e-10,0,0,false,false,6.005852,0,0,false,0,-0,0,129.88440000000003,129.88440000000003,0,0,0,0,0,0,0,0,0,0,0,0,0,0,0,0,0,0,0
0.51500000000000001,approach_stop,40,40,0.20000000000000001,0.02,0,0,0,0,3.2000000000000002,0,0,0,0,3.2000000000000002,0,-2.5759857489792159e-16,free_flight_controlled,sep_nmpc_adapted,formal_acados,0.22500000000000001,0,0.38999999999999996,0,0,0,0,1.9999999999799999e-10,-1.9999999999799999e-10,0,0,false,false,6.005852,0,0,false,0,-0,0,129.88440000000003,129.88440000000003,0,0,0,0,0,0,0,0,0,0,0,0,0,0,0,0,0,0,0
0.52000000000000002,approach_stop,40,40,0.20000000000000001,0.02,0,0,0,0,3.2000000000000002,0,0,0,0,3.2000000000000002,0,-2.5759857489792159e-16,free_flight_controlled,sep_nmpc_adapted,formal_acados,0.22500000000000001,0,0.38999999999999996,0,0,0,0,1.9999999999799999e-10,-1.9999999999799999e-10,0,0,false,false,6.005852,0,0,false,0,-0,0,129.88440000000003,129.88440000000003,0,0,0,0,0,0,0,0,0,0,0,0,0,0,0,0,0,0,0
0.52500000000000002,approach_stop,40,40,0.20000000000000001,0.02,0,0,0,0,3.2000000000000002,0,0,0,0,3.2000000000000002,0,-2.5759857489792159e-16,free_flight_controlled,sep_nmpc_adapted,formal_acados,0.22500000000000001,0,0.38999999999999996,0,0,0,0,1.9999999999799999e-10,-1.9999999999799999e-10,0,0,false,false,6.005852,0,0,false,0,-0,0,129.88440000000003,129.88440000000003,0,0,0,0,0,0,0,0,0,0,0,0,0,0,0,0,0,0,0
0.53000000000000003,approach_stop,40,40,0.20000000000000001,0.02,0,0,0,0,3.2000000000000002,0,0,0,0,3.2000000000000002,0,-2.5759857489792159e-16,free_flight_controlled,sep_nmpc_adapted,formal_acados,0.22500000000000001,0,0.38999999999999996,0,0,0,0,1.9999999999799999e-10,-1.9999999999799999e-10,0,0,false,false,6.005852,0,0,false,0,-0,0,129.88440000000003,129.88440000000003,0,0,0,0,0,0,0,0,0,0,0,0,0,0,0,0,0,0,0
0.53500000000000003,approach_stop,40,40,0.20000000000000001,0.02,0,0,0,0,3.2000000000000002,0,0,0,0,3.2000000000000002,0,-2.5759857489792159e-16,free_flight_controlled,sep_nmpc_adapted,formal_acados,0.22500000000000001,0,0.38999999999999996,0,0,0,0,1.9999999999799999e-10,-1.9999999999799999e-10,0,0,false,false,6.005852,0,0,false,0,-0,0,129.88440000000003,129.88440000000003,0,0,0,0,0,0,0,0,0,0,0,0,0,0,0,0,0,0,0
0.54000000000000004,approach_stop,40,40,0.20000000000000001,0.02,0,0,0,0,3.2000000000000002,0,0,0,0,3.2000000000000002,0,-2.5759857489792159e-16,free_flight_controlled,sep_nmpc_adapted,formal_acados,0.22500000000000001,0,0.38999999999999996,0,0,0,0,1.9999999999799999e-10,-1.9999999999799999e-10,0,0,false,false,6.005852,0,0,false,0,-0,0,129.88440000000003,129.88440000000003,0,0,0,0,0,0,0,0,0,0,0,0,0,0,0,0,0,0,0
0.54500000000000004,approach_stop,40,40,0.20000000000000001,0.02,0,0,0,0,3.2000000000000002,0,0,0,0,3.2000000000000002,0,-2.5759857489792159e-16,free_flight_controlled,sep_nmpc_adapted,formal_acados,0.22500000000000001,0,0.38999999999999996,0,0,0,0,1.9999999999799999e-10,-1.9999999999799999e-10,0,0,false,false,6.005852,0,0,false,0,-0,0,129.88440000000003,129.88440000000003,0,0,0,0,0,0,0,0,0,0,0,0,0,0,0,0,0,0,0
0.55000000000000004,approach_stop,40,40,0.20000000000000001,0.02,0,0,0,0,3.2000000000000002,0,0,0,0,3.2000000000000002,0,-2.5759857489792159e-16,free_flight_controlled,sep_nmpc_adapted,formal_acados,0.22500000000000001,0,0.38999999999999996,0,0,0,0,1.9999999999799999e-10,-1.9999999999799999e-10,0,0,false,false,5.8778050000000004,0,0,false,0,-0,0,129.88440000000003,129.88440000000003,0,0,0,0,0,0,0,0,0,0,0,0,0,0,0,0,0,0,0
0.55500000000000005,approach_stop,40,40,0.20000000000000001,0.02,0,0,0,0,3.2000000000000002,0,0,0,0,3.2000000000000002,0,-2.5759857489792159e-16,free_flight_controlled,sep_nmpc_adapted,formal_acados,0.22500000000000001,0,0.38999999999999996,0,0,0,0,1.9999999999799999e-10,-1.9999999999799999e-10,0,0,false,false,5.8778050000000004,0,0,false,0,-0,0,129.88440000000003,129.88440000000003,0,0,0,0,0,0,0,0,0,0,0,0,0,0,0,0,0,0,0
0.56000000000000005,approach_stop,40,40,0.20000000000000001,0.02,0,0,0,0,3.2000000000000002,0,0,0,0,3.2000000000000002,0,-2.5759857489792159e-16,free_flight_controlled,sep_nmpc_adapted,formal_acados,0.22500000000000001,0,0.38999999999999996,0,0,0,0,1.9999999999799999e-10,-1.9999999999799999e-10,0,0,false,false,5.8778050000000004,0,0,false,0,-0,0,129.88440000000003,129.88440000000003,0,0,0,0,0,0,0,0,0,0,0,0,0,0,0,0,0,0,0
0.56500000000000006,approach_stop,40,40,0.20000000000000001,0.02,0,0,0,0,3.2000000000000002,0,0,0,0,3.2000000000000002,0,-2.5759857489792159e-16,free_flight_controlled,sep_nmpc_adapted,formal_acados,0.22500000000000001,0,0.38999999999999996,0,0,0,0,1.9999999999799999e-10,-1.9999999999799999e-10,0,0,false,false,5.8778050000000004,0,0,false,0,-0,0,129.88440000000003,129.88440000000003,0,0,0,0,0,0,0,0,0,0,0,0,0,0,0,0,0,0,0
0.57000000000000006,approach_stop,40,40,0.20000000000000001,0.02,0,0,0,0,3.2000000000000002,0,0,0,0,3.2000000000000002,0,-2.5759857489792159e-16,free_flight_controlled,sep_nmpc_adapted,formal_acados,0.22500000000000001,0,0.38999999999999996,0,0,0,0,1.9999999999799999e-10,-1.9999999999799999e-10,0,0,false,false,5.8778050000000004,0,0,false,0,-0,0,129.88440000000003,129.88440000000003,0,0,0,0,0,0,0,0,0,0,0,0,0,0,0,0,0,0,0
0.57500000000000007,approach_stop,40,40,0.20000000000000001,0.02,0,0,0,0,3.2000000000000002,0,0,0,0,3.2000000000000002,0,-2.5759857489792159e-16,free_flight_controlled,sep_nmpc_adapted,formal_acados,0.22500000000000001,0,0.38999999999999996,0,0,0,0,1.9999999999799999e-10,-1.9999999999799999e-10,0,0,false,false,5.8778050000000004,0,0,false,0,-0,0,129.88440000000003,129.88440000000003,0,0,0,0,0,0,0,0,0,0,0,0,0,0,0,0,0,0,0
0.57999999999999996,approach_stop,40,40,0.20000000000000001,0.02,0,0,0,0,3.2000000000000002,0,0,0,0,3.2000000000000002,0,-2.5759857489792159e-16,free_flight_controlled,sep_nmpc_adapted,formal_acados,0.22500000000000001,0,0.38999999999999996,0,0,0,0,1.9999999999799999e-10,-1.9999999999799999e-10,0,0,false,false,5.8778050000000004,0,0,false,0,-0,0,129.88440000000003,129.88440000000003,0,0,0,0,0,0,0,0,0,0,0,0,0,0,0,0,0,0,0
0.58499999999999996,approach_stop,40,40,0.20000000000000001,0.02,0,0,0,0,3.2000000000000002,0,0,0,0,3.2000000000000002,0,-2.5759857489792159e-16,free_flight_controlled,sep_nmpc_adapted,formal_acados,0.22500000000000001,0,0.38999999999999996,0,0,0,0,1.9999999999799999e-10,-1.9999999999799999e-10,0,0,false,false,5.8778050000000004,0,0,false,0,-0,0,129.88440000000003,129.88440000000003,0,0,0,0,0,0,0,0,0,0,0,0,0,0,0,0,0,0,0
0.58999999999999997,approach_stop,40,40,0.20000000000000001,0.02,0,0,0,0,3.2000000000000002,0,0,0,0,3.2000000000000002,0,-2.5759857489792159e-16,free_flight_controlled,sep_nmpc_adapted,formal_acados,0.22500000000000001,0,0.38999999999999996,0,0,0,0,1.9999999999799999e-10,-1.9999999999799999e-10,0,0,false,false,5.8778050000000004,0,0,false,0,-0,0,129.88440000000003,129.88440000000003,0,0,0,0,0,0,0,0,0,0,0,0,0,0,0,0,0,0,0
0.59499999999999997,approach_stop,40,40,0.20000000000000001,0.02,0,0,0,0,3.2000000000000002,0,0,0,0,3.2000000000000002,0,-2.5759857489792159e-16,free_flight_controlled,sep_nmpc_adapted,formal_acados,0.22500000000000001,0,0.38999999999999996,0,0,0,0,1.9999999999799999e-10,-1.9999999999799999e-10,0,0,false,false,5.8778050000000004,0,0,false,0,-0,0,129.88440000000003,129.88440000000003,0,0,0,0,0,0,0,0,0,0,0,0,0,0,0,0,0,0,0
0.59999999999999998,approach_stop,40,40,0.20000000000000001,0.02,0,0,0,0,3.2000000000000002,0,0,0,0,3.2000000000000002,0,-2.5759857489792159e-16,free_flight_controlled,sep_nmpc_adapted,formal_acados,0.22500000000000001,0,0.38999999999999996,0,0,0,0,1.9999999999799999e-10,-1.9999999999799999e-10,0,0,false,false,5.8585529999999997,0,0,false,0,-0,0,129.88440000000003,129.88440000000003,0,0,0,0,0,0,0,0,0,0,0,0,0,0,0,0,0,0,0
0.60499999999999998,approach_stop,40,40,0.20000000000000001,0.02,0,0,0,0,3.2000000000000002,0,0,0,0,3.2000000000000002,0,-2.5759857489792159e-16,free_flight_controlled,sep_nmpc_adapted,formal_acados,0.22500000000000001,0,0.38999999999999996,0,0,0,0,1.9999999999799999e-10,-1.9999999999799999e-10,0,0,false,false,5.8585529999999997,0,0,false,0,-0,0,129.88440000000003,129.88440000000003,0,0,0,0,0,0,0,0,0,0,0,0,0,0,0,0,0,0,0
0.60999999999999999,approach_stop,40,40,0.20000000000000001,0.02,0,0,0,0,3.2000000000000002,0,0,0,0,3.2000000000000002,0,-2.5759857489792159e-16,free_flight_controlled,sep_nmpc_adapted,formal_acados,0.22500000000000001,0,0.38999999999999996,0,0,0,0,1.9999999999799999e-10,-1.9999999999799999e-10,0,0,false,false,5.8585529999999997,0,0,false,0,-0,0,129.88440000000003,129.88440000000003,0,0,0,0,0,0,0,0,0,0,0,0,0,0,0,0,0,0,0
0.61499999999999999,approach_stop,40,40,0.20000000000000001,0.02,0,0,0,0,3.2000000000000002,0,0,0,0,3.2000000000000002,0,-2.5759857489792159e-16,free_flight_controlled,sep_nmpc_adapted,formal_acados,0.22500000000000001,0,0.38999999999999996,0,0,0,0,1.9999999999799999e-10,-1.9999999999799999e-10,0,0,false,false,5.8585529999999997,0,0,false,0,-0,0,129.88440000000003,129.88440000000003,0,0,0,0,0,0,0,0,0,0,0,0,0,0,0,0,0,0,0
0.62,approach_stop,40,40,0.20000000000000001,0.02,0,0,0,0,3.2000000000000002,0,0,0,0,3.2000000000000002,0,-2.5759857489792159e-16,free_flight_controlled,sep_nmpc_adapted,formal_acados,0.22500000000000001,0,0.38999999999999996,0,0,0,0,1.9999999999799999e-10,-1.9999999999799999e-10,0,0,false,false,5.8585529999999997,0,0,false,0,-0,0,129.88440000000003,129.88440000000003,0,0,0,0,0,0,0,0,0,0,0,0,0,0,0,0,0,0,0
0.625,approach_stop,40,40,0.20000000000000001,0.02,0,0,0,0,3.2000000000000002,0,0,0,0,3.2000000000000002,0,-2.5759857489792159e-16,free_flight_controlled,sep_nmpc_adapted,formal_acados,0.22500000000000001,0,0.38999999999999996,0,0,0,0,1.9999999999799999e-10,-1.9999999999799999e-10,0,0,false,false,5.8585529999999997,0,0,false,0,-0,0,129.88440000000003,129.88440000000003,0,0,0,0,0,0,0,0,0,0,0,0,0,0,0,0,0,0,0
0.63,approach_stop,40,40,0.20000000000000001,0.02,0,0,0,0,3.2000000000000002,0,0,0,0,3.2000000000000002,0,-2.5759857489792159e-16,free_flight_controlled,sep_nmpc_adapted,formal_acados,0.22500000000000001,0,0.38999999999999996,0,0,0,0,1.9999999999799999e-10,-1.9999999999799999e-10,0,0,false,false,5.8585529999999997,0,0,false,0,-0,0,129.88440000000003,129.88440000000003,0,0,0,0,0,0,0,0,0,0,0,0,0,0,0,0,0,0,0
0.63500000000000001,approach_stop,40,40,0.20000000000000001,0.02,0,0,0,0,3.2000000000000002,0,0,0,0,3.2000000000000002,0,-2.5759857489792159e-16,free_flight_controlled,sep_nmpc_adapted,formal_acados,0.22500000000000001,0,0.38999999999999996,0,0,0,0,1.9999999999799999e-10,-1.9999999999799999e-10,0,0,false,false,5.8585529999999997,0,0,false,0,-0,0,129.88440000000003,129.88440000000003,0,0,0,0,0,0,0,0,0,0,0,0,0,0,0,0,0,0,0
0.64000000000000001,approach_stop,40,40,0.20000000000000001,0.02,0,0,0,0,3.2000000000000002,0,0,0,0,3.2000000000000002,0,-2.5759857489792159e-16,free_flight_controlled,sep_nmpc_adapted,formal_acados,0.22500000000000001,0,0.38999999999999996,0,0,0,0,1.9999999999799999e-10,-1.9999999999799999e-10,0,0,false,false,5.8585529999999997,0,0,false,0,-0,0,129.88440000000003,129.88440000000003,0,0,0,0,0,0,0,0,0,0,0,0,0,0,0,0,0,0,0
0.64500000000000002,approach_stop,40,40,0.20000000000000001,0.02,0,0,0,0,3.2000000000000002,0,0,0,0,3.2000000000000002,0,-2.5759857489792159e-16,free_flight_controlled,sep_nmpc_adapted,formal_acados,0.22500000000000001,0,0.38999999999999996,0,0,0,0,1.9999999999799999e-10,-1.9999999999799999e-10,0,0,false,false,5.8585529999999997,0,0,false,0,-0,0,129.88440000000003,129.88440000000003,0,0,0,0,0,0,0,0,0,0,0,0,0,0,0,0,0,0,0
0.65000000000000002,approach_stop,40,40,0.20000000000000001,0.02,0,0,0,0,3.2000000000000002,0,0,0,0,3.2000000000000002,0,-2.5759857489792159e-16,free_flight_controlled,sep_nmpc_adapted,formal_acados,0.22500000000000001,0,0.38999999999999996,0,0,0,0,1.9999999999799999e-10,-1.9999999999799999e-10,0,0,false,false,7.0312910000000004,0,0,false,0,-0,0,129.88440000000003,129.88440000000003,0,0,0,0,0,0,0,0,0,0,0,0,0,0,0,0,0,0,0
0.65500000000000003,approach_stop,40,40,0.20000000000000001,0.02,0,0,0,0,3.2000000000000002,0,0,0,0,3.2000000000000002,0,-2.5759857489792159e-16,free_flight_controlled,sep_nmpc_adapted,formal_acados,0.22500000000000001,0,0.38999999999999996,0,0,0,0,1.9999999999799999e-10,-1.9999999999799999e-10,0,0,false,false,7.0312910000000004,0,0,false,0,-0,0,129.88440000000003,129.88440000000003,0,0,0,0,0,0,0,0,0,0,0,0,0,0,0,0,0,0,0
0.66000000000000003,approach_stop,40,40,0.20000000000000001,0.02,0,0,0,0,3.2000000000000002,0,0,0,0,3.2000000000000002,0,-2.5759857489792159e-16,free_flight_controlled,sep_nmpc_adapted,formal_acados,0.22500000000000001,0,0.38999999999999996,0,0,0,0,1.9999999999799999e-10,-1.9999999999799999e-10,0,0,false,false,7.0312910000000004,0,0,false,0,-0,0,129.88440000000003,129.88440000000003,0,0,0,0,0,0,0,0,0,0,0,0,0,0,0,0,0,0,0
0.66500000000000004,approach_stop,40,40,0.20000000000000001,0.02,0,0,0,0,3.2000000000000002,0,0,0,0,3.2000000000000002,0,-2.5759857489792159e-16,free_flight_controlled,sep_nmpc_adapted,formal_acados,0.22500000000000001,0,0.38999999999999996,0,0,0,0,1.9999999999799999e-10,-1.9999999999799999e-10,0,0,false,false,7.0312910000000004,0,0,false,0,-0,0,129.88440000000003,129.88440000000003,0,0,0,0,0,0,0,0,0,0,0,0,0,0,0,0,0,0,0
0.67000000000000004,approach_stop,40,40,0.20000000000000001,0.02,0,0,0,0,3.2000000000000002,0,0,0,0,3.2000000000000002,0,-2.5759857489792159e-16,free_flight_controlled,sep_nmpc_adapted,formal_acados,0.22500000000000001,0,0.38999999999999996,0,0,0,0,1.9999999999799999e-10,-1.9999999999799999e-10,0,0,false,false,7.0312910000000004,0,0,false,0,-0,0,129.88440000000003,129.88440000000003,0,0,0,0,0,0,0,0,0,0,0,0,0,0,0,0,0,0,0
0.67500000000000004,approach_stop,40,40,0.20000000000000001,0.02,0,0,0,0,3.2000000000000002,0,0,0,0,3.2000000000000002,0,-2.5759857489792159e-16,free_flight_controlled,sep_nmpc_adapted,formal_acados,0.22500000000000001,0,0.38999999999999996,0,0,0,0,1.9999999999799999e-10,-1.9999999999799999e-10,0,0,false,false,7.0312910000000004,0,0,false,0,-0,0,129.88440000000003,129.88440000000003,0,0,0,0,0,0,0,0,0,0,0,0,0,0,0,0,0,0,0
0.68000000000000005,approach_stop,40,40,0.20000000000000001,0.02,0,0,0,0,3.2000000000000002,0,0,0,0,3.2000000000000002,0,-2.5759857489792159e-16,free_flight_controlled,sep_nmpc_adapted,formal_acados,0.22500000000000001,0,0.38999999999999996,0,0,0,0,1.9999999999799999e-10,-1.9999999999799999e-10,0,0,false,false,7.0312910000000004,0,0,false,0,-0,0,129.88440000000003,129.88440000000003,0,0,0,0,0,0,0,0,0,0,0,0,0,0,0,0,0,0,0
0.68500000000000005,approach_stop,40,40,0.20000000000000001,0.02,0,0,0,0,3.2000000000000002,0,0,0,0,3.2000000000000002,0,-2.5759857489792159e-16,free_flight_controlled,sep_nmpc_adapted,formal_acados,0.22500000000000001,0,0.38999999999999996,0,0,0,0,1.9999999999799999e-10,-1.9999999999799999e-10,0,0,false,false,7.0312910000000004,0,0,false,0,-0,0,129.88440000000003,129.88440000000003,0,0,0,0,0,0,0,0,0,0,0,0,0,0,0,0,0,0,0
0.69000000000000006,approach_stop,40,40,0.20000000000000001,0.02,0,0,0,0,3.2000000000000002,0,0,0,0,3.2000000000000002,0,-2.5759857489792159e-16,free_flight_controlled,sep_nmpc_adapted,formal_acados,0.22500000000000001,0,0.38999999999999996,0,0,0,0,1.9999999999799999e-10,-1.9999999999799999e-10,0,0,false,false,7.0312910000000004,0,0,false,0,-0,0,129.88440000000003,129.88440000000003,0,0,0,0,0,0,0,0,0,0,0,0,0,0,0,0,0,0,0
0.69500000000000006,approach_stop,40,40,0.20000000000000001,0.02,0,0,0,0,3.2000000000000002,0,0,0,0,3.2000000000000002,0,-2.5759857489792159e-16,free_flight_controlled,sep_nmpc_adapted,formal_acados,0.22500000000000001,0,0.38999999999999996,0,0,0,0,1.9999999999799999e-10,-1.9999999999799999e-10,0,0,false,false,7.0312910000000004,0,0,false,0,-0,0,129.88440000000003,129.88440000000003,0,0,0,0,0,0,0,0,0,0,0,0,0,0,0,0,0,0,0
0.70000000000000007,approach_stop,40,40,0.20000000000000001,0.02,0,0,0,0,3.2000000000000002,0,0,0,0,3.2000000000000002,0,-2.5759857489792159e-16,free_flight_controlled,sep_nmpc_adapted,formal_acados,0.22500000000000001,0,0.38999999999999996,0,0,0,0,1.9999999999799999e-10,-1.9999999999799999e-10,0,0,false,false,5.7247269999999997,0,0,false,0,-0,0,129.88440000000003,129.88440000000003,0,0,0,0,0,0,0,0,0,0,0,0,0,0,0,0,0,0,0
0.70499999999999996,approach_stop,40,40,0.20000000000000001,0.02,0,0,0,0,3.2000000000000002,0,0,0,0,3.2000000000000002,0,-2.5759857489792159e-16,free_flight_controlled,sep_nmpc_adapted,formal_acados,0.22500000000000001,0,0.38999999999999996,0,0,0,0,1.9999999999799999e-10,-1.9999999999799999e-10,0,0,false,false,5.7247269999999997,0,0,false,0,-0,0,129.88440000000003,129.88440000000003,0,0,0,0,0,0,0,0,0,0,0,0,0,0,0,0,0,0,0
0.70999999999999996,approach_stop,40,40,0.20000000000000001,0.02,0,0,0,0,3.2000000000000002,0,0,0,0,3.2000000000000002,0,-2.5759857489792159e-16,free_flight_controlled,sep_nmpc_adapted,formal_acados,0.22500000000000001,0,0.38999999999999996,0,0,0,0,1.9999999999799999e-10,-1.9999999999799999e-10,0,0,false,false,5.7247269999999997,0,0,false,0,-0,0,129.88440000000003,129.88440000000003,0,0,0,0,0,0,0,0,0,0,0,0,0,0,0,0,0,0,0
0.71499999999999997,approach_stop,40,40,0.20000000000000001,0.02,0,0,0,0,3.2000000000000002,0,0,0,0,3.2000000000000002,0,-2.5759857489792159e-16,free_flight_controlled,sep_nmpc_adapted,formal_acados,0.22500000000000001,0,0.38999999999999996,0,0,0,0,1.9999999999799999e-10,-1.9999999999799999e-10,0,0,false,false,5.7247269999999997,0,0,false,0,-0,0,129.88440000000003,129.88440000000003,0,0,0,0,0,0,0,0,0,0,0,0,0,0,0,0,0,0,0
0.71999999999999997,approach_stop,40,40,0.20000000000000001,0.02,0,0,0,0,3.2000000000000002,0,0,0,0,3.2000000000000002,0,-2.5759857489792159e-16,free_flight_controlled,sep_nmpc_adapted,formal_acados,0.22500000000000001,0,0.38999999999999996,0,0,0,0,1.9999999999799999e-10,-1.9999999999799999e-10,0,0,false,false,5.7247269999999997,0,0,false,0,-0,0,129.88440000000003,129.88440000000003,0,0,0,0,0,0,0,0,0,0,0,0,0,0,0,0,0,0,0
0.72499999999999998,approach_stop,40,40,0.20000000000000001,0.02,0,0,0,0,3.2000000000000002,0,0,0,0,3.2000000000000002,0,-2.5759857489792159e-16,free_flight_controlled,sep_nmpc_adapted,formal_acados,0.22500000000000001,0,0.38999999999999996,0,0,0,0,1.9999999999799999e-10,-1.9999999999799999e-10,0,0,false,false,5.7247269999999997,0,0,false,0,-0,0,129.88440000000003,129.88440000000003,0,0,0,0,0,0,0,0,0,0,0,0,0,0,0,0,0,0,0
0.72999999999999998,approach_stop,40,40,0.20000000000000001,0.02,0,0,0,0,3.2000000000000002,0,0,0,0,3.2000000000000002,0,-2.5759857489792159e-16,free_flight_controlled,sep_nmpc_adapted,formal_acados,0.22500000000000001,0,0.38999999999999996,0,0,0,0,1.9999999999799999e-10,-1.9999999999799999e-10,0,0,false,false,5.7247269999999997,0,0,false,0,-0,0,129.88440000000003,129.88440000000003,0,0,0,0,0,0,0,0,0,0,0,0,0,0,0,0,0,0,0
0.73499999999999999,approach_stop,40,40,0.20000000000000001,0.02,0,0,0,0,3.2000000000000002,0,0,0,0,3.2000000000000002,0,-2.5759857489792159e-16,free_flight_controlled,sep_nmpc_adapted,formal_acados,0.22500000000000001,0,0.38999999999999996,0,0,0,0,1.9999999999799999e-10,-1.9999999999799999e-10,0,0,false,false,5.7247269999999997,0,0,false,0,-0,0,129.88440000000003,129.88440000000003,0,0,0,0,0,0,0,0,0,0,0,0,0,0,0,0,0,0,0
0.73999999999999999,approach_stop,40,40,0.20000000000000001,0.02,0,0,0,0,3.2000000000000002,0,0,0,0,3.2000000000000002,0,-2.5759857489792159e-16,free_flight_controlled,sep_nmpc_adapted,formal_acados,0.22500000000000001,0,0.38999999999999996,0,0,0,0,1.9999999999799999e-10,-1.9999999999799999e-10,0,0,false,false,5.7247269999999997,0,0,false,0,-0,0,129.88440000000003,129.88440000000003,0,0,0,0,0,0,0,0,0,0,0,0,0,0,0,0,0,0,0
0.745,approach_stop,40,40,0.20000000000000001,0.02,0,0,0,0,3.2000000000000002,0,0,0,0,3.2000000000000002,0,-2.5759857489792159e-16,free_flight_controlled,sep_nmpc_adapted,formal_acados,0.22500000000000001,0,0.38999999999999996,0,0,0,0,1.9999999999799999e-10,-1.9999999999799999e-10,0,0,false,false,5.7247269999999997,0,0,false,0,-0,0,129.88440000000003,129.88440000000003,0,0,0,0,0,0,0,0,0,0,0,0,0,0,0,0,0,0,0
0.75,approach_stop,40,40,0.20000000000000001,0.02,0,0,0,0,3.2000000000000002,0,0,0,0,3.2000000000000002,0,-2.5759857489792159e-16,free_flight_controlled,sep_nmpc_adapted,formal_acados,0.22500000000000001,0,0.38999999999999996,0,0,0,0,1.9999999999799999e-10,-1.9999999999799999e-10,0,0,false,false,5.726648,0,0,false,0,-0,0,129.88440000000003,129.88440000000003,0,0,0,0,0,0,0,0,0,0,0,0,0,0,0,0,0,0,0
0.755,approach_stop,40,40,0.20000000000000001,0.02,0,0,0,0,3.2000000000000002,0,0,0,0,3.2000000000000002,0,-2.5759857489792159e-16,free_flight_controlled,sep_nmpc_adapted,formal_acados,0.22500000000000001,0,0.38999999999999996,0,0,0,0,1.9999999999799999e-10,-1.9999999999799999e-10,0,0,false,false,5.726648,0,0,false,0,-0,0,129.88440000000003,129.88440000000003,0,0,0,0,0,0,0,0,0,0,0,0,0,0,0,0,0,0,0
0.76000000000000001,approach_stop,40,40,0.20000000000000001,0.02,0,0,0,0,3.2000000000000002,0,0,0,0,3.2000000000000002,0,-2.5759857489792159e-16,free_flight_controlled,sep_nmpc_adapted,formal_acados,0.22500000000000001,0,0.38999999999999996,0,0,0,0,1.9999999999799999e-10,-1.9999999999799999e-10,0,0,false,false,5.726648,0,0,false,0,-0,0,129.88440000000003,129.88440000000003,0,0,0,0,0,0,0,0,0,0,0,0,0,0,0,0,0,0,0
0.76500000000000001,approach_stop,40,40,0.20000000000000001,0.02,0,0,0,0,3.2000000000000002,0,0,0,0,3.2000000000000002,0,-2.5759857489792159e-16,free_flight_controlled,sep_nmpc_adapted,formal_acados,0.22500000000000001,0,0.38999999999999996,0,0,0,0,1.9999999999799999e-10,-1.9999999999799999e-10,0,0,false,false,5.726648,0,0,false,0,-0,0,129.88440000000003,129.88440000000003,0,0,0,0,0,0,0,0,0,0,0,0,0,0,0,0,0,0,0
0.77000000000000002,approach_stop,40,40,0.20000000000000001,0.02,0,0,0,0,3.2000000000000002,0,0,0,0,3.2000000000000002,0,-2.5759857489792159e-16,free_flight_controlled,sep_nmpc_adapted,formal_acados,0.22500000000000001,0,0.38999999999999996,0,0,0,0,1.9999999999799999e-10,-1.9999999999799999e-10,0,0,false,false,5.726648,0,0,false,0,-0,0,129.88440000000003,129.88440000000003,0,0,0,0,0,0,0,0,0,0,0,0,0,0,0,0,0,0,0
0.77500000000000002,approach_stop,40,40,0.20000000000000001,0.02,0,0,0,0,3.2000000000000002,0,0,0,0,3.2000000000000002,0,-2.5759857489792159e-16,free_flight_controlled,sep_nmpc_adapted,formal_acados,0.22500000000000001,0,0.38999999999999996,0,0,0,0,1.9999999999799999e-10,-1.9999999999799999e-10,0,0,false,false,5.726648,0,0,false,0,-0,0,129.88440000000003,129.88440000000003,0,0,0,0,0,0,0,0,0,0,0,0,0,0,0,0,0,0,0
0.78000000000000003,approach_stop,40,40,0.20000000000000001,0.02,0,0,0,0,3.2000000000000002,0,0,0,0,3.2000000000000002,0,-2.5759857489792159e-16,free_flight_controlled,sep_nmpc_adapted,formal_acados,0.22500000000000001,0,0.38999999999999996,0,0,0,0,1.9999999999799999e-10,-1.9999999999799999e-10,0,0,false,false,5.726648,0,0,false,0,-0,0,129.88440000000003,129.88440000000003,0,0,0,0,0,0,0,0,0,0,0,0,0,0,0,0,0,0,0
0.78500000000000003,approach_stop,40,40,0.20000000000000001,0.02,0,0,0,0,3.2000000000000002,0,0,0,0,3.2000000000000002,0,-2.5759857489792159e-16,free_flight_controlled,sep_nmpc_adapted,formal_acados,0.22500000000000001,0,0.38999999999999996,0,0,0,0,1.9999999999799999e-10,-1.9999999999799999e-10,0,0,false,false,5.726648,0,0,false,0,-0,0,129.88440000000003,129.88440000000003,0,0,0,0,0,0,0,0,0,0,0,0,0,0,0,0,0,0,0
0.79000000000000004,approach_stop,40,40,0.20000000000000001,0.02,0,0,0,0,3.2000000000000002,0,0,0,0,3.2000000000000002,0,-2.5759857489792159e-16,free_flight_controlled,sep_nmpc_adapted,formal_acados,0.22500000000000001,0,0.38999999999999996,0,0,0,0,1.9999999999799999e-10,-1.9999999999799999e-10,0,0,false,false,5.726648,0,0,false,0,-0,0,129.88440000000003,129.88440000000003,0,0,0,0,0,0,0,0,0,0,0,0,0,0,0,0,0,0,0
0.79500000000000004,approach_stop,40,40,0.20000000000000001,0.02,0,0,0,0,3.2000000000000002,0,0,0,0,3.2000000000000002,0,-2.5759857489792159e-16,free_flight_controlled,sep_nmpc_adapted,formal_acados,0.22500000000000001,0,0.38999999999999996,0,0,0,0,1.9999999999799999e-10,-1.9999999999799999e-10,0,0,false,false,5.726648,0,0,false,0,-0,0,129.88440000000003,129.88440000000003,0,0,0,0,0,0,0,0,0,0,0,0,0,0,0,0,0,0,0
0.80000000000000004,approach_stop,40,40,0.20000000000000001,0.02,0,0,0,0,3.2000000000000002,0,0,0,0,3.2000000000000002,0,-2.5759857489792159e-16,free_flight_controlled,sep_nmpc_adapted,formal_acados,0.22500000000000001,0,0.38999999999999996,0,0,0,0,1.9999999999799999e-10,-1.9999999999799999e-10,0,0,false,false,5.7746789999999999,0,0,false,0,-0,0,129.88440000000003,129.88440000000003,0,0,0,0,0,0,0,0,0,0,0,0,0,0,0,0,0,0,0
0.80500000000000005,approach_stop,40,40,0.20000000000000001,0.02,0,0,0,0,3.2000000000000002,0,0,0,0,3.2000000000000002,0,-2.5759857489792159e-16,free_flight_controlled,sep_nmpc_adapted,formal_acados,0.22500000000000001,0,0.38999999999999996,0,0,0,0,1.9999999999799999e-10,-1.9999999999799999e-10,0,0,false,false,5.7746789999999999,0,0,false,0,-0,0,129.88440000000003,129.88440000000003,0,0,0,0,0,0,0,0,0,0,0,0,0,0,0,0,0,0,0
0.81000000000000005,approach_stop,40,40,0.20000000000000001,0.02,0,0,0,0,3.2000000000000002,0,0,0,0,3.2000000000000002,0,-2.5759857489792159e-16,free_flight_controlled,sep_nmpc_adapted,formal_acados,0.22500000000000001,0,0.38999999999999996,0,0,0,0,1.9999999999799999e-10,-1.9999999999799999e-10,0,0,false,false,5.7746789999999999,0,0,false,0,-0,0,129.88440000000003,129.88440000000003,0,0,0,0,0,0,0,0,0,0,0,0,0,0,0,0,0,0,0
0.81500000000000006,approach_stop,40,40,0.20000000000000001,0.02,0,0,0,0,3.2000000000000002,0,0,0,0,3.2000000000000002,0,-2.5759857489792159e-16,free_flight_controlled,sep_nmpc_adapted,formal_acados,0.22500000000000001,0,0.38999999999999996,0,0,0,0,1.9999999999799999e-10,-1.9999999999799999e-10,0,0,false,false,5.7746789999999999,0,0,false,0,-0,0,129.88440000000003,129.88440000000003,0,0,0,0,0,0,0,0,0,0,0,0,0,0,0,0,0,0,0
0.82000000000000006,approach_stop,40,40,0.20000000000000001,0.02,0,0,0,0,3.2000000000000002,0,0,0,0,3.2000000000000002,0,-2.5759857489792159e-16,free_flight_controlled,sep_nmpc_adapted,formal_acados,0.22500000000000001,0,0.38999999999999996,0,0,0,0,1.9999999999799999e-10,-1.9999999999799999e-10,0,0,false,false,5.7746789999999999,0,0,false,0,-0,0,129.88440000000003,129.88440000000003,0,0,0,0,0,0,0,0,0,0,0,0,0,0,0,0,0,0,0
0.82500000000000007,approach_stop,40,40,0.20000000000000001,0.02,0,0,0,0,3.2000000000000002,0,0,0,0,3.2000000000000002,0,-2.5759857489792159e-16,free_flight_controlled,sep_nmpc_adapted,formal_acados,0.22500000000000001,0,0.38999999999999996,0,0,0,0,1.9999999999799999e-10,-1.9999999999799999e-10,0,0,false,false,5.7746789999999999,0,0,false,0,-0,0,129.88440000000003,129.88440000000003,0,0,0,0,0,0,0,0,0,0,0,0,0,0,0,0,0,0,0
0.83000000000000007,approach_stop,40,40,0.20000000000000001,0.02,0,0,0,0,3.2000000000000002,0,0,0,0,3.2000000000000002,0,-2.5759857489792159e-16,free_flight_controlled,sep_nmpc_adapted,formal_acados,0.22500000000000001,0,0.38999999999999996,0,0,0,0,1.9999999999799999e-10,-1.9999999999799999e-10,0,0,false,false,5.7746789999999999,0,0,false,0,-0,0,129.88440000000003,129.88440000000003,0,0,0,0,0,0,0,0,0,0,0,0,0,0,0,0,0,0,0
0.83499999999999996,approach_stop,40,40,0.20000000000000001,0.02,0,0,0,0,3.2000000000000002,0,0,0,0,3.2000000000000002,0,-2.5759857489792159e-16,free_flight_controlled,sep_nmpc_adapted,formal_acados,0.22500000000000001,0,0.38999999999999996,0,0,0,0,1.9999999999799999e-10,-1.9999999999799999e-10,0,0,false,false,5.7746789999999999,0,0,false,0,-0,0,129.88440000000003,129.88440000000003,0,0,0,0,0,0,0,0,0,0,0,0,0,0,0,0,0,0,0
0.83999999999999997,approach_stop,40,40,0.20000000000000001,0.02,0,0,0,0,3.2000000000000002,0,0,0,0,3.2000000000000002,0,-2.5759857489792159e-16,free_flight_controlled,sep_nmpc_adapted,formal_acados,0.22500000000000001,0,0.38999999999999996,0,0,0,0,1.9999999999799999e-10,-1.9999999999799999e-10,0,0,false,false,5.7746789999999999,0,0,false,0,-0,0,129.88440000000003,129.88440000000003,0,0,0,0,0,0,0,0,0,0,0,0,0,0,0,0,0,0,0
0.84499999999999997,approach_stop,40,40,0.20000000000000001,0.02,0,0,0,0,3.2000000000000002,0,0,0,0,3.2000000000000002,0,-2.5759857489792159e-16,free_flight_controlled,sep_nmpc_adapted,formal_acados,0.22500000000000001,0,0.38999999999999996,0,0,0,0,1.9999999999799999e-10,-1.9999999999799999e-10,0,0,false,false,5.7746789999999999,0,0,false,0,-0,0,129.88440000000003,129.88440000000003,0,0,0,0,0,0,0,0,0,0,0,0,0,0,0,0,0,0,0
0.84999999999999998,approach_stop,40,40,0.20000000000000001,0.02,0,0,0,0,3.2000000000000002,0,0,0,0,3.2000000000000002,0,-2.5759857489792159e-16,free_flight_controlled,sep_nmpc_adapted,formal_acados,0.22500000000000001,0,0.38999999999999996,0,0,0,-0.0026264583681107965,1.9999999999799999e-10,1.3776567118838657e-07,-0.00019837298852800578,-0.00019837298852800578,false,false,5.7774780000000003,0,0,false,0,-0,0,129.88440000000003,129.88440000000003,0,-0.00031271596095000959,0,0,-0.00031271596095000959,0,0,0,0,0,0,0,0,0,0,0,0,0,0
0.85499999999999998,approach_stop,40,40,0.20000000000000001,0.02,0,0,0,0,3.2000000000000002,0,-7.1752907399666998e-11,-2.9431072616043334e-08,0,3.2000000000000002,0,-8.8971014223580515e-16,free_flight_controlled,sep_nmpc_adapted,formal_acados,0.22499999998329157,0,0.38999999994207957,5.5044468982856642e-11,-2.9580185706371957e-10,0,-0.0026264583681107965,1.9999999999799999e-10,1.3776567118838657e-07,-0.00019837298852800578,-0.00019837298852800578,false,false,5.7774780000000003,0,0,false,0,-3.3968968333262044e-09,0,129.88440000000895,129.88440000000895,0,-0.00030327471514301406,0,0,-0.00030327471514301406,0,0,1.5267123194118055e-09,3.0232191131036819e-09,2.2293076326807547e-10,-8.0665457044119104e-10,-3.1197054660788273e-10,5.8927612623072756e-07,1.1964633671087907e-06,1.1503878019419239e-07,-3.1015972649887173e-07,-1.2484647745029268e-07,0,-1.2124558579429983e-14
0.85999999999999999,approach_stop,40,40,0.20000000000000001,0.02,0,0,0,0,3.2000000000000002,0,-2.9916287531394308e-10,-6.2183244037568353e-08,0,3.2000000000000002,0,-1.812339536811912e-15,free_flight_controlled,sep_nmpc_adapted,formal_acados,0.22499999992709752,0,0.38999999970951338,2.2626039930528918e-10,-1.1538315975345475e-09,0,-0.0026264583681107965,1.9999999999799999e-10,1.3776567118838657e-07,-0.00019837298852800578,-0.00019837298852800578,false,false,5.7774780000000003,0,0,false,0,-1.3298364859984569e-08,0,129.88440000003501,129.88440000003501,0,-0.00029439387355778307,0,0,-0.00029439387355778307,0,0,5.6644298073495568e-09,1.1740231504288145e-08,1.3612346758690483e-09,-2.9475286438539662e-09,-1.2290310623181838e-09,1.0509631930662896e-06,2.2772095613142469e-06,3.5767983393009203e-07,-5.3340623753571564e-07,-2.4012837912081344e-07,0,-5.1268867700915051e-14
0.86499999999999999,approach_stop,40,40,0.20000000000000001,0.02,0,0,0,0,3.2000000000000002,0,-6.9784904230095537e-10,-9.7886175327985206e-08,0,3.2000000000000002,0,2.2306721065120769e-16,free_flight_controlled,sep_nmpc_adapted,formal_acados,0.22499999982555738,0,0.38999999922255463,5.2340640155357221e-10,-2.5285186272276357e-09,0,-0.0026264583681107965,1.9999999999799999e-10,1.3776567118838657e-07,-0.00019837298852800578,-0.00019837298852800578,false,false,5.7774780000000003,0,0,false,0,-2.9257080387351893e-08,0,129.88440000007682,129.88440000007682,0,-0.0002860051500646541,0,0,-0.0002860051500646541,0,0,1.1865321499299132e-08,2.5579304046991549e-08,3.9394395510195738e-09,-5.9913735878485436e-09,-2.6803640329998611e-09,1.4190303976819387e-06,3.2460227637065509e-06,6.8503331819451154e-07,-6.7213056303468791e-07,-3.375806286264808e-07,0,-1.2029360370405189e-13
0.87,approach_stop,40,40,0.20000000000000001,0.02,0,0,0,0,3.2000000000000002,0,-1.2819610276108431e-09,-1.3632005245372299e-07,0,3.2000000000000002,0,8.3815519970288243e-15,free_flight_controlled,sep_nmpc_adapted,formal_acados,0.22499999967653714,0,0.38999999841333444,9.5849816972304325e-10,-4.3780001600013097e-09,0,-0.0026264583681107965,1.9999999999799999e-10,1.3776567118838657e-07,-0.00019837298852800578,-0.00019837298852800578,false,false,5.7774780000000003,0,0,false,0,-5.0874826572499935e-08,0,129.88440000013313,129.88440000013313,0,-0.00027805330276738267,0,0,-0.00027805330276738267,0,0,1.9723714609034943e-08,4.3999513237952973e-08,8.3011236530810707e-09,-9.5317852203965798e-09,-4.5659492693494028e-09,1.717074436758315e-06,4.1108875382205379e-06,1.0668556636543373e-06,-7.3335484304955993e-07,-4.1345221258729169e-07,0,-2.2052245208690305e-13
0.875,approach_stop,40,40,0.20000000000000001,0.02,0,0,0,0,3.2000000000000002,0,-2.0648310207441989e-09,-1.7737149322528474e-07,0,3.2000000000000002,0,2.5691786498369231e-14,free_flight_controlled,sep_nmpc_adapted,formal_acados,0.22499999948117924,0,0.38999999722607098,1.5460102642528284e-09,-6.6632054786452398e-09,0,-0.0026264583681107965,1.9999999999799999e-10,1.3776567118838657e-07,-0.00019837298852800578,-0.00019837298852800578,false,false,5.7774780000000003,0,0,false,0,-7.7793534344813089e-08,0,129.88440000020279,129.88440000020279,0,-0.00027049312567593912,0,0,-0.00027049312567593912,0,0,2.8933492169773219e-08,6.6504876938004153e-08,1.4662061976482129e-08,-1.320365942713732e-08,-6.7746934178895031e-09,1.961776099617641e-06,4.8814813088756044e-06,1.4817428515543793e-06,-7.2625990415107326e-07,-4.6683678881550586e-07,0,-3.5197900417748647e-13
0.88,approach_stop,40,40,0.20000000000000001,0.02,0,0,0,0,3.2000000000000002,0,-3.0594252021460872e-09,-2.2100313946788645e-07,0,3.2000000000000002,0,5.5056782006365508e-14,free_flight_controlled,sep_nmpc_adapted,formal_acados,0.22499999924348188,0,0.3899999956165951,2.3029070872482293e-09,-9.3472102965279724e-09,0,-0.0026264583681107965,1.9999999999799999e-10,1.3776567118838657e-07,-0.00019837298852800578,-0.00019837298852800578,false,false,5.7774780000000003,0,0,false,0,-1.0968848986011464e-07,0,129.88440000028481,129.88440000028481,0,-0.00026328725160042551,0,0,-0.00026328725160042551,0,0,3.9259531213504053e-08,9.2648986826540825e-08,2.3147388864903225e-08,-1.6689972170206166e-08,-9.1956448892266039e-09,2.1651489009232843e-06,5.567784081229028e-06,1.9144763180559748e-06,-6.6071063424216144e-07,-4.9854452195482944e-07,0,-5.1360747447007836e-13
0.88500000000000001,approach_stop,40,40,0.20000000000000001,0.02,0,0,0,0,3.2000000000000002,0,-4.2786675269253391e-09,-2.672323918170829e-07,0,3.2000000000000002,0,9.9286648006697211e-14,free_flight_controlled,sep_nmpc_adapted,formal_acados,0.22499999896990525,0,0.38999999355150722,3.2485727718967183e-09,-1.2394763001309351e-08,0,-0.0026264583681107965,1.9999999999799999e-10,1.3776567118838657e-07,-0.00019837298852800578,-0.00019837298852800578,false,false,5.7774780000000003,0,0,false,0,-1.4626297352828876e-07,0,129.88440000037824,129.88440000037824,0,-0.0002564045208530959,0,0,-0.0002564045208530959,0,0,5.0518304259266634e-08,1.2203447991283071e-07,3.3817631856580183e-08,-1.9722874141838761e-08,-1.1724571421969339e-08,2.3360123758907829e-06,6.179345405541773e-06,2.3541774060109799e-06,-5.4640741715858795e-07,-5.1035232885252224e-07,0,-7.0347310108047671e-13
0.89000000000000001,approach_stop,40,40,0.20000000000000001,0.02,0,0,0,0,3.2000000000000002,0,-5.7356736104104314e-09,-3.1611630877084032e-07,0,3.2000000000000002,0,1.6107998353472783e-13,free_flight_controlled,sep_nmpc_adapted,formal_acados,0.22499999866901349,0,0.38999999100713428,4.4046870872893606e-09,-1.5771932552562087e-08,0,-0.0026264583681107965,1.9999999999799999e-10,1.3776567118838657e-07,-0.00019837298852800578,-0.00019837298852800578,false,false,5.7774780000000003,0,0,false,0,-1.8724397391620839e-07,0,129.88440000048212,129.88440000048212,0,-0.00024981874856315353,0,0,-0.00024981874856315353,0,0,6.2564507573797552e-08,1.5430988699764612e-07,4.6687012598851516e-08,-2.2081593158904997e-08,-1.426748316742968e-08,2.4809655877032036e-06,6.7249329069153584e-06,2.7930257023154698e-06,-3.9242655528792087e-07,-5.0451545184321466e-07,0,-9.1894268996709531e-13
0.89500000000000002,approach_stop,40,40,0.20000000000000001,0.02,0,0,0,0,3.2000000000000002,0,-7.4439202848885076e-09,-3.677407067115098e-07,0,3.2000000000000006,0,2.4300982532398272e-13,free_flight_controlled,sep_nmpc_adapted,formal_acados,0.22499999835115447,0,0.38999998796842106,5.7950747534007974e-09,-1.9445843795563295e-08,0,-0.0026264583681107965,1.9999999999799999e-10,1.3776567118838657e-07,-0.00019837298852800578,-0.00019837298852800578,false,false,5.7774780000000003,0,0,false,0,-2.3237872272908371e-07,0,129.88440000059563,129.88440000059563,0,-0.00024350777730721649,0,0,-0.00024350777730721649,0,0,7.5281689823772677e-08,1.8916531910437929e-07,6.1736377998314324e-08,-2.3588683927521074e-08,-1.6742188234882609e-08,2.6050368603321995e-06,7.212397924048448e-06,3.2253689211062479e-06,-2.0699897367177359e-07,-4.834573233920385e-07,0,-1.1568461851759851e-12
0.90000000000000002,approach_stop,40,40,0.20000000000000001,0.02,0,0,0,0,3.2000000000000002,0,-9.4173683523018451e-09,-4.2221215862930955e-07,0,3.2000000000000028,0,3.4757080934737837e-13,free_flight_controlled,sep_nmpc_adapted,formal_acados,0.22499999802817455,0,0.38999998442784772,7.4455429044384402e-09,-2.3384476594516043e-08,-4.6768953189032085e-07,0.01547939513758758,1.4142702773427419e-10,4.7855564963009713e-06,0.0011691670568218784,0.0011691670568218784,false,false,5.7364759999999997,0,0,false,0,-2.8143186726383885e-07,0,129.8843999956222,129.8843999956222,0,0.0019183427670905963,0,0,0.0019183427670905963,0,0,8.8575564916392629e-08,2.2632781226899061e-07,7.892239998303776e-08,-2.4105559879423043e-08,-1.9078617914775534e-08,2.7121225330671559e-06,7.6486607853052221e-06,3.6471038286216304e-06,2.5681651026427278e-09,-4.4957952840099595e-07,0,-1.4136198606041648e-12
0.90500000000000003,approach_stop,40,40,0.20000000000000001,0.02,0,0,0,0,3.2000000000000002,0,-1.1175901838407351e-08,-2.767606374683813e-07,0,3.2000000000000011,0,-9.9193919421853163e-13,free_flight_controlled,sep_nmpc_adapted,formal_acados,0.2249999978283512,0,0.38999998078368209,9.0042530376255314e-09,-2.5517318947873472e-08,-4.6768953189032085e-07,0.01547939513758758,1.4142702773427419e-10,4.7855564963009713e-06,0.0011691670568218784,0.0011691670568218784,false,false,5.7364759999999997,0,0,false,0,-3.1076568064793486e-07,0,129.88439999522916,129.88439999522916,0,0.0018590721575225883,0,0,0.0018590721575225883,0,0,9.1844327550491669e-08,2.4471536094463951e-07,9.664734093214538e-08,-1.7966959680495978e-08,-1.9067758177065671e-08,-1.2570535705338244e-06,-2.083985213044154e-07,3.262192225226275e-06,2.3680602857648954e-06,4.555128182356301e-07,0,-3.7974446656101884e-13
0.91000000000000003,approach_stop,40,40,0.20000000000000001,0.02,0,0,0,0,3.2000000000000002,0,-1.2156270890161494e-08,-1.1151420728012045e-07,0,3.1999999999999922,0,-2.4434502311026952e-12,free_flight_controlled,sep_nmpc_adapted,formal_acados,0.22499999792282407,0,0.38999997784515295,1.0079094947545997e-08,-2.3976953090186693e-08,-4.6768953189032085e-07,0.01547939513758758,1.4142702773427419e-10,4.7855564963009713e-06,0.0011691670568218784,0.0011691670568218784,false,false,5.7364759999999997,0,0,false,0,-2.9874943870990665e-07,0,129.88439999548339,129.88439999548339,0,0.0018034390237029274,0,0,0.0018034390237029274,0,0,7.754981145253191e-08,2.2570515469133672e-07,1.1006396461833166e-07,-1.4613462991055781e-09,-1.4641438446875732e-08,-4.3581377297294942e-06,-7.3076634146469121e-06,1.9818528682393429e-06,4.1466243952547324e-06,1.3031401953291058e-06,0,5.5731094049883561e-14
0.91500000000000004,approach_stop,40,40,0.20000000000000001,0.02,0,0,0,0,3.2000000000000002,0,-1.2266643937920971e-08,7.0835721653270316e-08,0,3.1999999999999766,0,-3.8943455484964806e-12,free_flight_controlled,sep_nmpc_adapted,formal_acados,0.2249999983669444,0,0.38999997617129645,1.0633588343189615e-08,-1.9047290946579361e-08,-4.6768953189032085e-07,0.01547939513758758,1.4142702773427419e-10,4.7855564963009713e-06,0.0011691670568218784,0.0011691670568218784,false,false,5.7364759999999997,0,0,false,0,-2.4827136286098687e-07,0,129.88439999633468,129.88439999633468,0,0.0017509846996070515,0,0,0.0017509846996070515,0,0,4.941632594760255e-08,1.7305046349660651e-07,1.1547332292011076e-07,2.2487394383964675e-08,-6.2502526517583916e-09,-6.8233397170424528e-06,-1.367070941233957e-05,1.0018918866240043e-07,5.3500211471590044e-06,2.0344612143492451e-06,0,9.7122684727939417e-13
0.92000000000000004,approach_stop,40,40,0.20000000000000001,0.02,0,0,0,0,3.2000000000000002,0,-1.1426023003288797e-08,2.6863138138258236e-07,0,3.199999999999954,0,-5.2339029389842502e-12,free_flight_controlled,sep_nmpc_adapted,formal_acados,0.22499999919103916,0,0.38999997624321675,1.0617062173867708e-08,-1.0987107455336478e-08,-4.6768953189032085e-07,0.01547939513758758,1.4142702773427419e-10,4.7855564963009713e-06,0.0011691670568218784,0.0011691670568218784,false,false,5.7364759999999997,0,0,false,0,-1.6189137204382228e-07,0,129.8843999977374,129.8843999977374,0,0.0017013389029479882,0,0,0.0017013389029479882,0,0,1.0197046442757107e-08,9.031311071783366e-08,1.1041722366726686e-07,5.1104856561284014e-08,5.4451198072411129e-09,-8.8137326075926073e-06,-1.9348699683328289e-05,-2.1754259882667224e-06,6.0226518618338308e-06,2.621973134749513e-06,0,2.9005213913966744e-12
0.92500000000000004,approach_stop,40,40,0.20000000000000001,0.02,0,0,0,0,3.2000000000000002,0,-9.5597629708628125e-09,4.8094682406945527e-07,0,3.1999999999999256,0,-6.3545770952006756e-12,free_flight_controlled,sep_nmpc_adapted,formal_acados,0.22500000040335724,0,0.3899999784620638,9.9631202177263845e-09,-3.630077314524982e-11,-4.6768953189032085e-07,0.01547939513758758,1.4142702773427419e-10,4.7855564963009713e-06,0.0011691670568218784,0.0011691670568218784,false,false,5.7364759999999997,0,0,false,0,-4.1901725175285113e-08,0,129.88439999964979,129.88439999964979,0,0.0016541992527856677,0,0,0.0016541992527856677,0,0,-3.8033935032018835e-08,-1.9236894718633084e-08,9.3313815682355212e-08,8.1882923812329086e-08,1.9699977494136145e-08,-1.0443003780627261e-05,-2.4405016064049777e-05,-4.698216344249946e-06,6.2244320188302108e-06,3.0579955660375536e-06,0,5.9948002781808912e-12
0.93000000000000005,approach_stop,40,40,0.20000000000000001,0.02,0,0,0,0,3.2000000000000002,0,-6.5964646450528445e-09,7.0738000410671259e-07,0,3.1999999999998923,0,-7.1529441596844715e-12,free_flight_controlled,sep_nmpc_adapted,formal_acados,0.22500000199285214,0,0.38999998315159501,8.5893167856010422e-09,1.357969634963987e-08,-4.6768953189032085e-07,0.01547939513758758,1.4142702773427419e-10,4.7855564963009713e-06,0.0011691670568218784,0.0011691670568218784,false,false,5.7364759999999997,0,0,false,0,1.0962709268827564e-07,0,129.88440000203343,129.88440000203343,0,0.0016093163355137372,0,0,0.0016093163355137372,0,0,-9.3686013680726409e-08,-1.5265584477418671e-07,6.3202897680504229e-08,1.1262947435734322e-07,3.576393467724393e-08,-1.1792898150379417e-05,-2.8905599589928385e-05,-7.363784074131624e-06,6.0205472056358814e-06,3.3468785233649727e-06,0,1.0267200318447165e-11
0.93500000000000005,approach_stop,40,40,0.20000000000000001,0.02,0,0,0,0,3.2000000000000002,0,-2.465740060764834e-09,9.4790754690639949e-07,0,3.1999999999998558,0,-7.5300127373565069e-12,free_flight_controlled,sep_nmpc_adapted,formal_acados,0.22500000393177735,0,0.38999999056356205,6.3975174047214978e-09,2.9646679572167531e-08,-4.6768953189032085e-07,0.01547939513758758,1.4142702773427419e-10,4.7855564963009713e-06,0.0011691670568218784,0.0011691670568218784,false,false,5.7364759999999997,0,0,false,0,2.9081020415195193e-07,0,129.88440000485281,129.88440000485281,0,0.0015664826357317536,0,0,0.0015664826357317536,0,0,-1.5551939049007247e-07,-3.0732488492748229e-07,1.9567608063416253e-08,1.4147851591996175e-07,5.2927207726596341e-08,-1.2923330261496737e-05,-3.2913830196542176e-05,-1.0097444921369131e-05,5.4755311404584102e-06,3.4998159261064597e-06,0,1.5683142812600729e-11
0.94000000000000006,approach_stop,40,40,0.20000000000000001,0.02,0,0,0,0,3.2000000000000002,0,2.9034086015169442e-09,1.2027817441433716e-06,0,3.1999999999998181,0,-7.3912332648259871e-12,free_flight_controlled,sep_nmpc_adapted,formal_acados,0.22500000617805258,0,0.39000000088448072,3.2746439726505372e-09,4.7959266149492625e-08,-4.6768953189032085e-07,0.01547939513758758,1.4142702773427419e-10,4.7855564963009713e-06,0.0011691670568218784,0.0011691670568218784,false,false,5.7364759999999997,0,0,false,0,4.9991945898486166e-07,0,129.88440000807458,129.88440000807458,0,0.0015255241858734055,0,0,0.0015255241858734055,0,0,-2.2255374186188817e-07,-4.8093017018820319e-07,-3.7790826335230224e-08,1.6687797064498556e-07,7.0545752030562658e-08,-1.3879060928506269e-05,-3.648804507405232e-05,-1.2845435753015449e-05,4.6500324011961674e-06,3.5314596053592244e-06,0,2.217530641820523e-11
0.94500000000000006,approach_stop,40,40,0.20000000000000001,0.02,0,0,0,0,3.2000000000000002,0,9.5837715638360259e-09,1.472456294764261e-06,0,3.1999999999997835,0,-6.6461053086274202e-12,free_flight_controlled,sep_nmpc_adapted,formal_acados,0.2250000086773904,0,0.39000001424284947,-9.0638116456709383e-10,6.831908391108963e-08,-4.6768953189032085e-07,0.01547939513758758,1.4142702773427419e-10,4.7855564963009713e-06,0.0011691670568218784,0.0011691670568218784,false,false,5.7364759999999997,0,0,false,0,7.3536011004629217e-07,0,129.88440001166757,129.88440001166757,0,0.0014862941586589776,0,0,0.0014862941586589776,0,0,-2.9400431368461236e-07,-6.7143473633920022e-07,-1.0884151115727732e-07,1.8756576012803242e-07,8.8052741025732717e-08,-1.4694149147976887e-05,-3.968056141263118e-05,-1.5568810850992501e-05,3.5992310839643758e-06,3.4577627119594204e-06,0,2.9650357837330605e-11
0.95000000000000007,approach_stop,40,40,0.20000000000000001,0.02,0,0,0,0,3.2000000000000002,0,1.7650795306884452e-08,1.7575318550819887e-06,0,3.1999999999997537,0,-5.2075839409159196e-12,free_flight_controlled,sep_nmpc_adapted,formal_acados,0.22500001136518644,0,0.39000003071631623,-6.2856088667295751e-09,9.0533394672364914e-08,2.278357425337619e-06,0.056539800212553989,3.0225711859083219e-05,3.3808639420164365e-05,0.0042703243338928784,0.0042703243338928784,false,false,5.7372880000000004,0,0,false,0,9.9565179673796846e-07,0,129.88440005648332,129.88440005648332,0,0.0063373438030754643,0,0,0.0063373438030754643,0,0,-3.6923639784612847e-07,-8.7704777870189536e-07,-1.933867249261356e-07,2.0254066995644359e-07,1.0496147312945286e-07,-1.5394955024801458e-05,-4.2537530871684885e-05,-1.8239199136942572e-05,2.3722476421668394e-06,3.2946521060090426e-06,0,3.7994981965532363e-11
0.95500000000000007,approach_stop,40,40,0.20000000000000001,0.02,0,0,0,0,3.2000000000000002,0,2.8304921144167266e-08,2.5188101970875963e-06,0,3.1999999999997621,0,7.9157304045670993e-12,free_flight_controlled,sep_nmpc_adapted,formal_acados,0.22500001442938897,0,0.3900000512440055,-1.3875532195450901e-08,1.1903829803432725e-07,2.278357425337619e-06,0.056539800212553989,3.0225711859083219e-05,3.3808639420164365e-05,0.0042703243338928784,0.0042703243338928784,false,false,5.7372880000000004,0,0,false,0,1.3325164686151665e-06,0,129.8844000748698,129.8844000748698,0,0.0061536201545330394,0,0,0.0061536201545330394,0,0,-4.7159931579961966e-07,-1.1434562817211235e-06,-2.9459202483052224e-07,2.2364223757967864e-07,1.2574013705844941e-07,-2.5214322343082266e-05,-6.3803493773504911e-05,-2.2634243387407763e-05,5.8608444250318751e-06,5.0089718802712474e-06,0,7.2806815658385344e-11
0.95999999999999996,approach_stop,40,40,0.20000000000000001,0.02,0,0,0,0,3.2000000000000002,0,4.2940286082029263e-08,3.3488977339956571e-06,0,3.1999999999998434,0,2.3504955797618625e-11,free_flight_controlled,sep_nmpc_adapted,formal_acados,0.22500001814563481,0,0.39000007764656586,-2.4794651276582869e-08,1.5781442959303716e-07,2.278357425337619e-06,0.056539800212553989,3.0225711859083219e-05,3.3808639420164365e-05,0.0042703243338928784,0.0042703243338928784,false,false,5.7372880000000004,0,0,false,0,1.7932405082973704e-06,0,129.88440010009847,129.88440010009847,0,0.0059800630724256816,0,0,0.0059800630724256816,0,0,-6.1761860075789602e-07,-1.5110220861607907e-06,-4.2287364142326337e-07,2.5854766661248465e-07,1.546349169974369e-07,-3.2962019332271177e-05,-8.3000085627401869e-05,-2.8935141548667915e-05,7.8948788460307728e-06,6.513385104325106e-06,0,1.2114719317098877e-10
0.96499999999999997,approach_stop,40,40,0.20000000000000001,0.02,0,0,0,0,3.2000000000000002,0,6.1887581983919381e-08,4.2428394126398628e-06,0,3.2000000000000126,0,4.2990188490205885e-11,free_flight_controlled,sep_nmpc_adapted,formal_acados,0.22500002251920057,0,0.39000011113435351,-3.9368381415938458e-08,2.0596813482117231e-07,2.278357425337619e-06,0.056539800212553989,3.0225711859083219e-05,3.3808639420164365e-05,0.0042703243338928784,0.0042703243338928784,false,false,5.7372880000000004,0,0,false,0,2.3696102518995623e-06,0,129.88440013161815,129.88440013161815,0,0.0058155260460357834,0,0,0.0058155260460357834,0,0,-7.9837894394773797e-07,-1.9695824530135554e-06,-5.8595750255706041e-07,3.0011802956224688e-07,1.9026864893869249e-07,-3.9182361758914022e-05,-0.00010021656409000465,-3.6460281524483596e-05,8.543715290833772e-06,7.691186208470892e-06,0,1.830941721148633e-10
0.96999999999999997,approach_stop,40,40,0.20000000000000001,0.02,0,0,0,0,3.2000000000000002,0,8.5458790662450893e-08,5.1980667093843222e-06,0,3.2000000000002928,0,6.7753763866566035e-11,free_flight_controlled,sep_nmpc_adapted,formal_acados,0.22500002749233317,0,0.39000015270485,-5.7966457495117751e-08,2.6266638057042894e-07,2.278357425337619e-06,0.056539800212553989,3.0225711859083219e-05,3.3808639420164365e-05,0.0042703243338928784,0.0042703243338928784,false,false,5.7372880000000004,0,0,false,0,3.0542458490417161e-06,0,129.88440016892326,129.88440016892326,0,0.0056590768545993582,0,0,0.0056590768545993582,0,0,-1.007247294787136e-06,-2.5095960190186709e-06,-7.8869317545000963e-07,3.4175058721084303e-07,2.3086654012681258e-07,-4.4255019384655294e-05,-0.00011560363141834954,-4.4728805446991075e-05,7.9443522197812432e-06,8.4947928342230716e-06,0,2.5822288009237066e-10
0.97499999999999998,approach_stop,40,40,0.20000000000000001,0.02,0,0,0,0,3.2000000000000002,0,1.1395750690972693e-07,6.2136937329747427e-06,0,3.2000000000007134,0,9.9127573549295631e-11,free_flight_controlled,sep_nmpc_adapted,formal_acados,0.22500003295224516,0,0.39000020314398864,-8.1005261748368085e-08,3.2712206918363391e-07,2.278357425337619e-06,0.056539800212553989,3.0225711859083219e-05,3.3808639420164365e-05,0.0042703243338928784,0.0042703243338928784,false,false,5.7372880000000004,0,0,false,0,3.8404536992205646e-06,0,129.88440021154656,129.88440021154656,0,0.0055099488136784117,0,0,0.0055099488136784117,0,0,-1.2391957826220253e-06,-3.1223440076425577e-06,-1.0338980255191811e-06,3.7761357714888638e-07,2.7453244628246234e-07,-4.8449582186712477e-05,-0.00012933478425527733,-5.3400358838227989e-05,6.2633125973924368e-06,8.9196926888889993e-06,0,3.4570151727167824e-10
0.97999999999999998,approach_stop,40,40,0.20000000000000001,0.02,0,0,0,0,3.2000000000000002,0,1.4768605927505046e-07,7.2900302353483908e-06,0,3.2000000000013111,0,1.3839308502147331e-10,free_flight_controlled,sep_nmpc_adapted,formal_acados,0.2250000387385723,0,0.39000026303716095,-1.0894748697642953e-07,3.9858366460200163e-07,2.278357425337619e-06,0.056539800212553989,3.0225711859083219e-05,3.3808639420164365e-05,0.0042703243338928784,0.0042703243338928784,false,false,5.7372880000000004,0,0,false,0,4.7221139633727131e-06,0,129.88440025905336,129.88440025905336,0,0.0053675049996550067,0,0,0.0053675049996550067,0,0,-1.4903464259778975e-06,-3.7999855704652053e-06,-1.3229483424166385e-06,4.0273240433342467e-07,3.1941740755486598e-07,-5.1961108502464405e-05,-0.00014158508066749485,-6.2233063145208028e-05,3.6741097477521691e-06,8.9868992033020368e-06,0,4.4437607594738527e-10
0.98499999999999999,approach_stop,40,40,0.20000000000000001,0.02,0,0,0,0,3.2000000000000002,0,1.869505833691879e-07,8.428239847928312e-06,0,3.2000000000021283,0,1.8678388646908896e-10,free_flight_controlled,sep_nmpc_adapted,formal_acados,0.22500004465026069,0,0.39000033278593321,-1.4230032269191284e-07,4.7632757711161589e-07,2.278357425337619e-06,0.056539800212553989,3.0225711859083219e-05,3.3808639420164365e-05,0.0042703243338928784,0.0042703243338928784,false,false,5.7372880000000004,0,0,false,0,5.6935914569393955e-06,0,129.8844003110369,129.8844003110369,0,0.0052312115594398967,0,0,0.0052312115594398967,0,0,-1.7576608187741357e-06,-4.5355348187257589e-06,-1.6561941886645666e-06,4.1298945184669394e-07,3.6381621636405928e-07,-5.4933457825839093e-05,-0.00015252012724859771,-7.1054271352385007e-05,3.4446096033380593e-07,8.731346275248716e-06,0,5.5284458614756832e-10
0.98999999999999999,approach_stop,40,40,0.20000000000000001,0.02,0,0,0,0,3.2000000000000002,0,2.3206464787423472e-07,9.6300964936294448e-06,0,3.2000000000032127,0,2.4549001112594733e-10,free_flight_controlled,sep_nmpc_adapted,formal_acados,0.22500005045181012,0,0.39000041262727297,-1.8161283776851889e-07,5.5965250755346583e-07,2.278357425337619e-06,0.056539800212553989,3.0225711859083219e-05,3.3808639420164365e-05,0.0042703243338928784,0.0042703243338928784,false,false,5.7372880000000004,0,0,false,0,6.7496641818717768e-06,0,129.88440036711503,129.88440036711503,0,0.0051006174478837258,0,0,0.0051006174478837258,0,0,-2.0387253584947866e-06,-5.3227989454304054e-06,-2.0332516613761461e-06,4.0507626879722396e-07,4.0621683807530092e-07,-5.7474742606772006e-05,-0.0001622909768136142,-7.9740239683127707e-05,-3.5704642743340772e-06,8.1943764527593375e-06,0,6.6952205897192509e-10
0.995,approach_stop,40,40,0.20000000000000001,0.02,0,0,0,0,3.2000000000000002,0,2.8335184107852833e-07,1.0897807918167625e-05,0,3.2000000000046209,0,3.1566308967480339e-10,free_flight_controlled,sep_nmpc_adapted,formal_acados,0.22500005587886127,0,0.39000050265333008,-2.2747297981351444e-07,6.4787520471957823e-07,2.278357425337619e-06,0.056539800212553989,3.0225711859083219e-05,3.3808639420164365e-05,0.0042703243338928784,0.0042703243338928784,false,false,5.7372880000000004,0,0,false,0,7.8854653933017583e-06,0,129.88440042692631,129.88440042692631,0,0.0049753387872451971,0,0,0.0049753387872451971,0,0,-2.3316000472175008e-06,-6.1563000131831359e-06,-2.4532099375028521e-06,3.7642196687573732e-07,4.453196919241389e-07,-5.9667668902142826e-05,-0.00017103236899228977,-8.82019920830525e-05,-7.9311188667759489e-06,7.4190151711675521e-06,0,7.9269702201522541e-10
1,approach_stop,40,40,0.20000000000000001,0.02,0,0,0,0,3.2000000000000002,0,3.4114759840617864e-07,1.2233885705916695e-05,0,3.2000000000064106,0,3.9842096216411665e-10,free_flight_controlled,sep_nmpc_adapted,formal_acados,0.22500006064315217,0,0.39000060283057708,-2.8050444622618187e-07,7.4032725820700471e-07,1.2995877270692794e-05,0.061242003382703768,7.5269418982030616e-05,4.914981878886398e-07,0.0046244982990005677,0.0046244982990005677,false,false,6.3303070000000004,0,0,false,0,9.0964362174472523e-06,0,129.88440053278379,129.88440053278379,0,0.0054133676727441959,0,0,0.0054133676727441959,0,0,-2.6347100748461265e-06,-7.0311929884408731e-06,-2.9147790205690331e-06,3.251122014653784e-07,4.8003829661274974e-07,-6.1576541860518716e-05,-0.00017886279465312437,-9.6375473463537945e-05,-1.2614464849959015e-05,6.4471159796195115e-06,0,9.2058028756706246e-10
1.0050000000000001,approach_stop,40,40,0.20000000000000001,0.02,9.3515625000006476e-08,5.6062500000002582e-05,0.022387500000000511,0,3.2000000000000002,0,4.0592857367921576e-07,1.3693594012101289e-05,0,3.2000000000086795,0,5.0712377589282542e-10,free_flight_controlled,sep_nmpc_adapted,formal_acados,0.22500006446672191,0,0.3900007131211719,-3.4146185176608945e-07,8.3688078483818976e-07,1.2995877270692794e-05,0.061242003382703768,7.5269418982030616e-05,4.914981878886398e-07,0.0046244982990005677,0.0046244982990005677,false,false,6.3303070000000004,0,0,false,0,1.0384351411377556e-05,0,129.88440060485385,129.88440060485385,0,0.0052809218331528992,0,0,0.0052809218331528992,0,0,-2.949492355995089e-06,-7.9485843520200607e-06,-3.4167941410764963e-06,2.5124735402392674e-07,5.1004594348751118e-07,-6.4304168906575615e-05,-0.00018802165271089642,-0.00010442005746877634,-1.6959849203222954e-05,5.5406433339239701e-06,0,1.0634284686932161e-09
1.01,approach_stop,40,40,0.20000000000000001,0.02,7.4625000000000196e-07,0.00022350000000000039,0.044550000000000041,0,3.2000000000000002,0,4.7820706579636591e-07,1.5233166901180699e-05,0,3.200000000011531,0,6.3128477852458091e-10,free_flight_controlled,sep_nmpc_adapted,formal_acados,0.2250000670667546,0,0.39000083350079162,-4.1114031121280981e-07,9.3736600492442618e-07,1.2995877270692794e-05,0.061242003382703768,7.5269418982030616e-05,4.914981878886398e-07,0.0046244982990005677,0.0046244982990005677,false,false,6.3303070000000004,0,0,false,0,1.1750705833517642e-05,0,129.88440068064475,129.88440068064475,0,0.0051539327453598537,0,0,0.0051539327453598537,0,0,-3.2768207997634167e-06,-8.9094320374129648e-06,-3.9587334097929959e-06,1.5492574504956966e-07,5.3516880298413104e-07,-6.6611153760685204e-05,-0.00019625559583903018,-0.00011232536536600134,-2.1584409033833251e-05,4.4950819307545122e-06,0,1.2099762082377195e-09
1.0150000000000001,approach_stop,40,40,0.20000000000000001,0.02,2.5122656250000625e-06,0.00050118750000000825,0.066487500000000546,0,3.2000000000000002,0,5.5838792214716228e-07,1.6854869317197839e-05,0,3.2000000000150455,0,7.7220021728782204e-10,free_flight_controlled,sep_nmpc_adapted,formal_acados,0.22500006811790838,0,0.39000096380215216,-4.9027001378099122e-07,1.0410652462433263e-06,1.2995877270692794e-05,0.061242003382703768,7.5269418982030616e-05,4.914981878886398e-07,0.0046244982990005677,0.0046244982990005677,false,false,6.3303070000000004,0,0,false,0,1.3190856802378028e-05,0,129.88440075977394,129.88440075977394,0,0.005032062993224516,0,0,0.005032062993224516,0,0,-3.614837373372487e-06,-9.9093209548670514e-06,-4.5396367647243483e-06,3.4957867098149753e-08,5.5475086784117702e-07,-6.8590794516224098e-05,-0.00020364851538338759,-0.00011999180244960104,-2.6405823135309712e-05,3.3272290659628702e-06,0,1.3580943700316407e-09
1.02,approach_stop,40,40,0.20000000000000001,0.02,5.9400000000000151e-06,0.00088800000000000153,0.088200000000000084,0,3.2000000000000002,0,6.468880921316681e-07,1.8561265962616111e-05,0,3.2000000000193087,0,9.3112678330194267e-10,free_flight_controlled,sep_nmpc_adapted,formal_acados,0.22500006727881056,0,0.3900011037728226,-5.7960928157019254e-07,1.1472755411495523e-06,1.2995877270692794e-05,0.061242003382703768,7.5269418982030616e-05,4.914981878886398e-07,0.0046244982990005677,0.0046244982990005677,false,false,6.3303070000000004,0,0,false,0,1.4700436313748835e-05,0,129.88440084187823,129.88440084187823,0,0.0049150242088877062,0,0,0.0049150242088877062,0,0,-3.9620852302780053e-06,-1.0944249257664414e-05,-5.1581252228128586e-06,-1.0944246065906265e-07,5.6823196654944903e-07,-7.0311757250761186e-05,-0.00021028105559635693,-0.00012734970754265098,-3.13457782782068e-05,2.0580413227171915e-06,0,1.5056892998985874e-09
1.0249999999999999,approach_stop,40,40,0.20000000000000001,0.02,1.1572265624999877e-05,0.0013828124999999904,0.10968749999999962,0,3.2000000000000002,0,7.4413785525747969e-07,2.0355107535595277e-05,0,3.2000000000244153,0,1.1092824785449289e-09,free_flight_controlled,sep_nmpc_adapted,formal_acados,0.22500006419543608,0,0.3900012530862374,-6.7994241917390674e-07,1.2553062047054619e-06,1.2995877270692794e-05,0.061242003382703768,7.5269418982030616e-05,4.914981878886398e-07,0.0046244982990005677,0.0046244982990005677,false,false,6.3303070000000004,0,0,false,0,1.627531615167017e-05,0,129.88440092661128,129.88440092661128,0,0.0048025674046691062,0,0,0.0048025674046691062,0,0,-4.317405421096004e-06,-1.2010603453803481e-05,-5.8125279233264952e-06,-2.7868644919451709e-07,5.7516104841731933e-07,-7.1825521861506493e-05,-0.00021622756412131882,-0.0001343508033834908,-3.6332934171492898e-05,7.0984333691612599e-07,0,1.6507287505109937e-09
1.03,approach_stop,40,40,0.20000000000000001,0.02,1.9946250000000053e-05,0.0019845000000000036,0.13095000000000012,0,3.2000000000000002,0,8.5058153469382299e-07,2.2239248649038118e-05,0,3.2000000000304634,0,1.3078460735685916e-09,free_flight_controlled,sep_nmpc_adapted,formal_acados,0.22500005850411434,0,0.39000141135242017,-7.9207742037512574e-07,1.3644771110788136e-06,1.2995877270692794e-05,0.061242003382703768,7.5269418982030616e-05,4.914981878886398e-07,0.0046244982990005677,0.0046244982990005677,false,false,6.3303070000000004,0,0,false,0,1.7911579875582531e-05,0,129.8844010136425,129.8844010136425,0,0.0046944754886570402,0,0,0.0046944754886570402,0,0,-4.6798642092083125e-06,-1.3105123361576385e-05,-6.5009731294417475e-06,-4.728489135862318e-07,5.7519834023802497e-07,-7.3171355216647337e-05,-0.00022155490016344359,-0.00014096218102855178,-4.1304190463077333e-05,-6.9540022686008881e-07,0,1.7912539981358945e-09
1.0349999999999999,approach_stop,40,40,0.20000000000000001,0.02,3.1593515624999783e-05,0.0026919374999999877,0.15198749999999966,0,3.2000000000000002,0,9.6667785871192922e-07,2.4216587725742605e-05,0,3.2000000000375586,0,1.5279557831468866e-09,free_flight_controlled,sep_nmpc_adapted,formal_acados,0.22500004983420241,0,0.39000157812812491,-9.1684365630118059e-07,1.4741174491492308e-06,1.2995877270692794e-05,0.061242003382703768,7.5269418982030616e-05,4.914981878886398e-07,0.0046244982990005677,0.0046244982990005677,false,false,6.3303070000000004,0,0,false,0,1.9605499863875928e-05,0,129.88440110265563,129.88440110265563,0,0.0045905573882241207,0,0,0.0045905573882241207,0,0,-5.0487009477017793e-06,-1.4224863937500529e-05,-7.2214538604517567e-06,-6.9171045046501472e-07,5.681107791648353e-07,-7.4379675824104769e-05,-0.00022632226935725446,-0.00014716206231330054,-4.6204952243259112e-05,-2.1370942742912239e-06,0,1.9253990433980764e-09
1.04,approach_stop,40,40,0.20000000000000001,0.02,4.7040000000000126e-05,0.0035040000000000062,0.17280000000000018,0,3.2000000000000002,0,1.0929000625651024e-06,2.6290022375962873e-05,0,3.2000000000458098,0,1.7707067809257449e-09,free_flight_controlled,sep_nmpc_adapted,formal_acados,0.2250000378104508,0,0.39000175292612982,-1.055089611762261e-06,1.5835648333982037e-06,1.2995877270692794e-05,0.061242003382703768,7.5269418982030616e-05,4.914981878886398e-07,0.0046244982990005677,0.0046244982990005677,false,false,6.3303070000000004,0,0,false,0,2.1353518362046958e-05,0,129.88440119334822,129.88440119334822,0,0.0044906433755012628,0,0,0.0044906433755012628,0,0,-5.4232899620067517e-06,-1.536715777910556e-05,-7.9718756307270674e-06,-9.3479938602252698e-07,5.5376367120553184e-07,-7.5474364194604937e-05,-0.00023058159680094088,-0.00015293680588896464,-5.0988829456555368e-05,-3.5965470116079572e-06,0,2.0514019222546404e-09
1.0449999999999999,approach_stop,40,40,0.20000000000000001,0.02,6.6806015624999677e-05,0.0044195624999999869,0.19338749999999971,0,3.2000000000000002,0,1.2297357965308725e-06,2.8462415869286957e-05,0,3.2000000000553337,0,2.037148131172303e-09,free_flight_controlled,sep_nmpc_adapted,formal_acados,0.22500002205509076,0,0.39000193522363497,-1.2076807057725958e-06,1.6921646817497842e-06,1.2995877270692794e-05,0.061242003382703768,7.5269418982030616e-05,4.914981878886398e-07,0.0046244982990005677,0.0046244982990005677,false,false,6.3303070000000004,0,0,false,0,2.3152231740429924e-05,0,129.88440128543033,129.88440128543033,0,0.0043945813073839827,0,0,0.0043945813073839827,0,0,-5.8031121236636931e-06,-1.6529580219476432e-05,-8.7500915195124369e-06,-1.2014313917835024e-06,5.3211050808226951e-07,-7.6474375869086913e-05,-0.00023437815494284939,-0.00015827878158417149,-5.5617039403805583e-05,-5.0571959758484119e-06,0,2.1676124566696632e-09
1.05,approach_stop,40,40,0.20000000000000001,0.02,9.1406250000000233e-05,0.0054375000000000092,0.21375000000000016,0,3.2000000000000002,0,1.377686887611044e-06,3.0736571701185448e-05,0,3.2000000000662521,0,2.3282789120090948e-09,free_flight_controlled,sep_nmpc_adapted,formal_acados,0.22500000218967342,0,0.39000212446971216,-1.3754972141843957e-06,1.7992697963656819e-06,2.1178850763173546e-05,0.023092465455450621,1.4142138480242872e-10,-0.00010834378174502761,0.21576613353322874,0.21576613353322874,false,false,5.8146570000000004,0,0,false,0,2.4998377350148538e-05,0,129.88447126196974,129.88447126196974,0,0.33706459235725766,0,0,0.33706459235725766,0,0,-6.1877332476501377e-06,-1.7709917846449787e-05,-9.5539282186080449e-06,-1.4907457275441813e-06,5.03182175018666e-07,-7.739488826602158e-05,-0.00023775128541228777,-0.00016318485100347575,-6.0057676062221624e-05,-6.5046413088065828e-06,0,2.2724969498754035e-09
1.0549999999999999,approach_stop,40,40,0.20000000000000001,0.02,0.00012134976562499958,0.0065566874999999853,0.23388749999999975,0,3.2000000000000002,0,1.5565975051528096e-06,4.097405289130057e-05,0,3.2000000001394988,0,2.6627270932635669e-08,free_flight_controlled,sep_nmpc_adapted,formal_acados,0.22499998129199536,0,0.39000231027693055,-1.5753055097877944e-06,2.2920890460829401e-06,2.1178850763173546e-05,0.023092465455450621,1.4142138480242872e-10,-0.00010834378174502761,0.21576613353322874,0.21576613353322874,false,false,5.8146570000000004,0,0,false,0,3.1108177093321806e-05,0,129.88448756394456,129.88448756394456,0,0.3251675766861476,0,0,0.3251675766861476,0,0,-1.1856574469769084e-05,-1.8603167957269191e-05,-9.8600292257057945e-06,-1.5549967031602382e-06,5.0060179086193327e-07,-0.0021850161536751509,-0.00012354794436152952,3.6658811468512441e-05,3.5955222873488101e-05,6.7699422662150752e-06,0,6.4336002126748884e-09
1.0600000000000001,approach_stop,40,40,0.20000000000000001,0.02,0.00015714000000000044,0.0077760000000000147,0.25380000000000019,0,3.2000000000000002,0,1.7888213994960622e-06,5.2145333733872111e-05,0,3.2000000003420723,0,5.3564533424483729e-08,free_flight_controlled,sep_nmpc_adapted,formal_acados,0.2249999653424293,0,0.39000248546565514,-1.8234789702087362e-06,3.5432713180454293e-06,2.1178850763173546e-05,0.023092465455450621,1.4142138480242872e-10,-0.00010834378174502761,0.21576613353322874,0.21576613353322874,false,false,5.8146570000000004,0,0,false,0,4.5540302254992669e-05,0,129.88452746198573,129.88452746198573,0,0.31358109523722533,0,0,0.31358109523722533,0,0,-2.7790630334869092e-05,-1.9001239608417925e-05,-9.2455473728484671e-06,-1.1272019444503101e-06,5.8121809957797669e-07,-0.0041843982372554208,-3.8357820570410271e-05,0.00020581522169094886,0.00013571322138260995,2.6274282564944593e-05,0,1.4389904664171293e-08
1.0649999999999999,approach_stop,40,40,0.20000000000000001,0.02,0.00019927476562499953,0.0090943124999999844,0.27348749999999983,0,3.2000000000000002,0,2.0802783365496871e-06,6.4748565526657497e-05,0,3.2000000007024982,0,8.9336864343821735e-08,free_flight_controlled,sep_nmpc_adapted,formal_acados,0.22499995815603563,0,0.39000265652089278,-2.1221223009126877e-06,5.5228550132766158e-06,2.1178850763173546e-05,0.023092465455450621,1.4142138480242872e-10,-0.00010834378174502761,0.21576613353322874,0.21576613353322874,false,false,5.8146570000000004,0,0,false,0,6.7982683462758272e-05,0,129.88458973188176,129.88458973188176,0,0.30230024878868561,0,0,0.30230024878868561,0,0,-5.3466207824699269e-05,-1.9030965981797772e-05,-7.852863398724869e-06,-2.0237310438799963e-07,7.693470630285786e-07,-0.0060822624481299461,2.4703935502785515e-05,0.00034851671528365896,0.0002340583020655623,4.9401852515102556e-05,0,2.6031700010324751e-08
1.0700000000000001,approach_stop,40,40,0.20000000000000001,0.02,0.00024824625000000066,0.01051050000000002,0.29295000000000021,0,3.2000000000000002,0,2.4393498199721605e-06,7.9270299118184613e-05,0,3.2000000012801255,0,1.4007016184605442e-07,free_flight_controlled,sep_nmpc_adapted,formal_acados,0.22499996326869412,0,0.39000283178746259,-2.4760811258572879e-06,8.2004564432025579e-06,2.1178850763173546e-05,0.023092465455450621,1.4142138480242872e-10,-0.00010834378174502761,0.21576613353322874,0.21576613353322874,false,false,5.8146570000000004,0,0,false,0,9.8130151809555172e-05,0,129.88467314867393,129.88467314867393,0,0.29132027798137683,0,0,0.29132027798137683,0,0,-8.8389410538689588e-05,-1.8790194748207281e-05,-5.8057876192174169e-06,1.2031834654260968e-06,1.0780258593499544e-06,-0.0078838937230275331,7.0475739001067851e-05,0.0004680094142029602,0.00032752745669924042,7.4219607645692961e-05,0,4.11787047982522e-08
1.075,approach_stop,40,40,0.20000000000000001,0.02,0.00030454101562499947,0.012023437499999986,0.31218749999999984,0,3.2000000000000002,0,2.8768158850897589e-06,9.6183075303612532e-05,0,3.2000000021646549,0,2.1177269694863474e-07,free_flight_controlled,sep_nmpc_adapted,formal_acados,0.22499998387060802,0,0.39000302074980203,-2.8929452770831698e-06,1.1545253385952578e-05,2.1178850763173546e-05,0.023092465455450621,1.4142138480242872e-10,-0.00010834378174502761,0.21576613353322874,0.21576613353322874,false,false,5.8146570000000004,0,0,false,0,0.0001356842765060448,0,129.88477649140106,129.88477649140106,0,0.28063651244757376,0,0,0.28063651244757376,0,0,-0.00013209012735954844,-1.8356307307230337e-05,-3.2138024858183876e-06,3.0589684729872498e-06,1.5119841799936529e-06,-0.0095935817098113038,0.00010239337313511017,0.00056681604513686543,0.00041383564216397693,9.9314505798907632e-05,0,5.9594924203639056e-08
1.0800000000000001,approach_stop,40,40,0.20000000000000001,0.02,0.00036864000000000097,0.013632000000000023,0.33120000000000027,0,3.2000000000000002,0,3.4057809004195691e-06,0.00011594388613394725,0,3.2000000034754517,0,3.1029584685157917e-07,free_flight_controlled,sep_nmpc_adapted,formal_acados,0.22500002275832212,0,0.39000323350354521,-3.3830225782960355e-06,1.5525983604332939e-05,2.1178850763173546e-05,0.023092465455450621,1.4142138480242872e-10,-0.00010834378174502761,0.21576613353322874,0.21576613353322874,false,false,5.8146570000000004,0,0,false,0,0.00018035323979079436,0,129.88489854739885,129.88489854739885,0,0.27024433663315273,0,0,0.27024433663315273,0,0,-0.00018411786429406869,-1.7792066806290766e-05,-1.7516506604486876e-07,5.3252346620484478e-06,2.0699219474796065e-06,-0.011214925413323277,0.00012292815562086845,0.00064693201622533099,0.00049151980730448828,0.00012366930444926926,0,8.0996794272634588e-08
1.085,approach_stop,40,40,0.20000000000000001,0.02,0.00044101851562499946,0.015335062499999988,0.34998749999999984,0,3.2000000000000002,0,4.041593281190264e-06,0.00013899324168757982,0,3.2000000053606752,0,4.4130049762911828e-07,free_flight_controlled,sep_nmpc_adapted,formal_acados,0.22500008230243795,0,0.39000348036829902,-3.9592908432362073e-06,2.0110953840556827e-05,2.1178850763173546e-05,0.023092465455450621,1.4142138480242872e-10,-0.00010834378174502761,0.21576613353322874,0.21576613353322874,false,false,5.8146570000000004,0,0,false,0,0.00023185173325375436,0,129.88503811620254,129.88503811620254,0,0.26013916726255903,0,0,0.26013916726255903,0,0,-0.00024403885004356849,-1.7149645090441335e-05,3.2208371399302902e-06,7.9564439293084845e-06,2.746233802357844e-06,-0.012751043823901034,0.00013388620834364149,0.00070997033462460936,0.00055969277139125467,0.00014656484258399551,0,1.050554670333935e-07
1.0900000000000001,approach_stop,40,40,0.20000000000000001,0.02,0.0005221462500000013,0.017131500000000029,0.36855000000000032,0,3.2000000000000002,0,4.8017616534972668e-06,0.00016575465802413098,0,3.2000000079962501,0,6.1022812131174809e-07,free_flight_controlled,sep_nmpc_adapted,formal_acados,0.22500016442683826,0,0.39000377160420285,-4.6373348152328742e-06,2.5268055999897884e-05,2.1178850763173546e-05,0.023092465455450621,1.4142138480242872e-10,-0.00010834378174502761,0.21576613353322874,0.21576613353322874,false,false,5.8146570000000004,0,0,false,0,0.00028990086836200838,0,129.885194013084,129.885194013084,0,0.25031643888128413,0,0,0.25031643888128413,0,0,-0.00031143402237438834,-1.6473403939275325e-05,6.8922536861669104e-06,1.0903693681499961e-05,3.532302677737592e-06,-0.014204721576128287,0.00013661351961604824,0.00075726784873762819,0.00061787233129372368,0.00016750466825945506,0,1.313956211086384e-07
1.095,approach_stop,40,40,0.20000000000000001,0.02,0.00061248726562499953,0.019020187499999987,0.38688749999999988,0,3.2000000000000002,0,5.7058692349763417e-06,0.0001966344380432744,0,3.2000000115847111,0,8.2227593631149309e-07,free_flight_controlled,sep_nmpc_adapted,formal_acados,0.22500027059644515,0,0.39000411720460409,-5.4352727898443476e-06,3.0964788208082208e-05,2.1178850763173546e-05,0.023092465455450621,1.4142138480242872e-10,-0.00010834378174502761,0.21576613353322874,0.21576613353322874,false,false,5.8146570000000004,0,0,false,0,0.00035422809619427102,0,129.88536507224993,129.88536507224993,0,0.24077159499582013,0,0,0.24077159499582013,0,0,-0.00038589762343216875,-1.5801821559478078e-05,1.0763294020013463e-05,1.4116426043488264e-05,4.4174634051394925e-06,-0.0155785095988048,0.00013213685629572113,0.00078996256794153208,0.00066586208895333128,0.00018615773495087449,0,1.5959204760328853e-07
1.1000000000000001,approach_stop,40,40,0.20000000000000001,0.02,0.00071250000000000176,0.021000000000000036,0.40500000000000036,0,3.2000000000000002,0,6.7754876593227212e-06,0.00023202165573032332,0,3.2000000163539251,0,1.0823757660771463e-06,free_flight_controlled,sep_nmpc_adapted,formal_acados,0.2250004018113643,0,0.39000452674475317,-6.3736762950239445e-06,3.7168279110621721e-05,0.00070738018628512076,0.13807845030937985,1.4142136681351514e-10,-0.0024000354535584807,0.41756098419962323,0.41756098419962323,false,false,5.8066199999999997,0,0,false,0,0.0004245671329343811,0,129.88668449278421,129.88668449278421,0,0.54910148729939368,0,0,0.54910148729939368,0,0,-0.00046703621547441006,-1.5168831033277129e-05,1.4763480613474992e-05,1.7543635907399171e-05,5.3897167966474082e-06,-0.016874794518591335,0.00012126082944098043,0.00080904954132033876,0.000703667969558068,0.00020231529906689172,0,1.8916466309143285e-07
1.105,approach_stop,40,40,0.20000000000000001,0.02,0.00082263726562499973,0.023069812499999995,0.42288749999999992,0,3.2000000000000002,0,8.0482074302577609e-06,0.0002780895702285609,0,3.2000000234817989,0,1.7607503753169246e-06,free_flight_controlled,sep_nmpc_adapted,formal_acados,0.22500056081491979,0,0.39000499584687615,-7.4873925104690375e-06,4.4221046957843303e-05,0.00070738018628512076,0.13807845030937985,1.4142136681351514e-10,-0.0024000354535584807,0.41756098419962323,0.41756098419962323,false,false,5.8066199999999997,0,0,false,0,0.00050473097531240983,0,129.88709102782798,129.88709102782798,0,0.52870149411834344,0,0,0.52870149411834344,0,0,-0.00055978477248031248,-1.4048642479008446e-05,1.9382257582668857e-05,2.1323957527340921e-05,6.4456174471838248e-06,-0.020213579175027269,0.00031659195256909887,0.0010342592238169195,0.00081069981557829003,0.00022137537890339873,0,2.5258538551861091e-07
1.1100000000000001,approach_stop,40,40,0.20000000000000001,0.02,0.00094334625000000254,0.025228500000000043,0.44055000000000039,0,3.2000000000000002,0,9.5663426852292071e-06,0.00033027797369877197,0,3.2000000342685699,0,2.5448656687099038e-06,free_flight_controlled,sep_nmpc_adapted,formal_acados,0.22500075257657901,0,0.39000552059062099,-8.813766106230414e-06,5.2450845935795074e-05,0.00070738018628512076,0.13807845030937985,1.4142136681351514e-10,-0.0024000354535584807,0.41756098419962323,0.41756098419962323,false,false,5.8066199999999997,0,0,false,0,0.00059838492871824801,0,129.88756517791319,129.88756517791319,0,0.50886454500516254,0,0,0.50886454500516254,0,0,-0.00066873082941932096,-1.2133590629028725e-05,2.5051698071157629e-05,2.5641933542123014e-05,7.6117759229452551e-06,-0.023357092922401099,0.00043908220788341608,0.0012400249296138325,0.00091199751627941527,0.00024489885950975136,0,3.2438148037442934e-07
1.115,approach_stop,40,40,0.20000000000000001,0.02,0.0010750685156249997,0.027474937499999998,0.45798749999999994,0,3.2000000000000002,0,1.1362039063852287e-05,0.00038924166028596839,0,3.2000000492934109,0,3.4550917868376468e-06,free_flight_controlled,sep_nmpc_adapted,formal_acados,0.22500097940992489,0,0.39000611467175794,-1.0382629138966371e-05,6.1795017511648965e-05,0.00070738018628512076,0.13807845030937985,1.4142136681351514e-10,-0.0024000354535584807,0.41756098419962323,0.41756098419962323,false,false,5.8066199999999997,0,0,false,0,0.00070498232499922972,0,129.8881025039303,129.8881025039303,0,0.4895785934458351,0,0,0.4895785934458351,0,0,-0.00079294969855254322,-9.7683811503859471e-06,3.1770849417799494e-05,3.0405399013936276e-05,8.893701910867568e-06,-0.026324377065240854,0.00050037126509349186,0.0014519729827835359,0.00098932791575470939,0.00026739816119970275,0,4.0236413897225146e-07
1.1200000000000001,approach_stop,40,40,0.20000000000000001,0.02,0.001218240000000003,0.02980800000000005,0.47520000000000034,0,3.2000000000000002,0,1.3471208259705126e-05,0.00045580355196701996,0,3.2000000692355877,0,4.5110466129567074e-06,free_flight_controlled,sep_nmpc_adapted,formal_acados,0.22500124263794527,0,0.39000679271939143,-1.2228570314437581e-05,7.2190285890342946e-05,0.00070738018628512076,0.13807845030937985,1.4142136681351514e-10,-0.0024000354535584807,0.41756098419962323,0.41756098419962323,false,false,5.8066199999999997,0,0,false,0,0.00082398970568637589,0,129.88869863105975,129.88869863105975,0,0.47083512760675672,0,0,0.47083512760675672,0,0,-0.00093158835750105677,-7.2008377072255846e-06,3.9518692090320454e-05,3.5512522376375332e-05,1.0284909486609996e-05,-0.029125731620574451,0.00052311307589920843,0.0016479068725164714,0.0010507905511200997,0.00028865625551761177,0,4.8494136106308396e-07
1.125,approach_stop,40,40,0.20000000000000001,0.02,0.001373291015625,0.0322265625,0.4921875,0,3.2000000000000002,0,1.5933883787811179e-05,0.00053077596748699529,0,3.2000000948703158,0,5.7314728928315335e-06,free_flight_controlled,sep_nmpc_adapted,formal_acados,0.22500154341496389,0,0.39000756896572397,-1.4390468823927138e-05,8.3572803066073268e-05,0.00070738018628512076,0.13807845030937985,1.4142136681351514e-10,-0.0024000354535584807,0.41756098419962323,0.41756098419962323,false,false,5.8066199999999997,0,0,false,0,0.00095488536220412719,0,129.8893492546691,129.8893492546691,0,0.45262603049490818,0,0,0.45262603049490818,0,0,-0.0010838351114883032,-4.5831993690284664e-06,4.8170441468055222e-05,4.0900747220635218e-05,1.177979702212184e-05,-0.03176794734894018,0.00052230686022890032,0.0018112341119583938,0.0011025754191686056,0.00030891866208594026,0,5.7048913609199621e-07
1.1300000000000001,approach_stop,40,40,0.20000000000000001,0.02,0.0015406462500000041,0.034729500000000059,0.50895000000000035,0,3.2000000000000002,0,1.879408698466528e-05,0.00061494112973888406,0,3.2000001270641936,0,7.134167670670369e-06,free_flight_controlled,sep_nmpc_adapted,formal_acados,0.22500188274722099,0,0.39000845744643592,-1.6911339763669986e-05,9.5878189466500424e-05,0.00070738018628512076,0.13807845030937985,1.4142136681351514e-10,-0.0024000354535584807,0.41756098419962323,0.41756098419962323,false,false,5.8066199999999997,0,0,false,0,0.0010971591269780486,0,129.89005015002809,129.89005015002809,0,0.43494322829652055,0,0,0.43494322829652055,0,0,-0.001248907120689973,-2.0082153705813011e-06,5.7535149040761223e-05,4.653172532034314e-05,1.3373979580750675e-05,-0.034255939229380757,0.00050720537966807058,0.0019316131020874646,0.0011483758750505083,0.00032841496010288122,0,6.5726980182373602e-07
1.135,approach_stop,40,40,0.20000000000000001,0.02,0.0017207247656250003,0.0373156875,0.5254875,0,3.2000000000000002,0,2.2099703896399206e-05,0.00070906938020978325,0,3.2000001667703462,0,8.7359389554572839e-06,free_flight_controlled,sep_nmpc_adapted,formal_acados,0.22500226125601125,0,0.39000947105720229,-1.9838447885167643e-05,0.00010904146911631871,0.00070738018628512076,0.13807845030937985,1.4142136681351514e-10,-0.0024000354535584807,0.41756098419962323,0.41756098419962323,false,false,5.8066199999999997,0,0,false,0,0.0012503121532085484,0,129.89079718012297,129.89079718012297,0,0.41777898493096116,0,0,0.41777898493096116,0,0,-0.0014260381166939411,4.7054177829843514e-07,6.7346652076488673e-05,5.2417781107428653e-05,1.5059204885336488e-05,-0.036590479756220484,0.00048496242333965648,0.0019821296581415473,0.001212173177872985,0.00034447498688817686,0,7.4376131976425682e-07
1.1400000000000001,approach_stop,40,40,0.20000000000000001,0.02,0.001913940000000005,0.039984000000000068,0.54180000000000039,0,3.2000000000000002,0,2.5902447525800398e-05,0.00081390628669160414,0,3.2000002150234192,0,1.0552564475422489e-05,free_flight_controlled,sep_nmpc_adapted,formal_acados,0.22500267827909456,0,0.39001061734922438,-2.3224168431229542e-05,0.00012299669632513657,0.00070738018628512076,0.13807845030937985,1.4142136681351514e-10,-0.0024000354535584807,0.41756098419962323,0.41756098419962323,false,false,5.8066199999999997,0,0,false,0,0.0014138565049310286,0,129.89158630181055,129.89158630181055,0,0.40112566152879525,0,0,0.40112566152879525,0,0,-0.0016144546106205053,2.8316854245549916e-06,7.7154592465451469e-05,5.8747959030785441e-05,1.6808575993834577e-05,-0.038770087413782607,0.00046026914545139081,0.0019307126869511496,0.0013249190547311555,0.00035460069138089768,0,8.2853404373724141e-07
1.145,approach_stop,40,40,0.20000000000000001,0.02,0.0021206997656250007,0.042733312500000002,0.55788750000000009,0,3.2000000000000002,0,3.0257562272068916e-05,0.00093012417650004781,0,3.2000002729341213,0,1.2598686445113525e-05,free_flight_controlled,sep_nmpc_adapted,formal_acados,0.22500313262666832,0,0.39001190177740497,-2.7124935603750622e-05,0.00013767738611171964,0.00070738018628512076,0.13807845030937985,1.4142136681351514e-10,-0.0024000354535584807,0.41756098419962323,0.41756098419962323,false,false,5.8066199999999997,0,0,false,0,0.001587315384527213,0,129.89241357785301,129.89241357785301,0,0.38497491099222014,0,0,0.38497491099222014,0,0,-0.0018133902752019079,5.0647009125334663e-06,8.6461398161572734e-05,6.5749068872550522e-05,1.8599356156831467e-05,-0.040798151875553246,0.00043374762232218126,0.0017824549859974993,0.0014794131117030704,0.00036137825636415097,0,9.0937881770515393e-07
1.1500000000000001,approach_stop,40,40,0.20000000000000001,0.02,0.0023414062500000058,0.045562500000000075,0.57375000000000043,0,3.2000000000000002,0,3.5223214023015447e-05,0.0010581876746435324,0,3.2000003416827503,0,1.4887370564790646e-05,free_flight_controlled,sep_nmpc_adapted,formal_acados,0.22500362325044998,0,0.39001333372933622,-3.1599963573047951e-05,0.00015301710211148591,0.0023169764600172835,0.18069552396834676,1.4142135786662559e-10,-0.0069925859651481272,0.59436501853530455,0.59436501853530455,false,false,5.8593679999999999,0,0,false,0,0.0017702240979205214,0,129.89741909752644,129.89741909752644,0,0.64693680610429016,0,0,0.64693680610429016,0,0,-0.0020221179935329976,7.1319478928650806e-06,9.4960223557793844e-05,7.3475632849411761e-05,2.0427414161267032e-05,-0.042689481638363232,0.00039155997880573225,0.0016247442113983945,0.0016001470617284309,0.00037037186842158311,0,9.8153948514478294e-07
1.155,approach_stop,40,40,0.20000000000000001,0.02,0.0025764560156250013,0.048470437500000019,0.58938750000000006,0,3.2000000000000002,0,4.0870270796779409e-05,0.0012028921379970161,0,3.2000004259160009,0,1.8782164253043411e-05,free_flight_controlled,sep_nmpc_adapted,formal_acados,0.22500414922517586,0,0.39001493279207983,-3.6721045620913273e-05,0.000169278660189887,0.0023169764600172835,0.18069552396834676,1.4142135786662559e-10,-0.0069925859651481272,0.59436501853530455,0.59436501853530455,false,false,5.8593679999999999,0,0,false,0,0.0019656961123273413,0,129.89872497062231,129.89872497062231,0,0.62178521916489382,0,0,0.62178521916489382,0,0,-0.0022447094763571851,9.2665446491918417e-06,0.00010382828657439996,8.1416611486728746e-05,2.2298439202323784e-05,-0.046336873409475593,0.00045564724736704384,0.0019164796635154366,0.0015803083625999899,0.00037757273428139286,0,1.0970277976853489e-06
1.1599999999999999,approach_stop,40,40,0.20000000000000001,0.02,0.0028262399999999964,0.051455999999999953,0.60479999999999978,0,3.2000000000000002,0,4.7274762823804694e-05,0.0013613319529250901,0,3.2000005305393953,0,2.3042310109814713e-05,free_flight_controlled,sep_nmpc_adapted,formal_acados,0.22500470893209529,0,0.39001671115865233,-4.2565830728535925e-05,0.00018671112102317176,0.0023169764600172835,0.18069552396834676,1.4142135786662559e-10,-0.0069925859651481272,0.59436501853530455,0.59436501853530455,false,false,5.8593679999999999,0,0,false,0,0.0021767220061334439,0,129.90012588790367,129.90012588790367,0,0.59736872443910116,0,0,0.59736872443910116,0,0,-0.0024849531852438045,1.161430364449842e-05,0.0001139074493091636,8.9380491270921446e-05,2.4198182656496557e-05,-0.049751147568462911,0.00047994463150459276,0.0021060243532833485,0.001610060921306343,0.00038207921765167805,0,1.2049073712920096e-06
1.165,approach_stop,40,40,0.20000000000000001,0.02,0.0030911435156250021,0.05451806250000002,0.61998750000000014,0,3.2000000000000002,0,5.450790358874169e-05,0.0015345142280863287,0,3.2000006574579265,0,2.7699341345183971e-05,free_flight_controlled,sep_nmpc_adapted,formal_acados,0.22500530054267981,0,0.39001867503067417,-4.9207360908937181e-05,0.00020522138811327281,0.0023169764600172835,0.18069552396834676,1.4142135786662559e-10,-0.0069925859651481272,0.59436501853530455,0.59436501853530455,false,false,5.8593679999999999,0,0,false,0,0.002402609227506024,0,129.90161377434163,129.90161377434163,0,0.57367553324372922,0,0,0.57367553324372922,0,0,-0.0027417059303702419,1.40170901542572e-05,0.00012465140373484483,9.762157127417863e-05,2.6116198813922707e-05,-0.052940914725111962,0.00047955232394105443,0.0021807188992457207,0.001691315792372823,0.00038504252381217874,0,1.3004986676980037e-06
1.1699999999999999,approach_stop,40,40,0.20000000000000001,0.02,0.003371546249999996,0.057655499999999957,0.63494999999999979,0,3.2000000000000002,0,6.2645829413072126e-05,0.0017234007966008145,0,3.2000008087291709,0,3.2782650696842524e-05,free_flight_controlled,sep_nmpc_adapted,formal_acados,0.22500592211305342,0,0.39002083086945477,-5.6723716359646792e-05,0.0002247159047961817,0.0023169764600172835,0.18069552396834676,1.4142135786662559e-10,-0.0069925859651481272,0.59436501853530455,0.59436501853530455,false,false,5.8593679999999999,0,0,false,0,0.0026426812924269464,0,129.90318075941195,129.90318075941195,0,0.55069384898452256,0,0,0.55069384898452256,0,0,-0.0030138630837215877,1.6376414267184525e-05,0.000135470330034932,0.00010639511337305864,2.8046999373770444e-05,-0.055913160750049172,0.00046369249144481933,0.00213537957832572,0.0018226903894116222,0.00038731139674293749,0,1.3786203842126119e-06
1.175,approach_stop,40,40,0.20000000000000001,0.02,0.0036678222656250027,0.060867187500000031,0.6496875000000002,0,3.2000000000000002,0,7.1769367256548967e-05,0.0019289058240742772,0,3.2000009865520909,0,3.8319370066087525e-05,free_flight_controlled,sep_nmpc_adapted,formal_acados,0.22500657159888612,0,0.39002318576260486,-6.5197768370439668e-05,0.00024510073581964626,0.0023169764600172835,0.18069552396834676,1.4142135786662559e-10,-0.0069925859651481272,0.59436501853530455,0.59436501853530455,false,false,5.8593679999999999,0,0,false,0,0.0028962776286671505,0,129.90481919250897,129.90481919250897,0,0.52841181430503126,0,0,0.52841181430503126,0,0,-0.0033003526617674797,1.8630052185533096e-05,0.00014576253297272326,0.00011594278770378486,2.9988767390160028e-05,-0.058674061627291822,0.00043793929928067222,0.0019701534984475429,0.0020002312423827305,0.00038951726715527206,0,1.4335019326645945e-06
1.1799999999999999,approach_stop,40,40,0.20000000000000001,0.02,0.0039803399999999954,0.064151999999999959,0.66419999999999979,0,3.2000000000000002,0,8.196361976253612e-05,0.0021517783890998869,0,3.2000011932549217,0,4.4333899580693171e-05,free_flight_controlled,sep_nmpc_adapted,formal_acados,0.22500724697178459,0,0.39002574952603419,-7.4716647977951522e-05,0.00026628180197019337,0.0023169764600172835,0.18069552396834676,1.4142135786662559e-10,-0.0069925859651481272,0.59436501853530455,0.59436501853530455,false,false,5.8593679999999999,0,0,false,0,0.0031627538733689192,0,129.90652167704437,129.90652167704437,0,0.50681552209344405,0,0,0.50681552209344405,0,0,-0.0036001433152479433,2.072240692991548e-05,0.00015501907929876338,0.00012641264264161476,3.1946653244808773e-05,-0.061236778341444212,0.00039579341893654173,0.0017435392715876579,0.0021722313590268627,0.00039486053797117479,0,1.4566417671017419e-06
1.1850000000000001,approach_stop,40,40,0.20000000000000001,0.02,0.0043094622656250038,0.067508812500000029,0.67848750000000013,0,3.2000000000000002,0,9.3316764376257574e-05,0.0023925938571435785,0,3.2000014312800196,0,5.0847752771113357e-05,free_flight_controlled,sep_nmpc_adapted,formal_acados,0.2250079467724764,0,0.39002854479774429,-8.5369991899869602e-05,0.00028816576584197827,0.0023169764600172835,0.18069552396834676,1.4142135786662559e-10,-0.0069925859651481272,0.59436501853530455,0.59436501853530455,false,false,5.8593679999999999,0,0,false,0,0.0034414840442028795,0,129.90828110292836,129.90828110292836,0,0.48588891888236546,0,0,0.48588891888236546,0,0,-0.0039123069497994023,2.252885229911765e-05,0.00016326584433576301,0.00013749062224933164,3.3950173507268427e-05,-0.063623844810735214,0.00032593668804571082,0.0015633510869749576,0.0022452150378048244,0.00040714722766501863,0,1.4360957820096315e-06
1.1899999999999999,approach_stop,40,40,0.20000000000000001,0.02,0.0046555462499999955,0.070936499999999958,0.69254999999999989,0,3.2000000000000002,0,0.00010592049924649935,0.0026521410964154375,0,3.2000017031736188,0,5.7880839391902205e-05,free_flight_controlled,sep_nmpc_adapted,formal_acados,0.22500866959343555,0,0.39003159977088453,-9.7250905810947197e-05,0.00031065948309048951,0.0023169764600172835,0.18069552396834676,1.4142135786662559e-10,-0.0069925859651481272,0.59436501853530455,0.59436501853530455,false,false,5.8593679999999999,0,0,false,0,0.0037318586775451621,0,129.91009058096412,129.91009058096412,0,0.46562040074660682,0,0,0.46562040074660682,0,0,-0.004235982874128243,2.3943250350652472e-05,0.00017069239141130897,0.00014871022264116216,3.6025616838884768e-05,-0.065841897059419438,0.0002404442803239273,0.0014131487809064479,0.0022304234772744496,0.00042323038384187986,0,1.3634406211674527e-06
1.1950000000000001,approach_stop,40,40,0.20000000000000001,0.02,0.005018943515625005,0.074433937500000047,0.70638750000000017,0,3.2000000000000002,0,0.00011987037584221746,0.002931170366461836,0,3.2000020115756831,0,6.5450717752797374e-05,free_flight_controlled,sep_nmpc_adapted,formal_acados,0.22500941371104299,0,0.39003494229054048,-0.00011045666479922445,0.00033366958648505977,0.0023169764600172835,0.18069552396834676,1.4142135786662559e-10,-0.0069925859651481272,0.59436501853530455,0.59436501853530455,false,false,5.8593679999999999,0,0,false,0,0.0040332832942490083,0,129.91194347324108,129.91194347324108,0,0.44599840679675373,0,0,0.44599840679675373,0,0,-0.0045703392021928749,2.4907185408648108e-05,0.00017741962010930934,0.00015965376648157019,3.8186739311012167e-05,-0.067896045652858533,0.00014658850287153983,0.0012821577680491112,0.0021358368831769794,0.00044117890952943362,0,1.229723115488126e-06
1.2,approach_stop,40,40,0.20000000000000001,0.02,0.0053999999999999968,0.077999999999999972,0.71999999999999986,0,3.2000000000000002,0,0.00013526559422844317,0.0032303907809644265,0,3.2000023592080749,0,7.3572571929730117e-05,free_flight_controlled,sep_nmpc_adapted,formal_acados,0.22501017706471452,0,0.39003859961739729,-0.00012508852951392813,0.00035710254225586151,0.0040817088028875115,0.21760199030899732,1.4142135698728198e-10,-0.014204904505827251,0.75234073765406784,0.75234073765406784,false,false,6.100962,0,0,false,0,0.0043451782362088709,0,129.92292173934248,129.92292173934248,0,0.67436554063697496,0,0,0.67436554063697496,0,0,-0.0049145673878946226,2.5390478602802706e-05,0.00018352533123899953,0.00016993711013690973,4.0439674866317625e-05,-0.069790594575903517,4.8644096564015577e-05,0.0011635908857472097,0.0019670954089489666,0.00045980987332965332,0,1.0253477708646462e-06
1.2050000000000001,approach_stop,40,40,0.20000000000000001,0.02,0.0057990560156250051,0.081633562500000062,0.73338750000000019,0,3.2000000000000002,0,0.0001522195374679028,0.0035548659739752003,0,3.2000027563859432,0,8.525416702082002e-05,free_flight_controlled,sep_nmpc_adapted,formal_acados,0.2250109561451768,0,0.39004259128582086,-0.00014126339229111884,0.00038115640173080629,0.0040817088028875115,0.21760199030899732,1.4142135698728198e-10,-0.014204904505827251,0.75234073765406784,0.75234073765406784,false,false,6.100962,0,0,false,0,0.0046701514114844082,0,129.92540614995255,129.92540614995255,0,0.64712968164291418,0,0,0.64712968164291418,0,0,-0.0052719984107108637,2.5780571528608233e-05,0.00018938038248336682,0.00017954878141413476,4.274461568112799e-05,-0.073169787860958652,0.00010021703405500071,0.0011759315298478562,0.0018765498064696651,0.00046239024984528977,0,8.2408852074604814e-07
1.21,approach_stop,40,40,0.20000000000000001,0.02,0.0062164462499999977,0.085333499999999965,0.74654999999999994,0,3.2000000000000002,0,0.00017085073537506532,0.0039014472039373984,0,3.2000032137607839,0,9.7650205573365814e-05,free_flight_controlled,sep_nmpc_adapted,formal_acados,0.22501174682577255,0,0.39004693074902796,-0.00015910390960252596,0.00040601722765782976,0.0040817088028875115,0.21760199030899732,1.4142135698728198e-10,-0.014204904505827251,0.75234073765406784,0.75234073765406784,false,false,6.100962,0,0,false,0,0.0050107063922314498,0,129.92798562990313,129.92798562990313,0,0.62073719860114851,0,0,0.62073719860114851,0,0,-0.0056456972391288095,2.6288308683079358e-05,0.00019522495294636469,0.0001886465406045246,4.5070520574752427e-05,-0.076299600936632933,9.8877655803459506e-05,0.0011601372946943281,0.001759134205358525,0.00046816245321254464,0,5.3627253212377655e-07
1.2150000000000001,approach_stop,40,40,0.20000000000000001,0.02,0.0066524997656250071,0.089098687500000065,0.7594875000000002,0,3.2000000000000002,0,0.00019127204427651107,0.004271059730948764,0,3.2000037349835786,0,0.0001107924050170376,free_flight_controlled,sep_nmpc_adapted,formal_acados,0.22501254576303392,0,0.39005163815321753,-0.0001787262812426027,0.00043156803447235321,0.0040817088028875115,0.21760199030899732,1.4142135698728198e-10,-0.014204904505827251,0.75234073765406784,0.75234073765406784,false,false,6.100962,0,0,false,0,0.0053660746717435195,0,129.93064932853875,129.93064932853875,0,0.59517216041314913,0,0,0.59517216041314913,0,0,-0.0060344562113600524,2.6692718457820466e-05,0.00020093068450229506,0.00019706435894654748,4.7432464433671692e-05,-0.079195134592082578,6.102816359929756e-05,0.0011211220316666188,0.0016027979149754604,0.00047673161789836202,0,1.462787682190534e-07
1.22,approach_stop,40,40,0.20000000000000001,0.02,0.0071075399999999964,0.092927999999999983,0.7722,0,3.2000000000000002,0,0.00021360079665286598,0.004664549632602444,0,3.200004323854535,0,0.0001247084418557561,free_flight_controlled,sep_nmpc_adapted,formal_acados,0.22501334873732798,0,0.39005673415989239,-0.00020025205932489021,0.00045769161104455857,0.0040817088028875115,0.21760199030899732,1.4142135698728198e-10,-0.014204904505827251,0.75234073765406784,0.75234073765406784,false,false,6.100962,0,0,false,0,0.0057355076306188236,0,129.93338681118888,129.93338681118888,0,0.57041821681295501,0,0,0.57041821681295501,0,0,-0.0064371295760068063,2.6833337406972765e-05,0.00020636530705228962,0.00020463416553344847,4.9830908134324598e-05,-0.081865075570589474,-7.0095425163314347e-06,0.0010461206460001616,0.0014299170469744779,0.00048002681788220981,0,-3.62781826081716e-07
1.2250000000000001,approach_stop,40,40,0.20000000000000001,0.02,0.0075818847656250075,0.096820312500000075,0.78468750000000032,0,3.2000000000000002,0,0.00023795825927563563,0.0050826717198071206,0,3.200004984301565,0,0.00013942194954762093,free_flight_controlled,sep_nmpc_adapted,formal_acados,0.22501414769921976,0,0.39006223186883177,-0.00022381056005588151,0.0004842696222957837,0.0040817088028875115,0.21760199030899732,1.4142135698728198e-10,-0.014204904505827251,0.75234073765406784,0.75234073765406784,false,false,6.100962,0,0,false,0,0.0061182769723793764,0,129.93618807386616,129.93618807386616,0,0.54645837605671066,0,0,0.54645837605671066,0,0,-0.0068526032993640349,2.6558358007176641e-05,0.00021129137874400679,0.0002113851098659833,5.2210787109740995e-05,-0.084316393344707447,-0.00010409795500750377,0.00091965743241311914,0.0012727279228355835,0.00047009789105709968,0,-1.0097851191096854e-06
1.23,approach_stop,40,40,0.20000000000000001,0.02,0.0080758462499999992,0.10077449999999999,0.79694999999999994,0,3.2000000000000002,0,0.00026446952072458176,0.0055261915527566622,0,3.2000057203630954,0,0.00015495338972483389,free_flight_controlled,sep_nmpc_adapted,formal_acados,0.22501493265688008,0,0.39006814053852945,-0.00024953686384451834,0.00051118333144812059,0.0040817088028875115,0.21760199030899732,1.4142135698728198e-10,-0.014204904505827251,0.75234073765406784,0.75234073765406784,false,false,6.100962,0,0,false,0,0.0065136741228796428,0,129.93904350643172,129.93904350643172,0,0.5232767445486568,0,0,0.5232767445486568,0,0,-0.0072798130703582683,2.5739363768681022e-05,0.00021547978189701214,0.00021736233046442611,5.4516218994377033e-05,-0.086560345210680262,-0.00022378612837903959,0.00075245941686357656,0.0011187942078231185,0.00045071211369908458,0,-1.8146741481799284e-06
1.2350000000000001,approach_stop,40,40,0.20000000000000001,0.02,0.0085897310156250097,0.10478943750000008,0.80898750000000019,0,3.2000000000000002,0,0.00029326340901561824,0.0059958386788066999,0,3.200006536170946,0,0.00017131964005435787,free_flight_controlled,sep_nmpc_adapted,formal_acados,0.22501569277048494,0,0.39007446809952562,-0.00027757063853067754,0.00053831399647858195,0.0040817088028875115,0.21760199030899732,1.4142135698728198e-10,-0.014204904505827251,0.75234073765406784,0.75234073765406784,false,false,6.100962,0,0,false,0,0.0069210095705154748,0,129.94194391368336,129.94194391368336,0,0.50085769542997027,0,0,0.50085769542997027,0,0,-0.0077177468963414691,2.4276098936635979e-05,0.0002187470947772787,0.00022256165119951675,5.670573152697963e-05,-0.088606667876984735,-0.00036120182106883978,0.00055221583885517,0.00096060024453763497,0.00042398890528570109,0,-2.7985734380882809e-06
1.24,approach_stop,40,40,0.20000000000000001,0.02,0.0091238399999999994,0.108864,0.82079999999999997,0,3.2000000000000002,0,0.00032447230553144527,0.0064923046909588673,0,3.2000074359325521,0,0.00018853405543438725,free_flight_controlled,sep_nmpc_adapted,formal_acados,0.22501641632588232,0,0.3900812209748038,-0.00030805597964914111,0.00056554289687266515,0.0040817088028875115,0.21760199030899732,1.4142135698728198e-10,-0.014204904505827251,0.75234073765406784,0.75234073765406784,false,false,6.100962,0,0,false,0,0.0073396124872958136,0,129.94488051617006,129.94488051617006,0,0.47918581436946228,0,0,0.47918581436946228,0,0,-0.0081654385528055623,2.2089594002167062e-05,0.00022094293072547793,0.0002269499619766159,5.8745893970788876e-05,-0.090463991445795533,-0.00051264060852638073,0.00032459654153850118,0.00079384435865505459,0.00039111989427390671,0,-3.983856637817725e-06
1.2450000000000001,approach_stop,40,40,0.20000000000000001,0.02,0.0096784685156250123,0.11299706250000008,0.83238750000000028,0,3.2000000000000002,0,0.00035823195284074454,0.0070162423892391078,0,3.2000084239135367,0,0.00020660654627810074,free_flight_controlled,sep_nmpc_adapted,formal_acados,0.22501709073701126,0,0.39008840391147048,-0.00034114121582948242,0.00059275137705684471,0.0040817088028875115,0.21760199030899732,1.4142135698728198e-10,-0.014204904505827251,0.75234073765406784,0.75234073765406784,false,false,6.100962,0,0,false,0,0.0077688303833556051,0,129.94784494957779,129.94784494957779,0,0.45824586630794351,0,0,0.45824586630794351,0,0,-0.0086219628506903085,1.9117171845771195e-05,0.00022194172591602084,0.00023047812532468888,6.0607867505297778e-05,-0.092140141507173562,-0.00067524442750032158,7.395260161675587e-05,0.00061626358876734448,0.00035280361842638725,0,-5.3941974470148177e-06
1.25,approach_stop,40,40,0.20000000000000001,0.02,0.01025390625,0.1171875,0.84375,0,3.2000000000000002,0,0.00039468162795629533,0.0075685489243735322,0,3.2000095044215824,0,0.00022554434770030799,free_flight_controlled,sep_nmpc_adapted,formal_acados,0.22501770271809574,0,0.3900960190590449,-0.00037697890986057581,0.00061982073287029568,0.0052543638122886831,0.25456538429348524,1.414213566665684e-10,-0.024205856963243053,0.89276316987728355,0.89276316987728355,false,false,5.7756090000000002,0,0,false,0,0.0082080278971235418,0,129.96608936016173,129.96608936016173,0,0.65723201794193076,0,0,0.65723201794193076,0,0,-0.0090863827454018067,1.5216585324278947e-05,0.00022167071878238367,0.00023310190810890634,6.2266631144773586e-05,-0.093604193368433966,-0.00091774200566994621,-0.00017084097231253025,0.000436772797285338,0.00031034531081697492,0,-7.0483575313357507e-06
1.2550000000000001,approach_stop,40,40,0.20000000000000001,0.02,0.010850437265625013,0.1214341875000001,0.85488750000000024,0,3.2000000000000002,0,0.00043397361828603439,0.0081532356058036867,0,3.2000106944977573,0,0.00025041581275425261,free_flight_controlled,sep_nmpc_adapted,formal_acados,0.22501823994259382,0,0.39010407560044669,-0.00041573367569222586,0.00064689170225798421,0.0052543638122886831,0.25456538429348524,1.414213566665684e-10,-0.024205856963243053,0.89276316987728355,0.89276316987728355,false,false,5.7756090000000002,0,0,false,0,0.008659398198717895,0,129.96971453904575,129.96971453904575,0,0.629854734875679,0,0,0.629854734875679,0,0,-0.0095614554340555657,1.0630119527443781e-05,0.00022044865080250806,0.00023490909155666657,6.3708194430822158e-05,-0.096412896377230592,-0.00092450645724329017,-0.00031923653354536168,0.00028737073150526615,0.00026664210473531974,0,-8.9046199571095287e-06
1.26,approach_stop,40,40,0.20000000000000001,0.02,0.01146834,0.12573599999999999,0.86580000000000001,0,3.2000000000000002,0,0.00047626368356298333,0.0087680091847173441,0,3.2000120115031456,0,0.00027631475755763766,free_flight_controlled,sep_nmpc_adapted,formal_acados,0.22501869056944562,0,0.39011258520845488,-0.00045757311411737112,0.00067409587731665855,0.0052543638122886831,0.25456538429348524,1.414213566665684e-10,-0.024205856963243053,0.89276316987728355,0.89276316987728355,false,false,5.7756090000000002,0,0,false,0,0.0091250490142258858,0,129.97341079593787,129.97341079593787,0,0.60337550482538838,0,0,0.60337550482538838,0,0,-0.010049906229812795,5.7967128229789855e-06,0.00021843858841699143,0.00023597668885148862,6.4935945831673359e-05,-0.098944214863284419,-0.0010377377905770417,-0.00047745635165434179,0.00014331950113096866,0.00022485941037755965,0,-1.1057965928579049e-05
1.2650000000000001,approach_stop,40,40,0.20000000000000001,0.02,0.012107887265625016,0.13009181250000013,0.8764875000000002,0,3.2000000000000002,0,0.00052170631110304972,0.0094144135484179794,0,3.2000134606301991,0,0.00030326324851432849,free_flight_controlled,sep_nmpc_adapted,formal_acados,0.22501904319763857,0,0.39012154345114503,-0.00050266311346447434,0.0007012942674269856,0.0052543638122886831,0.25456538429348524,1.414213566665684e-10,-0.024205856963243053,0.89276316987728355,0.89276316987728355,false,false,5.7756090000000002,0,0,false,0,0.0096041833677125155,0,129.97716581554769,129.97716581554769,0,0.57778818752555339,0,0,0.57778818752555339,0,0,-0.010550122731923427,-2.6015454761335608e-07,0.00021575852143531534,0.00023638870186052944,6.5963703019926621e-05,-0.10111910425161362,-0.0014127190622603692,-0.000588729388696857,2.5088620091905389e-05,0.00018689483736410804,0,-1.352570588746111e-05
1.27,approach_stop,40,40,0.20000000000000001,0.02,0.012769346250000002,0.13450050000000002,0.88695000000000013,0,3.2000000000000002,0,0.00057046173473291857,0.010093251310925569,0,3.2000150471661164,0,0.00033127697433993711,free_flight_controlled,sep_nmpc_adapted,formal_acados,0.22501928743558039,0,0.39013094395712716,-0.00055117429915252369,0.0007283476918112544,0.0052543638122886831,0.25456538429348524,1.414213566665684e-10,-0.024205856963243053,0.89276316987728355,0.89276316987728355,false,false,5.7756090000000002,0,0,false,0,0.010096022001276938,0,129.98096788405721,129.98096788405721,0,0.55307471747954851,0,0,0.55307471747954851,0,0,-0.011060362355536554,-8.784128547307743e-06,0.00021260843429246327,0.00023626665757497115,6.6812984122975206e-05,-0.10295570413724801,-0.0020195330202521801,-0.00066780277443034971,-7.1085304159503547e-05,0.00015350736641898271,0,-1.634256031946104e-05
1.2750000000000001,approach_stop,40,40,0.20000000000000001,0.02,0.013452978515625017,0.13896093750000013,0.89718750000000025,0,3.2000000000000002,0,0.00062269394427181927,0.010805241450016687,0,3.2000167764638392,0,0.00036036654951309392,free_flight_controlled,sep_nmpc_adapted,formal_acados,0.22501941325893363,0,0.39014078226724841,-0.00060328068533818668,0.00075511768117847878,0.0052543638122886831,0.25456538429348524,1.414213566665684e-10,-0.024205856963243053,0.89276316987728355,0.89276316987728355,false,false,5.7756090000000002,0,0,false,0,0.010599807404909036,0,129.98480588010244,129.98480588010244,0,0.52921660648250857,0,0,0.52921660648250857,0,0,-0.011578984095042096,-2.0855056967899452e-05,0.00020911733000946256,0.00023570871309194229,6.750660398617241e-05,-0.10447406452338139,-0.0028270702477659736,-0.00072683334084290693,-0.00015007361665323859,0.00012455952424082303,0,-1.9546191278945085e-05
1.28,approach_stop,40,40,0.20000000000000001,0.02,0.014159040000000003,0.14347200000000004,0.90720000000000001,0,3.2000000000000002,0,0.00067857037346234436,0.011551042899862293,0,3.2000186539169677,0,0.00039053759975410455,free_flight_controlled,sep_nmpc_adapted,formal_acados,0.22501941081618029,0,0.39015105563148667,-0.00065915955728204634,0.00078146650559095558,0.0052543638122886831,0.25456538429348524,1.414213566665684e-10,-0.024205856963243053,0.89276316987728355,0.89276316987728355,false,false,5.7756090000000002,0,0,false,0,0.011114803623203466,0,129.98866927533709,129.98866927533709,0,0.50619534004975941,0,0,0.50619534004975941,0,0,-0.012104445166347276,-3.7405687934422737e-05,0.00020536192886904867,0.00023478863301745431,6.8065309683819353e-05,-0.1056934681384981,-0.0038074258062495391,-0.00077478396670733443,-0.00021671480895834149,9.9409023396441831e-05,0,-2.3176758153340004e-05
1.2849999999999999,approach_stop,40,40,0.20000000000000001,0.02,0.014887781015624988,0.14803256249999994,0.91698749999999984,0,3.2000000000000002,0,0.00073826160503586802,0.012331256692878731,0,3.2000206849350614,0,0.00042179087112100276,free_flight_controlled,sep_nmpc_adapted,formal_acados,0.22501927025314819,0,0.39016176267097302,-0.00071899135188768781,0.00080725719988797588,0.0052543638122886831,0.25456538429348524,1.414213566665684e-10,-0.024205856963243053,0.89276316987728355,0.89276316987728355,false,false,5.7756090000000002,0,0,false,0,0.011640296028534995,0,129.99254813238309,129.99254813238309,0,0.48399239928525506,0,0,0.48399239928525506,0,0,-0.012635297732636577,-5.9235418880317711e-05,0.00020137994393778445,0.00023355654224566674,6.8505877256227048e-05,-0.10663263701843713,-0.0049350530501344201,-0.00081842706537907167,-0.00027560064120370193,7.7140538901003069e-05,0,-2.727691010975095e-05
1.29,approach_stop,40,40,0.20000000000000001,0.02,0.015639446250000005,0.15264150000000004,0.9265500000000001,0,3.2000000000000002,0,0.00080194108684866696,0.013146428234120612,0,3.200022874919644,0,0.00045412239915144492,free_flight_controlled,sep_nmpc_adapted,formal_acados,0.2250189815548834,0,0.39017290297997664,-0.00078295953196527712,0.00083235359022909442,0.0052543638122886831,0.25456538429348524,1.414213566665684e-10,-0.024205856963243053,0.89276316987728355,0.89276316987728355,false,false,5.7756090000000002,0,0,false,0,0.012175591080309921,0,129.99643309875805,129.99643309875805,0,0.46258928489968765,0,0,0.46258928489968765,0,0,-0.013170186424582547,-8.702063910067477e-05,0.00019717930346512948,0.00023204047377187496,6.8840148921402768e-05,-0.10730985017216695,-0.0061862246544949493,-0.00086298960142726995,-0.00033096319746874159,5.6715647147830246e-05,0,-3.1891831312238282e-05
1.2949999999999999,approach_stop,40,40,0.20000000000000001,0.02,0.016414274765624987,0.15729768749999992,0.93588749999999987,0,3.2000000000000002,0,0.00086978485959352089,0.013997049649061451,0,3.2000252292411764,0,0.00048752372660634059,free_flight_controlled,sep_nmpc_adapted,formal_acados,0.2250185344053843,0,0.39018447670579276,-0.00085125045420922363,0.00085662032167517401,0.0052543638122886831,0.25456538429348524,1.414213566665684e-10,-0.024205856963243053,0.89276316987728355,0.89276316987728355,false,false,5.7756090000000002,0,0,false,0,0.012720016069372422,0,130.00031539736844,130.00031539736844,0,0.44196754219500056,0,0,0.44196754219500056,0,0,-0.013707846294945822,-0.00012132290754810739,0.00019274475865066877,0.00023024831952810754,6.9074674771462037e-05,-0.10774300383947123,-0.007538691245685316,-0.00091257112004547057,-0.00038662134980084169,3.7068405302582008e-05,0,-3.7069198196298891e-05
1.3,approach_stop,40,40,0.20000000000000001,0.02,0.017212500000000006,0.16200000000000003,0.94500000000000006,0,3.2000000000000002,0,0.0009419712963478769,0.014883562164982182,0,3.2000277532172157,0,0.00052198215987117255,free_flight_controlled,sep_nmpc_adapted,formal_acados,0.22501791806524241,0,0.39019648413012997,-0.0009240532311054761,0.00087992288670003869,0.0052020430765948597,0.2910065229642923,1.4142135651517995e-10,-0.036789498002274081,1.0161350204766146,1.0161350204766146,false,false,5.7794179999999997,0,0,false,0,0.013272918847342706,0,130.02586673791197,130.02586673791197,0,0.61412754139302339,0,0,0.61412754139302339,0,0,-0.014247100975071231,-0.00016259576553000147,0.00018804278840934307,0.0002281699545526919,6.9210736400146384e-05,-0.10794963469337578,-0.0089714674706133316,-0.00097041777777421201,-0.00044596181664556008,1.7165039161532879e-05,0,-4.2859126909511523e-05
1.3049999999999999,approach_stop,40,40,0.20000000000000001,0.02,0.018034349765624989,0.16674731249999994,0.95388749999999989,0,3.2000000000000002,0,0.0010186851431983424,0.015808129525062983,0,3.2000304702436932,0,0.00056472482153698445,free_flight_controlled,sep_nmpc_adapted,formal_acados,0.22501712051159367,0,0.39020895271163963,-0.0010015646316046678,0.00090235664464751483,0.0052020430765948597,0.2910065229642923,1.4142135651517995e-10,-0.036789498002274081,1.0161350204766146,1.0161350204766146,false,false,5.7794179999999997,0,0,false,0,0.013836140896514949,0,130.03032769764181,130.03032769764181,0,0.58810723342527937,0,0,0.58810723342527937,0,0,-0.014790692453270955,-0.00020970917172688286,0.00018295567444874723,0.0002257327667418487,6.9235252130345136e-05,-0.10947567755010168,-0.0098792864392415903,-0.0010642630810302341,-0.00052951525772546091,-7.6747793043885188e-06,0,-4.9293095644102885e-05
1.3100000000000001,approach_stop,40,40,0.20000000000000001,0.02,0.018880046250000011,0.17153850000000007,0.96255000000000002,0,3.2000000000000002,0,0.0011001142889857846,0.016769794718169081,0,3.200033403940532,0,0.00060864782514366317,free_flight_controlled,sep_nmpc_adapted,formal_acados,0.22501612897364817,0,0.39022190898471476,-0.0010839853153376267,0.00092400868505373307,0.0052020430765948597,0.2910065229642923,1.4142135651517995e-10,-0.036789498002274081,1.0161350204766146,1.0161350204766146,false,false,5.7794179999999997,0,0,false,0,0.014411451432935615,0,130.03482128245537,130.03482128245537,0,0.56299392416253735,0,0,0.56299392416253735,0,0,-0.015341230249069433,-0.0002616341425847403,0.00017740815430542187,0.00022287424142542443,6.9132141959554803e-05,-0.11072965476125199,-0.010893271706370288,-0.0011555221725705858,-0.00061481335035419886,-3.3885787651229177e-05,0,-5.6451130636089029e-05
1.3149999999999999,approach_stop,40,40,0.20000000000000001,0.02,0.019749806015624989,0.17637243749999995,0.9709875,0,3.2000000000000002,0,0.0011864458881939667,0.017769214134348073,0,3.2000365602046488,0,0.00065374933192680572,free_flight_controlled,sep_nmpc_adapted,formal_acados,0.22501493093501948,0,0.39023535141233789,-0.0011715149531744962,0.00094472902031076755,0.0052020430765948597,0.2910065229642923,1.4142135651517995e-10,-0.036789498002274081,1.0161350204766146,1.0161350204766146,false,false,5.7794179999999997,0,0,false,0,0.014998076660829772,0,130.03933565278305,130.03933565278305,0,0.53876773304230652,0,0,0.53876773304230652,0,0,-0.015897394447274744,-0.00031885330793128086,0.00017140008310716288,0.0002195806107838862,6.8894277969920107e-05,-0.11172770006017613,-0.01199438658787284,-0.0012491557623875039,-0.00070387836902881435,-6.1616385112246849e-05,0,-6.4393596448967071e-05
1.3200000000000001,approach_stop,40,40,0.20000000000000001,0.02,0.020643840000000014,0.18124800000000008,0.97920000000000007,0,3.2000000000000002,0,0.0012778701838958536,0.018806949066253947,0,3.2000399449135446,0,0.00070002405322443933,free_flight_controlled,sep_nmpc_adapted,formal_acados,0.22501351374210951,0,0.39024927785559294,-0.0012643564417863518,0.00096436853628180353,0.0052020430765948597,0.2910065229642923,1.4142135651517995e-10,-0.036789498002274081,1.0161350204766146,1.0161350204766146,false,false,5.7794179999999997,0,0,false,0,0.015595265589510824,0,130.04385957436833,130.04385957436833,0,0.5154082130972556,0,0,0.5154082130972556,0,0,-0.016457974996515124,-0.00038166978952853473,0.00016482856765457119,0.00021584690784319749,6.8517734607243588e-05,-0.11250909199028415,-0.013096361825995757,-0.0014122154274763962,-0.00078421842305343283,-8.7751051292413615e-05,0,-7.3183579356583209e-05
1.325,approach_stop,40,40,0.20000000000000001,0.02,0.021562353515624993,0.18616406249999995,0.98718749999999988,0,3.2000000000000002,0,0.0013745799202115572,0.019883475747280235,0,3.2000435639164193,0,0.00074746493603453611,free_flight_controlled,sep_nmpc_adapted,formal_acados,0.22501186673702511,0,0.39026368682638779,-0.0013627131831864536,0.00098278008854944419,0.0052020430765948597,0.2910065229642923,1.4142135651517995e-10,-0.036789498002274081,1.0161350204766146,1.0161350204766146,false,false,5.7794179999999997,0,0,false,0,0.016202290431630684,0,130.04838234716232,130.04838234716232,0,0.49289458833812905,0,0,0.49289458833812905,0,0,-0.017022073015242445,-0.00044962406548474401,0.00015695910492380752,0.0002117899527667274,6.8029527172547852e-05,-0.11313769199483477,-0.014043069444010152,-0.0017711548107613273,-0.00083417942510643443,-0.0001063276546749279,0,-8.288604253953436e-05
1.3300000000000001,approach_stop,40,40,0.20000000000000001,0.02,0.022505546250000015,0.19111950000000005,0.99495000000000011,0,3.2000000000000002,0,0.0014767703518088545,0.020999308854998972,0,3.2000474230107745,0,0.0007960585211792767,free_flight_controlled,sep_nmpc_adapted,formal_acados,0.22500998042506784,0,0.39027857913145125,-0.0014667899267410134,0.00099981807653645185,0.0052020430765948597,0.2910065229642923,1.4142135651517995e-10,-0.036789498002274081,1.0161350204766146,1.0161350204766146,false,false,5.7794179999999997,0,0,false,0,0.016818445542661618,0,130.05289401034989,130.05289401034989,0,0.47120779216914521,0,0,0.47120779216914521,0,0,-0.017588967120021021,-0.00052189196214521953,0.00014681806801939952,0.00020753758130301572,6.7463903322386809e-05,-0.11362829640118967,-0.014821586721265564,-0.0023185387996929423,-0.00086406267955612911,-0.00011906470823926538,0,-9.3567986227062195e-05
1.335,approach_stop,40,40,0.20000000000000001,0.02,0.023473612265624996,0.19611318749999998,1.0024875,0,3.2000000000000002,0,0.0015846392189391395,0.022154924795416447,0,3.2000515279158375,0,0.00084578703948230108,free_flight_controlled,sep_nmpc_adapted,formal_acados,0.22500784531351065,0,0.39029395715029053,-0.001576793905428503,0.0010153379174740347,0.0052020430765948597,0.2910065229642923,1.4142135651517995e-10,-0.036789498002274081,1.0161350204766146,1.0161350204766146,false,false,5.7794179999999997,0,0,false,0,0.017443046521233244,0,130.05738523654082,130.05738523654082,0,0.45032906887198298,0,0,0.45032906887198298,0,0,-0.018157994418436914,-0.00059762414301591296,0.00013349580794444948,0.00020316748525101046,6.6844982613650466e-05,-0.11399143191712781,-0.015429158805350642,-0.0030413656524470424,-0.0008825053738447837,-0.00012797077700224969,0,-0.00010529867211861311
1.3400000000000001,approach_stop,40,40,0.20000000000000001,0.02,0.024466740000000015,0.20114400000000004,1.0098000000000003,0,3.2000000000000002,0,0.0016983865421273886,0.023350759531348582,0,3.2000558842517348,0,0.00089662858625511467,free_flight_controlled,sep_nmpc_adapted,formal_acados,0.22500545172611389,0,0.39030982382119733,-0.0016929348160135138,0.0010291960154674492,0.0052020430765948597,0.2910065229642923,1.4142135651517995e-10,-0.036789498002274081,1.0161350204766146,1.0161350204766146,false,false,5.7794179999999997,0,0,false,0,0.018075429795963032,0,130.06184731952047,130.06184731952047,0,0.4302399112108648,0,0,0.4302399112108648,0,0,-0.01872853961973428,-0.00067596700392644074,0.00011614818707246608,0.00019872004235213986,6.6187246173015602e-05,-0.11423560931480738,-0.015866889595114009,-0.0039262739715801315,-0.00089593383245012935,-0.00013488198050892839,0,-0.00011814962406868101
1.345,approach_stop,40,40,0.20000000000000001,0.02,0.025485112265624995,0.20621081249999998,1.0168874999999999,0,3.2000000000000002,0,0.0018182144235312165,0.024587209953965315,0,3.200060497518932,0,0.00094855717317490523,free_flight_controlled,sep_nmpc_adapted,formal_acados,0.22500278965658907,0,0.39032618177998823,-0.0018154247669421586,0.00104124974363811,0.0052020430765948597,0.2910065229642923,1.4142135651517995e-10,-0.036789498002274081,1.0161350204766146,1.0161350204766146,false,false,5.7794179999999997,0,0,false,0,0.018714952218149696,0,130.06627216699644,130.06627216699644,0,0.41092206042059576,0,0,0.41092206042059576,0,0,-0.019300024992719801,-0.00075608252400502193,9.4000349559858877e-05,0.00019420756806263958,6.5496513997840531e-05,-0.1143673539052963,-0.01613991094210708,-0.0049588299528288589,-0.00090923567185070169,-0.00014142385491766106,0,-0.00013219464671823422
1.3500000000000001,approach_stop,40,40,0.20000000000000001,0.02,0.026528906250000015,0.2113125000000001,1.0237500000000002,0,3.2000000000000002,0,0.0019443268543294027,0.025864634932187523,0,3.2000653730779973,0,0.0010015428046342765,free_flight_controlled,sep_nmpc_adapted,formal_acados,0.22499984864912453,0,0.39034303262835318,-0.0019444782052048804,0.0010513574350137832,0.0034286909662748898,0.32499627696385613,1.4142135643414305e-10,-0.051279232126906722,1.1225702003618341,1.1225702003618341,false,false,5.9145120000000002,0,0,false,0,0.019360990660808177,0,130.09793412963037,130.09793412963037,0,0.55757165773734585,0,0,0.55757165773734585,0,0,-0.019871900692298002,-0.00083716822360655678,6.6353031902336871e-05,0.00018962084483162048,6.4771018807263561e-05,-0.11439131951794478,-0.016257268880223379,-0.0061232020045513223,-0.00092619403869434306,-0.00014900656993318802,0,-0.00014750985704713895
1.355,approach_stop,40,40,0.20000000000000001,0.02,0.027598293515625,0.21644793749999999,1.0303874999999998,0,3.2000000000000002,0,0.0020769334322263328,0.027184970134204008,0,3.2000705391495372,0,0.0010647437905928225,free_flight_controlled,sep_nmpc_adapted,formal_acados,0.22499661793308345,0,0.39036041049508485,-0.0020803154991428929,0.0010595756495107708,0.0034286909662748898,0.32499627696385613,1.4142135643414305e-10,-0.051279232126906722,1.1225702003618341,1.1225702003618341,false,false,5.9145120000000002,0,0,false,0,0.020015069772355006,0,130.10278018438498,130.10278018438498,0,0.53380562388833241,0,0,0.53380562388833241,0,0,-0.020447020636820919,-0.00091694227673643858,3.2291096749736233e-05,0.00018494701119551785,6.4007256811690334e-05,-0.11565969603034779,-0.015628590001695631,-0.0075144273008879246,-0.0009454405766125384,-0.00015720280795610505,0,-0.00016417789233368711
1.3600000000000001,approach_stop,40,40,0.20000000000000001,0.02,0.028693440000000028,0.22161600000000012,1.0368000000000002,0,3.2000000000000002,0,0.0022162464861568776,0.028547321653366885,0,3.200076024044153,0,0.0011290685360358353,free_flight_controlled,sep_nmpc_adapted,formal_acados,0.22499308592086578,0,0.39037834814206818,-0.0022231605652910935,0.001065953926623471,0.0034286909662748898,0.32499627696385613,1.4142135643414305e-10,-0.051279232126906722,1.1225702003618341,1.1225702003618341,false,false,5.9145120000000002,0,0,false,0,0.020678653909182644,0,130.10761744853517,130.10761744853517,0,0.51091319572510263,0,0,0.51091319572510263,0,0,-0.021028028412185762,-0.00099346902893865407,-8.8532829813373152e-06,0.00018014250650148894,6.319051553102165e-05,-0.11674465073531727,-0.014963260795528689,-0.0089524310242061929,-0.00097852381045379503,-0.00017029739877464517,0,-0.0001822868248824577
1.365,approach_stop,40,40,0.20000000000000001,0.02,0.029814506015624995,0.22681556250000001,1.0429875,0,3.2000000000000002,0,0.0023624775154799963,0.029952247623747402,0,3.2000818333167422,0,0.001194491460959086,free_flight_controlled,sep_nmpc_adapted,formal_acados,0.22498923995246078,0,0.39039684156667731,-0.0023732375630192148,0.0010703375857887998,0.0034286909662748898,0.32499627696385613,1.4142135643414305e-10,-0.051279232126906722,1.1225702003618341,1.1225702003618341,false,false,5.9145120000000002,0,0,false,0,0.021351021213688797,0,130.11243563103037,130.11243563103037,0,0.48887547751962568,0,0,0.48887547751962568,0,0,-0.021613998331442071,-0.0010666297845095796,-5.726008491296438e-05,0.00017513745730093574,6.2295025085536972e-05,-0.11764284579208646,-0.014286929367787785,-0.010415775235008383,-0.0010256911770972698,-0.00018876787238524478,0,-0.00020192610397778957
1.3700000000000001,approach_stop,40,40,0.20000000000000001,0.02,0.030961646250000023,0.2320455000000001,1.04895,0,3.2000000000000002,0,0.0025158406761195801,0.031400252665243183,0,3.2000879723825131,0,0.0012609821754706078,free_flight_controlled,sep_nmpc_adapted,formal_acados,0.22498506661323101,0,0.39041588336124999,-0.0025307740628885689,0.0010725726169381294,0.0034286909662748898,0.32499627696385613,1.4142135643414305e-10,-0.051279232126906722,1.1225702003618341,1.1225702003618341,false,false,5.9145120000000002,0,0,false,0,0.022031471237041574,0,130.11722514868865,130.11722514868865,0,0.46767360721250606,0,0,0.46767360721250606,0,0,-0.022203989286548629,-0.0011364310322054827,-0.00011300438594881305,0.00016986120518045877,6.1293099730860625e-05,-0.1183515009879869,-0.013623899472860111,-0.011884017338382848,-0.0010870048300546525,-0.00021290921727998413,0,-0.0002231886235608151
1.375,approach_stop,40,40,0.20000000000000001,0.02,0.032135009765625,0.2373046875,1.0546875,0,3.2000000000000002,0,0.0026765525279115335,0.032891798068693009,0,3.2000944464938312,0,0.001328506039360523,free_flight_controlled,sep_nmpc_adapted,formal_acados,0.22498055221212893,0,0.39043546478175806,-0.0026960003157826262,0.0010725059385205944,0.0034286909662748898,0.32499627696385613,1.4142135643414305e-10,-0.051279232126906722,1.1225702003618341,1.1225702003618341,false,false,5.9145120000000002,0,0,false,0,0.022719324646858115,0,130.12197709633867,130.12197709633867,0,0.44728891211349175,0,0,0.44728891211349175,0,0,-0.022797039723747959,-0.0012030483716949049,-0.00017595379263264497,0.00016415913187802883,6.0165772942471323e-05,-0.11886246438356761,-0.01303497284655441,-0.013257936556726061,-0.0012244219326597197,-0.0002357981823020142,0,-0.00024617081037074131
1.3800000000000001,approach_stop,40,40,0.20000000000000001,0.02,0.033334740000000029,0.24259200000000011,1.0602000000000003,0,3.2000000000000002,0,0.0028448318360625451,0.034427294131799832,0,3.2001012607231454,0,0.0013970260680489994,free_flight_controlled,sep_nmpc_adapted,formal_acados,0.22497568570327992,0,0.39045559004826896,-0.0028691461327826351,0.0010699865814918065,0.0034286909662748898,0.32499627696385613,1.4142135643414305e-10,-0.051279232126906722,1.1225702003618341,1.1225702003618341,false,false,5.9145120000000002,0,0,false,0,0.023413922828186249,0,130.12668315220606,130.12668315220606,0,0.42770274739811132,0,0,0.42770274739811132,0,0,-0.02339212517097328,-0.0012671284650016535,-0.0002451075497735863,0.00015727522828688531,5.895526901117707e-05,-0.1191649123883584,-0.012612435938401082,-0.014360432315967652,-0.0015618924530356839,-0.00024691426463834638,0,-0.00027097219049920551
1.385,approach_stop,40,40,0.20000000000000001,0.02,0.034560974765625002,0.2479063125,1.0654875000000001,0,3.2000000000000002,0,0.0030208992025503286,0.0360070707492057,0,3.2001084199535637,0,0.0014665032708694227,free_flight_controlled,sep_nmpc_adapted,formal_acados,0.22497045720330913,0,0.39047626977922295,-0.0030504419992412046,0.0010648652562884858,0.0034286909662748898,0.32499627696385613,1.4142135643414305e-10,-0.051279232126906722,1.1225702003618341,1.1225702003618341,false,false,5.9145120000000002,0,0,false,0,0.024114627911070056,0,130.13133555985877,130.13133555985877,0,0.40889600394311476,0,0,0.40889600394311476,0,0,-0.023988216505941594,-0.0013295200729423612,-0.00031907772040440347,0.00014820923048554198,5.7707753951018833e-05,-0.11926508931061751,-0.012359407532040996,-0.015185018614703411,-0.0020957597408457242,-0.00025135120930698784,0,-0.0002976944337277366
1.3900000000000001,approach_stop,40,40,0.20000000000000001,0.02,0.035813846250000038,0.2532465000000001,1.0705500000000001,0,3.2000000000000002,0,0.0032049767428536384,0.037631404518082522,0,3.2001159288666496,0,0.0015368959602579603,free_flight_controlled,sep_nmpc_adapted,formal_acados,0.22496485657382101,0,0.39049751325927023,-0.0032401201690326342,0.0010569939150118241,0.0034286909662748898,0.32499627696385613,1.4142135643414305e-10,-0.051279232126906722,1.1225702003618341,1.1225702003618341,false,false,5.9145120000000002,0,0,false,0,0.024820822677634042,0,130.13592715573643,130.13592715573643,0,0.39084958165902206,0,0,0.39084958165902206,0,0,-0.024584324997486327,-0.0013910525964049524,-0.00039649389684940338,0.00013600567504405315,5.6446666923400181e-05,-0.11917252118610877,-0.012267097537168384,-0.015741190380925116,-0.0028146924641318117,-0.00025285558140735343,0,-0.00032644149341829029
1.395,approach_stop,40,40,0.20000000000000001,0.02,0.037093481015624999,0.25861143750000004,1.0753875000000002,0,3.2000000000000002,0,0.0033972878303065216,0.039300522538882353,0,3.2001237919286512,0,0.0016081596438215445,free_flight_controlled,sep_nmpc_adapted,formal_acados,0.22495887337230225,0,0.39051932715669258,-0.0034384144580042741,0.0010462258072397566,0.0034286909662748898,0.32499627696385613,1.4142135643414305e-10,-0.051279232126906722,1.1225702003618341,1.1225702003618341,false,false,5.9145120000000002,0,0,false,0,0.025531910305654371,0,130.14045136715853,130.14045136715853,0,0.37354444513797569,0,0,0.37354444513797569,0,0,-0.025179515865967016,-0.0014524899466188863,-0.0004760594084000542,0.00011977640734035288,5.5179810620955839e-05,-0.11889917361311866,-0.012318365674275763,-0.016048676108875282,-0.0037031506683503981,-0.00025401641136287738,0,-0.00035731940767446204
1.4000000000000001,approach_stop,40,40,0.20000000000000001,0.02,0.038400000000000038,0.26400000000000012,1.0800000000000001,0,3.2000000000000002,0,0.0035980568571183044,0.041014605846244355,0,3.2001320133762667,0,0.0016802469468669308,free_flight_controlled,sep_nmpc_adapted,formal_acados,0.22495249681883839,0,0.39054171453103897,-0.0036455600382799269,0.0010324155326715719,-0.00037883804684422668,0.35496687539346916,1.4142135638714061e-10,-0.066687901908847977,1.2119520091471858,1.2119520091471858,false,false,5.7904669999999996,0,0,false,0,0.026247314081530158,0,130.17596011076017,130.17596011076017,0,0.49539219567702097,0,0,0.49539219567702097,0,0,-0.025772919079501556,-0.0015144930092993087,-0.00055659806035766543,9.8720512001823266e-05,5.3904095446047256e-05,-0.11845887884642739,-0.012489449688486299,-0.016135601225298803,-0.0047418907837532519,-0.00025665133904518678,0,-0.00039044025921189515
1.405,approach_stop,40,40,0.20000000000000001,0.02,0.039733518515625003,0.26941106250000008,1.0843875000000001,0,3.2000000000000002,0,0.003807512741823013,0.042775329083855958,0,3.2001406235660155,0,0.0017636391699022151,free_flight_controlled,sep_nmpc_adapted,formal_acados,0.22494571569257493,0,0.39056471104575946,-0.003861797049248078,0.0010155840333036701,-0.00037883804684422668,0.35496687539346916,1.4142135638714061e-10,-0.066687901908847977,1.2119520091471858,1.2119520091471858,false,false,5.7904669999999996,0,0,false,0,0.026968259896887909,0,130.1807160469389,130.1807160469389,0,0.47454390733966112,0,0,0.47454390733966112,0,0,-0.026366577422404471,-0.0015762770150594704,-0.00063740089640907868,7.2197648268162865e-05,5.2607619736575446e-05,-0.11899859711567068,-0.012236424063117226,-0.016151596216517832,-0.0058889804904327242,-0.00026237255303404215,0,-0.00042602838277723548
1.4099999999999999,approach_stop,40,40,0.20000000000000001,0.02,0.041094146249999984,0.27484349999999996,1.0885499999999999,0,3.2000000000000002,0,0.0040258860396475806,0.044581627911715015,0,3.2001496527811844,0,0.0018478531099796883,free_flight_controlled,sep_nmpc_adapted,formal_acados,0.22493851845526069,0,0.39058834895017314,-0.0040873675843868806,0.00099574707402255605,-0.00037883804684422668,0.35496687539346916,1.4142135638714061e-10,-0.066687901908847977,1.2119520091471858,1.2119520091471858,false,false,5.7904669999999996,0,0,false,0,0.027695926470735387,0,130.1854278897903,130.1854278897903,0,0.4545109417034916,0,0,0.4545109417034916,0,0,-0.026962419368489109,-0.0016371688288160135,-0.00071775001422374584,3.9623190562068705e-05,5.127533309462839e-05,-0.11933321622789454,-0.012129112189190857,-0.015959984126635216,-0.0071583082777486968,-0.00027115938044485057,0,-0.00046421480163237925
1.415,approach_stop,40,40,0.20000000000000001,0.02,0.042481987265625014,0.28029618750000007,1.0924875000000001,0,3.2000000000000002,0,0.0042534054548700444,0.04643382460217179,0,3.2001591050216907,0,0.0019328452986305351,free_flight_controlled,sep_nmpc_adapted,formal_acados,0.22493089330989843,0,0.3906126189607817,-0.0043225121449716186,0.00097275037084801298,-0.00037883804684422668,0.35496687539346916,1.4142135638714061e-10,-0.066687901908847977,1.2119520091471858,1.2119520091471858,false,false,5.7904669999999996,0,0,false,0,0.028429664358779083,0,130.19008751834508,130.19008751834508,0,0.43527366519650013,0,0,0.43527366519650013,0,0,-0.027559451003495349,-0.0016978332401670505,-0.00079670192479146273,4.515268610316322e-07,4.9889444577614302e-05,-0.11947560447598311,-0.012141300449131226,-0.015599389758211612,-0.0085233071592456244,-0.00028393930294024633,0,-0.00050513805608860666
1.4199999999999999,approach_stop,40,40,0.20000000000000001,0.02,0.04389713999999998,0.28576799999999991,1.0961999999999998,0,3.2000000000000002,0,0.0044903011822793092,0.048332193719305333,0,3.2001689840606615,0,0.0020185683714204926,free_flight_controlled,sep_nmpc_adapted,formal_acados,0.22492282810494302,0,0.39063750607427167,-0.0045674730773362926,0.00094644088984822841,-0.00037883804684422668,0.35496687539346916,1.4142135638714061e-10,-0.066687901908847977,1.2119520091471858,1.2119520091471858,false,false,5.7904669999999996,0,0,false,0,0.029168845216503949,0,130.19468749514584,130.19468749514584,0,0.41681257913362102,0,0,0.41681257913362102,0,0,-0.028156745359486639,-0.0017587953077313316,-0.00087351630222364755,-4.5726011628741931e-05,4.8428324594181182e-05,-0.11943956781018861,-0.012243642689350459,-0.015112054415785919,-0.0099559502714147447,-0.00030133255903790881,0,-0.00054894065875953481
1.425,approach_stop,40,40,0.20000000000000001,0.02,0.045339697265625013,0.29125781250000005,1.0996875000000002,0,3.2000000000000002,0,0.0047368046771957889,0.05027696545395368,0,3.2001792934253328,0,0.0021049713474090188,free_flight_controlled,sep_nmpc_adapted,formal_acados,0.22491431036299397,0,0.39066298934190768,-0.004822494314201814,0.00091666691513574822,-0.00037883804684422668,0.35496687539346916,1.4142135638714061e-10,-0.066687901908847977,1.2119520091471858,1.2119520091471858,false,false,5.7904669999999996,0,0,false,0,0.029912861454230527,0,130.19922104473886,130.19922104473886,0,0.39910836039435882,0,0,0.39910836039435882,0,0,-0.028753445567166924,-0.0018204296068185031,-0.000947668161813125,-9.917658319640698e-05,4.6867878896621067e-05,-0.11923924153319103,-0.012405605769133318,-0.014541494350550374,-0.011427837681522396,-0.00032371314307593109,0,-0.00059576912505244822
1.4299999999999999,approach_stop,40,40,0.20000000000000001,0.02,0.046809746249999978,0.29676449999999993,1.1029500000000001,0,3.2000000000000002,0,0.0049931484415540314,0.052268328763841979,0,3.2001900363798241,0,0.0021919999824906197,free_flight_controlled,sep_nmpc_adapted,formal_acados,0.22490532732350701,0,0.39068904180371888,-0.005087821118047009,0.0008832781141209071,-0.00037883804684422668,0.35496687539346916,1.4142135638714061e-10,-0.066687901908847977,1.2119520091471858,1.2119520091471858,false,false,5.7904669999999996,0,0,false,0,0.03066112587054208,0,130.2036820278625,130.2036820278625,0,0.38214189691901002,0,0,0.38214189691901002,0,0,-0.02934876508214326,-0.0018829588518486692,-0.0010188487238576498,-0.00016002656143643244,4.5182666268570367e-05,-0.11888853266694874,-0.012597259775152261,-0.013930333850133208,-0.01291121726565825,-0.0003512520776826384,0,-0.00064577394112941538
1.4350000000000001,approach_stop,40,40,0.20000000000000001,0.02,0.048307368515625018,0.30228693750000007,1.1059874999999999,0,3.2000000000000002,0,0.0052595658250386727,0.054306434244080971,0,3.2002012159097948,0,0.0022795971640364168,free_flight_controlled,sep_nmpc_adapted,formal_acados,0.22489586599827985,0,0.39071563056452907,-0.0053636998267588276,0.00084612560018368528,-0.00037883804684422668,0.35496687539346916,1.4142135638714061e-10,-0.066687901908847977,1.2119520091471858,1.2119520091471858,false,false,5.7904669999999996,0,0,false,0,0.031413071266618457,0,130.20806491294883,130.20806491294883,0,0.36589431703470399,0,0,0.36589431703470399,0,0,-0.029941985300474531,-0.0019464609211185522,-0.0010869560742503578,-0.00022826709452969954,4.3346826331762932e-05,-0.1184006367350111,-0.012790837904880873,-0.013318403939560111,-0.014379890263777246,-0.00038395110541294806,0,-0.00069910946436207305
1.4399999999999999,approach_stop,40,40,0.20000000000000001,0.02,0.049832639999999977,0.30782399999999999,1.1088,0,3.2000000000000002,0,0.0055362908397833454,0.056391396674789665,0,3.2002128347091063,0,0.0023677033126993288,free_flight_controlled,sep_nmpc_adapted,formal_acados,0.22488591323819149,0,0.39074271699205099,-0.0056503776015918716,0.00080506199321775916,-0.00037883804684422668,0.35496687539346916,1.4142135638714061e-10,-0.066687901908847977,1.2119520091471858,1.2119520091471858,false,false,5.7904669999999996,0,0,false,0,0.032168150046340931,0,130.2123647466434,130.2123647466434,0,0.35034701201969143,0,0,0.35034701201969143,0,0,-0.03053245098151116,-0.0020108829867749589,-0.0011520771253096887,-0.0003037638289381336,4.1334852718404575e-05,-0.11778764623340436,-0.012962011250115514,-0.012741172702425762,-0.015809966866175581,-0.00042167140266121105,0,-0.00075593375607115607
1.4450000000000001,approach_stop,40,40,0.20000000000000001,0.02,0.051385631015625016,0.31337456250000012,1.1113875,0,3.2000000000000002,0,0.0058235579854659866,0.058523295740002194,0,3.2002248951688124,0,0.0024562571658901483,free_flight_controlled,sep_nmpc_adapted,formal_acados,0.22487545582135265,0,0.39077025926865416,-0.0059481021641133447,0.00075994148565349743,-0.00037883804684422668,0.35496687539346916,1.4142135638714061e-10,-0.066687901908847977,1.2119520091471858,1.2119520091471858,false,false,5.7904669999999996,0,0,false,0,0.032925833810774137,0,130.2165771061471,130.2165771061471,0,0.33548162723443631,0,0,0.33548162723443631,0,0,-0.03111956485306961,-0.0020760557837741084,-0.0012144852513432626,-0.00038622646242252821,3.9086952195649177e-05,-0.1170611837889743,-0.013085123882405396,-0.012252556876148396,-0.017134014791230303,-0.00050186576888929793,0,-0.00081640897599257801
1.45,approach_stop,40,40,0.20000000000000001,0.02,0.052966406249999987,0.31893749999999998,1.11375,0,3.2000000000000002,0,0.0061216020688311746,0.060702177150191605,0,3.2002373993759829,0,0.0025451985458551751,free_flight_controlled,sep_nmpc_adapted,formal_acados,0.22486448076609075,0,0.39079824926949946,-0.0062571213027404204,0.00071062002645080142,-0.0064359101244154081,0.37914856235453842,1.4142135635860616e-10,-0.081697382508907068,1.2839116865257774,1.2839116865257774,false,false,5.7955779999999999,0,0,false,0,0.033685612985070279,0,130.2527857273607,130.2527857273607,0,0.4325365737637652,0,0,0.4325365737637652,0,0,-0.03170279193277363,-0.0021416386082740999,-0.0012749668640001845,-0.00047451475825208053,3.5926403589186134e-05,-0.11623324997014936,-0.013124087390509666,-0.011980878044549855,-0.018119606660409664,-0.00080281288982604604,0,-0.00088071402002820186
1.4550000000000001,approach_stop,40,40,0.20000000000000001,0.02,0.054575024765625021,0.32451168750000009,1.1158874999999999,0,3.2000000000000002,0,0.0064306615937660457,0.062929509984553877,0,3.2002503764924195,0,0.0026454058392204279,free_flight_controlled,sep_nmpc_adapted,formal_acados,0.22485297546366034,0,0.39082674656452232,-0.0065776861301057032,0.00065708770121324762,-0.0064359101244154081,0.37914856235453842,1.4142135635860616e-10,-0.081697382508907068,1.2839116865257774,1.2839116865257774,false,false,5.7955779999999999,0,0,false,0,0.03444842881571912,0,130.25704634703484,130.25704634703484,0,0.41499193769120946,0,0,0.41499193769120946,0,0,-0.032283919972704384,-0.0022061495752507712,-0.0013349054083780097,-0.00056676966433905323,3.0653756883470998e-05,-0.1162176783925056,-0.012666959800488905,-0.01202443928053795,-0.018726867620621625,-0.0013438094353018825,0,-0.00094911538846980347
1.46,approach_stop,40,40,0.20000000000000001,0.02,0.05621153999999999,0.330096,1.1177999999999999,0,3.2000000000000002,0,0.0067509759724651494,0.06520415040282472,0,3.2002638554660692,0,0.0027459369357320444,free_flight_controlled,sep_nmpc_adapted,formal_acados,0.22484092783259654,0,0.39085580657590763,-0.0069100481398686187,0.00059933111056572664,-0.0064359101244154081,0.37914856235453842,1.4142135635860616e-10,-0.081697382508907068,1.2839116865257774,1.2839116865257774,false,false,5.7955779999999999,0,0,false,0,0.03521518692769901,0,130.26123886017464,130.26123886017464,0,0.39818068080764712,0,0,0.39818068080764712,0,0,-0.03286459641005339,-0.0022683687286754154,-0.001395437227743303,-0.0006612627813216837,2.2129128614726804e-05,-0.11605133969919326,-0.01221154388903288,-0.012212589942759441,-0.01901967483548142,-0.0021005994797550233,0,-0.0010218062381937903
1.4650000000000001,approach_stop,40,40,0.20000000000000001,0.02,0.057875999765625026,0.33568931250000011,1.1194875,0,3.2000000000000002,0,0.0070827821959156805,0.06752627244282354,0,3.200277837773597,0,0.0028467348970927344,free_flight_controlled,sep_nmpc_adapted,formal_acados,0.22482832651965237,0,0.3908854396856612,-0.0072544556762633161,0.00053720118593028577,-0.0064359101244154081,0.37914856235453842,1.4142135635860616e-10,-0.081697382508907068,1.2839116865257774,1.2839116865257774,false,false,5.7955779999999999,0,0,false,0,0.035985326239342121,0,130.26535774090442,130.26535774090442,0,0.38208463153065408,0,0,0.38208463153065408,0,0,-0.033444064029586287,-0.0023283602915151799,-0.00145719912993996,-0.00075649994859340825,9.3227237000219302e-06,-0.11573299742915689,-0.011780078009470658,-0.012510155114764292,-0.01903055317888639,-0.0030527180293908789,0,-0.0010989775484508298
1.47,approach_stop,40,40,0.20000000000000001,0.02,0.05956844624999999,0.34129049999999994,1.1209500000000001,0,3.2000000000000002,0,0.007426318017538569,0.069896007123227008,0,3.2002923246003423,0,0.0029477400185719898,free_flight_controlled,sep_nmpc_adapted,formal_acados,0.22481516090397433,0,0.39091564874858969,-0.0076111571135642486,0.00047055062762309073,-0.0064359101244154081,0.37914856235453842,1.4142135635860616e-10,-0.081697382508907068,1.2839116865257774,1.2839116865257774,false,false,5.7955779999999999,0,0,false,0,0.036758304759942184,0,130.26939805983795,130.26939805983795,0,0.36668571424057883,0,0,0.36668571424057883,0,0,-0.034021561193096163,-0.002386297948809592,-0.0015206436691866888,-0.00085116662570651383,-8.6820435015483914e-06,-0.11526219688245726,-0.011393816906564989,-0.012879091678735608,-0.018798381282297775,-0.0041755574183320243,0,-0.0011808233498131282
1.4750000000000001,approach_stop,40,40,0.20000000000000001,0.02,0.061288916015625028,0.3468984375000001,1.1221875000000001,0,3.2000000000000002,0,0.0077818217389202657,0.07231344277380497,0,3.2003073168265721,0,0.0030488899695124711,free_flight_controlled,sep_nmpc_adapted,formal_acados,0.22480142120011881,0,0.39094642832559412,-0.0079804005388014465,0.00039923400136757206,-0.0064359101244154081,0.37914856235453842,1.4142135635860616e-10,-0.081697382508907068,1.2839116865257774,1.2839116865257774,false,false,5.7955779999999999,0,0,false,0,0.037533599312985604,0,130.27335546754409,130.27335546754409,0,0.35196594195204778,0,0,0.35196594195204778,0,0,-0.034596326845083861,-0.0024424557701106073,-0.0015860318183459621,-0.00094415311789422757,-3.2670970600648001e-05,-0.11463968803905712,-0.011071414055725246,-0.013281241722047886,-0.01836580296478444,-0.0054416131841750291,0,-0.0012675408357079255
1.48,approach_stop,40,40,0.20000000000000001,0.02,0.06303744,0.35251199999999994,1.1232,0,3.2000000000000002,0,0.0081495319979262484,0.074778625720679698,0,3.2003228150149181,0,0.0031501200384947145,free_flight_controlled,sep_nmpc_adapted,formal_acados,0.22478709854716589,0,0.39097776415796237,-0.0083624334507603759,0.00032310782927894092,-0.0064359101244154081,0.37914856235453842,1.4142135635860616e-10,-0.081697382508907068,1.2839116865257774,1.2839116865257774,false,false,5.7955779999999999,0,0,false,0,0.038310705266643964,0,130.27722617288072,130.27722617288072,0,0.33790741599993401,0,0,0.33790741599993401,0,0,-0.035167607379490734,-0.002497191795561259,-0.0016534385314526893,-0.0010345673775239534,-6.3287558089144579e-05,-0.1138677441627504,-0.010827615780356535,-0.013680716886131025,-0.017776862748536067,-0.006821658503191037,0,-0.0013593304918492304
1.4850000000000001,approach_stop,40,40,0.20000000000000001,0.02,0.064814043515625031,0.35813006250000012,1.1239874999999999,0,3.2000000000000002,0,0.008529687561188215,0.077291561352645463,0,3.2003388193992475,0,0.0032513634529542325,free_flight_controlled,sep_nmpc_adapted,formal_acados,0.22477218508478472,0,0.39100963286755741,-0.0087575024764035003,0.00024203067428342815,-0.0064359101244154081,0.37914856235453842,1.4142135635860616e-10,-0.081697382508907068,1.2839116865257774,1.2839116865257774,false,false,5.7955779999999999,0,0,false,0,0.039089136264966268,0,130.28100691754932,130.28100691754932,0,0.32449233281213874,0,0,0.32449233281213874,0,0,-0.035734664809818309,-0.0025509259856835525,-0.0017227691091254158,-0.0011217367252505123,-0.00010102711034986352,-0.11295036309584644,-0.010672318876698969,-0.014045823441775844,-0.017074949742948407,-0.0082858083348345928,0,-0.0014563962275805586
1.49,approach_stop,40,40,0.20000000000000001,0.02,0.066618746249999999,0.36375150000000001,1.1245499999999999,0,3.2000000000000002,0,0.0089225271228795516,0.079852215568013266,0,3.2003553298752423,0,0.0033525517388476541,free_flight_controlled,sep_nmpc_adapted,formal_acados,0.22475667401756522,0,0.39104200186316102,-0.0091658531053143422,0.00015586321729752097,-0.0064359101244154081,0.37914856235453842,1.4142135635860616e-10,-0.081697382508907068,1.2839116865257774,1.2839116865257774,false,false,5.7955779999999999,0,0,false,0,0.039868423954849568,0,130.284694948435,130.284694948435,0,0.31170299735763463,0,0,0.31170299735763463,0,0,-0.036296785641345593,-0.0026041144232133895,-0.0017937839269298015,-0.0012052001806472825,-0.00014623582342391758,-0.11189334671684741,-0.010610015527932063,-0.014350477058279399,-0.016301104153316114,-0.009804446501786742,0,-0.0015589454899866315
1.4950000000000001,approach_stop,40,40,0.20000000000000001,0.02,0.068451562265625043,0.36937518750000009,1.1248875,0,3.2000000000000002,0,0.0093282891116295875,0.082460516577387455,0,3.2003723459928106,0,0.0034536150890793226,free_flight_controlled,sep_nmpc_adapted,formal_acados,0.22474055966924253,0,0.39107482942978555,-0.0095877294423870607,6.4468326679515802e-05,-0.0064359101244154081,0.37914856235453842,1.4142135635860616e-10,-0.081697382508907068,1.2839116865257774,1.2839116865257774,false,false,5.7955779999999999,0,0,false,0,0.040648117704343241,0,130.28828798916601,130.28828798916601,0,0.29952184246708091,0,0,0.29952184246708091,0,0,-0.036853289841393314,-0.0026572217081630187,-0.0018661289249471582,-0.0012846932913660248,-0.00019911413136767294,-0.11070426184062079,-0.010639623305679354,-0.014575093005457269,-0.015492712264739672,-0.011349000395634894,0,-0.0016671898887986314
1.5,approach_stop,40,40,0.20000000000000001,0.02,0.0703125,0.375,1.125,0,3.2000000000000002,0,0.0097472115072511425,0.085116357017143596,0,3.2003898669503079,0,0.0035544827166190019,free_flight_controlled,sep_nmpc_adapted,formal_acados,0.22472383752860964,0,0.39110806497594375,-0.010023373978641503,-3.2288880332070099e-05,-0.014858178135657429,0.39616147680632491,1.4142135634105907e-10,-0.094895348639597407,1.3378982640873323,1.3378982640873323,false,false,5.7109430000000003,0,0,false,0,0.041427784308565578,0,130.32138758887044,130.32138758887044,0,0.3713070447330491,0,0,0.3713070447330491,0,0,-0.037403539337581379,-0.0027106934167745278,-0.0019393692698712319,-0.0013601274148767419,-0.00025972353198555419,-0.10939229274672321,-0.010754674483324329,-0.014706970792894675,-0.014682590925149844,-0.012892557656110731,0,-0.0017814074591637004
1.5050000000000001,approach_stop,40,40,0.20000000000000001,0.02,0.072201562265625047,0.38062481250000008,1.1248875,0,3.2000000000000002,0,0.010179534803931195,0.087820877939611894,0,3.2004079169608262,0,0.0036652231572033176,free_flight_controlled,sep_nmpc_adapted,formal_acados,0.22470650419515203,0,0.39114168454642873,-0.01047303060877916,-0.00013444211140278348,-0.014858178135657429,0.39616147680632491,1.4142135634105907e-10,-0.094895348639597407,1.3378982640873323,1.3378982640873323,false,false,5.7109430000000003,0,0,false,0,0.042208080849146311,0,130.32488438534091,130.32488438534091,0,0.35730376071069525,0,0,0.35730376071069525,0,0,-0.037948655734882077,-0.0027641371850951179,-0.0020132155610076957,-0.0014315205968432627,-0.00032800577459874092,-0.10864950956979771,-0.010632861989530321,-0.014811240569696339,-0.013883016448463119,-0.014413549316336805,0,-0.0019018809938493287
1.51,approach_stop,40,40,0.20000000000000001,0.02,0.074118746250000006,0.38624849999999999,1.1245500000000002,0,3.2000000000000002,0,0.010625499355077792,0.090572853924716284,0,3.2004265198972783,0,0.0037756476062111217,free_flight_controlled,sep_nmpc_adapted,formal_acados,0.22468855753411887,0,0.39117565614773747,-0.010936941820958918,-0.000242026714635979,-0.014858178135657429,0.39616147680632491,1.4142135634105907e-10,-0.094895348639597407,1.3378982640873323,1.3378982640873323,false,false,5.7109430000000003,0,0,false,0,0.042989641154627958,0,130.32830292824963,130.32830292824963,0,0.34393516651009559,0,0,0.34393516651009559,0,0,-0.038489700647543701,-0.0028172530806050873,-0.0020872414193466725,-0.0014990669991685798,-0.00040377184601452111,-0.10776446969137049,-0.010621829977205564,-0.014778985221563049,-0.013146993146253875,-0.015882698420859348,0,-0.002028849393340942
1.5150000000000001,approach_stop,40,40,0.20000000000000001,0.02,0.076064043515625068,0.39186993750000015,1.1239874999999999,0,3.2000000000000002,0,0.011085342341547762,0.093372241181869681,0,3.200445674011025,0,0.003885688710231143,free_flight_controlled,sep_nmpc_adapted,formal_acados,0.22466999678121993,0,0.39120990520227739,-0.011415345560327833,-0.00035517848854408105,-0.014858178135657429,0.39616147680632491,1.4142135634105907e-10,-0.094895348639597407,1.3378982640873323,1.3378982640873323,false,false,5.7109430000000003,0,0,false,0,0.04377200361489867,0,130.3316405003462,130.3316405003462,0,0.33118368560872669,0,0,0.33118368560872669,0,0,-0.039025988886035,-0.002870558665971374,-0.0021607754804074627,-0.0015631250380933573,-0.00048671434876040463,-0.10674787675729501,-0.010706156131575247,-0.014616020189854775,-0.012489681100140742,-0.01728124754946974,0,-0.0021625609433933565
1.52,approach_stop,40,40,0.20000000000000001,0.02,0.07803744,0.39748800000000001,1.1232000000000002,0,3.2000000000000002,0,0.011559300637518732,0.096218961357921087,0,3.2004653772150355,0,0.0039952784000015906,free_flight_controlled,sep_nmpc_adapted,formal_acados,0.22465082245888796,0,0.39124435048784234,-0.011908478178630777,-0.00047403097842126899,-0.014858178135657429,0.39616147680632491,1.4142135634105907e-10,-0.094895348639597407,1.3378982640873323,1.3378982640873323,false,false,5.7109430000000003,0,0,false,0,0.044554724162368622,0,130.33489483161907,130.33489483161907,0,0.3190319237675423,0,0,0.3190319237675423,0,0,-0.039556892016756891,-0.0029244823998141804,-0.0022331938469367638,-0.001624112962186696,-0.00057643976367538073,-0.10561165030066895,-0.010865851909488022,-0.014335263357626431,-0.011919976420142898,-0.018593486485544482,0,-0.0023032674445333749
1.5250000000000001,approach_stop,40,40,0.20000000000000001,0.02,0.080038916015625072,0.40310156250000018,1.1221874999999999,0,3.2000000000000002,0,0.012047610645076996,0.099112904453692946,0,3.2004856270805333,0,0.0041043480412128897,free_flight_controlled,sep_nmpc_adapted,formal_acados,0.22463103640330692,0,0.39127890482951666,-0.01241657424177009,-0.00059871543187367472,-0.014858178135657429,0.39616147680632491,1.4142135634105907e-10,-0.094895348639597407,1.3378982640873323,1.3378982640873323,false,false,5.7109430000000003,0,0,false,0,0.045337375935903521,0,130.33806407990019,130.33806407990019,0,0.30746270410306686,0,0,0.30746270410306686,0,0,-0.040081843234843519,-0.0029793443571303172,-0.0023039516330536011,-0.0016824795400626716,-0.00067248332587200362,-0.10436843957691412,-0.011077798416906275,-0.013955118953368855,-0.01144134312723822,-0.019806594116912834,0,-0.0024512238762622453
1.53,approach_stop,40,40,0.20000000000000001,0.02,0.082068446250000024,0.40870950000000006,1.1209499999999999,0,3.2000000000000002,0,0.012550508143211018,0.10205393169890507,0,3.2005064208345062,0,0.0042128285687804291,free_flight_controlled,sep_nmpc_adapted,formal_acados,0.22461064179404722,0,0.39131347579964126,-0.012939866349163803,-0.00072936076052976685,-0.014858178135657429,0.39616147680632491,1.4142135634105907e-10,-0.094895348639597407,1.3378982640873323,1.3378982640873323,false,false,5.7109430000000003,0,0,false,0,0.046119548925194508,0,130.34114681190755,130.34114681190755,0,0.29645909988162744,0,0,0.29645909988162744,0,0,-0.040600339778404396,-0.0030353442801039905,-0.0023726060974785636,-0.0017386792677889812,-0.00077432292571664866,-0.10303113105683875,-0.011317227473128884,-0.013497749444873431,-0.011052774886135415,-0.020910411786253458,0,-0.002606688066995298
1.5350000000000001,approach_stop,40,40,0.20000000000000001,0.02,0.084125999765625056,0.41431068750000016,1.1194875,0,3.2000000000000002,0,0.013068228150891873,0.10504187829858093,0,3.2005277553578693,0,0.0043206506115652235,free_flight_controlled,sep_nmpc_adapted,formal_acados,0.2245896431869468,0,0.3913479664137326,-0.013478584963945078,-0.00086609350744012558,-0.014858178135657429,0.39616147680632491,1.4142135634105907e-10,-0.094895348639597407,1.3378982640873323,1.3378982640873323,false,false,5.7109430000000003,0,0,false,0,0.046900849596806474,0,130.34414198447521,130.34414198447521,0,0.28600446366808852,0,0,0.28600446366808852,0,0,-0.041111942921101735,-0.0030925569651411092,-0.0024388310979921806,-0.0017931525383417192,-0.00088139176814803284,-0.10161237645593357,-0.011559161565008009,-0.012987350077109397,-0.010749805358493309,-0.02189717795659224,0,-0.0027699202596820701
1.54,approach_stop,40,40,0.20000000000000001,0.02,0.086211540000000017,0.41990400000000005,1.1177999999999999,0,3.2000000000000002,0,0.013601004803408489,0.10807655597761019,0,3.2005496271842233,0,0.004427744608477475,free_flight_controlled,sep_nmpc_adapted,formal_acados,0.22456804655051987,0,0.39138227581457918,-0.014032958252888611,-0.0010090378194314823,-0.014858178135657429,0.39616147680632491,1.4142135634105907e-10,-0.094895348639597407,1.3378982640873323,1.3378982640873323,false,false,5.7109430000000003,0,0,false,0,0.047680900505111166,0,130.34704892601195,130.34704892601195,0,0.2760824517515863,0,0,0.2760824517515863,0,0,-0.04161627570499888,-0.0031509345894885033,-0.0025024231352571099,-0.0018463108351109206,-0.00099308966345736582,-0.10012416427643582,-0.011779738529894864,-0.012448525067203722,-0.010525496800588931,-0.022761250047181304,0,-0.0029411827538967884
1.5449999999999999,approach_stop,40,40,0.20000000000000001,0.02,0.088325024765624968,0.42548831249999991,1.1158874999999999,0,3.2000000000000002,0,0.014149071240798148,0.11115775526613941,0,3.2005720324991676,0,0.0045340409129909975,free_flight_controlled,sep_nmpc_adapted,formal_acados,0.22454585930587312,0,0.39141629993993887,-0.014603211934925031,-0.0011583154236152798,-0.014858178135657429,0.39616147680632491,1.4142135634105907e-10,-0.094895348639597407,1.3378982640873323,1.3378982640873323,false,false,5.7109430000000003,0,0,false,0,0.048459339891927689,0,130.34986731840993,130.34986731840993,0,0.26667704310374019,0,0,0.26667704310374019,0,0,-0.042113018679016977,-0.0032103152460383833,-0.0025632997021623216,-0.0018985266926006405,-0.0011087929397600687,-0.098577453138436452,-0.011957361593314331,-0.011904845070133107,-0.010371350209326603,-0.023498834286856202,0,-0.0031207586436704828
1.55,approach_stop,40,40,0.20000000000000001,0.02,0.09046640625000002,0.43106250000000002,1.11375,0,3.2000000000000002,0,0.014712659506969048,0.1142852474857764,0,3.2005949671401028,0,0.004639469881789462,free_flight_controlled,sep_nmpc_adapted,formal_acados,0.22452309036985763,0,0.39144993217192309,-0.015189569137111419,-0.0013140456072244856,-0.025635134537848308,0.40473446418106784,1.4142135633074713e-10,-0.10486490643050572,1.3731823515031953,1.3731823515031953,false,false,5.7562519999999999,0,0,false,0,0.049235821279062689,0,130.37558895887787,130.37558895887787,0,0.31223902442181672,0,0,0.31223902442181672,0,0,-0.042601903986884591,-0.0032704366989503579,-0.0026214909971329077,-0.0019501279246912635,-0.0012278630575307465,-0.09698188001201051,-0.012073631823995696,-0.011377643259628907,-0.01027809645851723,-0.024107738808323932,0,-0.0033089536308804957
1.5549999999999999,approach_stop,40,40,0.20000000000000001,0.02,0.09263563101562497,0.43662543749999994,1.1113875000000002,0,3.2000000000000002,0,0.015292002895807991,0.11745977969423965,0,3.2006184463819687,0,0.0047518712650425439,free_flight_controlled,sep_nmpc_adapted,formal_acados,0.22449975013526025,0,0.39148309088791766,-0.015792252760547743,-0.0014762808084605235,-0.025635134537848308,0.40473446418106784,1.4142135633074713e-10,-0.10486490643050572,1.3731823515031953,1.3731823515031953,false,false,5.7562519999999999,0,0,false,0,0.05001071388046182,0,130.37823293201134,130.37823293201134,0,0.30187097967032317,0,0,0.30187097967032317,0,0,-0.043083825193889105,-0.0033304359548936035,-0.0026772514086981572,-0.0020013662676296043,-0.0013496602061221202,-0.095790671278178141,-0.011910845884917955,-0.010931415186564564,-0.010226289576347013,-0.024589187364310316,0,-0.0035060546127005884
1.5600000000000001,approach_stop,40,40,0.20000000000000001,0.02,0.094832640000000037,0.44217600000000007,1.1087999999999998,0,3.2000000000000002,0,0.015887333847183192,0.12068024449098155,0,3.2006424851214326,0,0.0048632633001446067,free_flight_controlled,sep_nmpc_adapted,formal_acados,0.22447585060464631,0,0.39151569301393119,-0.016411483242536884,-0.0016450735942349487,-0.025635134537848308,0.40473446418106784,1.4142135633074713e-10,-0.10486490643050572,1.3731823515031953,1.3731823515031953,false,false,5.7562519999999999,0,0,false,0,0.050784375237493212,0,130.38080198388587,130.38080198388587,0,0.29202448867320818,0,0,0.29202448867320818,0,0,-0.043559636847266624,-0.0033894924333706623,-0.0027308362042404422,-0.0020524804746949702,-0.0014735351991124153,-0.094538034694129108,-0.011696034808268569,-0.01050919018324818,-0.010226875458545255,-0.024939115933970423,0,-0.0037123399953272579
1.5649999999999999,approach_stop,40,40,0.20000000000000001,0.02,0.097057368515624978,0.44771306249999993,1.1059875000000001,0,3.2000000000000002,0,0.016498881592459602,0.12394646576747587,0,3.2006670781426534,0,0.0049735783523969408,free_flight_controlled,sep_nmpc_adapted,formal_acados,0.22445140549163825,0,0.39154762773155283,-0.017047476100821357,-0.0018205410190935095,-0.025635134537848308,0.40473446418106784,1.4142135633074713e-10,-0.10486490643050572,1.3731823515031953,1.3731823515031953,false,false,5.7562519999999999,0,0,false,0,0.05155645085917962,0,130.3832958274256,130.3832958274256,0,0.28268438103248594,0,0,0.28268438103248594,0,0,-0.044029041452021175,-0.0034473358439493394,-0.0027823917241206393,-0.0021037084550251019,-0.0015988351937292816,-0.093227670944421748,-0.011425589900492814,-0.01012109954861368,-0.010270203767927604,-0.025159641079580436,0,-0.003928094039154029
1.5700000000000001,approach_stop,40,40,0.20000000000000001,0.02,0.099309746250000039,0.45323550000000012,1.1029499999999999,0,3.2000000000000002,0,0.017126874430888884,0.12725824694227242,0,3.2006922198910122,0,0.0050827484995802693,free_flight_controlled,sep_nmpc_adapted,formal_acados,0.22442643019222311,0,0.39157878418986103,-0.017700444238665791,-0.0020027977399750558,-0.025635134537848308,0.40473446418106784,1.4142135633074713e-10,-0.10486490643050572,1.3731823515031953,1.3731823515031953,false,false,5.7562519999999999,0,0,false,0,0.052326600866606759,0,130.38571451385883,130.38571451385883,0,0.27383576206029825,0,0,0.27383576206029825,0,0,-0.044491757360744698,-0.0035036848949206957,-0.0028321087327544468,-0.0021552397463192579,-0.0017249209761520028,-0.091862222674080146,-0.01109872117213241,-0.0097747450387874902,-0.010346632512679746,-0.025254067031938297,0,-0.0041536022587442146
1.575,approach_stop,40,40,0.20000000000000001,0.02,0.10158969726562497,0.45874218750000001,1.0996874999999999,0,3.2000000000000002,0,0.017771539629063509,0.13061537162838857,0,3.2007179044717899,0,0.0051907056158774657,free_flight_controlled,sep_nmpc_adapted,formal_acados,0.2244009418352417,0,0.39160905207538177,-0.018370597793821802,-0.0021919559874546226,-0.025635134537848308,0.40473446418106784,1.4142135633074713e-10,-0.10486490643050572,1.3731823515031953,1.3731823515031953,false,false,5.7562519999999999,0,0,false,0,0.053094499637299647,0,130.38805841675841,130.38805841675841,0,0.26546400571748041,0,0,0.26546400571748041,0,0,-0.044947513593684964,-0.0035582612892825893,-0.002880209366492898,-0.0022072163214766354,-0.0018511724552578285,-0.090443326437168167,-0.010717394396104566,-0.0094750652782922204,-0.010446818483806519,-0.025226711269461154,0,-0.0043891511645857218
1.5800000000000001,approach_stop,40,40,0.20000000000000001,0.02,0.10389714000000004,0.46423200000000003,1.0961999999999998,0,3.2000000000000002,0,0.018433103323209993,0.13401760413655786,0,3.2007441256493672,0,0.0052973814629583057,free_flight_controlled,sep_nmpc_adapted,formal_acados,0.22437495933469789,0,0.391638322149787,-0.019058143988512105,-0.0023881255362992681,-0.025635134537848308,0.40473446418106784,1.4142135633074713e-10,-0.10486490643050572,1.3731823515031953,1.3731823515031953,false,false,5.7562519999999999,0,0,false,0,0.053859835460080385,0,130.39032821596584,130.39032821596584,0,0.25755474530123568,0,0,0.25755474530123568,0,0,-0.045396045030730046,-0.0036108030618796595,-0.002926933821465535,-0.0022597346205427836,-0.0019769933348879241,-0.088971708394591523,-0.010286133634175031,-0.009224362162543907,-0.010561918304189814,-0.025082750166182766,0,-0.0046350280228349356
1.585,approach_stop,40,40,0.20000000000000001,0.02,0.10623198726562498,0.46970381249999998,1.0924875000000001,0,3.2000000000000002,0,0.01911179042364794,0.13746468984353508,0,3.2007708768469096,0,0.0054027077910889639,free_flight_controlled,sep_nmpc_adapted,formal_acados,0.22434850344359283,0,0.39166648675436289,-0.019763286980055111,-0.0025914136751720171,-0.025635134537848308,0.40473446418106784,1.4142135633074713e-10,-0.10486490643050572,1.3731823515031953,1.3731823515031953,false,false,5.7562519999999999,0,0,false,0,0.054622310200968555,0,130.39252488128565,130.39252488128565,0,0.25009386250821874,0,0,0.25009386250821874,0,0,-0.045837088175932433,-0.003661076635986831,-0.0029725275284117657,-0.0023128483851151543,-0.0021018150610209686,-0.087447316275581374,-0.0098117103709828898,-0.0090224650823417865,-0.01068371040389653,-0.024828082895556953,0,-0.004891520635220129
1.5900000000000001,approach_stop,40,40,0.20000000000000001,0.02,0.10859414625000004,0.47515650000000009,1.0885499999999999,0,3.2000000000000002,0,0.019807824520820812,0.1409563554580931,0,3.2007981511465839,0,0.0055066164518857942,free_flight_controlled,sep_nmpc_adapted,formal_acados,0.22432159680901034,0,0.39169344028052105,-0.020486227711810467,-0.0028019251753179123,-0.025635134537848308,0.40473446418106784,1.4142135633074713e-10,-0.10486490643050572,1.3731823515031953,1.3731823515031953,false,false,5.7562519999999999,0,0,false,0,0.055381638980945121,0,130.39464965589312,130.39464965589312,0,0.24306747551492847,0,0,0.24306747551492847,0,0,-0.046270377654696722,-0.0037088870932791766,-0.0030172294375987638,-0.0023665719328054224,-0.0022251001281830404,-0.085869478980836147,-0.0093027440891588244,-0.0088670059423500598,-0.010804651529312983,-0.024469210671390532,0,-0.0051589171463614254
1.595,approach_stop,40,40,0.20000000000000001,0.02,0.11098351851562498,0.48058893749999992,1.0843875000000001,0,3.2000000000000002,0,0.020521427792472052,0.14449230921894007,0,3.200825941290371,0,0.0056090395228075114,free_flight_controlled,sep_nmpc_adapted,formal_acados,0.2242942640282255,0,0.39171907960557117,-0.021227163764246548,-0.0030197622581596118,-0.025635134537848308,0.40473446418106784,1.4142135633074713e-10,-0.10486490643050572,1.3731823515031953,1.3731823515031953,false,false,5.7562519999999999,0,0,false,0,0.056137549865932612,0,130.39670403945732,130.39670403945732,0,0.23646192671161859,0,0,0.23646192671161859,0,0,-0.046695643558944039,-0.0037540862809538186,-0.0030612618942478871,-0.0024208835824774183,-0.0023463448131881837,-0.08423708461387408,-0.0087692411022440367,-0.0087537752886140702,-0.010917883184750624,-0.024013127836438233,0,-0.0054375059220013507
1.6000000000000001,approach_stop,40,40,0.20000000000000001,0.02,0.11340000000000003,0.4860000000000001,1.0800000000000001,0,3.2000000000000002,0,0.021252820911711871,0.14807224105864647,0,3.2008542396815214,0,0.0057099094418896568,free_flight_controlled,sep_nmpc_adapted,formal_acados,0.22426653170564326,0,0.39174330449281702,-0.021986289206068627,-0.0032450245618256962,-0.038619579092024209,0.40581817416037791,1.4142135632534202e-10,-0.11100442441090742,1.3890411886474248,1.3890411886474248,false,false,5.7234280000000002,0,0,false,0,0.056889783568898289,0,130.41062853371972,130.41062853371972,0,0.2547489309032176,0,0,0.2547489309032176,0,0,-0.047112609709098842,-0.0037965785154283455,-0.0031048224341626682,-0.0024757290195183022,-0.0024650813864514295,-0.082548767648683907,-0.0082220988365007634,-0.0086771292667088603,-0.011017203802347962,-0.023467221222277079,0,-0.0057275752301116341
1.605,approach_stop,40,40,0.20000000000000001,0.02,0.115843481015625,0.49138856250000001,1.0753874999999999,0,3.2000000000000002,0,0.022002224248478145,0.15169634800394877,0,3.2008830487000579,0,0.00581328248869303,free_flight_controlled,sep_nmpc_adapted,formal_acados,0.22423842848900141,0,0.39176603173917846,-0.022763795759476735,-0.003477780255147942,-0.038619579092024209,0.40581817416037791,1.4142135632534202e-10,-0.11100442441090742,1.3890411886474248,1.3890411886474248,false,false,5.7234280000000002,0,0,false,0,0.0576384081015794,0,130.41251656861473,130.41251656861473,0,0.24806934475899789,0,0,0.24806934475899789,0,0,-0.047521494934974692,-0.003836090596180247,-0.0031481340253677785,-0.0025310113879266063,-0.0025808823159746905,-0.081003173094413225,-0.0075811779945032902,-0.0086512846772392633,-0.011092518064387153,-0.022839975828814578,0,-0.0060294239606809444
1.6100000000000001,approach_stop,40,40,0.20000000000000001,0.02,0.11831384625000006,0.49675350000000018,1.0705499999999999,0,3.2000000000000002,0,0.022769856673474191,0.15536382475865135,0,3.2009123703551845,0,0.0059149577984840569,free_flight_controlled,sep_nmpc_adapted,formal_acados,0.22420998515947071,0,0.39178718160249743,-0.023559871514003489,-0.0037180960217015504,-0.038619579092024209,0.40581817416037791,1.4142135632534202e-10,-0.11100442441090742,1.3890411886474248,1.3890411886474248,false,false,5.7234280000000002,0,0,false,0,0.058383491823218982,0,130.41434525768366,130.41434525768366,0,0.24179372679131239,0,0,0.24179372679131239,0,0,-0.047922477196351954,-0.0038724526200833147,-0.0031913484713613593,-0.0025866222364621006,-0.0026933552470977226,-0.079386711395469559,-0.0069643987946963332,-0.0086368892221778577,-0.011147760059164638,-0.022137382178935586,0,-0.0063433583449849038
1.615,approach_stop,40,40,0.20000000000000001,0.02,0.12081097476562501,0.50209368750000005,1.0654874999999999,0,3.2000000000000002,0,0.023555934248493188,0.15907435303872342,0,3.2009421959947089,0,0.0060148699779776727,free_flight_controlled,sep_nmpc_adapted,formal_acados,0.2241812347043268,0,0.39180666432732258,-0.024374699544166406,-0.0039660658677724368,-0.038619579092024209,0.40581817416037791,1.4142135632534202e-10,-0.11100442441090742,1.3890411886474248,1.3890411886474248,false,false,5.7234280000000002,0,0,false,0,0.059124788625381557,0,130.4161164767774,130.4161164767774,0,0.23590897707228087,0,0,0.23590897707228087,0,0,-0.048315198051452443,-0.0039058148866455453,-0.0032345039967725301,-0.002642448433340684,-0.002802144070099852,-0.077697863657448116,-0.0063833333519334222,-0.0086264726137367156,-0.0111778311760839,-0.021367723289553657,0,-0.0066696805398781898
1.6200000000000001,approach_stop,40,40,0.20000000000000001,0.02,0.12333474000000005,0.50740800000000008,1.0601999999999998,0,3.2000000000000002,0,0.024360671393457808,0.16282759446534523,0,3.20097251664148,0,0.0061129544336962416,free_flight_controlled,sep_nmpc_adapted,formal_acados,0.22415221234728724,0,0.39182439431891292,-0.025208459046170556,-0.0042217811227412243,-0.038619579092024209,0.40581817416037791,1.4142135632534202e-10,-0.11100442441090742,1.3890411886474248,1.3890411886474248,false,false,5.7234280000000002,0,0,false,0,0.059862064387027965,0,130.41783229777266,130.41783229777266,0,0.23040214672306569,0,0,0.23040214672306569,0,0,-0.048699293142504638,-0.003936381462232832,-0.0032776036940494551,-0.0026983515659800804,-0.0029069344301257778,-0.075935800565100908,-0.005847867937221674,-0.008613485711356568,-0.011177730793640631,-0.02053939508884953,0,-0.0070086858147938406
1.625,approach_stop,40,40,0.20000000000000001,0.02,0.125885009765625,0.5126953125,1.0546875,0,3.2000000000000002,0,0.025184280787178524,0.16662319106451928,0,3.2010033229977037,0,0.0062091475115455376,free_flight_controlled,sep_nmpc_adapted,formal_acados,0.22412295560704643,0,0.3918402903570537,-0.0260613251801321,-0.0044853303973560327,-0.038619579092024209,0.40581817416037791,1.4142135632534202e-10,-0.11100442441090742,1.3890411886474248,1.3890411886474248,false,false,5.7234280000000002,0,0,false,0,0.060595096735796855,0,130.41949497241143,130.41949497241143,0,0.22526043595266509,0,0,0.22526043595266509,0,0,-0.049074395890872612,-0.0039644011010491337,-0.0033206205589797304,-0.0027541686530999344,-0.0030074539449470314,-0.074100475519246423,-0.0053659584762989695,-0.0085924580987217971,-0.011142650122095079,-0.019660767456495112,0,-0.0073606692115141953
1.6300000000000001,approach_stop,40,40,0.20000000000000001,0.02,0.12846164625000006,0.5179545000000001,1.0489499999999998,0,3.2000000000000002,0,0.026026973270887533,0.17046076589182244,0,3.2010346054499501,0,0.0063033866177023843,free_flight_controlled,sep_nmpc_adapted,formal_acados,0.22409350435659925,0,0.39185427576538778,-0.0269334689142883,-0.0047567995426967052,-0.038619579092024209,0.40581817416037791,1.4142135632534202e-10,-0.11100442441090742,1.3890411886474248,1.3890411886474248,false,false,5.7234280000000002,0,0,false,0,0.061323674812778638,0,130.42110691717036,130.42110691717036,0,0.22047119454298691,0,0,0.22047119454298691,0,0,-0.049440141571470121,-0.0039901571739095537,-0.0033635031032897677,-0.0028097133946735037,-0.0031034717277344972,-0.072192683257230508,-0.0049434778346607571,-0.0085590723357957203,-0.01106809219084341,-0.018740045924366129,0,-0.0077259254089445169
1.635,approach_stop,40,40,0.20000000000000001,0.02,0.131064506015625,0.52318443749999999,1.0429875,0,3.2000000000000002,0,0.026888957755204664,0.17433992377957316,0,3.2010663540747126,0,0.0063956103203107158,free_flight_controlled,sep_nmpc_adapted,formal_acados,0.22406390088318306,0,0.39186627853797479,-0.027825056872021608,-0.0050362716103619998,-0.038619579092024209,0.40581817416037791,1.4142135632534202e-10,-0.11100442441090742,1.3890411886474248,1.3890411886474248,false,false,5.7234280000000002,0,0,false,0,0.062047599038718142,0,130.42267069917486,130.42267069917486,0,0.21602192461577796,0,0,0.21602192461577796,0,0,-0.049796171595669368,-0.0040139570555914467,-0.0034061811460011095,-0.0028647780689622267,-0.003194797229883326,-0.070214084884501121,-0.0045841510321619405,-0.0085101628312899847,-0.010950009074187124,-0.017785138823130198,0,-0.0081047485722200736
1.6400000000000001,approach_stop,40,40,0.20000000000000001,0.02,0.13369344000000008,0.52838400000000008,1.0367999999999997,0,3.2000000000000002,0,0.027770441131130957,0.17826025219923705,0,3.2010985586444325,0,0.0064857584329161477,free_flight_controlled,sep_nmpc_adapted,formal_acados,0.22403418994860103,0,0.39187623142580835,-0.028736251182529926,-0.0053238268143642109,-0.038619579092024209,0.40581817416037791,1.4142135632534202e-10,-0.11100442441090742,1.3890411886474248,1.3890411886474248,false,false,5.7234280000000002,0,0,false,0,0.062766680880074172,0,130.42418902311232,130.42418902311232,0,0.21190028544446282,0,0,0.21190028544446282,0,0,-0.050142137839521546,-0.0040361213939398731,-0.003448571433326394,-0.0029191361377654641,-0.0032812784434407809,-0.068167201394483429,-0.0042895713290240682,-0.0084436504419315196,-0.010784946207217531,-0.016803534777364751,0,-0.0084974321822537807
1.645,approach_stop,40,40,0.20000000000000001,0.02,0.136348293515625,0.53355206249999998,1.0303875,0,3.2000000000000002,0,0.028671628185620447,0.1822213222282098,0,3.201131208633897,0,0.0065737720817162009,free_flight_controlled,sep_nmpc_adapted,formal_acados,0.22400441884961603,0,0.39188407198697073,-0.029667209336004419,-0.0056195424952014275,-0.038619579092024209,0.40581817416037791,1.4142135632534202e-10,-0.11100442441090742,1.3890411886474248,1.3890411886474248,false,false,5.7234280000000002,0,0,false,0,0.063480742613569272,0,130.42566471904473,130.42566471904473,0,0.20809410002277062,0,0,0.20809410002277062,0,0,-0.050477706866876235,-0.0040569736422188182,-0.0034905827980412866,-0.0029725455690770954,-0.0033627995265518369,-0.066055378667442877,-0.0040592876970418617,-0.0083584259766452899,-0.010570183295164357,-0.015802195141204834,0,-0.0089042688428417754
1.6500000000000001,approach_stop,40,40,0.20000000000000001,0.02,0.13902890625000006,0.53868750000000021,1.0237499999999997,0,3.2000000000000002,0,0.029592721522218628,0.18622268960723237,0,3.2011642932269417,0,0.0066595937594804474,free_flight_controlled,sep_nmpc_adapted,formal_acados,0.22397463747804852,0,0.39188974260475917,-0.030618084044170102,-0.0059234930865507494,-0.053569370494501063,0.39815808194544056,1.4142135632421843e-10,-0.11231982732325776,1.384445277270143,1.384445277270143,false,false,5.7537370000000001,0,0,false,0,0.064189617088099254,0,130.42319748306886,130.42319748306886,0,0.19748968676615797,0,0,0.19748968676615797,0,0,-0.050802563913720927,-0.0040768301843115253,-0.0035321206381676057,-0.0030247528345665087,-0.0034392779369186739,-0.063882727611417889,-0.0038909525337343497,-0.0082541968201776256,-0.010303861720936161,-0.014787465371710305,0,-0.009325550063543667
1.655,approach_stop,40,40,0.20000000000000001,0.02,0.14173511226562505,0.54378918750000016,1.0168874999999999,0,3.2000000000000002,0,0.030533921051644104,0.1902637192761138,0,3.20119779793959,0,0.006741814338714412,free_flight_controlled,sep_nmpc_adapted,formal_acados,0.22394489837910403,0,0.39189318602781259,-0.031589022672540074,-0.006235758425913852,-0.053569370494501063,0.39815808194544056,1.4142135632421843e-10,-0.11231982732325776,1.384445277270143,1.384445277270143,false,false,5.7537370000000001,0,0,false,0,0.064893056170717958,0,130.42461598052972,130.42461598052972,0,0.19453240275817196,0,0,0.19453240275817196,0,0,-0.051116270947892936,-0.0040960589330924007,-0.003573074230656129,-0.0030755013115307604,-0.0035106605061880668,-0.061596033912016838,-0.0038070247429391039,-0.0081252617562323215,-0.009986406514332297,-0.013764795614459329,0,-0.0097615603988145325
1.6600000000000001,approach_stop,40,40,0.20000000000000001,0.02,0.14446674000000009,0.54885600000000012,1.0097999999999998,0,3.2000000000000002,0,0.031495424305852886,0.19434409749576104,0,3.2012317080288106,0,0.0068217384274377822,free_flight_controlled,sep_nmpc_adapted,formal_acados,0.22391525680694263,0,0.39189434983984789,-0.032580167498910267,-0.0065564150490693713,-0.053569370494501063,0.39815808194544056,1.4142135632421843e-10,-0.11231982732325776,1.384445277270143,1.384445277270143,false,false,5.7537370000000001,0,0,false,0,0.065590825215045737,0,130.4259996392926,130.4259996392926,0,0.19184848602105387,0,0,0.19184848602105387,0,0,-0.051418425263752787,-0.0041149901671142484,-0.0036133463386938416,-0.0031245281642763639,-0.0035769216722965828,-0.059262225849774142,-0.0037710369944558178,-0.0079817391088459182,-0.0096153557959356688,-0.012739652341729368,0,-0.010212590533864091
1.665,approach_stop,40,40,0.20000000000000001,0.02,0.147223612265625,0.55388681250000005,1.0024875,0,3.2000000000000002,0,0.032477426790738714,0.19846332779879033,0,3.2012660118793241,0,0.0068993129188363745,free_flight_controlled,sep_nmpc_adapted,formal_acados,0.22388577078471725,0,0.39189319085470997,-0.033591656006021459,-0.0068855278281496216,-0.053569370494501063,0.39815808194544056,1.4142135632421843e-10,-0.11231982732325776,1.384445277270143,1.384445277270143,false,false,5.7537370000000001,0,0,false,0,0.066282794010984428,0,130.42735179905048,130.42735179905048,0,0.18942656981067141,0,0,0.18942656981067141,0,0,-0.051708806106186715,-0.0041338464546692519,-0.0036528667723320623,-0.0031715684000699993,-0.0036380596773864303,-0.056887302612562231,-0.0037759860835486474,-0.0078247217828804286,-0.00919210497162261,-0.011716150262582967,0,-0.010678925890668257
1.6699999999999999,approach_stop,40,40,0.20000000000000001,0.02,0.15000554624999995,0.55888049999999989,0.99495000000000011,0,3.2000000000000002,0,0.033480121504982835,0.20262090396804699,0,3.2013006976141778,0,0.0069744862532210737,free_flight_controlled,sep_nmpc_adapted,formal_acados,0.22385650116033623,0,0.39188967055215884,-0.034623620344646611,-0.0072231586151207819,-0.053569370494501063,0.39815808194544056,1.4142135632421843e-10,-0.11231982732325776,1.384445277270143,1.384445277270143,false,false,5.7537370000000001,0,0,false,0,0.066968841804862886,0,130.42867586596316,130.42867586596316,0,0.18725550588968931,0,0,0.18725550588968931,0,0,-0.051987223472575866,-0.0041528134125005849,-0.0036915705743734866,-0.0032163669987678592,-0.0036940914218084667,-0.054477546805145223,-0.0038141361941465965,-0.0076551894349231805,-0.0087192393374409885,-0.010697643565538583,0,-0.011160848947843886
1.675,approach_stop,40,40,0.20000000000000001,0.02,0.152812353515625,0.56383593749999994,0.9871875,0,3.2000000000000002,0,0.034503698894373977,0.20681631126629427,0,3.2013357531025641,0,0.0070472084496494376,free_flight_controlled,sep_nmpc_adapted,formal_acados,0.22382751165857026,0,0.39188375501163136,-0.035676187235803708,-0.0075693662284084945,-0.053569370494501063,0.39815808194544056,1.4142135632421843e-10,-0.11231982732325776,1.384445277270143,1.384445277270143,false,false,5.7537370000000001,0,0,false,0,0.067648857036524651,0,130.42997530312397,130.42997530312397,0,0.18532437391493861,0,0,0.18532437391493861,0,0,-0.052253519245891687,-0.0041720366587002389,-0.0037293971724506971,-0.0032586847007218902,-0.0037450487661121411,-0.052039410865418495,-0.0038772638956687312,-0.0074739010448266986,-0.0082004623080233607,-0.0096867717198927429,0,-0.011658640790370729
1.6799999999999999,approach_stop,40,40,0.20000000000000001,0.02,0.15564383999999995,0.56875199999999992,0.97920000000000018,0,3.2000000000000002,0,0.035548346812245356,0.21104902764699737,0,3.2013711659677941,0,0.0071174311393206804,free_flight_controlled,sep_nmpc_adapted,formal_acados,0.22379886893002088,0,0.39187541484581168,-0.036749477882224491,-0.0079242064437428823,-0.053569370494501063,0.39815808194544056,1.4142135632421843e-10,-0.11231982732325776,1.384445277270143,1.384445277270143,false,false,5.7537370000000001,0,0,false,0,0.068322737072699119,0,130.43125362113324,130.43125362113324,0,0.18362249023728805,0,0,0.18362249023728805,0,0,-0.052507567762529815,-0.0041916199648502029,-0.0037662890739787367,-0.0032983033321282618,-0.0037909751186146375,-0.049579404986961853,-0.0039568919159479552,-0.0072813196893055194,-0.0076404829478882216,-0.0086855273030912294,0,-0.012172579010713671
1.6850000000000001,approach_stop,40,40,0.20000000000000001,0.02,0.15849980601562502,0.57362756250000002,0.97098749999999978,0,3.2000000000000002,0,0.036614250485891363,0.21531852493334988,0,3.2014069235954481,0,0.0071851076008727513,free_flight_controlled,sep_nmpc_adapted,formal_acados,0.22377064259660706,0,0.39186462513768439,-0.037843607889284314,-0.0082877319892438201,-0.053569370494501063,0.39815808194544056,1.4142135632421843e-10,-0.11231982732325776,1.384445277270143,1.384445277270143,false,false,5.7537370000000001,0,0,false,0,0.068990387937285777,0,130.43251436877935,130.43251436877935,0,0.18213941591752736,0,0,0.18213941591752736,0,0,-0.052749275828711209,-0.0042116245385499995,-0.0038021902661827698,-0.0033350304774890701,-0.0038319224090432365,-0.0471039889984287,-0.0040445068267362192,-0.0070775696556763124,-0.0070448683383256203,-0.0076953418858858244,0,-0.012702937806941931
1.6899999999999999,approach_stop,40,40,0.20000000000000001,0.02,0.16138004624999996,0.57846149999999996,0.96255000000000024,0,3.2000000000000002,0,0.037701592488775748,0.21962426995404333,0,3.2014430131416973,0,0.0072501927971649676,free_flight_controlled,sep_nmpc_adapted,formal_acados,0.22374290529330335,0,0.39185136538379411,-0.038958687195472408,-0.008659992544717254,-0.053569370494501063,0.39815808194544056,1.4142135632421843e-10,-0.11231982732325776,1.384445277270143,1.384445277270143,false,false,5.7537370000000001,0,0,false,0,0.069651724039208468,0,130.43376112385448,130.43376112385448,0,0.18086496379498707,0,0,0.18086496379498707,0,0,-0.052978582210506789,-0.0042320693465456279,-0.0038370444792880389,-0.0033687033402330963,-0.0038679485273841862,-0.044619470241658028,-0.0041317571154301253,-0.0068624241683782426,-0.0064198677268651715,-0.0067171854414995015,0,-0.01324998768975706
1.6950000000000001,approach_stop,40,40,0.20000000000000001,0.02,0.16428434976562503,0.58325268750000014,0.95388749999999978,0,3.2000000000000002,0,0.0388105527182891,0.2239657256257008,0,3.2014794215418223,0,0.0073126434127113501,free_flight_controlled,sep_nmpc_adapted,formal_acados,0.22371573270594289,0,0.39183561944553791,-0.040094820012346211,-0.0090410347450757995,-0.053569370494501063,0.39815808194544056,1.4142135632421843e-10,-0.11231982732325776,1.384445277270143,1.384445277270143,false,false,5.7537370000000001,0,0,false,0,0.070306667898595562,0,130.43499748414948,130.43499748414948,0,0.17978920447677338,0,0,0.17978920447677338,0,0,-0.053195456631761853,-0.0042529323741130219,-0.0038707934584090902,-0.0033991916699019648,-0.003899115283525211,-0.042131909098617276,-0.00421062931878507,-0.0066353204998428001,-0.0057722163821308774,-0.0057516744311206115,0,-0.013813995121588403
1.7,approach_stop,40,40,0.20000000000000001,0.02,0.16721249999999999,0.58799999999999997,0.94499999999999995,0,3.2000000000000002,0,0.03994130837876704,0.22834235197333697,0,3.2015161355189083,0,0.0073724178906659742,free_flight_controlled,sep_nmpc_adapted,formal_acados,0.2236892036049776,0,0.39181737550936391,-0.041252104773789461,-0.0094309021877392804,-0.070148182023770614,0.38443468215282245,1.4142135632659104e-10,-0.10943834849073021,1.3585409627645122,1.3585409627645122,false,false,5.7520740000000004,0,0,false,0,0.070955149872115972,0,130.41191176435686,130.41191176435686,0,0.13881813196840365,0,0,0.13881813196840365,0,0,-0.053399898321525786,-0.0042741527073870368,-0.003903375370603878,-0.0034263996754315155,-0.0039254869187088483,-0.039647033454204804,-0.004273600928095693,-0.006395398133028969,-0.0051089276065857956,-0.0047991836227552426,0,-0.014395222156552414
1.7050000000000001,approach_stop,40,40,0.20000000000000001,0.02,0.17016427476562504,0.59270231250000005,0.93588749999999987,0,3.2000000000000002,0,0.041094031168369918,0.23275247326968007,0,3.2015531204357974,0,0.0074210157562951407,free_flight_controlled,sep_nmpc_adapted,formal_acados,0.22366339978814059,0,0.39179659863299238,-0.042430631380229317,-0.0098296823877929776,-0.070148182023770614,0.38443468215282245,1.4142135632659104e-10,-0.10943834849073021,1.3585409627645122,1.3585409627645122,false,false,5.7520740000000004,0,0,false,0,0.071596592638681483,0,130.41330625979933,130.41330625979933,0,0.13954346361078851,0,0,0.13954346361078851,0,0,-0.053591112771628334,-0.0042960147085960299,-0.0039346314487625151,-0.0034502886184730581,-0.0039471254260803638,-0.03684284278564405,-0.004463300640381457,-0.0061074909075829005,-0.0044445823510303678,-0.003858767368991471,0,-0.014993869685217754
1.71,approach_stop,40,40,0.20000000000000001,0.02,0.17313944625,0.59735850000000001,0.9265500000000001,0,3.2000000000000002,0,0.042268889778028819,0.23719657652763371,0,3.20159034160144,0,0.007466912374412985,free_flight_controlled,sep_nmpc_adapted,formal_acados,0.22363840616833772,0,0.39177325852801526,-0.043630483609691101,-0.010237457949172702,-0.070148182023770614,0.38443468215282245,1.4142135632659104e-10,-0.10943834849073021,1.3585409627645122,1.3585409627645122,false,false,5.7520740000000004,0,0,false,0,0.072230445354294334,0,130.41469459969522,130.41469459969522,0,0.14040195717264814,0,0,0.14040195717264814,0,0,-0.053768386391909229,-0.0043186932214537921,-0.0039644563497107897,-0.0034708304262485393,-0.0039641000469963737,-0.034071445718202344,-0.0045989692590136548,-0.0058228077769923239,-0.0037713095181514467,-0.0029336069682707007,0,-0.01561021783830227
1.7150000000000001,approach_stop,40,40,0.20000000000000001,0.02,0.17613778101562502,0.60196743750000004,0.91698749999999996,0,3.2000000000000002,0,0.043466052571169964,0.24167404357522373,0,3.201627785422704,0,0.0075100730361798585,free_flight_controlled,sep_nmpc_adapted,formal_acados,0.22361431090254053,0,0.39174735729491694,-0.044851741668629458,-0.010654259648197172,-0.070148182023770614,0.38443468215282245,1.4142135632659104e-10,-0.10943834849073021,1.3585409627645122,1.3585409627645122,false,false,5.7520740000000004,0,0,false,0,0.072856697988934363,0,130.41608088363338,130.41608088363338,0,0.14138511286902911,0,0,0.14138511286902911,0,0,-0.053931896417858415,-0.0043418991839463232,-0.0039928667443820988,-0.0034879930999932259,-0.0039764915804698818,-0.031338250187747864,-0.0046718311663497105,-0.0055477201776143337,-0.0030819834546457385,-0.0020353853480070787,0,-0.016244507111312881
1.72,approach_stop,40,40,0.20000000000000001,0.02,0.17915903999999996,0.60652799999999996,0.90720000000000012,0,3.2000000000000002,0,0.044685684857123598,0.24618428407820414,0,3.2016654381287224,0,0.0075504583258277878,free_flight_controlled,sep_nmpc_adapted,formal_acados,0.22359120710312469,0,0.39171894217841707,-0.046094477753998914,-0.011080114593118246,-0.070148182023770614,0.38443468215282245,1.4142135632659104e-10,-0.10943834849073021,1.3585409627645122,1.3585409627645122,false,false,5.7520740000000004,0,0,false,0,0.073475346510284562,0,130.41746946902956,130.41746946902956,0,0.1424851262715443,0,0,0.1424851262715443,0,0,-0.05408182978332756,-0.0043653922121309301,-0.0040198886355275673,-0.0035013583223279785,-0.0039849033915143389,-0.028633267990512159,-0.0047620187521750399,-0.005178219509903919,-0.0022934264248887734,-0.0013704710307349286,0,-0.01689702596319383
1.7250000000000001,approach_stop,40,40,0.20000000000000001,0.02,0.18220297851562506,0.61103906250000006,0.89718750000000003,0,3.2000000000000002,0,0.045927949101169055,0.25072671705910582,0,3.201703285733875,0,0.0075880290248942937,free_flight_controlled,sep_nmpc_adapted,formal_acados,0.22356920110080444,0,0.39168815838568061,-0.047358748000364631,-0.011515043274923045,-0.070148182023770614,0.38443468215282245,1.4142135632659104e-10,-0.10943834849073021,1.3585409627645122,1.3585409627645122,false,false,5.7520740000000004,0,0,false,0,0.074086392170091248,0,130.41886473796421,130.41886473796421,0,0.14369450820994401,0,0,0.14369450820994401,0,0,-0.054218247447795118,-0.0043898340915749312,-0.0040438393855932757,-0.0035112878598500688,-0.0039905261311200986,-0.025935882522839022,-0.0050364744900556879,-0.0043366615254943107,-0.0017093698129266573,-0.00090595323632112492,0,-0.017568025608072753
1.73,approach_stop,40,40,0.20000000000000001,0.02,0.18526934624999997,0.61549949999999998,0.88694999999999991,0,3.2000000000000002,0,0.047193004589773643,0.25530065054404227,0,3.2017413141157456,0,0.0076227664856617803,free_flight_controlled,sep_nmpc_adapted,formal_acados,0.22354840376536322,0,0.39165513815493885,-0.048644600824410439,-0.011959062648377717,-0.070148182023770614,0.38443468215282245,1.4142135632659104e-10,-0.10943834849073021,1.3585409627645122,1.3585409627645122,false,false,5.7520740000000004,0,0,false,0,0.074689842142716345,0,130.42027015478388,130.42027015478388,0,0.14500409565522199,0,0,0.14500409565522199,0,0,-0.054341270121824145,-0.0044158279649136063,-0.0040627796043611409,-0.0035187053579848427,-0.0039941890311842648,-0.023293502935208283,-0.0053238286097635869,-0.003238375486877971,-0.0012707554468598967,-0.00057604305169115064,0,-0.018257723074130192
1.7350000000000001,approach_stop,40,40,0.20000000000000001,0.02,0.18835788726562505,0.61990818750000021,0.87648749999999975,0,3.2000000000000002,0,0.048481006662996068,0.25990522920011322,0,3.2017795090822712,0,0.007654659606933214,free_flight_controlled,sep_nmpc_adapted,formal_acados,0.22352893039971733,0,0.39161998217681843,-0.049952076263278744,-0.012412185688683464,-0.070148182023770614,0.38443468215282245,1.4142135632659104e-10,-0.10943834849073021,1.3585409627645122,1.3585409627645122,false,false,5.7520740000000004,0,0,false,0,0.075285711101844288,0,130.42168887526611,130.42168887526611,0,0.14640239167225777,0,0,0.14640239167225777,0,0,-0.054451585049950721,-0.0044421658448133543,-0.0040767220046678612,-0.0035240108799120037,-0.0039964021105818688,-0.020869291900824868,-0.0051228056488332599,-0.0023886708955822016,-0.00085368634053297333,-0.00031862705127616868,0,-0.018966392601676308
1.74,approach_stop,40,40,0.20000000000000001,0.02,0.19146833999999999,0.62426400000000004,0.8657999999999999,0,3.2000000000000002,0,0.049792107115070608,0.26453992562651901,0,3.2018178563529305,0,0.0076836827692754591,free_flight_controlled,sep_nmpc_adapted,formal_acados,0.22351090211762553,0,0.39158277590303547,-0.051281204997445068,-0.012874421153692675,-0.070148182023770614,0.38443468215282245,1.4142135632659104e-10,-0.10943834849073021,1.3585409627645122,1.3585409627645122,false,false,5.7520740000000004,0,0,false,0,0.075874019825216701,0,130.423124753113,130.423124753113,0,0.14788387443634554,0,0,0.14788387443634554,0,0,-0.054550315033044368,-0.0044662743463950759,-0.0040870778637393367,-0.0035272881416417187,-0.0039974582020488097,-0.018651074273618066,-0.0044537536160340931,-0.0017871779724982614,-0.00046341925607877018,-0.00011109667810306869,0,-0.019694213577233801
1.7450000000000001,approach_stop,40,40,0.20000000000000001,0.02,0.19460043726562506,0.6285658125000001,0.8548874999999998,0,3.2000000000000002,0,0.051126455384104548,0.26920427830379312,0,3.2018563415096093,0,0.0077098086179972544,free_flight_controlled,sep_nmpc_adapted,formal_acados,0.22349444051130904,0,0.39154359497108326,-0.052632014872795507,-0.013345776413622463,-0.070148182023770614,0.38443468215282245,1.4142135632659104e-10,-0.10943834849073021,1.3585409627645122,1.3585409627645122,false,false,5.7520740000000004,0,0,false,0,0.076454792095282664,0,130.42458172467369,130.42458172467369,0,0.14944418957650929,0,0,0.14944418957650929,0,0,-0.054638373321011111,-0.0044861107861461011,-0.0040948702517545387,-0.0035287161933048811,-0.0039975778244614501,-0.016593734956074212,-0.0034306261714786325,-0.0013523313304364282,-0.00011537274837192216,5.7503132110901071e-05,0,-0.020441338659873597
1.75,approach_stop,40,40,0.20000000000000001,0.02,0.19775390625,0.6328125,0.84375,0,3.2000000000000002,0,0.052484200076646517,0.27389879417362095,0,3.2018949498792417,0,0.00773293145482135,free_flight_controlled,sep_nmpc_adapted,formal_acados,0.22347966834818683,0,0.39150250357161298,-0.054004531728459676,-0.013826258114231915,-0.087907118529852682,0.37292455688680975,1.4142135633027926e-10,-0.10530247069873717,1.3107977948505249,1.3107977948505249,false,false,6.6020919999999998,0,0,false,0,0.077028050954512331,0,130.37742452302379,130.37742452302379,0,0.077076005465583797,0,0,0.077076005465583797,0,0,-0.054716268050710573,-0.0045005090821590406,-0.0041006531594670326,-0.0035284668690990497,-0.003996930195849571,-0.014529420628999395,-0.0023847341000118212,-0.00094369490758975814,0.00022082547689903259,0.00019833740049107467,0,-0.021207615667142275
1.7550000000000001,approach_stop,40,40,0.20000000000000001,0.02,0.20092846851562504,0.63700293750000003,0.83238749999999984,0,3.2000000000000002,0,0.053865487136418484,0.27862104316119701,0,3.2019336237144547,0,0.0077359976232336813,free_flight_controlled,sep_nmpc_adapted,formal_acados,0.22346671232324655,0,0.39145949451811707,-0.05539877481317193,-0.014315959823606077,-0.087907118529852682,0.37292455688680975,1.4142135633027926e-10,-0.10530247069873717,1.3107977948505249,1.3107977948505249,false,false,6.6020919999999998,0,0,false,0,0.077592858232226419,0,130.37936798008775,130.37936798008775,0,0.081464620042169256,0,0,0.081464620042169256,0,0,-0.054782152512723038,-0.0045105566818321886,-0.0041043128644714932,-0.0035265067709685707,-0.0039956163851475922,-0.011799618561861716,-0.0016699856116206857,-0.00051290983640197945,0.00056309462675018624,0.00033134318581779486,0,-0.021992876853966347
1.76,approach_stop,40,40,0.20000000000000001,0.02,0.20412384,0.64113599999999993,0.82080000000000009,0,3.2000000000000002,0,0.055270459962169768,0.28337288239633496,0,3.2019723054537579,0,0.0077360993499295625,free_flight_controlled,sep_nmpc_adapted,formal_acados,0.22345569903048218,0,0.39141453467473603,-0.056814760931687608,-0.014814970518578722,-0.087907118529852682,0.37292455688680975,1.4142135633027926e-10,-0.10530247069873717,1.3107977948505249,1.3107977948505249,false,false,6.6020919999999998,0,0,false,0,0.078148313904618572,0,130.38133926332048,130.38133926332048,0,0.085874114841212545,0,0,0.085874114841212545,0,0,-0.054834103669637285,-0.0045175121884884727,-0.004105810295918705,-0.0035227615229051932,-0.0039935243579828292,-0.008959187927630792,-0.0011418315796620125,-0.00010309310009103616,0.00097653264321427157,0.00048881020122556432,0,-0.02279722552075919
1.7650000000000001,approach_stop,40,40,0.20000000000000001,0.02,0.20733973101562508,0.64521056250000008,0.80898749999999953,0,3.2000000000000002,0,0.056699263308937146,0.28815308091575997,0,3.2020109803816688,0,0.0077332741964515556,free_flight_controlled,sep_nmpc_adapted,formal_acados,0.2234467491659167,0,0.39136763986518569,-0.058252514143020462,-0.015323289542970023,-0.087907118529852682,0.37292455688680975,1.4142135633027926e-10,-0.10530247069873717,1.3107977948505249,1.3107977948505249,false,false,6.6020919999999998,0,0,false,0,0.078694510208791812,0,130.38334008198186,130.38334008198186,0,0.09028933420271712,0,0,0.09028933420271712,0,0,-0.054871633042995333,-0.0045222200310175067,-0.0041055044771180693,-0.003516328878867765,-0.0039909135743400152,-0.0060369045330427307,-0.00076226370108759748,0.00021106257184936344,0.0016297258603704926,0.00054116318988397063,0,-0.023620951254607891
1.77,approach_stop,40,40,0.20000000000000001,0.02,0.21057584625,0.64922550000000001,0.79695000000000016,0,3.2000000000000002,0,0.058152028505822899,0.29295632950773626,0,3.2020496341814151,0,0.0077276862091726533,free_flight_controlled,sep_nmpc_adapted,formal_acados,0.22343998373930521,0,0.39131883282796343,-0.059712044766517702,-0.015840902105475139,-0.087907118529852682,0.37292455688680975,1.4142135633027926e-10,-0.10530247069873717,1.3107977948505249,1.3107977948505249,false,false,6.6020919999999998,0,0,false,0,0.079231633589595063,0,130.38536688675705,130.38536688675705,0,0.09436973773802193,0,0,0.09436973773802193,0,0,-0.054894959813382334,-0.0045247625884365329,-0.0041036399081086864,-0.0035064064613633626,-0.0039882367620428056,-0.0033561785566408858,-0.00020096174200676364,0.00055057055964785346,0.0023304691910029439,0.0005251464562889374,0,-0.024464985662687951
1.7750000000000001,approach_stop,40,40,0.20000000000000001,0.02,0.21383188476562512,0.65317968750000022,0.78468749999999954,0,3.2000000000000002,0,0.059628870520651855,0.29778488119276575,0,3.2020882529616079,0,0.0077192231500736955,free_flight_controlled,sep_nmpc_adapted,formal_acados,0.2234355256321281,0,0.39126810508390175,-0.061193344888523765,-0.016367772956136631,-0.087907118529852682,0.37292455688680975,1.4142135633027926e-10,-0.10530247069873717,1.3107977948505249,1.3107977948505249,false,false,6.6020919999999998,0,0,false,0,0.079760012469561964,0,130.38742977714645,130.38742977714645,0,0.098320344190160225,0,0,0.098320344190160225,0,0,-0.054905133945104885,-0.0045244473262854535,-0.0041000687569339306,-0.0034928092445564315,-0.0039856689783824232,-0.000697980303498632,0.00030786990220657497,0.00086516483557343886,0.0031275118399853542,0.00050242067289958626,0,-0.02532892010021412
1.78,approach_stop,40,40,0.20000000000000001,0.02,0.21710754000000002,0.6570720000000001,0.77219999999999989,0,3.2000000000000002,0,0.061129919828734974,0.30263898679808737,0,3.2021268222338266,0,0.0077078925681824005,free_flight_controlled,sep_nmpc_adapted,formal_acados,0.22343350198042994,0,0.39121546130465618,-0.062696417848305042,-0.016903891367147924,-0.087907118529852682,0.37292455688680975,1.4142135633027926e-10,-0.10530247069873717,1.3107977948505249,1.3107977948505249,false,false,6.6020919999999998,0,0,false,0,0.080279759199020626,0,130.38953173406438,130.38953173406438,0,0.10225947962080462,0,0,0.10225947962080462,0,0,-0.054902035152098079,-0.0045215392968429935,-0.0040951673604608524,-0.0034750640320591031,-0.0039831967930907455,0.0019319471893048436,0.00087240633460914296,0.0010793741920106191,0.0039726869238858372,0.00048813650581330304,0,-0.026212864845575754
1.7850000000000001,approach_stop,40,40,0.20000000000000001,0.02,0.22040249976562509,0.66090131250000006,0.75948749999999965,0,3.2000000000000002,0,0.06265530153115792,0.30751773521937958,0,3.2021653277431721,0,0.0076937152012488234,free_flight_controlled,sep_nmpc_adapted,formal_acados,0.22343404429175034,0,0.39116092637081085,-0.064221257239407581,-0.017449243449853907,-0.087907118529852682,0.37292455688680975,1.4142135633027926e-10,-0.10530247069873717,1.3107977948505249,1.3107977948505249,false,false,6.6020919999999998,0,0,false,0,0.080790979753604802,0,130.39167501372214,130.39167501372214,0,0.1061779941870501,0,0,0.1061779941870501,0,0,-0.054885939248647889,-0.0045155517927902194,-0.0040894017509903171,-0.0034530793044313516,-0.0039807726809900287,0.0045027480376734668,0.0015338815829272433,0.0012171812110317295,0.004820500146727808,0.00048279206720473424,0,-0.027117035194738941
1.79,approach_stop,40,40,0.20000000000000001,0.02,0.22371644625000003,0.66466650000000005,0.74654999999999994,0,3.2000000000000002,0,0.064205137292195014,0.31242050705774699,0,3.2022037552546361,0,0.0076766908467755107,free_flight_controlled,sep_nmpc_adapted,formal_acados,0.22343728747564848,0,0.39110453193824746,-0.065767849816546542,-0.018003812418446383,-0.087907118529852682,0.37292455688680975,1.4142135633027926e-10,-0.10530247069873717,1.3107977948505249,1.3107977948505249,false,false,6.6020919999999998,0,0,false,0,0.081293782715223029,0,130.39386279966186,130.39386279966186,0,0.11007184370214551,0,0,0.11007184370214551,0,0,-0.054857115743329639,-0.0045060774448873967,-0.0040830718170024941,-0.0034268777834912337,-0.0039783574790234737,0.0070244049695244414,0.0022631062236520014,0.0013090830407733,0.0056577444239096697,0.00048426222988171588,0,-0.028041537054881171
1.7949999999999999,approach_stop,40,40,0.20000000000000001,0.02,0.22704905601562492,0.66836643749999991,0.73338750000000019,0,3.2000000000000002,0,0.065779545713429671,0.31734670272843007,0,3.2022420905367088,0,0.0076568206053947915,free_flight_controlled,sep_nmpc_adapted,formal_acados,0.22344336974214346,0,0.39104631485181979,-0.067336175971286216,-0.018567578869570504,-0.087907118529852682,0.37292455688680975,1.4142135633027926e-10,-0.10530247069873717,1.3107977948505249,1.3107977948505249,false,false,6.6020919999999998,0,0,false,0,0.081788278271558282,0,130.3960981697185,130.3960981697185,0,0.1139373254844892,0,0,0.1139373254844892,0,0,-0.054815774959957771,-0.0044928868437703077,-0.0040762830224970554,-0.0033965714450848493,-0.003975919614542211,0.0095145487017259129,0.0030039081737318987,0.0014212329979245086,0.0064520160168629161,0.00049201960077906723,0,-0.028986459684603082
1.8,approach_stop,40,40,0.20000000000000001,0.02,0.23039999999999999,0.67199999999999993,0.71999999999999997,0,3.2000000000000002,0,0.067378642441692158,0.32229572750746294,0,3.2022803193676532,0,0.0076341085032840261,free_flight_controlled,sep_nmpc_adapted,formal_acados,0.22345243271886647,0,0.39098631766010189,-0.068926209722825676,-0.019140520812889791,-0.10628525397315752,0.37769511022177843,1.4142135633070088e-10,-0.1047699063199012,1.2410384752684358,1.2410384752684358,false,false,5.7252330000000002,0,0,false,0,0.082274577943755187,0,130.32247981929675,130.32247981929675,0,0.0093711944295877814,0,0,0.0093711944295877814,0,0,-0.054762018609259472,-0.0044761076135330325,-0.0040686962560456744,-0.0033625182213269799,-0.0039734011279523689,0.011991677700470119,0.003694813350221354,0.0016377591601718789,0.0071400568402926121,0.00052938607350272329,0,-0.02995187870280009
1.8049999999999999,approach_stop,40,40,0.20000000000000001,0.02,0.23376894351562497,0.67556606249999984,0.70638750000000028,0,3.2000000000000002,0,0.069002530872840515,0.32726324571387749,0,3.2023183609790156,0,0.0075819329238246179,free_flight_controlled,sep_nmpc_adapted,formal_acados,0.22346461976864646,0,0.39092448423815906,-0.070537911104194079,-0.019722740279571299,-0.10628525397315752,0.37769511022177843,1.4142135633070088e-10,-0.1047699063199012,1.2410384752684358,1.2410384752684358,false,false,5.7252330000000002,0,0,false,0,0.082751401941157238,0,130.32560402897434,130.32560402897434,0,0.017045107723936304,0,0,0.017045107723936304,0,0,-0.054693677072715545,-0.0044570694814814937,-0.0040594046325471101,-0.0033255625496685414,-0.00397043771862109,0.015345616188602198,0.0039151012093239825,0.0020969114458411508,0.0076124033130915503,0.00067292852254039446,0,-0.030937503772898511
1.8100000000000001,approach_stop,40,40,0.20000000000000001,0.02,0.23715554625000004,0.67906350000000004,0.69254999999999967,0,3.2000000000000002,0,0.070651310587880573,0.33225210449691478,0,3.202356135267094,0,0.0075271798621122862,free_flight_controlled,sep_nmpc_adapted,formal_acados,0.22348007687184657,0,0.39086075050914509,-0.072171233716034011,-0.020314331745281872,-0.10628525397315752,0.37769511022177843,1.4142135633070088e-10,-0.1047699063199012,1.2410384752684358,1.2410384752684358,false,false,5.7252330000000002,0,0,false,0,0.083217523935537649,0,130.32877159861039,130.32877159861039,0,0.024578265239636465,0,0,0.024578265239636465,0,0,-0.054608716934922724,-0.0044369244969735397,-0.0040475841186687978,-0.0032866737694053796,-0.0039665087043652784,0.018638531110986931,0.0041395697160104272,0.0026457734073576339,0.0079161307761431449,0.00091444786502864559,0,-0.031943616411728153
1.8149999999999999,approach_stop,40,40,0.20000000000000001,0.02,0.24055946226562497,0.68249118749999993,0.67848750000000035,0,3.2000000000000002,0,0.072325086258532317,0.33726149432502578,0,3.2023936294027755,0,0.0074698728090474469,free_flight_controlled,sep_nmpc_adapted,formal_acados,0.22349895390934374,0,0.39079514052443937,-0.073826132349188583,-0.020915255639996445,-0.10628525397315752,0.37769511022177843,1.4142135633070088e-10,-0.1047699063199012,1.2410384752684358,1.2410384752684358,false,false,5.7252330000000002,0,0,false,0,0.083673162143698937,0,130.3319852688108,130.3319852688108,0,0.031967818893857469,0,0,0.031967818893857469,0,0,-0.054507448902022894,-0.0044156228903917422,-0.0040328410969247977,-0.0032466490358819353,-0.0039611439808635972,0.021868255797686753,0.0043797386205841511,0.003261993280959647,0.0080702822923196457,0.0012456336785041744,0,-0.032970255157598383
1.8200000000000001,approach_stop,40,40,0.20000000000000001,0.02,0.24398034000000007,0.68584800000000012,0.66419999999999968,0,3.2000000000000002,0,0.074023958552824204,0.34229062327980936,0,3.2024308306796589,0,0.0074100373404931237,free_flight_controlled,sep_nmpc_adapted,formal_acados,0.22352140358267353,0,0.39072768184332773,-0.075502554970150682,-0.02152546977682776,-0.10628525397315752,0.37769511022177843,1.4142135633070088e-10,-0.1047699063199012,1.2410384752684358,1.2410384752684358,false,false,5.7252330000000002,0,0,false,0,0.084118534339545734,0,130.33524758024703,130.33524758024703,0,0.039211146931873331,0,0,0.039211146931873331,0,0,-0.054390193205945431,-0.0043930585626801482,-0.004014897989357398,-0.0032061815435687458,-0.0039539204045836197,0.025033188711843794,0.0046464567363597503,0.0039217826559912105,0.0080971496562000124,0.0016561246912280606,0,-0.034017451060545892
1.825,approach_stop,40,40,0.20000000000000001,0.02,0.247417822265625,0.68913281250000002,0.64968750000000008,0,3.2000000000000002,0,0.075748024224080959,0.34733871744637029,0,3.2024677265240431,0,0.007347700950752995,free_flight_controlled,sep_nmpc_adapted,formal_acados,0.22354758138660316,0,0.39065840587794787,-0.077200442837477817,-0.022144929417783919,-0.10628525397315752,0.37769511022177843,1.4142135633070088e-10,-0.1047699063199012,1.2410384752684358,1.2410384752684358,false,false,5.7252330000000002,0,0,false,0,0.084553857698994719,0,130.33856088305035,130.33856088305035,0,0.046305853921410622,0,0,0.046305853921410622,0,0,-0.054257276196170531,-0.0043690747569053298,-0.0039935964524994661,-0.0031658479425974357,-0.0039444703816890738,0.028132517217362325,0.0049490024387232011,0.0046014803429641022,0.0080208277180046899,0.002134169262825965,0,-0.035085227493531983
1.8300000000000001,approach_stop,40,40,0.20000000000000001,0.02,0.25087154625000008,0.69234450000000003,0.63494999999999979,0,3.2000000000000002,0,0.077497376201455484,0.35240502108035177,0,3.2025043045042221,0,0.0072828929426574816,free_flight_controlled,sep_nmpc_adapted,formal_acados,0.22357764558912163,0,0.39058734812384921,-0.078919730612333844,-0.022773587337169231,-0.10628525397315752,0.37769511022177843,1.4142135633070088e-10,-0.1047699063199012,1.2410384752684358,1.2410384752684358,false,false,5.7252330000000002,0,0,false,0,0.084979348646609901,0,130.34192734361724,130.34192734361724,0,0.053249766722883618,0,0,0.053249766722883618,0,0,-0.054109025960089575,-0.0043434737862962335,-0.0039688932779486617,-0.0031261026602477332,-0.0039324872603431387,0.031166380830054293,0.0052943664997055877,0.0052788963302189008,0.0078659070006906924,0.0026672395743870558,0,-0.036173600029159772
1.835,approach_stop,40,40,0.20000000000000001,0.02,0.25434114351562498,0.69548193749999998,0.61998750000000014,0,3.2000000000000002,0,0.079272103680709291,0.35748879653966842,0,3.2025405523393573,0,0.0072156443659504802,free_flight_controlled,sep_nmpc_adapted,formal_acados,0.22361175721784798,0,0.39051454828392562,-0.080660346462861326,-0.023411393881981563,-0.10628525397315752,0.37769511022177843,1.4142135633070088e-10,-0.1047699063199012,1.2410384752684358,1.2410384752684358,false,false,5.7252330000000002,0,0,false,0,0.085395222708236962,0,130.34534894921268,130.34534894921268,0,0.060040926429526076,0,0,0.060040926429526076,0,0,-0.053945767293490897,-0.0043160298317588943,-0.0039408502281908092,-0.0030872783165007628,-0.0039177278116383826,0.034135967190685186,0.0056867446978811206,0.0059343875600915549,0.0076563495018812863,0.0032425791719792926,0,-0.037282576403242194
1.8400000000000001,approach_stop,40,40,0.20000000000000001,0.02,0.25782624000000004,0.69854399999999994,0.60479999999999989,0,3.2000000000000002,0,0.081072292214066657,0.36258932398380728,0,3.2025764579081386,0,0.0071459879933406748,free_flight_controlled,sep_nmpc_adapted,formal_acados,0.22365008005173836,0,0.39044005029608886,-0.082422212162328284,-0.024058297028914998,-0.10628525397315752,0.37769511022177843,1.4142135633070088e-10,-0.1047699063199012,1.2410384752684358,1.2410384752684358,false,false,5.7252330000000002,0,0,false,0,0.085801694372389492,0,130.34882751086181,130.34882751086181,0,0.066677576551929185,0,0,0.066677576551929185,0,0,-0.053767816364444047,-0.0042865037244968545,-0.0039096192227973982,-0.0030495912411028577,-0.003900012168970856,0.037043538777474516,0.0061272518440352967,0.00655163944042311,0.0074145755594502141,0.0038476703457555922,0,-0.038412156580335852
1.845,approach_stop,40,40,0.20000000000000001,0.02,0.26132645601562493,0.70152956249999987,0.58938750000000018,0,3.2000000000000002,0,0.082898023798015349,0.36770590085697941,0,3.2026120092574,0,0.0070739583235654886,free_flight_controlled,sep_nmpc_adapted,formal_acados,0.22369278061687548,0,0.39036390227713946,-0.084205243181139894,-0.024714242437685632,-0.10628525397315752,0.37769511022177843,1.4142135633070088e-10,-0.1047699063199012,1.2410384752684358,1.2410384752684358,false,false,5.7252330000000002,0,0,false,0,0.086198976962823248,0,130.35236466502042,130.35236466502042,0,0.073158147939283324,0,0,0.073158147939283324,0,0,-0.053575475412609326,-0.0042546586082969308,-0.0038754243680344858,-0.003013151000689726,-0.0038792216469569086,0.039892392753345995,0.0066138542762150098,0.0071181476659075271,0.0071607737057404735,0.004470614253954671,0,-0.039562332929726371
1.8500000000000001,approach_stop,40,40,0.20000000000000001,0.02,0.26484140625000008,0.70443750000000005,0.57374999999999987,0,3.2000000000000002,0,0.084749376958038525,0.37283784118275931,0,3.2026471946107926,0,0.0069995916021646162,free_flight_controlled,sep_nmpc_adapted,formal_acados,0.22374002818509367,0,0.39028615639640007,-0.08600934877294486,-0.025379173500516255,-0.12477305375252927,0.22865463283692819,1.4142135643295372e-10,-0.052784472809230293,1.1351046680147574,1.1351046680147574,false,false,5.7889229999999996,0,0,false,0,0.086587282524290363,0,130.23466939791513,130.23466939791513,0,-0.085573132795069673,0,0,-0.085573132795069673,0,0,-0.053369027804309237,-0.004220275423389163,-0.0038385423034623368,-0.0029779728211278681,-0.0038552948818059451,0.042686760113863444,0.0071415051955370521,0.007625413072142778,0.0069124312969517402,0.0051004224178752486,0,-0.04073309051369154
1.855,approach_stop,40,40,0.20000000000000001,0.02,0.268370699765625,0.70726668749999999,0.55788749999999987,0,3.2000000000000002,0,0.08662641184944983,0.37797842965173045,0,3.2026818954907683,0,0.0068801697662492509,free_flight_controlled,sep_nmpc_adapted,formal_acados,0.22379199217124371,0,0.39020673626716074,-0.087834419678206127,-0.026053223990624843,-0.12477305375252927,0.22865463283692819,1.4142135643295372e-10,-0.052784472809230293,1.1351046680147574,1.1351046680147574,false,false,5.7889229999999996,0,0,false,0,0.086964700995871488,0,130.2397691838753,130.2397691838753,0,-0.073500880223968501,0,0,-0.073500880223968501,0,0,-0.053145353373607727,-0.0041847365532539631,-0.0037989069002756738,-0.0029440760455826027,-0.0038282103685640494,0.046778716641459217,0.0070871665439687613,0.0082078029305110989,0.0066552493366328737,0.0057309095907856558,0,-0.04192369710346603
1.8600000000000001,approach_stop,40,40,0.20000000000000001,0.02,0.27191394000000008,0.7100160000000002,0.54179999999999962,0,3.2000000000000002,0,0.088529184222705032,0.38313267334966505,0,3.2027159947027823,0,0.006758929995267852,free_flight_controlled,sep_nmpc_adapted,formal_acados,0.22384884461507226,0,0.39012557195834963,-0.089680339607632775,-0.026736517763089194,-0.12477305375252927,0.22865463283692819,1.4142135643295372e-10,-0.052784472809230293,1.1351046680147574,1.1351046680147574,false,false,5.7889229999999996,0,0,false,0,0.087329399876552041,0,130.2449190038835,130.2449190038835,0,-0.061742121836259045,0,0,-0.061742121836259045,0,0,-0.05290153379893385,-0.0041491532022397103,-0.0037567088554963635,-0.0029113152660122541,-0.0037980176788559444,0.050744662432992846,0.0071591727474182949,0.00865002801874451,0.0064593064105139576,0.0063426140350018529,0,-0.04313455789637155
1.865,approach_stop,40,40,0.20000000000000001,0.02,0.27547072476562501,0.71268431250000008,0.52548749999999989,0,3.2000000000000002,0,0.090457759973471247,0.38829962540927299,0,3.2027494833046402,0,0.006635931479585187,free_flight_controlled,sep_nmpc_adapted,formal_acados,0.22391076287957901,0,0.39004273160665909,-0.091546997093892246,-0.027428976199723072,-0.12477305375252927,0.22865463283692819,1.4142135643295372e-10,-0.052784472809230293,1.1351046680147574,1.1351046680147574,false,false,5.7889229999999996,0,0,false,0,0.087681742326572457,0,130.25011973053691,130.25011973053691,0,-0.050296353132579186,0,0,-0.050296353132579186,0,0,-0.052638193141933992,-0.004112904254488744,-0.0037126475971380021,-0.0028793703192843923,-0.0037648250769584286,0.054587348403229749,0.0073521899722283736,0.0089540426198990008,0.0063292337057774635,0.0069301438718014398,0,-0.044365584815892374
1.8700000000000001,approach_stop,40,40,0.20000000000000001,0.02,0.27904064625000002,0.71527050000000003,0.50894999999999968,0,3.2000000000000002,0,0.092412200340701148,0.39347836967394062,0,3.2027823526535069,0,0.0065112347365562989,free_flight_controlled,sep_nmpc_adapted,formal_acados,0.22397792709916148,0,0.38995828614436656,-0.093434273241539662,-0.028130518255775127,-0.12477305375252927,0.22865463283692819,1.4142135643295372e-10,-0.052784472809230293,1.1351046680147574,1.1351046680147574,false,false,5.7889229999999996,0,0,false,0,0.088022087066261703,0,130.2553720166145,130.2553720166145,0,-0.039162811950789245,0,0,-0.039162811950789245,0,0,-0.052355936712831765,-0.0040754106793895028,-0.0036673930132727238,-0.0028479114627263766,-0.0037287628164490538,0.058311461415836451,0.007654911552457652,0.0091294659860565227,0.0062643904729734771,0.0074900420816963681,0,-0.045616681079714429
1.875,approach_stop,40,40,0.20000000000000001,0.02,0.282623291015625,0.7177734375,0.4921875,0,3.2000000000000002,0,0.094392562055951867,0.39866801905900118,0,3.2028145944121937,0,0.0063849015091418425,free_flight_controlled,sep_nmpc_adapted,formal_acados,0.22405052017981111,0,0.38987230898176567,-0.09534204187614076,-0.028841060531651908,-0.12477305375252927,0.22865463283692819,1.4142135643295372e-10,-0.052784472809230293,1.1351046680147574,1.1351046680147574,false,false,5.7889229999999996,0,0,false,0,0.088350788255526114,0,130.26067630565905,130.26067630565905,0,-0.028340512757362768,0,0,-0.028340512757362768,0,0,-0.052055342381417381,-0.0040361623475177622,-0.0036215509545218876,-0.0028166232196838634,-0.0036899743123519654,0.061923220199179986,0.0080513026422162001,0.0091920174507614943,0.0062598936099127955,0.0080204393339424786,0,-0.046887741943214128
1.8800000000000001,approach_stop,40,40,0.20000000000000001,0.02,0.28621824000000007,0.72019200000000005,0.47519999999999968,0,3.2000000000000002,0,0.096398897484418322,0.4038677138116043,0,3.2028462005551099,0,0.0062569946997112933,free_flight_controlled,sep_nmpc_adapted,formal_acados,0.22412872779386761,0,0.38978487573271042,-0.097270169690550717,-0.029560517341299379,-0.12477305375252927,0.22865463283692819,1.4142135643295372e-10,-0.052784472809230293,1.1351046680147574,1.1351046680147574,false,false,5.7889229999999996,0,0,false,0,0.088668195397193894,0,130.26603284079761,130.26603284079761,0,-0.017828280940290542,0,0,-0.017828280940290542,0,0,-0.051736954001025071,-0.003994738319642456,-0.0035756369663358968,-0.0027852227943561897,-0.0036486091488487837,0.065429938893455858,0.008521951243010974,0.0091618098800891647,0.0063077453793468604,0.0085206726554178588,0,-0.048178655564981708
1.885,approach_stop,40,40,0.20000000000000001,0.02,0.28982506851562495,0.72252506249999993,0.45798750000000005,0,3.2000000000000002,0,0.098431254757194567,0.40907661975583937,0,3.2028771633739712,0,0.0061275783409973916,free_flight_controlled,sep_nmpc_adapted,formal_acados,0.22421273836913047,0,0.38969606398523554,-0.099218516388064087,-0.030288800777090858,-0.12477305375252927,0.22865463283692819,1.4142135643295372e-10,-0.052784472809230293,1.1351046680147574,1.1351046680147574,false,false,5.7889229999999996,0,0,false,0,0.088974653265504758,0,130.27144167170579,130.27144167170579,0,-0.0076247856615844767,0,0,-0.0076247856615844767,0,0,-0.051401277039379308,-0.0039508202970024164,-0.0035300586613915613,-0.0027534727825093935,-0.0036048180107856958,0.068839584993023548,0.0090454389693463144,0.0090616186359554398,0.0063979739903304638,0.0089909022604767758,0,-0.049489303953986777
1.8900000000000001,approach_stop,40,40,0.20000000000000001,0.02,0.29344334625000007,0.72477150000000001,0.44054999999999939,0,3.2000000000000002,0,0.10048967789488568,0.41429392659943992,0,3.2029074754834475,0,0.0059967175975899718,free_flight_controlled,sep_nmpc_adapted,formal_acados,0.22430274307258571,0,0.38960595311447221,-0.10118693482229997,-0.031025820771376434,-0.12477305375252927,0.22865463283692819,1.4142135643295372e-10,-0.052784472809230293,1.1351046680147574,1.1351046680147574,false,false,5.7889229999999996,0,0,false,0,0.089270501857999063,0,130.27690266000343,130.27690266000343,0,0.0022714299572927921,0,0,0.0022714299572927921,0,0,-0.051048776383653606,-0.0039041993302312713,-0.0034851065910139864,-0.0027211883034130853,-0.0035587494773413387,0.072160355358649342,0.0095996550974967263,0.0089152286624027671,0.0065197133826282345,0.0094317539565812493,0,-0.050819563957363312
1.895,approach_stop,40,40,0.20000000000000001,0.02,0.29707263726562499,0.72693018750000005,0.42288750000000014,0,3.2000000000000002,0,0.10257420692304163,0.41951884636538184,0,3.2029371298268683,0,0.0058644787852431901,free_flight_controlled,sep_nmpc_adapted,formal_acados,0.22439893578923897,0,0.38951462413181626,-0.10317527113380266,-0.031771485154929738,-0.12477305375252927,0.22865463283692819,1.4142135643295372e-10,-0.052784472809230293,1.1351046680147574,1.1351046680147574,false,false,5.7889229999999996,0,0,false,0,0.08955607636829889,0,130.28241548365403,130.28241548365403,0,0.011861922261397373,0,0,0.011861922261397373,0,0,-0.050679876178349188,-0.0038547762348680576,-0.0034409530063447143,-0.0026882390115804495,-0.0035105484936138005,0.075400290000176548,0.010162990515911434,0.0087459438423916989,0.0066621629400547529,0.00984400862823606,0,-0.052169308249469283
1.9000000000000001,approach_stop,40,40,0.20000000000000001,0.02,0.3007125000000001,0.7290000000000002,0.40499999999999942,0,3.2000000000000002,0,0.10468487798016625,0.42475061199708836,0,3.2029661196820349,0,0.0057309293925455742,free_flight_controlled,sep_nmpc_adapted,formal_acados,0.22450151309671446,0,0.38942215956198156,-0.1051833648834518,-0.032525699712593337,-0.14293052424154162,0.18619310214133356,1.4142135650953322e-10,-0.037442242072556205,1.0112913884391752,1.0112913884391752,false,false,5.7258129999999996,0,0,false,0,0.089831707176725575,0,130.14091759584787,130.14091759584787,0,-0.17229742623618818,0,0,-0.17229742623618818,0,0,-0.050294961467238497,-0.0038025564417074041,-0.003397657530525431,-0.002654546703833219,-0.0034603562443072246,0.078566938810451833,0.010715363034823044,0.0085753220039080733,0.0068153837870605994,0.010228353883520282,0,-0.05353840628650218
1.905,approach_stop,40,40,0.20000000000000001,0.02,0.30436248726562504,0.7309798125000001,0.38688750000000022,0,3.2000000000000002,0,0.1068217051133748,0.4299810929428603,0,3.2029943083609962,0,0.0055440086684018629,free_flight_controlled,sep_nmpc_adapted,formal_acados,0.22461066988047143,0,0.38932848471712589,-0.10721103523290337,-0.033288594204849017,-0.14293052424154162,0.18619310214133356,1.4142135650953322e-10,-0.037442242072556205,1.0112913884391752,1.0112913884391752,false,false,5.7258129999999996,0,0,false,0,0.09009523406918557,0,130.14850666313825,130.14850666313825,0,-0.15638031228776839,0,0,-0.15638031228776839,0,0,-0.049890420377538193,-0.0037494781493894267,-0.0033547379123918183,-0.0026201785756354572,-0.0034082962749665416,0.083245530938918857,0.01051843883603237,0.0085852687426275758,0.0069369357157612974,0.010589668455088855,0,-0.054925683862838401
1.9100000000000001,approach_stop,40,40,0.20000000000000001,0.02,0.30802214625000013,0.73286850000000003,0.36854999999999949,0,3.2000000000000002,0,0.10898469745973263,0.43521651616745882,0,3.2030215609747215,0,0.0053565148180948121,free_flight_controlled,sep_nmpc_adapted,formal_acados,0.22472660353109361,0,0.38923353003394301,-0.10925809392863903,-0.034060287407247876,-0.14293052424154162,0.18619310214133356,1.4142135650953322e-10,-0.037442242072556205,1.0112913884391752,1.0112913884391752,false,false,5.7258129999999996,0,0,false,0,0.090344584723540663,0,130.15613874931512,130.15613874931512,0,-0.14094418204700801,0,0,-0.14094418204700801,0,0,-0.049462877289754369,-0.0036971907817310253,-0.0033119116056845761,-0.0025851227492175769,-0.0033545198666559205,0.08776714396066955,0.010398867697847036,0.0085395458098894463,0.0070890889939822276,0.010915192657672773,0,-0.056331639800271879
1.915,approach_stop,40,40,0.20000000000000001,0.02,0.31169101851562497,0.73466493750000006,0.34998750000000028,0,3.2000000000000002,0,0.11117387704510531,0.440455814077376,0,3.2030478748970661,0,0.0051685438630238202,free_flight_controlled,sep_nmpc_adapted,formal_acados,0.22484951838298445,0,0.38913738880596105,-0.11132435866212087,-0.034840661185769103,-0.14293052424154162,0.18619310214133356,1.4142135650953322e-10,-0.037442242072556205,1.0112913884391752,1.0112913884391752,false,false,5.7258129999999996,0,0,false,0,0.090580257542324835,0,130.16381177138544,130.16381177138544,0,-0.12598548171798901,0,0,-0.12598548171798901,0,0,-0.049013115116594091,-0.0036453165177062811,-0.0032694302866581016,-0.0025492483080795337,-0.0032992014903871544,0.092132752179582195,0.010352635928760833,0.0084492245393174899,0.0072628023978485671,0.011206803233194281,0,-0.057756068836861053
1.9199999999999999,approach_stop,40,40,0.20000000000000001,0.02,0.31536863999999998,0.73636799999999991,0.33120000000000027,0,3.2000000000000002,0,0.1133892606545184,0.4456979576812321,0,3.2030732479821622,0,0.0049801917997334228,free_flight_controlled,sep_nmpc_adapted,formal_acados,0.22497962136402702,0,0.38904015508239209,-0.11340963929049139,-0.035629595187657299,-0.14293052424154162,0.18619310214133356,1.4142135650953322e-10,-0.037442242072556205,1.0112913884391752,1.0112913884391752,false,false,5.7258129999999996,0,0,false,0,0.090802742836040173,0,130.17152347314916,130.17152347314916,0,-0.11150042663681406,0,0,-0.11150042663681406,0,0,-0.048541909416653248,-0.0035935035498553041,-0.0032274850708294608,-0.0025124719749286596,-0.0032425052145552448,0.096344290631404136,0.01037346376878256,0.0083272936329690968,0.0074481885795780623,0.011466735916257447,0,-0.059198761146316316
1.925,approach_stop,40,40,0.20000000000000001,0.02,0.31905454101562503,0.73797656249999999,0.31218749999999951,0,3.2000000000000002,0,0.11563086002242712,0.45094195557074102,0,3.2030976785637617,0,0.0047915544736440857,free_flight_controlled,sep_nmpc_adapted,formal_acados,0.22511712196262992,0,0.38894192350814349,-0.1155137380597972,-0.036426966935382707,-0.14293052424154162,0.18619310214133356,1.4142135650953322e-10,-0.037442242072556205,1.0112913884391752,1.0112913884391752,false,false,5.7258129999999996,0,0,false,0,0.091012522756776487,0,130.17927144069057,130.17927144069057,0,-0.09748502039187748,0,0,-0.09748502039187748,0,0,-0.04805002408320784,-0.0035414357348991449,-0.0031861993624334841,-0.0024747604775733024,-0.0031845836156172056,0.10040445783303074,0.010453475661773071,0.0081876919550018055,0.0076352502825771116,0.011697308238861802,0,-0.060659502941741522
1.9299999999999999,approach_stop,40,40,0.20000000000000001,0.02,0.32274824624999993,0.73948949999999991,0.29295000000000032,0,3.2000000000000002,0,0.11789868201804168,0.4561868528843448,0,3.203121165454204,0,0.0046027274677624495,free_flight_controlled,sep_nmpc_adapted,formal_acados,0.22526223219116223,0,0.38884278919722393,-0.11763644982687946,-0.037232651919141491,-0.14293052424154162,0.18619310214133356,1.4142135650953322e-10,-0.037442242072556205,1.0112913884391752,1.0112913884391752,false,false,5.7258129999999996,0,0,false,0,0.091210071243636393,0,130.18705311671465,130.18705311671465,0,-0.083935073328718135,0,0,-0.083935073328718135,0,0,-0.04753820801375587,-0.0034888389476162521,-0.0031456263886532445,-0.0024361294094244726,-0.003125577987323637,0.10431652250000915,0.010583842875976071,0.0080444097832705896,0.0078145404683756439,0.011900679476063242,0,-0.062138077101527189
1.9350000000000001,approach_stop,40,40,0.20000000000000001,0.02,0.32644927476562507,0.74090568749999997,0.27348749999999961,0,3.2000000000000002,0,0.12019272882549116,0.46143173028337875,0,3.2031437079428478,0,0.0044138060020617051,free_flight_controlled,sep_nmpc_adapted,formal_acados,0.22541516654613797,0,0.38874284763269562,-0.1197775622793532,-0.03804652368750501,-0.14293052424154162,0.18619310214133356,1.4142135650953322e-10,-0.037442242072556205,1.0112913884391752,1.0112913884391752,false,false,5.7258129999999996,0,0,false,0,0.091395853981612193,0,130.19486581395441,130.19486581395441,0,-0.07084622001111468,0,0,-0.07084622001111468,0,0,-0.047007192715811615,-0.0034354843568971051,-0.0031057509666573484,-0.0023966390442261417,-0.0030656196336803286,0.10808414372131139,0.010755367506270114,0.0079107004324899949,0.0079777163089989021,0.012078658684225798,0,-0.063634263797411952
1.9399999999999999,approach_stop,40,40,0.20000000000000001,0.02,0.33015713999999996,0.74222399999999999,0.25380000000000041,0,3.2000000000000002,0,0.12251299811894877,0.46667570296383265,0,3.2031653057940224,0,0.0042248848391041654,free_flight_controlled,sep_nmpc_adapted,formal_acados,0.22557614196576883,0,0.38864219458501559,-0.12193685615317994,-0.038868453936068831,-0.14293052424154162,0.18619310214133356,1.4142135650953322e-10,-0.037442242072556205,1.0112913884391752,1.0112913884391752,false,false,5.7258129999999996,0,0,false,0,0.091570328372895846,0,130.20270672786097,130.20270672786097,0,-0.058213935312102644,0,0,-0.058213935312102644,0,0,-0.046457690762761773,-0.0033811889778461502,-0.0030664948717789671,-0.0023563876902201733,-0.0030048319865385855,0.111711211756962,0.010958984911508809,0.0077984321389412839,0.008117966889767304,0.012232567590536966,0,-0.065147841107308507
1.9450000000000001,approach_stop,40,40,0.20000000000000001,0.02,0.33387134976562505,0.74344331250000006,0.23388749999999964,0,3.2000000000000002,0,0.12485948323294015,0.4719179197198265,0,3.2031859592445135,0,0.0040360581922001737,free_flight_controlled,sep_nmpc_adapted,formal_acados,0.22574537778551021,0,0.38854092604008661,-0.12411410544742994,-0.039698312593980288,-0.14293052424154162,0.18619310214133356,1.4142135650953322e-10,-0.037442242072556205,1.0112913884391752,1.0112913884391752,false,false,5.7258129999999996,0,0,false,0,0.091733943519431232,0,130.21057294875973,130.21057294875973,0,-0.046033548944430264,0,0,-0.046033548944430264,0,0,-0.045890394983716609,-0.0033258139480891072,-0.0030277250560663549,-0.0023155032450992937,-0.0029433332652094553,0.11520171424733017,0.011186169797478218,0.0077175980108265081,0.0082303042521243239,0.012363161015443904,0,-0.066678585598978324
1.95,approach_stop,40,40,0.20000000000000001,0.02,0.33759140624999995,0.74456250000000013,0.2137500000000005,0,3.2000000000000002,0,0.12723217332811917,0.4771575620682636,0,3.2032056690005879,0,0.0038474196336819567,free_flight_controlled,sep_nmpc_adapted,formal_acados,0.22592309569219113,0,0.38843913812860975,-0.12630907763592805,-0.0405359679082474,-0.16020536391308127,0.17228532831369148,1.4142135655853481e-10,-0.031175222812594574,0.86228887048254754,0.86228887048254754,false,false,5.7108480000000004,0,0,false,0,0.091887140215438284,0,130.03744211854354,130.03744211854354,0,-0.26767191072491298,0,0,-0.26767191072491298,0,0,-0.045305978253120223,-0.0032692610306443337,-0.0029892639064240875,-0.0022741336417510631,-0.00288123939162402,0.11855963033905663,0.011429238959332884,0.0076759904030740929,0.008311716538332705,0.012470603767165663,0,-0.06822627287455435
1.9550000000000001,approach_stop,40,40,0.20000000000000001,0.02,0.34131680601562503,0.74558043750000003,0.19338749999999971,0,3.2000000000000002,0,0.12963103107722204,0.48238478151189523,0,3.2032242747582185,0,0.0035944555270513022,free_flight_controlled,sep_nmpc_adapted,formal_acados,0.22610951270145291,0,0.38833673459635432,-0.12852151837576914,-0.041381559760919347,-0.16020536391308127,0.17228532831369148,1.4142135655853481e-10,-0.031175222812594574,0.86228887048254754,0.86228887048254754,false,false,5.7108480000000004,0,0,false,0,0.092027351334295932,0,130.04805985140928,130.04805985140928,0,-0.24800373360815708,0,0,-0.24800373360815708,0,0,-0.044700315606810412,-0.0032136820776237848,-0.0029503710925207248,-0.0022325559591201451,-0.0028186479710199069,0.12369294763501811,0.0108134191643506,0.0078750452264162649,0.0083204202646245309,0.012560299976602334,0,-0.069789196828010991
1.96,approach_stop,40,40,0.20000000000000001,0.02,0.34504704000000003,0.74649600000000005,0.17279999999999973,0,3.2000000000000002,0,0.13205601389419541,0.48760739251823154,0,3.2032416186196611,0,0.0033426789671771517,free_flight_controlled,sep_nmpc_adapted,formal_acados,0.2263048479738583,0,0.38823362441096798,-0.13075116592033711,-0.042235215625135707,-0.16020536391308127,0.17228532831369148,1.4142135655853481e-10,-0.031175222812594574,0.86228887048254754,0.86228887048254754,false,false,5.7108480000000004,0,0,false,0,0.09215211338230074,0,130.05869507231839,130.05869507231839,0,-0.22899071156518164,0,0,-0.22899071156518164,0,0,-0.044069585968856816,-0.0031608131229884069,-0.0029106291077364427,-0.0021909065920352197,-0.0027556947018429635,0.12858515570309073,0.010346957663176929,0.0080151239029554316,0.0083401529449171445,0.012615510275296461,0,-0.071368008961059756
1.9650000000000001,approach_stop,40,40,0.20000000000000001,0.02,0.34878159351562504,0.74730806249999993,0.15198749999999978,0,3.2000000000000002,0,0.13450709582491635,0.49282423974662937,0,3.2032577068415771,0,0.0030922176873542217,free_flight_controlled,sep_nmpc_adapted,formal_acados,0.22650932988232805,0,0.38812991293297927,-0.1329977659425883,-0.043096777379421157,-0.16020536391308127,0.17228532831369148,1.4142135655853481e-10,-0.031175222812594574,0.86228887048254754,0.86228887048254754,false,false,5.7108480000000004,0,0,false,0,0.092262062562251321,0,130.06934199218435,130.06934199218435,0,-0.21062556041757069,0,0,-0.21062556041757069,0,0,-0.043414998272368728,-0.0031098933357856678,-0.0028703343702242519,-0.0021491365544473338,-0.0026925487252886593,0.13323532148890524,0.01003443965181631,0.0080965352073347555,0.0083680423238658153,0.012637681226804144,0,-0.072962393441102114
1.97,approach_stop,40,40,0.20000000000000001,0.02,0.35251994624999994,0.74801549999999983,0.13094999999999979,0,3.2000000000000002,0,0.13698424527723457,0.49803422301675526,0,3.2032725463135892,0,0.0028431969515891435,free_flight_controlled,sep_nmpc_adapted,formal_acados,0.22672318899946559,0,0.38802570482760362,-0.13526105627776899,-0.043966085080477071,-0.16020536391308127,0.17228532831369148,1.4142135655853481e-10,-0.031175222812594574,0.86228887048254754,0.86228887048254754,false,false,5.7108480000000004,0,0,false,0,0.092357822766109099,0,130.07999478316754,130.07999478316754,0,-0.19290066387092827,0,0,-0.19290066387092827,0,0,-0.042737760093924444,-0.0030601538367193222,-0.0028297686447420521,-0.0021072167842139406,-0.0026293702074624658,0.13764488824958873,0.0098746065434260864,0.0081246803032320909,0.0083991067690443386,0.012628910680951984,0,-0.074572029936315162
1.9750000000000001,approach_stop,40,40,0.20000000000000001,0.02,0.35626157226562505,0.74861718749999995,0.10968749999999984,0,3.2000000000000002,0,0.13948742529299477,0.5032362958422758,0,3.203286144545082,0,0.0025957393776459836,free_flight_controlled,sep_nmpc_adapted,formal_acados,0.22694665805307349,0,0.38792110385449952,-0.13754076723992129,-0.044842977091835746,-0.16020536391308127,0.17228532831369148,1.4142135655853481e-10,-0.031175222812594574,0.86228887048254754,0.86228887048254754,false,false,5.7108480000000004,0,0,false,0,0.092440005485977778,0,130.09064760016705,130.09064760016705,0,-0.17580810235768607,0,0,-0.17580810235768607,0,0,-0.042039066316792023,-0.0030108451619110257,-0.0027891759957391683,-0.0020651468927163435,-0.0025663077777021187,0.14181744781133804,0.0098610847959161568,0.0081090607171690164,0.0084269846162668798,0.012591668547626158,0,-0.076196594187193198
1.98,approach_stop,40,40,0.20000000000000001,0.02,0.36000593999999997,0.749112,0.088199999999999862,0,3.2000000000000002,0,0.14201659381238302,0.50842946375079023,0,3.2032985096515856,0,0.0023499647881717032,free_flight_controlled,sep_nmpc_adapted,formal_acados,0.22717997187891303,0,0.38781621269979338,-0.13983662193346999,-0.045727290209035473,-0.16020536391308127,0.17228532831369148,1.4142135655853481e-10,-0.031175222812594574,0.86228887048254754,0.86228887048254754,false,false,5.7108480000000004,0,0,false,0,0.092509209744715132,0,130.10129460020812,130.10129460020812,0,-0.15933968422374095,0,0,-0.15933968422374095,0,0,-0.041320089063843213,-0.0029612607325297017,-0.0027487450216233922,-0.0020229601614271124,-0.0025034973638401454,0.14575846360357514,0.0099832445475068789,0.0080621715711673685,0.0084446961620565381,0.012528520971030856,0,-0.077835758725655874
1.9850000000000001,approach_stop,40,40,0.20000000000000001,0.02,0.36375251226562511,0.74949881250000006,0.066487499999999908,0,3.2000000000000002,0,0.14457170392946878,0.51361278245241349,0,3.2033096503405041,0,0.0021059900958397882,free_flight_controlled,sep_nmpc_adapted,formal_acados,0.22742336737078678,0,0.3877111328467478,-0.142148336558682,-0.046618859780530764,-0.16020536391308127,0.17228532831369148,1.4142135655853481e-10,-0.031175222812594574,0.86228887048254754,0.86228887048254754,false,false,5.7108480000000004,0,0,false,0,0.092566022050046076,0,130.11192995949261,130.11192995949261,0,-0.14348697814426659,0,0,-0.14348697814426659,0,0,-0.040581969099307606,-0.002910755831492696,-0.0027085967438467387,-0.0019807247651221702,-0.0024410623541932038,0.14947496310858527,0.010227128574840349,0.0079983589586333746,0.0084453822782880328,0.012441878626630775,0,-0.079489193708455488
1.99,approach_stop,40,40,0.20000000000000001,0.02,0.36750074625000007,0.74977650000000007,0.04454999999999993,0,3.2000000000000002,0,0.14715270413833495,0.51878535591598096,0,3.2033195758963569,0,0.0018639292242773318,free_flight_controlled,sep_nmpc_adapted,formal_acados,0.22767708342844437,0,0.38760596447839146,-0.14447562070989059,-0.047517519823864568,-0.16020536391308127,0.17228532831369148,1.4142135655853481e-10,-0.031175222812594574,0.86228887048254754,0.86228887048254754,false,false,5.7108480000000004,0,0,false,0,0.092611016372427205,0,130.12254788805041,130.12254788805041,0,-0.12824134572398135,0,0,-0.12824134572398135,0,0,-0.039825808808274139,-0.0028587618744439895,-0.0026687781501292251,-0.0019385414622726282,-0.0023791149216322001,0.15297521705065989,0.010576397084664327,0.0079327117451480876,0.008422971727734244,0.012333786053383549,0,-0.081156567830602155
1.9950000000000001,approach_stop,40,40,0.20000000000000001,0.02,0.3712500935156251,0.74994393749999999,0.022387499999999082,0,3.2000000000000002,0,0.14975953856947105,0.52394633440614613,0,3.2033282961657057,0,0.0016238930627644655,free_flight_controlled,sep_nmpc_adapted,formal_acados,0.22794136090387901,0,0.3875008064035923,-0.14681817766559205,-0.048423103136726493,-0.16020536391308127,0.17228532831369148,1.4142135655853481e-10,-0.031175222812594574,0.86228887048254754,0.86228887048254754,false,false,5.7108480000000004,0,0,false,0,0.092644754146214939,0,130.13314264210629,130.13314264210629,0,-0.11359397338456123,0,0,-0.11359397338456123,0,0,-0.039052666781000688,-0.0028047960174342446,-0.0026292610673898944,-0.0018965382083244494,-0.0023177582714822729,0.1562684206415941,0.011013241047284397,0.0078800466252983321,0.0083727392822798702,0.012205764471021863,0,-0.082837549285637871
2,approach_stop,40,40,0.20000000000000001,0.02,0.375,0.75,0,0,3.2000000000000002,0,0.15239214721635094,0.52909491252737717,0,3.2033358215419394,0,0.001385989449957314,free_flight_controlled,sep_nmpc_adapted,formal_acados,0.22821644254660345,0,0.38739575599692327,-0.1491757046697475,-0.049335441402622533,-0.17598946988750266,0.14667347872498729,1.4142135670117412e-10,-0.022210844067595339,0.68360933459750373,0.68360933459750373,false,false,5.7320520000000004,0,0,false,0,0.092667784293111691,0,129.92479640217798,129.92479640217798,0,-0.3799443912421468,0,0,-0.3799443912421468,0,0,-0.038263553958567932,-0.0027484663589567395,-0.0025899457783963172,-0.0018548623095762825,-0.0022570895246204832,0.15936438971294695,0.01151922545944496,0.0078540320131431363,0.0082917278540234392,0.012058715761756033,0,-0.084531806742255952
2.0049999999999999,approach_stop,40,40,0.20000000000000001,0.02,0.37874999999999992,0.75,0,0,3.2000000000000002,0,0.15505043934748966,0.53421952129161898,0,3.2033419660360418,0,0.0010715292273867914,free_flight_controlled,sep_nmpc_adapted,formal_acados,0.22850256246815442,0,0.38729068060683663,-0.15154787687933524,-0.050254694742555665,-0.17598946988750266,0.14667347872498729,1.4142135670117412e-10,-0.022210844067595339,0.68360933459750373,0.68360933459750373,false,false,5.7320520000000004,0,0,false,0,0.092677037590836162,0,129.93895431624489,129.93895431624489,0,-0.35638320137573737,0,0,-0.35638320137573737,0,0,-0.037453687937352112,-0.0026921323769545638,-0.0025500343312278985,-0.0018138127719422052,-0.0021971789814083736,0.16456202013774687,0.011033411161188042,0.0081011797152034763,0.0081304855658422704,0.011900346060256476,0,-0.086237025676829157
2.0100000000000002,approach_stop,40,40,0.20000000000000001,0.02,0.38250000000000017,0.75,0,0,3.2000000000000002,0,0.15773431890464101,0.53932967823223388,0,3.2033465467339961,0,0.00076049498370559464,free_flight_controlled,sep_nmpc_adapted,formal_acados,0.22879995650829163,0,0.38718545305602459,-0.15393436239634939,-0.051181009282417755,-0.17598946988750266,0.14667347872498729,1.4142135670117412e-10,-0.022210844067595339,0.68360933459750373,0.68360933459750373,false,false,5.7320520000000004,0,0,false,0,0.092669567097181632,0,129.95308655664272,129.95308655664272,0,-0.33365583708235125,0,0,-0.33365583708235125,0,0,-0.036618623345462668,-0.0026377078324770925,-0.0025090882380173879,-0.0017735188170756244,-0.0021381391212443594,0.16944319258247187,0.010755693045666252,0.0082682198702346641,0.0079892384915679019,0.011710751712329544,0,-0.087953990677648933
2.0150000000000001,approach_stop,40,40,0.20000000000000001,0.02,0.38625000000000009,0.75,0,0,3.2000000000000002,0,0.16044371059839005,0.54442418285309513,0,3.2033495811449373,0,0.00045303850931891566,free_flight_controlled,sep_nmpc_adapted,formal_acados,0.22910887281366676,0,0.3870801784038142,-0.15633483778472329,-0.052114187734292668,-0.17598946988750266,0.14667347872498729,1.4142135670117412e-10,-0.022210844067595339,0.68360933459750373,0.68360933459750373,false,false,5.7320520000000004,0,0,false,0,0.092646149644949868,0,129.96718289394548,129.96718289394548,0,-0.31175047674307926,0,0,-0.31175047674307926,0,0,-0.035759932020662223,-0.0025841631623787493,-0.0024674952746835048,-0.0017338873570752577,-0.0020801205627396682,0.17401259789312862,0.010680476320899353,0.0083613365591312331,0.0078647663405895848,0.011492275522122928,0,-0.089682261674612032
2.02,approach_stop,40,40,0.20000000000000001,0.02,0.39000000000000001,0.75,0,0,3.2000000000000002,0,0.16317853330696233,0.54950190221078832,0,3.2033510875241253,0,0.00014930615365927366,free_flight_controlled,sep_nmpc_adapted,formal_acados,0.22942956125317032,0,0.38697495943780869,-0.15874897205379201,-0.053054031515303336,-0.17598946988750266,0.14667347872498729,1.4142135670117412e-10,-0.022210844067595339,0.68360933459750373,0.68360933459750373,false,false,5.7320520000000004,0,0,false,0,0.092607544961462257,0,129.98123326356642,129.98123326356642,0,-0.29065496788760947,0,0,-0.29065496788760947,0,0,-0.034879155257503451,-0.002530514119303739,-0.0024255973262262255,-0.0016948475777373085,-0.0020232603872658524,0.17827769769633628,0.010795425533028815,0.0083924596979524299,0.0077515405895100175,0.011247931525771724,0,-0.091421396373779759
2.0249999999999999,approach_stop,40,40,0.20000000000000001,0.02,0.39374999999999993,0.75,0,0,3.2000000000000002,0,0.16593870040749048,0.55456176836693427,0,3.2033510848446745,0,-0.00015056131660797509,free_flight_controlled,sep_nmpc_adapted,formal_acados,0.22976227336687657,0,0.38686989647845449,-0.16117642704061391,-0.054000340892864457,-0.17598946988750266,0.14667347872498729,1.4142135670117412e-10,-0.022210844067595339,0.68360933459750373,0.68360933459750373,false,false,5.7320520000000004,0,0,false,0,0.092554495639000242,0,129.99522778901627,129.99522778901627,0,-0.27035687168377442,0,0,-0.27035687168377442,0,0,-0.033977790977636556,-0.0024758524112524455,-0.0023836654002441313,-0.0016563600385949197,-0.0019676796508489957,0.18224830636334896,0.01108271159677447,0.0083777499668400476,0.007642704741417785,0.010981059213833569,0,-0.093170951364204127
2.0300000000000002,approach_stop,40,40,0.20000000000000001,0.02,0.39750000000000019,0.75,0,0,3.2000000000000002,0,0.16872412009429241,0.55960277566740402,0,3.2033495927694169,0,-0.00044642879815858639,free_flight_controlled,sep_nmpc_adapted,formal_acados,0.23010726231343842,0,0.38676508723618064,-0.163616857780854,-0.054952915123423325,-0.17598946988750266,0.14667347872498729,1.4142135670117412e-10,-0.022210844067595339,0.68360933459750373,0.68360933459750373,false,false,5.7320520000000004,0,0,false,0,0.092487727134439673,0,130.00915680102432,130.00915680102432,0,-0.25084350844119929,0,0,-0.25084350844119929,0,0,-0.033057283093055924,-0.0024193698516188507,-0.0023418823968570845,-0.0016184208761305563,-0.0019134825809569609,0.18593613614501081,0.011520347120623338,0.0083360287402709492,0.0075310407982796404,0.010694999667229659,0,-0.094930483384218611
2.0350000000000001,approach_stop,40,40,0.20000000000000001,0.02,0.40125000000000011,0.75,0,0,3.2000000000000002,0,0.17153469568328886,0.56462397793267338,0,3.2033466316225212,0,-0.00073816686806489704,free_flight_controlled,sep_nmpc_adapted,formal_acados,0.23046478281601571,0,0.38666062671402607,-0.16606991286727316,-0.055911552584016012,-0.17598946988750266,0.14667347872498729,1.4142135670117412e-10,-0.022210844067595339,0.68360933459750373,0.68360933459750373,false,false,5.7320520000000004,0,0,false,0,0.092407947801293494,0,130.02301085248476,130.02301085248476,0,-0.23210200271811327,0,0,-0.23210200271811327,0,0,-0.032119013184203377,-0.0023603757732122786,-0.0023003336596599563,-0.0015810613494075989,-0.001860757288242591,0.18935432995784501,0.012083533496729609,0.0082872508521367721,0.0074098558419034965,0.010392816852019409,0,-0.096699550691864186
2.04,approach_stop,40,40,0.20000000000000001,0.02,0.40500000000000003,0.75,0,0,3.2000000000000002,0,0.17437032590231052,0.56962448563469603,0,3.2033422223611758,0,-0.001025651742929746,free_flight_controlled,sep_nmpc_adapted,formal_acados,0.23083509110732048,0,0.38655660714577211,-0.16853523479499005,-0.056876050896326379,-0.17598946988750266,0.14667347872498729,1.4142135670117412e-10,-0.022210844067595339,0.68360933459750373,0.68360933459750373,false,false,5.7320520000000004,0,0,false,0,0.092315848953082813,0,130.03678072953008,130.03678072953008,0,-0.21411932678436946,0,0,-0.21411932678436946,0,0,-0.031164294499371897,-0.002298307818123878,-0.0022590048808390612,-0.0015443432656219722,-0.0018095777212697359,0.19251700339201713,0.012745953382003107,0.008251102408180366,0.0072737358852650496,0.010077081525647985,0,-0.098477714485909321
2.0449999999999999,approach_stop,40,40,0.20000000000000001,0.02,0.40874999999999995,0.75,0,0,3.2000000000000002,0,0.17723090516739193,0.57460346312462418,0,3.2033363865475923,0,-0.0013087651912901503,free_flight_controlled,sep_nmpc_adapted,formal_acados,0.23121844487436782,0,0.38645311795805593,-0.17101246029302411,-0.057846207043074825,-0.17598946988750266,0.14667347872498729,1.4142135670117412e-10,-0.022210844067595339,0.68360933459750373,0.68360933459750373,false,false,5.7320520000000004,0,0,false,0,0.092212104956161056,0,130.0504574592963,130.0504574592963,0,-0.19688234143894412,0,0,-0.19688234143894412,0,0,-0.030194368182751535,-0.0022327365171711756,-0.0022177865672658183,-0.0015083510505570128,-0.0017600065205360578,0.19543881392264334,0.01348095446311269,0.008245787647935765,0.0071191290106801886,0.0097497289473910814,0,-0.10026454032846174
2.0499999999999998,approach_stop,40,40,0.20000000000000001,0.02,0.41249999999999987,0.75,0,0,3.2000000000000002,0,0.18011632384544182,0.57956012596341588,0,3.2033291463215421,0,-0.0015873944132768752,free_flight_controlled,sep_nmpc_adapted,formal_acados,0.23161510320351619,0,0.3863502457444557,-0.17350122064192564,-0.05882181747669582,-0.18972752148146574,0.088043412118383832,1.4142135773671101e-10,-0.0090411252319594782,0.70871529141244005,0.70871529141244005,false,false,5.879461,0,0,false,0,0.092097373349508085,0,130.09460248767624,130.09460248767624,0,-0.14097703411585108,0,0,-0.14097703411585108,0,0,-0.029210401558387986,-0.0021633643099739737,-0.0021764840026593435,-0.0014731813804482947,-0.0017120983879351718,0.19813457133031204,0.014262583794679047,0.0082870494557336846,0.0069447351665869704,0.0094119952985959078,0,-0.10205959952655345
2.0550000000000002,approach_stop,40,40,0.20000000000000001,0.02,0.41625000000000012,0.75,0,0,3.2000000000000002,0,0.18302647215144599,0.58449520897963314,0,3.2033205521537549,0,-0.0018503146577527685,free_flight_controlled,sep_nmpc_adapted,formal_acados,0.23202532827605182,0,0.38624810541806198,-0.17600114387539417,-0.059802631723044945,-0.18972752148146574,0.088043412118383832,1.4142135773671101e-10,-0.0090411252319594782,0.70871529141244005,0.70871529141244005,false,false,5.879461,0,0,false,0,0.091972801899216652,0,130.10750982471382,130.10750982471382,0,-0.12660984256757521,0,0,-0.12660984256757521,0,0,-0.028214295751240983,-0.0020896462379844821,-0.0021349203473588992,-0.0014389114960514796,-0.0016659070832202704,0.20029709946960966,0.015212920510619579,0.0083545672403570644,0.0067584873172617408,0.0090633279791862177,0,-0.10386276477926466
2.0600000000000001,approach_stop,40,40,0.20000000000000001,0.02,0.42000000000000004,0.75,0,0,3.2000000000000002,0,0.18596123695736461,0.58940662908973618,0,3.2033106546477348,0,-0.0021087089781630826,free_flight_controlled,sep_nmpc_adapted,formal_acados,0.23244938355995359,0,0.38614680792647671,-0.17851185339741102,-0.060788400809986702,-0.18972752148146574,0.088043412118383832,1.4142135773671101e-10,-0.0090411252319594782,0.70871529141244005,0.70871529141244005,false,false,5.879461,0,0,false,0,0.091839502911324991,0,130.12029767287535,130.12029767287535,0,-0.1129116231826307,0,0,-0.1129116231826307,0,0,-0.027207825259313249,-0.0020112292984193376,-0.002092806921672118,-0.001405630524636588,-0.0016214792688214123,0.20228198885490864,0.016138737687220461,0.0085081331662748942,0.0065500870769341652,0.0087064825603569811,0,-0.10567347269914575
2.0649999999999999,approach_stop,40,40,0.20000000000000001,0.02,0.42374999999999996,0.75,0,0,3.2000000000000002,0,0.18892049850143086,0.59429381389265989,0,3.2032994766571976,0,-0.0023624879775373288,free_flight_controlled,sep_nmpc_adapted,formal_acados,0.23288753199135709,0,0.38604642930433647,-0.18103296651007378,-0.061778923861876833,-0.18972752148146574,0.088043412118383832,1.4142135773671101e-10,-0.0090411252319594782,0.70871529141244005,0.70871529141244005,false,false,5.879461,0,0,false,0,0.091698047099472019,0,130.13295882014791,130.13295882014791,0,-0.099869488303814341,0,0,-0.099869488303814341,0,0,-0.026191842218879945,-0.0019282902519761943,-0.0020496984080854868,-0.0013734335193265254,-0.001578857998645086,0.20410347529399606,0.017019047405284874,0.0087529198138176206,0.0063262822817043403,0.0083405022046324218,0,-0.10749133613317659
2.0699999999999998,approach_stop,40,40,0.20000000000000001,0.02,0.42749999999999988,0.75,0,0,3.2000000000000002,0,0.19190413425533881,0.59915622888597153,0,3.2032870414718677,0,-0.0026115665926138335,free_flight_controlled,sep_nmpc_adapted,formal_acados,0.23334003769279421,0,0.38594704265414709,-0.1835640965625446,-0.062773999911529724,-0.18972752148146574,0.088043412118383832,1.4142135773671101e-10,-0.0090411252319594782,0.70871529141244005,0.70871529141244005,false,false,5.879461,0,0,false,0,0.091548989722728694,0,130.14548628164889,130.14548628164889,0,-0.087470625856627959,0,0,-0.087470625856627959,0,0,-0.025167130756246599,-0.0018411004152898854,-0.0020051362864429681,-0.0013423752712532345,-0.0015380922545802694,0.20577450999972161,0.017837028230939089,0.00908909294060538,0.0060963348885795616,0.0079640197668784767,0,-0.10931597910756589
2.0750000000000002,approach_stop,40,40,0.20000000000000001,0.02,0.43125000000000013,0.75,0,0,3.2000000000000002,0,0.19491201910953315,0.60399337581281343,0,3.203273372796235,0,-0.002855863979274312,free_flight_controlled,sep_nmpc_adapted,formal_acados,0.23380716592563935,0,0.38584871805281584,-0.1861048531838938,-0.063773427964017429,-0.18972752148146574,0.088043412118383832,1.4142135773671101e-10,-0.0090411252319594782,0.70871529141244005,0.70871529141244005,false,false,5.879461,0,0,false,0,0.091392870813840663,0,130.15787329931459,130.15787329931459,0,-0.075702312942399735,0,0,-0.075702312942399735,0,0,-0.02413441360826837,-0.0017500048004784341,-0.0019586728156247759,-0.0013124592701039891,-0.0014992382646261829,0.20730669138407995,0.01858000411984681,0.0095122693120673063,0.0058713889361186825,0.0075755554731228589,0,-0.11114703758949399
2.0800000000000001,approach_stop,40,40,0.20000000000000001,0.02,0.43500000000000005,0.75,0,0,3.2000000000000002,0,0.19794402555076368,0.60880479122679632,0,3.2032584947286922,0,-0.0030953034219165588,free_flight_controlled,sep_nmpc_adapted,formal_acados,0.23428918304491289,0,0.38575152242070032,-0.18865484250585079,-0.064777007054837243,-0.18972752148146574,0.088043412118383832,1.4142135773671101e-10,-0.0090411252319594782,0.70871529141244005,0.70871529141244005,false,false,5.879461,0,0,false,0,0.091230215413694984,0,130.17011334207123,130.17011334207123,0,-0.064551925482112416,0,0,-0.064551925482112416,0,0,-0.023094358929826243,-0.0016554018139130361,-0.0019098922232528874,-0.0012836300750168402,-0.0014623592867417834,0.20871025676798799,0.019239248127798245,0.010014165544317872,0.0056637471755110035,0.0071738292030907834,0,-0.11298416008349431
2.085,approach_stop,40,40,0.20000000000000001,0.02,0.43874999999999997,0.75,0,0,3.2000000000000002,0,0.20100002383295332,0.6135900452477584,0,3.2032424317410784,0,-0.0033298122621016764,free_flight_controlled,sep_nmpc_adapted,formal_acados,0.23478635645644397,0,0.38565551935684583,-0.19121366737650936,-0.065784536303120006,-0.18972752148146574,0.088043412118383832,1.4142135773671101e-10,-0.0090411252319594782,0.70871529141244005,0.70871529141244005,false,false,5.879461,0,0,false,0,0.091061533808887679,0,130.18220010632203,130.18220010632203,0,-0.054006944565785087,0,0,-0.054006944565785087,0,0,-0.022047587015299568,-0.0015577242934930913,-0.0018584283013593748,-0.0012557694222283338,-0.0014275238406705434,0.20999412321536559,0.019809649939529259,0.010583376628816758,0.0054861082285971551,0.0067580655024375392,0,-0.11482700808056534
2.0899999999999999,approach_stop,40,40,0.20000000000000001,0.02,0.44249999999999989,0.75,0,0,3.2000000000000002,0,0.20407988214226053,0.61834874047877098,0,3.2032252086585418,0,-0.0035593218417523209,free_flight_controlled,sep_nmpc_adapted,formal_acados,0.23529895457625849,0,0.38556076894718327,-0.19378092756600204,-0.066795814960537436,-0.18972752148146574,0.088043412118383832,1.4142135773671101e-10,-0.0090411252319594782,0.70871529141244005,0.70871529141244005,false,false,5.879461,0,0,false,0,0.090887321770238935,0,130.19412751658086,130.19412751658086,0,-0.044054960174387314,0,0,-0.044054960174387314,0,0,-0.020994676716536771,-0.0014574224657703805,-0.0018039779114685031,-0.001228696142621393,-0.0013948024748847618,0.21116596622395609,0.020289286954905259,0.011206223868037459,0.0053508132524980271,0.0063282714266527157,0,-0.11667525638180436
2.0950000000000002,approach_stop,40,40,0.20000000000000001,0.02,0.44625000000000015,0.75,0,0,3.2000000000000002,0,0.20718346675706731,0.6230805110543004,0,3.2032068506396576,0,-0.0037837674568559467,free_flight_controlled,sep_nmpc_adapted,formal_acados,0.23582724679203007,0,0.38546732755508217,-0.19635621996503724,-0.067810642456565984,-0.18972752148146574,0.088043412118383832,1.4142135773671101e-10,-0.0090411252319594782,0.70871529141244005,0.70871529141244005,false,false,5.879461,0,0,false,0,0.090708060790594139,0,130.20588972611094,130.20588972611094,0,-0.034683672910198693,0,0,-0.034683672910198693,0,0,-0.019936171395872809,-0.0013549492087122279,-0.0017463101942252117,-0.0012021697299695797,-0.0013642632482527297,0.21223232522820712,0.020678937061373533,0.011867616314341675,0.0052691457024472413,0.0058854702719172702,0,-0.11852859332001488
2.1000000000000001,approach_stop,40,40,0.20000000000000001,0.02,0.45000000000000007,0.75,0,0,3.2000000000000002,0,0.2103106422034754,0.62778502179068851,0,3.2031873831567577,0,-0.0040030883185659784,free_flight_controlled,sep_nmpc_adapted,formal_acados,0.23637150342640018,0,0.3853752476057225,-0.19893913877707523,-0.068828818440753475,-0.2001400192811531,0.039616089855627576,3.7965783261244915e-07,-0.001823370345026782,0.72712918441968388,0.72712918441968388,false,false,5.7062210000000002,0,0,false,0,0.090524218320703315,0,130.23952078679571,130.23952078679571,0,0.0029841076911050202,0,0,0.0029841076911050202,0,0,-0.018872584306191119,-0.0012507478233003389,-0.0016852715417681142,-0.0011758972002825882,-0.0013359661818408265,0.21319872566266904,0.020981567727730376,0.012551876763846673,0.0052507204938961128,0.0054318779087071407,0,-0.12038672090263793
2.105,approach_stop,40,40,0.20000000000000001,0.02,0.45374999999999999,0.75,0,0,3.2000000000000002,0,0.21346127394928679,0.63246299287346486,0,3.2031668522351207,0,-0.0042091199406114905,free_flight_controlled,sep_nmpc_adapted,formal_acados,0.23693199716420857,0,0.38528459923929159,-0.20152927678507823,-0.069850108593130011,-0.2001400192811531,0.039616089855627576,3.7965783261244915e-07,-0.001823370345026782,0.72712918441968388,0.72712918441968388,false,false,5.7062210000000002,0,0,false,0,0.090336619577634059,0,130.25051429836768,130.25051429836768,0,0.010191523718785844,0,0,0.010191523718785844,0,0,-0.017804995074104959,-0.001144969249284022,-0.0016208513554445314,-0.0011495280938816706,-0.0013099596210667933,0.21383399781034804,0.021308906694196543,0.013219547165653118,0.0053079986040137318,0.0049701794664322547,0,-0.12224957329510229
2.1099999999999999,approach_stop,40,40,0.20000000000000001,0.02,0.45749999999999991,0.75,0,0,3.2000000000000002,0,0.21663522616953201,0.63711317915680254,0,3.2031453038728026,0,-0.0044100468029357933,free_flight_controlled,sep_nmpc_adapted,formal_acados,0.23750900154349033,0,0.3851954474627457,-0.20412622462604169,-0.070874280240976653,-0.2001400192811531,0.039616089855627576,3.7965783261244915e-07,-0.001823370345026782,0.72712918441968388,0.72712918441968388,false,false,5.7062210000000002,0,0,false,0,0.090146062316750014,0,130.26132789399955,130.26132789399955,0,0.016881584729194432,0,0,0.016881584729194432,0,0,-0.016734422074866254,-0.0010377930653182521,-0.0015530724531272312,-0.001122698167934671,-0.001286266654366118,0.21439222472150873,0.021541750626379141,0.013893008973957401,0.0054357388669927084,0.004507313102844147,0,-0.1241167848382439
2.1150000000000002,approach_stop,40,40,0.20000000000000001,0.02,0.46125000000000016,0.75,0,0,3.2000000000000002,0,0.21983235944487806,0.64173538666949193,0,3.2031227637038464,0,-0.0046058250592401788,free_flight_controlled,sep_nmpc_adapted,formal_acados,0.23810278945179222,0,0.38510783035462037,-0.20672956999308584,-0.071901136633492915,-0.2001400192811531,0.039616089855627576,3.7965783261244915e-07,-0.001823370345026782,0.72712918441968388,0.72712918441968388,false,false,5.7062210000000002,0,0,false,0,0.08995294591971037,0,130.27195714326251,130.27195714326251,0,0.023065886663569762,0,0,0.023065886663569762,0,0,-0.015661240656803993,-0.00092967850063050935,-0.0014819394259370001,-0.0010950469724605488,-0.0012648790085206447,0.2148772235769186,0.021685639038815194,0.014558943093124608,0.0056368141245230867,0.0040491124979593176,0,-0.12598811168056165
2.1200000000000001,approach_stop,40,40,0.20000000000000001,0.02,0.46500000000000008,0.75,0,0,3.2000000000000002,0,0.2230525334480894,0.64632944613152732,0,3.2030992575729988,0,-0.0047964142480226412,free_flight_controlled,sep_nmpc_adapted,formal_acados,0.23871363457820791,0,0.38502178146188437,-0.2093388988698815,-0.072930481448512649,-0.2001400192811531,0.039616089855627576,3.7965783261244915e-07,-0.001823370345026782,0.72712918441968388,0.72712918441968388,false,false,5.7062210000000002,0,0,false,0,0.08975765713982331,0,130.28239782217739,130.28239782217739,0,0.028755888922317868,0,0,0.028755888922317868,0,0,-0.014585809221905876,-0.00082105371311609805,-0.0014075215920291758,-0.0010662055476439037,-0.0012457564748026113,0.21529197765118233,0.021747389975206151,0.015204854238589612,0.0059117355434257883,0.0036025041392683697,0,-0.1278633244864765
2.125,approach_stop,40,40,0.20000000000000001,0.02,0.46875,0.75,0,0,3.2000000000000002,0,0.22629560706610885,0.65089521240376691,0,3.2030748115189085,0,-0.0049817772826289027,free_flight_controlled,sep_nmpc_adapted,formal_acados,0.23934181138437782,0,0.38493732974933342,-0.21195379568173103,-0.073962118821172401,-0.2001400192811531,0.039616089855627576,3.7965783261244915e-07,-0.001823370345026782,0.72712918441968388,0.72712918441968388,false,false,5.7062210000000002,0,0,false,0,0.089560570336487788,0,130.29264591291897,130.29264591291897,0,0.033962918141981518,0,0,0.033962918141981518,0,0,-0.013508473066896558,-0.00071231043021299106,-0.0013299478187916657,-0.0010358084313394187,-0.0012288217031656834,0.2156387669494598,0.021734693404797039,0.015819476541393818,0.0062585929020215446,0.0031753946332163038,0,-0.129742208400981
2.1299999999999999,approach_stop,40,40,0.20000000000000001,0.02,0.47249999999999992,0.75,0,0,3.2000000000000002,0,0.22956143851945865,0.65543256397125593,0,3.2030494517572783,0,-0.0051618804408543146,free_flight_controlled,sep_nmpc_adapted,formal_acados,0.23998759507712891,0,0.38485449960496498,-0.21457384344232974,-0.074995853372792604,-0.2001400192811531,0.039616089855627576,3.7965783261244915e-07,-0.001823370345026782,0.72712918441968388,0.72712918441968388,false,false,5.7062210000000002,0,0,false,0,0.089362047704640749,0,130.30269760330336,130.30269760330336,0,0.038698172055696811,0,0,0.038698172055696811,0,0,-0.01242956758550382,-0.00060380051305797993,-0.0012493995892666888,-0.0010035056703600704,-0.0012139556960298243,0.21591929250375416,0.021655749910828113,0.016393069707409485,0.0066731117327569608,0.0027765046057910258,0,-0.13162456298775385
2.1350000000000002,approach_stop,40,40,0.20000000000000001,0.02,0.47625000000000017,0.75,0,0,3.2000000000000002,0,0.23284988547911539,0.65994140244751842,0,3.2030232046640736,0,-0.0053366933524378896,free_flight_controlled,sep_nmpc_adapted,formal_acados,0.24065126158285916,0,0.38477331090826844,-0.21719862389625624,-0.076031490240381833,-0.2001400192811531,0.039616089855627576,3.7965783261244915e-07,-0.001823370345026782,0.72712918441968388,0.72712918441968388,false,false,5.7062210000000002,0,0,false,0,0.08916243949894237,0,130.3125492859985,130.3125492859985,0,0.042972723242402644,0,0,0.042972723242402644,0,0,-0.011349420871481962,-0.00049583420014346225,-0.0011661028625653239,-0.0009689742718470163,-0.0012009942510138954,0.21613479138081679,0.021518960885702491,0.016917605816861185,0.0071488181775849098,0.0024151566471434013,0,-0.13351020214952491
2.1400000000000001,approach_stop,40,40,0.20000000000000001,0.02,0.48000000000000009,0.75,0,0,3.2000000000000002,0,0.23616080518093824,0.66442165209005555,0,3.2029960967587985,0,-0.0055061889834647744,free_flight_controlled,sep_nmpc_adapted,formal_acados,0.2413330875237446,0,0.38469377916635239,-0.21982771765719364,-0.077068835107081554,-0.2001400192811531,0.039616089855627576,3.7965783261244915e-07,-0.001823370345026782,0.72712918441968388,0.72712918441968388,false,false,5.7062210000000002,0,0,false,0,0.088962084252889817,0,130.32219755742963,130.32219755742963,0,0.046797522624044768,0,0,0.046797522624044768,0,0,-0.010268355773825637,-0.00038867976585100193,-0.0010803192619889522,-0.0009319285894741951,-0.0011897255595452333,0.21628614058038956,0.021332672454945054,0.017386852911112881,0.0076772975109026592,0.0021010267189995719,0,-0.13539895403668953
2.145,approach_stop,40,40,0.20000000000000001,0.02,0.48375000000000001,0.75,0,0,3.2000000000000002,0,0.23949405453768693,0.66887325931988251,0,3.2029681546878619,0,-0.0056703436173536383,free_flight_controlled,sep_nmpc_adapted,formal_acados,0.24203335019585187,0,0.38461591572052267,-0.22246070434183507,-0.078107694233792685,-0.2001400192811531,0.039616089855627576,3.7965783261244915e-07,-0.001823370345026782,0.72712918441968388,0.72712918441968388,false,false,5.7062210000000002,0,0,false,0,0.088761308993132934,0,130.33163921638294,130.33163921638294,0,0.0501834026201608,0,0,0.0501834026201608,0,0,-0.0091866914622270139,-0.00028256432675655141,-0.00099233708119736788,-0.00089212921920286709,-0.0011798891175081225,0.21637394896746304,0.021104972019616929,0.017796366353895192,0.0082485286013214958,0.0018438698112437871,0,-0.13729066094757006
2.1499999999999999,approach_stop,40,40,0.20000000000000001,0.02,0.48749999999999993,0.75,0,0,3.2000000000000002,0,0.24284949024863678,0.6732961922400994,0,3.202939405208042,0,-0.0058291368327082742,free_flight_controlled,sep_nmpc_adapted,formal_acados,0.24275232754923215,0,0.38453972802356035,-0.22509716269940463,-0.079147874492151729,-0.20638112102796508,0.020980820112909516,3.1040735753874397e-06,-0.00042691414493529198,0.74071006119089389,0.74071006119089389,false,false,5.7202539999999997,0,0,false,0,0.088560429449310252,0,130.35677457756489,130.35677457756489,0,0.074410257274335062,0,0,0.074410257274335062,0,0,-0.0081047445630889735,-0.00017767554093868081,-0.00090246253448592463,-0.00084939007448490923,-0.0011711760480187152,0.21639863715814397,0.020843533721391694,0.018143402465230642,0.008851274182446028,0.0016532313894882002,0,-0.13918517922149296
2.1550000000000002,approach_stop,40,40,0.20000000000000001,0.02,0.49125000000000019,0.75,0,0,3.2000000000000002,0,0.24622697067671867,0.67769115439493643,0,3.2029098899670667,0,-0.0059766295873746053,free_flight_controlled,sep_nmpc_adapted,formal_acados,0.24349029936288141,0,0.38446523526921539,-0.22773667131383726,-0.080189158056387405,-0.20638112102796508,0.020980820112909516,3.1040735753874397e-06,-0.00042691414493529198,0.74071006119089389,0.74071006119089389,false,false,5.7202539999999997,0,0,false,0,0.088360024204888934,0,130.36548366839131,130.36548366839131,0,0.076184769882998882,0,0,0.076184769882998882,0,0,-0.0070232660304880446,-7.3963014802874255e-05,-0.00081105939582391427,-0.00080357242777632642,-0.0011632327549455797,0.21618671387464833,0.020634295307333995,0.018409088196610395,0.0094772778050588244,0.001537568313495722,0,-0.14108253853527614
2.1600000000000001,approach_stop,40,40,0.20000000000000001,0.02,0.49500000000000011,0.75,0,0,3.2000000000000002,0,0.24962635430363644,0.68205748389174081,0,3.2028796504624415,0,-0.0061188278965436634,free_flight_controlled,sep_nmpc_adapted,formal_acados,0.24424754602018417,0,0.3843924529432573,-0.23037880828345228,-0.081231328779264048,-0.20638112102796508,0.020980820112909516,3.1040735753874397e-06,-0.00042691414493529198,0.74071006119089389,0.74071006119089389,false,false,5.7202539999999997,0,0,false,0,0.088160650718415404,0,130.37397990499508,130.37397990499508,0,0.077572159285189013,0,0,0.077572159285189013,0,0,-0.0059429760447409071,2.8617376944817239e-05,-0.00071846270843445802,-0.00075461154545685826,-0.0011556590441960566,0.21592280537994077,0.020391783636925696,0.018620953892685553,0.010106566185748317,0.0015066600975482602,0,-0.14298256780777172
2.165,approach_stop,40,40,0.20000000000000001,0.02,0.49875000000000003,0.75,0,0,3.2000000000000002,0,0.25304749813333238,0.68639525053761374,0,3.2028487131846424,0,-0.0062557247894525127,free_flight_controlled,sep_nmpc_adapted,formal_acados,0.24502434729783185,0,0.38432137817969786,-0.23302315083550054,-0.082274197577781344,-0.20638112102796508,0.020980820112909516,3.1040735753874397e-06,-0.00042691414493529198,0.74071006119089389,0.74071006119089389,false,false,5.7202539999999997,0,0,false,0,0.087962571899837805,0,130.38226119972578,130.38226119972578,0,0.078582612174795008,0,0,0.078582612174795008,0,0,-0.0048641328723764516,0.00012991200700085664,-0.00062493829723245112,-0.00070252080495191609,-0.0011480131816527571,0.21560755045419505,0.020121089352072883,0.018780365705655552,0.010727328082543843,0.0015674790251055633,0,-0.14488517428621628
2.1699999999999999,approach_stop,40,40,0.20000000000000001,0.02,0.50249999999999995,0.75,0,0,3.2000000000000002,0,0.25649025956237592,0.69070454150594374,0,3.2028171046516984,0,-0.0063873161969354424,free_flight_controlled,sep_nmpc_adapted,formal_acados,0.24582098356633583,0,0.38425200602470433,-0.2356692759960401,-0.08331757616855251,-0.20638112102796508,0.020980820112909516,3.1040735753874397e-06,-0.00042691414493529198,0.74071006119089389,0.74071006119089389,false,false,5.7202539999999997,0,0,false,0,0.087766040532640713,0,130.39032563984168,130.39032563984168,0,0.079226184366204461,0,0,0.079226184366204461,0,0,-0.0037869921281292332,0.00022979266460053274,-0.00053074444721607872,-0.00064737073926302599,-0.0011398219033180741,0.21524137988391639,0.019827275351345996,0.018888953340480439,0.011328562109701219,0.0017256349009110372,0,-0.14679027923340124
2.1750000000000003,approach_stop,40,40,0.20000000000000001,0.02,0.5062500000000002,0.75,0,0,3.2000000000000002,0,0.25995449646570529,0.69498546089804791,0,3.2027848513947847,0,-0.0065136009398433347,free_flight_controlled,sep_nmpc_adapted,formal_acados,0.24663773578016984,0,0.38418432999782659,-0.23831676068553545,-0.084361277102377522,-0.20638112102796508,0.020980820112909516,3.1040735753874397e-06,-0.00042691414493529198,0.74071006119089389,0.74071006119089389,false,false,5.7202539999999997,0,0,false,0,0.087571299477124942,0,130.39817148573809,130.39817148573809,0,0.07951280361889268,0,0,0.07951280361889268,0,0,-0.0027118076793151893,0.00032815621462393046,-0.00043613086155211319,-0.0005892842901117825,-0.0011305876421150855,0.21482457067702845,0.019515295071349727,0.018948504826081985,0.011900346307391183,0.0019852161329979583,0,-0.14869781771726395
2.1800000000000002,approach_stop,40,40,0.20000000000000001,0.02,0.51000000000000012,0.75,0,0,3.2000000000000002,0,0.26344006728020103,0.69923812931844775,0,3.2027519799438,0,-0.0066345807196525209,free_flight_controlled,sep_nmpc_adapted,formal_acados,0.24747488546954274,0,0.38411834267582656,-0.24096518181065829,-0.085405113799941132,-0.20638112102796508,0.020980820112909516,3.1040735753874397e-06,-0.00042691414493529198,0.74071006119089389,0.74071006119089389,false,false,5.7202539999999997,0,0,false,0,0.087378581869694369,0,130.40579716925947,130.40579716925947,0,0.079452272389906181,0,0,0.079452272389906181,0,0,-0.0016388322806211537,0.00042492383745033034,-0.00034133806875980959,-0.00052843085802466139,-0.0011197964447611135,0.21435729945575854,0.01918990694121777,0.018960892113024135,0.012434049303252785,0.0023486729406808821,0,-0.15060773835878
2.1850000000000001,approach_stop,40,40,0.20000000000000001,0.02,0.51375000000000004,0.75,0,0,3.2000000000000002,0,0.26694683108615558,0.70346268345673424,0,3.2027185168129821,0,-0.0067502601100874289,free_flight_controlled,sep_nmpc_adapted,formal_acados,0.24833271473352037,0,0.38405403628777579,-0.24361411635263522,-0.086448900588487837,-0.20638112102796508,0.020980820112909516,3.1040735753874397e-06,-0.00042691414493529198,0.74071006119089389,0.74071006119089389,false,false,5.7202539999999997,0,0,false,0,0.087188111318033237,0,130.41320129204897,130.41320129204897,0,0.079054270405617993,0,0,0.079054270405617993,0,0,-0.00056831794691690452,0.00052003983766430015,-0.00024659712655807222,-0.00046501944653232539,-0.0011069263645520171,0.21383969361135916,0.018855588033097365,0.018928026466768191,0.012922481455770483,0.0028167438529924631,0,-0.15252000304331603
2.1899999999999999,approach_stop,40,40,0.20000000000000001,0.02,0.51749999999999996,0.75,0,0,3.2000000000000002,0,0.27047464768665364,0.70765927566938502,0,3.2026844884865686,0,-0.0068606465480205011,free_flight_controlled,sep_nmpc_adapted,formal_acados,0.24921150623409224,0,0.38399140331016685,-0.2462631414525614,-0.0874924527392823,-0.20638112102796508,0.020980820112909516,3.1040735753874397e-06,-0.00042691414493529198,0.74071006119089389,0.74071006119089389,false,false,5.7202539999999997,0,0,false,0,0.087000102092385623,0,130.42038262386328,130.42038262386328,0,0.07832835695153384,0,0,0.07832835695153384,0,0,0.00049948392105161248,0.00061347002648797161,-0.00015212948002162757,-0.0003992911993321553,-0.0010914561136832262,0.21327187875290235,0.018516450541687553,0.018851840727831949,0.013359986862638952,0.0033884252422395206,0,-0.15443458660141687
2.1949999999999998,approach_stop,40,40,0.20000000000000001,0.02,0.52124999999999988,0.75,0,0,3.2000000000000002,0,0.27402337768485024,0.71182807355559619,0,3.2026499214045105,0,-0.0069657503214797635,free_flight_controlled,sep_nmpc_adapted,formal_acados,0.25011154319071904,0,0.38393043705095442,-0.24891183449413121,-0.088535586505641417,-0.20638112102796508,0.020980820112909516,3.1040735753874397e-06,-0.00042691414493529198,0.74071006119089389,0.74071006119089389,false,false,5.7202539999999997,0,0,false,0,0.086814759313212433,0,130.42734010075878,130.42734010075878,0,0.077283972795408884,0,0,0.077283972795408884,0,0,0.0015643226359642525,0.0007051997018356986,-5.8146850128717038e-05,-0.00033151161937616152,-0.0010728737632278136,0.21265402102801667,0.018176165014251226,0.018734294072613913,0.013742479239261689,0.0040609823798334818,0,-0.15635147646546146
2.2000000000000002,approach_stop,40,40,0.20000000000000001,0.02,0.52500000000000013,0.75,0,0,3.2000000000000002,0,0.27759288255910186,0.71596925952217372,0,3.2026148419482543,0,-0.0070655845523531786,free_flight_controlled,sep_nmpc_adapted,formal_acados,0.25103310937482232,0,0.383871132211974,-0.25155977318427958,-0.089578119161309394,-0.2086048933831533,0.0098144501050262609,9.363091664317797e-06,-0.00010981136800992757,0.74819479967831992,0.74819479967831992,false,false,5.701924,0,0,false,0,0.086632279135554102,0,130.44264716854141,130.44264716854141,0,0.08764429825927228,0,0,0.08764429825927228,0,0,0.0026259485192991999,0.00079523126954511407,3.5148946800951425e-05,-0.00026196273937255512,-0.0010506852892129253,0.2119863630321214,0.0178378942207481,0.018577393955678728,0.014067426380734247,0.0048299994315711163,0,-0.15827067230878777
2.2050000000000001,approach_stop,40,40,0.20000000000000001,0.02,0.52875000000000005,0.75,0,0,3.2000000000000002,0,0.28118302565785563,0.72008340261773052,0,3.2025792845050516,0,-0.0071569321379642064,free_flight_controlled,sep_nmpc_adapted,formal_acados,0.25197648981628767,0,0.38381349337938758,-0.25420653584156794,-0.090619855019700851,-0.2086048933831533,0.0098144501050262609,9.363091664317797e-06,-0.00010981136800992757,0.74819479967831992,0.74819479967831992,false,false,5.701924,0,0,false,0,0.086452999878209646,0,130.44898679261163,130.44898679261163,0,0.085569196381576479,0,0,0.085569196381576479,0,0,0.0036838730741158999,0.00088369226339491986,0.00012753987915312527,-0.00019092946143063491,-0.0010244236724363839,0.21117349651507616,0.017547642084674717,0.018373444574749542,0.014335855121208812,0.005689196970555122,0,-0.16019227223149501
2.21,approach_stop,40,40,0.20000000000000001,0.02,0.53249999999999997,0.75,0,0,3.2000000000000002,0,0.28479367141634165,0.72417036516199906,0,3.202543283248819,0,-0.0072430992465300319,free_flight_controlled,sep_nmpc_adapted,formal_acados,0.25294197007190805,0,0.38375752725346524,-0.25685170134443358,-0.091660600042937204,-0.2086048933831533,0.0098144501050262609,9.363091664317797e-06,-0.00010981136800992757,0.74819479967831992,0.74819479967831992,false,false,5.701924,0,0,false,0,0.086277245614379397,0,130.45510193623596,130.45510193623596,0,0.083214259628766857,0,0,0.083214259628766857,0,0,0.0047376260634926668,0.0009706994327964379,0.00021883584145609172,-0.00011870541198203709,-0.00099365393492258764,0.21031748520002952,0.017256727651416077,0.018139775207496184,0.014543944864642493,0.0066318628188949897,0,-0.16211627775531701
2.2149999999999999,approach_stop,40,40,0.20000000000000001,0.02,0.53624999999999989,0.75,0,0,3.2000000000000002,0,0.28842468454166265,0.72823039304794224,0,3.2025068640244463,0,-0.007324109263604571,free_flight_controlled,sep_nmpc_adapted,formal_acados,0.25392983550218756,0,0.38370323522673466,-0.25949484903947506,-0.092700175901911125,-0.2086048933831533,0.0098144501050262609,9.363091664317797e-06,-0.00010981136800992757,0.74819479967831992,0.74819479967831992,false,false,5.701924,0,0,false,0,0.086105175579519785,0,130.46099233217171,130.46099233217171,0,0.080588357117549553,0,0,0.080588357117549553,0,0,0.0057869938252152892,0.0010562519488281066,0.00030889430981969945,-4.5588141025908885e-05,-0.00095798059255112176,0.20941916706644714,0.01696609774486257,0.017878782416162437,0.014693585392942115,0.0076490355822176493,0,-0.16404272828381516
2.2200000000000002,approach_stop,40,40,0.20000000000000001,0.02,0.54000000000000015,0.75,0,0,3.2000000000000002,0,0.29207593099961154,0.73226374378217562,0,3.2024700525535801,0,-0.0073999880858624436,free_flight_controlled,sep_nmpc_adapted,formal_acados,0.2549403719846341,0,0.38365062197179856,-0.26213555901497743,-0.093738405463745414,-0.2086048933831533,0.0098144501050262609,9.363091664317797e-06,-0.00010981136800992757,0.74819479967831992,0.74819479967831992,false,false,5.701924,0,0,false,0,0.085936940959103536,0,130.46665785535211,130.46665785535211,0,0.077700229939434401,0,0,0.077700229939434401,0,0,0.006831766910096463,0.0011403530921459619,0.00039758428669803286,2.813755865418377e-05,-0.00091705608679742469,0.20847939060486204,0.016676445882046583,0.017592695125425328,0.014787954016951871,0.0087305391318198422,0,-0.16597167424910172
2.2250000000000001,approach_stop,40,40,0.20000000000000001,0.02,0.54375000000000007,0.75,0,0,3.2000000000000002,0,0.29574727807155937,0.73627068600952295,0,3.2024328744222674,0,-0.0074707640541645621,free_flight_controlled,sep_nmpc_adapted,formal_acados,0.25597386589851961,0,0.38359969577030806,-0.26477341217303973,-0.094775112825638469,-0.2086048933831533,0.0098144501050262609,9.363091664317797e-06,-0.00010981136800992757,0.74819479967831992,0.74819479967831992,false,false,5.701924,0,0,false,0,0.08577268506799228,0,130.47209851862993,130.47209851862993,0,0.074558491524713416,0,0,0.074558491524713416,0,0,0.0078717401524670237,0.0012230089405999608,0.00048478568940887141,0.00010220553512293231,-0.00087058635375809098,0.20749902124473238,0.016388195608683466,0.017283665461898735,0.014831290907599737,0.0098651870289796356,0,-0.1679031767229352
2.23,approach_stop,40,40,0.20000000000000001,0.02,0.54749999999999999,0.75,0,0,3.2000000000000002,0,0.29943859440895626,0.74025149903698595,0,3.2023953550689295,0,-0.0075364678744887946,free_flight_controlled,sep_nmpc_adapted,formal_acados,0.25703060410562784,0,0.38355046877371402,-0.2674079903033284,-0.095810123347907131,-0.2086048933831533,0.0098144501050262609,9.363091664317797e-06,-0.00010981136800992757,0.74819479967831992,0.74819479967831992,false,false,5.701924,0,0,false,0,0.085612543527782747,0,130.47731446799634,130.47731446799634,0,0.07117162784910766,0,0,0.07117162784910766,0,0,0.0089067127612125901,0.0013042270011476814,0.00057038918834099897,0.00017637300073445228,-0.00081833533804619065,0.20647894307929404,0.01610149534175366,0.016953856463769592,0.014828661486797477,0.011040999060997958,0,-0.16983730702568939
2.2349999999999999,approach_stop,40,40,0.20000000000000001,0.02,0.55124999999999991,0.75,0,0,3.2000000000000002,0,0.30314975008545147,0.74420647235738868,0,3.2023575197727525,0,-0.0075971325278719904,free_flight_controlled,sep_nmpc_adapted,formal_acados,0.25811087392634524,0,0.38350295719308941,-0.27003887615910627,-0.096843263686147985,-0.2086048933831533,0.0098144501050262609,9.363091664317797e-06,-0.00010981136800992757,0.74819479967831992,0.74819479967831992,false,false,5.701924,0,0,false,0,0.085456644442118715,0,130.48230597732643,130.48230597732643,0,0.06754799750506435,0,0,0.06754799750506435,0,0,0.0099364884071613483,0.0013840148495345935,0.00065429646056048641,0.00025042405677946569,-0.0007601284070421554,0.20542005567598398,0.015816226899217412,0.016605519463236518,0.0147857161306561,0.012245423543507305,0,-0.17177414633824289
2.2400000000000002,approach_stop,40,40,0.20000000000000001,0.02,0.55500000000000016,0.75,0,0,3.2000000000000002,0,0.30688061664663285,0.74813590517398987,0,3.2023193936425605,0,-0.0076527931712819155,free_flight_controlled,sep_nmpc_adapted,formal_acados,0.25921496311047787,0,0.38345718141679441,-0.27266565353615502,-0.09787436182246069,-0.2086048933831533,0.0098144501050262609,9.363091664317797e-06,-0.00010981136800992757,0.74819479967831992,0.74819479967831992,false,false,5.701924,0,0,false,0,0.0853051085700781,0,130.48707344273888,130.48707344273888,0,0.063695831675077835,0,0,0.063695831675077835,0,0,0.010960875282478171,0.0014623788491528902,0.00073642079259911134,0.00032417202895728336,-0.00069585465149742999,0.20432326612333276,0.015532028705858372,0.016241055599830995,0.014708456176870626,0.013465559554959419,0,-0.17371378532066839
2.2450000000000001,approach_stop,40,40,0.20000000000000001,0.02,0.55875000000000008,0.75,0,0,3.2000000000000002,0,0.31063106715739658,0.75204010592827997,0,3.2022810016061927,0,-0.0077034870319668989,free_flight_controlled,sep_nmpc_adapted,formal_acados,0.2603431598022321,0,0.38341316605616699,-0.27528790735516451,-0.098903247095706456,-0.2086048933831533,0.0098144501050262609,9.363091664317797e-06,-0.00010981136800992757,0.74819479967831992,0.74819479967831992,false,false,5.701924,0,0,false,0,0.08515804949771115,0,130.49161737668837,130.49161737668837,0,0.059623234058990476,0,0,0.059623234058990476,0,0,0.011979686109354555,0.001539323022432126,0.00081668794292528958,0.00039746066463886622,-0.00062546808610512597,0.20318947681257682,0.015248333469279507,0.015863057703516446,0.014603013757387501,0.014688373907926973,0,-0.17565632374032603
2.25,approach_stop,40,40,0.20000000000000001,0.02,0.5625,0.75,0,0,3.2000000000000002,0,0.31440097624696983,0.75591939183393553,0,3.2022423684004266,0,-0.007749253298276625,free_flight_controlled,sep_nmpc_adapted,formal_acados,0.26149575249886997,0,0.38337093992068527,-0.27790522374809989,-0.099929750230803874,-0.20703262138988959,0.0014231771978178171,3.0094271428690298e-05,-1.4621579342223972e-05,0.74965136913285679,0.74965136913285679,false,false,5.7378419999999997,0,0,false,0,0.085015573807762951,0,130.4975759512634,130.4975759512634,0,0.057616758525392331,0,0,0.057616758525392331,0,0,0.012992738078567864,0.0016148481442444067,0.00089503716027048493,0.00047016427657497231,-0.00054898778785155214,0.20201956976127458,0.014964419002925014,0.015474330568327681,0.014475451400869196,0.015900908382848477,0,-0.1776018701107013
2.2549999999999999,approach_stop,40,40,0.20000000000000001,0.02,0.56624999999999992,0.75,0,0,3.2000000000000002,0,0.31819022032243593,0.75977415743464927,0,3.2022035201235908,0,-0.0077895078458459881,free_flight_controlled,sep_nmpc_adapted,formal_acados,0.26267303015109722,0,0.38333053739306483,-0.28051719017133869,-0.10095370062921867,-0.20703262138988959,0.0014231771978178171,3.0094271428690298e-05,-1.4621579342223972e-05,0.74965136913285679,0.74965136913285679,false,false,5.7378419999999997,0,0,false,0,0.084877810622426608,0,130.50164316527801,130.50164316527801,0,0.053045084906190282,0,0,0.053045084906190282,0,0,0.01399980593642215,0.0016889726684984415,0.00097141709194254377,0.00054218809973447836,-0.00046649719040197632,0.20079575144551917,0.014687919523907057,0.015075980869508303,0.014331981459862421,0.01709042670043712,0,-0.17955055809070233
2.2600000000000002,approach_stop,40,40,0.20000000000000001,0.02,0.57000000000000017,0.75,0,0,3.2000000000000002,0,0.3219986774519894,0.76360467190357584,0,3.2021644826396152,0,-0.0078249292383030852,free_flight_controlled,sep_nmpc_adapted,formal_acados,0.26387528195681365,0,0.38329199674980186,-0.28312339549517573,-0.1019749292419856,-0.20703262138988959,0.0014231771978178171,3.0094271428690298e-05,-1.4621579342223972e-05,0.74965136913285679,0.74965136913285679,false,false,5.7378419999999997,0,0,false,0,0.084744881296715868,0,130.50548937686534,130.50548937686534,0,0.048278668577981354,0,0,0.048278668577981354,0,0,0.015000671666515142,0.0017617065381533372,0.0010457952922106513,0.00061346414944753928,-0.00037814179124562438,0.19953858026024493,0.014408127813571888,0.014674158833805845,0.014177220175846864,0.018244829866164994,0,-0.18150251003886389
2.2650000000000001,approach_stop,40,40,0.20000000000000001,0.02,0.57375000000000009,0.75,0,0,3.2000000000000002,0,0.3258262272398697,0.76741128033758477,0,3.2021252800030453,0,-0.0078555622734923919,free_flight_controlled,sep_nmpc_adapted,formal_acados,0.26510279715017987,0,0.38325535849434861,-0.28572343008968981,-0.10299327133471907,-0.20703262138988959,0.0014231771978178171,3.0094271428690298e-05,-1.4621579342223972e-05,0.74965136913285679,0.74965136913285679,false,false,5.7378419999999997,0,0,false,0,0.08461687024260367,0,130.5091155311608,130.5091155311608,0,0.0433250829157866,0,0,0.0433250829157866,0,0,0.015995170409276841,0.0018330310448206172,0.0011181627662935059,0.00068394858602389616,-0.0002841266067031788,0.19824880994141084,0.014124166497356797,0.014272220189719936,0.01401612599737221,0.019352452987480787,0,-0.18345785966187766
2.27,approach_stop,40,40,0.20000000000000001,0.02,0.57750000000000001,0.75,0,0,3.2000000000000002,0,0.32967275103293736,0.77119433462457965,0,3.2020859360406022,0,-0.007881453272546541,free_flight_controlled,sep_nmpc_adapted,formal_acados,0.26635586508292286,0,0.38322066659684195,-0.28831688595001448,-0.10400856367217796,-0.20703262138988959,0.0014231771978178171,3.0094271428690298e-05,-1.4621579342223972e-05,0.74965136913285679,0.74965136913285679,false,false,5.7378419999999997,0,0,false,0,0.084493855568090762,0,130.51252265934207,130.51252265934207,0,0.03819177267208454,0,0,0.03819177267208454,0,0,0.016983140781896888,0.0019029235462601709,0.0011885273721532847,0.00075362096470978361,-0.0001847131955009946,0.1969270748908836,0.013835350418601147,0.013873541880310029,0.013853083790735066,0.020402366057789917,0,-0.18541674812326076
2.2749999999999999,approach_stop,40,40,0.20000000000000001,0.02,0.58124999999999993,0.75,0,0,3.2000000000000002,0,0.3335381319536887,0.77495419307131519,0,3.202046474343776,0,-0.0079026500006389375,free_flight_controlled,sep_nmpc_adapted,formal_acados,0.26763477514698014,0,0.38318796817383599,-0.29090335680670854,-0.10502064454310171,-0.20703262138988959,0.0014231771978178171,3.0094271428690298e-05,-1.4621579342223972e-05,0.74965136913285679,0.74965136913285679,false,false,5.7378419999999997,0,0,false,0,0.084375909237820831,0,130.51571187417474,130.51571187417474,0,0.032886055205594067,0,0,0.032886055205594067,0,0,0.017964424249167721,0.0019713585854486764,0.0012569137943218465,0.00082248116958223607,-8.0215670639207216e-05,0.19557387787999486,0.013541248553319077,0.013481468038096262,0.0136918299092391,0.021384495929552622,0,-0.18737932371702201
2.2800000000000002,approach_stop,40,40,0.20000000000000001,0.02,0.58500000000000019,0.75,0,0,3.2000000000000002,0,0.33742225493147959,0.7786912200600814,0,3.2020069182617785,0,-0.0079192016007839407,free_flight_controlled,sep_nmpc_adapted,formal_acados,0.26893981668971167,0,0.38315731312446211,-0.2934824382417679,-0.1060293537845881,-0.20703262138988959,0.0014231771978178171,3.0094271428690298e-05,-1.4621579342223972e-05,0.74965136913285679,0.74965136913285679,false,false,5.7378419999999997,0,0,false,0,0.084263097230954154,0,130.51868436621146,130.51868436621146,0,0.027415122093349481,0,0,0.027415122093349481,0,0,0.018938864444026766,0.0020383092976870671,0.001323363233379579,0.00089054603715721999,2.9003845583542981e-05,0.19418958236642272,0.013241736844598968,0.013099250808707533,0.013535402820064692,0.022289727014930996,0,-0.18934574154065079
2.2850000000000001,approach_stop,40,40,0.20000000000000001,0.02,0.58875000000000011,0.75,0,0,3.2000000000000002,0,0.34132500673210647,0.782405785735103,0,3.2019672908947885,0,-0.007931158541720414,free_flight_controlled,sep_nmpc_adapted,formal_acados,0.27027127892183223,0,0.38312875372934763,-0.29605372781027428,-0.10703453280614546,-0.20703262138988959,0.0014231771978178171,3.0094271428690298e-05,-1.4621579342223972e-05,0.74965136913285679,0.74965136913285679,false,false,5.7378419999999997,0,0,false,0,0.084155479696024202,0,130.52144140069322,130.52144140069322,0,0.021786041124986819,0,0,0.021786041124986819,0,0,0.019906306462799301,0.0021037490537028588,0.001387932793402489,0.00095784579414677495,0.00014254021648337983,0.192774410163191,0.012937039374484533,0.012729989247428193,0.013386117849873772,0.023109980577524555,0,-0.19131616316625485
2.29,approach_stop,40,40,0.20000000000000001,0.02,0.59250000000000003,0.75,0,0,3.2000000000000002,0,0.34524627598589397,0.78609826571855956,0,3.2019276150874219,0,-0.0079385725802608546,free_flight_controlled,sep_nmpc_adapted,formal_acados,0.27162945081831086,0,0.38310234421890982,-0.29861682516758314,-0.10803602461354275,-0.20703262138988959,0.0014231771978178171,3.0094271428690298e-05,-1.4621579342223972e-05,0.74965136913285679,0.74965136913285679,false,false,5.7378419999999997,0,0,false,0,0.084053111102537423,0,130.52398431517483,130.52398431517483,0,0.016005758660309871,0,0,0.016005758660309871,0,0,0.020866596163280501,0.002167653275017408,0.0014506945655860051,0.0010244204252703758,0.00025995062941323968,0.19132844497040058,0.012627755800693837,0.012376569390870147,0.013245564101879215,0.02383827293130733,0,-0.19329075630915887
2.2949999999999999,approach_stop,40,40,0.20000000000000001,0.02,0.59624999999999995,0.75,0,0,3.2000000000000002,0,0.34918595321443446,0.78976904085514876,0,3.2018879134223575,0,-0.0079414967378538277,free_flight_controlled,sep_nmpc_adapted,formal_acados,0.27301462101256946,0,0.38307814031756449,-0.30117133220186498,-0.10903367383257663,-0.20703262138988959,0.0014231771978178171,3.0094271428690298e-05,-1.4621579342223972e-05,0.74965136913285679,0.74965136913285679,false,false,5.7378419999999997,0,0,false,0,0.083956040389103703,0,130.52631451786877,130.52631451786877,0,0.010081102313908422,0,0,0.010081102313908422,0,0,0.021819579495722483,0.0022300013489733551,0.0015117344211039157,0.0010903160763314802,0.00038076017384096653,0.18985164202687482,0.012314873594451835,0.012041608316621136,0.013114621237619467,0.024468753250445573,0,-0.19526969449388296
2.3000000000000003,approach_stop,40,40,0.20000000000000001,0.02,0.6000000000000002,0.75,0,0,3.2000000000000002,0,0.35314393085611773,0.79341849698313494,0,3.2018482082140411,0,-0.007939985290529878,free_flight_controlled,sep_nmpc_adapted,formal_acados,0.27442707768439661,0,0.38305619877040797,-0.30371685317172115,-0.11002732673285977,-0.20195153004111788,-0.1344841270040118,1.4142137151078771e-10,-0.0051003460196490692,0.73563131712623009,0.73563131712623009,false,false,5.7380430000000002,0,0,false,0,0.083864311107911135,0,130.5128843746391,130.5128843746391,0,-0.01791067441225018,0,0,-0.01791067441225018,0,0,0.022765101897416408,0.0022907785651593224,0.0015711505393228439,0.0011555815856194578,0.00050446755958464238,0.18834384387324773,0.011999764287208748,0.011727404584469699,0.01299349359062066,0.024996722017473234,0,-0.1972531567181004
2.3050000000000002,approach_stop,40,40,0.20000000000000001,0.02,0.60375000000000012,0.75,0,0,3.2000000000000002,0,0.35712010170840108,0.7970463851209616,0,3.2018085064918114,0,-0.0079401006999247625,free_flight_controlled,sep_nmpc_adapted,formal_acados,0.27586710692379851,0,0.38303656337631403,-0.30625299478460255,-0.11101685769352446,-0.20195153004111788,-0.1344841270040118,1.4142137151078771e-10,-0.0051003460196490692,0.73563131712623009,0.73563131712623009,false,false,5.7380430000000002,0,0,false,0,0.08377767875377104,0,130.5150881415027,130.5150881415027,0,-0.02331474896632961,0,0,-0.02331474896632961,0,0,0.023703458156973802,0.0023497703792601009,0.0016291013826626071,0.0012202541099235521,0.00063055259925321231,0.18698428229399891,0.011602761783968324,0.011454282050603367,0.012877956437420759,0.025419154407612717,0,-0.19924116383183782
2.3100000000000001,approach_stop,40,40,0.20000000000000001,0.02,0.60750000000000004,0.75,0,0,3.2000000000000002,0,0.36111436039939354,0.80065369297876798,0,3.2017688152448978,0,-0.0079357904025789388,free_flight_controlled,sep_nmpc_adapted,formal_acados,0.2773349941543331,0,0.38301927846587275,-0.30877936624506042,-0.11200214174598253,-0.20195153004111788,-0.1344841270040118,1.4142137151078771e-10,-0.0051003460196490692,0.73563131712623009,0.73563131712623009,false,false,5.7380430000000002,0,0,false,0,0.083695904282478112,0,130.51708032894553,130.51708032894553,0,-0.028864027311127652,0,0,-0.028864027311127652,0,0,0.024634911273169215,0.0024068135939326728,0.0016857218874427727,0.0012843804499024487,0.00075847697742078494,0.18558223342985899,0.011220989972336955,0.011195397151032647,0.01277476575754259,0.025732181135951725,0,-0.20123391770340054
2.3149999999999999,approach_stop,40,40,0.20000000000000001,0.02,0.61124999999999996,0.75,0,0,3.2000000000000002,0,0.36512660492192994,0.80424077936837601,0,3.2017291564661767,0,-0.0079271089798805764,free_flight_controlled,sep_nmpc_adapted,formal_acados,0.27883102552169664,0,0.38300440172835765,-0.31129557940023334,-0.11298302815321776,-0.20195153004111788,-0.1344841270040118,1.4142137151078771e-10,-0.0051003460196490692,0.73563131712623009,0.73563131712623009,false,false,5.7380430000000002,0,0,false,0,0.083619036716322537,0,130.51886238859089,130.51886238859089,0,-0.034551922330041576,0,0,-0.034551922330041576,0,0,0.025559246752833196,0.0024619925359171176,0.0017410858170644834,0.001348017704716078,0.00088769053306099975,0.18413692280710209,0.010857640238286718,0.010951832911703973,0.012681928002604691,0.025934747188463971,0,-0.20323160203805354
2.3199999999999998,approach_stop,40,40,0.20000000000000001,0.02,0.61499999999999988,0.75,0,0,3.2000000000000002,0,0.36915673507975977,0.80780800979847256,0,3.2016895518717385,0,-0.0079141126018486847,free_flight_controlled,sep_nmpc_adapted,formal_acados,0.28035548621569828,0,0.38299198986067579,-0.31380124886406147,-0.11395936787530678,-0.20195153004111788,-0.1344841270040118,1.4142137151078771e-10,-0.0051003460196490692,0.73563131712623009,0.73563131712623009,false,false,5.7380430000000002,0,0,false,0,0.083547119848405876,0,130.52043585920359,130.52043585920359,0,-0.040371926638615149,0,0,-0.040371926638615149,0,0,0.026476246833227815,0.0025154063843287949,0.0017952730319518734,0.0014112110486909251,0.0010176407282110787,0.1826478198481874,0.010515462596271391,0.010724925612080435,0.012596695881896889,0.026026941775766175,0,-0.20523440410891866
2.3250000000000002,approach_stop,40,40,0.20000000000000001,0.02,0.61875000000000013,0.75,0,0,3.2000000000000002,0,0.37320465252042634,0.81135575623598788,0,3.2016500228928253,0,-0.0078968590477352177,free_flight_controlled,sep_nmpc_adapted,formal_acados,0.28190866033500683,0,0.38298209809069728,-0.31629599218541948,-0.1149310135996772,-0.20195153004111788,-0.1344841270040118,1.4142137151078771e-10,-0.0051003460196490692,0.73563131712623009,0.73563131712623009,false,false,5.7380430000000002,0,0,false,0,0.083480192356731667,0,130.52180236739744,130.52180236739744,0,-0.046317611593542224,0,0,-0.046317611593542224,0,0,0.027385691740494832,0.0025671669796154166,0.0018483704526478231,0.0014739904117752165,0.0011477781327559754,0.18111465262735665,0.010196773828628894,0.010516141679256512,0.012515750252459972,0.026009901773219306,0,-0.20724251450046768
2.3300000000000001,approach_stop,40,40,0.20000000000000001,0.02,0.62250000000000005,0.75,0,0,3.2000000000000002,0,0.37727026076690995,0.81488439684308356,0,3.2016105906677321,0,-0.0078754077273599787,free_flight_controlled,sep_nmpc_adapted,formal_acados,0.28349083074953652,0,0.38297477972209643,-0.31877943001737341,-0.11589781977143518,-0.20195153004111788,-0.1344841270040118,1.4142137151078771e-10,-0.0051003460196490692,0.73563131712623009,0.73563131712623009,false,false,5.7380430000000002,0,0,false,0,0.083418287916239106,0,130.52296362843219,130.52296362843219,0,-0.052382626828729767,0,0,-0.052382626828729767,0,0,0.028287361010266913,0.0026173966963877375,0.0019004723879720124,0.0015363680943113181,0.0012775614002330312,0.17953741815253252,0.009903474103605708,0.01032694841904889,0.01243539028475423,0.025885705517874637,0,-0.20925612689213247
2.335,approach_stop,40,40,0.20000000000000001,0.02,0.62624999999999997,0.75,0,0,3.2000000000000002,0,0.38135346524789854,0.81839431569112431,0,3.2015712760336021,0,-0.0078498197013275161,free_flight_controlled,sep_nmpc_adapted,formal_acados,0.28510227896119855,0,0.38297008570405761,-0.32125118628670002,-0.1168596426236188,-0.20195153004111788,-0.1344841270040118,1.4142137151078771e-10,-0.0051003460196490692,0.73563131712623009,0.73563131712623009,false,false,5.7380430000000002,0,0,false,0,0.083361435309434684,0,130.52392144701858,130.52392144701858,0,-0.058560700279971317,0,0,-0.058560700279971317,0,0,0.029181034850553584,0.002666226411122144,0.0019516802205512091,0.0015983373332341185,0.0014064616985369259,0.17791638914052701,0.0096370676203040729,0.010158687644066008,0.01235172236871457,0.025657261727227296,0,-0.21127543787787839
2.3399999999999999,approach_stop,40,40,0.20000000000000001,0.02,0.62999999999999989,0.75,0,0,3.2000000000000002,0,0.38545417332657295,0.82188590245278714,0,3.2015320995181291,0,-0.0078201576983466664,free_flight_controlled,sep_nmpc_adapted,formal_acados,0.28674328496375645,0,0.38296806422841645,-0.32371088836281647,-0.1178163402072374,-0.20195153004111788,-0.1344841270040118,1.4142137151078771e-10,-0.0051003460196490692,0.73563131712623009,0.73563131712623009,false,false,5.7380430000000002,0,0,false,0,0.083309658535973219,0,130.52467771804504,130.52467771804504,0,-0.064845638662008223,0,0,-0.064845638662008223,0,0,0.030066495531424074,0.0027137935752520504,0.0020021014841707018,0.0016598717919986278,0.0015339665820024806,0.17625211807398994,0.0093986835734660868,0.010012459936660919,0.012260839426156222,0.025328197789862048,0,-0.21330064681790173
2.3450000000000002,approach_stop,40,40,0.20000000000000001,0.02,0.63375000000000015,0.75,0,0,3.2000000000000002,0,0.38957229432779955,0.82535955207315093,0,3.2014930813311806,0,-0.0077864861279683811,free_flight_controlled,sep_nmpc_adapted,formal_acados,0.28841412710251108,0,0.38296876035585992,-0.32615816722528845,-0.11876777242093804,-0.20195153004111788,-0.1344841270040118,1.4142137151078771e-10,-0.0051003460196490692,0.73563131712623009,0.73563131712623009,false,false,5.7380430000000002,0,0,false,0,0.083262976921514228,0,130.52523442714897,130.52523442714897,0,-0.07123132836924595,0,0,-0.07123132836924595,0,0,0.030943528789416912,0.002760240387839384,0.0020518484021722632,0.0017209259084399109,0.001659583311046335,0.17454543911024267,0.0091890946340209348,0.0098890256843590287,0.012158983757500106,0.02490275104343052,0,-0.21533195571923847
2.3500000000000001,approach_stop,40,40,0.20000000000000001,0.02,0.63750000000000007,0.75,0,0,3.2000000000000002,0,0.39370773956362737,0.82881566442027899,0,3.2014542413563767,0,-0.0077488710871657929,free_flight_controlled,sep_nmpc_adapted,formal_acados,0.29011508193452151,0,0.38297221567222328,-0.32859265762910583,-0.11971380104012755,-0.19372948614535562,-0.16627562246458566,1.4142135719176522e-10,-0.011309790358741427,0.72397392711407271,0.72397392711407271,false,false,5.982755,0,0,false,0,0.083221405226156397,0,130.51276376101043,130.51276376101043,0,-0.095947416886415074,0,0,-0.095947416886415074,0,0,0.03181192523687431,0.0028057120504229463,0.0021010359824810282,0.001781436004396363,0.0017828416418802049,0.17279746817838454,0.0090087311169411172,0.0097887272792742883,0.01204268816187058,0.024385665949113882,0,-0.21736956914282332
2.355,approach_stop,40,40,0.20000000000000001,0.02,0.64124999999999999,0.75,0,0,3.2000000000000002,0,0.39786042107585984,0.83225412579293589,0,3.2014155866201826,0,-0.0077123913396607213,free_flight_controlled,sep_nmpc_adapted,formal_acados,0.29184642275727313,0,0.38297845719580204,-0.33101399831858669,-0.12065431180012644,-0.19372948614535562,-0.16627562246458566,1.4142135719176522e-10,-0.011309790358741427,0.72397392711407271,0.72397392711407271,false,false,5.982755,0,0,false,0,0.083184718505305191,0,130.51316563809166,130.51316563809166,0,-0.10186023888547316,0,0,-0.10186023888547316,0,0,0.032671856546264644,0.0028501822050064347,0.0021498211249122903,0.0018413127660027848,0.0019032977915625553,0.17115895537053114,0.0087899073311117938,0.0097267363638037178,0.011905718475326933,0.02378263001945927,0,-0.21941355366547716
2.3599999999999999,approach_stop,40,40,0.20000000000000001,0.02,0.64499999999999991,0.75,0,0,3.2000000000000002,0,0.40203025282546589,0.83567582303610288,0,3.2013771240093081,0,-0.0076720193774539817,free_flight_controlled,sep_nmpc_adapted,formal_acados,0.29360842083032662,0,0.38298750824790184,-0.33342183199513931,-0.1215891915020709,-0.19372948614535562,-0.16627562246458566,1.4142135719176522e-10,-0.011309790358741427,0.72397392711407271,0.72397392711407271,false,false,5.982755,0,0,false,0,0.08315269625836838,0,130.51337158875947,130.51337158875947,0,-0.10787312373976571,0,0,-0.10787312373976571,0,0,0.033523476795639037,0.0028936589544835472,0.0021983319914301472,0.0019004637788598232,0.0020205318971861157,0.16947312627245428,0.0086115362263250606,0.0096787932951681119,0.011751966674322508,0.023097812268319192,0,-0.22146412257670453
2.3650000000000002,approach_stop,40,40,0.20000000000000001,0.02,0.64875000000000016,0.75,0,0,3.2000000000000002,0,0.40621715193552771,0.83908113455638467,0,3.2013388728155165,0,-0.0076278233513168616,free_flight_controlled,sep_nmpc_adapted,formal_acados,0.29540134657060224,0,0.38299939884623296,-0.3358158053649255,-0.12251830598269089,-0.19372948614535562,-0.16627562246458566,1.4142135719176522e-10,-0.011309790358741427,0.72397392711407271,0.72397392711407271,false,false,5.982755,0,0,false,0,0.083125357501597455,0,130.51338377494767,130.51338377494767,0,-0.11398012368620086,0,0,-0.11398012368620086,0,0,0.034366553152856798,0.0029363453053675697,0.0022466358263929444,0.001958798937045517,0.0021341497866388271,0.16774156817178965,0.0084737600658604841,0.0096437188060582019,0.011578997571399708,0.022337158290337441,0,-0.2235214798189282
2.3700000000000001,approach_stop,40,40,0.20000000000000001,0.02,0.65250000000000008,0.75,0,0,3.2000000000000002,0,0.41042103743473912,0.84247044410147109,0,3.2013008519852333,0,-0.0075798732660665698,free_flight_controlled,sep_nmpc_adapted,formal_acados,0.29722546806386663,0,0.38301415440572206,-0.33819556937087247,-0.12344152302680395,-0.19372948614535562,-0.16627562246458566,1.4142135719176522e-10,-0.011309790358741427,0.72397392711407271,0.72397392711407271,false,false,5.982755,0,0,false,0,0.083102716802431337,0,130.51320446017542,130.51320446017542,0,-0.12017536180738131,0,0,-0.12017536180738131,0,0,0.035200861893546036,0.0029784427507552461,0.0022947941886992404,0.0020162166919624261,0.0022437876992903827,0.16596633259060742,0.0083758402607098555,0.0096204070912704314,0.011384685844473373,0.021506871686206939,0,-0.22558583125714121
2.375,approach_stop,40,40,0.20000000000000001,0.02,0.65625,0.75,0,0,3.2000000000000002,0,0.41464183028280993,0.84584414023996191,0,3.2012630801103388,0,-0.0075282409342254898,free_flight_controlled,sep_nmpc_adapted,formal_acados,0.29908105093683413,0,0.3830317955395362,-0.34056077934597584,-0.12435871239548968,-0.19372948614535562,-0.16627562246458566,1.4142135719176522e-10,-0.011309790358741427,0.72397392711407271,0.72397392711407271,false,false,5.982755,0,0,false,0,0.083084784380580937,0,130.51283600759228,130.51283600759228,0,-0.12645303693825063,0,0,-0.12645303693825063,0,0,0.036026190651619439,0.0030201470153387554,0.0023428631553864933,0.0020726058375731783,0.0023491133516954344,0.16414990554931064,0.0083162198024621849,0.0096077603802320125,0.011167307777551866,0.020613325732689761,0,-0.22765738475525726
2.3799999999999999,approach_stop,40,40,0.20000000000000001,0.02,0.65999999999999992,0.75,0,0,3.2000000000000002,0,0.41887945339318761,0.84920261580237211,0,3.2012255754192687,0,-0.0074729999166705139,free_flight_controlled,sep_nmpc_adapted,formal_acados,0.30096835823356427,0,0.38305233789284954,-0.34291109515962337,-0.12526974585250705,-0.19372948614535562,-0.16627562246458566,1.4142135719176522e-10,-0.011309790358741427,0.72397392711407271,0.72397392711407271,false,false,5.982755,0,0,false,0,0.083071566211492212,0,130.51228087744371,130.51228087744371,0,-0.13280742912028964,0,0,-0.13280742912028964,0,0,0.036842340500333547,0.0030616441498847076,0.0023908932031999623,0.0021278477118613246,0.002449826584143144,0.1622951697667023,0.0082925999227656429,0.0096046263705490235,0.010925615421877727,0.019662984328580196,0,-0.22973635029811082
2.3850000000000002,approach_stop,40,40,0.20000000000000001,0.02,0.66375000000000017,0.75,0,0,3.2000000000000002,0,0.42313383165290175,0.85254626729021477,0,3.2011883557684491,0,-0.00741422545034534,free_flight_controlled,sep_nmpc_adapted,formal_acados,0.30288765029661252,0,0.3830757920080487,-0.34524618135628926,-0.12617449718871956,-0.19372948614535562,-0.16627562246458566,1.4142135719176522e-10,-0.011309790358741427,0.72397392711407271,0.72397392711407271,false,false,5.982755,0,0,false,0,0.083063064132732095,0,130.51154162395645,130.51154162395645,0,-0.13923290546555184,0,0,-0.13923290546555184,0,0,0.037649127827272581,0.0031031070361358724,0.0024389287939239734,0.0021818187187650495,0.0025456596380930186,0.16040536027259819,0.0083020269623549098,0.0096097429557574932,0.010658890231921479,0.01866233357970298,0,-0.23182294015222604
2.3900000000000001,approach_stop,40,40,0.20000000000000001,0.02,0.66750000000000009,0.75,0,0,3.2000000000000002,0,0.42740489193938835,0.85587549426025589,0,3.2011514386341213,0,-0.007351994363450901,free_flight_controlled,sep_nmpc_adapted,formal_acados,0.3048391846533457,0,0.38310216321977397,-0.34756570728604264,-0.12707284224433824,-0.19372948614535562,-0.16627562246458566,1.4142135719176522e-10,-0.011309790358741427,0.72397392711407271,0.72397392711407271,false,false,5.982755,0,0,false,0,0.083059275953513159,0,130.51062089165981,130.51062089165981,0,-0.14572392629183917,0,0,-0.14572392629183917,0,0,0.038446385973924385,0.0031446923439150776,0.0024870077089128016,0.0022343930630832954,0.0026363771198353821,0.15848401486423899,0.0083409858144829312,0.009621693655618593,0.010366974427364553,0.017617824779892034,0,-0.23391736905844446
2.395,approach_stop,40,40,0.20000000000000001,0.02,0.67125000000000001,0.75,0,0,3.2000000000000002,0,0.43169256313418813,0.85919069869106823,0,3.2011148411046229,0,-0.0072863849788757052,free_flight_controlled,sep_nmpc_adapted,formal_acados,0.30682321590779205,0,0.38313145157802952,-0.34986934722639607,-0.12796465892881495,-0.19372948614535562,-0.16627562246458566,1.4142135719176522e-10,-0.011309790358741427,0.72397392711407271,0.72397392711407271,false,false,5.982755,0,0,false,0,0.083060195567471212,0,130.5095214111725,130.5095214111725,0,-0.15227505139550701,0,0,-0.15227505139550701,0,0,0.039233966617484024,0.0031865379651788363,0.0025351601925962274,0.0022854455851037615,0.0027217757080179044,0.1565349207577236,0.0084054967756420507,0.0096388760718878162,0.010050279523536381,0.016535828957817265,0,-0.23601985444968487
2.3999999999999999,approach_stop,40,40,0.20000000000000001,0.02,0.67499999999999993,0.75,0,0,3.2000000000000002,0,0.43599677613344845,0.86249228433891467,0,3.2010785798731756,0,-0.0072174770069658375,free_flight_controlled,sep_nmpc_adapted,formal_acados,0.3088399956383463,0,0.38316365179752332,-0.35215678049510213,-0.12884982723824789,-0.1827205239624069,-0.19500035637660548,1.4142135679332643e-10,-0.018644630090230645,0.70733599684935444,0.70733599684935444,false,false,5.9136480000000002,0,0,false,0,0.083065813068716743,0,130.48996877798047,130.48996877798047,0,-0.18491378162865416,0,0,-0.18491378162865416,0,0,0.040011740879027015,0.0032287609351978356,0.0025834079736450194,0.0023348545817640197,0.0028016836621524441,0.15456205868305523,0.0084912131459683737,0.0096594846179990992,0.0097097725966211537,0.015422602618642717,0,-0.238130616687381
2.4050000000000002,approach_stop,40,40,0.20000000000000001,0.02,0.67875000000000019,0.75,0,0,3.2000000000000002,0,0.44031746205379668,0.86577992735573328,0,3.2010426532170868,0,-0.0071525595165326233,free_flight_controlled,sep_nmpc_adapted,formal_acados,0.31088977030579951,0,0.38319873833078211,-0.35442769174799715,-0.12972826083778458,-0.1827205239624069,-0.19500035637660548,1.4142135679332643e-10,-0.018644630090230645,0.70733599684935444,0.70733599684935444,false,false,5.9136480000000002,0,0,false,0,0.083075778949527473,0,130.48885236651611,130.48885236651611,0,-0.19063223625696263,0,0,-0.19063223625696263,0,0,0.040780135538882066,0.0032712086745193213,0.0026318223610549301,0.0023824912520174391,0.002875962786718637,0.15278290488248275,0.0084966056630583729,0.0097033920003891244,0.0093424063817995045,0.014285106038184123,0,-0.24024966767099643
2.4100000000000001,approach_stop,40,40,0.20000000000000001,0.02,0.68250000000000011,0.75,0,0,3.2000000000000002,0,0.44465455387366926,0.86905470428693632,0,3.2010070593034632,0,-0.0070843816814542141,free_flight_controlled,sep_nmpc_adapted,formal_acados,0.31297278319828503,0,0.38323668075840811,-0.3566817706753842,-0.1305998742657811,-0.1827205239624069,-0.19500035637660548,1.4142135679332643e-10,-0.018644630090230645,0.70733599684935444,0.70733599684935444,false,false,5.9136480000000002,0,0,false,0,0.083089752700244587,0,130.4875619303676,130.4875619303676,0,-0.19641963084949279,0,0,-0.19641963084949279,0,0,0.041539562081651007,0.0033137547633475873,0.0026804257573844778,0.0024282511603190868,0.0029445011789050245,0.15097530522323829,0.0085300276169185014,0.0097346096861928803,0.0089593703718585833,0.013127329150056653,0,-0.24237723451806878
2.415,approach_stop,40,40,0.20000000000000001,0.02,0.68625000000000003,0.75,0,0,3.2000000000000002,0,0.44900798815373788,0.8723169719699071,0,3.2009718142377666,0,-0.0070130223755959769,free_flight_controlled,sep_nmpc_adapted,formal_acados,0.31508927633726153,0,0.38327745852634004,-0.35891871181647639,-0.13146455137407817,-0.1827205239624069,-0.19500035637660548,1.4142135679332643e-10,-0.018644630090230645,0.70733599684935444,0.70733599684935444,false,false,5.9136480000000002,0,0,false,0,0.083107738449485241,0,130.48610023579175,130.48610023579175,0,-0.20227074114289748,0,0,-0.20227074114289748,0,0,0.042289887407356029,0.0033565300230279224,0.0027291483251101981,0.0024720603715360501,0.003007212712177916,0.14914296706998409,0.008587600731199501,0.0097507014782750659,0.0085624147684540061,0.011955375617069079,0,-0.2445135366478782
2.4199999999999999,approach_stop,40,40,0.20000000000000001,0.02,0.68999999999999995,0.75,0,0,3.2000000000000002,0,0.45337770324444521,0.87556708934904492,0,3.2009369337280282,0,-0.0069385617058662242,free_flight_controlled,sep_nmpc_adapted,formal_acados,0.31723948836910604,0,0.38332104569324643,-0.36113821487533915,-0.13232217809304403,-0.1827205239624069,-0.19500035637660548,1.4142135679332643e-10,-0.018644630090230645,0.70733599684935444,0.70733599684935444,false,false,5.9136480000000002,0,0,false,0,0.083129736565644111,0,130.48447012649189,130.48447012649189,0,-0.20818044444943892,0,0,-0.20818044444943892,0,0,0.043030997615336221,0.0033996438489819428,0.0027779097496713188,0.0025138534967163507,0.0030640416440024551,0.14728984966059824,0.0086646603373662177,0.0097498971496433121,0.0081532125553046928,0.010775287664745451,0,-0.24665879666969584
2.4250000000000003,approach_stop,40,40,0.20000000000000001,0.02,0.6937500000000002,0.75,0,0,3.2000000000000002,0,0.45776363929476482,0.87880541677507529,0,3.2009024330789679,0,-0.0068610808724279817,free_flight_controlled,sep_nmpc_adapted,formal_acados,0.31942365449522231,0,0.38336741098186433,-0.36333998479954255,-0.13317264244209506,-0.1827205239624069,-0.19500035637660548,1.4142135679332643e-10,-0.018644630090230645,0.70733599684935444,0.70733599684935444,false,false,5.9136480000000002,0,0,false,0,0.083155743773507082,0,130.48267451733062,130.48267451733062,0,-0.21414372697135281,0,0,-0.21414372697135281,0,0,0.043762799063317488,0.0034431807052930463,0.0028266223190325053,0.0025535733833103127,0.003114962193539645,0.14542008300504988,0.00875592889901009,0.0097309893862040017,0.0077333909701362107,0.0095930002208934832,0,-0.24881324069940103
2.4300000000000002,approach_stop,40,40,0.20000000000000001,0.02,0.69750000000000012,0.75,0,0,3.2000000000000002,0,0.46216573825747481,0.8820323153027344,0,3.2008683271868765,0,-0.0067806620264182129,free_flight_controlled,sep_nmpc_adapted,formal_acados,0.32164200640955548,0,0.38341651785570074,-0.36552373184791931,-0.13401583453742852,-0.1827205239624069,-0.19500035637660548,1.4142135679332643e-10,-0.018644630090230645,0.70733599684935444,0.70733599684935444,false,false,5.9136480000000002,0,0,false,0,0.083185753274445939,0,130.48071638790847,130.48071638790847,0,-0.22015569088610568,0,0,-0.22015569088610568,0,0,0.044485219009158958,0.0034871975226845558,0.0028751934522111828,0.0025911709722256063,0.0031599778944733344,0.14353788260628073,0.0088557023114597469,0.0096932180793651984,0.0073045658409723541,0.008414297144274047,0,-0.25097709869322521
2.4350000000000001,approach_stop,40,40,0.20000000000000001,0.02,0.70125000000000004,0.75,0,0,3.2000000000000002,0,0.46658394389094349,0.88524814599993373,0,3.2008346305352222,0,-0.0066973881276212724,free_flight_controlled,sep_nmpc_adapted,formal_acados,0.32389477224357971,0,0.38346832461997438,-0.36768917164736381,-0.13485164659695589,-0.1827205239624069,-0.19500035637660548,1.4142135679332643e-10,-0.018644630090230645,0.70733599684935444,0.70733599684935444,false,false,5.9136480000000002,0,0,false,0,0.08321975487023979,0,130.47859877612092,130.47859877612092,0,-0.22621156098796757,0,0,-0.22621156098796757,0,0,0.045198205822471041,0.0035317220412600849,0.0029235276375287238,0.0026266053227971833,0.0031991207378582183,0.14164746320321905,0.0089580400847927635,0.0096361514104932097,0.006868373627562349,0.007244771257848821,0,-0.25315060478350304
2.4399999999999999,approach_stop,40,40,0.20000000000000001,0.02,0.70499999999999996,0.75,0,0,3.2000000000000002,0,0.47101820175751474,0.88845326928053669,0,3.2008013571909535,0,-0.0066113428045688804,free_flight_controlled,sep_nmpc_adapted,formal_acados,0.32618217651877096,0,0.38352278454523436,-0.36983602523874382,-0.13567997294248946,-0.1827205239624069,-0.19500035637660548,1.4142135679332643e-10,-0.018644630090230645,0.70733599684935444,0.70733599684935444,false,false,5.9136480000000002,0,0,false,0,0.083257735090096402,0,130.47632477180991,130.47632477180991,0,-0.23230669069317122,0,0,-0.23230669069317122,0,0,0.0459017287686911,0.0035767520968724349,0.0029715277857783442,0.002659843783221373,0.0032324501274514175,0.13975295447366967,0.009056951355845836,0.0095595719938991672,0.0064264969528343204,0.006089789488146923,0,-0.25533399760201464
2.4449999999999998,approach_stop,40,40,0.20000000000000001,0.02,0.70874999999999988,0.75,0,0,3.2000000000000002,0,0.47546845921863951,0.89164804427157318,0,3.2007685208014944,0,-0.0065226102194563141,free_flight_controlled,sep_nmpc_adapted,formal_acados,0.32850444010654345,0,0.38357984601207756,-0.37196401911209609,-0.13650070999926925,-0.1827205239624069,-0.19500035637660548,1.4142135679332643e-10,-0.018644630090230645,0.70733599684935444,0.70733599684935444,false,false,5.9136480000000002,0,0,false,0,0.083299677320321924,0,130.47389751061789,130.47389751061789,0,-0.23843656724751805,0,0,-0.23843656724751805,0,0,0.046595777382030072,0.0036222558124166973,0.0030190960411989633,0.0026908622656849034,0.0032600516753517848,0.13785832127709366,0.0091465697943053405,0.0094633748477004429,0.0059806805337801602,0.0049544639489214216,0,-0.25752752057776707
2.4500000000000002,approach_stop,40,40,0.20000000000000001,0.02,0.71250000000000013,0.75,0,0,3.2000000000000002,0,0.47993466542694874,0.89483282822416543,0,3.2007361345924012,0,-0.0064312749400747011,free_flight_controlled,sep_nmpc_adapted,formal_acados,0.33086178019557022,0,0.38363945267516297,-0.37407288523137849,-0.13731375629295114,-0.16927858109406502,-0.22125790580907678,1.4142135661633757e-10,-0.026870997562763458,0.68590298165505881,0.68590298165505881,false,false,5.7303379999999997,0,0,false,0,0.083345561935992601,0,130.447696310537,130.447696310537,0,-0.2781454623633437,0,0,-0.2781454623633437,0,0,0.047280360455567334,0.0036681726238736224,0.0030661341228250386,0.0027196455729685417,0.0032820358687732105,0.1359672905939833,0.0092213117730226835,0.0093474822745165664,0.0055327356277954844,0.0038436293329576834,0,-0.2597314221976903
2.4550000000000001,approach_stop,40,40,0.20000000000000001,0.02,0.71625000000000005,0.75,0,0,3.2000000000000002,0,0.48441676900529373,0.89800704127979258,0,3.2007041878876308,0,-0.0063468156078954653,free_flight_controlled,sep_nmpc_adapted,formal_acados,0.33325440758457192,0,0.38370152492370713,-0.37616236142072179,-0.13811905321738679,-0.16927858109406502,-0.22125790580907678,1.4142135661633757e-10,-0.026870997562763458,0.68590298165505881,0.68590298165505881,false,false,5.7303379999999997,0,0,false,0,0.08339493343349276,0,130.44539382254428,130.44539382254428,0,-0.28312430504626973,0,0,-0.28312430504626973,0,0,0.047956195013697689,0.0037140961508177876,0.0031126197185026377,0.002746170562602861,0.0032985400364764147,0.13435838920885651,0.0091509767561340511,0.009240072745316465,0.0050786593760852542,0.0027629281222472644,0,-0.26194566330097319
2.46,approach_stop,40,40,0.20000000000000001,0.02,0.71999999999999997,0.75,0,0,3.2000000000000002,0,0.48891472013716353,0.90117189993249236,0,3.200672669980277,0,-0.0062597600080234591,free_flight_controlled,sep_nmpc_adapted,formal_acados,0.33568252776732732,0,0.38376596876553315,-0.37823219236983618,-0.13891654268665929,-0.16927858109406502,-0.22125790580907678,1.4142135661633757e-10,-0.026870997562763458,0.68590298165505881,0.68590298165505881,false,false,5.7303379999999997,0,0,false,0,0.08344734973372693,0,130.44294304024945,130.44294304024945,0,-0.28815669156994284,0,0,-0.28815669156994284,0,0,0.04862397191576389,0.0037596338623607163,0.0031585888251152716,0.0027702336236297182,0.0033098891608838734,0.13274576537415791,0.0090583532658914147,0.0091768916899960234,0.004477114865839453,0.0018404710485323873,0,-0.26417046124701071
2.4649999999999999,approach_stop,40,40,0.20000000000000001,0.02,0.72374999999999989,0.75,0,0,3.2000000000000002,0,0.49342847277576596,0.90432768987023804,0,3.2006415936485229,0,-0.0061701888277147614,free_flight_controlled,sep_nmpc_adapted,formal_acados,0.33814633451157261,0,0.38383263667945167,-0.38028213826419333,-0.1397061265681927,-0.16927858109406502,-0.22125790580907678,1.4142135661633757e-10,-0.026870997562763458,0.68590298165505881,0.68590298165505881,false,false,5.7303379999999997,0,0,false,0,0.083502814747563908,0,130.44034694947842,130.44034694947842,0,-0.29323838261067209,0,0,-0.29323838261067209,0,0,0.049283686499758318,0.0038045973794573304,0.0032046280034217374,0.0027903367631995795,0.0033175247028044623,0.13113239295143037,0.0089272182659547589,0.0092507374203842467,0.003521197070321148,0.0012594015196796206,0,-0.26640603048502537
2.4700000000000002,approach_stop,40,40,0.20000000000000001,0.02,0.72750000000000015,0.75,0,0,3.2000000000000002,0,0.49795798221888748,0.90747465766144386,0,3.2006109712732664,0,-0.0060781819012885856,free_flight_controlled,sep_nmpc_adapted,formal_acados,0.34064601526176741,0,0.38390137252027379,-0.38231196695712011,-0.14048770930272816,-0.16927858109406502,-0.22125790580907678,1.4142135661633757e-10,-0.026870997562763458,0.68590298165505881,0.68590298165505881,false,false,5.7303379999999997,0,0,false,0,0.083561329534776407,0,130.43760851922417,130.43760851922417,0,-0.29836589224062793,0,0,-0.29836589224062793,0,0,0.049935296609736932,0.003849030503084481,0.0032508382985796907,0.0028053866027371614,0.0033228161918256085,0.12949619309895566,0.0088953989869848642,0.009136562967172971,0.0025530288726930404,0.00087741067451385711,0,-0.26865289473659071
2.4750000000000001,approach_stop,40,40,0.20000000000000001,0.02,0.73125000000000007,0.75,0,0,3.2000000000000002,0,0.50250320497578804,0.91061307325774921,0,3.2005808148267758,0,-0.0059838215594577825,free_flight_controlled,sep_nmpc_adapted,formal_acados,0.34318174524870582,0,0.38397201288860305,-0.3843214597270822,-0.14126120015202751,-0.16927858109406502,-0.22125790580907678,1.4142135661633757e-10,-0.026870997562763458,0.68590298165505881,0.68590298165505881,false,false,5.7303379999999997,0,0,false,0,0.083622892696517737,0,130.43473085628625,130.43473085628625,0,-0.30353537576079997,0,0,-0.30353537576079997,0,0,0.050578618832923028,0.0038939231403155835,0.003295131994721577,0.0028163827532188563,0.0033264668065303578,0.12782154882748728,0.0090928637385782954,0.0085112034037958771,0.0018879790291085115,0.00059744876012302322,0,-0.27091160565582001
2.48,approach_stop,40,40,0.20000000000000001,0.02,0.73499999999999999,0.75,0,0,3.2000000000000002,0,0.50706409914582862,0.91374327959079138,0,3.2005511358755703,0,-0.0058871883520968159,free_flight_controlled,sep_nmpc_adapted,formal_acados,0.34575369817621399,0,0.38404440837565662,-0.38631040096961466,-0.14202651052313381,-0.16927858109406502,-0.22125790580907678,1.4142135661633757e-10,-0.026870997562763458,0.68590298165505881,0.68590298165505881,false,false,5.7303379999999997,0,0,false,0,0.083687499541982097,0,130.43171700921485,130.43171700921485,0,-0.30874187191445313,0,0,-0.30874187191445313,0,0,0.051213529329226321,0.0039401274532362912,0.003335410794199775,0.0028246165883341399,0.0033289172864898269,0.12613557451907154,0.0094023362623952972,0.0075582840455524387,0.0014342387912276561,0.00039366000830069151,0,-0.27318227910997395
2.4849999999999999,approach_stop,40,40,0.20000000000000001,0.02,0.73874999999999991,0.75,0,0,3.2000000000000002,0,0.5116406245090066,0.91686560445839271,0,3.2005219455811975,0,-0.0057883637128011397,free_flight_controlled,sep_nmpc_adapted,formal_acados,0.3483620510153369,0,0.38411843361432851,-0.38827857349366968,-0.1427835527730108,-0.16927858109406502,-0.22125790580907678,1.4142135661633757e-10,-0.026870997562763458,0.68590298165505881,0.68590298165505881,false,false,5.7303379999999997,0,0,false,0,0.083755142009770883,0,130.42857009159815,130.42857009159815,0,-0.31398083722306713,0,0,-0.31398083722306713,0,0,0.051840028286741363,0.0039879608471871707,0.003370411538859969,0.0028309604516212048,0.0033304969653114198,0.12446003211052216,0.0097312815636598667,0.0064200170152890357,0.001122538625065323,0.00024620130481827423,0,-0.27546507240528889
2.4900000000000002,approach_stop,40,40,0.20000000000000001,0.02,0.74250000000000016,0.75,0,0,3.2000000000000002,0,0.51623274244469686,0.91998035999795635,0,3.2004932546968168,0,-0.0056874294666595486,free_flight_controlled,sep_nmpc_adapted,formal_acados,0.35100698202560476,0,0.38419398017351075,-0.39022576041909207,-0.14353224053487534,-0.16927858109406502,-0.22125790580907678,1.4142135661633757e-10,-0.026870997562763458,0.68590298165505881,0.68590298165505881,false,false,5.7303379999999997,0,0,false,0,0.083825809008648819,0,130.42529325904451,130.42529325904451,0,-0.31924813241308003,0,0,-0.31924813241308003,0,0,0.0524582106970913,0.0040373408207872111,0.0033994782855116682,0.0028359989510097815,0.0033314470675028891,0.12281121048687256,0.010011325555836994,0.0051990977525576167,0.00090565103510514236,0.00013957640690506558,0,-0.2777601841693807
2.4950000000000001,approach_stop,40,40,0.20000000000000001,0.02,0.74625000000000008,0.75,0,0,3.2000000000000002,0,0.52084041585592855,0.92308784369021024,0,3.200465073566646,0,-0.0055844672882881937,free_flight_controlled,sep_nmpc_adapted,formal_acados,0.3536886693388519,0,0.38427095135771838,-0.39215174651707663,-0.1442724889296611,-0.16927858109406502,-0.22125790580907678,1.4142135661633757e-10,-0.026870997562763458,0.68590298165505881,0.68590298165505881,false,false,5.7303379999999997,0,0,false,0,0.08389948672599018,0,130.42188968377712,130.42188968377712,0,-0.32453998478918095,0,0,-0.32453998478918095,0,0,0.053068240761027473,0.0040878929991731688,0.0034223918248205394,0.002840120604207616,0.0033319408742294647,0.12120060162719264,0.010193410482856977,0.0039689478236050579,0.00075142203823014644,6.1988563030832762e-05,0,-0.28006784614017133
2.5,approach_stop,40,40,0.20000000000000001,0.02,0.75,0.75,0,0,3.2000000000000002,0,0.52546360921068191,0.92618841769611238,0,3.2004374121180241,0,-0.0054795650746123836,free_flight_controlled,sep_nmpc_adapted,formal_acados,0.35640728925993448,0,0.38434925838005896,-0.39405631995074741,-0.14500421502966215,-0.15380917473422018,-0.2456269969374722,1.414213565185482e-10,-0.035861507936740047,0.6598057881144449,0.6598057881144449,false,false,5.7188949999999998,0,0,false,0,0.083976158638682588,0,130.389380923982,130.389380923982,0,-0.37072177971921771,0,0,-0.37072177971921771,0,0,0.053670398040275263,0.0041388372242103432,0.0034394291488225558,0.0028435376553410277,0.0033320903370924544,0.11968422972100899,0.010101677994898537,0.0029127195482718166,0.00060817747470752828,-2.4888199478872063e-06,0,-0.28238833702033611
2.5049999999999999,approach_stop,40,40,0.20000000000000001,0.02,0.75374999999999992,0.75,0,0,3.2000000000000002,0,0.53010228609629573,0.92928127167836305,0,3.2004102508253705,0,-0.0053844113283531246,free_flight_controlled,sep_nmpc_adapted,formal_acados,0.35916300833709114,0,0.38442879301641719,-0.39593927775920457,-0.14572738930994117,-0.15380917473422018,-0.2456269969374722,1.414213565185482e-10,-0.035861507936740047,0.6598057881144449,0.6598057881144449,false,false,5.7188949999999998,0,0,false,0,0.084055277165578965,0,130.38624529428904,130.38624529428904,0,-0.37457804581162135,0,0,-0.37457804581162135,0,0,0.054266200016633626,0.0041878017026624548,0.0034521313582545747,0.0028461654680822747,0.003331916789001293,0.11865033317781472,0.0094234554903756557,0.0022155251889480455,0.00044096467200194586,-6.6661925481905214e-05,0,-0.28472163624496771
2.5100000000000002,approach_stop,40,40,0.20000000000000001,0.02,0.75750000000000017,0.75,0,0,3.2000000000000002,0,0.5347564109745534,0.93236762829919284,0,3.200383570283249,0,-0.0052872673774456069,free_flight_controlled,sep_nmpc_adapted,formal_acados,0.3619559896268667,0,0.38450944690299538,-0.39780042134768667,-0.14644198211424575,-0.15380917473422018,-0.2456269969374722,1.414213565185482e-10,-0.035861507936740047,0.6598057881144449,0.6598057881144449,false,false,5.7188949999999998,0,0,false,0,0.084136313110232008,0,130.38298734372808,130.38298734372808,0,-0.37848741201850239,0,0,-0.37848741201850239,0,0,0.054857077311403511,0.0042325408349479727,0.0034619693589631058,0.0028479487752951036,0.0033314295639311465,0.11770678293721264,0.0084315844943717525,0.0017504211924617484,0.00027390994235112305,-0.00012741775613802481,0,-0.28706810288194595
2.5150000000000001,approach_stop,40,40,0.20000000000000001,0.02,0.76125000000000009,0.75,0,0,3.2000000000000002,0,0.53942595156946738,0.93544757496699704,0,3.2003573802825294,0,-0.0051881978803134362,free_flight_controlled,sep_nmpc_adapted,formal_acados,0.36478639809335678,0,0.3845911351399367,-0.39963955347611058,-0.14714791300401805,-0.15380917473422018,-0.2456269969374722,1.414213565185482e-10,-0.035861507936740047,0.6598057881144449,0.6598057881144449,false,false,5.7188949999999998,0,0,false,0,0.084219283383849625,0,130.37960944656953,130.37960944656953,0,-0.38244839024042693,0,0,-0.38244839024042693,0,0,0.055443378052623137,0.0042717580165540052,0.0034698860877446407,0.0028489297967878241,0.0033306523764095246,0.11681380729247699,0.0072294086799788819,0.0014362148066182716,0.00012150529796775818,-0.00018238751618850663,0,-0.28942807917726449
2.52,approach_stop,40,40,0.20000000000000001,0.02,0.76500000000000001,0.75,0,0,3.2000000000000002,0,0.54411087608494957,0.93852121562695379,0,3.2003316902841159,0,-0.005087270115102612,free_flight_controlled,sep_nmpc_adapted,formal_acados,0.36765439723009319,0,0.38467377470926833,-0.40145647885485636,-0.14784510247258023,-0.15380917473422018,-0.2456269969374722,1.414213565185482e-10,-0.035861507936740047,0.6598057881144449,0.6598057881144449,false,false,5.7188949999999998,0,0,false,0,0.084304203521832932,0,130.37611411644568,130.37611411644568,0,-0.38645919425907194,0,0,-0.38645919425907194,0,0,0.056025273958302278,0.0043046027830008111,0.0034764942392170248,0.0028491971924499686,0.0033296169770639658,0.11594014075073404,0.0058937109428287508,0.0012199012457166009,-1.122818443288986e-05,-0.00023064173151786531,0,-0.2918019040490738
2.5249999999999999,approach_stop,40,40,0.20000000000000001,0.02,0.76874999999999993,0.75,0,0,3.2000000000000002,0,0.54881115328002528,0.9415886680434109,0,3.2003065094070977,0,-0.0049845534569301977,free_flight_controlled,sep_nmpc_adapted,formal_acados,0.37056014891011235,0,0.38475728511135276,-0.4032510043699129,-0.14853347209034687,-0.15380917473422018,-0.2456269969374722,1.414213565185482e-10,-0.035861507936740047,0.6598057881144449,0.6598057881144449,false,false,5.7188949999999998,0,0,false,0,0.08439108751109535,0,130.3725039832544,130.3725039832544,0,-0.390517805704992,0,0,-0.390517805704992,0,0,0.056602796653109584,0.0043305598542467075,0.0034821899512793649,0.0028488506391090413,0.003328357151376905,0.11506070145232555,0.0044828638646625162,0.0010665400674981405,-0.00012435332115184888,-0.00027222577770948591,0,-0.29418991489152513
2.5300000000000002,approach_stop,40,40,0.20000000000000001,0.02,0.77250000000000019,0.75,0,0,3.2000000000000002,0,0.55352675228908332,0.94464978748546957,0,3.2002818464401646,0,-0.0048800956068385214,free_flight_controlled,sep_nmpc_adapted,formal_acados,0.37350381317106573,0,0.38484158908072685,-0.40502293911801757,-0.14921294452221359,-0.15380917473422018,-0.2456269969374722,1.414213565185482e-10,-0.035861507936740047,0.6598057881144449,0.6598057881144449,false,false,5.7188949999999998,0,0,false,0,0.084479948248989009,0,130.36878069393327,130.36878069393327,0,-0.39462664520446578,0,0,-0.39462664520446578,0,0,0.057175832001032344,0.0043494321316784714,0.0034872036815573968,0.0028479740788871204,0.0033269042008074873,0.11411768987210259,0.003111951828758053,0.00092752017006771245,-0.00023006525907633956,-0.00030854197754663241,0,-0.29659280339522753
2.5350000000000001,approach_stop,40,40,0.20000000000000001,0.02,0.77625000000000011,0.75,0,0,3.2000000000000002,0,0.55825763818334251,0.94770336437107228,0,3.2002577102171559,0,-0.0047738532612225486,free_flight_controlled,sep_nmpc_adapted,formal_acados,0.37648554737155476,0,0.38492662244926579,-0.40677209081178778,-0.14988344172786963,-0.15380917473422018,-0.2456269969374722,1.414213565185482e-10,-0.035861507936740047,0.6598057881144449,0.6598057881144449,false,false,5.7188949999999998,0,0,false,0,0.084570808222174165,0,130.36494166701408,130.36494166701408,0,-0.39880590417737516,0,0,-0.39880590417737516,0,0,0.057743541162455787,0.0043623886806320507,0.0034912654197718318,0.0028464698791331694,0.0033252682267442711,0.11292005117956803,0.0021328880928293734,0.00068319941114219028,-0.00037848621458973393,-0.00034658102779253389,0,-0.29901271235242699
2.54,approach_stop,40,40,0.20000000000000001,0.02,0.78000000000000003,0.75,0,0,3.2000000000000002,0,0.56300377391432732,0.95074982731594593,0,3.2002341094550006,0,-0.0046659225707092649,free_flight_controlled,sep_nmpc_adapted,formal_acados,0.37950550432198449,0,0.38501232711562239,-0.40849826959234281,-0.15054488651088777,-0.15380917473422018,-0.2456269969374722,1.414213565185482e-10,-0.035861507936740047,0.6598057881144449,0.6598057881144449,false,false,5.7188949999999998,0,0,false,0,0.08466369432484698,0,130.36099075385076,130.36099075385076,0,-0.40304738111250238,0,0,-0.40304738111250238,0,0,0.058304701269491957,0.0043712596920887428,0.0034939406531051126,0.0028441326893139766,0.0033234294587623238,0.11150857952539704,0.0014565683110045052,0.00038232389928793454,-0.00056045668214624333,-0.00038986866385003091,0,-0.30144973813332587
2.5449999999999999,approach_stop,40,40,0.20000000000000001,0.02,0.78374999999999995,0.75,0,0,3.2000000000000002,0,0.56776512538581725,0.95378974895895496,0,3.2002110523223606,0,-0.0045564115416598001,free_flight_controlled,sep_nmpc_adapted,formal_acados,0.38256383232986224,0,0.38509863844079711,-0.41020129305595499,-0.15119720487600738,-0.15380917473422018,-0.2456269969374722,1.414213565185482e-10,-0.035861507936740047,0.6598057881144449,0.6598057881144449,false,false,5.7188949999999998,0,0,false,0,0.084758625423363029,0,130.35693239781966,130.35693239781966,0,-0.40734074017589139,0,0,-0.40734074017589139,0,0,0.05885838304232683,0.004377282854114979,0.0034950644899240531,0.0028408344080349708,0.0033213589859891948,0.10993553333487517,0.00098025367868854497,6.8330170276979655e-05,-0.00075948758586472434,-0.0004419343015591571,0,-0.30390375575934098
2.5500000000000003,approach_stop,40,40,0.20000000000000001,0.02,0.7875000000000002,0.75,0,0,3.2000000000000002,0,0.57254166116402216,0.95682363225597422,0,3.2001885464682811,0,-0.0044454208713194839,free_flight_controlled,sep_nmpc_adapted,formal_acados,0.38566067973014001,0,0.38518550177283128,-0.41188098143388219,-0.1518403250848735,-0.13672220110422684,-0.2685887594398394,1.4142135645729834e-10,-0.045552501546035497,0.6291348031721512,0.6291348031721512,false,false,5.7324820000000001,0,0,false,0,0.084855613375191138,0,130.31835359059107,130.31835359059107,0,-0.45973826647947635,0,0,-0.45973826647947635,0,0,0.059403860685947184,0.0043812848841620232,0.0034946613710292803,0.0028365784708603123,0.003318876236891023,0.10823061510366616,0.00063994639684497633,-0.00022316025134349059,-0.00093770649207252082,-0.00056635383737826592,0,-0.30637458239401
2.5550000000000002,approach_stop,40,40,0.20000000000000001,0.02,0.79125000000000012,0.75,0,0,3.2000000000000002,0,0.57733334798112979,0.95985025001384028,0,3.2001665644795048,0,-0.0043468798907889518,free_flight_controlled,sep_nmpc_adapted,formal_acados,0.38879619427664014,0,0.38527285110413068,-0.41353715370448962,-0.15247423449750167,-0.13672220110422684,-0.2685887594398394,1.4142135645729834e-10,-0.045552501546035497,0.6291348031721512,0.6291348031721512,false,false,5.7324820000000001,0,0,false,0,0.084954045550588025,0,130.31469477480863,130.31469477480863,0,-0.46238512719308739,0,0,-0.46238512719308739,0,0,0.059941334070032458,0.0043837818466974021,0.0034928930407784691,0.0028311990916413663,0.0033157768842202681,0.10673588945902925,0.00037691479884610749,-0.00046931813785320382,-0.001235651044352468,-0.00066513289674421027,0,-0.30886187320759445
2.5600000000000001,approach_stop,40,40,0.20000000000000001,0.02,0.79500000000000004,0.75,0,0,3.2000000000000002,0,0.58214015509545203,0.96287180929347926,0,3.2001450790075605,0,-0.0042468220979835509,free_flight_controlled,sep_nmpc_adapted,formal_acados,0.39197052026675172,0,0.38536059785793619,-0.41516963482870028,-0.15309891983593452,-0.13672220110422684,-0.2685887594398394,1.4142135645729834e-10,-0.045552501546035497,0.6291348031721512,0.6291348031721512,false,false,5.7324820000000001,0,0,false,0,0.085053325508205144,0,130.31093618623453,130.31093618623453,0,-0.46510180098573556,0,0,-0.46510180098573556,0,0,0.060471056988840338,0.0043852008383345143,0.0034900920282943428,0.0028240540291395362,0.0033122845794328446,0.10513430894284313,0.00020330302788142409,-0.00064027482120222528,-0.0016336410288226621,-0.00072857152048231189,0,-0.31136497435283306
2.5649999999999999,approach_stop,40,40,0.20000000000000001,0.02,0.79874999999999996,0.75,0,0,3.2000000000000002,0,0.58696205803479951,0.96588863046364271,0,3.2001240974200296,0,-0.0041453337659517536,free_flight_controlled,sep_nmpc_adapted,formal_acados,0.3951838032152426,0,0.38544867911479752,-0.41677825481955688,-0.15371431001332794,-0.13672220110422684,-0.2685887594398394,1.4142135645729834e-10,-0.045552501546035497,0.6291348031721512,0.6291348031721512,false,false,5.7324820000000001,0,0,false,0,0.085153491780903035,0,130.3070812834371,130.3070812834371,0,-0.46788142394096388,0,0,-0.46788142394096388,0,0,0.060992548571863932,0.0043859158354934485,0.0034865789925934624,0.002814783274604203,0.0033085076804875899,0.10344611616036957,9.1507863983830283e-05,-0.00075714580698399252,-0.0020783686499042777,-0.00078265778033225148,0,-0.31388392662828435
2.5699999999999998,approach_stop,40,40,0.20000000000000001,0.02,0.80249999999999988,0.75,0,0,3.2000000000000002,0,0.59179903382725618,0.968900995745272,0,3.2001036266612535,0,-0.0040424980418646891,free_flight_controlled,sep_nmpc_adapted,formal_acados,0.39843618586652513,0,0.38553703448809418,-0.41836284796073109,-0.15432033618234678,-0.13672220110422684,-0.2685887594398394,1.4142135645729834e-10,-0.045552501546035497,0.6291348031721512,0.6291348031721512,false,false,5.7324820000000001,0,0,false,0,0.085254577878117896,0,130.30313341460044,130.30313341460044,0,-0.47071800407652009,0,0,-0.47071800407652009,0,0,0.061505414042265144,0.0043861848169462533,0.0034825831843678596,0.0028032553098584576,0.0033044432060704179,0.10168583887400758,2.2234471801845162e-05,-0.00083560831928274537,-0.002531059431534817,-0.00084624775379797798,0,-0.31641881438121849
2.5750000000000002,approach_stop,40,40,0.20000000000000001,0.02,0.80625000000000013,0.75,0,0,3.2000000000000002,0,0.59665106084366648,0.97190916178487741,0,3.2000836732653983,0,-0.0039383959851765687,free_flight_controlled,sep_nmpc_adapted,formal_acados,0.40172780814804648,0,0.38562560535420326,-0.41992325269562003,-0.1549169315914222,-0.13672220110422684,-0.2685887594398394,1.4142135645729834e-10,-0.045552501546035497,0.6291348031721512,0.6291348031721512,false,false,5.7324820000000001,0,0,false,0,0.0853566128738181,0,130.29909586341489,130.29909586341489,0,-0.4736061746241661,0,0,-0.4736061746241661,0,0,0.062009320628111243,0.0043861846537729884,0.0034782664054223327,0.0027895038101737437,0.0033000082876717372,0.099863986575234751,-1.8009511980604027e-05,-0.00088715228384898728,-0.0029638983982266135,-0.00093266999384032515,0,-0.31896975113848836
2.5800000000000001,approach_stop,40,40,0.20000000000000001,0.02,0.81000000000000005,0.75,0,0,3.2000000000000002,0,0.6015181186933799,0.97491336858918531,0,3.2000642433649733,0,-0.0038331072990567257,free_flight_controlled,sep_nmpc_adapted,formal_acados,0.40505880712868292,0,0.38571433423403001,-0.42145931156469696,-0.15550403148292069,-0.13672220110422684,-0.2685887594398394,1.4142135645729834e-10,-0.045552501546035497,0.6291348031721512,0.6291348031721512,false,false,5.7324820000000001,0,0,false,0,0.085459621836442415,0,130.29497188144629,130.29497188144629,0,-0.47654101805326687,0,0,-0.47654101805326687,0,0,0.062503980644224022,0.004386035525529703,0.0034737413279991515,0.0027736798361474592,0.0032950646689244483,0.09798825122983458,-3.8647137809991193e-05,-0.00092008865962575311,-0.0033573647609451166,-0.0010509230302032659,0,-0.32153686926424413
2.585,approach_stop,40,40,0.20000000000000001,0.02,0.81374999999999997,0.75,0,0,3.2000000000000002,0,0.60640018815778141,0.97791384584832408,0,3.2000453426962374,0,-0.0037267108500984298,free_flight_controlled,sep_nmpc_adapted,formal_acados,0.40842931698255736,0,0.38580316426749295,-0.42297087117522403,-0.15608157301931855,-0.13672220110422684,-0.2685887594398394,1.4142135645729834e-10,-0.045552501546035497,0.6291348031721512,0.6291348031721512,false,false,5.7324820000000001,0,0,false,0,0.0855636261472318,0,130.29076471117935,130.29076471117935,0,-0.47951794082989241,0,0,-0.47951794082989241,0,0,0.062989139654911805,0.004385818071551942,0.0034690853239087789,0.0027560155721410382,0.0032894380015524335,0.096064359060817284,-4.6238129768038322e-05,-0.00094034276862189784,-0.0036982451968245273,-0.001206574861440932,0,-0.3241203125073413
2.5899999999999999,approach_stop,40,40,0.20000000000000001,0.02,0.81749999999999989,0.75,0,0,3.2000000000000002,0,0.61129725115048139,0.98091081737926233,0,3.2000269766024139,0,-0.0036192850377720119,free_flight_controlled,sep_nmpc_adapted,formal_acados,0.41183946895781914,0,0.38589203876385714,-0.42445778219266228,-0.15664949522933197,-0.13672220110422684,-0.2685887594398394,1.4142135645729834e-10,-0.045552501546035497,0.6291348031721512,0.6291348031721512,false,false,5.7324820000000001,0,0,false,0,0.085668643739125167,0,130.28647760244334,130.28647760244334,0,-0.48253258464563759,0,0,-0.48253258464563759,0,0,0.063464568243496847,0.0043855854735705881,0.0034643507912900696,0.0027367966769474856,0.003282933214729695,0.094096675563230106,-4.5322781002182655e-05,-0.00095206791416893902,-0.0039781503633885247,-0.0014024457057868187,0,-0.32672023063179573
2.5950000000000002,approach_stop,40,40,0.20000000000000001,0.02,0.82125000000000015,0.75,0,0,3.2000000000000002,0,0.61620929069614594,0.98390450421233722,0,3.2000091500353376,0,-0.0035109080544807819,free_flight_controlled,sep_nmpc_adapted,formal_acados,0.41528939135020448,0,0.38598090081617986,-0.42591989934594143,-0.1572077389682088,-0.13672220110422684,-0.2685887594398394,1.4142135645729834e-10,-0.045552501546035497,0.6291348031721512,0.6291348031721512,false,false,5.7324820000000001,0,0,false,0,0.085774689279361757,0,130.28211382401707,130.28211382401707,0,-0.48558076392408833,0,0,-0.48558076392408833,0,0,0.063930056344047748,0.0043853719827028331,0.0034595727892894807,0.0027163410768755412,0.0032753468836860108,0.092088635248490813,-3.9015539218212946e-05,-0.00095811412994438092,-0.0041924024332881419,-0.0016391340943783777,0,-0.32933677555656538
2.6000000000000001,approach_stop,40,40,0.20000000000000001,0.02,0.82500000000000007,0.75,0,0,3.2000000000000002,0,0.6211362909221726,0.98689512669565915,0,3.1999918675560175,0,-0.0034016580640759695,free_flight_controlled,sep_nmpc_adapted,formal_acados,0.41877920948136865,0,0.38606969297214999,-0.42735708144080398,-0.1577562468880111,-0.11831843606275205,-0.29045789365679947,1.414213564157183e-10,-0.055896883688821779,0.59396453696799845,0.59396453696799845,false,false,5.7685500000000003,0,0,false,0,0.085881774312467948,0,130.2377345942931,130.2377345942931,0,-0.5438041559864204,0,0,-0.5438041559864204,0,0,0.064385409391936946,0.0043851989397957663,0.0034547746257975361,0.002694982605194832,0.0032664772649568957,0.090043046392853099,-2.9424504110255728e-05,-0.00096038294003182318,-0.0043391948992848204,-0.0019154303544493025,0,-0.33197009859453608
2.605,approach_stop,40,40,0.20000000000000001,0.02,0.82874999999999999,0.75,0,0,3.2000000000000002,0,0.62607823190343725,0.98988082249440557,0,3.1999750930529562,0,-0.0033077275332519898,free_flight_controlled,sep_nmpc_adapted,formal_acados,0.42230904077100134,0,0.38615832612931156,-0.42876919113243595,-0.15829502994187228,-0.11831843606275205,-0.29045789365679947,1.414213564157183e-10,-0.055896883688821779,0.59396453696799845,0.59396453696799845,false,false,5.7685500000000003,0,0,false,0,0.085989198293825106,0,130.23392569162266,130.23392569162266,0,-0.54492992466583834,0,0,-0.54492992466583834,0,0,0.064831369756057175,0.0043849936964353714,0.0034499093795404149,0.002672912332739918,0.0032562195658298507,0.088330394144827448,-5.0008444993389203e-05,-0.00098399335247657056,-0.0044800328402516505,-0.0021928332942635232,0,-0.33462031461004954
2.6099999999999999,approach_stop,40,40,0.20000000000000001,0.02,0.83249999999999991,0.75,0,0,3.2000000000000002,0,0.63103509447233008,0.99286378660863961,0,3.1999587907511446,0,-0.0032127844769866379,free_flight_controlled,sep_nmpc_adapted,formal_acados,0.42587899974014065,0,0.38624671081241435,-0.43015609473218941,-0.15882409819703186,-0.11831843606275205,-0.29045789365679947,1.414213564157183e-10,-0.055896883688821779,0.59396453696799845,0.59396453696799845,false,false,5.7685500000000003,0,0,false,0,0.086096284223202729,0,130.23004481959856,130.23004481959856,0,-0.54612871713599442,0,0,-0.54612871713599442,0,0,0.065268629790760577,0.0043847188775993544,0.003444948331114531,0.0026502719697485172,0.0032444987555992994,0.086563642401290622,-5.809548244415846e-05,-0.00099910333782337029,-0.0045665094438841055,-0.0025006044667228483,0,-0.33728700778396625
2.6150000000000002,approach_stop,40,40,0.20000000000000001,0.02,0.83625000000000016,0.75,0,0,3.2000000000000002,0,0.63600686533587003,0.99584416526173158,0,3.1999429655367932,0,-0.0031168996591634862,free_flight_controlled,sep_nmpc_adapted,formal_acados,0.42948920291753956,0,0.38633478803089111,-0.43151766241833045,-0.15934339438994352,-0.11831843606275205,-0.29045789365679947,1.414213564157183e-10,-0.055896883688821779,0.59396453696799845,0.59396453696799845,false,false,5.7685500000000003,0,0,false,0,0.086203086696123268,0,130.22609481991512,130.22609481991512,0,-0.5473958363214475,0,0,-0.5473958363214475,0,0,0.065696930323250871,0.0043844257247193123,0.0034399284486728208,0.0026273414266548634,0.0032311656847300529,0.08474716634630973,-5.7904802372562001e-05,-0.0010078202550844596,-0.0045958654575938285,-0.002837375294155346,0,-0.33997027008493763
2.6200000000000001,approach_stop,40,40,0.20000000000000001,0.02,0.84000000000000008,0.75,0,0,3.2000000000000002,0,0.64099353193385011,0.99882210556070383,0,3.1999276219417419,0,-0.0030201441170635626,free_flight_controlled,sep_nmpc_adapted,formal_acados,0.43313976384476949,0,0.3864224977959132,-0.4328537680890806,-0.1598528629567102,-0.11831843606275205,-0.29045789365679947,1.414213564157183e-10,-0.055896883688821779,0.59396453696799845,0.59396453696799845,false,false,5.7685500000000003,0,0,false,0,0.086309656385641795,0,130.22207857569586,130.22207857569586,0,-0.54872672825927471,0,0,-0.54872672825927471,0,0,0.0661160319422915,0.0043841480813018282,0.0034348776646830441,0.0026044077608973503,0.0032160821003953152,0.082884548487334744,-5.2265601620948279e-05,-0.0010116709131993385,-0.0045678917098836321,-0.0032002169127008924,0,-0.34267019465532911
2.625,approach_stop,40,40,0.20000000000000001,0.02,0.84375,0.75,0,0,3.2000000000000002,0,0.64599508244710491,1.0017977570138317,0,3.1999127641417013,0,-0.0029225892818599709,free_flight_controlled,sep_nmpc_adapted,formal_acados,0.43683079307217854,0,0.38650977892603677,-0.43416428937492635,-0.16035245001195886,-0.11831843606275205,-0.29045789365679947,1.414213564157183e-10,-0.055896883688821779,0.59396453696799845,0.59396453696799845,false,false,5.7685500000000003,0,0,false,0,0.086416040176268,0,130.21799901698265,130.21799901698265,0,-0.55011694906998554,0,0,-0.55011694906998554,0,0,0.066525711743637639,0.0043839081596097297,0.0034298174792664966,0.0025817539531878837,0.0031991275834254481,0.080978845492296433,-4.3061689282079805e-05,-0.0010117209272734796,-0.0044843408424497296,-0.0035849757199166222,0,-0.3453868736323083
2.6299999999999999,approach_stop,40,40,0.20000000000000001,0.02,0.84749999999999992,0.75,0,0,3.2000000000000002,0,0.65101150581203948,1.0047712724565017,0,3.1998983959541123,0,-0.0028243070401029599,free_flight_controlled,sep_nmpc_adapted,formal_acados,0.44056239816087112,0,0.38659656890564253,-0.4354491076511684,-0.16084210333317692,-0.11831843606275205,-0.29045789365679947,1.414213564157183e-10,-0.055896883688821779,0.59396453696799845,0.59396453696799845,false,false,5.7685500000000003,0,0,false,0,0.086522281276000146,0,130.21385912357684,130.21385912357684,0,-0.55156214326196717,0,0,-0.55156214326196717,0,0,0.066925761186247198,0.0043837204633272201,0.0034247649841275219,0.0025596503148947554,0.0031802049481861631,0.079032770771349389,-3.1534013501738383e-05,-0.0010086852367488777,-0.0043484581832978209,-0.0039865551119552013,0,-0.34812039665801325
2.6350000000000002,approach_stop,40,40,0.20000000000000001,0.02,0.85125000000000017,0.75,0,0,3.2000000000000002,0,0.65604279173867408,1.0077428085562166,0,3.1998845208358095,0,-0.002725369750892089,free_flight_controlled,sep_nmpc_adapted,formal_acados,0.44433468369068641,0,0.38668280379291453,-0.43670810804798765,-0.16132177234856662,-0.11831843606275205,-0.29045789365679947,1.414213564157183e-10,-0.055896883688821779,0.59396453696799845,0.59396453696799845,false,false,5.7685500000000003,0,0,false,0,0.086628419314629321,0,130.20966192587863,130.20966192587863,0,-0.55305803006670784,0,0,-0.55305803006670784,0,0,0.067315984706109805,0.0043835944514865532,0.0034197343722878553,0.0025383480001556166,0.0031592443408341585,0.077048818441140116,-1.8487887137345472e-05,-0.0010030226636181772,-0.0041646050009944233,-0.0043991562315693934,0,-0.3508708498853384
2.6400000000000001,approach_stop,40,40,0.20000000000000001,0.02,0.85500000000000009,0.75,0,0,3.2000000000000002,0,0.66108893073042452,1.0107125260183496,0,3.1998711418806871,0,-0.0026258502296524914,free_flight_controlled,sep_nmpc_adapted,formal_acados,0.44814775127414541,0,0.38676841817501284,-0.43794117945627908,-0.16179140812718384,-0.11831843606275205,-0.29045789365679947,1.414213564157183e-10,-0.055896883688821779,0.59396453696799845,0.59396453696799845,false,false,5.7685500000000003,0,0,false,0,0.086734490433326955,0,130.20541050420294,130.20541050420294,0,-0.55460039544585205,0,0,-0.55460039544585205,0,0,0.067696198841387195,0.0043835363377693936,0.0034147380187965477,0.0025180742159878217,0.0031362062159839325,0.07502934630113095,-4.4357556549880023e-06,-0.00099501299580647003,-0.0039379529491205979,-0.0048164871920057372,0,-0.35363831534121543
2.645,approach_stop,40,40,0.20000000000000001,0.02,0.85875000000000001,0.75,0,0,3.2000000000000002,0,0.66614991410434976,1.0136805895798084,0,3.1998582618175107,0,-0.002525821706849968,free_flight_controlled,sep_nmpc_adapted,formal_acados,0.45200169957629355,0,0.38685334516830416,-0.43914821452805619,-0.16225096337048692,-0.11831843606275205,-0.29045789365679947,1.414213564157183e-10,-0.055896883688821779,0.59396453696799845,0.59396453696799845,false,false,5.7685500000000003,0,0,false,0,0.08684052736903819,0,130.20110798693742,130.20110798693742,0,-0.55618508808289169,0,0,-0.55618508808289169,0,0,0.068066231696311069,0.0043835502927841111,0.0034097872176650488,0.0024990288171143219,0.0031110833314236478,0.072976630042487875,1.0303995852414261e-05,-0.00098481772260334763,-0.0036742333744499314,-0.005231947579821883,0,-0.35642287054806621
2.6499999999999999,approach_stop,40,40,0.20000000000000001,0.02,0.86249999999999993,0.75,0,0,3.2000000000000002,0,0.67122573401097174,1.0166471678535791,0,3.1998458830079857,0,-0.0024253577681778316,free_flight_controlled,sep_nmpc_adapted,formal_acados,0.45589662434031053,0,0.38693751646142238,-0.44032910967066119,-0.16270039240467823,-0.098882910333342733,-0.31163224938635059,1.414213563857093e-10,-0.066933421250113118,0.55433069412196201,0.55433069412196201,false,false,5.7622059999999999,0,0,false,0,0.086946559536135726,0,130.15118962394425,130.15118962394425,0,-0.61999087549448073,0,0,-0.61999087549448073,0,0,0.068425922622604454,0.0043836392325390426,0.0034048926515484117,0.002481382043462866,0.0030839018718661175,0.07089289722917079,2.5538467906028249e-05,-0.00097252659986946501,-0.0033795291765476307,-0.0056387929877188929,0,-0.35922458833127424
2.6550000000000002,approach_stop,40,40,0.20000000000000001,0.02,0.86625000000000019,0.75,0,0,3.2000000000000002,0,0.67631637757390928,1.0196100576099578,0,3.1998339613306643,0,-0.0023429788674187149,free_flight_controlled,sep_nmpc_adapted,formal_acados,0.45983261273427456,0,0.38702082775539137,-0.4414837648396347,-0.1631397262811328,-0.098882910333342733,-0.31163224938635059,1.414213563857093e-10,-0.066933421250113118,0.55433069412196201,0.55433069412196201,false,false,5.7622059999999999,0,0,false,0,0.087051813434538827,0,130.14759623984699,130.14759623984699,0,-0.61941755563574441,0,0,-0.61941755563574441,0,0,0.068776164391158079,0.0043837090081715472,0.0033999941128841325,0.0024651081462300347,0.0030548201655194742,0.069195585722840097,4.9650555192777051e-06,-0.00098515965896559562,-0.0031291555021111619,-0.0059898298340713895,0,-0.36204344375507325
2.6600000000000001,approach_stop,40,40,0.20000000000000001,0.02,0.87000000000000011,0.75,0,0,3.2000000000000002,0,0.68142183239362153,1.0225716859829475,0,3.1998224531562487,0,-0.0022599641703143439,free_flight_controlled,sep_nmpc_adapted,formal_acados,0.46380974918823309,0,0.38710317423512453,-0.44261208320538847,-0.16356899467795075,-0.098882910333342733,-0.31163224938635059,1.414213563857093e-10,-0.066933421250113118,0.55433069412196201,0.55433069412196201,false,false,5.7622059999999999,0,0,false,0,0.087155542245689333,0,130.14395641229441,130.14395641229441,0,-0.61893244087596555,0,0,-0.61893244087596555,0,0,0.069117791540447754,0.0043837112468990275,0.0033950571348210124,0.0024501017966425246,0.0030240448319058663,0.067447842772655961,-2.301027679074908e-06,-0.00098825676744527082,-0.0028721947542176881,-0.0063159107898908932,0,-0.3648788835480184
2.665,approach_stop,40,40,0.20000000000000001,0.02,0.87375000000000003,0.75,0,0,3.2000000000000002,0,0.68654209238812269,1.0255321430326563,0,3.1998113615012631,0,-0.0021763788335508265,free_flight_controlled,sep_nmpc_adapted,formal_acados,0.46782812112484556,0,0.38718448564037444,-0.44371397126327716,-0.16398815089528329,-0.098882910333342733,-0.31163224938635059,1.414213563857093e-10,-0.066933421250113118,0.55433069412196201,0.55433069412196201,false,false,5.7622059999999999,0,0,false,0,0.08725782432799313,0,130.14027273720004,130.14027273720004,0,-0.61853063304894951,0,0,-0.61853063304894951,0,0,0.069450564469901777,0.0043837013767658861,0.0033901243049275606,0.0024363988571510366,0.0029917064079948525,0.065654534880312865,-4.4044498229697035e-07,-0.00098378863788085142,-0.0026077734736008251,-0.0066146169554059239,0,-0.36773091194860108
2.6699999999999999,approach_stop,40,40,0.20000000000000001,0.02,0.87749999999999995,0.75,0,0,3.2000000000000002,0,0.6916771519275805,1.028491519720683,0,3.1998006890561417,0,-0.0020922881758652532,free_flight_controlled,sep_nmpc_adapted,formal_acados,0.4718878132280197,0,0.38726469126502078,-0.44478933869956083,-0.16439714979575087,-0.098882910333342733,-0.31163224938635059,1.414213563857093e-10,-0.066933421250113118,0.55433069412196201,0.55433069412196201,false,false,5.7622059999999999,0,0,false,0,0.087358733720242304,0,130.1365478474975,130.1365478474975,0,-0.61820739852484419,0,0,-0.61820739852484419,0,0,0.06977426574713165,0.0043837174101675229,0.0033852293296798663,0.0024240355668031289,0.0029579489957433473,0.063819711286122308,7.675606146542771e-06,-0.00097334339690064581,-0.0023365270454750158,-0.0068829909970674046,0,-0.37059953636020765
2.6750000000000003,approach_stop,40,40,0.20000000000000001,0.02,0.8812500000000002,0.75,0,0,3.2000000000000002,0,0.69682700584199686,1.0314499091848928,0,3.1997904381841429,0,-0.0020077577602729347,free_flight_controlled,sep_nmpc_adapted,formal_acados,0.47598890748303324,0,0.38734372006480006,-0.4458380983589636,-0.16479594778526233,-0.098882910333342733,-0.31163224938635059,1.414213563857093e-10,-0.066933421250113118,0.55433069412196201,0.55433069412196201,false,false,5.7622059999999999,0,0,false,0,0.087458340296688808,0,130.13278441678995,130.13278441678995,0,-0.61795813847506098,0,0,-0.61795813847506098,0,0,0.070088696668489797,0.0043837853601712204,0.0033803988289205895,0.00241304221116318,0.0029229322607247986,0.061946847308158845,2.0061290094473613e-05,-0.00095817753848350426,-0.0020601327091340376,-0.0071178044778902839,0,-0.37348476540737274
2.6800000000000002,approach_stop,40,40,0.20000000000000001,0.02,0.88500000000000012,0.75,0,0,3.2000000000000002,0,0.70199164943418635,1.034407407508158,0,3.199780610920032,0,-0.0019228534260692291,free_flight_controlled,sep_nmpc_adapted,formal_acados,0.4801314832208543,0,0.38742150080199789,-0.44686016621333202,-0.16518450279877636,-0.098882910333342733,-0.31163224938635059,1.414213563857093e-10,-0.066933421250113118,0.55433069412196201,0.55433069412196201,false,false,5.7622059999999999,0,0,false,0,0.087556709901646199,0,130.12898516074489,130.12898516074489,0,-0.61777836891122795,0,0,-0.61777836891122795,0,0,0.070393674831009306,0.004383922908737208,0.0033756538401809744,0.0024034388652297936,0.0028868322349751697,0.060039010430829605,3.5331401755260994e-05,-0.00093927786960243886,-0.0017809438307888276,-0.0073157708285381783,0,-0.37638660759331238
2.6850000000000001,approach_stop,40,40,0.20000000000000001,0.02,0.88875000000000004,0.75,0,0,3.2000000000000002,0,0.70717107856860173,1.0373641600598893,0,3.1997712089600849,0,-0.0018376466857094823,free_flight_controlled,sep_nmpc_adapted,formal_acados,0.48431561696310388,0,0.38749795921155117,-0.44785546160549783,-0.16556277421250795,-0.098882910333342733,-0.31163224938635059,1.414213563857093e-10,-0.066933421250113118,0.55433069412196201,0.55433069412196201,false,false,5.7622059999999999,0,0,false,0,0.08765390429323712,0,130.12515308735067,130.12515308735067,0,-0.61766292785981891,0,0,-0.61766292785981891,0,0,0.070689030767731448,0.0043841492298103083,0.0033710324993079916,0.0023951595237682345,0.0028499006201910615,0.058098095966307703,5.6943025281656082e-05,-0.00090459105358146582,-0.0015461983575328342,-0.0074373818388573289,0,-0.37930494107394042
2.6899999999999999,approach_stop,40,40,0.20000000000000001,0.02,0.89249999999999996,0.75,0,0,3.2000000000000002,0,0.71236528995513282,1.0403203263709719,0,3.1997622336304072,0,-0.0017522101366072315,free_flight_controlled,sep_nmpc_adapted,formal_acados,0.48854138189778551,0,0.38757300944803985,-0.44882390805734729,-0.1659307226354742,-0.098882910333342733,-0.31163224938635059,1.414213563857093e-10,-0.066933421250113118,0.55433069412196201,0.55433069412196201,false,false,5.7622059999999999,0,0,false,0,0.08774998061645202,0,130.12129128928422,130.12129128928422,0,-0.61760658146109004,0,0,-0.61760658146109004,0,0,0.070974606506290672,0.0043845057323342292,0.0033666411725153476,0.0023878510933838027,0.0028126338960849759,0.056127764143848152,8.6621317326721279e-05,-0.00084973687485807609,-0.0013872128831437138,-0.0074534685473724594,0,-0.38223964017513246
2.6949999999999998,approach_stop,40,40,0.20000000000000001,0.02,0.89624999999999988,0.75,0,0,3.2000000000000002,0,0.71757428091972908,1.0432760082260852,0,3.1997536859165128,0,-0.0016666092561547596,free_flight_controlled,sep_nmpc_adapted,formal_acados,0.49280884883486142,0,0.38764656720484203,-0.44976543208486763,-0.16628831025260293,-0.098882910333342733,-0.31163224938635059,1.414213563857093e-10,-0.066933421250113118,0.55433069412196201,0.55433069412196201,false,false,5.7622059999999999,0,0,false,0,0.087844992134276406,0,130.11740256097875,130.11740256097875,0,-0.61760525376175324,0,0,-0.61760525376175324,0,0,0.071250267076427259,0.0043850219948113403,0.0033625488804836096,0.0023812060716931517,0.0027755096775985808,0.054132600913805021,0.00012029157323341597,-0.00078643562331794851,-0.0012773135625823871,-0.007383017633626243,0,-0.3851907469371505
2.7000000000000002,approach_stop,40,40,0.20000000000000001,0.02,0.90000000000000013,0.75,0,0,3.2000000000000002,0,0.72279804928802271,1.0462313045834319,0,3.1997455664776933,0,-0.0015809091403483173,free_flight_controlled,sep_nmpc_adapted,formal_acados,0.49711808650014122,0,0.38771855333857175,-0.45067996278788147,-0.16663550086972115,-0.078702169300858271,-0.33240676251281193,1.4142135636305949e-10,-0.07870880677462129,0.51024707446875261,0.51024707446875261,false,false,5.7445069999999996,0,0,false,0,0.087938988668286866,0,130.06222873959823,130.06222873959823,0,-0.68685903652147229,0,0,-0.68685903652147229,0,0,0.071515896899423018,0.0043857105206742469,0.0033587794115444952,0.0023750248044307814,0.0027389251189753887,0.052115863870773979,0.00015515631389831808,-0.00072142563735417501,-0.0011994726895865335,-0.007239501659940732,0,-0.38815830063858181
2.7050000000000001,approach_stop,40,40,0.20000000000000001,0.02,0.90375000000000005,0.75,0,0,3.2000000000000002,0,0.7280365866148647,1.0491835745543265,0,3.1997378236652558,0,-0.0015159668411484611,free_flight_controlled,sep_nmpc_adapted,formal_acados,0.50146915547078863,0,0.38778886057521511,-0.45156743114407605,-0.16697234367457151,-0.078702169300858271,-0.33240676251281193,1.4142135636305949e-10,-0.07870880677462129,0.51024707446875261,0.51024707446875261,false,false,5.7445069999999996,0,0,false,0,0.088031127055364672,0,130.05920719580305,130.05920719580305,0,-0.68447412288356257,0,0,-0.68447412288356257,0,0,0.071772557684240748,0.0043864505700304847,0.0033552105149630349,0.0023691376554355382,0.0027032102781654041,0.05054317247985992,0.00014300266993045127,-0.00070564882569639409,-0.0011584016875794817,-0.0070384462662611193,0,-0.39114236014375892
2.71,approach_stop,40,40,0.20000000000000001,0.02,0.90749999999999997,0.75,0,0,3.2000000000000002,0,0.73328988437669307,1.0521354805417933,0,3.1997304065280954,0,-0.0014506464042796916,free_flight_controlled,sep_nmpc_adapted,formal_acados,0.50586211454832264,0,0.38785738929672553,-0.45242776982837041,-0.16729888609697985,-0.078702169300858271,-0.33240676251281193,1.4142135636305949e-10,-0.07870880677462129,0.51024707446875261,0.51024707446875261,false,false,5.7445069999999996,0,0,false,0,0.08812059452533634,0,130.05616253044852,130.05616253044852,0,-0.6821981633882378,0,0,-0.6821981633882378,0,0,0.072021239986500743,0.0043871615650893352,0.0033517305946223698,0.0023634180894044499,0.0026686149315124862,0.048925145401804447,0.00014265230491978325,-0.00068605858994218497,-0.0011312775817388296,-0.0067926494848067759,0,-0.39414218856268446
2.7149999999999999,approach_stop,40,40,0.20000000000000001,0.02,0.91124999999999989,0.75,0,0,3.2000000000000002,0,0.73855794077974479,1.0550870335475149,0,3.1997233168181811,0,-0.0013850035094726658,free_flight_controlled,sep_nmpc_adapted,formal_acados,0.51029702664939913,0,0.38792407741812662,-0.45326091413034564,-0.16761509003619551,-0.078702169300858271,-0.33240676251281193,1.4142135636305949e-10,-0.07870880677462129,0.51024707446875261,0.51024707446875261,false,false,5.7445069999999996,0,0,false,0,0.088207496851960485,0,130.05309681435037,130.05309681435037,0,-0.68002634407721541,0,0,-0.68002634407721541,0,0,0.072261728179785947,0.0043878907445407756,0.0033483555589819999,0.002357811400174257,0.0026353499252488024,0.047266035023760193,0.00014970155815352329,-0.00066384624283529078,-0.0011125179429482776,-0.0065070145916062503,0,-0.39715773235730739
2.7200000000000002,approach_stop,40,40,0.20000000000000001,0.02,0.91500000000000015,0.75,0,0,3.2000000000000002,0,0.74384075409291617,1.0580382477108448,0,3.1997165560081924,0,-0.0013190942170073995,free_flight_controlled,sep_nmpc_adapted,formal_acados,0.51477395256105296,0,0.38798886544119154,-0.45406680153186318,-0.16792091880768989,-0.078702169300858271,-0.33240676251281193,1.4142135636305949e-10,-0.07870880677462129,0.51024707446875261,0.51024707446875261,false,false,5.7445069999999996,0,0,false,0,0.088291935240796093,0,130.0500121647826,130.0500121647826,0,-0.67795399262384959,0,0,-0.67795399262384959,0,0,0.07249382560941553,0.0043886673693444784,0.0033450963181486876,0.0023522852252971238,0.0026036046518993186,0.045569236182464931,0.00016125618135295571,-0.00063984409979359351,-0.0010986096367515367,-0.0061853207484268433,0,-0.40018893925562055
2.7250000000000001,approach_stop,40,40,0.20000000000000001,0.02,0.91875000000000007,0.75,0,0,3.2000000000000002,0,0.74913832266628178,1.060989141516586,0,3.1997101252893971,0,-0.0012529750414965045,free_flight_controlled,sep_nmpc_adapted,formal_acados,0.51929295096709605,0,0.38805169641100407,-0.45484537169918571,-0.16821633712627154,-0.078702169300858271,-0.33240676251281193,1.4142135636305949e-10,-0.07870880677462129,0.51024707446875261,0.51024707446875261,false,false,5.7445069999999996,0,0,false,0,0.088374006471666308,0,130.04691074891153,130.04691074891153,0,-0.67597655012069724,0,0,-0.67597655012069724,0,0,0.072717351074263123,0.0043895088705016546,0.0033419602636484257,0.0023468212543858919,0.0025735513659808414,0.043837573611030037,0.00017540903384861143,-0.0006146425902014618,-0.0010873448810117493,-0.0058307065598308325,0,-0.4032357568483399
2.73,approach_stop,40,40,0.20000000000000001,0.02,0.92249999999999999,0.75,0,0,3.2000000000000002,0,0.75445064495473024,1.0639397384898599,0,3.1997040255693077,0,-0.0011867029744296188,free_flight_controlled,sep_nmpc_adapted,formal_acados,0.52385407847709387,0,0.38811251593374219,-0.45559656647763636,-0.16850131109601046,-0.078702169300858271,-0.33240676251281193,1.4142135636305949e-10,-0.07870880677462129,0.51024707446875261,0.51024707446875261,false,false,5.7445069999999996,0,0,false,0,0.088453803021442429,0,130.04379478492544,130.04379478492544,0,-0.67408955276305249,0,0,-0.67408955276305249,0,0,0.072932136478633627,0.0043904248750548519,0.0033389522779366026,0.0023414100030202316,0.0025453475811375494,0.042073489693007705,0.00019090052131522,-0.00058866476828336447,-0.0010773377671919871,-0.0054459680013442639,0,-0.40629813158835665
2.7349999999999999,approach_stop,40,40,0.20000000000000001,0.02,0.92624999999999991,0.75,0,0,3.2000000000000002,0,0.75977771954417916,1.0668900675565467,0,3.1996982574693136,0,-0.0011203354725932086,free_flight_controlled,sep_nmpc_adapted,formal_acados,0.52845738965604427,0,0.38817127223061137,-0.45632032988813487,-0.16877580820434612,-0.078702169300858271,-0.33240676251281193,1.4142135636305949e-10,-0.07870880677462129,0.51024707446875261,0.51024707446875261,false,false,5.7445069999999996,0,0,false,0,0.088531413174851095,0,130.0406665416082,130.0406665416082,0,-0.67228862002260725,0,0,-0.67228862002260725,0,0,0.073138025249736047,0.004391419851780186,0.0033360754416044045,0.0023360475255940439,0.0025191372938568493,0.040279167580869926,0.00020689750304359077,-0.00056221483731325932,-0.0010677187109661319,-0.005033738801862352,0,-0.40937600806610269
2.7400000000000002,approach_stop,40,40,0.20000000000000001,0.02,0.93000000000000016,0.75,0,0,3.2000000000000002,0,0.76511954517900604,1.0698401631847809,0,3.1996928213224338,0,-0.0010539304235181297,free_flight_controlled,sep_nmpc_adapted,formal_acados,0.53310293705335421,0,0.38822791620983976,-0.45701660812565181,-0.16903979731881566,-0.078702169300858271,-0.33240676251281193,1.4142135636305949e-10,-0.07870880677462129,0.51024707446875261,0.51024707446875261,false,false,5.7445069999999996,0,0,false,0,0.088606921127232563,0,130.037528336847,130.037528336847,0,-0.67056944708766753,0,0,-0.67056944708766753,0,0,0.073334871258273024,0.0043924948572498538,0.003333331541136607,0.0023307333524318712,0.0024950515051061165,0.038456612317225525,0.00022284900490944187,-0.00053551067686357506,-0.0010579417553087484,-0.004596596579193409,0,-0.41246932847774614
2.7450000000000001,approach_stop,40,40,0.20000000000000001,0.02,0.93375000000000008,0.75,0,0,3.2000000000000002,0,0.77047612078980177,1.0727900653823803,0,3.1996877171712805,0,-0.00098754609529477853,free_flight_controlled,sep_nmpc_adapted,formal_acados,0.53779077123019026,0,0.38828240154525384,-0.45768534955961149,-0.1692932486854033,-0.078702169300858271,-0.33240676251281193,1.4142135636305949e-10,-0.07870880677462129,0.51024707446875261,0.51024707446875261,false,false,5.7445069999999996,0,0,false,0,0.088680407081841051,0,130.03438253540108,130.03438253540108,0,-0.66892780012603348,0,0,-0.66892780012603348,0,0,0.073522538071369992,0.0043936486939482313,0.003330721440897287,0.0023254691979871169,0.002473208337128034,0.036607704583523568,0.00023839174766813429,-0.00050870639194340519,-0.001047663413575833,-0.0041371222549107895,0,-0.41557803223164957
2.75,approach_stop,40,40,0.20000000000000001,0.02,0.9375,0.75,0,0,3.2000000000000002,0,0.77584744552085672,1.0757398195989465,0,3.1996829447663084,0,-0.00092124107564501775,free_flight_controlled,sep_nmpc_adapted,formal_acados,0.54252094078458302,0,0.38833468475440497,-0.45832650473627368,-0.16953613392787795,-0.05801266116313597,-0.35298773989167537,1.4142135634538812e-10,-0.091268869949628031,0.46171559209018548,0.46171559209018548,false,false,5.7529750000000002,0,0,false,0,0.08875194734340959,0,129.97427821462531,129.97427821462531,0,-0.74358361407014995,0,0,-0.74358361407014995,0,0,0.073700898426326503,0.0043948786826682037,0.0033282453593819722,0.0023202581529444214,0.0024537129319808378,0.034734236531307618,0.00025328801279156198,-0.00048190852239413719,-0.0010366668226930824,-0.0036579302364000911,0,-0.41870205565702195
2.7549999999999999,approach_stop,40,40,0.20000000000000001,0.02,0.94124999999999992,0.75,0,0,3.2000000000000002,0,0.78123351123890683,1.0786864320894864,0,3.1996784457191469,0,-0.00087821001936051095,free_flight_controlled,sep_nmpc_adapted,formal_acados,0.54729348559843438,0,0.38838468942253612,-0.45894002564047243,-0.16976851843839588,-0.05801266116313597,-0.35298773989167537,1.4142135634538812e-10,-0.091268869949628031,0.46171559209018548,0.46171559209018548,false,false,5.7529750000000002,0,0,false,0,0.088820634387226899,0,129.97215616627378,129.97215616627378,0,-0.73934953585186136,0,0,-0.73934953585186136,0,0,0.073871115505785276,0.0043960469759243993,0.0033257702373640737,0.0023150617754759085,0.0024366467007209272,0.033348281766493577,0.00021627990070912555,-0.00050722817798875023,-0.0010419626662969564,-0.0031679748118334573,0,-0.4218413045772571
2.7600000000000002,approach_stop,40,40,0.20000000000000001,0.02,0.94500000000000017,0.75,0,0,3.2000000000000002,0,0.7866343094479229,1.0816328091451488,0,3.1996741625239595,0,-0.00083490760426259555,free_flight_controlled,sep_nmpc_adapted,formal_acados,0.55210844397650416,0,0.38843234615834976,-0.45952586547141872,-0.16999046536929194,-0.05801266116313597,-0.35298773989167537,1.4142135634538812e-10,-0.091268869949628031,0.46171559209018548,0.46171559209018548,false,false,5.7529750000000002,0,0,false,0,0.088885593959145248,0,129.97002991398671,129.97002991398671,0,-0.73525258359459744,0,0,-0.73525258359459744,0,0,0.074034271086781206,0.0043970675432506686,0.0033231895893904915,0.0023098413503124674,0.0024220370965537504,0.031910340878372523,0.00019337834099502976,-0.00052413214918556924,-0.0010460134371249991,-0.0026755226776926638,0,-0.42499487244115991
2.7650000000000001,approach_stop,40,40,0.20000000000000001,0.02,0.94875000000000009,0.75,0,0,3.2000000000000002,0,0.7920498388662589,1.0845789098105489,0,3.1996700964159572,0,-0.0007913826431415039,free_flight_controlled,sep_nmpc_adapted,formal_acados,0.55696585923158315,0,0.38847762591157253,-0.46008397963467573,-0.17020194332644251,-0.05801266116313597,-0.35298773989167537,1.4142135634538812e-10,-0.091268869949628031,0.46171559209018548,0.46171559209018548,false,false,5.7529750000000002,0,0,false,0,0.088946963378446986,0,129.96790098986975,129.96790098986975,0,-0.73128742722419193,0,0,-0.73128742722419193,0,0,0.07419011735396483,0.0043979998419859286,0.0033205446791941462,0.0023046064311557034,0.0024098932655184659,0.030425119057055458,0.00018042527266458756,-0.0005330108704124035,-0.0010476131602176768,-0.0021818539521251557,0,-0.42816259820040864
2.77,approach_stop,40,40,0.20000000000000001,0.02,0.95250000000000001,0.75,0,0,3.2000000000000002,0,0.79748009801886821,1.0875246976591113,0,3.1996662483852565,0,-0.00074768436917151744,free_flight_controlled,sep_nmpc_adapted,formal_acados,0.56186577268070459,0,0.38852050167863217,-0.4606143253381636,-0.17040292222811793,-0.05801266116313597,-0.35298773989167537,1.4142135634538812e-10,-0.091268869949628031,0.46171559209018548,0.46171559209018548,false,false,5.7529750000000002,0,0,false,0,0.089004874684900884,0,129.96577097764555,129.96577097764555,0,-0.72744888943597907,0,0,-0.72744888943597907,0,0,0.074338428060021777,0.0043988861072181296,0.0033178740510011141,0.0022993709774311072,0.0024002185847700687,0.028896583652981752,0.00017459377135912562,-0.00053452720727891769,-0.0010461588379375836,-0.0016880308298367322,0,-0.43134432544870943
2.7749999999999999,approach_stop,40,40,0.20000000000000001,0.02,0.95624999999999993,0.75,0,0,3.2000000000000002,0,0.80292508526279927,1.0904701432412214,0,3.1996626191741697,0,-0.00070386307740071615,free_flight_controlled,sep_nmpc_adapted,formal_acados,0.56680822428829125,0,0.3885609509340921,-0.46111686097450799,-0.17059337322022008,-0.05801266116313597,-0.35298773989167537,1.4142135634538812e-10,-0.091268869949628031,0.46171559209018548,0.46171559209018548,false,false,5.7529750000000002,0,0,false,0,0.089059454796708612,0,129.96364154236224,129.96364154236224,0,-0.72373189464840815,0,0,-0.72373189464840815,0,0,0.074478993348053316,0.0043997572282585464,0.00331521679088054,0.0022941611574542483,0.0023929879591103403,0.027325870943859236,0.0001744803491851677,-0.00052478831400281549,-0.0010302290321193514,-0.0012208931861472224,0,-0.43453980915756674
2.7800000000000002,approach_stop,40,40,0.20000000000000001,0.02,0.96000000000000019,0.75,0,0,3.2000000000000002,0,0.80838479888379766,1.0934152544922355,0,3.1996592092605116,0,-0.00065997467797805371,free_flight_controlled,sep_nmpc_adapted,formal_acados,0.57179326326298963,0,0.38859899429724287,-0.46159153562080801,-0.17077326729520095,-0.05801266116313597,-0.35298773989167537,1.4142135634538812e-10,-0.091268869949628031,0.46171559209018548,0.46171559209018548,false,false,5.7529750000000002,0,0,false,0,0.089110825482223155,0,129.96151464234529,129.96151464234529,0,-0.7201309317829252,0,0,-0.7201309317829252,0,0,0.074611582369717155,0.0044006477391806019,0.003312684817785445,0.0022891720899157904,0.002387762434649787,0.025705960891223342,0.00018283900340817149,-0.00048323686042207024,-0.00095764636533309108,-0.00089047859981933525,0,-0.43774840033515783
2.7850000000000001,approach_stop,40,40,0.20000000000000001,0.02,0.96375000000000011,0.75,0,0,3.2000000000000002,0,0.81385923729462883,1.0963600643621649,0,3.1996560188388101,0,-0.00061607531862441613,free_flight_controlled,sep_nmpc_adapted,formal_acados,0.57682094369156045,0,0.38863467648842132,-0.46203829360306836,-0.17094257578242728,-0.05801266116313597,-0.35298773989167537,1.4142135634538812e-10,-0.091268869949628031,0.46171559209018548,0.46171559209018548,false,false,5.7529750000000002,0,0,false,0,0.089159103081378574,0,129.9593922842096,129.9593922842096,0,-0.71664028150772996,0,0,-0.71664028150772996,0,0,0.074735961031057008,0.0044016034243016732,0.0033104309188525917,0.0022846406087701715,0.0023839119901378587,0.024042852815598672,0.00020047774249284332,-0.0004149719582818086,-0.00085134075393780218,-0.00066341017801797451,0,-0.44096985823994328
2.79,approach_stop,40,40,0.20000000000000001,0.02,0.96750000000000003,0.75,0,0,3.2000000000000002,0,0.8193483990527245,1.099304597131836,0,3.199653047827594,0,-0.00057221942318924038,free_flight_controlled,sep_nmpc_adapted,formal_acados,0.58189131347272127,0,0.38866802562962532,-0.4624570855800032,-0.1711012718031151,-0.05801266116313597,-0.35298773989167537,1.4142135634538812e-10,-0.091268869949628031,0.46171559209018548,0.46171559209018548,false,false,5.7529750000000002,0,0,false,0,0.089204398684514546,0,129.95727643162439,129.95727643162439,0,-0.71325460328654033,0,0,-0.71325460328654033,0,0,0.074851931247526787,0.0044026683299763216,0.0033085683484202458,0.002280683254458943,0.0023810169956677337,0.022343538440739233,0.00022627640643761525,-0.00032789395998567851,-0.00073030741004692418,-0.00050353545011087159,0,-0.44420402622099742
2.7949999999999999,approach_stop,40,40,0.20000000000000001,0.02,0.97124999999999995,0.75,0,0,3.2000000000000002,0,0.82485228281793455,1.102248869951078,0,3.1996502958763977,0,-0.00052846021107480403,free_flight_controlled,sep_nmpc_adapted,formal_acados,0.58700441521172131,0,0.38869905817705691,-0.46284786760621321,-0.17124933021090918,-0.05801266116313597,-0.35298773989167537,1.4142135634538812e-10,-0.091268869949628031,0.46171559209018548,0.46171559209018548,false,false,5.7529750000000002,0,0,false,0,0.089246818453398977,0,129.95516902776413,129.95516902776413,0,-0.70996889481168191,0,0,-0.70996889481168191,0,0,0.074959327265365208,0.0044038789187985502,0.0033071743342039366,0.0022773447745100821,0.002378803624669466,0.020613966184331079,0.00025844316206560184,-0.00022850454241685368,-0.00060505218512717012,-0.00038770429271548103,0,-0.447450759397022
2.8000000000000003,approach_stop,40,40,0.20000000000000001,0.02,0.9750000000000002,0.75,0,0,3.2000000000000002,0,0.83037088732344133,1.1051928953927177,0,3.1996477623711224,0,-0.00048484995253598399,free_flight_controlled,sep_nmpc_adapted,formal_acados,0.59216028709970558,0,0.38872778323303886,-0.46321060022373572,-0.17138672750774256,-0.037011871597292245,-0.37348571359926985,1.4142135633126461e-10,-0.10463724198981381,0.40873706899268009,0.40873706899268009,false,false,5.7458590000000003,0,0,false,0,0.089286463896725385,0,129.89052647765558,129.89052647765558,0,-0.79001912928787932,0,0,-0.79001912928787932,0,0,0.075058010640930317,0.0044052622035272845,0.0033062970035798015,0.0022746306129296655,0.0023770915794107967,0.018859131667441947,0.00029505198689982787,-0.00012196650154584415,-0.00048124830317153354,-0.00030103647929892566,0,-0.45070992268985399
2.8050000000000002,approach_stop,40,40,0.20000000000000001,0.02,0.97875000000000012,0.75,0,0,3.2000000000000002,0,0.83590420309909808,1.1081333390867234,0,3.1996453828560782,0,-0.00046686941414873507,free_flight_controlled,sep_nmpc_adapted,formal_acados,0.59735895577160292,0,0.38875416528387335,-0.46354524732749514,-0.17151354275717123,-0.037011871597292245,-0.37348571359926985,1.4142135633126461e-10,-0.10463724198981381,0.40873706899268009,0.40873706899268009,false,false,5.7458590000000003,0,0,false,0,0.089322361819186499,0,129.88959962441811,129.88959962441811,0,-0.78393125701203958,0,0,-0.78393125701203958,0,0,0.075149266467740949,0.0044066889883112859,0.0033058148587858157,0.0022724750723786078,0.0023757582371764546,0.017641112193120482,0.00027833404115695494,-7.0146223225057961e-05,-0.00038288205038652825,-0.00023541718905784346,0,-0.45398133318500256
2.8100000000000001,approach_stop,40,40,0.20000000000000001,0.02,0.98250000000000004,0.75,0,0,3.2000000000000002,0,0.84145222003248477,1.1110733412318303,0,3.1996430939605629,0,-0.00044860867007674688,free_flight_controlled,sep_nmpc_adapted,formal_acados,0.60260044377441258,0,0.38877816690613665,-0.46385177625807217,-0.17162985274484796,-0.037011871597292245,-0.37348571359926985,1.4142135633126461e-10,-0.10463724198981381,0.40873706899268009,0.40873706899268009,false,false,5.7458590000000003,0,0,false,0,0.08935357524982146,0,129.88868395771399,129.88868395771399,0,-0.77800851457531794,0,0,-0.77800851457531794,0,0,0.075234304015809175,0.0044080776308284041,0.0033056112079627876,0.0022707868736726142,0.0023747113079647139,0.016372797875020179,0.00027864068566038099,-1.1034608583317191e-05,-0.00029404005601009735,-0.00018550116859672854,0,-0.45726398913612493
2.8149999999999999,approach_stop,40,40,0.20000000000000001,0.02,0.98624999999999996,0.75,0,0,3.2000000000000002,0,0.84701493565127961,1.1140127962049624,0,3.1996408969891692,0,-0.00043010636712673909,free_flight_controlled,sep_nmpc_adapted,formal_acados,0.60788477776172556,0,0.38879978915303914,-0.46413015788955403,-0.17173563101462874,-0.037011871597292245,-0.37348571359926985,1.4142135633126461e-10,-0.10463724198981381,0.40873706899268009,0.40873706899268009,false,false,5.7458590000000003,0,0,false,0,0.089380271956563381,0,129.88778020734827,129.88778020734827,0,-0.77224536340931882,0,0,-0.77224536340931882,0,0,0.075312887924187263,0.0044094975332555708,0.003305715597728623,0.0022695221950054952,0.0023738851162892816,0.01506038339518017,0.0002900394169994279,5.2679934027974161e-05,-0.00021324246654785993,-0.00014646861998620657,0,-0.46055769435769156
2.8199999999999998,approach_stop,40,40,0.20000000000000001,0.02,0.98999999999999988,0.75,0,0,3.2000000000000002,0,0.85259234695820496,1.1169515998646242,0,3.1996387930530612,0,-0.00041140125723114598,free_flight_controlled,sep_nmpc_adapted,formal_acados,0.6132119812436192,0,0.38881903168972454,-0.46438036571458574,-0.17183085253821936,-0.037011871597292245,-0.37348571359926985,1.4142135633126461e-10,-0.10463724198981381,0.40873706899268009,0.40873706899268009,false,false,5.7458590000000003,0,0,false,0,0.089402613975817183,0,129.88688914328222,129.88688914328222,0,-0.76663649711177217,0,0,-0.76663649711177217,0,0,0.075384810347136413,0.0044109931792224609,0.0033061452781526731,0.0022686439593561573,0.0023732338995706261,0.013708753831182021,0.00030838334169020951,0.00011876526543194387,-0.00013927977269991528,-0.00011507027750695583,0,-0.46386226339232012
2.8250000000000002,approach_stop,40,40,0.20000000000000001,0.02,0.99375000000000013,0.75,0,0,3.2000000000000002,0,0.85818445044357083,1.1198896516757193,0,3.1996367830689758,0,-0.0003925323850623574,free_flight_controlled,sep_nmpc_adapted,formal_acados,0.61858207476608484,0,0.38883589359858417,-0.46460237567748597,-0.17191549368581846,-0.037011871597292245,-0.37348571359926985,1.4142135633126461e-10,-0.10463724198981381,0.40873706899268009,0.40873706899268009,false,false,5.7458590000000003,0,0,false,0,0.08942075782572885,0,129.88601158406141,129.88601158406141,0,-0.76117679390788873,0,0,-0.76117679390788873,0,0,0.075449885395729402,0.0044125915775479682,0.0033069074130445794,0.0022681204172260868,0.0023727253252721222,0.012321858253828834,0.00033075367103165183,0.00018541013664107096,-7.122820077489026e-05,-8.911429248154792e-05,0,-0.46717751941235869
2.8300000000000001,approach_stop,40,40,0.20000000000000001,0.02,0.99750000000000005,0.75,0,0,3.2000000000000002,0,0.86379124210707681,1.122826856117374,0,3.199634867757462,0,-0.00037353919685864862,free_flight_controlled,sep_nmpc_adapted,formal_acados,0.62399507603008975,0,0.38885037393302746,-0.46479616607698704,-0.17198953220957286,-0.037011871597292245,-0.37348571359926985,1.4142135633126461e-10,-0.10463724198981381,0.40873706899268009,0.40873706899268009,false,false,5.7458590000000003,0,0,false,0,0.089434854686345877,0,129.88514840176882,129.88514840176882,0,-0.75586128314651202,0,0,-0.75586128314651202,0,0,0.075507945149566144,0.004414307396635923,0.0033080010376169621,0.0022679237784240702,0.0023723361164309908,0.010902971003596352,0.00035508145925251128,0.00025116351755501446,-8.4211448036860329e-06,-6.7124053043266654e-05,0,-0.4705032927356495
2.835,approach_stop,40,40,0.20000000000000001,0.02,1.00125,0.75,0,0,3.2000000000000002,0,0.86941271748531945,1.1257631235878842,0,3.1996330476407211,0,-0.00035446159437424376,free_flight_controlled,sep_nmpc_adapted,formal_acados,0.62945099996809106,0,0.38886247209751318,-0.46496171751722837,-0.17205294723585102,-0.037011871597292245,-0.37348571359926985,1.4142135633126461e-10,-0.10463724198981381,0.40873706899268009,0.40873706899268009,false,false,5.7458590000000003,0,0,false,0,0.089445050557554473,0,129.8843005245254,129.8843005245254,0,-0.75068512168610435,0,0,-0.75068512168610435,0,0,0.075558836768169976,0.0044161465275813442,0.0033094186972145046,0.0022680290337855282,0.0023720490871515648,0.0094548749810050396,0.00037988942625640122,0.00031487005551938328,4.9594970065009758e-05,-4.8108632135979908e-05,0,-0.47383941976311916
2.8399999999999999,approach_stop,40,40,0.20000000000000001,0.02,1.0049999999999999,0.75,0,0,3.2000000000000002,0,0.87504887168289291,1.1286983709571228,0,3.1996313230402755,0,-0.00033533995063833843,free_flight_controlled,sep_nmpc_adapted,formal_acados,0.63494985879085641,0,0.38887218810667323,-0.46509901289203648,-0.17210571926356188,-0.037011871597292245,-0.37348571359926985,1.4142135633126461e-10,-0.10463724198981381,0.40873706899268009,0.40873706899268009,false,false,5.7458590000000003,0,0,false,0,0.089451486401011734,0,129.88346893726725,129.88346893726725,0,-0.74564357723794672,0,0,-0.74564357723794672,0,0,0.075602420374905527,0.0044181085720108341,0.0033111477752385721,0.0022684130053773361,0.0023718511265081424,0.0079799906071634681,0.00040411477136409403,0.00037561125585026717,0.00010310641276873559,-3.1407915975736909e-05,0,-0.47718574220653898
2.8450000000000002,approach_stop,40,40,0.20000000000000001,0.02,1.00875,0.75,0,0,3.2000000000000002,0,0.88069969940559567,1.131632521872153,0,3.1996296940746309,0,-0.0003162150992222957,free_flight_controlled,sep_nmpc_adapted,formal_acados,0.64049166201360141,0,0.38887952276013665,-0.46520803739199423,-0.17214783016654908,-0.037011871597292245,-0.37348571359926985,1.4142135633126461e-10,-0.10463724198981381,0.40873706899268009,0.40873706899268009,false,false,5.7458590000000003,0,0,false,0,0.089454298270446556,0,129.88265468130351,129.88265468130351,0,-0.74073201660420107,0,0,-0.74073201660420107,0,0,0.075638567485178831,0.0044201885901919268,0.0033131715492300648,0.0022690536153505679,0.0023717318239269351,0.0064804668246384858,0.00042698695383983553,0.00043265581674712924,0.00015227326936419604,-1.6587558419998836e-05,0,-0.48054210651629392
2.8500000000000001,approach_stop,40,40,0.20000000000000001,0.02,1.0125000000000002,0.75,0,0,3.2000000000000002,0,0.88636519499470978,1.1345655068905327,0,3.1996281606570398,0,-0.00029712830525288825,free_flight_controlled,sep_nmpc_adapted,formal_acados,0.64607641646778913,0,0.38888447775843832,-0.46528877852692063,-0.17217926319865401,-0.015850713818229001,-0.39394172223290841,1.4142135631977287e-10,-0.11881447080893813,0.35131801193192658,0.35131801193192658,false,false,5.7199479999999996,0,0,false,0,0.089453617433414678,0,129.81394433950439,129.81394433950439,0,-0.82618599062196518,0,0,-0.82618599062196518,0,0,0.075667159819260366,0.0044223783377559528,0.0033154700227262736,0.0022699293439250134,0.0023716825306891753,0.0049582455106365764,0.0004479429937185565,0.0004854195243941742,0.0001971638275252806,-3.3673785225494169e-06,0,-0.48390836344719551
2.855,approach_stop,40,40,0.20000000000000001,0.02,1.0162499999999999,0.75,0,0,3.2000000000000002,0,0.89204534349382492,1.1374936324447809,0,3.1996266534224773,0,-0.00030574473710638027,free_flight_controlled,sep_nmpc_adapted,formal_acados,0.65170411789726335,0,0.38888701231972184,-0.46534122559656155,-0.17220011248637934,-0.015850713818229001,-0.39394172223290841,1.4142135631977287e-10,-0.11881447080893813,0.35131801193192658,0.35131801193192658,false,false,5.7199479999999996,0,0,false,0,0.089448410181659624,0,129.8144578425474,129.8144578425474,0,-0.81827989860974049,0,0,-0.81827989860974049,0,0,0.075689606909873627,0.0044245079501986848,0.0033178614269422113,0.0022709644026845319,0.0023716929571442253,0.0040199508062696565,0.00040588265227898862,0.00047070138709687362,0.00021498950032747261,6.8169969817126275e-06,0,-0.48728427399985152
2.8599999999999999,approach_stop,40,40,0.20000000000000001,0.02,1.02,0.75,0,0,3.2000000000000002,0,0.89774012891118937,1.1404202451596313,0,3.1996251043031037,0,-0.00031388753245664561,free_flight_controlled,sep_nmpc_adapted,formal_acados,0.657374758664103,0,0.38888708743711869,-0.46536537024708635,-0.17221046940070839,-0.015850713818229001,-0.39394172223290841,1.4142135631977287e-10,-0.11881447080893813,0.35131801193192658,0.35131801193192658,false,false,5.7199479999999996,0,0,false,0,0.089437682108785999,0,129.81499018052475,129.81499018052475,0,-0.81057576937480647,0,0,-0.81057576937480647,0,0,0.075707223865249321,0.0044264664629847742,0.0033201861891380474,0.0022720668373999906,0.0023717442012447729,0.00302691333433286,0.00037846828463045389,0.00045868499247854228,0.00022458047242445746,1.3129784797460966e-05,0,-0.49066872342279605
2.8650000000000002,approach_stop,40,40,0.20000000000000001,0.02,1.0237500000000002,0.75,0,0,3.2000000000000002,0,0.90344954328622784,1.1433452567385749,0,3.1996235155863286,0,-0.00032160114620958017,free_flight_controlled,sep_nmpc_adapted,formal_acados,0.6630883364013429,0,0.38888470839318207,-0.46536120688488491,-0.17221031317678889,-0.015850713818229001,-0.39394172223290841,1.4142135631977287e-10,-0.11881447080893813,0.35131801193192658,0.35131801193192658,false,false,5.7199479999999996,0,0,false,0,0.089421635978930256,0,129.81554184903462,129.81554184903462,0,-0.80306150019671807,0,0,-0.80306150019671807,0,0,0.075719751941939528,0.0044283112694306938,0.003322455801078802,0.0022732019161224677,0.002371819421368695,0.0019899245870042943,0.00035469396604687395,0.00044762055799418241,0.00022930529827606649,1.6962633887997303e-05,0,-0.49406135029135889
2.8700000000000001,approach_stop,40,40,0.20000000000000001,0.02,1.0275000000000001,0.75,0,0,3.2000000000000002,0,0.90917358587801034,1.1462721981940061,0,3.1996218879965852,0,-0.00032956653804254351,free_flight_controlled,sep_nmpc_adapted,formal_acados,0.66884484972109237,0,0.38887989022640801,-0.46532873615691794,-0.17219963483888442,-0.015850713818229001,-0.39394172223290841,1.4142135631977287e-10,-0.11881447080893813,0.35131801193192658,0.35131801193192658,false,false,5.7199479999999996,0,0,false,0,0.089400381584210847,0,129.81614344196655,129.81614344196655,0,-0.79545118495545997,0,0,-0.79545118495545997,0,0,0.075727483889686364,0.0044295668379359708,0.0033245692896791698,0.0022744338372115134,0.0023719491164514439,0.0011507934400200167,0.00010589960215001636,0.00038516077854971022,0.0002685128864290783,3.8142874260461174e-05,0,-0.49745606151711758
2.875,approach_stop,40,40,0.20000000000000001,0.02,1.03125,0.75,0,0,3.2000000000000002,0,0.91491226497798828,1.1491989827101268,0,3.1996202203469633,0,-0.00033748501006650422,free_flight_controlled,sep_nmpc_adapted,formal_acados,0.67464430066993586,0,0.38887266776798041,-0.4652679643080524,-0.17217844003705521,-0.015850713818229001,-0.39394172223290841,1.4142135631977287e-10,-0.11881447080893813,0.35131801193192658,0.35131801193192658,false,false,5.7199479999999996,0,0,false,0,0.089373910275575924,0,129.81678125333906,129.81678125333906,0,-0.78786680414844379,0,0,-0.78786680414844379,0,0,0.075731288097322977,0.0044293105694842251,0.0033262462311122766,0.0022758703738953948,0.0023722032795451672,0.00036084883337660512,-0.00019068989758090334,0.00028355525890208456,0.00029940820561469419,6.1510381200587737e-05,0,-0.50085543662763454
2.8799999999999999,approach_stop,40,40,0.20000000000000001,0.02,1.0349999999999999,0.75,0,0,3.2000000000000002,0,0.92066557133143656,1.1521230848058031,0,3.1996185142170859,0,-0.00034496504637248802,free_flight_controlled,sep_nmpc_adapted,formal_acados,0.68048668172785887,0,0.3888630636724334,-0.46517888960357767,-0.17214671462160169,-0.015850713818229001,-0.39394172223290841,1.4142135631977287e-10,-0.11881447080893813,0.35131801193192658,0.35131801193192658,false,false,5.7199479999999996,0,0,false,0,0.089342381915057945,0,129.81743596370299,129.81743596370299,0,-0.78048231987619809,0,0,-0.78048231987619809,0,0,0.075730883387214329,0.0044278169933917944,0.0033274055062176029,0.0022773752102086468,0.0023725456302885551,-0.00052926384932486616,-0.00039539121256866561,0.00017948159837871756,0.00029782380495356009,7.3766820161879571e-05,0,-0.50426298916840362
2.8850000000000002,approach_stop,40,40,0.20000000000000001,0.02,1.0387500000000003,0.75,0,0,3.2000000000000002,0,0.92643349135590447,1.155044438997908,0,3.1996167716960207,0,-0.00035204863746282378,free_flight_controlled,sep_nmpc_adapted,formal_acados,0.68637197963922958,0,0.38885109331002987,-0.46506151171667487,-0.17210444103277625,-0.015850713818229001,-0.39394172223290841,1.4142135631977287e-10,-0.11881447080893813,0.35131801193192658,0.35131801193192658,false,false,5.7199479999999996,0,0,false,0,0.089305992682267965,0,129.81810797498125,129.81810797498125,0,-0.77329034692526033,0,0,-0.77329034692526033,0,0,0.07572581886037423,0.0044254617874255903,0.0033280510085098511,0.0022788127197451002,0.002372925896916042,-0.0015006910526637969,-0.00053947887816771067,7.8681795587485039e-05,0.00027390586053439305,7.7024732400320269e-05,0,-0.50767843190431061
2.8900000000000001,approach_stop,40,40,0.20000000000000001,0.02,1.0425,0.75,0,0,3.2000000000000002,0,0.93221601110849184,1.157962961785129,0,3.1996149946656538,0,-0.00035877572080872004,free_flight_controlled,sep_nmpc_adapted,formal_acados,0.69230017740499195,0,0.38883676930010036,-0.46491583370349987,-0.17205160348392104,-0.015850713818229001,-0.39394172223290841,1.4142135631977287e-10,-0.11881447080893813,0.35131801193192658,0.35131801193192658,false,false,5.7199479999999996,0,0,false,0,0.089264931382488324,0,129.81879765071267,129.81879765071267,0,-0.76628414434508108,0,0,-0.76628414434508108,0,0,0.07571572297377395,0.0044224933984488074,0.0033282060257712452,0.0022800903630876067,0.0023733041358819889,-0.0025401645055836745,-0.00064336583062054469,-1.6478609056054414e-05,0.00023489323037991655,7.3265284586094149e-05,0,-0.51110150927223019
2.895,approach_stop,40,40,0.20000000000000001,0.02,1.0462500000000001,0.75,0,0,3.2000000000000002,0,0.93801311620390071,1.1608785609645631,0,3.1996131848111307,0,-0.00036518518477278872,free_flight_controlled,sep_nmpc_adapted,formal_acados,0.69827125459783335,0,0.38882010250593441,-0.46474186160606734,-0.17198818781701244,-0.015850713818229001,-0.39394172223290841,1.4142135631977287e-10,-0.11881447080893813,0.35131801193192658,0.35131801193192658,false,false,5.7199479999999996,0,0,false,0,0.089219380088707084,0,129.81950535838484,129.81950535838484,0,-0.75945743079424122,0,0,-0.75945743079424122,0,0,0.075700280606261036,0.004419076992734727,0.0033279007587453603,0.0022811462091957661,0.0023736496503288422,-0.0036381350002548068,-0.0007204587479161524,-0.00010540273646202878,0.0001859032614843024,6.4193054808703718e-05,0,-0.51453198782560461
2.8999999999999999,approach_stop,40,40,0.20000000000000001,0.02,1.0499999999999998,0.75,0,0,3.2000000000000002,0,0.94382479178733958,1.1637911417659952,0,3.1996113436243916,0,-0.00037131550577430237,free_flight_controlled,sep_nmpc_adapted,formal_acados,0.7042851875992614,0,0.38880110280958396,-0.46453960418807816,-0.17191418142127293,0.0053016355476215304,-0.41435904625462411,1.4142135631029333e-10,-0.13377961280712908,0.2894750213181107,0.2894750213181107,false,false,5.7424549999999996,0,0,false,0,0.089169514496784341,0,129.74731610922544,129.74731610922544,0,-0.85000564431835279,0,0,-0.85000564431835279,0,0,0.0756792177412106,0.004415322869687645,0.0033271659447583093,0.0022819398661584282,0.0023739394848597776,-0.0047875460778408372,-0.00077962281825536038,-0.00018836402120883775,0.00013051777049735954,5.1199652280104735e-05,0,-0.51796964988835947
2.9050000000000002,approach_stop,40,40,0.20000000000000001,0.02,1.0537500000000002,0.75,0,0,3.2000000000000002,0,0.94965101298549737,1.1666967868449587,0,3.1996093982236369,0,-0.00040687639238420957,free_flight_controlled,sep_nmpc_adapted,formal_acados,0.71034194077715362,0,0.38877973293027157,-0.46430907220834372,-0.17182969113211835,0.0053016355476215304,-0.41435904625462411,1.4142135631029333e-10,-0.13377961280712908,0.2894750213181107,0.2894750213181107,false,false,5.7424549999999996,0,0,false,0,0.089114254231726142,0,129.74948827909742,129.74948827909742,0,-0.84002655096351575,0,0,-0.84002655096351575,0,0,0.075653936348298589,0.0044111155976615298,0.0033258649130811111,0.0022823897628519237,0.0023741541049381253,-0.0053219471332905301,-0.00091001562262968741,-0.00032712887507243535,4.913998823226042e-05,3.3847408877659977e-05,0,-0.52141405827975718
2.9100000000000001,approach_stop,40,40,0.20000000000000001,0.02,1.0575000000000001,0.75,0,0,3.2000000000000002,0,0.95549175447051615,1.1695992359118812,0,3.1996072771192803,0,-0.00044160299667119835,free_flight_controlled,sep_nmpc_adapted,formal_acados,0.7164414749369109,0,0.38875595466674623,-0.46405027953360523,-0.17173482110704674,0.0053016355476215304,-0.41435904625462411,1.4142135631029333e-10,-0.13377961280712908,0.2894750213181107,0.2894750213181107,false,false,5.7424549999999996,0,0,false,0,0.08905255839916193,0,129.75168062859299,129.75168062859299,0,-0.83029765787369059,0,0,-0.83029765787369059,0,0,0.075625857044552769,0.0044061863980801299,0.0033239502284137549,0.0022824351701007935,0.0023742718129215567,-0.0059041088510765997,-0.0010723739429210975,-0.00043363491297118521,-3.0080817938530522e-05,1.2872915187398743e-05,0,-0.5248636025322152
2.915,approach_stop,40,40,0.20000000000000001,0.02,1.06125,0.75,0,0,3.2000000000000002,0,0.96134699972208026,1.1724982492414151,0,3.1996049844207399,0,-0.00047551762629043142,free_flight_controlled,sep_nmpc_adapted,formal_acados,0.72258375695874011,0,0.38872977609159276,-0.46376324276334013,-0.17162955465757929,0.0053016355476215304,-0.41435904625462411,1.4142135631029333e-10,-0.13377961280712908,0.2894750213181107,0.2894750213181107,false,false,5.7424549999999996,0,0,false,0,0.08898467437581363,0,129.7538919065627,129.7538919065627,0,-0.82081250783317516,0,0,-0.82081250783317516,0,0,0.075594753100509893,0.0044003728132371829,0.0033215664059000924,0.0022820954320613793,0.002374279876765866,-0.0065326162200557156,-0.0012615802337774403,-0.00051641837216142899,-0.00010484442482088392,-9.7699295916543098e-06,0,-0.5283179983720907
2.9199999999999999,approach_stop,40,40,0.20000000000000001,0.02,1.0649999999999999,0.75,0,0,3.2000000000000002,0,0.96721673090794535,1.1753935684619776,0,3.1996025241364578,0,-0.00050864119350533838,free_flight_controlled,sep_nmpc_adapted,formal_acados,0.72876875123122253,0,0.3887012060745797,-0.4634479796767228,-0.17151387622227562,0.0053016355476215304,-0.41435904625462411,1.4142135631029333e-10,-0.13377961280712908,0.2894750213181107,0.2894750213181107,false,false,5.7424549999999996,0,0,false,0,0.088910842571606474,0,129.7561208497267,129.7561208497267,0,-0.81156525358163523,0,0,-0.81156525358163523,0,0,0.075560386524249665,0.0043935684197129342,0.0033188106851201596,0.0022813933875000382,0.0023741730087495118,-0.0072097782631426119,-0.0014670848886835068,-0.00058347047208518854,-0.00017503830636232258,-3.2962593370893287e-05,0,-0.53177702244233893
2.9250000000000003,approach_stop,40,40,0.20000000000000001,0.02,1.0687500000000001,0.75,0,0,3.2000000000000002,0,0.97310092894906786,1.1782849530773345,0,3.1995999001644422,0,-0.00054099694210436877,free_flight_controlled,sep_nmpc_adapted,formal_acados,0.73499641966086016,0,0.38867025459548538,-0.46310450928820768,-0.17138777139772871,0.0053016355476215304,-0.41435904625462411,1.4142135631029333e-10,-0.13377961280712908,0.2894750213181107,0.2894750213181107,false,false,5.7424549999999996,0,0,false,0,0.08883129656315987,0,129.75836635576809,129.75836635576809,0,-0.80255004336820523,0,0,-0.80255004336820523,0,0,0.075522510329912043,0.0043857118767912928,0.0033157476398792689,0.0022803511213893833,0.0023739501713182926,-0.0079369350543734424,-0.0016812305183167725,-0.00064006411587426871,-0.00024101996228399758,-5.608580856751511e-05,0,-0.53524045566696765
2.9300000000000002,approach_stop,40,40,0.20000000000000001,0.02,1.0725000000000002,0.75,0,0,3.2000000000000002,0,0.97899957360691836,1.1811721796676031,0,3.1995971162810024,0,-0.00057261029369238636,free_flight_controlled,sep_nmpc_adapted,formal_acados,0.74126672166454921,0,0.38863693287016338,-0.46273285194236913,-0.17125122697721573,0.0053016355476215304,-0.41435904625462411,1.4142135631029333e-10,-0.13377961280712908,0.2894750213181107,0.2894750213181107,false,false,5.7424549999999996,0,0,false,0,0.08874626316973741,0,129.76062747770825,129.76062747770825,0,-0.79376103174885093,0,0,-0.79376103174885093,0,0,0.075480872701380472,0.0043767747507356524,0.003312420195611379,0.0022789883287757128,0.0023736125781441708,-0.0087147132555856818,-0.0018983971956866331,-0.00068971158175435831,-0.00030335563436733042,-7.8833363721701096e-05,0,-0.53870808335010101
2.9350000000000001,approach_stop,40,40,0.20000000000000001,0.02,1.0762499999999999,0.75,0,0,3.2000000000000002,0,0.98491264356713937,1.1840550412163651,0,3.199594176130216,0,-0.00060350870629032006,free_flight_controlled,sep_nmpc_adapted,formal_acados,0.74757961415115726,0,0.38860125339824525,-0.46233302941598209,-0.17110423098610794,0.0053016355476215304,-0.41435904625462411,1.4142135631029333e-10,-0.13377961280712908,0.2894750213181107,0.2894750213181107,false,false,5.7424549999999996,0,0,false,0,0.088655962535031427,0,129.76290341862602,129.76290341862602,0,-0.78519238763965715,0,0,-0.78519238763965715,0,0,0.075435220099098116,0.0043667528381781352,0.0033088567929945938,0.002277321674744529,0.0023731624570672732,-0.0095431993295031197,-0.0021144362441330102,-0.00073477489348957486,-0.0003626732750778948,-0.00010108945644588282,0,-0.54217969503199925
2.9399999999999999,approach_stop,40,40,0.20000000000000001,0.02,1.0800000000000001,0.75,0,0,3.2000000000000002,0,0.99084011652005055,1.1869333465153951,0,3.1995910832140813,0,-0.00063372154080499178,free_flight_controlled,sep_nmpc_adapted,formal_acados,0.75393505149865858,0,0.38856322996524761,-0.46190506502139195,-0.1709467727141781,0.0053016355476215304,-0.41435904625462411,1.4142135631029333e-10,-0.13377961280712908,0.2894750213181107,0.2894750213181107,false,false,5.7424549999999996,0,0,false,0,0.088560608213146194,0,129.76519352654154,129.76519352654154,0,-0.77683830064189174,0,0,-0.77683830064189174,0,0,0.075385299643401085,0.0043556598233436428,0.0033050760900162337,0.002275364705636859,0.002372602311879636,-0.010422059547330295,-0.0023262893659151233,-0.00077685676662820561,-0.00041958314842468201,-0.00012284896903840822,0,-0.5456550842161233
2.9449999999999998,approach_stop,40,40,0.20000000000000001,0.02,1.0837499999999998,0.75,0,0,3.2000000000000002,0,0.99678196923830342,1.1898069196167955,0,3.1995878408833258,0,-0.00066327993253505993,free_flight_controlled,sep_nmpc_adapted,formal_acados,0.76033298553065443,0,0.38852287761983062,-0.46144898370764897,-0.17077884274498509,0.0053016355476215304,-0.41435904625462411,1.4142135631029333e-10,-0.13377961280712908,0.2894750213181107,0.2894750213181107,false,false,5.7424549999999996,0,0,false,0,0.08846040725774354,0,129.76749728935008,129.76749728935008,0,-0.76869298627591054,0,0,-0.76869298627591054,0,0,0.07533086099048214,0.0043435225188095221,0.0033010900829439581,0.0022731280492203371,0.0023719345060631584,-0.011350625374992471,-0.0025317274719626318,-0.00081705261375661635,-0.00047463809388795697,-0.00014416647197228118,0,-0.54913404803748833
2.9500000000000002,approach_stop,40,40,0.20000000000000001,0.02,1.0875000000000001,0.75,0,0,3.2000000000000002,0,1.0027381776518765,1.192675599313852,0,3.1995844523288461,0,-0.00069221666596031971,free_flight_controlled,sep_nmpc_adapted,formal_acados,0.76677336549444908,0,0.38848021263905186,-0.46096481215742735,-0.17060043298252811,0.026274968774896434,-0.43462125436357751,1.414213563024165e-10,-0.14942597445088915,0.22325163440795842,0.22325163440795842,false,false,5.8664019999999999,0,0,false,0,0.088355560313687159,0,129.69244514090533,129.69244514090533,0,-0.86482838406238405,0,0,-0.86482838406238405,0,0,0.075271657842168896,0.0043303772036935376,0.0032969062044201788,0.0022706197509195125,0.0023711610505811128,-0.01232795612852409,-0.002729167374145235,-0.00085611431952953201,-0.00052831671631890841,-0.00016512428386466187,0,-0.55261638691492021
2.9550000000000001,approach_stop,40,40,0.20000000000000001,0.02,1.0912500000000001,0.75,0,0,3.2000000000000002,0,1.0087087092385585,1.1955361373140883,0,3.1995808415768061,0,-0.00075216034513453313,free_flight_controlled,sep_nmpc_adapted,formal_acados,0.77325612869859983,0,0.38843519738988064,-0.46045258053995863,-0.17041166399851679,0.026274968774896434,-0.43462125436357751,1.414213563024165e-10,-0.14942597445088915,0.22325163440795842,0.22325163440795842,false,false,5.8664019999999999,0,0,false,0,0.088244917462059091,0,129.69634465682225,129.69634465682225,0,-0.85332480807356936,0,0,-0.85332480807356936,0,0,0.075209538151976826,0.0043154571457717965,0.0032925665804497072,0.0022678708120778494,0.0023702885383262216,-0.012519397392981808,-0.0032374739668326507,-0.00088090633611702049,-0.00057154075043425168,-0.00018381856701904652,0,-0.55609998544847705
2.96,approach_stop,40,40,0.20000000000000001,0.02,1.095,0.75,0,0,3.2000000000000002,0,1.0146935302399229,1.1983913123118057,0,3.199576934283606,0,-0.00081083555519479377,free_flight_controlled,sep_nmpc_adapted,formal_acados,0.77978121020908664,0,0.3883877969703301,-0.45991232003083626,-0.17021265269121771,0.026274968774896434,-0.43462125436357751,1.414213563024165e-10,-0.14942597445088915,0.22325163440795842,0.22325163440795842,false,false,5.8664019999999999,0,0,false,0,0.088127372803108173,0,129.70025835047363,129.70025835047363,0,-0.84211100242323444,0,0,-0.84211100242323444,0,0,0.075146237808996708,0.0042981073164927832,0.003288081907620876,0.0022648975454947042,0.0023693222530331523,-0.012800395151625331,-0.0037009828307222751,-0.00091382518901499316,-0.00061813200629283569,-0.00020272143258771689,0,-0.55958494031028316
2.9649999999999999,approach_stop,40,40,0.20000000000000001,0.02,1.0987499999999999,0.75,0,0,3.2000000000000002,0,1.0206926130585821,1.2012408149480407,0,3.1995727367495119,0,-0.0008682595244884657,free_flight_controlled,sep_nmpc_adapted,formal_acados,0.78634855190105468,0,0.3883380337316612,-0.45934406115752735,-0.17000338506449383,0.026274968774896434,-0.43462125436357751,1.414213563024165e-10,-0.14942597445088915,0.22325163440795842,0.22325163440795842,false,false,5.8664019999999999,0,0,false,0,0.088003207212926246,0,129.70418399209123,129.70418399209123,0,-0.83118031762759659,0,0,-0.83118031762759659,0,0,0.075081312359421309,0.0042785508045117921,0.0032834158018189901,0.0022616821899641825,0.0023682600203495927,-0.013169579152956743,-0.0041200604934383527,-0.00095326303270995051,-0.00066841199866200752,-0.00022225283940265623,0,-0.5630710381031605
2.9700000000000002,approach_stop,40,40,0.20000000000000001,0.02,1.1025,0.75,0,0,3.2000000000000002,0,1.0267059286036433,1.2040843570832993,0,3.1995682551811853,0,-0.00092445244450124417,free_flight_controlled,sep_nmpc_adapted,formal_acados,0.79295809279329621,0,0.38828593080310497,-0.45874783581034706,-0.1697838483984464,0.026274968774896434,-0.43462125436357751,1.414213563024165e-10,-0.14942597445088915,0.22325163440795842,0.22325163440795842,false,false,5.8664019999999999,0,0,false,0,0.087872693715336944,0,129.70811956015507,129.70811956015507,0,-0.82052609484821315,0,0,-0.82052609484821315,0,0,0.075014324676864502,0.0042570086931521395,0.0032785387292665635,0.002258206020345252,0.0023670980035610553,-0.013625383962085288,-0.0044951653149643261,-0.00099805168764399883,-0.00072245997778336583,-0.00024266737956573844,0,-0.56655806733029568
2.9750000000000001,approach_stop,40,40,0.20000000000000001,0.02,1.1062500000000002,0.75,0,0,3.2000000000000002,0,1.0327334463955544,1.2069216713061324,0,3.1995634956772379,0,-0.00097943733460629828,free_flight_controlled,sep_nmpc_adapted,formal_acados,0.79960976904436276,0,0.38823151200744133,-0.45812367735119164,-0.16955403127865259,0.026274968774896434,-0.43462125436357751,1.414213563024165e-10,-0.14942597445088915,0.22325163440795842,0.22325163440795842,false,false,5.8664019999999999,0,0,false,0,0.087736097564081295,0,129.71206323691553,129.71206323691553,0,-0.81014166982100777,0,0,-0.81014166982100777,0,0,0.074944845991902181,0.0042336993197124072,0.0032734262706083329,0.0022544503590792094,0.0023658314019476046,-0.01416603060407113,-0.0048269491946988487,-0.0010472915593581714,-0.00078018772886364403,-0.00026410276328931055,0,-0.57004581764377882
2.98,approach_stop,40,40,0.20000000000000001,0.02,1.1099999999999999,0.75,0,0,3.2000000000000002,0,1.0387751346684215,1.2097525103993318,0,3.1995584642144341,0,-0.0010332399022546191,free_flight_controlled,sep_nmpc_adapted,formal_acados,0.80630351395794242,0,0.38817480180816588,-0.45747162071047909,-0.16931392362293318,0.026274968774896434,-0.43462125436357751,1.414213563024165e-10,-0.14942597445088915,0.22325163440795842,0.22325163440795842,false,false,5.8664019999999999,0,0,false,0,0.087593676325940395,0,129.71601340348124,129.71601340348124,0,-0.80002037745928711,0,0,-0.80002037745928711,0,0,0.074872456973426593,0.0042088371671661542,0.0032680580606251259,0.0022503972799243314,0.0023644549454217888,-0.014789523033406051,-0.0051163070488066406,-0.0011002472533973215,-0.00084138981856460131,-0.00028661373135882166,0,-0.57353407924084643
2.9849999999999999,approach_stop,40,40,0.20000000000000001,0.02,1.11375,0.75,0,0,3.2000000000000002,0,1.0448309604695833,1.2125766467755004,0,3.1995531666346104,0,-0.0010858883998459935,free_flight_controlled,sep_nmpc_adapted,formal_acados,0.81303925799545507,0,0.38811582528031396,-0.45679170247412826,-0.16906351670564462,0.026274968774896434,-0.43462125436357751,1.414213563024165e-10,-0.14942597445088915,0.22325163440795842,0.22325163440795842,false,false,5.8664019999999999,0,0,false,0,0.087445679966408077,0,129.71996863452426,129.71996863452426,0,-0.79015555691343597,0,0,-0.79015555691343597,0,0,0.074796748802789928,0.0041826315956397962,0.0032624171376999119,0.002246030101848612,0.0023629632461772509,-0.015493653814586542,-0.0053643940311667148,-0.0011562847872034819,-0.00090577846051046384,-0.00031019596522219843,0,-0.5770226423785535
2.9900000000000002,approach_stop,40,40,0.20000000000000001,0.02,1.1175000000000002,0.75,0,0,3.2000000000000002,0,1.0509008897562981,1.2153938718901158,0,3.1995476086323107,0,-0.0011374134791017863,free_flight_controlled,sep_nmpc_adapted,formal_acados,0.81981692879400458,0,0.38805460809851516,-0.45608396096229353,-0.16880280317968732,0.026274968774896434,-0.43462125436357751,1.414213563024165e-10,-0.14942597445088915,0.22325163440795842,0.22325163440795842,false,false,5.8664019999999999,0,0,false,0,0.087292350938150146,0,129.72392769264553,129.72392769264553,0,-0.78054055692658841,0,0,-0.78054055692658841,0,0,0.074717324204232258,0.0041552855410831495,0.0032564895374756599,0.0022413337348770241,0.0023613510490183938,-0.016276015463233855,-0.0055726230779965906,-0.0012148346479661874,-0.00097300858514523341,-0.00033480313350900637,0,-0.58051129698666515
2.9950000000000001,approach_stop,40,40,0.20000000000000001,0.02,1.1212500000000001,0.75,0,0,3.2000000000000002,0,1.0569848874894561,1.2182039956378774,0,3.1995417957431589,0,-0.001187848043523331,free_flight_controlled,sep_nmpc_adapted,formal_acados,0.82663645118831763,0,0.38799117653783721,-0.45534843630113842,-0.16853177709639833,0.026274968774896434,-0.43462125436357751,1.414213563024165e-10,-0.14942597445088915,0.22325163440795842,0.22325163440795842,false,false,5.8664019999999999,0,0,false,0,0.087133924272394081,0,129.72788952244144,129.72788952244144,0,-0.77116874137438995,0,0,-0.77116874137438995,0,0,0.074633798409333901,0.0041269942582047529,0.0032502640280961431,0.0022362949176387087,0.0023596134089884937,-0.017134015201134369,-0.0057426506897397117,-0.0012753708134121593,-0.0010426965298551297,-0.00036035921835775385,0,-0.58399983236462871
3,approach_stop,40,40,0.20000000000000001,0.02,1.125,0.75,0,0,3.2000000000000002,0,1.0630829177238521,1.2210068449711278,0,3.1995357333329948,0,-0.001237227043435358,free_flight_controlled,sep_nmpc_adapted,formal_acados,0.83349774724694148,0,0.38792555750446234,-0.4545851704769106,-0.16825043392024988,0.046999981245564593,-0.45455735967102573,1.4142135629584168e-10,-0.16559769051192424,0.15272854466577721,0.15272854466577721,false,false,5.7674479999999999,0,0,false,0,0.086970627674252149,0,129.65074886518181,129.65074886518181,0,-0.87283952600667158,0,0,-0.87283952600667158,0,0,0.074545799869596599,0.0040979444502486579,0.0032437321051832593,0.0022309018772797042,0.0023577459323552595,-0.018065352230166608,-0.0058755620150295305,-0.0013369206635554267,-0.0011157503553601486,-0.00038646028238341465,0,-0.58748802950916901
3.0049999999999999,approach_stop,40,40,0.20000000000000001,0.02,1.1287499999999999,0.75,0,0,3.2000000000000002,0,1.0691949356823596,1.2237990267888821,0,3.1995293437378005,0,-0.0013187219937490628,free_flight_controlled,sep_nmpc_adapted,formal_acados,0.84040072736159943,0,0.38785772213485614,-0.45379420832076012,-0.16795890581556683,0.046999981245564593,-0.45455735967102573,1.4142135629584168e-10,-0.16559769051192424,0.15272854466577721,0.15272854466577721,false,false,5.7674479999999999,0,0,false,0,0.086801250620658535,0,129.65641727422656,129.65641727422656,0,-0.85993141251628935,0,0,-0.85993141251628935,0,0,0.074455180883169145,0.0040674758108888934,0.0032369415322246334,0.002225132537708948,0.0023557587450278371,-0.01818701901273426,-0.0063013300734567649,-0.0013779732990093592,-0.0012010398268013872,-0.0004067267547378183,0,-0.59097350435954643
3.0100000000000002,approach_stop,40,40,0.20000000000000001,0.02,1.1325000000000003,0.75,0,0,3.2000000000000002,0,1.0753208951819555,1.2265833994821882,0,3.1995225510737644,0,-0.001398456023506195,free_flight_controlled,sep_nmpc_adapted,formal_acados,0.84734530260158225,0,0.38778764928578136,-0.45297559258037323,-0.16765732016333124,0.046999981245564593,-0.45455735967102573,1.4142135629584168e-10,-0.16559769051192424,0.15272854466577721,0.15272854466577721,false,false,5.7674479999999999,0,0,false,0,0.086624629238832546,0,129.66208892713919,129.66208892713919,0,-0.84735204423559729,0,0,-0.84735204423559729,0,0,0.074363608237158735,0.0040351860795015196,0.0032299047377290363,0.0022188239176850382,0.0023536912010791748,-0.018450417313364539,-0.0065913784725735369,-0.0014520891732278699,-0.0013221564025472203,-0.00041963555465424909,0,-0.59445610403536431
3.0150000000000001,approach_stop,40,40,0.20000000000000001,0.02,1.13625,0.75,0,0,3.2000000000000002,0,1.0814607562856082,1.2293596214624627,0,3.1995153641036125,0,-0.0014764469206144438,free_flight_controlled,sep_nmpc_adapted,formal_acados,0.85433139169857975,0,0.38771537705088444,-0.45212936458702846,-0.16734566471406603,0.046999981245564593,-0.45455735967102573,1.4142135629584168e-10,-0.16559769051192424,0.15272854466577721,0.15272854466577721,false,false,5.7674479999999999,0,0,false,0,0.086441075766947637,0,129.66776081478662,129.66776081478662,0,-0.83509395736692926,0,0,-0.83509395736692926,0,0,0.074270334766309232,0.0040019124322891314,0.0032222399766637837,0.0022119189799384991,0.0023515673249667021,-0.018866765652586659,-0.0066965775326706329,-0.0016274747718561101,-0.0014399564806948397,-0.0004294986954214014,0,-0.59793560928292055
3.02,approach_stop,40,40,0.20000000000000001,0.02,1.1400000000000001,0.75,0,0,3.2000000000000002,0,1.0876144775405023,1.2321274167502403,0,3.1995077914828376,0,-0.0015527194519582273,free_flight_controlled,sep_nmpc_adapted,formal_acados,0.86135891053112523,0,0.38764094367257418,-0.45125556700937708,-0.16702392854878118,0.046999981245564593,-0.45455735967102573,1.4142135629584168e-10,-0.16559769051192424,0.15272854466577721,0.15272854466577721,false,false,5.7674479999999999,0,0,false,0,0.086250893413617469,0,129.67343034858243,129.67343034858243,0,-0.82314907555703076,0,0,-0.82314907555703076,0,0,0.074174614303157901,0.0039685411356133599,0.003213477943104183,0.0022044229230045896,0.0023493994249053707,-0.019428140044115305,-0.0066335100761815806,-0.0018878361190115328,-0.0015596803550454983,-0.00043738038594868432,0,-0.60141172422324629
3.0249999999999999,approach_stop,40,40,0.20000000000000001,0.02,1.1437499999999998,0.75,0,0,3.2000000000000002,0,1.0937820161788196,1.2348865361411789,0,3.1994998417323415,0,-0.0016273024947669704,free_flight_controlled,sep_nmpc_adapted,formal_acados,0.86842777245395109,0,0.38756438894412348,-0.45035424372486854,-0.16669210213565547,0.046999981245564593,-0.45455735967102573,1.4142135629584168e-10,-0.16559769051192424,0.15272854466577721,0.15272854466577721,false,false,5.7674479999999999,0,0,false,0,0.086054376242581124,0,129.67909523220317,129.67909523220317,0,-0.81150924359639998,0,0,-0.81150924359639998,0,0,0.074075745757584716,0.0039358608566788401,0.0032032448451595622,0.0021963088545551607,0.0023471956486148362,-0.020124650067703333,-0.006423894531886686,-0.0022122212886778255,-0.0016884016443753939,-0.00044393684682282028,0,-0.6048841444368086
3.0300000000000002,approach_stop,40,40,0.20000000000000001,0.02,1.1475000000000002,0.75,0,0,3.2000000000000002,0,1.0999633282528474,1.2376367564882989,0,3.1994915232195322,0,-0.0017002285312667394,free_flight_controlled,sep_nmpc_adapted,formal_acados,0.87553788826270817,0,0.38748575407856628,-0.44942543999013917,-0.16635017738097294,0.046999981245564593,-0.45455735967102573,1.4142135629584168e-10,-0.16559769051192424,0.15272854466577721,0.15272854466577721,false,false,5.7674479999999999,0,0,false,0,0.085851809238045931,0,129.68475344005884,129.68475344005884,0,-0.80016627675304142,0,0,-0.80016627675304142,0,0,0.073973081030706739,0.0039045431713183444,0.0031912780337478093,0.0021875127421413358,0.0023449614564317474,-0.020945071023900485,-0.0060926094315853123,-0.002577392640804831,-0.0018337690617722217,-0.00044960864056178438,0,-0.6083525622554411
3.0350000000000001,approach_stop,40,40,0.20000000000000001,0.02,1.1512500000000001,0.75,0,0,3.2000000000000002,0,1.1061583687594061,1.2403778783649824,0,3.1994828441411634,0,-0.0017715332946859534,free_flight_controlled,sep_nmpc_adapted,formal_acados,0.88268916615474402,0,0.38740508156155551,-0.44846920260466205,-0.16599814767388379,0.046999981245564593,-0.45455735967102573,1.4142135629584168e-10,-0.16559769051192424,0.15272854466577721,0.15272854466577721,false,false,5.7674479999999999,0,0,false,0,0.085643468396518693,0,129.69040320220489,129.69040320220489,0,-0.78911199739812632,0,0,-0.78911199739812632,0,0,0.073866030474986341,0.0038751303121746096,0.0031774335093218038,0.0021779324477082173,0.002342700420162486,-0.021877325802967761,-0.0056662848930579442,-0.002959375551829852,-0.0020032615459246849,-0.00045472363608065563,0,-0.6118166695732149
3.04,approach_stop,40,40,0.20000000000000001,0.02,1.155,0.75,0,0,3.2000000000000002,0,1.1123670917527448,1.2431097238002142,0,3.1994738125080247,0,-0.0018412553883824065,free_flight_controlled,sep_nmpc_adapted,formal_acados,0.88988151168233365,0,0.38732241497561004,-0.44748558007041117,-0.16563600792544911,0.046999981245564593,-0.45455735967102573,1.4142135629584168e-10,-0.16559769051192424,0.15272854466577721,0.15272854466577721,false,false,5.7674479999999999,0,0,false,0,0.085429620842843126,0,129.6960429875009,129.6960429875009,0,-0.77833826875597167,0,0,-0.77833826875597167,0,0,0.07375406600120675,0.0038480297489912763,0.0031616860270910494,0.0021674301981203384,0.0023404146219287597,-0.022908941224690064,-0.0051719871196659762,-0.0033348621239695634,-0.0022035591777693135,-0.00045955722601793519,0,-0.61527616056508339
3.0449999999999999,approach_stop,40,40,0.20000000000000001,0.02,1.1587499999999999,0.75,0,0,3.2000000000000002,0,1.118589450446418,1.2458321341429874,0,3.1994644361315596,0,-0.0019094358970088373,free_flight_controlled,sep_nmpc_adapted,formal_acados,0.89711482769909889,0,0.38723779879420095,-0.44647462274731908,-0.16526375460207007,0.046999981245564593,-0.45455735967102573,1.4142135629584168e-10,-0.16559769051192424,0.15272854466577721,0.15272854466577721,false,false,5.7674479999999999,0,0,false,0,0.085210524967811424,0,129.70167148592509,129.70167148592509,0,-0.76783702494028572,0,0,-0.76783702494028572,0,0,0.073636722002716995,0.0038235150119239028,0.0031441226414641319,0.0021558379032135654,0.0023381048253681962,-0.02402746233337464,-0.0046360437869090018,-0.0036824251044276272,-0.0024400341048407517,-0.00046436519391445703,0,-0.61873073419459945
3.0500000000000003,approach_stop,40,40,0.20000000000000001,0.02,1.1625000000000001,0.75,0,0,3.2000000000000002,0,1.1248253973048983,1.2485449680999179,0,3.1994547226124084,0,-0.001976118008724128,free_flight_controlled,sep_nmpc_adapted,formal_acados,0.90438901430150709,0,0.38715127815000777,-0.44543638300339117,-0.16488138575349248,0.067380963335147981,-0.47500555715244736,1.4142135629019832e-10,-0.18258960784920814,0.077943999293929381,0.077943999293929381,false,false,5.7826459999999997,0,0,false,0,0.084986430584238923,0,129.62323975993357,129.62323975993357,0,-0.87504890260527635,0,0,-0.87504890260527635,0,0,0.073513594340734456,0.0038017319567238677,0.0031249307295447668,0.0021429647091665989,0.002335770529463964,-0.025220811874213104,-0.0040830470401054747,-0.0039835075942514621,-0.002716366129399165,-0.00046939910549098662,0,-0.6221800964145292
3.0550000000000002,approach_stop,40,40,0.20000000000000001,0.02,1.1662500000000002,0.75,0,0,3.2000000000000002,0,1.1310748760415761,1.2512448317479345,0,3.1994445933976863,0,-0.0020757133340704175,free_flight_controlled,sep_nmpc_adapted,formal_acados,0.91170395876078869,0,0.38706283978016909,-0.44437091728078737,-0.16448904471416576,0.067380963335147981,-0.47500555715244736,1.4142135629019832e-10,-0.18258960784920814,0.077943999293929381,0.077943999293929381,false,false,5.7826459999999997,0,0,false,0,0.084756062147814643,0,129.63067483796658,129.63067483796658,0,-0.8608237993932768,0,0,-0.8608237993932768,0,0,0.07338676230353941,0.0037815853981668234,0.0031046468651276522,0.002128556216518212,0.0023334109962999507,-0.02551133683451617,-0.0039759850005743049,-0.0041245532297812084,-0.0030517851565673034,-0.00047461106518840437,0,-0.62562185892815958
3.0600000000000001,approach_stop,40,40,0.20000000000000001,0.02,1.1699999999999999,0.75,0,0,3.2000000000000002,0,1.1373378291138825,1.2539346484116889,0,3.1994339718264317,0,-0.0021730625077308529,free_flight_controlled,sep_nmpc_adapted,formal_acados,0.91905954551212821,0,0.38697247086083841,-0.44327828360175425,-0.16408687074517081,0.067380963335147981,-0.47500555715244736,1.4142135629019832e-10,-0.18258960784920814,0.077943999293929381,0.077943999293929381,false,false,5.7826459999999997,0,0,false,0,0.084518192823699392,0,129.63810012150648,129.63810012150648,0,-0.84695908353815663,0,0,-0.84695908353815663,0,0,0.07325819654249377,0.0037621004265529596,0.0030837088764041069,0.0021124060788755882,0.0023310222765232521,-0.025913641273193233,-0.0038199299341113825,-0.0042442833364670441,-0.0034128685623194249,-0.00048106245129617169,0,-0.62905589699903464
3.0649999999999999,approach_stop,40,40,0.20000000000000001,0.02,1.1737500000000001,0.75,0,0,3.2000000000000002,0,1.1436142054880938,1.2566141027849866,0,3.1994228690679449,0,-0.0022681905776360911,free_flight_controlled,sep_nmpc_adapted,formal_acados,0.92645566618322239,0,0.38688021792949712,-0.44215853930487137,-0.16367485539326476,0.067380963335147981,-0.47500555715244736,1.4142135629019832e-10,-0.18258960784920814,0.077943999293929381,0.077943999293929381,false,false,5.7826459999999997,0,0,false,0,0.08427315976045259,0,129.64551214465726,129.64551214465726,0,-0.83344605000947602,0,0,-0.83344605000947602,0,0,0.07312735576762186,0.0037434956003749289,0.0030622366736025573,0.0020943887951409825,0.0023285982864687531,-0.026420635994294808,-0.0036254508607000426,-0.0043375126505204543,-0.0037983517431767026,-0.00048871881458145586,0,-0.63248191006528309
3.0700000000000003,approach_stop,40,40,0.20000000000000001,0.02,1.1775000000000002,0.75,0,0,3.2000000000000002,0,1.1499039526156845,1.2592829040043205,0,3.1994112961570287,0,-0.0023611262416034116,free_flight_controlled,sep_nmpc_adapted,formal_acados,0.93389220946299889,0,0.38678612733031265,-0.44101174315268554,-0.16325299162930132,0.067380963335147981,-0.47500555715244736,1.4142135629019832e-10,-0.18258960784920814,0.077943999293929381,0.077943999293929381,false,false,5.7826459999999997,0,0,false,0,0.084021290185406577,0,129.65290773654758,129.65290773654758,0,-0.82027602713215386,0,0,-0.82027602713215386,0,0,0.072993734530050522,0.003725936908721091,0.0030403736490271826,0.0020743872518778168,0.0023261329754758666,-0.027025097020624566,-0.0034029511597242859,-0.0044000726162145912,-0.0042061418323939507,-0.00049759677405706248,0,-0.63589960367858422
3.0750000000000002,approach_stop,40,40,0.20000000000000001,0.02,1.1812500000000001,0.75,0,0,3.2000000000000002,0,1.1562070165517775,1.2619407839446752,0,3.1993992639766233,0,-0.002451901447256512,free_flight_controlled,sep_nmpc_adapted,formal_acados,0.94136906121847885,0,0.38669024587134421,-0.43983795533329861,-0.16282127388012047,0.067380963335147981,-0.47500555715244736,1.4142135629019832e-10,-0.18258960784920814,0.077943999293929381,0.077943999293929381,false,false,5.7826459999999997,0,0,false,0,0.083762901545504989,0,129.66028400385434,129.66028400385434,0,-0.80744039857550276,0,0,-0.80744039857550276,0,0,0.072856863255291088,0.0037095412685085802,0.0030182732095016644,0.0020523120300321705,0.0023236078443986002,-0.027720077670250719,-0.0031606122692917041,-0.004436408351842479,-0.0046189774737638483,-0.00051939528008037466,0,-0.6393086847826549
3.0800000000000001,approach_stop,40,40,0.20000000000000001,0.02,1.1850000000000001,0.75,0,0,3.2000000000000002,0,1.1625233420638352,1.2645874961271433,0,3.1993867832432072,0,-0.0025405509207096621,free_flight_controlled,sep_nmpc_adapted,formal_acados,0.94888610615473479,0,0.38659263017172824,-0.43863723590910042,-0.1623796980252675,0.067380963335147981,-0.47500555715244736,1.4142135629019832e-10,-0.18258960784920814,0.077943999293929381,0.077943999293929381,false,false,5.7826459999999997,0,0,false,0,0.083498301663534433,0,129.66763830949907,129.66763830949907,0,-0.79493061355625849,0,0,-0.79493061355625849,0,0,0.072716304969655587,0.0036943997975612038,0.0029959992929760918,0.0020282914352105514,0.0023208387592096838,-0.028499123696905299,-0.0029026041624946198,-0.0044705551407595683,-0.0049801613334990603,-0.00059838151138738073,0,-0.64270884333113609
3.085,approach_stop,40,40,0.20000000000000001,0.02,1.18875,0.75,0,0,3.2000000000000002,0,1.1688528727464138,1.2672228174005939,0,3.1993738644913003,0,-0.0026271126766140721,free_flight_controlled,sep_nmpc_adapted,formal_acados,0.95644322741815113,0,0.38649334425320403,-0.43740964532826265,-0.16192826141736236,0.067380963335147981,-0.47500555715244736,1.4142135629019832e-10,-0.18258960784920814,0.077943999293929381,0.077943999293929381,false,false,5.7826459999999997,0,0,false,0,0.083227788872026615,0,129.67496829670714,129.67496829670714,0,-0.78273815089986654,0,0,-0.78273815089986654,0,0,0.0725716584894706,0.0036805633998613007,0.0029735657316927178,0.0020026101813801081,0.0023175200906396143,-0.029354508194456574,-0.0026403501821944029,-0.0044993306604616699,-0.0052830818295425529,-0.00073923688268905281,0,-0.64609978090384179
3.0899999999999999,approach_stop,40,40,0.20000000000000001,0.02,1.1924999999999999,0.75,0,0,3.2000000000000002,0,1.1751955511285217,1.2698465443251021,0,3.1993605180587124,0,-0.002711627321626396,free_flight_controlled,sep_nmpc_adapted,formal_acados,0.96404030535014729,0,0.38639245231989261,-0.43615524577837439,-0.16146696291672444,0.067380963335147981,-0.47500555715244736,1.4142135629019832e-10,-0.18258960784920814,0.077943999293929381,0.077943999293929381,false,false,5.7826459999999997,0,0,false,0,0.082951652159410763,0,129.68227185698464,129.68227185698464,0,-0.77085457505140864,0,0,-0.77085457505140864,0,0,0.072422561192955578,0.0036680242716201515,0.0029510142050206581,0.0019755605941772715,0.002313343482748466,-0.030278648538741345,-0.0023853277210536092,-0.0045168294731169813,-0.0055275602497550204,-0.00094135397619558088,0,-0.64948120558345135
3.0950000000000002,approach_stop,40,40,0.20000000000000001,0.02,1.19625,0.75,0,0,3.2000000000000002,0,1.1815513187680857,1.2724584917025716,0,3.1993467540744156,0,-0.0027941377588038018,free_flight_controlled,sep_nmpc_adapted,formal_acados,0.97167721742574431,0,0.38629001825881121,-0.43487410134234139,-0.16099580290357901,0.067380963335147981,-0.47500555715244736,1.4142135629019832e-10,-0.18258960784920814,0.077943999293929381,0.077943999293929381,false,false,5.7826459999999997,0,0,false,0,0.082670171340751691,0,129.689547116038,129.689547116038,0,-0.75927155244259104,0,0,-0.75927155244259104,0,0,0.072268687387579869,0.0036567196871207714,0.002928415169599716,0.0019474327515456248,0.0023080066969458908,-0.031264379837396841,-0.0021479620561886208,-0.0045175178660780925,-0.0057146300004836835,-0.0012029117683678649,0,-0.65285283158937135
3.1000000000000001,approach_stop,40,40,0.20000000000000001,0.02,1.2000000000000002,0.75,0,0,3.2000000000000002,0,1.1879201163402053,1.2750584914167784,0,3.1993325824476413,0,-0.002874688958585515,free_flight_controlled,sep_nmpc_adapted,formal_acados,0.9793538382224376,0,0.38618610530781677,-0.43356627811776771,-0.16051478328687829,0.087332049332283779,-0.53403188338593266,1.4142135628113857e-10,-0.21955689026927289,-0.0038396175977446316,-0.0038396175977446351,true,true,5.7187659999999996,0,0,false,0,0.082383617235285089,0,129.60768707251773,129.60768707251773,0,-0.87633720288931705,0,0,-0.87633720288931705,0,0,0.072109745886138457,0.003646538179434116,0.0029058649912122795,0.0019185090696437607,0.0023012193976556889,-0.032305083853524583,-0.0019372726941687922,-0.0044966238924530021,-0.0058462821745570073,-0.0015209894217458652,0,-0.65621438012284328
3.105,approach_stop,40,40,0.20000000000000001,0.02,1.2037499999999999,0.75,0,0,3.2000000000000002,0,1.1943018752725503,1.2776429750582414,0,3.1993179216700525,0,-0.002989795181185841,free_flight_controlled,sep_nmpc_adapted,formal_acados,0.98707002898857976,0,0.38608071285614087,-0.43223184628397049,-0.16002406434508828,0.087332049332283779,-0.53403188338593266,1.4142135628113857e-10,-0.21955689026927289,-0.0038396175977446316,-0.0038396175977446351,true,true,5.7187659999999996,0,0,false,0,0.082090594221283106,0,129.61692220069986,129.61692220069986,0,-0.86069026577797225,0,0,-0.86069026577797225,0,0,0.071948126501361787,0.0036360975765910384,0.0028837782394537073,0.0018889906680427701,0.0022927217289041208,-0.032338959013668095,-0.002242769712691048,-0.0043404664571332872,-0.0059491856349807096,-0.0018873290051824362,0,-0.65956337216733418
3.1099999999999999,approach_stop,40,40,0.20000000000000001,0.02,1.2075,0.75,0,0,3.2000000000000002,0,1.2006965255473632,1.2802149670944396,0,3.1993026923360901,0,-0.0031021123698002314,free_flight_controlled,sep_nmpc_adapted,formal_acados,0.99482564826222841,0,0.38597384042629429,-0.43087087728513473,-0.15952380166237837,0.087332049332283779,-0.53403188338593266,1.4142135628113857e-10,-0.21955689026927289,-0.0038396175977446316,-0.0038396175977446351,true,true,5.7187659999999996,0,0,false,0,0.081789760288046812,0,129.62613109124641,129.62613109124641,0,-0.8454415025530484,0,0,-0.8454415025530484,0,0,0.071786067830177658,0.0036242306834535485,0.0028623941030097443,0.0018591421573503383,0.0022822558865241206,-0.032481069100078003,-0.0025071321808971076,-0.0042157565553213776,-0.0059791970185284603,-0.0023072085392560624,0,-0.66289952720036405
3.1150000000000002,approach_stop,40,40,0.20000000000000001,0.02,1.2112500000000002,0.75,0,0,3.2000000000000002,0,1.2071040037972807,1.2827741085165987,0,3.1992869083267337,0,-0.0032116667239048798,free_flight_controlled,sep_nmpc_adapted,formal_acados,1.0026205622286646,0,0.38586555006782469,-0.42948344156861606,-0.15901398932597885,0.087332049332283779,-0.53403188338593266,1.4142135628113857e-10,-0.21955689026927289,-0.0038396175977446316,-0.0038396175977446351,true,true,5.7187659999999996,0,0,false,0,0.08148148280433995,0,129.63530940224302,129.63530940224302,0,-0.830581820689414,0,0,-0.830581820689414,0,0,0.071623033544862491,0.0036111472573521989,0.0028415561764673276,0.0018293124373674505,0.0022695711135032469,-0.032729343818310226,-0.002729082084625602,-0.0041216864767901961,-0.0059429662850769924,-0.0027736339392620737,0,-0.66622255273556774
3.1200000000000001,approach_stop,40,40,0.20000000000000001,0.02,1.2150000000000001,0.75,0,0,3.2000000000000002,0,1.2135242449295449,1.2853200679783889,0,3.1992705833811295,0,-0.0033184887225206189,free_flight_controlled,sep_nmpc_adapted,formal_acados,1.0104546340905878,0,0.38575590191175602,-0.42806961083895712,-0.1584946227233098,0.087332049332283779,-0.53403188338593266,1.4142135628113857e-10,-0.21955689026927289,-0.0038396175977446316,-0.0038396175977446351,true,true,5.7187659999999996,0,0,false,0,0.081166118599661372,0,129.64445314387771,129.64445314387771,0,-0.81610212678329441,0,0,-0.81610212678329441,0,0,0.071458499377935372,0.0035970584818077402,0.0028211186818113015,0.0017998113084670849,0.0022544545949974106,-0.033081045281113088,-0.0029092685280696466,-0.0040549169926453587,-0.0058493757167575036,-0.0032784794032092663,0,-0.66953215912450115
3.125,approach_stop,40,40,0.20000000000000001,0.02,1.21875,0.75,0,0,3.2000000000000002,0,1.2199571822617334,1.2878525407868311,0,3.1992537310759253,0,-0.0034226128629768152,free_flight_controlled,sep_nmpc_adapted,formal_acados,1.0183277240669375,0,0.38564495397128878,-0.42662945819479592,-0.15796569857435114,0.087332049332283779,-0.53403188338593266,1.4142135628113857e-10,-0.21955689026927289,-0.0038396175977446316,-0.0038396175977446351,true,true,5.7187659999999996,0,0,false,0,0.08084401408517071,0,129.65355866754533,129.65355866754533,0,-0.80199333821550056,0,0,-0.80199333821550056,0,0,0.071291956209002486,0.0035821682443231504,0.0028009575214979379,0.001770899950701972,0.0022367362531273425,-0.033532870630236009,-0.0030498960235549565,-0.0040102264592848259,-0.0057088793763524397,-0.0038128341800493805,0,-0.67282806020009411
3.1299999999999999,approach_stop,40,40,0.20000000000000001,0.02,1.2224999999999999,0.75,0,0,3.2000000000000002,0,1.2264027476524324,1.2903712478628764,0,3.1992363648058468,0,-0.0035240773914634676,free_flight_controlled,sep_nmpc_adapted,formal_acados,1.0262396894008778,0,0.38553276201478609,-0.42516305825155454,-0.15742721496292375,0.087332049332283779,-0.53403188338593266,1.4142135628113857e-10,-0.21955689026927289,-0.0038396175977446316,-0.0038396175977446351,true,true,5.7187659999999996,0,0,false,0,0.0805155053800133,0,129.66262265417402,129.66262265417402,0,-0.78824639490033666,0,0,-0.78824639490033666,0,0,0.071122912613392986,0.0035666663425958107,0.0027809780154080602,0.0017427847365469673,0.0022162918035556959,-0.034081063277474885,-0.0031543297907256369,-0.0039811805831299349,-0.0055328366111943037,-0.0043673482793516599,0,-0.67610997398089989
3.1350000000000002,approach_stop,40,40,0.20000000000000001,0.02,1.2262500000000003,0.75,0,0,3.2000000000000002,0,1.2328608716266911,1.2928759346949652,0,3.1992184977656382,0,-0.003622924028568938,free_flight_controlled,sep_nmpc_adapted,formal_acados,1.0341903843765154,0,0.38541937950942667,-0.42367048725017564,-0.15687917136663221,0.087332049332283779,-0.53403188338593266,1.4142135628113857e-10,-0.21955689026927289,-0.0038396175977446316,-0.0038396175977446351,true,true,5.7187659999999996,0,0,false,0,0.080180918444560809,0,129.67164210191814,129.67164210191814,0,-0.77485227074270591,0,0,-0.77485227074270591,0,0,0.070950896849887229,0.0035507236629827342,0.0027611193269727308,0.0017156143152776541,0.0021930441192561825,-0.034721524799449545,-0.0032267058295876306,-0.0039607804792751462,-0.0053328753754386506,-0.0049325614971479437,0,-0.67937762337505481
3.1400000000000001,approach_stop,40,40,0.20000000000000001,0.02,1.23,0.75,0,0,3.2000000000000002,0,1.2393314834962637,1.2953663703049476,0,3.1992001429333756,0,-0.0037191976937975481,free_flight_controlled,sep_nmpc_adapted,formal_acados,1.0421796603435469,0,0.38530485763078415,-0.42215182315271671,-0.15632156868541688,0.087332049332283779,-0.53403188338593266,1.4142135628113857e-10,-0.21955689026927289,-0.0038396175977446316,-0.0038396175977446351,true,true,5.7187659999999996,0,0,false,0,0.079840569220168148,0,129.68061431342525,129.68061431342525,0,-0.76180198448762404,0,0,-0.76180198448762404,0,0,0.070775458301508179,0.0035344892473392689,0.0027413557782851416,0.0016894797431164297,0.0021669630182989687,-0.035449920829352846,-0.0032715689315851245,-0.0039420538088254884,-0.0051203149702926873,-0.0054992028873707315,0,-0.68263073683170195
3.145,approach_stop,40,40,0.20000000000000001,0.02,1.2337500000000001,0.75,0,0,3.2000000000000002,0,1.2458145114747448,1.2978423462413089,0,3.1991813130551554,0,-0.0038129462332639748,free_flight_controlled,sep_nmpc_adapted,formal_acados,1.0502073657489066,0,0.38518924533176768,-0.42060714572583813,-0.15575440926865447,0.087332049332283779,-0.53403188338593266,1.4142135628113857e-10,-0.21955689026927289,-0.0038396175977446316,-0.0038396175977446351,true,true,5.7187659999999996,0,0,false,0,0.079494763774856231,0,129.68953688289594,129.68953688289594,0,-0.74908660973915431,0,0,-0.74908660973915431,0,0,0.07059616841289508,0.0035180890616216074,0.0027216954099163371,0.0016644173024782008,0.0021380636492567984,-0.03626177580790698,-0.0032935564722905296,-0.0039185619689898381,-0.0049056708317521264,-0.0060584508710621919,0,-0.68586904889915701
3.1499999999999999,approach_stop,40,40,0.20000000000000001,0.02,1.2374999999999998,0.75,0,0,3.2000000000000002,0,1.2523098827877657,1.3003036756100725,0,3.1991620206311229,0,-0.0039042201543810361,free_flight_controlled,sep_nmpc_adapted,formal_acados,1.0582733461743792,0,0.38507258946295941,-0.41903653661338647,-0.1551776969407401,0.10674172692276385,-0.59263763545353909,1.4142135627418126e-10,-0.25853945481925572,-0.089503999015420915,-0.089503999015420915,false,false,5.7082940000000004,0,0,false,0,0.079143798454212877,0,129.60873675209575,129.60873675209575,0,-0.8710266923769151,0,0,-0.8710266923769151,0,0,0.070412621189464078,0.0035016262044378905,0.0027021762548043427,0.0016404135586552046,0.0021064036889638566,-0.037152553061807876,-0.0032971402070779456,-0.0038848049233461859,-0.0046982567214502108,-0.006602147341269838,0,-0.68909230066146165
3.1550000000000002,approach_stop,40,40,0.20000000000000001,0.02,1.2412500000000002,0.75,0,0,3.2000000000000002,0,1.2588175154241363,1.3027468116295606,0,3.1991421860167311,0,-0.0040298183877543105,free_flight_controlled,sep_nmpc_adapted,formal_acados,1.0663774343237673,0,0.38495487190842093,-0.41744008110036901,-0.15459160091988747,0.10674172692276385,-0.59263763545353909,1.4142135627418126e-10,-0.25853945481925572,-0.089503999015420915,-0.089503999015420915,false,false,5.7082940000000004,0,0,false,0,0.078786225532297902,0,129.61967844593386,129.61967844593386,0,-0.85409735258942854,0,0,-0.85409735258942854,0,0,0.070227205317615865,0.0034838959253287467,0.002683171587039789,0.0016173388966284497,0.0020720938687336164,-0.037013075676806867,-0.0037907975773892079,-0.0037214191075763499,-0.0045311820452325225,-0.0071182991940471627,0,-0.69229807214646144
3.1600000000000001,approach_stop,40,40,0.20000000000000001,0.02,1.2450000000000001,0.75,0,0,3.2000000000000002,0,1.2653373258334746,1.3051747205357103,0,3.1991217317548686,0,-0.0041520796177603814,free_flight_controlled,sep_nmpc_adapted,formal_acados,1.0745194603671329,0,0.38483607424126343,-0.4158178654663417,-0.15399628541934965,0.10674172692276385,-0.59263763545353909,1.4142135627418126e-10,-0.25853945481925572,-0.089503999015420915,-0.089503999015420915,false,false,5.7082940000000004,0,0,false,0,0.078420653021899572,0,129.63057350958235,129.63057350958235,0,-0.83760426850605307,0,0,-0.83760426850605307,0,0,0.070042144375277018,0.003463932690703463,0.0026648728695253874,0.001595111106249468,0.0020352584934637294,-0.037011005789861509,-0.004189384735844519,-0.0036025699822918645,-0.0043606867422099982,-0.0076111904424320019,0,-0.69548586423452208
3.165,approach_stop,40,40,0.20000000000000001,0.02,1.24875,0.75,0,0,3.2000000000000002,0,1.2718692369282163,1.3075870271114083,0,3.1991006744506767,0,-0.0042710363686120278,free_flight_controlled,sep_nmpc_adapted,formal_acados,1.0826992620084845,0,0.38471624071086441,-0.41416997491973173,-0.15339174580514947,0.10674172692276385,-0.59263763545353909,1.4142135627418126e-10,-0.25853945481925572,-0.089503999015420915,-0.089503999015420915,false,false,5.7082940000000004,0,0,false,0,0.078047477200480525,0,129.6414169418324,129.6414169418324,0,-0.82153750560292016,0,0,-0.82153750560292016,0,0,0.069856755262393572,0.003442218479551193,0.0026470589609297627,0.0015737287648884947,0.0019960313280362463,-0.037144515812716786,-0.004490864523202083,-0.0035271439217328068,-0.0041942751155947169,-0.0080739009098425921,0,-0.69865540320072561
3.1699999999999999,approach_stop,40,40,0.20000000000000001,0.02,1.2524999999999999,0.75,0,0,3.2000000000000002,0,1.2784131698270569,1.3099833888461456,0,3.1990790305346213,0,-0.0043867259204711986,free_flight_controlled,sep_nmpc_adapted,formal_acados,1.0909166742567595,0,0.38459541402705844,-0.41249649557029733,-0.15277797874959742,0.10674172692276385,-0.59263763545353909,1.4142135627418126e-10,-0.25853945481925572,-0.089503999015420915,-0.089503999015420915,false,false,5.7082940000000004,0,0,false,0,0.077667082873877843,0,129.65220415181938,129.65220415181938,0,-0.80588708283950461,0,0,-0.80588708283950461,0,0,0.06967036750209174,0.0034192366698537601,0.0026295212237267794,0.0015531519569837626,0.0019545795641365145,-0.037410405034028552,-0.0046966465175072476,-0.0034913533099148763,-0.004039753473941924,-0.0085000204474272173,0,-0.70180641608048688
3.1750000000000003,approach_stop,40,40,0.20000000000000001,0.02,1.2562500000000001,0.75,0,0,3.2000000000000002,0,1.2849690440153037,1.3123634946728402,0,3.1990568162395721,0,-0.0044991900052388407,free_flight_controlled,sep_nmpc_adapted,formal_acados,1.099171529477379,0,0.38447363557156911,-0.41079751453792468,-0.15215498228120231,0.10674172692276385,-0.59263763545353909,1.4142135627418126e-10,-0.25853945481925572,-0.089503999015420915,-0.089503999015420915,false,false,5.7082940000000004,0,0,false,0,0.077279843477012541,0,129.66293094610211,129.66293094610211,0,-0.79064299043484842,0,0,-0.79064299043484842,0,0,0.069482329763265946,0.0033954558941189906,0.0026120753410334746,0.0015333020554461094,0.0019111006833322354,-0.037804241985530354,-0.0048111386206422593,-0.0034893660780446383,-0.0039047160509090382,-0.0088838793872882682,0,-0.70493863121859401
3.1800000000000002,approach_stop,40,40,0.20000000000000001,0.02,1.2600000000000002,0.75,0,0,3.2000000000000002,0,1.2915367774987003,1.3147270635947903,0,3.1990340475793122,0,-0.0046084744992894401,free_flight_controlled,sep_nmpc_adapted,formal_acados,1.1074636574468024,0,0.38435094564839628,-0.40907312005189789,-0.15152275583195879,0.10674172692276385,-0.59263763545353909,1.4142135627418126e-10,-0.25853945481925572,-0.089503999015420915,-0.089503999015420915,false,false,5.7082940000000004,0,0,false,0,0.076886121184904802,0,129.67359351509006,129.67359351509006,0,-0.7757952088098824,0,0,-0.7757952088098824,0,0,0.069292015603130627,0.0033713162997112173,0.0025945698987432254,0.0015140640092461042,0.0018658182418696567,-0.038320532357446521,-0.0048412390697878957,-0.0035139627431674441,-0.0037960618112629126,-0.0092207474682091776,0,-0.70805177896453653
3.1850000000000001,approach_stop,40,40,0.20000000000000001,0.02,1.2637499999999999,0.75,0,0,3.2000000000000002,0,1.2981162869501806,1.3170738432375522,0,3.199010740328581,0,-0.0047146291136305309,free_flight_controlled,sep_nmpc_adapted,formal_acados,1.1157928854090715,0,0.38422738376497956,-0.40732340154110902,-0.15088130028139193,0.10674172692276385,-0.59263763545353909,1.4142135627418126e-10,-0.25853945481925572,-0.089503999015420915,-0.089503999015420915,false,false,5.7082940000000004,0,0,false,0,0.07648626703622266,0,129.68418841883425,129.68418841883425,0,-0.76133372807790245,0,0,-0.76133372807790245,0,0,0.069098828327449374,0.0033472184314515432,0.0025768917004918043,0.0014952909094359478,0.0018189767615184589,-0.038952902403204259,-0.0047958005228007031,-0.0035571798916091148,-0.003719570501491552,-0.0095069910321444757,0,-0.71114559244796716
3.1899999999999999,approach_stop,40,40,0.20000000000000001,0.02,1.2675000000000001,0.75,0,0,3.2000000000000002,0,1.304707487849265,1.3194036083581979,0,3.1989869100046819,0,-0.004817707082692726,free_flight_controlled,sep_nmpc_adapted,formal_acados,1.1241590381331634,0,0.38410298893416883,-0.4055484497161016,-0.1502306179970172,0.10674172692276385,-0.59263763545353909,1.4142135627418126e-10,-0.25853945481925572,-0.089503999015420915,-0.089503999015420915,false,false,5.7082940000000004,0,0,false,0,0.076080621069410007,0,129.69471257226024,129.69471257226024,0,-0.74724856750915791,0,0,-0.74724856750915791,0,0,0.068902204914271487,0.0033235148043824088,0.0025589679726290009,0.001476810479379529,0.0017708359544170464,-0.0396942887054113,-0.0046850942165811184,-0.0036109055365201714,-0.0036795600360691816,-0.009740181288558877,0,-0.71421980837492816
3.1950000000000003,approach_stop,40,40,0.20000000000000001,0.02,1.2712500000000002,0.75,0,0,3.2000000000000002,0,1.3113102946139585,1.32171615934111,0,3.1989625718506369,0,-0.0049177648535234306,free_flight_controlled,sep_nmpc_adapted,formal_acados,1.1325619379700009,0,0.38397779998632592,-0.40374835664395758,-0.14957071287093643,0.10674172692276385,-0.59263763545353909,1.4142135627418126e-10,-0.25853945481925572,-0.089503999015420915,-0.089503999015420915,false,false,5.7082940000000004,0,0,false,0,0.07566951247106142,0,129.70516322995431,129.70516322995431,0,-0.73352979448028632,0,0,-0.73352979448028632,0,0,0.068701618989678886,0.0033005041056731028,0.0025407657706713405,0.0014584330415462275,0.0017216645380167335,-0.040537126401725361,-0.004520297650267526,-0.0036673993267680415,-0.003678640433974709,-0.009919149600304546,0,-0.71727416779531716
3.2000000000000002,approach_stop,40,40,0.20000000000000001,0.02,1.2750000000000001,0.75,0,0,3.2000000000000002,0,1.3179246207251447,1.3240113207054902,0,3.1989377408198956,0,-0.0050148617774873269,free_flight_controlled,sep_nmpc_adapted,formal_acados,1.1410014049080617,0,0.38385185588098136,-0.40192321581708301,-0.14890159035236322,0.12552213176753757,-0.67222770217397543,1.4142135626764237e-10,-0.31093071035010761,-0.18045411866916605,-0.18045411866916605,false,false,5.7527629999999998,0,0,false,0,0.075253259735893877,0,129.62500503690023,129.62500503690023,0,-0.86262941953667249,0,0,-0.86262941953667249,0,0,0.068496582880088905,0.003278427859882139,0.0025222890138313207,0.0014399604547321032,0.0016717339086014704,-0.041473529375486401,-0.0043130241928229368,-0.0037197186169817711,-0.0037175725002763097,-0.010043988864978967,0,-0.72030841680293112
3.2050000000000001,approach_stop,40,40,0.20000000000000001,0.02,1.2787500000000001,0.75,0,0,3.2000000000000002,0,1.3245503705752268,1.3262855914507468,0,3.1989123386196257,0,-0.0051462277916569064,free_flight_controlled,sep_nmpc_adapted,formal_acados,1.1494772469856165,0,0.3837251328413005,-0.40007312358961034,-0.14822343100672133,0.12552213176753757,-0.67222770217397543,1.4142135626764237e-10,-0.31093071035010761,-0.18045411866916605,-0.18045411866916605,false,false,5.7527629999999998,0,0,false,0,0.074830331640364733,0,129.63755212179171,129.63755212179171,0,-0.84446217280156999,0,0,-0.84446217280156999,0,0,0.068289587819605577,0.0032561053074979199,0.0025039032664202444,0.0014211180354223793,0.0016213264987409335,-0.041324247723677002,-0.0046097327749564142,-0.0036399411939926256,-0.0038219620185664578,-0.010111291947277511,0,-0.72332021129975799
3.21,approach_stop,40,40,0.20000000000000001,0.02,1.2825,0.75,0,0,3.2000000000000002,0,1.3311874470387222,1.3285419019802487,0,3.1988862892424779,0,-0.0052737328524253124,free_flight_controlled,sep_nmpc_adapted,formal_acados,1.1579892702318386,0,0.38359760931126391,-0.39819817680688352,-0.14753641008662408,0.12552213176753757,-0.67222770217397543,1.4142135626764237e-10,-0.31093071035010761,-0.18045411866916605,-0.18045411866916605,false,false,5.7527629999999998,0,0,false,0,0.074399255714859794,0,129.65003051021074,129.65003051021074,0,-0.82676752528463826,0,0,-0.82676752528463826,0,0,0.068082966268230169,0.0032325724632601884,0.002485788191151507,0.001401728680325559,0.001570693349207751,-0.041324044332893682,-0.0047973831752229096,-0.0036113524995595803,-0.0039360309481609838,-0.010134564004037177,0,-0.72630874052496786
3.2149999999999999,approach_stop,40,40,0.20000000000000001,0.02,1.2862499999999999,0.75,0,0,3.2000000000000002,0,1.3378357593638202,1.3307798778550226,0,3.1988596118928654,0,-0.00539741770528686,free_flight_controlled,sep_nmpc_adapted,formal_acados,1.1665372883164511,0,0.38346932911232512,-0.39629847104736904,-0.1468405240560483,0.12552213176753757,-0.67222770217397543,1.4142135626764237e-10,-0.31093071035010761,-0.18045411866916605,-0.18045411866916605,false,false,5.7527629999999998,0,0,false,0,0.073960455359261476,0,129.66243461698298,129.66243461698298,0,-0.80953451332541893,0,0,-0.80953451332541893,0,0,0.067875985134866632,0.0032083630748160836,0.0024676933795665262,0.0013817475861268092,0.0015200503300196796,-0.041467745827586375,-0.0048812219302799996,-0.0036311920509990393,-0.0040584960178401512,-0.010115554941464523,0,-0.72927373606656509
3.2200000000000002,approach_stop,40,40,0.20000000000000001,0.02,1.29,0.75,0,0,3.2000000000000002,0,1.344495215012548,1.3329991787362288,0,3.1988323255585707,0,-0.0055173281809275153,free_flight_controlled,sep_nmpc_adapted,formal_acados,1.1751211127201624,0,0.38334033698003223,-0.39437410229238556,-0.14613577075429082,0.12552213176753757,-0.67222770217397543,1.4142135626764237e-10,-0.31093071035010761,-0.18045411866916605,-0.18045411866916605,false,false,5.7527629999999998,0,0,false,0,0.073514341481465531,0,129.67475932336632,129.67475932336632,0,-0.79275215218662953,0,0,-0.79275215218662953,0,0,0.06766794058549859,0.0031839758445772331,0.0024493898363632132,0.0013611343396566396,0.0014696039614103204,-0.041748860400565496,-0.0048699142836897405,-0.0036937690162098203,-0.0041888275932426902,-0.010056266879034798,0,-0.73221492958590451
3.2250000000000001,approach_stop,40,40,0.20000000000000001,0.02,1.2937500000000002,0.75,0,0,3.2000000000000002,0,1.3511657198268958,1.3351994966502203,0,3.1988044489863237,0,-0.0056335148374093225,free_flight_controlled,sep_nmpc_adapted,formal_acados,1.1837405527727571,0,0.38321067870901587,-0.39242516705413866,-0.1454221494425243,0.12552213176753757,-0.67222770217397543,1.4142135626764237e-10,-0.31093071035010761,-0.18045411866916605,-0.18045411866916605,false,false,5.7527629999999998,0,0,false,0,0.07306131262993526,0,129.68699996084342,129.68699996084342,0,-0.77640946040684367,0,0,-0.77640946040684367,0,0,0.067458164047457053,0.0031598589925014939,0.0024306828659306006,0.0013398500175322624,0.0014195499751037618,-0.042159817079603125,-0.0047748706885679115,-0.003791177848511421,-0.0043269006016838042,-0.0099590240403568189,0,-0.73513205378617874
3.23,approach_stop,40,40,0.20000000000000001,0.02,1.2974999999999999,0.75,0,0,3.2000000000000002,0,1.3578471781861605,1.3373805541877708,0,3.19877600065908,0,-0.0057460325904582481,free_flight_controlled,sep_nmpc_adapted,formal_acados,1.1923954156894703,0,0.38308040129659138,-0.39045176249669022,-0.14469966084577884,0.12552213176753757,-0.67222770217397543,1.4142135626764237e-10,-0.31093071035010761,-0.18045411866916605,-0.18045411866916605,false,false,5.7527629999999998,0,0,false,0,0.072601755140437554,0,129.69915229375982,129.69915229375982,0,-0.76049548427507052,0,0,-0.76049548427507052,0,0,0.067246026967432537,0.0031363983163374062,0.0024114212796333342,0.0013178560337478232,0.0013700715522762434,-0.042692222745176672,-0.004609528088034779,-0.0039140460965372886,-0.0044726495925283306,-0.0098265305491639157,0,-0.73802484352785069
3.2349999999999999,approach_stop,40,40,0.20000000000000001,0.02,1.30125,0.75,0,0,3.2000000000000002,0,1.3645394931552126,1.3395421026826786,0,3.1987469987751735,0,-0.0058549403354109537,free_flight_controlled,sep_nmpc_adapted,formal_acados,1.201085506605355,0,0.38294955308132939,-0.38845398654985763,-0.14396830718998882,0.12552213176753757,-0.67222770217397543,1.4142135626764237e-10,-0.31093071035010761,-0.18045411866916605,-0.18045411866916605,false,false,5.7527629999999998,0,0,false,0,0.072136043298450692,0,129.71121250097264,129.71121250097264,0,-0.74499932167503846,0,0,-0.74499932167503846,0,0,0.067030944266841821,0.0031139088770865361,0.0023915028818763534,0.0012951146413258672,0.0013213373213509883,-0.043337124149106801,-0.0043886246346915032,-0.0040522678717789008,-0.0046257563259321345,-0.0096619074550208881,0,-0.74089303700634601
3.2400000000000002,approach_stop,40,40,0.20000000000000001,0.02,1.3050000000000002,0.75,0,0,3.2000000000000002,0,1.3712425666236909,1.3416839204103284,0,3.1987174612293674,0,-0.0059603005661932849,free_flight_controlled,sep_nmpc_adapted,formal_acados,1.2098106286071848,0,0.38281818387153121,-0.3864319380165061,-0.14322809223407576,0.12552213176753757,-0.67222770217397543,1.4142135626764237e-10,-0.31093071035010761,-0.18045411866916605,-0.18045411866916605,false,false,5.7527629999999998,0,0,false,0,0.071664539516379688,0,129.72317715679907,129.72317715679907,0,-0.72991014463399695,0,0,-0.72991014463399695,0,0,0.066812376498576229,0.0030926302555221671,0.0023708764084563062,0.0012715908664421897,0.001273499235974795,-0.044085263588757112,-0.0041275017359987953,-0.0041956835670540985,-0.004785392414427745,-0.0094687028314252714,0,-0.74373637691603867
3.2450000000000001,approach_stop,40,40,0.20000000000000001,0.02,1.3087500000000001,0.75,0,0,3.2000000000000002,0,1.3779562994363173,1.3438058108410549,0,3.1986874055958068,0,-0.0060621789977853549,free_flight_controlled,sep_nmpc_adapted,formal_acados,1.2185705827625157,0,0.3826863450583613,-0.3843857166738015,-0.14247902129712506,0.12552213176753757,-0.67222770217397543,1.4142135626764237e-10,-0.31093071035010761,-0.18045411866916605,-0.18045411866916605,false,false,5.7527629999999998,0,0,false,0,0.071187594524293893,0,129.73504321160533,129.73504321160533,0,-0.71521722004115851,0,0,-0.71521722004115851,0,0,0.066589830761605587,0.0030727251704412966,0.0023495402671926307,0.0012472555570873741,0.0012266904775875569,-0.044927318650489906,-0.0038414614633316547,-0.0043346747933294292,-0.0049500329552641257,-0.0092508714924438105,0,-0.74655461153688585
3.25,approach_stop,40,40,0.20000000000000001,0.02,1.3125,0.75,0,0,3.2000000000000002,0,1.3846805915146687,1.3459076009767534,0,3.1986568491128313,0,-0.0061606441988690834,free_flight_controlled,sep_nmpc_adapted,formal_acados,1.2273651681456141,0,0.38255408970844229,-0.38231542336905455,-0.14172110128079296,0.14360978143140524,-0.69930396702624564,1.4142135626512141e-10,-0.33591885493921125,-0.27088577247832285,-0.27088577247832285,false,false,5.7279929999999997,0,0,false,0,0.070705547572583502,0,129.66222167236816,129.66222167236816,0,-0.8423775954901116,0,0,-0.8423775954901116,0,0,0.066362860472972685,0.0030542811251283576,0.0023275385636499259,0.0012220891656663209,0.0011810235374925067,-0.045854118408902668,-0.0035452009015144912,-0.004460652490627437,-0.0051173502822676829,-0.0090127235658895716,0,-0.7493474956939209
3.2549999999999999,approach_stop,40,40,0.20000000000000001,0.02,1.3162499999999999,0.75,0,0,3.2000000000000002,0,1.3914153344091262,1.3479860747480255,0,3.1986257216090639,0,-0.0062905820536963341,free_flight_controlled,sep_nmpc_adapted,formal_acados,1.2361941734038768,0,0.38242141421776954,-0.38022116100524939,-0.14095451269382361,0.14360978143140524,-0.69930396702624564,1.4142135626512141e-10,-0.33591885493921125,-0.27088577247832285,-0.27088577247832285,false,false,5.7279929999999997,0,0,false,0,0.07021690063350966,0,129.6761013769071,129.6761013769071,0,-0.82332990837396058,0,0,-0.82332990837396058,0,0,0.066133981661411115,0.0030359606318773012,0.002305282239302629,0.0011960092101752366,0.0011366025108874398,-0.045694188343252048,-0.0037832455038876505,-0.0044452009070140948,-0.0053106309224506282,-0.0087543922640937397,0,-0.7521129602242409
3.2600000000000002,approach_stop,40,40,0.20000000000000001,0.02,1.3200000000000003,0.75,0,0,3.2000000000000002,0,1.3981604181572971,1.3500438789222586,0,3.1985939551162841,0,-0.0064162402140979834,free_flight_controlled,sep_nmpc_adapted,formal_acados,1.2450573854679927,0,0.38228831823629716,-0.37810303268930434,-0.14017943078617928,0.14360978143140524,-0.69930396702624564,1.4142135626512141e-10,-0.33591885493921125,-0.27088577247832285,-0.27088577247832285,false,false,5.7279929999999997,0,0,false,0,0.069720213240651571,0,129.68988829492591,129.68988829492591,0,-0.80478169275092026,0,0,-0.80478169275092026,0,0,0.065905555675228961,0.0030166339746313655,0.0022830039119338475,0.0011690375918561038,0.0010934863155889303,-0.04567293331338456,-0.0039479475336044508,-0.0044692113488499618,-0.005473617498699632,-0.0084913826323139464,0,-0.75484986905212192
3.2650000000000001,approach_stop,40,40,0.20000000000000001,0.02,1.32375,0.75,0,0,3.2000000000000002,0,1.4049157384655939,1.3520806409805752,0,3.1985615709075983,0,-0.00653766940417763,free_flight_controlled,sep_nmpc_adapted,formal_acados,1.2539545979900302,0,0.38215486285069011,-0.37596114047556373,-0.13939585358795095,0.14360978143140524,-0.69930396702624564,1.4142135626512141e-10,-0.33591885493921125,-0.27088577247832285,-0.27088577247832285,false,false,5.7279929999999997,0,0,false,0,0.069215926473297634,0,129.70357653027429,129.70357653027429,0,-0.78672137126875241,0,0,-0.78672137126875241,0,0,0.065676901200429891,0.0029966564037536207,0.0022605137594907299,0.0011413297668408011,0.0010516901426742109,-0.045785355203782213,-0.0040443363881000494,-0.0045292011569439961,-0.0056050331467811373,-0.0082268581793579071,0,-0.75755797360076194
3.27,approach_stop,40,40,0.20000000000000001,0.02,1.3275000000000001,0.75,0,0,3.2000000000000002,0,1.4116811892620762,1.3540960218141114,0,3.1985285899897873,0,-0.0066549253474414748,free_flight_controlled,sep_nmpc_adapted,formal_acados,1.2628856026830737,0,0.38202111065373789,-0.37379558657900247,-0.13860378049161151,0.14360978143140524,-0.69930396702624564,1.4142135626512141e-10,-0.33591885493921125,-0.27088577247832285,-0.27088577247832285,false,false,5.7279929999999997,0,0,false,0,0.068704468304711455,0,129.7171606866363,129.7171606866363,0,-0.76913738364420714,0,0,-0.76913738364420714,0,0,0.065447364122005372,0.0029763519377238373,0.0022376461043689894,0.0011130431460720483,0.0010112150232092154,-0.046025604629238721,-0.004079780300044222,-0.0046191073319661376,-0.0057053065171901486,-0.007963338151291726,0,-0.7602370270442359
3.2749999999999999,approach_stop,40,40,0.20000000000000001,0.02,1.3312499999999998,0.75,0,0,3.2000000000000002,0,1.418456662859531,1.3560897141563175,0,3.1984950330793809,0,-0.006768068388397744,free_flight_controlled,sep_nmpc_adapted,formal_acados,1.2718501893318952,0,0.38188712565482774,-0.37160647352763576,-0.1378032122897962,0.14360978143140524,-0.69930396702624564,1.4142135626512141e-10,-0.33591885493921125,-0.27088577247832285,-0.27088577247832285,false,false,5.7279929999999997,0,0,false,0,0.068186253766870944,0,129.73063584924751,129.73063584924751,0,-0.7520182060786178,0,0,-0.7520182060786178,0,0,0.065216321287042175,0.0029560031322824125,0.0022142705885984447,0.0010843295912899794,0.00097205075799717644,-0.04638718028833267,-0.0040633948577717708,-0.0047309845350223239,-0.0057761576008281317,-0.0077028158195181322,0,-0.76288678520397846
3.2800000000000002,approach_stop,40,40,0.20000000000000001,0.02,1.3350000000000002,0.75,0,0,3.2000000000000002,0,1.4252420501107179,1.3580614409970997,0,3.1984609205804921,0,-0.0068771631148048049,free_flight_controlled,sep_nmpc_adapted,formal_acados,1.2808481458034859,0,0.38175297320024315,-0.36939390430723196,-0.13699415120968741,0.14360978143140524,-0.69930396702624564,1.4142135626512141e-10,-0.33591885493921125,-0.27088577247832285,-0.27088577247832285,false,false,5.7279929999999997,0,0,false,0,0.067661685125291804,0,129.74399756607011,129.74399756607011,0,-0.73535237019561028,0,0,-0.73535237019561028,0,0,0.064983183250235901,0.0029358438684749587,0.0021902997882533685,0.0010553300251280339,0.00093417824113224267,-0.046863134757765892,-0.004005432921043682,-0.0048557235527549687,-0.0058201717176456103,-0.0074468806976010797,0,-0.76550700753680945
3.2850000000000001,approach_stop,40,40,0.20000000000000001,0.02,1.3387500000000001,0.75,0,0,3.2000000000000002,0,1.4320372405557178,1.3600109540142864,0,3.1984262725645358,0,-0.0069822779841948977,free_flight_controlled,sep_nmpc_adapted,formal_acados,1.289879258057516,0,0.3816187199036159,-0.36715798249820175,-0.13617660094384071,0.14360978143140524,-0.69930396702624564,1.4142135626512141e-10,-0.33591885493921125,-0.27088577247832285,-0.27088577247832285,false,false,5.7279929999999997,0,0,false,0,0.067131152065098523,0,129.75724182860441,129.75724182860441,0,-0.71912848094346316,0,0,-0.71912848094346316,0,0,0.064747395996851101,0.0029160551662904765,0.0021656932772787865,0.0010261711366971722,0.00089757118562055777,-0.047446276060622551,-0.0039166897011008667,-0.0049837463058992702,-0.0058403919402208225,-0.0071968338755664264,0,-0.76809745813571007
3.29,approach_stop,40,40,0.20000000000000001,0.02,1.3425,0.75,0,0,3.2000000000000002,0,1.4388421225615429,1.3619380320527643,0,3.198391108751792,0,-0.0070834849589017966,free_flight_controlled,sep_nmpc_adapted,formal_acados,1.298943310156546,0,0.38148443358492024,-0.36489881240499689,-0.13535056667757855,0.14360978143140524,-0.69930396702624564,1.4142135626512141e-10,-0.33591885493921125,-0.27088577247832285,-0.27088577247832285,false,false,5.7279929999999997,0,0,false,0,0.06659503188730842,0,129.77036505257877,129.77036505257877,0,-0.70333523299352729,0,0,-0.70333523299352729,0,0,0.064508441687721213,0.0028967638741799165,0.002140458352966201,0.00099696402632646849,0.00086219730780914253,-0.048129355911277739,-0.0038079516156899235,-0.0051056407441906707,-0.0058399546021976924,-0.0069537879475126642,0,-0.77065790667497758
3.2949999999999999,approach_stop,40,40,0.20000000000000001,0.02,1.3462499999999999,0.75,0,0,3.2000000000000002,0,1.4456565834543151,1.3638424796756756,0,3.1983554484947661,0,-0.0071808591538252845,free_flight_controlled,sep_nmpc_adapted,formal_acados,1.308040084275824,0,0.38135018321552749,-0.36261649917849115,-0.1345160551131136,0.14360978143140524,-0.69930396702624564,1.4142135626512141e-10,-0.33591885493921125,-0.27088577247832285,-0.27088577247832285,false,false,5.7279929999999997,0,0,false,0,0.066053689714016109,0,129.78336405876107,129.78336405876107,0,-0.68796142529222171,0,0,-0.68796142529222171,0,0,0.064265838511849485,0.0028780439564811459,0.0021146477979991887,0.00096780452554524323,0.0008280190637377457,-0.04890523738098821,-0.0036895115069188154,-0.0052127073403680189,-0.0058217861953876954,-0.0067187455292651395,0,-0.77318812924505531
3.3000000000000003,approach_stop,40,40,0.20000000000000001,0.02,1.3500000000000001,0.75,0,0,3.2000000000000002,0,1.4524805096444227,1.3657241258057828,0,3.1983193107632744,0,-0.0072744785005832069,free_flight_controlled,sep_nmpc_adapted,formal_acados,1.3171693607125037,0,0.38121603886634431,-0.36031114893191896,-0.13367307449060131,0.16096053580383296,-0.60350456865488222,1.414213562697157e-10,-0.28848472798863939,-0.35519070652808044,-0.35519070652808044,false,false,5.7144830000000004,0,0,false,0,0.065507478700979963,0,129.72316906554786,129.72316906554786,0,-0.8046990278659033,0,0,-0.8046990278659033,0,0,0.064019139763539776,0.0028599200038477604,0.0020883551733845299,0.00093877485334103756,0.00079499405411571509,-0.049767036704816921,-0.003570766372059038,-0.005297397741944012,-0.0057883733690551305,-0.0064926529269963154,0,-0.77568790903719076
3.3050000000000002,approach_stop,40,40,0.20000000000000001,0.02,1.3537500000000002,0.75,0,0,3.2000000000000002,0,1.459313780349017,1.3675802265894197,0,3.1982826386659018,0,-0.0073946006511301154,free_flight_controlled,sep_nmpc_adapted,formal_acados,1.3263309111243118,0,0.38108202188133067,-0.35798286922470524,-0.13282179442828704,0.16096053580383296,-0.60350456865488222,1.414213562697157e-10,-0.28848472798863939,-0.35519070652808044,-0.35519070652808044,false,false,5.7144830000000004,0,0,false,0,0.064955040637748637,0,129.73794685464779,129.73794685464779,0,-0.78536947681026625,0,0,-0.78536947681026625,0,0,0.063770647264112634,0.0028411128305791617,0.0020620126182548516,0.00090987484316396071,0.00076308803970455668,-0.04962631097623417,-0.003953824894011331,-0.0052408790864227842,-0.0057662417633413607,-0.0062723242750005745,0,-0.77815560200277267
3.3100000000000001,approach_stop,40,40,0.20000000000000001,0.02,1.3574999999999999,0.75,0,0,3.2000000000000002,0,1.4661562733362279,1.369412979354981,0,3.198245377255164,0,-0.0075102047057888158,free_flight_controlled,sep_nmpc_adapted,formal_acados,1.3355245055094178,0,0.38094815593772291,-0.35563176782681005,-0.13196237972117164,0.16096053580383296,-0.60350456865488222,1.414213562697157e-10,-0.28848472798863939,-0.35519070652808044,-0.35519070652808044,false,false,5.7144830000000004,0,0,false,0,0.064395069644949718,0,129.75260632917005,129.75260632917005,0,-0.76655190942363005,0,0,-0.76655190942363005,0,0,0.063522510357347989,0.0028205592714101216,0.0020358828642544143,0.00088117711219313469,0.00073224202376900665,-0.049625093436738904,-0.0042687907568218731,-0.0052121992530898484,-0.005707899758652899,-0.0060686065982505323,0,-0.78058981223114832
3.3149999999999999,approach_stop,40,40,0.20000000000000001,0.02,1.3612500000000001,0.75,0,0,3.2000000000000002,0,1.4730078709798007,1.3712220354767732,0,3.1982075489653599,0,-0.0076213536927189351,free_flight_controlled,sep_nmpc_adapted,formal_acados,1.3447499189553809,0,0.38081451655553422,-0.35325795202441979,-0.13109483056623208,0.16096053580383296,-0.60350456865488222,1.414213562697157e-10,-0.28848472798863939,-0.35519070652808044,-0.35519070652808044,false,false,5.7144830000000004,0,0,false,0,0.063828009920812445,0,129.76714178109637,129.76714178109637,0,-0.74823435711561126,0,0,-0.74823435711561126,0,0,0.063274038617215617,0.0027986004304770182,0.0020098315221582469,0.00085285434809461639,0.00070237433111170052,-0.049760357742973889,-0.0045158445281312815,-0.0052089967827054677,-0.0056169687879628538,-0.0058808332925854544,0,-0.78299032698852644
3.3200000000000003,approach_stop,40,40,0.20000000000000001,0.02,1.3650000000000002,0.75,0,0,3.2000000000000002,0,1.4798684539966991,1.3730070806268224,0,3.1981691759034439,0,-0.0077281154428978337,free_flight_controlled,sep_nmpc_adapted,formal_acados,1.3540069246878614,0,0.38068117988363087,-0.35086152930883763,-0.13021914850776276,0.16096053580383296,-0.60350456865488222,1.414213562697157e-10,-0.28848472798863939,-0.35519070652808044,-0.35519070652808044,false,false,5.7144830000000004,0,0,false,0,0.063254292246419819,0,129.78154802443697,129.78154802443697,0,-0.73040486231317903,0,0,-0.73040486231317903,0,0,0.063024559107459757,0.0027755704060694998,0.0019837420863577804,0.00082505739569859718,0.00067340817737330237,-0.050028155139069379,-0.0046975396568827831,-0.0052265786310463271,-0.0054984851414480226,-0.0057077471665820702,0,-0.78535693502371551
3.3250000000000002,approach_stop,40,40,0.20000000000000001,0.02,1.3687500000000001,0.75,0,0,3.2000000000000002,0,1.4867379016152475,1.3747678334493889,0,3.1981302798260591,0,-0.0078305622191142503,free_flight_controlled,sep_nmpc_adapted,formal_acados,1.3632952940769212,0,0.38054822259240589,-0.34844260753832634,-0.12933533647915033,0.16096053580383296,-0.60350456865488222,1.414213562697157e-10,-0.28848472798863939,-0.35519070652808044,-0.35519070652808044,false,false,5.7144830000000004,0,0,false,0,0.062674334147865843,0,129.79582037630055,129.79582037630055,0,-0.71305149389086675,0,0,-0.71305149389086675,0,0,0.062773420665786672,0.0027517854942393388,0.0019575260659096335,0.0007979093923964456,0.00064527413060378239,-0.050423748490424275,-0.0048183675925836545,-0.0052585380777938548,-0.0053584134552096697,-0.0055476972246842294,0,-0.78768942720348623
3.3300000000000001,approach_stop,40,40,0.20000000000000001,0.02,1.3725000000000001,0.75,0,0,3.2000000000000002,0,1.4936160917365668,1.3765040441847851,0,3.1980908821183025,0,-0.0079287703457613483,free_flight_controlled,sep_nmpc_adapted,formal_acados,1.3726147966445299,0,0.38041572179541405,-0.34600129509203692,-0.12844339884243156,0.16096053580383296,-0.60350456865488222,1.414213562697157e-10,-0.28848472798863939,-0.35519070652808044,-0.35519070652808044,false,false,5.7144830000000004,0,0,false,0,0.062088540066070369,0,129.80995463746754,129.80995463746754,0,-0.6961623628814898,0,0,-0.6961623628814898,0,0,0.062519997482883796,0.0027275356556960744,0.0019311299549659949,0.00077150234828060377,0.00061791159611979162,-0.050941758756030291,-0.0048842924739234258,-0.0052973939651713665,-0.0052031606635389938,-0.0053988304807977795,0,-0.78998759726263224
3.335,approach_stop,40,40,0.20000000000000001,0.02,1.37625,0.75,0,0,3.2000000000000002,0,1.5005029010890638,1.3782154932710975,0,3.1980510037743306,0,-0.0080228198415094702,free_flight_controlled,sep_nmpc_adapted,formal_acados,1.3819652000731044,0,0.38028375499833733,-0.34353770101595937,-0.12754334142530344,0.16096053580383296,-0.60350456865488222,1.414213562697157e-10,-0.28848472798863939,-0.35519070652808044,-0.35519070652808044,false,false,5.7144830000000004,0,0,false,0,0.061497301535887512,0,129.82394707257086,129.82394707257086,0,-0.67972563799347108,0,0,-0.67972563799347108,0,0,0.062263691936697174,0.0027030783241812299,0.0019045390378646702,0.00074589609265579462,0.00059126937901807447,-0.051576315023454708,-0.0049022843591678316,-0.0053352114594704047,-0.0050391199966577007,-0.0052592673686585652,0,-0.79225124260009749
3.3399999999999999,approach_stop,40,40,0.20000000000000001,0.02,1.3799999999999999,0.75,0,0,3.2000000000000002,0,1.5073982053759232,1.3799019899488925,0,3.1980106653797971,0,-0.0081127940574589816,free_flight_controlled,sep_nmpc_adapted,formal_acados,1.3913462702146697,0,0.38015240007150919,-0.34105193516125343,-0.12663517155550921,0.16096053580383296,-0.60350456865488222,1.414213562697157e-10,-0.28848472798863939,-0.35519070652808044,-0.35519070652808044,false,false,5.7144830000000004,0,0,false,0,0.060900997374116049,0,129.83779439003683,129.83779439003683,0,-0.66372956051987542,0,0,-0.66372956051987542,0,0,0.062003936683910688,0.0026786344997232641,0.0018777782075423827,0.00072111937407759604,0.00056530542995197365,-0.052321200426945984,-0.0048798757771080729,-0.0053641710078390767,-0.0048722690768985763,-0.0051272517424386568,0,-0.79448016506142827
3.3450000000000002,approach_stop,40,40,0.20000000000000001,0.02,1.38375,0.75,0,0,3.2000000000000002,0,1.5143018794156791,1.3815633708897395,0,3.197969887096074,0,-0.0081987793235114726,free_flight_controlled,sep_nmpc_adapted,formal_acados,1.4007577711002657,0,0.38002173524110339,-0.33854410831541337,-0.12571889809253928,0.16096053580383296,-0.60350456865488222,1.414213562697157e-10,-0.28848472798863939,-0.35519070652808044,-0.35519070652808044,false,false,5.7144830000000004,0,0,false,0,0.060299993875763798,0,129.85149372195892,129.85149372195892,0,-0.64816245831850561,0,0,-0.64816245831850561,0,0,0.061740196045443702,0.0026543869584825575,0.0018509101241222735,0.00069717279616593811,0.00053998591822171241,-0.053169987709196592,-0.0048247613999668447,-0.0053770596647305666,-0.0047078399473693498,-0.005001269119325801,0,-0.79667417165975918
3.3500000000000001,approach_stop,40,40,0.20000000000000001,0.02,1.3875000000000002,0.75,0,0,3.2000000000000002,0,1.5212137972760211,1.3831994988647729,0,3.1979286886462148,0,-0.0082808646054370709,free_flight_controlled,sep_nmpc_adapted,formal_acados,1.4101994649492171,0,0.37989183909358087,-0.336014332326804,-0.12479453145662182,0.17757086067958977,-0.56242581599147357,1.4142135627228826e-10,-0.26961296793343992,-0.44644846729851295,-0.44644846729851295,false,false,5.7106849999999998,0,0,false,0,0.059694645017727581,0,129.79295921363669,129.79295921363669,0,-0.775368674102205,0,0,-0.775368674102205,0,0,0.061471966750095884,0.0026304803252193416,0.0018240311498443332,0.00067403319840704263,0.00051528380119068081,-0.054116159753350677,-0.0047444552742759325,-0.0053676669165457552,-0.0045500724080962725,-0.0048801295212107442,0,-0.79883307520039393
3.355,approach_stop,40,40,0.20000000000000001,0.02,1.3912499999999999,0.75,0,0,3.2000000000000002,0,1.5281338262010202,1.3848077410003463,0,3.1978870145048566,0,-0.0083890505257201084,free_flight_controlled,sep_nmpc_adapted,formal_acados,1.4196711060830924,0,0.37976274239122526,-0.33346272011792777,-0.12386225605296267,0.17757086067958977,-0.56242581599147357,1.4142135627228826e-10,-0.26961296793343992,-0.44644846729851295,-0.44644846729851295,false,false,5.7106849999999998,0,0,false,0,0.059083455981859663,0,129.80850303287548,129.80850303287548,0,-0.75547985381001892,0,0,-0.75547985381001892,0,0,0.061201711381245076,0.0026056620393367183,0.0017975942272097875,0.00065158197271570218,0.00049119095031889591,-0.053984301803732086,-0.0051795168857655611,-0.0052093403779578341,-0.0044286476150463844,-0.0047585660805312567,0,-0.8009554641570642
3.3599999999999999,approach_stop,40,40,0.20000000000000001,0.02,1.395,0.75,0,0,3.2000000000000002,0,1.5350618320902494,1.3863902280432681,0,3.197844811169706,0,-0.0084925433133964685,free_flight_controlled,sep_nmpc_adapted,formal_acados,1.4291724472249536,0,0.379634477684059,-0.33088938486529573,-0.12292225099091693,0.17757086067958977,-0.56242581599147357,1.4142135627228826e-10,-0.26961296793343992,-0.44644846729851295,-0.44644846729851295,false,false,5.7106849999999998,0,0,false,0,0.058464989054082699,0,129.82390815303825,129.82390815303825,0,-0.73612117857511539,0,0,-0.73612117857511539,0,0,0.060931726066940022,0.0025789196998122509,0.0017718618549460408,0.00062977521730176367,0.00046768051803940585,-0.054008417727683673,-0.0055134350703360526,-0.0050859525867513649,-0.0042928061844234424,-0.004646912195390351,0,-0.80303947161963285
3.3650000000000002,approach_stop,40,40,0.20000000000000001,0.02,1.3987500000000002,0.75,0,0,3.2000000000000002,0,1.5419976853277977,1.3879466300935261,0,3.197802101925646,0,-0.0085914158339155111,free_flight_controlled,sep_nmpc_adapted,formal_acados,1.4387032455764188,0,0.37950712731185593,-0.32829443975137884,-0.12197451774361702,0.17757086067958977,-0.56242581599147357,1.4142135627228826e-10,-0.26961296793343992,-0.44644846729851295,-0.44644846729851295,false,false,5.7106849999999998,0,0,false,0,0.05783969826689267,0,129.83916883632153,129.83916883632153,0,-0.71728004610291096,0,0,-0.71728004610291096,0,0,0.060661239028897231,0.0025507602589924044,0.0017466619107608145,0.00060867566226455823,0.00044470709432052808,-0.054185013687844147,-0.0057463313758560454,-0.0049959416978898582,-0.004146507993586031,-0.0045434561020777069,0,-0.80508491590199815
3.3700000000000001,approach_stop,40,40,0.20000000000000001,0.02,1.4025000000000001,0.75,0,0,3.2000000000000002,0,1.5489412547410646,1.3894766540971053,0,3.1977589096811707,0,-0.0086857456893154363,free_flight_controlled,sep_nmpc_adapted,formal_acados,1.4482632565458413,0,0.37938077376201912,-0.32567799819522325,-0.12101905916489379,0.17757086067958977,-0.56242581599147357,1.4142135627228826e-10,-0.26961296793343992,-0.44644846729851295,-0.44644846729851295,false,false,5.7106849999999998,0,0,false,0,0.057208023672768858,0,129.85427989816995,129.85427989816995,0,-0.69894384594045567,0,0,-0.69894384594045567,0,0,0.060389499431998284,0.0025216813471037381,0.0017218375114212922,0.00058832337547197239,0.00042223451117442983,-0.054509232730430839,-0.0058817311445008421,-0.0049348838126895972,-0.0039947753833597388,-0.0044462457945263975,0,-0.80709161507830995
3.375,approach_stop,40,40,0.20000000000000001,0.02,1.40625,0.75,0,0,3.2000000000000002,0,1.5558924077810612,1.390980042280886,0,3.1977152569458287,0,-0.0087756148215460041,free_flight_controlled,sep_nmpc_adapted,formal_acados,1.4578522337548767,0,0.37925549962810612,-0.32304017402618446,-0.12005587954016006,0.17757086067958977,-0.56242581599147357,1.4142135627228826e-10,-0.26961296793343992,-0.44644846729851295,-0.44644846729851295,false,false,5.7106849999999998,0,0,false,0,0.0565703915005819,0,129.86923668633767,129.86923668633767,0,-0.68109997983532966,0,0,-0.68109997983532966,0,0,0.060115783776820308,0.0024921555504833675,0.0016972596150793449,0.00056873170639645332,0.00040023655113216242,-0.054975028790081391,-0.0059260322503456187,-0.0048961864902144882,-0.0038431886847280711,-0.0043532850689805081,0,-0.8090593879243686
3.3799999999999999,approach_stop,40,40,0.20000000000000001,0.02,1.4099999999999999,0.75,0,0,3.2000000000000002,0,1.5628510106946978,1.3924565704932854,0,3.1976711658095174,0,-0.0088611091147357546,free_flight_controlled,sep_nmpc_adapted,formal_acados,1.4674699290456596,0,0.37913138759639953,-0.32038108164903811,-0.11908498463418767,0.17757086067958977,-0.56242581599147357,1.4142135627228826e-10,-0.26961296793343992,-0.44644846729851295,-0.44644846729851295,false,false,5.7106849999999998,0,0,false,0,0.055927214323304081,0,129.88403505930242,129.88403505930242,0,-0.66373588290262131,0,0,-0.66373588290262131,0,0,0.059839401360782252,0.0024626174997650647,0.0016728360434957793,0.0005498857521273687,0.000378696702607999,-0.055575363263291183,-0.0058879186715634487,-0.0048718189473812533,-0.0036973877409839373,-0.0042627165247438141,0,-0.81098805503908122
3.3850000000000002,approach_stop,40,40,0.20000000000000001,0.02,1.4137500000000003,0.75,0,0,3.2000000000000002,0,1.5698169286886201,1.3939060464895066,0,3.1976266579237635,0,-0.0089423179974226236,free_flight_controlled,sep_nmpc_adapted,formal_acados,1.4771160924883211,0,0.37900852045683808,-0.31770083620029899,-0.11810638173526913,0.17757086067958977,-0.56242581599147357,1.4142135627228826e-10,-0.26961296793343992,-0.44644846729851295,-0.44644846729851295,false,false,5.7106849999999998,0,0,false,0,0.055278891239058263,0,129.89867136408211,129.89867136408211,0,-0.64683904492960997,0,0,-0.64683904492960997,0,0,0.059559698723972425,0.0024334539522613721,0.0016485168608666081,0.00053174323128006822,0.00035760705824760012,-0.056302412749143375,-0.005777754925381854,-0.0048530319084760182,-0.0035626122052900325,-0.0041729796080192732,0,-0.8128774400593749
3.3900000000000001,approach_stop,40,40,0.20000000000000001,0.02,1.4175,0.75,0,0,3.2000000000000002,0,1.5767900260844072,1.3953283081968479,0,3.1975817544849865,0,-0.0090193340469757917,free_flight_controlled,sep_nmpc_adapted,formal_acados,1.486790472388404,0,0.37888698113246388,-0.31499955369600319,-0.11712007969556251,0.17757086067958977,-0.56242581599147357,1.4142135627228826e-10,-0.26961296793343992,-0.44644846729851295,-0.44644846729851295,false,false,5.7106849999999998,0,0,false,0,0.054625808065237501,0,129.91314241359655,129.91314241359655,0,-0.63039703121144497,0,0,-0.63039703121144497,0,0,0.059276063049920363,0.0024049968829014247,0.0016242962643626411,0.00051423750274722261,0.0003369665050206308,-0.057147777748326814,-0.0056069930725167012,-0.0048310270588600625,-0.003443307158344725,-0.0040829346072289467,0,-0.81472737089133307
3.395,approach_stop,40,40,0.20000000000000001,0.02,1.4212500000000001,0.75,0,0,3.2000000000000002,0,1.5837701664651118,1.3967232219910357,0,3.1975364762197303,0,-0.0090922525992478444,free_flight_controlled,sep_nmpc_adapted,formal_acados,1.4964928152937724,0,0.37876685272066707,-0.31227735117133937,-0.11612608896746392,0.17757086067958977,-0.56242581599147357,1.4142135627228826e-10,-0.26961296793343992,-0.44644846729851295,-0.44644846729851295,false,false,5.7106849999999998,0,0,false,0,0.053968337545034932,0,129.92744546375869,129.92744546375869,0,-0.61439750241802493,0,0,-0.61439750241802493,0,0,0.058987924538897382,0.002377519452682603,0.0016002113213150449,0.00049728235096711067,0.00031677839263713362,-0.058102683646757129,-0.0053876186051466241,-0.0047975443857171578,-0.0033428135142239048,-0.0039919465887371325,0,-0.81653768089348511
3.3999999999999999,approach_stop,40,40,0.20000000000000001,0.02,1.4249999999999998,0.75,0,0,3.2000000000000002,0,1.5907572128132659,1.3980906810093636,0,3.1974908433718268,0,-0.0091611713668037168,free_flight_controlled,sep_nmpc_adapted,formal_acados,1.5062228660006811,0,0.37864821853911274,-0.30953434681258474,-0.11512442163592988,0.19340219641383882,-0.57197299618992481,1.4142135627101779e-10,-0.28014300043147017,-0.54397745534143249,-0.54397745534143249,false,false,5.7438880000000001,0,0,false,0,0.05330683956541301,0,129.87277652754054,129.87277652754054,0,-0.75071106382688491,0,0,-0.75071106382688491,0,0,0.058694757810401663,0.0023512346068764057,0.0015763380242100034,0.00048077808050380768,0.00029704788908468819,-0.059158167052478033,-0.0051316555259177023,-0.004745344690155826,-0.0032631552863335994,-0.0038999263877430163,0,-0.8183082099627681
3.4050000000000002,approach_stop,40,40,0.20000000000000001,0.02,1.4287500000000002,0.75,0,0,3.2000000000000002,0,1.5977510217771418,1.3994282149093784,0,3.1974448038494701,0,-0.0092549161960910203,free_flight_controlled,sep_nmpc_adapted,formal_acados,1.5159803623522308,0,0.37853111735386152,-0.306770659424911,-0.11411527500104496,0.19340219641383882,-0.57197299618992481,1.4142135627101779e-10,-0.28014300043147017,-0.54397745534143249,-0.54397745534143249,false,false,5.7438880000000001,0,0,false,0,0.052639702227924516,0,129.88895539498725,129.88895539498725,0,-0.73007272266664058,0,0,-0.73007272266664058,0,0,0.058399210555635045,0.0023248451017903494,0.0015531355302018451,0.00046453652764107719,0.00027779400781313218,-0.059058675590938241,-0.0054196163910100051,-0.0045388266098406746,-0.0032331661099153702,-0.0038025981088467276,0,-0.82003785046580491
3.4100000000000001,approach_stop,40,40,0.20000000000000001,0.02,1.4325000000000001,0.75,0,0,3.2000000000000002,0,1.6047514487377776,1.400737825265131,0,3.1973983076324002,0,-0.0093438506389863871,free_flight_controlled,sep_nmpc_adapted,formal_acados,1.5257650406295347,0,0.37841558965458,-0.30398640810824296,-0.11309884068716979,0.19340219641383882,-0.57197299618992481,1.4142135627101779e-10,-0.28014300043147017,-0.54397745534143249,-0.54397745534143249,false,false,5.7438880000000001,0,0,false,0,0.051965374823259143,0,129.90497890902137,129.90497890902137,0,-0.70998519014620631,0,0,-0.70998519014620631,0,0,0.058103763154324903,0.0022972892523412214,0.0015308628468565038,0.0004484630404911821,0.00025900891030079581,-0.059118172401636318,-0.0055981892104328777,-0.0043734476814133423,-0.003196005114212753,-0.0037123884008934626,0,-0.82172421633866888
3.415,approach_stop,40,40,0.20000000000000001,0.02,1.43625,0.75,0,0,3.2000000000000002,0,1.6117583532676074,1.4020191945123399,0,3.1973513785727548,0,-0.0094280551395530959,free_flight_controlled,sep_nmpc_adapted,formal_acados,1.53557664074088,0,0.37830172229189885,-0.30118171252672743,-0.11207512114758256,0.19340219641383882,-0.57197299618992481,1.4142135627101779e-10,-0.28014300043147017,-0.54397745534143249,-0.54397745534143249,false,false,5.7438880000000001,0,0,false,0,0.051284324819760523,0,129.92084112603737,129.92084112603737,0,-0.69043519305892098,0,0,-0.69043519305892098,0,0,0.057807634198220111,0.0022691053824381957,0.0015093181937047054,0.00043259075241417291,0.00024065776779586589,-0.05933098526969191,-0.0056714487730455641,-0.0042470883160513322,-0.0031529914785203036,-0.0036289328722716205,0,-0.82336716458038217
3.4199999999999999,approach_stop,40,40,0.20000000000000001,0.02,1.4399999999999999,0.75,0,0,3.2000000000000002,0,1.6187715934452518,1.4032720423594454,0,3.1973040401087371,0,-0.009507614728296197,free_flight_controlled,sep_nmpc_adapted,formal_acados,1.5454149008455274,0,0.37818960217030784,-0.29835669259972442,-0.11104412026965528,0.19340219641383882,-0.57197299618992481,1.4142135627101779e-10,-0.28014300043147017,-0.54397745534143249,-0.54397745534143249,false,false,5.7438880000000001,0,0,false,0,0.050597005092331546,0,129.93653668408632,129.93653668408632,0,-0.67140947276083873,0,0,-0.67140947276083873,0,0,0.057510074077450839,0.0022408026504888686,0.0014883180641534462,0.00041694315309833183,0.00022270832122592898,-0.059690102743701005,-0.0056468835345547625,-0.0041546793579049874,-0.0031065871757371311,-0.0035515944667301098,0,-0.82496655356770876
3.4250000000000003,approach_stop,40,40,0.20000000000000001,0.02,1.4437500000000001,0.75,0,0,3.2000000000000002,0,1.6257910260372024,1.4044961239268043,0,3.1972563152429054,0,-0.0095826185958548925,free_flight_controlled,sep_nmpc_adapted,formal_acados,1.5552795573558991,0,0.37807931619168161,-0.29551146868130329,-0.11000584342502022,0.19340219641383882,-0.57197299618992481,1.4142135627101779e-10,-0.28014300043147017,-0.54397745534143249,-0.54397745534143249,false,false,5.7438880000000001,0,0,false,0,0.049903854103259378,0,129.95206077938096,129.95206077938096,0,-0.65289480949632839,0,0,-0.65289480949632839,0,0,0.057210371118860424,0.0022128455862488313,0.001467710105529349,0.00040152953695638482,0.00020513184895181743,-0.060187401431561406,-0.0055347426368280335,-0.0040889586449573447,-0.0030599297050420888,-0.0034796210970984296,0,-0.82652224439339739
3.4300000000000002,approach_stop,40,40,0.20000000000000001,0.02,1.4475000000000002,0.75,0,0,3.2000000000000002,0,1.6328165066700724,1.4056912278150167,0,3.1972082265224393,0,-0.0096531596645668787,free_flight_controlled,sep_nmpc_adapted,formal_acados,1.5651703449401668,0,0.37797095121927821,-0.29264616172990554,-0.10896029751555555,0.19340219641383882,-0.57197299618992481,1.4142135627101779e-10,-0.28014300043147017,-0.54397745534143249,-0.54397745534143249,false,false,5.7438880000000001,0,0,false,0,0.049205296096582453,0,129.96740914206225,129.96740914206225,0,-0.63487804695986827,0,0,-0.63487804695986827,0,0,0.056907856537238885,0.0021856420208984039,0.0014473821196712021,0.00038634279202352806,0.00018790336619849599,-0.060813891329731189,-0.0053473385023995127,-0.0040412574152168014,-0.0030163691229605134,-0.0034122932301206043,0,-0.82803410236161845
3.4350000000000001,approach_stop,40,40,0.20000000000000001,0.02,1.4512499999999999,0.75,0,0,3.2000000000000002,0,1.6398478899931026,1.4068571741466231,0,3.1971597960215488,0,-0.0097193341600547243,free_flight_controlled,sep_nmpc_adapted,formal_acados,1.575086996525108,0,0.37786459405937256,-0.28976089346799461,-0.10790749101477978,0.19340219641383882,-0.57197299618992481,1.4142135627101779e-10,-0.28014300043147017,-0.54397745534143249,-0.54397745534143249,false,false,5.7438880000000001,0,0,false,0,0.048501741307695946,0,129.98257801133499,129.98257801133499,0,-0.61734611635787429,0,0,-0.61734611635787429,0,0,0.056601908141529232,0.0021595345323738597,0.0014272671615696887,0.0003713594231787861,0.00017100113592543735,-0.061559966501744709,-0.0050983442994758073,-0.0040022670261811184,-0.0029790422486589731,-0.0033490500581093395,0,-0.82950199854278328
3.4399999999999999,approach_stop,40,40,0.20000000000000001,0.02,1.4550000000000001,0.75,0,0,3.2000000000000002,0,1.6468850298308961,1.4079938126207829,0,3.1971110453260208,0,-0.0097812411865801797,free_flight_controlled,sep_nmpc_adapted,formal_acados,1.585029243298949,0,0.37776033145566879,-0.2868557865319471,-0.10684743400457489,0.19340219641383882,-0.57197299618992481,1.4142135627101779e-10,-0.28014300043147017,-0.54397745534143249,-0.54397745534143249,false,false,5.7438880000000001,0,0,false,0,0.047793586187434976,0,129.99756411019757,129.99756411019757,0,-0.60028605932019363,0,0,-0.60028605932019363,0,0,0.056291952797937292,0.0021347953438546228,0.0014073449423275609,0.00035654155510901153,0.00015440562074893249,-0.062415649917684994,-0.0048021204089695726,-0.0039627442907375458,-0.0029505103471105555,-0.003289585740007052,0,-0.8309258113015201
3.4450000000000003,approach_stop,40,40,0.20000000000000001,0.02,1.4587500000000002,0.75,0,0,3.2000000000000002,0,1.6539277793265283,1.4091010206147834,0,3.1970619955198618,0,-0.0098389823108606875,free_flight_controlled,sep_nmpc_adapted,formal_acados,1.5949968147139597,0,0.37765825009091614,-0.28393096461256861,-0.1057801382072297,0.19340219641383882,-0.57197299618992481,1.4142135627101779e-10,-0.28014300043147017,-0.54397745534143249,-0.54397745534143249,false,false,5.7438880000000001,0,0,false,0,0.04708121363946368,0,130.0123646200374,130.0123646200374,0,-0.58368504914120256,0,0,-0.58368504914120256,0,0,0.055977467703313952,0.0021116244579279147,0.0013876399287026926,0.00034184054713888405,0.00013809804046377439,-0.063370823113705177,-0.0044730977752761442,-0.0039141228908508973,-0.002932479217886285,-0.0032339102752226823,0,-0.83230542772707561
3.4500000000000002,approach_stop,40,40,0.20000000000000001,0.02,1.4625000000000001,0.75,0,0,3.2000000000000002,0,1.660975991075341,1.4101787013598517,0,3.1970126671740009,0,-0.0098926611592539942,free_flight_controlled,sep_nmpc_adapted,formal_acados,1.6049894384886294,0,0.37755843658990085,-0.28098655258671157,-0.10470561701286933,0.20837609246121103,-0.57604848242455808,1.41421356270217e-10,-0.28649111856087067,-0.64313354421738611,-0.64313354421738611,false,false,5.721546,0,0,false,0,0.046364993269489174,0,129.9661297643334,129.9661297643334,0,-0.72165941886281093,0,0,-0.72165941886281093,0,0,0.055657980563814963,0.0020901506864926295,0.0013682166698704105,0.00032720177649327018,0.00012205871912156369,-0.06441543337976173,-0.0041252391848547723,-0.0038490081045075442,-0.0029256129849265103,-0.0031823726681256951,0,-0.83364074491234164
3.4550000000000001,approach_stop,40,40,0.20000000000000001,0.02,1.4662500000000001,0.75,0,0,3.2000000000000002,0,1.6680295120258624,1.4112246485576712,0,3.196963016250157,0,-0.0099680066669266161,free_flight_controlled,sep_nmpc_adapted,formal_acados,1.615006836595396,0,0.37746093935811165,-0.27802267543046633,-0.10362407138493505,0.20837609246121103,-0.57604848242455808,1.41421356270217e-10,-0.28649111856087067,-0.64313354421738611,-0.64313354421738611,false,false,5.721546,0,0,false,0,0.045643293972731487,0,129.98271450164916,129.98271450164916,0,-0.70037305712863884,0,0,-0.70037305712863884,0,0,0.055336241581299614,0.0020689638684261566,0.0013495280922421243,0.00031248739677065156,0.00010628036202682713,-0.064275317666777951,-0.004348464080212968,-0.0036300149728635002,-0.0029579488994325408,-0.0031308585504169284,0,-0.83493106667173012
3.46,approach_stop,40,40,0.20000000000000001,0.02,1.47,0.75,0,0,3.2000000000000002,0,1.6750881878656434,1.4122406031107531,0,3.1969130006992157,0,-0.010038513482218722,free_flight_controlled,sep_nmpc_adapted,formal_acados,1.6250487294275198,0,0.37736580809434922,-0.27503945843812361,-0.10253569653657178,0.20837609246121103,-0.57604848242455808,1.41421356270217e-10,-0.28649111856087067,-0.64313354421738611,-0.64313354421738611,false,false,5.721546,0,0,false,0,0.04491454649824194,0,129.99912849360527,129.99912849360527,0,-0.67965490981497756,0,0,-0.67965490981497756,0,0,0.055014834032911498,0.0020468879272746536,0.0013318234238351922,0.0002976588761556133,9.0727979713419021e-05,-0.064282773461639242,-0.0044809479799942896,-0.0034555196404845562,-0.0029712514059532799,-0.0030919355071799353,0,-0.83617360487690695
3.4649999999999999,approach_stop,40,40,0.20000000000000001,0.02,1.4737499999999999,0.75,0,0,3.2000000000000002,0,1.682151867827915,1.4132262498343997,0,3.1968626444989119,0,-0.01010426837394454,free_flight_controlled,sep_nmpc_adapted,formal_acados,1.635114839802013,0,0.37727313175093696,-0.27203702802590202,-0.10144049610119367,0.20837609246121103,-0.57604848242455808,1.41421356270217e-10,-0.28649111856087067,-0.64313354421738611,-0.64313354421738611,false,false,5.721546,0,0,false,0,0.044179228949199553,0,130.01536563282792,130.01536563282792,0,-0.65949134198653447,0,0,-0.65949134198653447,0,0,0.054693034255757882,0.0020243671892139952,0.0013148833912894297,0.00028280974414872536,7.5339921515294063e-05,-0.064431903109280375,-0.0045269978224809762,-0.00332368706899325,-0.0029664668741504708,-0.0030649837821718571,0,-0.83736829285741787
3.4700000000000002,approach_stop,40,40,0.20000000000000001,0.02,1.4775,0.75,0,0,3.2000000000000002,0,1.6892203996619504,1.4141813100018634,0,3.1968119711820879,0,-0.010165362424531385,free_flight_controlled,sep_nmpc_adapted,formal_acados,1.645204888800017,0,0.37718299888539553,-0.26901551086193332,-0.10033847515473977,0.20837609246121103,-0.57604848242455808,1.41421356270217e-10,-0.28649111856087067,-0.64313354421738611,-0.64313354421738611,false,false,5.721546,0,0,false,0,0.04343780447681405,0,130.03142041180985,130.03142041180985,0,-0.63986876398662473,0,0,-0.63986876398662473,0,0,0.054370150924571981,0.0020018167321959918,0.0012985055128151601,0.00026802482073347403,6.005895910997145e-05,-0.064715703312377304,-0.0044939069440120194,-0.0032297540973102164,-0.0029460547456642678,-0.00304888303545075,0,-0.83851506859805414
3.4750000000000001,approach_stop,40,40,0.20000000000000001,0.02,1.4812500000000002,0.75,0,0,3.2000000000000002,0,1.6962936298107436,1.4151055395161516,0,3.1967610038163845,0,-0.010221890595807651,free_flight_controlled,sep_nmpc_adapted,formal_acados,1.6553185957699257,0,0.37709549756686506,-0.2659750340408179,-0.099229640261004365,0.20837609246121103,-0.57604848242455808,1.41421356270217e-10,-0.28649111856087067,-0.64313354421738611,-0.64313354421738611,false,false,5.721546,0,0,false,0,0.042690721486229759,0,130.04728789784335,130.04728789784335,0,-0.62077365379477101,0,0,-0.62077365379477101,0,0,0.054045530050363604,0.0019796089921648857,0.0012825169072068667,0.00025337384640859787,4.4834352077265811e-05,-0.065126280356769567,-0.0043913303676274915,-0.0031667714596669101,-0.0029135054899250387,-0.0030421877858963502,0,-0.83961387604537541
3.48,approach_stop,40,40,0.20000000000000001,0.02,1.4849999999999999,0.75,0,0,3.2000000000000002,0,1.70337140357948,1.4159987270348922,0,3.1967097649859184,0,-0.010273951297911355,free_flight_controlled,sep_nmpc_adapted,formal_acados,1.6654556783314818,0,0.37701071530896441,-0.26291572524799822,-0.098113999513085345,0.20837609246121103,-0.57604848242455808,1.41421356270217e-10,-0.28649111856087067,-0.64313354421738611,-0.64313354421738611,false,false,5.721546,0,0,false,0,0.041938413854141328,0,130.06296370748663,130.06296370748663,0,-0.60219257929797099,0,0,-0.60219257929797099,0,0,0.053718558863109354,0.0019580636001229326,0.0012667832966061084,0.00023890754945636282,2.9623040344984885e-05,-0.065655079156092866,-0.0042306238503795161,-0.0031263755517904387,-0.0028728538547124491,-0.0030432989686183525,0,-0.84066466653790373
3.4849999999999999,approach_stop,40,40,0.20000000000000001,0.02,1.48875,0.75,0,0,3.2000000000000002,0,1.7104535652946018,1.4168606920894342,0,3.1966582767751035,0,-0.010321645963702162,free_flight_controlled,sep_nmpc_adapted,formal_acados,1.6756158523807083,0,0.37692873902741048,-0.25983771291389346,-0.096991562570641579,0.20837609246121103,-0.57604848242455808,1.41421356270217e-10,-0.28649111856087067,-0.64313354421738611,-0.64313354421738611,false,false,5.721546,0,0,false,0,0.041181301159657173,0,130.07844398068798,130.07844398068798,0,-0.58411221980552908,0,0,-0.58411221980552908,0,0,0.053388668540066152,0.0019374405346790635,0.0012512141795941254,0.00022465608705387572,1.4390014605666714e-05,-0.066293114064348166,-0.0040241845591840368,-0.0030995409631222196,-0.0028282212173242525,-0.003050619363351768,0,-0.84166740026258302
3.4900000000000002,approach_stop,40,40,0.20000000000000001,0.02,1.4925000000000002,0.75,0,0,3.2000000000000002,0,1.7175399584535309,1.4176912832344895,0,3.1966065607545797,0,-0.010365078632283061,free_flight_controlled,sep_nmpc_adapted,formal_acados,1.6857988320953861,0,0.37684965501846091,-0.25674112635814483,-0.095862340692955711,0.20837609246121103,-0.57604848242455808,1.41421356270217e-10,-0.28649111856087067,-0.64313354421738611,-0.64313354421738611,false,false,5.721546,0,0,false,0,0.04041978892751262,0,130.09372535478721,130.09372535478721,0,-0.56651938622420306,0,0,-0.56651938622420306,0,0,0.053055335797859864,0.0019179364979181514,0.0012357643773996776,0.00021062964325902454,-8.9202963874842035e-07,-0.067031190948941416,-0.0037848260072535604,-0.0030772725550163422,-0.0027834144727162729,-0.0030626833723291494,0,-0.84262204765250781
3.4950000000000001,approach_stop,40,40,0.20000000000000001,0.02,1.4962500000000001,0.75,0,0,3.2000000000000002,0,1.7246304258652803,1.4184903762587375,0,3.196554637969192,0,-0.010404355545834092,free_flight_controlled,sep_nmpc_adapted,formal_acados,1.6960043299408165,0,0.37677354895321052,-0.25362609592446372,-0.094726346767872407,0.20837609246121103,-0.57604848242455808,1.41421356270217e-10,-0.28649111856087067,-0.64313354421738611,-0.64313354421738611,false,false,5.721546,0,0,false,0,0.03965426888237529,0,130.10880493865025,130.10880493865025,0,-0.54940103944065055,0,0,-0.54940103944065055,0,0,0.052718083414454435,0.0018996842746464326,0.0012204323398098251,0.00019682084752196263,-1.624360855019204e-05,-0.067860111892873637,-0.0035252135997673796,-0.0030512049434778792,-0.0027416016803291023,-0.0030782546159333697,0,-0.84352859065725516
3.5,approach_stop,40,40,0.20000000000000001,0.02,1.5,0.75,0,0,3.2000000000000002,0,1.7317248097823232,1.4192578724803604,0,3.1965025289279447,0,-0.010439584763869286,free_flight_controlled,sep_nmpc_adapted,formal_acados,1.7062320566756866,0,0.37670050588233583,-0.25049275310663666,-0.093583595336722183,0.22244043352294296,-0.57954822483442958,1.4142135626960856e-10,-0.29156846922031887,-0.7438474785594682,-0.7438474785594682,false,false,5.7332770000000002,0,0,false,0,0.03888511921272262,0,130.07184189415636,130.07184189415636,0,-0.68898270877113288,0,0,-0.68898270877113288,0,0,0.052376479785162744,0.0018827547202771838,0.0012052557339649972,0.00018320859503586303,-3.16797660515323e-05,-0.068770855953849824,-0.0032573803048089964,-0.0030140869366238228,-0.0027050771754591235,-0.0030963878528259378,0,-0.84438702383480102
3.5049999999999999,approach_stop,40,40,0.20000000000000001,0.02,1.5037499999999999,0.75,0,0,3.2000000000000002,0,1.7388229474002428,1.4199918025889773,0,3.196450198308419,0,-0.01049297944394402,free_flight_controlled,sep_nmpc_adapted,formal_acados,1.716481718493716,0,0.37663057960727264,-0.24734122890652679,-0.092434290657854301,0.22244043352294296,-0.57954822483442958,1.4142135626960856e-10,-0.29156846922031887,-0.7438474785594682,-0.7438474785594682,false,false,5.7332770000000002,0,0,false,0,0.038110690429209788,0,130.08859650862053,130.08859650862053,0,-0.6671366621740582,0,0,-0.6671366621740582,0,0,0.05203335203915193,0.0018656708315315403,0.0011906645095498658,0.00016967932693815689,-4.7196460224028415e-05,-0.068473791274478057,-0.00357658590827504,-0.0028269627717537652,-0.0027038738347090348,-0.0031116025094895159,0,-0.84519709623540251
3.5100000000000002,approach_stop,40,40,0.20000000000000001,0.02,1.5075000000000003,0.75,0,0,3.2000000000000002,0,1.7459246746038539,1.4206936516979412,0,3.1963976126762597,0,-0.010541591384509578,free_flight_controlled,sep_nmpc_adapted,formal_acados,1.7267530200136663,0,0.37656382462424554,-0.24417165459018766,-0.091278631131656268,0.22244043352294296,-0.57954822483442958,1.4142135626960856e-10,-0.29156846922031887,-0.7438474785594682,-0.7438474785594682,false,false,5.7332770000000002,0,0,false,0,0.037329395648375396,0,130.10516646387214,130.10516646387214,0,-0.64587562892877637,0,0,-0.64587562892877637,0,0,0.051691351842313181,0.0018472039381754205,0.0011768817305066444,0.00015621107445691452,-6.2811186721923682e-05,-0.068319982947522159,-0.003810256354075954,-0.0026907919778877778,-0.0026809602191572631,-0.0031353436262307817,0,-0.84595567344753619
3.5150000000000001,approach_stop,40,40,0.20000000000000001,0.02,1.51125,0.75,0,0,3.2000000000000002,0,1.7530298301683858,1.4213630981960732,0,3.1963447957153432,0,-0.010585512958065028,free_flight_controlled,sep_nmpc_adapted,formal_acados,1.7370456671460868,0,0.3765003266112199,-0.240984163022299,-0.09011662130989094,0.22244043352294296,-0.57954822483442958,1.4142135626960856e-10,-0.29156846922031887,-0.7438474785594682,-0.7438474785594682,false,false,5.7332770000000002,0,0,false,0,0.036541722813306622,0,130.12154552987161,130.12154552987161,0,-0.62518578892198384,0,0,-0.62518578892198384,0,0,0.05134977396958585,0.0018277778731047101,0.0011636559041063518,0.00014290609933679253,-7.8562177799039324e-05,-0.068304786448304844,-0.0039605009576457644,-0.0026036895278859777,-0.0026391482781269711,-0.0031657658753397209,0,-0.84666280146424944
3.52,approach_stop,40,40,0.20000000000000001,0.02,1.5150000000000001,0.75,0,0,3.2000000000000002,0,1.7601382513540842,1.4219998573912398,0,3.1962917706371101,0,-0.01062484065629786,free_flight_controlled,sep_nmpc_adapted,formal_acados,1.7473593641154841,0,0.37644017039183258,-0.23777888723860011,-0.088948267164205688,0.22244043352294296,-0.57954822483442958,1.4142135626960856e-10,-0.29156846922031887,-0.7438474785594682,-0.7438474785594682,false,false,5.7332770000000002,0,0,false,0,0.035748144681151235,0,130.13772809584199,130.13772809584199,0,-0.60505336910424345,0,0,-0.60505336910424345,0,0,0.051007939313924638,0.001807797925634068,0.001150752969625827,0.00012984860447018678,-9.447733612708188e-05,-0.068422429392301837,-0.0040325354963432342,-0.0025606878461877855,-0.0025827616513622331,-0.0032006179713823615,0,-0.84731853218536535
3.5249999999999999,approach_stop,40,40,0.20000000000000001,0.02,1.5187499999999998,0.75,0,0,3.2000000000000002,0,1.7672497740864863,1.4226036797986863,0,3.1962385601612295,0,-0.010659674661913121,free_flight_controlled,sep_nmpc_adapted,formal_acados,1.7576938134692845,0,0.37638343988445683,-0.23455596061720177,-0.087773576132671255,0.22244043352294296,-0.57954822483442958,1.4142135626960856e-10,-0.29156846922031887,-0.7438474785594682,-0.7438474785594682,false,false,5.7332770000000002,0,0,false,0,0.034949119031970399,0,130.15370914462576,130.15370914462576,0,-0.58546466370255201,0,0,-0.58546466370255201,0,0,0.050665200050739052,0.0017876367534141945,0.0011379698485466533,0.00011709851882705312,-0.00011057273536523584,-0.068666205357713866,-0.0040340938538707309,-0.00255449204056755,-0.0025170947710083094,-0.0032374547347283236,0,-0.84792292450603324
3.5300000000000002,approach_stop,40,40,0.20000000000000001,0.02,1.5225000000000002,0.75,0,0,3.2000000000000002,0,1.7743642331280478,1.423174349370981,0,3.1961851864981989,0,-0.010690118426172731,free_flight_controlled,sep_nmpc_adapted,formal_acados,1.7680487160873177,0,0.37633021808412792,-0.23131551704073008,-0.086592557162978631,0.22244043352294296,-0.57954822483442958,1.4142135626960856e-10,-0.29156846922031887,-0.7438474785594682,-0.7438474785594682,false,false,5.7332770000000002,0,0,false,0,0.034145088887813188,0,130.16948422671834,130.16948422671834,0,-0.56640605462661098,0,0,-0.56640605462661098,0,0,0.050320943786068863,0.0017676233618408813,0.0011251441111256204,0.00010468800694551908,-0.00012685216728751573,-0.069028684474671267,-0.0039747960877766211,-0.002576269155743844,-0.0024478703944671837,-0.003273841213020095,0,-0.84847604553484646
3.5350000000000001,approach_stop,40,40,0.20000000000000001,0.02,1.5262500000000001,0.75,0,0,3.2000000000000002,0,1.7814814622408568,1.4237116817095794,0,3.1961316713340384,0,-0.010716278253607051,free_flight_controlled,sep_nmpc_adapted,formal_acados,1.7784237711915538,0,0.37628058707443207,-0.22805769104930299,-0.085405220751918587,0.22244043352294296,-0.57954822483442958,1.4142135626960856e-10,-0.29156846922031887,-0.7438474785594682,-0.7438474785594682,false,false,5.7332770000000002,0,0,false,0,0.03333648274379148,0,130.18504943405267,130.18504943405267,0,-0.54786403140662454,0,0,-0.54786403140662454,0,0,0.04997459663510611,0.0017480352716453072,0.0011121597182748857,9.2620618741919074e-05,-0.00014330766136407482,-0.069501928811974173,-0.0038655110623991859,-0.0026164209836403089,-0.0023807313966273964,-0.0033075355555255985,0,-0.8489779718432533
3.54,approach_stop,40,40,0.20000000000000001,0.02,1.53,0.75,0,0,3.2000000000000002,0,1.7886012943404366,1.4242155222935373,0,3.1960780358170386,0,-0.010738262896594382,free_flight_controlled,sep_nmpc_adapted,formal_acados,1.788818676355743,0,0.37623462806391472,-0.22478261798469359,-0.084211578981075633,0.22244043352294296,-0.57954822483442958,1.4142135626960856e-10,-0.29156846922031887,-0.7438474785594682,-0.7438474785594682,false,false,5.7332770000000002,0,0,false,0,0.032523714810478173,0,130.20040137371515,130.20040137371515,0,-0.52982521008035088,0,0,-0.52982521008035088,0,0,0.049625625234006737,0.001729093816884165,0.0010989490311306418,8.0872832439280939e-05,-0.00015992084333339913,-0.070077702067642356,-0.0037177466686371119,-0.0026652978123831773,-0.002320795977076438,-0.0033366402704776018,0,-0.84942879066079247
3.5449999999999999,approach_stop,40,40,0.20000000000000001,0.02,1.5337499999999999,0.75,0,0,3.2000000000000002,0,1.7957235616407985,1.4246857447553611,0,3.1960243005465054,0,-0.010756183163170637,free_flight_controlled,sep_nmpc_adapted,formal_acados,1.7992331275146678,0,0.3761924214405617,-0.2214904341261307,-0.083011645548717497,0.22244043352294296,-0.57954822483442958,1.4142135626960856e-10,-0.29156846922031887,-0.7438474785594682,-0.7438474785594682,false,false,5.7332770000000002,0,0,false,0,0.031707185266587314,0,130.21553714180399,130.21553714180399,0,-0.51227635057167564,0,0,-0.51227635057167564,0,0,0.049273537735967203,0.0017109623656193791,0.0010854914711177332,6.9397616323517869e-05,-0.00017666495544859509,-0.070747664888866954,-0.0035430944421325408,-0.0027138197298371921,-0.0022722978603829406,-0.0033597147225948184,0,-0.84982860094746693
3.5500000000000003,approach_stop,40,40,0.20000000000000001,0.02,1.5375000000000001,0.75,0,0,3.2000000000000002,0,1.8028480957910409,1.425122249227835,0,3.1959704855634223,0,-0.01077015154146079,free_flight_controlled,sep_nmpc_adapted,formal_acados,1.8096668189728013,0,0.37615404683718778,-0.21818127681823954,-0.081805435797913661,0.23556319077617044,-0.57920524871471657,1.4142135626941874e-10,-0.29316676573500472,-0.84540249851634053,-0.84540249851634053,false,false,5.7276429999999996,0,0,false,0,0.030887280520625983,0,130.18893021979963,130.18893021979963,0,-0.65241573268912556,0,0,-0.65241573268912556,0,0,0.048917883880932975,0.0016937471383604791,0.0010718093556297086,5.8129546906131092e-05,-0.0001935073336076843,-0.07150354915912209,-0.0033527485981617484,-0.0027539819937851678,-0.0022383251519878852,-0.0033758450164684396,0,-0.85017751429269306
3.5550000000000002,approach_stop,40,40,0.20000000000000001,0.02,1.5412500000000002,0.75,0,0,3.2000000000000002,0,1.8099747239324402,1.4255232864959617,0,3.1959165651638028,0,-0.010798342291321634,free_flight_controlled,sep_nmpc_adapted,formal_acados,1.820119441623081,0,0.3761195611119113,-0.21485528230935916,-0.080593155583576256,0.23556319077617044,-0.57920524871471657,1.4142135626941874e-10,-0.29316676573500472,-0.84540249851634053,-0.84540249851634053,false,false,5.7276429999999996,0,0,false,0,0.030062346971175151,0,130.20560228099777,130.20560228099777,0,-0.6301385962991024,0,0,-0.6301385962991024,0,0,0.048561486833547572,0.0016760022044178778,0.0010583229056636311,4.6907416310435706e-05,-0.00021039692197128852,-0.071049120251269915,-0.0037444584198173922,-0.0026453949074274077,-0.0022494233805296199,-0.0033798023482525144,0,-0.8504757159485562
3.5600000000000001,approach_stop,40,40,0.20000000000000001,0.02,1.5449999999999999,0.75,0,0,3.2000000000000002,0,1.8171032718626585,1.425890109509544,0,3.1958625153885829,0,-0.010821903647455371,free_flight_controlled,sep_nmpc_adapted,formal_acados,1.8305906848289804,0,0.37608902172125142,-0.21151258703367817,-0.079375004867364068,0.23556319077617044,-0.57920524871471657,1.4142135626941874e-10,-0.29316676573500472,-0.84540249851634053,-0.84540249851634053,false,false,5.7276429999999996,0,0,false,0,0.029230793790755084,0,130.22207768974218,130.22207768974218,0,-0.60846209631273207,0,0,-0.60846209631273207,0,0,0.048206990168761336,0.0016565340940992634,0.0010452480587956131,3.566030949296421e-05,-0.00022730623774384402,-0.070743650305913591,-0.0040416249654572304,-0.0025893047316279975,-0.0022486156980250738,-0.0033835795534865459,0,-0.85071980339213693
3.5649999999999999,approach_stop,40,40,0.20000000000000001,0.02,1.5487500000000001,0.75,0,0,3.2000000000000002,0,1.8242335676894099,1.4262223963585812,0,3.1958083591397939,0,-0.010840933993516216,free_flight_controlled,sep_nmpc_adapted,formal_acados,1.8410802382261722,0,0.37606250872333724,-0.20815332946323775,-0.078150988928801679,0.23556319077617044,-0.57920524871471657,1.4142135626941874e-10,-0.29316676573500472,-0.84540249851634053,-0.84540249851634053,false,false,5.7276429999999996,0,0,false,0,0.02839311722842968,0,130.23835021832755,130.23835021832755,0,-0.58737217744945647,0,0,-0.58737217744945647,0,0,0.047853658962933941,0.0016358123411137316,0.0010323274583865327,2.4441514503818244e-05,-0.00024423165901193777,-0.070582948268605034,-0.0042461353569301337,-0.0025830806260602707,-0.0022386507123742256,-0.0033860366859458832,0,-0.85090994776390982
3.5700000000000003,approach_stop,40,40,0.20000000000000001,0.02,1.5525000000000002,0.75,0,0,3.2000000000000002,0,1.8313654380069202,1.4265198632433562,0,3.1957541188175305,0,-0.010855535609916193,free_flight_controlled,sep_nmpc_adapted,formal_acados,1.8515877898491753,0,0.37604010141020783,-0.20477764815774493,-0.076921114469435115,0.23556319077617044,-0.57920524871471657,1.4142135626941874e-10,-0.29316676573500472,-0.84540249851634053,-0.84540249851634053,false,false,5.7276429999999996,0,0,false,0,0.027549798090687107,0,130.25441427571329,130.25441427571329,0,-0.56685482274284071,0,0,-0.56685482274284071,0,0,0.047500782445056025,0.0016142884359815466,0.0010193249591433614,1.3287230776415981e-05,-0.00026116325439646144,-0.070561575348078345,-0.0043632241498102204,-0.0026209918261502299,-0.0022235291222790382,-0.0033858219577114239,0,-0.85104632508387312
3.5750000000000002,approach_stop,40,40,0.20000000000000001,0.02,1.5562500000000001,0.75,0,0,3.2000000000000002,0,1.8384987080821142,1.4267822627468461,0,3.1956998163017283,0,-0.010865814247673562,free_flight_controlled,sep_nmpc_adapted,formal_acados,1.8621130261407326,0,0.37602187829645439,-0.20138568194138165,-0.075685389662845326,0.23556319077617044,-0.57920524871471657,1.4142135626941874e-10,-0.29316676573500472,-0.84540249851634053,-0.84540249851634053,false,false,5.7276429999999996,0,0,false,0,0.026701301946884595,0,130.27026488114626,130.27026488114626,0,-0.54689607423749242,0,0,-0.54689607423749242,0,0,0.047147679744664647,0.00159238058607268,0.0010060392235630834,2.2116193697501785e-06,-0.0002780842027896019,-0.070673045610023674,-0.0044008630086202101,-0.002694979027855537,-0.0022079769916310476,-0.0033815624694595249,0,-0.85112911722683848
3.5800000000000001,approach_stop,40,40,0.20000000000000001,0.02,1.5600000000000001,0.75,0,0,3.2000000000000002,0,1.8456332020320574,1.4270093820365954,0,3.1956454729358539,0,-0.010871878708965811,free_flight_controlled,sep_nmpc_adapted,formal_acados,1.8726556319607952,0,0.37600791713329768,-0.19797757007126218,-0.074443824201106248,0.23556319077617044,-0.57920524871471657,1.4142135626941874e-10,-0.29316676573500472,-0.84540249851634053,-0.84540249851634053,false,false,5.7276429999999996,0,0,false,0,0.025848079345353599,0,130.28589763749898,130.28589763749898,0,-0.52748205405490856,0,0,-0.52748205405490856,0,0,0.046793704583899663,0.001570461663734986,0.00099231335597893284,-8.7955091201277156e-06,-0.00029497114198730526,-0.070910045558810822,-0.004369102686025899,-0.0027954589015372878,-0.0021969237710340187,-0.0033720427101335436,0,-0.85115851304458356
3.585,approach_stop,40,40,0.20000000000000001,0.02,1.56375,0.75,0,0,3.2000000000000002,0,1.852768742992311,1.4272010410379536,0,3.195591109512681,0,-0.010873840435140251,free_flight_controlled,sep_nmpc_adapted,formal_acados,1.8832152905949302,0,0.37599829494444337,-0.19455345239738078,-0.073196429337253538,0.23556319077617044,-0.57920524871471657,1.4142135626941874e-10,-0.29316676573500472,-0.84540249851634053,-0.84540249851634053,false,false,5.7276429999999996,0,0,false,0,0.024990566042058272,0,130.30130870436494,130.30130870436494,0,-0.5085989851274213,0,0,-0.5085989851274213,0,0,0.046438248850336108,0.0015488504810746749,0.00097804053892450193,-1.9768483207227267e-05,-0.00031179535240908614,-0.071264660283451492,-0.0042794065354546463,-0.0029121107655351213,-0.0021950202250572322,-0.0033563582338877089,0,-0.8511347095340106
3.5899999999999999,approach_stop,40,40,0.20000000000000001,0.02,1.5674999999999999,0.75,0,0,3.2000000000000002,0,1.8599051532761681,1.4273570906161779,0,3.1955367462621029,0,-0.010871813104336428,free_flight_controlled,sep_nmpc_adapted,formal_acados,1.893791683761946,0,0.37599308807766108,-0.19111346951422217,-0.07194321792364991,0.23556319077617044,-0.57920524871471657,1.4142135626941874e-10,-0.29316676573500472,-0.84540249851634053,-0.84540249851634053,false,false,5.7276429999999996,0,0,false,0,0.024129183241208271,0,130.31649477106603,130.31649477106603,0,-0.49023321097937855,0,0,-0.49023321097937855,0,0,0.046080745045852974,0.0015278063460999992,0.00096316587216558095,-3.0763309100759979e-05,-0.00032852462654694542,-0.071728595214000282,-0.0041440096386386426,-0.003034602429617941,-0.0022062245720816903,-0.0033340349511554227,0,-0.8510579129635446
3.5950000000000002,approach_stop,40,40,0.20000000000000001,0.02,1.57125,0.75,0,0,3.2000000000000002,0,1.8670422545248859,1.4274774107993993,0,3.1954824028409208,0,-0.010865912241725064,free_flight_controlled,sep_nmpc_adapted,formal_acados,1.9043844916206065,0,0.3759923722652343,-0.18765776290427941,-0.070684204446188309,0.23556319077617044,-0.57920524871471657,1.4142135626941874e-10,-0.29316676573500472,-0.84540249851634053,-0.84540249851634053,false,false,5.7276429999999996,0,0,false,0,0.023264337846834283,0,130.33145302976979,130.33145302976979,0,-0.47237121406043237,0,0,-0.47237121406043237,0,0,0.045720667657116999,0.0015075266998359027,0.00094768480669843122,-4.1853355070438486e-05,-0.00034512563514732867,-0.072293384361507326,-0.0039753313652028536,-0.0031532215877309033,-0.0022334774185456467,-0.0033051077661904226,0,-0.85092833988714389
3.6000000000000001,approach_stop,40,40,0.20000000000000001,0.02,1.5750000000000002,0.75,0,0,3.2000000000000002,0,1.8741798678491923,1.4275619090682721,0,3.1954280983245504,0,-0.010856254845575949,free_flight_controlled,sep_nmpc_adapted,formal_acados,1.9149933927754232,0,0.37599622268604482,-0.18418647507376909,-0.069419405054345185,0.24772061487136954,-0.57598252360723901,1.414213562695772e-10,-0.2918106729526358,-0.94736988199206384,-0.94736988199206384,false,false,5.7584239999999998,0,0,false,0,0.022396422724038773,0,130.31594742738574,130.31594742738574,0,-0.61250299552432153,0,0,-0.61250299552432153,0,0,0.045357533533872188,0.0014881475119550695,0.00093163870917796325,-5.3123660291413545e-05,-0.00036156657814639313,-0.072950577945500764,-0.0037854623123397767,-0.0032593891657783742,-0.0022784780439309665,-0.0032701556227026406,0,-0.85074621799376671
3.605,approach_stop,40,40,0.20000000000000001,0.02,1.5787499999999999,0.75,0,0,3.2000000000000002,0,1.8813178103403256,1.4276090235332195,0,3.1953738170925843,0,-0.010856591347691787,free_flight_controlled,sep_nmpc_adapted,formal_acados,1.9256180634246998,0,0.37600470130010893,-0.18069974691562588,-0.06814902643221496,0.24772061487136954,-0.57598252360723901,1.414213562695772e-10,-0.2918106729526358,-0.94736988199206384,-0.94736988199206384,false,false,5.7584239999999998,0,0,false,0,0.021523787119983446,0,130.33228314503265,130.33228314503265,0,-0.58993384084622025,0,0,-0.58993384084622025,0,0,0.044994138193180933,0.00146824661536102,0.00091546971403736073,-6.4747576713253686e-05,-0.0003778047092437471,-0.072402033728342752,-0.0041736306599128451,-0.0032121559221547124,-0.0023701760352691577,-0.0032254293242456387,0,-0.85051211615351441
3.6099999999999999,approach_stop,40,40,0.20000000000000001,0.02,1.5825,0.75,0,0,3.2000000000000002,0,1.888455897757394,1.4276198255417658,0,3.1953195450958729,0,-0.010852563108894764,free_flight_controlled,sep_nmpc_adapted,formal_acados,1.9362581782708701,0,0.37601787074278215,-0.17719771948652388,-0.066873269393090476,0.24772061487136954,-0.57598252360723901,1.414213562695772e-10,-0.2918106729526358,-0.94736988199206384,-0.94736988199206384,false,false,5.7584239999999998,0,0,false,0,0.020644842857541913,0,130.3484131454176,130.3484131454176,0,-0.56797839073869616,0,0,-0.56797839073869616,0,0,0.04463309853767481,0.0014466499559767912,0.00089941780083740573,-7.6800820543201741e-05,-0.00039382811422575107,-0.072008535944225044,-0.004463513294779951,-0.0032124592881159963,-0.0024502648047306061,-0.0031843398701493124,0,-0.85022244118433055
3.6150000000000002,approach_stop,40,40,0.20000000000000001,0.02,1.5862500000000002,0.75,0,0,3.2000000000000002,0,1.8955939477390771,1.4275940021098097,0,3.1952653038982461,0,-0.010844274440178695,free_flight_controlled,sep_nmpc_adapted,formal_acados,1.9469134113968964,0,0.37603580693989636,-0.17368053634218064,-0.065592140086814299,0.24772061487136954,-0.57598252360723901,1.414213562695772e-10,-0.2918106729526358,-0.94736988199206384,-0.94736988199206384,false,false,5.7584239999999998,0,0,false,0,0.019760091979854108,0,130.36433133270003,130.36433133270003,0,-0.54662230492996078,0,0,-0.54662230492996078,0,0,0.044273649825627072,0.0014238435570681381,0.00088325132517924274,-8.9227968941145368e-05,-0.00040965564023162269,-0.071765642520827497,-0.0046578842919873875,-0.0032573123829262637,-0.0025200540960293762,-0.003147083931739928,0,-0.84987748500308957
3.6200000000000001,approach_stop,40,40,0.20000000000000001,0.02,1.5900000000000001,0.75,0,0,3.2000000000000002,0,1.9027317764572058,1.4275312791540993,0,3.1952111145327944,0,-0.010831833216585474,free_flight_controlled,sep_nmpc_adapted,formal_acados,1.9575834353534625,0,0.37605858515745161,-0.17014834110374336,-0.064305646106187886,0.24772061487136954,-0.57598252360723901,1.414213562695772e-10,-0.2918106729526358,-0.94736988199206384,-0.94736988199206384,false,false,5.7584239999999998,0,0,false,0,0.018870020825468802,0,130.38003225800358,130.38003225800358,0,-0.52585128033020667,0,0,-0.52585128033020667,0,0,0.043915052757406592,0.0014002910190468157,0.00086676150771457607,-0.00010198364724125089,-0.00042530622915825007,-0.071667651747480215,-0.0047628389879304104,-0.0033406794031129909,-0.0025821727397401855,-0.0031135302637406827,0,-0.84947754246854978
3.625,approach_stop,40,40,0.20000000000000001,0.02,1.59375,0.75,0,0,3.2000000000000002,0,1.9098691988067535,1.4274314197094566,0,3.1951569974853018,0,-0.010815350452901249,free_flight_controlled,sep_nmpc_adapted,formal_acados,1.9682679211672363,0,0.3760862799457465,-0.16660127763951729,-0.063013796537110561,0.24772061487136954,-0.57598252360723901,1.414213562695772e-10,-0.2918106729526358,-0.94736988199206384,-0.94736988199206384,false,false,5.7584239999999998,0,0,false,0,0.017975100235959073,0,130.39551109213932,130.39551109213932,0,-0.50565107247617447,0,0,-0.50565107247617447,0,0,0.043556599255878702,0.0013764184706756431,0.00084977576939270925,-0.0001150378919886499,-0.00044079769210254372,-0.071707813522493696,-0.0047871598975283156,-0.0034542494982726102,-0.0026400725572865917,-0.0030833850883371298,0,-0.84902291236525929
3.6299999999999999,approach_stop,40,40,0.20000000000000001,0.02,1.5974999999999999,0.75,0,0,3.2000000000000002,0,1.9170060285868193,1.4272942220786158,0,3.1951029726795914,0,-0.010794939887134541,free_flight_controlled,sep_nmpc_adapted,formal_acados,1.978966538348889,0,0.37611896510347126,-0.16303949023793032,-0.061716602004833872,0.24772061487136954,-0.57598252360723901,1.414213562695772e-10,-0.2918106729526358,-0.94736988199206384,-0.94736988199206384,false,false,5.7584239999999998,0,0,false,0,0.017075785774676184,0,130.41076359809395,130.41076359809395,0,-0.48600751725483793,0,0,-0.48600751725483793,0,0,0.043197617140262108,0.0013526028211461722,0.00083216709183873928,-0.00012837901875674239,-0.00045614629561980689,-0.071878558508769841,-0.0047416374448441389,-0.0035882437399440506,-0.0026975326658896371,-0.003056349171576146,0,-0.84851389854047654
3.6350000000000002,approach_stop,40,40,0.20000000000000001,0.02,1.6012500000000003,0.75,0,0,3.2000000000000002,0,1.9241420786722845,1.4271195179576579,0,3.1950490594649259,0,-0.0107707175723678,free_flight_controlled,sep_nmpc_adapted,formal_acados,1.989678954900806,0,0.37615671365909265,-0.15946312377147845,-0.060414074715934102,0.24772061487136954,-0.57598252360723901,1.414213562695772e-10,-0.2918106729526358,-0.94736988199206384,-0.94736988199206384,false,false,5.7584239999999998,0,0,false,0,0.01617251795846059,0,130.42578610332259,130.42578610332259,0,-0.4669065521918323,0,0,-0.4669065521918323,0,0,0.042837473636131315,0.0013291634375280045,0.00081385936839751595,-0.00014201408635627468,-0.00047136708644507266,-0.072171732519882362,-0.0046383853257111786,-0.0037322039591363319,-0.0027581990120629728,-0.0030322543172020019,0,-0.84795081108985393
3.6400000000000001,approach_stop,40,40,0.20000000000000001,0.02,1.605,0.75,0,0,3.2000000000000002,0,1.9312771611761115,1.4269071705754213,0,3.1949952766054297,0,-0.010742801479047425,free_flight_controlled,sep_nmpc_adapted,formal_acados,2.0004048373243957,0,0.37619959786478668,-0.15587232385171582,-0.059106228495923015,0.24772061487136954,-0.57598252360723901,1.414213562695772e-10,-0.2918106729526358,-0.94736988199206384,-0.94736988199206384,false,false,5.7584239999999998,0,0,false,0,0.01526572250162902,0,130.44057547199782,130.44057547199782,0,-0.44833423667468542,0,0,-0.44833423667468542,0,0,0.042475577724018686,0.0013063571855704984,0.00079482894825983722,-0.00015596720688390762,-0.00048647482707887921,-0.072578824982348175,-0.004490185057977443,-0.0038757202223851641,-0.0028251872435964246,-0.0030111699199178439,0,-0.84733396750124301
3.645,approach_stop,40,40,0.20000000000000001,0.02,1.6087500000000001,0.75,0,0,3.2000000000000002,0,1.9384110876024501,1.4266570728795005,0,3.1949416422714623,0,-0.010711311110670462,free_flight_controlled,sep_nmpc_adapted,formal_acados,2.0111438506270272,0,0.37624768919724361,-0.15226723697542291,-0.0577930788224831,0.24772061487136954,-0.57598252360723901,1.414213562695772e-10,-0.2918106729526358,-0.94736988199206384,-0.94736988199206384,false,false,5.7584239999999998,0,0,false,0,0.014355810571160895,0,130.45512907741585,130.45512907741585,0,-0.43027677061149805,0,0,-0.43027677061149805,0,0,0.042111381380244374,0.0012843766146886039,0.00077510276915848263,-0.00017027607284707903,-0.00050148537575410467,-0.07309118220611209,-0.00430988787843678,-0.0040090631199641586,-0.0029007694274080426,-0.0029934734072049498,0,-0.84666369368370864
3.6499999999999999,approach_stop,40,40,0.20000000000000001,0.02,1.6124999999999998,0.75,0,0,3.2000000000000002,0,1.9455436689908392,1.4263691457950096,0,3.1948881740328798,0,-0.010676367136042334,free_flight_controlled,sep_nmpc_adapted,formal_acados,2.0218956583286989,0,0.37630105835940642,-0.14864801066214031,-0.056474642854377401,0.25889524399935565,-0.56896635234380888,1.4142135627017034e-10,-0.28686178738362328,-1.0491475160103765,-1.0491475160103765,false,false,5.7103679999999999,0,0,false,0,0.013443179051710741,0,130.45133015435229,130.45133015435229,0,-0.569575820232884,0,0,-0.569575820232884,0,0,0.041744379804764267,0.0012633509445454921,0.00075475361819867936,-0.00018498715537018523,-0.00051641732153996579,-0.07370019828859882,-0.0041098951341071461,-0.0041236971148239532,-0.0029861572065130976,-0.0029798816247559759,0,-0.84594032482789172
3.6550000000000002,approach_stop,40,40,0.20000000000000001,0.02,1.6162500000000002,0.75,0,0,3.2000000000000002,0,1.9526747127434649,1.4260419663548567,0,3.1948348666374442,0,-0.010646967333832854,free_flight_controlled,sep_nmpc_adapted,formal_acados,2.0326599223461526,0,0.37635977260590037,-0.14501479039731238,-0.055151127207783063,0.25889524399935565,-0.56896635234380888,1.4142135627017034e-10,-0.28686178738362328,-1.0491475160103765,-1.0491475160103765,false,false,5.7103679999999999,0,0,false,0,0.012526189710947769,0,130.46708295450276,130.46708295450276,0,-0.54686128735866668,0,0,-0.54686128735866668,0,0,0.04137733254404944,0.0012418575778487221,0.00073425261597963385,-0.00020023237304486025,-0.00053127854901314749,-0.073113592132951766,-0.0044866534342135958,-0.0040795494520879747,-0.0031096671788510334,-0.0029665973487695016,0,-0.84516473399044345
3.6600000000000001,approach_stop,40,40,0.20000000000000001,0.02,1.6200000000000001,0.75,0,0,3.2000000000000002,0,1.9598040249751718,1.4256764860058759,0,3.1947817162050116,0,-0.01061358489942877,free_flight_controlled,sep_nmpc_adapted,formal_acados,2.043436303133324,0,0.37642389941993781,-0.14136772184184779,-0.053822732690367796,0.25889524399935565,-0.56896635234380888,1.4142135627017034e-10,-0.28686178738362328,-1.0491475160103765,-1.0491475160103765,false,false,5.7103679999999999,0,0,false,0,0.011603266263980547,0,130.48262464909331,130.48262464909331,0,-0.524769868772752,0,0,-0.524769868772752,0,0,0.04101282216539643,0.0012187199374553673,0.00071386921628651648,-0.00021604546423614773,-0.00054610679988697727,-0.072685677773977539,-0.0047673466036570753,-0.0040765934781503473,-0.0032133535586671663,-0.0029667066210430711,0,-0.84433323758208301
3.665,approach_stop,40,40,0.20000000000000001,0.02,1.62375,0.75,0,0,3.2000000000000002,0,1.9669314134215474,1.4252724075046912,0,3.1947287423762742,0,-0.010576329121352892,free_flight_controlled,sep_nmpc_adapted,formal_acados,2.0542244598374015,0,0.37649350902898604,-0.13770695358414589,-0.052489466598016926,0.25889524399935565,-0.56896635234380888,1.4142135627017034e-10,-0.28686178738362328,-1.0491475160103765,-1.0491475160103765,false,false,5.7103679999999999,0,0,false,0,0.010674913297259355,0,130.49794938447195,130.49794938447195,0,-0.50328696205858936,0,0,-0.50328696205858936,0,0,0.040650065863082681,0.0011944130129769562,0.00069340295332161162,-0.00023232994400485194,-0.00056096866456778699,-0.072411953223032496,-0.0049547006841935909,-0.004112071344767515,-0.0032985572150238079,-0.0029799595885413683,0,-0.84344623881625802
3.6699999999999999,approach_stop,40,40,0.20000000000000001,0.02,1.6274999999999999,0.75,0,0,3.2000000000000002,0,1.974056684431128,1.4248294729409825,0,3.1946759642373976,0,-0.010535312414156889,free_flight_controlled,sep_nmpc_adapted,formal_acados,2.0650240501560333,0,0.37656867056224747,-0.13403263427509474,-0.051151337681595972,0.25889524399935565,-0.56896635234380888,1.4142135627017034e-10,-0.28686178738362328,-1.0491475160103765,-1.0491475160103765,false,false,5.7103679999999999,0,0,false,0,0.0097416194833676341,0,130.51305195534695,130.51305195534695,0,-0.48239800384435449,0,0,-0.48239800384435449,0,0,0.040288306492926883,0.0011693899091133873,0.00067267492637708437,-0.00024899993107783421,-0.00057592815002164991,-0.072286688165296903,-0.005054645911881454,-0.0041802371044976794,-0.0033680962615728243,-0.0030056025257773258,0,-0.8425041417290684
3.6750000000000003,approach_stop,40,40,0.20000000000000001,0.02,1.6312500000000001,0.75,0,0,3.2000000000000002,0,1.981179643157531,1.4243474619524155,0,3.1946234003056189,0,-0.010490649902776946,free_flight_controlled,sep_nmpc_adapted,formal_acados,2.0758347303515898,0,0.37664945194858157,-0.13034491280594121,-0.0498083561955679,0.25889524399935565,-0.56896635234380888,1.4142135627017034e-10,-0.28686178738362328,-1.0491475160103765,-1.0491475160103765,false,false,5.7103679999999999,0,0,false,0,0.0088038577919695264,0,130.5279277768756,130.5279277768756,0,-0.46208849098069549,0,0,-0.46208849098069549,0,0,0.039926818208240893,0.0011440673493223941,0.00065154084775943149,-0.00026598627194026811,-0.00059104461116940056,-0.072303130179058234,-0.0050756962168848332,-0.0042731237935217763,-0.0034257574992455548,-0.0030425584246238989,0,-0.84150735216766448
3.6800000000000002,approach_stop,40,40,0.20000000000000001,0.02,1.6350000000000002,0.75,0,0,3.2000000000000002,0,1.988300093742589,1.4238261898749716,0,3.1945710685167179,0,-0.010442459016655832,free_flight_controlled,sep_nmpc_adapted,formal_acados,2.0866561552655831,0,0.37673591983990862,-0.12664393847700586,-0.048460533942772541,0.25889524399935565,-0.56896635234380888,1.4142135627017034e-10,-0.28686178738362328,-1.0491475160103765,-1.0491475160103765,false,false,5.7103679999999999,0,0,false,0,0.0078620857116707098,0,130.54257285663186,130.54257285663186,0,-0.44234400196827228,0,0,-0.44234400196827228,0,0,0.039564911016935496,0.0011188144063463395,0.00062990015086299416,-0.00028324009935126271,-0.00060637157740852125,-0.072453727878247443,-0.0050282858934117053,-0.0043813432014489428,-0.0034757851356835654,-0.0030896021045763713,0,-0.84045627892778063
3.6850000000000001,approach_stop,40,40,0.20000000000000001,0.02,1.6387499999999999,0.75,0,0,3.2000000000000002,0,1.9954178394901612,1.4232655058706594,0,3.1945189862144758,0,-0.010390859093821248,free_flight_controlled,sep_nmpc_adapted,formal_acados,2.0974879783331102,0,0.37682813955816619,-0.12292986115705098,-0.047107884314997329,0.25889524399935565,-0.56896635234380888,1.4142135627017034e-10,-0.28686178738362328,-1.0491475160103765,-1.0491475160103765,false,false,5.7103679999999999,0,0,false,0,0.0069167454845872299,0,130.55698376647447,130.55698376647447,0,-0.42315021794016228,0,0,-0.42315021794016228,0,0,0.039201934206810153,0.0010939445736057173,0.00060770112572806759,-0.00030073390275311035,-0.00062195641374670867,-0.072730358536966022,-0.0049241027346012111,-0.0044948671965425553,-0.003522402208040701,-0.0031455170416276553,0,-0.83935133493548175
3.6899999999999999,approach_stop,40,40,0.20000000000000001,0.02,1.6425000000000001,0.75,0,0,3.2000000000000002,0,2.0025326830306072,1.4226652910699396,0,3.1944671701420999,0,-0.010335970996510176,free_flight_controlled,sep_nmpc_adapted,formal_acados,2.1083298515972348,0,0.37692617506163295,-0.11920283143337232,-0.045750422329274273,0.25889524399935565,-0.56896635234380888,1.4142135627017034e-10,-0.28686178738362328,-1.0491475160103765,-1.0491475160103765,false,false,5.7103679999999999,0,0,false,0,0.0059682643529444523,0,130.571157614447,130.571157614447,0,-0.40449294258861457,0,0,-0.40449294258861457,0,0,0.03883727864460236,0.0010697111076534661,0.00058494228581665829,-0.0003184603489611207,-0.00063784069907799447,-0.073124549291858687,-0.0047754516324977989,-0.0046037474777772943,-0.0035693934483221044,-0.0032092240040834667,0,-0.83819293838240205
3.6950000000000003,approach_stop,40,40,0.20000000000000001,0.02,1.6462500000000002,0.75,0,0,3.2000000000000002,0,2.0096444264760733,1.4220254567604496,0,3.1944156364355307,0,-0.01027791674077473,free_flight_controlled,sep_nmpc_adapted,formal_acados,2.1191814257233279,0,0.37703008892530576,-0.11546300075274543,-0.044388164659899573,0.25889524399935565,-0.56896635234380888,1.4142135627017034e-10,-0.28686178738362328,-1.0491475160103765,-1.0491475160103765,false,false,5.7103679999999999,0,0,false,0,0.0050170548166457831,0,130.58509201688599,130.58509201688599,0,-0.38635812055528307,0,0,-0.38635812055528307,0,0,0.038470378004275163,0.0010463054175651398,0.00056167036227531978,-0.00033642921648655867,-0.00065406116244611033,-0.073627682911416761,-0.004594676227984193,-0.0046987400398850543,-0.0036197707366284653,-0.0032798747601699794,0,-0.83698151374198837
3.7000000000000002,approach_stop,40,40,0.20000000000000001,0.02,1.6500000000000001,0.75,0,0,3.2000000000000002,0,2.0167528715668972,1.4213459426471957,0,3.194364400618555,0,-0.01021681914270605,free_flight_controlled,sep_nmpc_adapted,formal_acados,2.1300423500134822,0,0.37713994232967829,-0.11171052155341502,-0.043021129666228265,0.26907026376298271,-0.55862285216319829,1.4142135627120297e-10,-0.27864692065023949,-1.1502067760452477,-1.1502067760452477,false,false,5.8337430000000001,0,0,false,0,0.0040635149004668364,0,130.59334800297754,130.59334800297754,0,-0.52412254463466068,0,0,-0.52412254463466068,0,0,0.038100709019895714,0.0010238581566090396,0.00053797546544103879,-0.00035466289278497084,-0.00067065099256277314,-0.074231181214588923,-0.0043936591797729217,-0.0047718107233630661,-0.0036755343632571048,-0.0033569073525355434,0,-0.83571749261373307
3.7050000000000001,approach_stop,40,40,0.20000000000000001,0.02,1.6537500000000001,0.75,0,0,3.2000000000000002,0,2.0238578166426135,1.4206254012722217,0,3.1943134678238998,0,-0.010156702027843715,free_flight_controlled,sep_nmpc_adapted,formal_acados,2.1409122727820882,0,0.37725580289973193,-0.10794554386052538,-0.04164952313876346,0.26907026376298271,-0.55862285216319829,1.4142135627120297e-10,-0.27864692065023949,-1.1502067760452477,-1.1502067760452477,false,false,5.8337430000000001,0,0,false,0,0.0031060265367937813,0,130.6082892826488,130.6082892826488,0,-0.50140372999138005,0,0,-0.50140372999138005,0,0,0.037730980982860214,0.0010009660457356434,0.00051433956504398051,-0.00037327189462441122,-0.00068762634055501951,-0.073655401419769714,-0.0047623336907446001,-0.00468486473800907,-0.0037653310042676325,-0.0034352606062943965,0,-0.83440195535593142
3.71,approach_stop,40,40,0.20000000000000001,0.02,1.6575,0.75,0,0,3.2000000000000002,0,2.0309590588326425,1.4198647405322911,0,3.194262844340833,0,-0.010093098095929362,free_flight_controlled,sep_nmpc_adapted,formal_acados,2.1517908409830295,0,0.37737773773801508,-0.10416821784961297,-0.040273545148965466,0.26907026376298271,-0.55862285216319829,1.4142135627120297e-10,-0.27864692065023949,-1.1502067760452477,-1.1502067760452477,false,false,5.8337430000000001,0,0,false,0,0.0021430326242387276,0,130.62301824828393,130.62301824828393,0,-0.47931323406582949,0,0,-0.47931323406582949,0,0,0.037363728446399555,0.00097647128587007525,0.00049104277099016951,-0.00039227367936798678,-0.0007050263847783886,-0.073241212535920086,-0.0050343888939657954,-0.0046361897693721552,-0.0038328260966148924,-0.0035265857310975259,0,-0.83303123960995207
3.7149999999999999,approach_stop,40,40,0.20000000000000001,0.02,1.6612499999999999,0.75,0,0,3.2000000000000002,0,2.0380563968363474,1.4190636856576202,0,3.194212547322254,0,-0.010026120053946826,free_flight_controlled,sep_nmpc_adapted,formal_acados,2.1626776999024964,0,0.37750580543689222,-0.10037869693385107,-0.038893204371246728,0.26907026376298271,-0.55862285216319829,1.4142135627120297e-10,-0.27864692065023949,-1.1502067760452477,-1.1502067760452477,false,false,5.8337430000000001,0,0,false,0,0.001175036767469415,0,130.63752937572525,130.63752937572525,0,-0.45783622122053647,0,0,-0.45783622122053647,0,0,0.036998154241715986,0.00095085265602694628,0.00046789794415992553,-0.00041156131435865045,-0.00072291239443081205,-0.072984056243422094,-0.0052121460080282551,-0.004623543610682684,-0.0038801297920182652,-0.0036293533555867316,0,-0.83160584746845401
3.7200000000000002,approach_stop,40,40,0.20000000000000001,0.02,1.665,0.75,0,0,3.2000000000000002,0,2.0451496280791623,1.4182220015076172,0,3.1941625933507307,0,-0.0099558832223763122,free_flight_controlled,sep_nmpc_adapted,formal_acados,2.1735724935391239,0,0.37764006289891278,-0.096577134540038495,-0.037508510936853909,0.26907026376298271,-0.55862285216319829,1.4142135627120297e-10,-0.27864692065023949,-1.1502067760452477,-1.1502067760452477,false,false,5.8337430000000001,0,0,false,0,0.00020252650637928469,0,130.65181778211007,130.65181778211007,0,-0.43695789596930479,0,0,-0.43695789596930479,0,0,0.036633487193292513,0.0009245690225870945,0.00044473686751492989,-0.00043104219292245278,-0.0007413367572244524,-0.072878124899648455,-0.0053011542013197931,-0.0046417198106527956,-0.0039107777157214706,-0.0037415731172928085,0,-0.83012627942097605
3.7250000000000001,approach_stop,40,40,0.20000000000000001,0.02,1.6687500000000002,0.75,0,0,3.2000000000000002,0,2.0522385486568342,1.4173392758457233,0,3.1941129984289041,0,-0.0098825031869887187,free_flight_controlled,sep_nmpc_adapted,formal_acados,2.1844748646277568,0,0.37778056525219972,-0.092763684029077448,-0.036119476384821547,0.26907026376298271,-0.55862285216319829,1.4142135627120297e-10,-0.27864692065023949,-1.1502067760452477,-1.1502067760452477,false,false,5.8337430000000001,0,0,false,0,-0.0007740264745853191,0,130.66587910732662,130.66587910732662,0,-0.41666350210697178,0,0,-0.41666350210697178,0,0,0.036268987252301398,0.0008980454660284194,0.00042142300536503576,-0.00045064382108093683,-0.00076034117906917484,-0.072917096600147099,-0.0053089136315060785,-0.0046834715350736918,-0.0039291707429844162,-0.0038609993830755929,0,-0.83001155863188958
3.73,approach_stop,40,40,0.20000000000000001,0.02,1.6724999999999999,0.75,0,0,3.2000000000000002,0,2.0593229510857505,1.4164146882977176,0,3.1940637779902792,0,-0.0098060939760841442,free_flight_controlled,sep_nmpc_adapted,formal_acados,2.1953844546609971,0,0.37792736574471208,-0.088938496424753405,-0.034726112762569775,0.26907026376298271,-0.55862285216319829,1.4142135627120297e-10,-0.27864692065023949,-1.1502067760452477,-1.1502067760452477,false,false,5.8337430000000001,0,0,false,0,-0.0017541661613094956,0,130.67970941881134,130.67970941881134,0,-0.39693831470970875,0,0,-0.39693831470970875,0,0,0.035903944231851191,0.00087166917410356679,0.00039785888613286388,-0.00047031668391766797,-0.00077995591142106431,-0.073094874788143971,-0.0052436363918765584,-0.0047403565290831447,-0.0039400690608946904,-0.0039853148689664181,0,-0.83021667336362703
3.7349999999999999,approach_stop,40,40,0.20000000000000001,0.02,1.67625,0.75,0,0,3.2000000000000002,0,2.0664026255490717,1.4154480724074194,0,3.1940149468769947,0,-0.0097267774254360083,free_flight_controlled,sep_nmpc_adapted,formal_acados,2.2063009039142201,0,0.37808051576193624,-0.085101721634851663,-0.033328433080858672,0.26907026376298271,-0.55862285216319829,1.4142135627120297e-10,-0.27864692065023949,-1.1502067760452477,-1.1502067760452477,false,false,5.8337430000000001,0,0,false,0,-0.0027374519613379703,0,130.6933056353148,130.6933056353148,0,-0.37776776996329731,0,0,-0.37776776996329731,0,0,0.035537684414998424,0.00084577691979521191,0.00037399297649492438,-0.00049003551516978345,-0.00080019969120606875,-0.07340314826197894,-0.0051169723823235088,-0.0048026396675308431,-0.003948308542694734,-0.0041122640941519397,0,-0.83036929543923232
3.7400000000000002,approach_stop,40,40,0.20000000000000001,0.02,1.6800000000000002,0.75,0,0,3.2000000000000002,0,2.0734773616564488,1.4144393340049435,0,3.1939665193175864,0,-0.0096446768178212461,free_flight_controlled,sep_nmpc_adapted,formal_acados,2.2172238514699711,0,0.37824006487627371,-0.081253510186477668,-0.031926451967016559,0.26907026376298271,-0.55862285216319829,1.4142135627120297e-10,-0.27864692065023949,-1.1502067760452477,-1.1502067760452477,false,false,5.8337430000000001,0,0,false,0,-0.0037234584325003396,0,130.70666522142599,130.70666522142599,0,-0.3591374298452521,0,0,-0.3591374298452521,0,0,0.035169577202833376,0.00082064454112854837,0.00034982276596361579,-0.00050979810267476604,-0.00082108052750223392,-0.07383309577759084,-0.0049414420204413534,-0.004860589129312416,-0.003958201894685401,-0.0042398338674005847,0,-0.8304688151815498
3.7450000000000001,approach_stop,40,40,0.20000000000000001,0.02,1.6837500000000001,0.75,0,0,3.2000000000000002,0,2.0805469486251216,1.4133884099856124,0,3.193918508922335,0,-0.0095599161444013311,free_flight_controlled,sep_nmpc_adapted,formal_acados,2.2281529352400287,0,0.37840606087298556,-0.077394013385092914,-0.030520185705714967,0.26907026376298271,-0.55862285216319829,1.4142135627120297e-10,-0.27864692065023949,-1.1502067760452477,-1.1502067760452477,false,false,5.8337430000000001,0,0,false,0,-0.0047117750237198478,0,130.71978614172176,130.71978614172176,0,-0.34103299750907001,0,0,-0.34103299750907001,0,0,0.034799036684897887,0.00079648466119042356,0.00032539295805219322,-0.00052962172027643396,-0.00084259720282236583,-0.074375697139694358,-0.0047297180397731691,-0.0049051479377499397,-0.0039731807370565154,-0.004366360958159783,0,-0.83051465696740312
3.75,approach_stop,40,40,0.20000000000000001,0.02,1.6875,0.75,0,0,3.2000000000000002,0,2.0876111754306574,1.4122952664874211,0,3.1938709286805844,0,-0.0094726197630409289,free_flight_controlled,sep_nmpc_adapted,formal_acados,2.2390877919870267,0,0.37857854978748429,-0.073523383443630769,-0.029109652267188531,0.27822954798079463,-0.54394357926946313,1.4142135627283371e-10,-0.26660676157691376,-1.2498784438440906,-1.2498784438440906,false,false,5.6943770000000002,0,0,false,0,-0.0057020058058460561,0,130.74019146056401,130.74019146056401,0,-0.47634416273219382,0,0,-0.47634416273219382,0,0,0.034425522147021,0.00077344724873186781,0.00030079074976778594,-0.00054953805777802165,-0.00086474120045262513,-0.075021923949704805,-0.0044941108186954664,-0.0049284509473471487,-0.0039955472324919262,-0.0044905959908672858,0,-0.83050628030536977
3.7549999999999999,approach_stop,40,40,0.20000000000000001,0.02,1.6912499999999999,0.75,0,0,3.2000000000000002,0,2.0946698277303093,1.4111585622803984,0,3.1938237939125438,0,-0.0093817218235170384,free_flight_controlled,sep_nmpc_adapted,formal_acados,2.2500280578965133,0,0.3787575945204717,-0.069641769833796024,-0.027695053853007672,0.27822954798079463,-0.54394357926946313,1.4142135627283371e-10,-0.26660676157691376,-1.2498784438440906,-1.2498784438440906,false,false,5.6943770000000002,0,0,false,0,-0.0066957387582736918,0,130.75411512092822,130.75411512092822,0,-0.45375761417244642,0,0,-0.45375761417244642,0,0,0.034051675241725178,0.0007501709439857782,0.00027648812001536302,-0.0005696662325736521,-0.00088748411599948163,-0.074512582091830093,-0.0048152760295662022,-0.0047948887122420689,-0.0040534449253440095,-0.0046070041563726141,0,-0.83044739459626316
3.7600000000000002,approach_stop,40,40,0.20000000000000001,0.02,1.6950000000000003,0.75,0,0,3.2000000000000002,0,2.101722690089967,1.4099792473257045,0,3.1937771208616383,0,-0.0092879372891199567,free_flight_controlled,sep_nmpc_adapted,formal_acados,2.2609733679838819,0,0.37894325704996612,-0.065749322106085112,-0.026276587080119197,0.27822954798079463,-0.54394357926946313,1.4142135627283371e-10,-0.26660676157691376,-1.2498784438440906,-1.2498784438440906,false,false,5.6943770000000002,0,0,false,0,-0.0076945023236025456,0,130.76782966190055,130.76782966190055,0,-0.43179949662517836,0,0,-0.43179949662517836,0,0,0.033679969060177388,0.00072553218070870546,0.0002527582522778766,-0.00059003453459278835,-0.00091081770702657538,-0.074165770449395915,-0.0050388819414517042,-0.0046993896551874095,-0.0040917694950057234,-0.0047266111137355543,0,-0.83033691710359969
3.7650000000000001,approach_stop,40,40,0.20000000000000001,0.02,1.69875,0.75,0,0,3.2000000000000002,0,2.1087695488249407,1.4087570760692092,0,3.1937309236727898,0,-0.0091913815380649331,free_flight_controlled,sep_nmpc_adapted,formal_acados,2.2719233556155025,0,0.37913557977990797,-0.061846193209438211,-0.024854260495982959,0.27822954798079463,-0.54394357926946313,1.4142135627283371e-10,-0.26660676157691376,-1.2498784438440906,-1.2498784438440906,false,false,5.6943770000000002,0,0,false,0,-0.0086977979458203649,0,130.78133002004137,130.78133002004137,0,-0.41045477660786678,0,0,-0.41045477660786678,0,0,0.033309603166550759,0.00070001269567273271,0.0002294146506815696,-0.00061054943661407318,-0.00093475367018148569,-0.073976359835924224,-0.0051679422303933407,-0.0046398829919089652,-0.0041125110842134454,-0.0048476282500808298,0,-0.83017415998047794
3.77,approach_stop,40,40,0.20000000000000001,0.02,1.7025000000000001,0.75,0,0,3.2000000000000002,0,2.1158101891237258,1.4074918429809427,0,3.1936852159087321,0,-0.0090921719661903062,free_flight_controlled,sep_nmpc_adapted,formal_acados,2.2828776531129269,0,0.37933460328718205,-0.057932536010798868,-0.02342808410165801,0.27822954798079463,-0.54394357926946313,1.4142135627283371e-10,-0.26660676157691376,-1.2498784438440906,-1.2498784438440906,false,false,5.6943770000000002,0,0,false,0,-0.00970514321281047,0,130.79461175646514,130.79461175646514,0,-0.38970846845299412,0,0,-0.38970846845299412,0,0,0.032939805948970752,0.00067407092601803702,0.00020628869636313382,-0.00063113077398934596,-0.00095929387095238753,-0.07393798234672759,-0.0052086670058110376,-0.0046114071336264837,-0.0041189434454877091,-0.0049679429320562884,0,-0.82995846384865435
3.7749999999999999,approach_stop,40,40,0.20000000000000001,0.02,1.7062499999999998,0.75,0,0,3.2000000000000002,0,2.122844395243328,1.4061833806737079,0,3.1936400105410709,0,-0.0089904276018413117,free_flight_controlled,sep_nmpc_adapted,formal_acados,2.2938358917828379,0,0.3795403662977232,-0.054008503460490159,-0.021998069398431783,0.27822954798079463,-0.54394357926946313,1.4142135627283371e-10,-0.26660676157691376,-1.2498784438440906,-1.2498784438440906,false,false,5.6943770000000002,0,0,false,0,-0.010716071636806705,0,130.80767102828253,130.80767102828253,0,-0.36954565631156955,0,0,-0.36954565631156955,0,0,0.032569840304754814,0.00064812752703143799,0.00018324226916188323,-0.00065171692613607874,-0.00098442919205110656,-0.074043238688393631,-0.0051698522410790586,-0.0046068520895692208,-0.0041151266507693665,-0.0050853054774577964,0,-0.829689199224797
3.7800000000000002,approach_stop,40,40,0.20000000000000001,0.02,1.7100000000000002,0.75,0,0,3.2000000000000002,0,2.1298719506951262,1.4048315579552744,0,3.193595319943054,0,-0.0088862687329189227,free_flight_controlled,sep_nmpc_adapted,formal_acados,2.3047977019458941,0,0.37975290569206666,-0.050074248749232192,-0.020564229430395323,0.27822954798079463,-0.54394357926946313,1.4142135627283371e-10,-0.26660676157691376,-1.2498784438440906,-1.2498784438440906,false,false,5.6943770000000002,0,0,false,0,-0.011730132423369923,0,130.82050456008702,130.82050456008702,0,-0.34995151641992184,0,0,-0.34995151641992184,0,0,0.032199008240467654,0.0006225540671132081,0.00016017656028210393,-0.00067226750321381528,-0.0010101392986257038,-0.074283922782850578,-0.0050622262248651217,-0.0046177318580440004,-0.0041054126184786764,-0.005197506653670244,0,-0.82936576802564066
3.7850000000000001,approach_stop,40,40,0.20000000000000001,0.02,1.7137500000000001,0.75,0,0,3.2000000000000002,0,2.1368926384209135,1.4034362778561169,0,3.1935511558841823,0,-0.0087798165454090853,free_flight_controlled,sep_nmpc_adapted,formal_acados,2.3157627129642706,0,0.37997225653731653,-0.046129925456642878,-0.019126578822605139,0.27822954798079463,-0.54394357926946313,1.4142135627283371e-10,-0.26660676157691376,-1.2498784438440906,-1.2498784438440906,false,false,5.6943770000000002,0,0,false,0,-0.012746890227146991,0,130.83310961547022,130.83310961547022,0,-0.33091133893458791,0,0,-0.33091133893458791,0,0,0.031826654331551983,0.00059766501693726045,0.00013703705276521381,-0.0006927636396914528,-0.0010363932411864823,-0.074651251403551624,-0.0048977914457499026,-0.0046349372575706952,-0.0040939874950450357,-0.005302533454090254,0,-0.82898760504411639
3.79,approach_stop,40,40,0.20000000000000001,0.02,1.7175,0.75,0,0,3.2000000000000002,0,2.143906240959105,1.4019974756702354,0,3.1935075295265873,0,-0.0086711927741467132,free_flight_controlled,sep_nmpc_adapted,formal_acados,2.3267305532678972,0,0.38019845214031933,-0.042175687691207747,-0.017685133814751196,0.27822954798079463,-0.54394357926946313,1.4142135627283371e-10,-0.26660676157691376,-1.2498784438440906,-1.2498784438440906,false,false,5.6943770000000002,0,0,false,0,-0.01376592489508693,0,130.84548396865975,130.84548396865975,0,-0.31241054872172946,0,0,-0.31241054872172946,0,0,0.031452168043955564,0.00057371297011299882,0.00011381487533425688,-0.00071320615049145228,-0.0010631507630082229,-0.075136088092757722,-0.0046891951519234757,-0.0046494275446815909,-0.0040844782552407876,-0.00539869381626981,0,-0.82855417930845732
3.7949999999999999,approach_stop,40,40,0.20000000000000001,0.02,1.7212499999999999,0.75,0,0,3.2000000000000002,0,2.1509125406012419,1.400515117041055,0,3.1934644514231327,0,-0.0085605193675133261,free_flight_controlled,sep_nmpc_adapted,formal_acados,2.3377008503794765,0,0.38043152411591857,-0.038211690221765432,-0.016239912290330682,0.27822954798079463,-0.54394357926946313,1.4142135627283371e-10,-0.26660676157691376,-1.2498784438440906,-1.2498784438440906,false,false,5.6943770000000002,0,0,false,0,-0.014786831198175332,0,130.85762587642313,130.85762587642313,0,-0.29443472461361053,0,0,-0.29443472461361053,0,0,0.031074984969445683,0.0005508868817449532,9.0544920735794769e-05,-0.00073361192364835323,-0.0010903641399628607,-0.075729152447995343,-0.0044491555713011069,-0.0046528284097768083,-0.0040796433645967954,-0.0054847041182297428,0,-0.82806499525612887
3.8000000000000003,approach_stop,40,40,0.20000000000000001,0.02,1.7250000000000001,0.75,0,0,3.2000000000000002,0,2.1579113195391,1.398989196118182,0,3.1934219315171442,0,-0.0084479181681221885,free_flight_controlled,sep_nmpc_adapted,formal_acados,2.3486732309385641,0,0.3806715024637663,-0.034238088600535926,-0.014790933801370103,0.28637436931636856,-0.52519874657404564,1.4142135627516804e-10,-0.25109424267910424,-1.3475567619439608,-1.3475567619439608,false,false,5.7177809999999996,0,0,false,0,-0.015809218553037952,0,130.88997864346459,130.88997864346459,0,-0.42647298805590617,0,0,-0.42647298805590617,0,0,0.030694587065827422,0.00052931299330424668,6.7301257191211211e-05,-0.00075400900313147298,-0.0011179803579608278,-0.076421207899965538,-0.0041899639440969583,-0.0046379138110890531,-0.0040811595429602653,-0.0055597364935086177,0,-0.8275195936749552
3.8050000000000002,approach_stop,40,40,0.20000000000000001,0.02,1.7287500000000002,0.75,0,0,3.2000000000000002,0,2.1649023565257082,1.3974182956485028,0,3.1933799947948827,0,-0.0083272416409102788,free_flight_controlled,sep_nmpc_adapted,formal_acados,2.3596473211452045,0,0.38091844485416809,-0.030255035380503698,-0.013338397877699859,0.28637436931636856,-0.52519874657404564,1.4142135627516804e-10,-0.25109424267910424,-1.3475567619439608,-1.3475567619439608,false,false,5.7177809999999996,0,0,false,0,-0.016834636269780198,0,130.90271451360599,130.90271451360599,0,-0.40414144973226063,0,0,-0.40414144973226063,0,0,0.030313568465728063,0.00050763996107456124,4.4531400152220052e-05,-0.00077450752663277864,-0.0011459290029837018,-0.075981236993502246,-0.0044790634365719628,-0.0044727250975275194,-0.0041157730439762043,-0.0056187988745293625,0,-0.82692150039343959
3.8100000000000001,approach_stop,40,40,0.20000000000000001,0.02,1.7324999999999999,0.75,0,0,3.2000000000000002,0,2.1718854293562013,1.3958034957360865,0,3.1933386669381689,0,-0.0082043767896443527,free_flight_controlled,sep_nmpc_adapted,formal_acados,2.3706227462654121,0,0.38117240807230129,-0.026262683090789191,-0.011882498620802151,0.28637436931636856,-0.52519874657404564,1.4142135627516804e-10,-0.25109424267910424,-1.3475567619439608,-1.3475567619439608,false,false,5.7177809999999996,0,0,false,0,-0.017864575857265527,0,130.91524934244853,130.91524934244853,0,-0.38243359062714921,0,0,-0.38243359062714921,0,0,0.029934360356255563,0.00048474794970688193,2.2486675610080404e-05,-0.00079512649658563107,-0.0011741615431257678,-0.075697113591610174,-0.0046773534992163518,-0.0043479642407259446,-0.0041294356093651494,-0.0056731230177690505,0,-0.82626979930137723
3.8149999999999999,approach_stop,40,40,0.20000000000000001,0.02,1.7362500000000001,0.75,0,0,3.2000000000000002,0,2.1788603179827462,1.394144582777284,0,3.1932979586034813,0,-0.008079437748120321,free_flight_controlled,sep_nmpc_adapted,formal_acados,2.3815991302961903,0,0.38143341877565651,-0.022261187686555856,-0.010423246444709447,0.28637436931636856,-0.52519874657404564,1.4142135627516804e-10,-0.25109424267910424,-1.3475567619439608,-1.3475567619439608,false,false,5.7177809999999996,0,0,false,0,-0.018898547522205305,0,130.92757849863537,130.92757849863537,0,-0.36133434359969274,0,0,-0.36133434359969274,0,0,0.029556196059252287,0.00046108494828035317,9.6785893058892123e-07,-0.00081576443699328842,-0.0012026512598029403,-0.075563584032086434,-0.0047878263321898297,-0.0042619205625315714,-0.0041237244492108062,-0.0057214314313845495,0,-0.82556388714434403
3.8200000000000003,approach_stop,40,40,0.20000000000000001,0.02,1.7400000000000002,0.75,0,0,3.2000000000000002,0,2.1858268013876718,1.3924413820778037,0,3.1932578798728786,0,-0.0079525400528206759,free_flight_controlled,sep_nmpc_adapted,formal_acados,2.3925760964653682,0,0.38170150206855924,-0.018250704922303657,-0.008960653191444486,0.28637436931636856,-0.52519874657404564,1.4142135627516804e-10,-0.25109424267910424,-1.3475567619439608,-1.3475567619439608,false,false,5.7177809999999996,0,0,false,0,-0.019936077535730918,0,130.93969794954222,130.93969794954222,0,-0.3408287038299056,0,0,-0.3408287038299056,0,0,0.029178338148334156,0.00043707605332075997,-2.0208148418513604e-05,-0.00083633135083922957,-0.0012313641972966777,-0.075574232994673848,-0.004816553242502423,-0.0042099690459954046,-0.0041015760143809704,-0.0057621362371765286,0,-0.82480319072163544
3.8250000000000002,approach_stop,40,40,0.20000000000000001,0.02,1.7437500000000001,0.75,0,0,3.2000000000000002,0,2.192784657773224,1.3906937559800774,0,3.1932184402480694,0,-0.0078238002827819009,free_flight_controlled,sep_nmpc_adapted,formal_acados,2.4035532672626827,0,0.38197668150669728,-0.014231390510541259,-0.0074947321735661003,0.28637436931636856,-0.52519874657404564,1.4142135627516804e-10,-0.25109424267910424,-1.3475567619439608,-1.3475567619439608,false,false,5.7177809999999996,0,0,false,0,-0.020976708004874688,0,130.95160423293308,130.95160423293308,0,-0.32090175011002686,0,0,-0.32090175011002686,0,0,0.028800083761086583,0.00041310953482216018,-4.1195527275179384e-05,-0.00085675432348432824,-0.0012602580552675043,-0.075721685824931648,-0.0047720894177082718,-0.0041852924731165557,-0.0040668053386848134,-0.0057935169213734865,0,-0.82398716818672435
3.8300000000000001,approach_stop,40,40,0.20000000000000001,0.02,1.7475000000000001,0.75,0,0,3.2000000000000002,0,2.1997336647419323,1.3889016019307512,0,3.1931796486460691,0,-0.0076933357132142315,free_flight_controlled,sep_nmpc_adapted,formal_acados,2.4145302644689006,0,0.3822589791284185,-0.01020340027303171,-0.0060254982127987576,0.28637436931636856,-0.52519874657404564,1.4142135627516804e-10,-0.25109424267910424,-1.3475567619439608,-1.3475567619439608,false,false,5.7177809999999996,0,0,false,0,-0.022019996633153089,0,130.96329442879124,130.96329442879124,0,-0.3015386663256312,0,0,-0.3015386663256312,0,0,0.02842076885247919,0.00038952600337165502,-6.211046677348026e-05,-0.00087698070114242447,-0.0012892819579962951,-0.075997827612497751,-0.0046648353851234114,-0.0041796375884326446,-0.0040236228482096919,-0.005813891024402767,0,-0.82311531042231056
3.835,approach_stop,40,40,0.20000000000000001,0.02,1.75125,0.75,0,0,3.2000000000000002,0,2.2066735994672539,1.387064850529536,0,3.1931415133965535,0,-0.0075612639818322868,free_flight_controlled,sep_nmpc_adapted,formal_acados,2.4255067091827809,0,0.38254841551003865,-0.0061668902844730644,-0.0045529676744367111,0.28637436931636856,-0.52519874657404564,1.4142135627516804e-10,-0.25109424267910424,-1.3475567619439608,-1.3475567619439608,false,false,5.7177809999999996,0,0,false,0,-0.023065516468601881,0,130.97476613129416,130.97476613129416,0,-0.28272476244529621,0,0,-0.28272476244529621,0,0,0.02803977133644479,0.00036661079816277135,-8.3025852299949419e-05,-0.00089697891899543833,-0.0013183770333528536,-0.07639402694092709,-0.0045063931550002488,-0.0041840561033549628,-0.0039761825659300311,-0.0058217655206073554,0,-0.82218714238455126
3.8399999999999999,approach_stop,40,40,0.20000000000000001,0.02,1.7549999999999999,0.75,0,0,3.2000000000000002,0,2.2136042388544896,1.3851834635963107,0,3.1931040422408481,0,-0.007427702768248696,free_flight_controlled,sep_nmpc_adapted,formal_acados,2.4364822218459059,0,0.38284500984023834,-0.0021220170085837486,-0.0030771584974699415,0.28637436931636856,-0.52519874657404564,1.4142135627516804e-10,-0.25109424267910424,-1.3475567619439608,-1.3475567619439608,false,false,5.7177809999999996,0,0,false,0,-0.024112855639967949,0,130.98601742100789,130.98601742100789,0,-0.26444549441822107,0,0,-0.26444549441822107,0,0,0.027656513119524318,0.00034458953765718436,-0.00010396953215445655,-0.00091673720764675584,-0.0013474776800520127,-0.076901353681089649,-0.0043089500321593322,-0.0041895889616439452,-0.0039281892421778051,-0.0058159594275681153,0,-0.82120222433056234
3.8450000000000002,approach_stop,40,40,0.20000000000000001,0.02,1.75875,0.75,0,0,3.2000000000000002,0,2.2205253596921524,1.3832574322878779,0,3.1930672423324884,0,-0.0072927694877178611,free_flight_controlled,sep_nmpc_adapted,formal_acados,2.4474564222655664,0,0.38314878000766162,0.0019310625734139941,-0.0015980902204588497,0.28637436931636856,-0.52519874657404564,1.4142135627516804e-10,-0.25109424267910424,-1.3475567619439608,-1.3475567619439608,false,false,5.7177809999999996,0,0,false,0,-0.02516161708214025,0,130.9970468374228,130.9970468374228,0,-0.24668648250394209,0,0,-0.24668648250394209,0,0,0.02727046107921647,0.00032362662467920911,-0.00012492579381815085,-0.00093626052629966299,-0.0013765133620592667,-0.077510782007444753,-0.0040847169599893124,-0.0041878612816677596,-0.0038825846552807556,-0.0057956912532773639,0,-0.82016255169296337
3.8500000000000001,approach_stop,40,40,0.20000000000000001,0.02,1.7625000000000002,0.75,0,0,3.2000000000000002,0,2.2274367387940734,1.3812867752777687,0,3.1930311202394179,0,-0.0071565808562675257,free_flight_controlled,sep_nmpc_adapted,formal_acados,2.4584289288404766,0,0.38345974254803811,0.0059921900464031397,-0.00011578431285474491,0.29350298977030714,-0.50254010774009139,1.4142135627838264e-10,-0.23249139447853681,-1.442598916880893,-1.442598916880893,false,false,5.7129329999999996,0,0,false,0,-0.026211418252146484,0,131.04083291988158,131.04083291988158,0,-0.37457654251175909,0,0,-0.37457654251175909,0,0,0.0268811270662823,0.00030382645852445711,-0.00014583987909778091,-0.00095556481645731159,-0.0014054111579771273,-0.07821337953729196,-0.0038453922098953207,-0.004171782906304931,-0.0038404459344886909,-0.0057608984401106003,0,-0.81976511998542356
3.855,approach_stop,40,40,0.20000000000000001,0.02,1.7662499999999999,0.75,0,0,3.2000000000000002,0,2.2343381491918142,1.3792699137498396,0,3.192995709939098,0,-0.0070080483987323503,free_flight_controlled,sep_nmpc_adapted,formal_acados,2.4693993550234401,0,0.38377795153547256,0.010061205831625925,0.001369561462581546,0.29350298977030714,-0.50254010774009139,1.4142135627838264e-10,-0.23249139447853681,-1.442598916880893,-1.442598916880893,false,false,5.7129329999999996,0,0,false,0,-0.027263760052616763,0,131.05224582370036,131.05224582370036,0,-0.35261551915151834,0,0,-0.35261551915151834,0,0,0.026491042995427951,0.00028386117293555796,-0.00016629424946417248,-0.00097474082503866096,-0.0014340854458422374,-0.077814491771601144,-0.0041413347052607942,-0.0040128803371488019,-0.0038272502894326921,-0.0057073908053759765,0,-0.8193438968675355
3.8599999999999999,approach_stop,40,40,0.20000000000000001,0.02,1.77,0.75,0,0,3.2000000000000002,0,2.2412293630818718,1.3772081390468927,0,3.1929610458856952,0,-0.006858086990789161,free_flight_controlled,sep_nmpc_adapted,formal_acados,2.4803673121318042,0,0.38410346023639885,0.014137949049932347,0.0028577540390761938,0.29350298977030714,-0.50254010774009139,1.4142135627838264e-10,-0.23249139447853681,-1.442598916880893,-1.442598916880893,false,false,5.7129329999999996,0,0,false,0,-0.028320087634447957,0,131.06346955007396,131.06346955007396,0,-0.33126923828336041,0,0,-0.33126923828336041,0,0,0.026102583596526951,0.0002626268948812776,-0.00018605746833845124,-0.00099379525776387774,-0.0014624730914110408,-0.077563579871117852,-0.004352770858575372,-0.0038954417463983432,-0.0037919854833518992,-0.0056461002011674033,0,-0.8188877270081053
3.8650000000000002,approach_stop,40,40,0.20000000000000001,0.02,1.7737500000000002,0.75,0,0,3.2000000000000002,0,2.2481101554221654,1.3751012672204517,0,3.1929271349515176,0,-0.0067068056032792978,free_flight_controlled,sep_nmpc_adapted,formal_acados,2.4913324109171855,0,0.38443628182843237,0.018222255495020073,0.0043487785565881195,0.29350298977030714,-0.50254010774009139,1.4142135627838264e-10,-0.23249139447853681,-1.442598916880893,-1.442598916880893,false,false,5.7129329999999996,0,0,false,0,-0.029379923134979957,0,131.07449984690351,131.07449984690351,0,-0.31052276310169735,0,0,-0.31052276310169735,0,0,0.025715021259217496,0.00024054092856495043,-0.00020533372716830073,-0.0010126221412559326,-0.0014905330129071268,-0.077455588377796508,-0.004482288925240943,-0.003817607254624,-0.0037366743609234519,-0.0055761443219020388,0,-0.81837616771493393
3.8700000000000001,approach_stop,40,40,0.20000000000000001,0.02,1.7775000000000001,0.75,0,0,3.2000000000000002,0,2.2549803003463871,1.3729491520602701,0,3.1928939834617704,0,-0.0065543140181802484,free_flight_controlled,sep_nmpc_adapted,formal_acados,2.5022942616291464,0,0.38477642836847964,0.022313961282759281,0.0058426187778217124,0.29350298977030714,-0.50254010774009139,1.4142135627838264e-10,-0.23249139447853681,-1.442598916880893,-1.442598916880893,false,false,5.7129329999999996,0,0,false,0,-0.030442804529840887,0,131.08533302818148,131.08533302818148,0,-0.29036122713698642,0,0,-0.29036122713698642,0,0,0.025327655944463082,0.00021800039932335098,-0.00022430993993457194,-0.0010311292948976391,-0.0015182192455330786,-0.07748450488958103,-0.0045353278932337652,-0.0037745182635512253,-0.003664720483049588,-0.0054964346424963405,0,-0.81780853472725312
3.875,approach_stop,40,40,0.20000000000000001,0.02,1.78125,0.75,0,0,3.2000000000000002,0,2.2618395713474015,1.3707516831394222,0,3.1928615971914773,0,-0.0064007225045085861,free_flight_controlled,sep_nmpc_adapted,formal_acados,2.5132524740446622,0,0.38512391081235953,0.026412902697260682,0.0073392570493954114,0.29350298977030714,-0.50254010774009139,1.4142135627838264e-10,-0.23249139447853681,-1.442598916880893,-1.442598916880893,false,false,5.7129329999999996,0,0,false,0,-0.031508285400419805,0,131.09596594662216,131.09596594662216,0,-0.27076985660636832,0,0,-0.27076985660636832,0,0,0.024939820010724461,0.0001953690821701393,-0.00024314313477319605,-0.0010492438852732326,-0.0015454800341707629,-0.07764341636284805,-0.0045196892085184832,-0.0037592015742061481,-0.0035803774921668299,-0.0054057727957569834,0,-0.81718417582429714
3.8799999999999999,approach_stop,40,40,0.20000000000000001,0.02,1.7849999999999999,0.75,0,0,3.2000000000000002,0,2.2686877414515254,1.3685087839543197,0,3.192829981363837,0,-0.0062461415028200037,free_flight_controlled,sep_nmpc_adapted,formal_acados,2.5242066574949433,0,0.38547873905720176,0.030518916043417915,0.0088386742666735733,0.29350298977030714,-0.50254010774009139,1.4142135627838264e-10,-0.23249139447853681,-1.442598916880893,-1.442598916880893,false,false,5.7129329999999996,0,0,false,0,-0.032575934691221567,0,131.1063959662919,131.1063959662919,0,-0.25173399038986011,0,0,-0.25173399038986011,0,0,0.024550882205766122,0.00017296710748412292,-0.00026195173110959015,-0.0010669154603881463,-0.0015722577127083306,-0.077924715306592049,-0.0044449260470108883,-0.0037633103776068973,-0.0034882654891246223,-0.0053030195997725493,0,-0.81650247221441419
3.8850000000000002,approach_stop,40,40,0.20000000000000001,0.02,1.7887500000000003,0.75,0,0,3.2000000000000002,0,2.2755245833834556,1.3662204100493336,0,3.1927991406501248,0,-0.0060906813234057316,free_flight_controlled,sep_nmpc_adapted,formal_acados,2.5351564208892903,0,0.38584092200521497,0.034631837505834623,0.010340849842435185,0.29350298977030714,-0.50254010774009139,1.4142135627838264e-10,-0.23249139447853681,-1.442598916880893,-1.442598916880893,false,false,5.7129329999999996,0,0,false,0,-0.033645336455774173,0,131.11662093549461,131.11662093549461,0,-0.23323909952817146,0,0,-0.23323909952817146,0,0,0.024160250612741664,0.00015106374375692592,-0.0002808104975895602,-0.0010841166348108224,-0.0015984893832932336,-0.078320310052289469,-0.0043217289526910679,-0.0037778481922494281,-0.0033929200712553534,-0.0051872442109586444,0,-0.81576283992988052
3.8900000000000001,approach_stop,40,40,0.20000000000000001,0.02,1.7925,0.75,0,0,3.2000000000000002,0,2.2823498697218558,1.3638865471608765,0,3.192769079171061,0,-0.0059344518580614677,free_flight_controlled,sep_nmpc_adapted,formal_acados,2.5461013727361204,0,0.38621046764382794,0.038751503014264527,0.011845761679423578,0.29350298977030714,-0.50254010774009139,1.4142135627838264e-10,-0.23249139447853681,-1.442598916880893,-1.442598916880893,false,false,5.7129329999999996,0,0,false,0,-0.034716089591759418,0,131.12663915996299,131.12663915996299,0,-0.21527080567581769,0,0,-0.21527080567581769,0,0,0.023767374556232304,0.00012987319404800205,-0.00029974900142096044,-0.0011008416591333536,-0.0016241082717058329,-0.078821828949723519,-0.0041613395203845644,-0.0037938354901416046,-0.0032984009204144482,-0.0050578441211329081,0,-0.81496473113724699
3.895,approach_stop,40,40,0.20000000000000001,0.02,1.7962500000000001,0.75,0,0,3.2000000000000002,0,2.2891633730457688,1.3615072094104717,0,3.1927398004995959,0,-0.0057775623061690432,free_flight_controlled,sep_nmpc_adapted,formal_acados,2.5570411211614665,0,0.3865873831362181,0.04287774811569775,0.013353386146766016,0.29350298977030714,-0.50254010774009139,1.4142135627838264e-10,-0.23249139447853681,-1.442598916880893,-1.442598916880893,false,false,5.7129329999999996,0,0,false,0,-0.035787807566392445,0,131.13644937644983,131.13644937644983,0,-0.19781489806392694,0,0,-0.19781489806392694,0,0,0.023371745520340836,0.00010955319910172567,-0.00031875318020905527,-0.0011171032238191528,-0.0016490455961798796,-0.079420810110506182,-0.0039750177885097861,-0.0038028876178709567,-0.0032079796262800887,-0.0049146297583173622,0,-0.81410763529020902
3.8999999999999999,approach_stop,40,40,0.20000000000000001,0.02,1.7999999999999998,0.75,0,0,3.2000000000000002,0,2.2959648660721768,1.3590824375703294,0,3.192711307665018,0,-0.0056201209161888758,free_flight_controlled,sep_nmpc_adapted,formal_acados,2.5679752739254145,0,0.38697167491592482,0.047010407853237707,0.014863698060194984,0.29958964746099453,-0.47500779805102267,1.4142135628290308e-10,-0.2106099763277445,-1.5342600030920015,-1.5342600030920015,false,false,5.7324419999999998,0,0,false,0,-0.036860118133338532,0,131.19077377121695,131.19077377121695,0,-0.32053488235483907,0,0,-0.32053488235483907,0,0,0.022972897167988168,9.0206128050881025e-05,-0.00033776953399693014,-0.0011329279271883649,-0.0016732327635357604,-0.080108870279060884,-0.0037735824349633129,-0.0037976821050640553,-0.003123918925725977,-0.0047578705376344768,0,-0.81319108007066099
3.9050000000000002,approach_stop,40,40,0.20000000000000001,0.02,1.8037500000000002,0.75,0,0,3.2000000000000002,0,2.3027541171975692,1.3566104163684189,0,3.1926836427326526,0,-0.0054463978580543589,free_flight_controlled,sep_nmpc_adapted,formal_acados,2.5789034376359274,0,0.38736339765361932,0.051149320438358264,0.016376504261015907,0.29958964746099453,-0.47500779805102267,1.4142135628290308e-10,-0.2106099763277445,-1.5342600030920015,-1.5342600030920015,false,false,5.7324419999999998,0,0,false,0,-0.037934461783795788,0,131.20075866089584,131.20075866089584,0,-0.29906400034255598,0,0,-0.29906400034255598,0,0,0.022573267543434916,7.0559259914165968e-05,-0.00035639382385190276,-0.001148421279981552,-0.0016965899695376805,-0.079736945770732592,-0.0040857075836271866,-0.0036547578412523714,-0.0030714046462332577,-0.0045838733968039651,0,-0.8122176285232624
3.9100000000000001,approach_stop,40,40,0.20000000000000001,0.02,1.8075000000000001,0.75,0,0,3.2000000000000002,0,2.3095308941146708,1.3540927261612798,0,3.1926568480235771,0,-0.0052720367040064459,free_flight_controlled,sep_nmpc_adapted,formal_acados,2.5898252184175106,0,0.38776260568612259,0.055294324302839731,0.017891616640036211,0.29958964746099453,-0.47500779805102267,1.4142135628290308e-10,-0.2106099763277445,-1.5342600030920015,-1.5342600030920015,false,false,5.7324419999999998,0,0,false,0,-0.03901222574787741,0,131.21056907031019,131.21056907031019,0,-0.27819502180842304,0,0,-0.27819502180842304,0,0,0.022175141419412386,4.9559356625786293e-05,-0.00037440199335424848,-0.0011636072010512012,-0.0017190632314084888,-0.079507647525826036,-0.0043144647615023356,-0.0035512489923761525,-0.0030011393168549662,-0.0044043205724261297,0,-0.81118682852632751
3.915,approach_stop,40,40,0.20000000000000001,0.02,1.81125,0.75,0,0,3.2000000000000002,0,2.3162949680790348,1.3515292134162962,0,3.1926309264690977,0,-0.0050971410427417029,free_flight_controlled,sep_nmpc_adapted,formal_acados,2.6007402228096508,0,0.38816930414020601,0.059445254730615987,0.019409018523703896,0.29958964746099453,-0.47500779805102267,1.4142135628290308e-10,-0.2106099763277445,-1.5342600030920015,-1.5342600030920015,false,false,5.7324419999999998,0,0,false,0,-0.040092947119054395,0,131.22020123171609,131.22020123171609,0,-0.25791323624475626,0,0,-0.25791323624475626,0,0,0.021777816557582225,2.7619549745030092e-05,-0.00039198713115625876,-0.0011784015051127638,-0.0017406247814584419,-0.079416403360592761,-0.0044618704256310223,-0.0034850529989827674,-0.0029151917130913183,-0.0042191586149751261,0,-0.81009808193799426
3.9199999999999999,approach_stop,40,40,0.20000000000000001,0.02,1.8149999999999999,0.75,0,0,3.2000000000000002,0,2.3230461096705532,1.3489197610470711,0,3.1926058804818473,0,-0.0049218146665536422,free_flight_controlled,sep_nmpc_adapted,formal_acados,2.6116480570691625,0,0.38858349752805948,0.063601947398609221,0.020928691922363969,0.29958964746099453,-0.47500779805102267,1.4142135628290308e-10,-0.2106099763277445,-1.5342600030920015,-1.5342600030920015,false,false,5.7324419999999998,0,0,false,0,-0.041176178501459396,0,131.22965190385878,131.22965190385878,0,-0.23820400877859149,0,0,-0.23820400877859149,0,0,0.021380616364584007,5.1354508325765895e-06,-0.00040932477220825326,-0.001192733585687532,-0.0017612458544405127,-0.079457555721368839,-0.0045328307416481273,-0.0034513591966583751,-0.0028168499966969508,-0.004028068841673278,0,-0.80895082395617157
3.9250000000000003,approach_stop,40,40,0.20000000000000001,0.02,1.8187500000000001,0.75,0,0,3.2000000000000002,0,2.3297840889711696,1.3462642866651158,0,3.1925817119556901,0,-0.004746161271827528,free_flight_controlled,sep_nmpc_adapted,formal_acados,2.6225483271915975,0,0.38900518975148235,0.067764238220427847,0.022450617491905221,0.29958964746099453,-0.47500779805102267,1.4142135628290308e-10,-0.2106099763277445,-1.5342600030920015,-1.5342600030920015,false,false,5.7324419999999998,0,0,false,0,-0.042261487779330295,0,131.23891834527936,131.23891834527936,0,-0.21905279905260966,0,0,-0.21905279905260966,0,0,0.020982894876146442,-1.7527960961405475e-05,-0.00042656103548918678,-0.0012065513726978627,-0.001780895765767572,-0.079624542490772721,-0.0045345971126759862,-0.0034433293980381638,-0.0027101630425320831,-0.0038306288568235309,0,-0.8077445242339012
3.9300000000000002,approach_stop,40,40,0.20000000000000001,0.02,1.8225000000000002,0.75,0,0,3.2000000000000002,0,2.3365086757338731,1.3435627407742083,0,3.1925584222669157,0,-0.004570284175922491,free_flight_controlled,sep_nmpc_adapted,formal_acados,2.6334406389296694,0,0.38943438412547537,0.071931963195796284,0.023974774498737344,0.29958964746099453,-0.47500779805102267,1.4142135628290308e-10,-0.2106099763277445,-1.5342600030920015,-1.5342600030920015,false,false,5.7324419999999998,0,0,false,0,-0.043348457877131284,0,131.24799828804191,131.24799828804191,0,-0.20044518036489412,0,0,-0.20044518036489412,0,0,0.020584040791812645,-4.0046610437226011e-05,-0.0004438042620847724,-0.001219823982133309,-0.0017995417829490413,-0.079910093979455449,-0.0044761805183305484,-0.0034528092725461053,-0.0025994816891411984,-0.0036264662129463087,0,-0.80647868809786083
3.9350000000000001,approach_stop,40,40,0.20000000000000001,0.02,1.8262499999999999,0.75,0,0,3.2000000000000002,0,2.3432196395425975,1.3408151049452166,0,3.1925360122768041,0,-0.0043942860485237266,free_flight_controlled,sep_nmpc_adapted,formal_acados,2.6443245978086138,0,0.38987108341840071,0.076104958266016348,0.025501140788418353,0.29958964746099453,-0.47500779805102267,1.4142135628290308e-10,-0.2106099763277445,-1.5342600030920015,-1.5342600030920015,false,false,5.7324419999999998,0,0,false,0,-0.044436686508748761,0,131.25688991180991,131.25688991180991,0,-0.18236685844021716,0,0,-0.18236685844021716,0,0,0.020183480507829143,-6.2144641201074393e-05,-0.00046112018989165945,-0.0012325421392750703,-0.0018171497213336229,-0.080306434902258611,-0.0043677600471393645,-0.0034710244934078164,-0.0024890317429294242,-0.0034153927768058871,0,-0.80515285776987233
3.9399999999999999,approach_stop,40,40,0.20000000000000001,0.02,1.8300000000000001,0.75,0,0,3.2000000000000002,0,2.349916749963016,1.3380213900052225,0,3.1925144823355058,0,-0.0042182686567689516,free_flight_controlled,sep_nmpc_adapted,formal_acados,2.6551998091387432,0,0.39031528990405073,0.080283059175727173,0.027029692757985561,0.29958964746099453,-0.47500779805102267,1.4142135628290308e-10,-0.2106099763277445,-1.5342600030920015,-1.5342600030920015,false,false,5.7324419999999998,0,0,false,0,-0.045525785916341675,0,131.26559181828713,131.26559181828713,0,-0.16480368927909272,0,0,-0.16480368927909272,0,0,0.019780680148537354,-8.3598823727081453e-05,-0.00047853048835537693,-0.0012447166013490906,-0.0018336851445745136,-0.080805481491096745,-0.0042201163086423325,-0.00348922280734551,-0.0023825444764090501,-0.0031975110296715336,0,-0.80376661350580014
3.9450000000000003,approach_stop,40,40,0.20000000000000001,0.02,1.8337500000000002,0.75,0,0,3.2000000000000002,0,2.3565997766843805,1.3351816342697636,0,3.1924938322871581,0,-0.0040423326243309021,free_flight_controlled,sep_nmpc_adapted,formal_acados,2.6660658780256492,0,0.39076700542001153,0.084466101341268723,0.02856040533201052,0.29958964746099453,-0.47500779805102267,1.4142135628290308e-10,-0.2106099763277445,-1.5342600030920015,-1.5342600030920015,false,false,5.7324419999999998,0,0,false,0,-0.046615382599778259,0,131.27410300609088,131.27410300609088,0,-0.14774169564552442,0,0,-0.14774169564552442,0,0,0.019375146641748237,-0.00010424024596085964,-0.00049601430322673281,-0.001256374917128906,-0.0018491150136249557,-0.081399025578207995,-0.0040441146849766367,-0.0034992316599456942,-0.0022829634483532376,-0.002973286453451508,0,-0.80231957458263325
3.9500000000000002,approach_stop,40,40,0.20000000000000001,0.02,1.8375000000000001,0.75,0,0,3.2000000000000002,0,2.3632684896526768,1.3322959018413281,0,3.1924740614761689,0,-0.0038665772050641518,free_flight_controlled,sep_nmpc_adapted,formal_acados,2.6769224093786383,0,0.39122623142649748,0.088653919725961566,0.030093251942329619,0.30459107764269266,-0.44378502975706269,1.4142135628907636e-10,-0.1866615977545201,-1.6219429468175324,-1.6219429468175324,false,false,5.7177600000000002,0,0,false,0,-0.047705117037850839,0,131.3377837705936,131.3377837705936,0,-0.26450896729237039,0,0,-0.26450896729237039,0,0,0.018966427919793822,-0.00012395358503028528,-0.00051351233209609936,-0.0012675569371469824,-0.0018634096062676902,-0.082078899350593121,-0.0038502570998740666,-0.0034939101022204867,-0.0021922392654108278,-0.0027435831198825639,0,-0.80081140008233764
3.9550000000000001,approach_stop,40,40,0.20000000000000001,0.02,1.8412500000000001,0.75,0,0,3.2000000000000002,0,2.3699226538060096,1.3293620803346837,0,3.1924552188499677,0,-0.0036710554963648038,free_flight_controlled,sep_nmpc_adapted,formal_acados,2.6877690060846735,0,0.3916930263565358,0.092846352278663863,0.031628045650537812,0.30459107764269266,-0.44378502975706269,1.4142135628907636e-10,-0.1866615977545201,-1.6219429468175324,-1.6219429468175324,false,false,5.7177600000000002,0,0,false,0,-0.048796360541196092,0,131.34627085996536,131.34627085996536,0,-0.24364318690450326,0,0,-0.24364318690450326,0,0,0.018556844842255567,-0.00014393645523467144,-0.00053063018491193779,-0.0012783762148859835,-0.0018765312555610772,-0.08174820846165741,-0.0041431543444088552,-0.003355439673299496,-0.0021339784537396369,-0.0025053692840713458,0,-0.79924413526903271
3.96,approach_stop,40,40,0.20000000000000001,0.02,1.845,0.75,0,0,3.2000000000000002,0,2.3765620335249764,1.3263821054319931,0,3.1924373534032431,0,-0.0034757105463707749,free_flight_controlled,sep_nmpc_adapted,formal_acados,2.6986052706892085,0,0.39216744840552759,0.097043237164232105,0.033164604311063488,0.30459107764269266,-0.44378502975706269,1.4142135628907636e-10,-0.1866615977545201,-1.6219429468175324,-1.6219429468175324,false,false,5.7177600000000002,0,0,false,0,-0.0498904339852786,0,131.35460117956481,131.35460117956481,0,-0.22336252704851911,0,0,-0.22336252704851911,0,0,0.0181485731808693,-0.00016517830613146749,-0.00054714478270303948,-0.001288867302985864,-0.0018884695825115304,-0.081554479830062782,-0.0043535683574250951,-0.0032526123429921262,-0.0020611041000372782,-0.0022703595994738555,0,-0.79761784117800427
3.9650000000000003,approach_stop,40,40,0.20000000000000001,0.02,1.8487500000000003,0.75,0,0,3.2000000000000002,0,2.3831863977258969,1.3233558564467551,0,3.1924204640118892,0,-0.0032806383199810865,free_flight_controlled,sep_nmpc_adapted,formal_acados,2.709430807329114,0,0.39264949820281159,0.10124440960321709,0.034702909416315167,0.30459107764269266,-0.44378502975706269,1.4142135628907636e-10,-0.1866615977545201,-1.6219429468175324,-1.6219429468175324,false,false,5.7177600000000002,0,0,false,0,-0.050986892436390104,0,131.3627714453855,131.3627714453855,0,-0.20365257439043472,0,0,-0.20365257439043472,0,0,0.017740939097239256,-0.00018727092654269032,-0.00056323037634619408,-0.0012989608439044841,-0.0018992417474431756,-0.081493114810300721,-0.0044836953268825091,-0.0031833624113909338,-0.0019753296212384006,-0.0020389435089350166,0,-0.79593206533709704
3.9700000000000002,approach_stop,40,40,0.20000000000000001,0.02,1.8525,0.75,0,0,3.2000000000000002,0,2.3897955148099688,1.3202832476633199,0,3.1924045490727937,0,-0.0030859343716744202,free_flight_controlled,sep_nmpc_adapted,formal_acados,2.7202452200041143,0,0.39313917595971226,0.10544970519414551,0.036242941189137894,0.30459107764269266,-0.44378502975706269,1.4142135628907636e-10,-0.1866615977545201,-1.6219429468175324,-1.6219429468175324,false,false,5.7177600000000002,0,0,false,0,-0.052085306062642431,0,131.37077885364624,131.37077885364624,0,-0.18449899614463106,0,0,-0.18449899614463106,0,0,0.017333294456339573,-0.00020982425371040723,-0.00057904423528838038,-0.0013085991326860628,-0.0019088659866554724,-0.081558458424767749,-0.0045385153354679268,-0.0031430668960465737,-0.0018795324890012908,-0.0018111866264749765,0,-0.79418639064563668
3.9750000000000001,approach_stop,40,40,0.20000000000000001,0.02,1.8562500000000002,0.75,0,0,3.2000000000000002,0,2.3963891528336609,1.3171642266149626,0,3.1923896065067177,0,-0.0028916935835906579,free_flight_controlled,sep_nmpc_adapted,formal_acados,2.7310481125932964,0,0.39363648142968349,0.10965895975963544,0.037784678545175469,0.30459107764269266,-0.44378502975706269,1.4142135628907636e-10,-0.1866615977545201,-1.6219429468175324,-1.6219429468175324,false,false,5.7177600000000002,0,0,false,0,-0.053185259904825345,0,131.37862105551565,131.37862105551565,0,-0.1658875585106494,0,0,-0.1658875585106494,0,0,0.016925021674330611,-0.00023247899352346895,-0.00059471547112056899,-0.0013177408650439039,-0.0019173603650458871,-0.081743976448602998,-0.0045252631426933969,-0.0031251983090130222,-0.0017773224771078409,-0.0015869793822648856,0,-0.79238043631057287
3.98,approach_stop,40,40,0.20000000000000001,0.02,1.8599999999999999,0.75,0,0,3.2000000000000002,0,2.4029670796705362,1.313998772307315,0,3.1923756337622713,0,-0.0026980099207857587,free_flight_controlled,sep_nmpc_adapted,formal_acados,2.7418390888689723,0,0.39414141388545393,0.11387200919843607,0.039328099058528083,0.30459107764269266,-0.44378502975706269,1.4142135628907636e-10,-0.1866615977545201,-1.6219429468175324,-1.6219429468175324,false,false,5.7177600000000002,0,0,false,0,-0.054286353638157828,0,131.38629613235139,131.38629613235139,0,-0.14780414534826347,0,0,-0.14780414534826347,0,0,0.016515537637712931,-0.00025491648249343377,-0.00061033721669155041,-0.0013263637117082426,-0.0019247422606960931,-0.082042447899124946,-0.0044528600933402291,-0.0031220062506261683,-0.0016726094049381347,-0.0013661791639076983,0,-0.79051385887179659
3.9849999999999999,approach_stop,40,40,0.20000000000000001,0.02,1.86375,0.75,0,0,3.2000000000000002,0,2.4095290631641211,1.3107868934238174,0,3.1923626278210766,0,-0.0025049762013795445,free_flight_controlled,sep_nmpc_adapted,formal_acados,2.7526177525078643,0,0.39465397211091463,0.11808868934374325,0.040873178930999329,0.30459107764269266,-0.44378502975706269,1.4142135628907636e-10,-0.1866615977545201,-1.6219429468175324,-1.6219429468175324,false,false,5.7177600000000002,0,0,false,0,-0.055388201323419435,0,131.39380257136435,131.39380257136435,0,-0.13023477648279114,0,0,-0.13023477648279114,0,0,0.016104296644310494,-0.00027686568395618872,-0.00062596219193783431,-0.0013344647946115144,-0.0019310285207957637,-0.082446162108680013,-0.0043313412392138222,-0.00312518367271285,-0.0015692007351912943,-0.0011487351019126312,0,-0.78858635322270487
3.9900000000000002,approach_stop,40,40,0.20000000000000001,0.02,1.8675000000000002,0.75,0,0,3.2000000000000002,0,2.4160748712718365,1.3075286265460178,0,3.1923505852040428,0,-0.0023126838804909421,free_flight_controlled,sep_nmpc_adapted,formal_acados,2.7633837070999139,0,0.39517415440385345,0.12230883582807736,0.042419892964993627,0.30459107764269266,-0.44378502975706269,1.4142135628907636e-10,-0.1866615977545201,-1.6219429468175324,-1.6219429468175324,false,false,5.7177600000000002,0,0,false,0,-0.056490431148031477,0,131.40113924170123,131.40113924170123,0,-0.11316562510434425,0,0,-0.11316562510434425,0,0,0.01569079236755528,-0.00029810737054824924,-0.00064160148352398062,-0.0013420592781361073,-0.0019362361802085818,-0.082947110874097937,-0.0041713072125458489,-0.0031264805878750321,-0.0014704535540239064,-0.00093478718231619802,0,-0.78659765354603484
3.9950000000000001,approach_stop,40,40,0.20000000000000001,0.02,1.8712500000000001,0.75,0,0,3.2000000000000002,0,2.4226042722056031,1.3042240385860673,0,3.1923395019763969,0,-0.0021212244773451297,free_flight_controlled,sep_nmpc_adapted,formal_acados,2.7741365562026474,0,0.39570196358885362,0.12653228399704428,0.043968214645882228,0.30459107764269266,-0.44378502975706269,1.4142135628907636e-10,-0.1866615977545201,-1.6219429468175324,-1.6219429468175324,false,false,5.7177600000000002,0,0,false,0,-0.057592685170750203,0,131.40830544668262,131.40830544668262,0,-0.096582964914657676,0,0,-0.096582964914657676,0,0,0.015274562221347337,-0.00031849593039321242,-0.00065720366915415697,-0.0013491503822274068,-0.0019404382614495405,-0.083534568113417987,-0.0039993808467722516,-0.0030970348394477321,-0.0013680434163466162,-0.00075777277711776335,0,-0.78454730809912798
4,approach_stop,40,40,0.20000000000000001,0.02,1.875,0.75,0,0,3.2000000000000002,0,2.4291170345875104,1.3008732208892324,0,3.1923293737441925,0,-0.0019306885664819647,free_flight_controlled,sep_nmpc_adapted,formal_acados,2.7848759039723809,0,0.39623742485681335,0.13075886938487055,0.045518116697294289,0.30849729509929341,-0.40736903725422946,1.414213562980144e-10,-0.1603974420353603,-1.7048376450721032,-1.7048376450721032,false,false,5.8043829999999996,0,0,false,0,-0.058694619109702743,0,131.47968274207906,131.47968274207906,0,-0.20629350582188,0,0,-0.20629350582188,0,0,0.014855208073729765,-0.00033809265970840706,-0.00067242941125102845,-0.0013557765203909148,-0.0019439089453305181,-0.084196694002557179,-0.00385319558745955,-0.0029779755137315294,-0.0012861118387771523,-0.00063832424743132457,0,-0.78243482432206246
4.0049999999999999,approach_stop,40,40,0.20000000000000001,0.02,1.8787499999999999,0.75,0,0,3.2000000000000002,0,2.4356129212217792,1.2974737156486584,0,3.1923202547425427,0,-0.0017175291437878729,free_flight_controlled,sep_nmpc_adapted,formal_acados,2.7956013513105842,0,0.39678062508236289,0.13498843008880498,0.047069420424702232,0.30849729509929341,-0.40736903725422946,1.414213562980144e-10,-0.1603974420353603,-1.7048376450721032,-1.7048376450721032,false,false,5.8043829999999996,0,0,false,0,-0.059797522235595486,0,131.48664137204219,131.48664137204219,0,-0.18615336396703941,0,0,-0.18615336396703941,0,0,0.01443493895702698,-0.00035816477967139972,-0.00068665552805508576,-0.001362052458477142,-0.0019468885500321855,-0.083904189529432668,-0.0041795549108377744,-0.0027064516255274262,-0.0012266124545053966,-0.00055859432326642018,0,-0.78026194710965369
4.0099999999999998,approach_stop,40,40,0.20000000000000001,0.02,1.8824999999999998,0.75,0,0,3.2000000000000002,0,2.4420916944767752,1.2940278509248191,0,3.1923121990689345,0,-0.0015053622141232563,free_flight_controlled,sep_nmpc_adapted,formal_acados,2.8063124987311405,0,0.39733164081240152,0.13922080425436531,0.048621951435375177,0.30849729509929341,-0.40736903725422946,1.414213562980144e-10,-0.1603974420353603,-1.7048376450721032,-1.7048376450721032,false,false,5.8043829999999996,0,0,false,0,-0.060902636588368489,0,131.49346327302047,131.49346327302047,0,-0.1665774835968965,0,0,-0.1665774835968965,0,0,0.014015813271426225,-0.0003797188453628081,-0.0006994914640685632,-0.0013680614056249701,-0.0019495357387869369,-0.083739999875079671,-0.0044433265241918228,-0.0024252049830384916,-0.0011788579674233109,-0.00050368752067662243,0,-0.77802935897402814
4.0149999999999997,approach_stop,40,40,0.20000000000000001,0.02,1.8862499999999998,0.75,0,0,3.2000000000000002,0,2.4485531223065315,1.2905355332917718,0,3.1923052015459499,0,-0.0012942735546456364,free_flight_controlled,sep_nmpc_adapted,formal_acados,2.8170089497777493,0,0.3978904777099202,0.14345582747121774,0.050175689722165212,0.30849729509929341,-0.40736903725422946,1.414213562980144e-10,-0.1603974420353603,-1.7048376450721032,-1.7048376450721032,false,false,5.8043829999999996,0,0,false,0,-0.062009538317809858,0,131.50014561747599,131.50014561747599,0,-0.14755195951720701,0,0,-0.14755195951720701,0,0,0.013597192433162321,-0.0004024123390517488,-0.00071093201084854315,-0.0013738554296586578,-0.001951952596641547,-0.083702629388808278,-0.0046335972103350503,-0.0021506362138414641,-0.0011402263808495134,-0.00046534739480304135,0,-0.7757368758509573
4.0200000000000005,approach_stop,40,40,0.20000000000000001,0.02,1.8900000000000003,0.75,0,0,3.2000000000000002,0,2.4549969722859362,1.286996703477219,0,3.1922992565691359,0,-0.0010843481650061307,free_flight_controlled,sep_nmpc_adapted,formal_acados,2.8276903078426159,0,0.3984571365840589,0.14769333555667971,0.051730613945776181,0.30849729509929341,-0.40736903725422946,1.414213562980144e-10,-0.1603974420353603,-1.7048376450721032,-1.7048376450721032,false,false,5.8043829999999996,0,0,false,0,-0.06311781809661568,0,131.50668601568452,131.50668601568452,0,-0.1290629479006955,0,0,-0.1290629479006955,0,0,0.013178449253280449,-0.00042586070707704851,-0.00072104087479007268,-0.0013794741909410129,-0.0019542072324317656,-0.083789510896162808,-0.0047429640158640259,-0.0018953665676773278,-0.0011081028372301373,-0.00043798383784560195,0,-0.7733843180990092
4.0250000000000004,approach_stop,40,40,0.20000000000000001,0.02,1.8937500000000003,0.75,0,0,3.2000000000000002,0,2.4614230117341309,1.2834113138830527,0,3.1922943581082874,0,-0.00087567172141357391,free_flight_controlled,sep_nmpc_adapted,formal_acados,2.8383561765161911,0,0.3990316147177761,0.15193316478206018,0.053286701568506477,0.30849729509929341,-0.40736903725422946,1.414213562980144e-10,-0.1603974420353603,-1.7048376450721032,-1.7048376450721032,false,false,5.8043829999999996,0,0,false,0,-0.064227080809053982,0,131.51308256876843,131.51308256876843,0,-0.11109702619255257,0,0,-0.11109702619255257,0,0,0.012758945380206195,-0.00044957275865616932,-0.00073000826710914284,-0.0013849286430984288,-0.001956340663260339,-0.084010502629963152,-0.0047279745708735622,-0.0017047479395603596,-0.0010722062542207842,-0.0004158493910520675,0,-0.77097142845390865
4.0300000000000002,approach_stop,40,40,0.20000000000000001,0.02,1.8975000000000002,0.75,0,0,3.2000000000000002,0,2.4678310078422774,1.2797793752078088,0,3.1922904997097192,0,-0.00066832673487269374,free_flight_controlled,sep_nmpc_adapted,formal_acados,2.849006160000966,0,0.39961390732291491,0.15617515215868857,0.05484392901532844,0.30849729509929341,-0.40736903725422946,1.414213562980144e-10,-0.1603974420353603,-1.7048376450721032,-1.7048376450721032,false,false,5.8043829999999996,0,0,false,0,-0.065336945276862568,0,131.51933367730447,131.51933367730447,0,-0.09364037844830686,0,0,-0.09364037844830686,0,0,0.012338009059576917,-0.00047288805724868857,-0.00073820158643700764,-0.0013901931784042225,-0.0019583709899848646,-0.084360331441935943,-0.004589898491783026,-0.0015809303646879709,-0.0010333792163703108,-0.00039672669773056817,0,-0.76849801945819551
4.0350000000000001,approach_stop,40,40,0.20000000000000001,0.02,1.9012500000000001,0.75,0,0,3.2000000000000002,0,2.4742207279962427,1.2761009436594646,0,3.1922876745167046,0,-0.00046239268082955994,free_flight_controlled,sep_nmpc_adapted,formal_acados,2.8596398622497983,0,0.40020400790940025,0.16041913425355556,0.056402271200012392,0.30849729509929341,-0.40736903725422946,1.414213562980144e-10,-0.1603974420353603,-1.7048376450721032,-1.7048376450721032,false,false,5.8043829999999996,0,0,false,0,-0.066447044453315993,0,131.52543803918766,131.52543803918766,0,-0.076679045459991713,0,0,-0.076679045459991713,0,0,0.01191503646838978,-0.00049527200928366059,-0.00074589167085511499,-0.0013952678079465427,-0.00196031293887688,-0.084823267506093883,-0.0043596417636331732,-0.0015003270220368162,-0.00099679643678950722,-0.00038046666941345055,0,-0.7659640049981048
4.04,approach_stop,40,40,0.20000000000000001,0.02,1.905,0.75,0,0,3.2000000000000002,0,2.4805919399187242,1.2723760977060192,0,3.1922858752789209,0,-0.00025794751245118925,free_flight_controlled,sep_nmpc_adapted,formal_acados,2.8702568869142455,0,0.40080190802953619,0.16466494699552134,0.057961701465030047,0.30849729509929341,-0.40736903725422946,1.414213562980144e-10,-0.1603974420353603,-1.7048376450721032,-1.7048376450721032,false,false,5.8043829999999996,0,0,false,0,-0.067557025167131302,0,131.53139470549888,131.53139470549888,0,-0.060199314205402699,0,0,-0.060199314205402699,0,0,0.011489496616574972,-0.00051632551700171551,-0.00075325329757475559,-0.0014001697346672753,-0.0019621802310391817,-0.085385780671465794,-0.0040609600224928875,-0.0014474905711990239,-0.00096446330525449815,-0.00036681450666432185,0,-0.76336933003683605
4.0449999999999999,approach_stop,40,40,0.20000000000000001,0.02,1.9087499999999999,0.75,0,0,3.2000000000000002,0,2.4869444117795108,1.2686049376063346,0,3.1922850943605399,0,-5.5067467077865798e-05,free_flight_controlled,sep_nmpc_adapted,formal_acados,2.8808568374471077,0,0.40140759718802549,0.16891242566759698,0.059522191602949109,0.30849729509929341,-0.40736903725422946,1.414213562980144e-10,-0.1603974420353603,-1.7048376450721032,-1.7048376450721032,false,false,5.8043829999999996,0,0,false,0,-0.068666547801043865,0,131.53720305666823,131.53720305666823,0,-0.044187706564480012,0,0,-0.044187706564480012,0,0,0.011060922005950737,-0.00053575526663749275,-0.00076039797669361173,-0.0014049213779755401,-0.0019639850646593891,-0.086035923298051056,-0.0037127075454410591,-0.0014121789903200168,-0.00093664106628355427,-0.00035542029307664114,0,-0.76071396862255247
4.0499999999999998,approach_stop,40,40,0.20000000000000001,0.02,1.9124999999999999,0.75,0,0,3.2000000000000002,0,2.4932779123025379,1.2647875846098142,0,3.1922853237492776,0,0.00014617312158441136,free_flight_controlled,sep_nmpc_adapted,formal_acados,2.8914393171942745,0,0.40202106287255923,0.17316140489173656,0.061083711876704173,0.31131190358819766,-0.36656743886824666,1.4142135631116071e-10,-0.13301568139456194,-1.7823024117046653,-1.7823024117046653,false,false,5.7727250000000003,0,0,false,0,-0.069775285979395585,0,131.61436859552708,131.61436859552708,0,-0.14600634303163207,0,0,-0.14600634303163207,0,0,0.010628901779630936,-0.00055335309252950795,-0.00076739501536124573,-0.0014095439451998065,-0.0019657377168822796,-0.086762934500282718,-0.0033302800975642125,-0.001387512363248612,-0.0009126895471407606,-0.00034587151012249983,0,-0.75799792355938977
4.0549999999999997,approach_stop,40,40,0.20000000000000001,0.02,1.9162499999999998,0.75,0,0,3.2000000000000002,0,2.4995922035605114,1.2609212187623655,0,3.1922866212639036,0,0.00037218609358020532,free_flight_controlled,sep_nmpc_adapted,formal_acados,2.9020039255133945,0,0.40264236015457588,0.1774117219528831,0.062646091274529289,0.31131190358819766,-0.36656743886824666,1.4142135631116071e-10,-0.13301568139456194,-1.7823024117046653,-1.7823024117046653,false,false,5.7727250000000003,0,0,false,0,-0.070884437718730126,0,131.61980682704822,131.61980682704822,0,-0.126708447895304,0,0,-0.126708447895304,0,0,0.010195414553737884,-0.00056988327955183446,-0.00077424244804583998,-0.0014140248468772669,-0.0019674401546981557,-0.086624115985541039,-0.0032829822967282928,-0.0013533664221633877,-0.00088046296634906136,-0.0003352855990659377,0,-0.75522195337343367
4.0600000000000005,approach_stop,40,40,0.20000000000000001,0.02,1.9200000000000004,0.75,0,0,3.2000000000000002,0,2.5058870475096504,1.2570086520583128,0,3.1922890444267815,0,0.00059642813219424847,free_flight_controlled,sep_nmpc_adapted,formal_acados,2.9125502617254546,0,0.40327154266071336,0.1816632142158042,0.064209162827270364,0.31131190358819766,-0.36656743886824666,1.4142135631116071e-10,-0.13301568139456194,-1.7823024117046653,-1.7823024117046653,false,false,5.7727250000000003,0,0,false,0,-0.071995157818882632,0,131.62512940431088,131.62512940431088,0,-0.10794840135010975,0,0,-0.10794840135010975,0,0,0.0097623539939565105,-0.00058604878678451518,-0.00078095163945638574,-0.0014183606392737919,-0.0019690932583289592,-0.08659158755152474,-0.0031859464444749311,-0.0013313885078230874,-0.00085449357042887667,-0.00032614886131532978,0,-0.75238740647541824
4.0650000000000004,approach_stop,40,40,0.20000000000000001,0.02,1.9237500000000003,0.75,0,0,3.2000000000000002,0,2.5121622130293284,1.2530498425026066,0,3.1922925841991954,0,0.00081882586642324307,free_flight_controlled,sep_nmpc_adapted,formal_acados,2.9230779290303128,0,0.40390859278899249,0.18591571600098442,0.065772903315028997,0.31131190358819766,-0.36656743886824666,1.4142135631116071e-10,-0.13301568139456194,-1.7823024117046653,-1.7823024117046653,false,false,5.7727250000000003,0,0,false,0,-0.073107047829463909,0,131.63033393880804,131.63033393880804,0,-0.089712576160470237,0,0,-0.089712576160470237,0,0,0.0093292092509148859,-0.00060162682903826866,-0.00078757215619636265,-0.0014225799990714096,-0.0019707042510857496,-0.086657183036169066,-0.0030492679557855666,-0.0013173230319604677,-0.00083370909968172151,-0.00031842348033438232,0,-0.7494942106436725
4.0700000000000003,approach_stop,40,40,0.20000000000000001,0.02,1.9275000000000002,0.75,0,0,3.2000000000000002,0,2.5184174688560077,1.24904477467715,0,3.1922972311783218,0,0.0010393070931433519,free_flight_controlled,sep_nmpc_adapted,formal_acados,2.9335865306031894,0,0.40455349113501032,0.19016906174718171,0.067337288213341964,0.31131190358819766,-0.36656743886824666,1.4142135631116071e-10,-0.13301568139456194,-1.7823024117046653,-1.7823024117046653,false,false,5.7727250000000003,0,0,false,0,-0.074219723306865923,0,131.63541843179286,131.63541843179286,0,-0.071987519385833476,0,0,-0.071987519385833476,0,0,0.0088955090215172231,-0.00061644137751190131,-0.00079413564077517149,-0.0014267059553463145,-0.0019722798050556393,-0.08681323130830193,-0.0028816250988441144,-0.001308171618210348,-0.00081694758413756758,-0.00031193955968583339,0,-0.74654232730129078
4.0750000000000002,approach_stop,40,40,0.20000000000000001,0.02,1.9312500000000001,0.75,0,0,3.2000000000000002,0,2.5246525837131109,1.2449934585919855,0,3.1923029756037087,0,0.0012578009735527539,free_flight_controlled,sep_nmpc_adapted,formal_acados,2.9440756696543615,0,0.40520621656858352,0.19442308594125066,0.068902291690942044,0.31131190358819766,-0.36656743886824666,1.4142135631116071e-10,-0.13301568139456194,-1.7823024117046653,-1.7823024117046653,false,false,5.7727250000000003,0,0,false,0,-0.075332813535554044,0,131.64038125128431,131.64038125128431,0,-0.054759956860300329,0,0,-0.054759956860300329,0,0,0.0084608193209378072,-0.00063035700752382207,-0.00080066099857652379,-0.0014307557518489133,-0.0019738255491137278,-0.087052464404107452,-0.002690627615811984,-0.0013017838483408576,-0.00080307057213137452,-0.00030645815833618765,0,-0.74353175191055143
4.0800000000000001,approach_stop,40,40,0.20000000000000001,0.02,1.9350000000000001,0.75,0,0,3.2000000000000002,0,2.5308673264352333,1.2408959285106846,0,3.1923098073645599,0,0.00147423821700758,free_flight_controlled,sep_nmpc_adapted,formal_acados,2.954544949481114,0,0.40586674632807301,0.19867762304588074,0.070467886607383901,0.31131190358819766,-0.36656743886824666,1.4142135631116071e-10,-0.13301568139456194,-1.7823024117046653,-1.7823024117046653,false,false,5.7727250000000003,0,0,false,0,-0.076445961250295652,0,131.64522110966792,131.64522110966792,0,-0.038016798288164066,0,0,-0.038016798288164066,0,0,0.008024741622739728,-0.00064327416641335304,-0.00080715793300536055,-0.0014347411337832603,-0.0019753458343338714,-0.087367959633082345,-0.0024830450700548297,-0.0012965945699851831,-0.00079102422410499843,-0.00030171255773751968,0,-0.74046251451271794
4.085,approach_stop,40,40,0.20000000000000001,0.02,1.93875,0.75,0,0,3.2000000000000002,0,2.5370614660864588,1.2367522417715184,0,3.1923177160079028,0,0.0016885512516848519,free_flight_controlled,sep_nmpc_adapted,formal_acados,2.9649939735126365,0,0.40653505612114643,0.20293250742617772,0.072034044510792858,0.31131190358819766,-0.36656743886824666,1.4142135631116071e-10,-0.13301568139456194,-1.7823024117046653,-1.7823024117046653,false,false,5.7727250000000003,0,0,false,0,-0.077558822357703672,0,131.64993704191329,131.64993704191329,0,-0.021745142548743823,0,0,-0.021745142548743823,0,0,0.0075869112299860901,-0.00065512537610250493,-0.0008136294161520325,-0.0014386688562946844,-0.0019768436660412779,-0.087753103468277624,-0.0022649580287747027,-0.001291453748114946,-0.00077986961625137055,-0.00029743460504661466,0,-0.73733468030616234
4.0899999999999999,approach_stop,40,40,0.20000000000000001,0.02,1.9424999999999999,0.75,0,0,3.2000000000000002,0,2.5432347720728083,1.2325624776184134,0,3.1923266907475809,0,0.0019006743817984173,free_flight_controlled,sep_nmpc_adapted,formal_acados,2.97542234534852,0,0.40721112022419992,0.20718757327571166,0.073600735635775016,0.31131190358819766,-0.36656743886824666,1.4142135631116071e-10,-0.13301568139456194,-1.7823024117046653,-1.7823024117046653,false,false,5.7727250000000003,0,0,false,0,-0.078671065657051856,0,131.65452838444801,131.65452838444801,0,-0.0059322829392172149,0,0,-0.0059322829392172149,0,0,0.0071469957894075425,-0.00066587205830980086,-0.00082007346626236655,-0.0014425412954282713,-0.0019783207406634234,-0.088201569399345481,-0.0020418595586102102,-0.0012855149021104722,-0.00076879504993450289,-0.00029337095547910718,0,-0.73414835019754987
4.0949999999999998,approach_stop,40,40,0.20000000000000001,0.02,1.9462499999999998,0.75,0,0,3.2000000000000002,0,2.5493870142488819,1.2283267360508625,0,3.1923367204739934,0,0.0021105439312918443,free_flight_controlled,sep_nmpc_adapted,formal_acados,2.9858296687914581,0,0.40789491157580554,0.21144265454257613,0.075167928901547706,0.31131190358819766,-0.36656743886824666,1.4142135631116071e-10,-0.13301568139456194,-1.7823024117046653,-1.7823024117046653,false,false,5.7727250000000003,0,0,false,0,-0.079782372560474615,0,131.65899475471625,131.65899475471625,0,0.009434287816092235,0,0,0.009434287816092235,0,0,0.0067046938923360387,-0.00067550178115782181,-0.00082648446739719619,-0.001446357092346493,-0.001979777545764129,-0.088707304703682141,-0.0018187246056911262,-0.001278160750980098,-0.00075711801496332928,-0.00028929256256529363,0,-0.73090366128707374
4.0999999999999996,approach_stop,40,40,0.20000000000000001,0.02,1.9499999999999997,0.75,0,0,3.2000000000000002,0,2.5555179630188096,1.2240451366988723,0,3.1923477937645224,0,0.0023180983740746725,free_flight_controlled,sep_nmpc_adapted,formal_acados,2.9962155478747095,0,0.40858640186148459,0.21569758485589982,0.076735591910327833,0.31303760067247316,-0.322158837351187,1.4142135633122315e-10,-0.10569834557707469,-1.8536916433612975,-1.8536916433612975,false,false,5.7964469999999997,0,0,false,0,-0.080892436812761412,0,131.73971167229345,131.73971167229345,0,-0.083638070999072944,0,0,-0.083638070999072944,0,0,0.0062597337265805813,-0.00068402579686731118,-0.00083285418104912866,-0.0014501117914394281,-0.0019812134956074395,-0.089264522862288503,-0.0016000585425949424,-0.0012689525880490945,-0.00074428135829267446,-0.00028499971292302441,0,-0.72760078726521094
4.1050000000000004,approach_stop,40,40,0.20000000000000001,0.02,1.9537500000000003,0.75,0,0,3.2000000000000002,0,2.5616273812679657,1.2197145165159835,0,3.1923599700622884,0,0.0025517499210073371,free_flight_controlled,sep_nmpc_adapted,formal_acados,3.0065795815320122,0,0.40928563431720583,0.21995220026404647,0.078303562186490067,0.31303760067247316,-0.322158837351187,1.4142135633122315e-10,-0.10569834557707469,-1.8536916433612975,-1.8536916433612975,false,false,5.7964469999999997,0,0,false,0,-0.082002355195499504,0,131.74367277797609,131.74367277797609,0,-0.065282947705516126,0,0,-0.065282947705516126,0,0,0.0058140236100773495,-0.00069230704702011336,-0.00083913318863530577,-0.0014537712753673012,-0.0019826213685139086,-0.08900913226096302,-0.0017179844972883662,-0.0012433763448609163,-0.00071959530495747427,-0.00027806007348139171,0,-0.724239904397595
4.1100000000000003,approach_stop,40,40,0.20000000000000001,0.02,1.9575000000000002,0.75,0,0,3.2000000000000002,0,2.5677150318170088,1.2153380496928674,0,3.1923733083768675,0,0.002782901135917084,free_flight_controlled,sep_nmpc_adapted,formal_acados,3.0169213688861394,0,0.40999265122649886,0.2242063370691306,0.079871681018993806,0.31303760067247316,-0.322158837351187,1.4142135633122315e-10,-0.10569834557707469,-1.8536916433612975,-1.8536916433612975,false,false,5.7964469999999997,0,0,false,0,-0.083113184937968432,0,131.74754025212866,131.74754025212866,0,-0.04743765359825014,0,0,-0.04743765359825014,0,0,0.005369377362933774,-0.00070111678645497948,-0.00084530109745385078,-0.0014573131476902921,-0.0019839942233659527,-0.088838851428236318,-0.0018118831346963112,-0.0012241388467233313,-0.00069723141527709221,-0.00027104842105749445,0,-0.72082301331677656
4.1150000000000002,approach_stop,40,40,0.20000000000000001,0.02,1.9612500000000002,0.75,0,0,3.2000000000000002,0,2.5737806853467267,1.2109157060337274,0,3.1923877960505731,0,0.0030114898901335133,free_flight_controlled,sep_nmpc_adapted,formal_acados,3.0272405145352028,0,0.41070742085863404,0.22845982918847615,0.081439922155721142,0.31303760067247316,-0.322158837351187,1.4142135633122315e-10,-0.10569834557707469,-1.8536916433612975,-1.8536916433612975,false,false,5.7964469999999997,0,0,false,0,-0.084224554037090713,0,131.75131221769172,131.75131221769172,0,-0.030089537630939578,0,0,-0.030089537630939578,0,0,0.0049253814207935427,-0.00071034479940256965,-0.00085138443070514424,-0.0014607486658048676,-0.0019853323684756309,-0.088748903382645641,-0.0018856229391336918,-0.0012092948494135754,-0.00067702516946365106,-0.00026420573392416026,0,-0.71735024825471894
4.1200000000000001,approach_stop,40,40,0.20000000000000001,0.02,1.9650000000000001,0.75,0,0,3.2000000000000002,0,2.5798241124490149,1.2064474799549567,0,3.1924034201186888,0,0.0032374555611969572,free_flight_controlled,sep_nmpc_adapted,formal_acados,3.0375366232214369,0,0.41142991018238056,0.23271251077242203,0.083008258170954946,0.31303760067247316,-0.322158837351187,1.4142135633122315e-10,-0.10569834557707469,-1.8536916433612975,-1.8536916433612975,false,false,5.7964469999999997,0,0,false,0,-0.085336103520696371,0,131.75498713313044,131.75498713313044,0,-0.013226106973336371,0,0,-0.013226106973336371,0,0,0.0044816456441321324,-0.00071989879955628355,-0.0008574016024848316,-0.0014640879896499191,-0.0019866369743966141,-0.088734686899745299,-0.0019425409723518258,-0.0011975032589187607,-0.00065871457550920748,-0.00025764560640545133,0,-0.71382178158448151
4.125,approach_stop,40,40,0.20000000000000001,0.02,1.96875,0.75,0,0,3.2000000000000002,0,2.5858450837473463,1.201933389508774,0,3.1924201673175276,0,0.0034607391898761348,free_flight_controlled,sep_nmpc_adapted,formal_acados,3.0478092998600661,0,0.41216008484441008,0.23696421611271976,0.084576660451147048,0.31303760067247316,-0.322158837351187,1.4142135633122315e-10,-0.10569834557707469,-1.8536916433612975,-1.8536916433612975,false,false,5.7964469999999997,0,0,false,0,-0.086447487191590608,0,131.75856377204173,131.75856377204173,0,0.0031649698692166606,0,0,0.0031649698692166606,0,0,0.0040378025471137658,-0.00072970221094178925,-0.00086336538337313288,-0.0014673398532387091,-0.0019879095647264509,-0.088791737049786226,-0.0019856052920700622,-0.0011878206977213902,-0.0006419986191298899,-0.00025140210787464874,0,-0.71023782296603843
4.1299999999999999,approach_stop,40,40,0.20000000000000001,0.02,1.9724999999999999,0.75,0,0,3.2000000000000002,0,2.591843370012481,1.1973734753947658,0,3.1924380240931147,0,0.0036812836256449786,free_flight_controlled,sep_nmpc_adapted,formal_acados,3.0580581495656936,0,0.41289790916745217,0.24121477955321255,0.086145099182002263,0.31303760067247316,-0.322158837351187,1.4142135633122315e-10,-0.10569834557707469,-1.8536916433612975,-1.8536916433612975,false,false,5.7964469999999997,0,0,false,0,-0.087558371373275851,0,131.76204120334529,131.76204120334529,0,0.01909585960477167,0,0,0.01909585960477167,0,0,0.0035935066771177891,-0.00073969259481417265,-0.00086928453674675686,-0.0014705114630154503,-0.001989151703397753,-0.08891570306899764,-0.0020175156254268831,-0.0011795704472794741,-0.00062657157510843291,-0.00024546156833521069,0,-0.70659861864611972
4.1349999999999998,approach_stop,40,40,0.20000000000000001,0.02,1.9762499999999998,0.75,0,0,3.2000000000000002,0,2.5978187422732328,1.1927677999713018,0,3.1924569766105684,0,0.0038990336607135495,free_flight_controlled,sep_nmpc_adapted,formal_acados,3.0682827776764863,0,0.4136433461607345,0.24546403540325343,0.087713543337000932,0.31303760067247316,-0.322158837351187,1.4142135633122315e-10,-0.10569834557707469,-1.8536916433612975,-1.8536916433612975,false,false,5.7964469999999997,0,0,false,0,-0.088668434655939293,0,131.76541877205213,131.76541877205213,0,0.034578560587380291,0,0,0.034578560587380291,0,0,0.0031484340755131616,-0.00074982047476190991,-0.00087516492769194019,-0.0014736085283700781,-0.0019903648120410573,-0.08910233714419695,-0.0020407649523032961,-0.0011722589074958088,-0.00061214278319667438,-0.00023978353750050518,0,-0.70290445084743147
4.1399999999999997,approach_stop,40,40,0.20000000000000001,0.02,1.9799999999999998,0.75,0,0,3.2000000000000002,0,2.6037709719223012,1.1881164462747178,0,3.1924770107641214,0,0.0041139361527787674,free_flight_controlled,sep_nmpc_adapted,formal_acados,3.0784827897763578,0,0.41439635753711734,0.24971181785405658,0.089281960667292298,0.31303760067247316,-0.322158837351187,1.4142135633122315e-10,-0.10569834557707469,-1.8536916433612975,-1.8536916433612975,false,false,5.7964469999999997,0,0,false,0,-0.089777367642672273,0,131.76869608062219,131.76869608062219,0,0.049624899284030022,0,0,0.049624899284030022,0,0,0.0027022817761315704,-0.00076004840327707345,-0.00088101029488069657,-0.0014766353673133024,-0.0019915500727873902,-0.089347490007976232,-0.0020576764005952701,-0.0011655220303719612,-0.00059844767343619407,-0.0002343144868655375,0,-0.69915563720564555
4.1450000000000005,approach_stop,40,40,0.20000000000000001,0.02,1.9837500000000003,0.75,0,0,3.2000000000000002,0,2.6096998308172421,1.1834195170515533,0,3.1924981121877294,0,0.0043259401367071711,free_flight_controlled,sep_nmpc_adapted,formal_acados,3.0886577917153621,0,0.41515690373328074,0.25395796089812006,0.090850317692899543,0.31303760067247316,-0.322158837351187,1.4142135633122315e-10,-0.10569834557707469,-1.8536916433612975,-1.8536916433612975,false,false,5.7964469999999997,0,0,false,0,-0.090884872695977587,0,131.77187297092334,131.77187297092334,0,0.064246526873033449,0,0,0.064246526873033449,0,0,0.002254767314441805,-0.00077035017098905413,-0.000886822805525291,-0.0014795950530001615,-0.0019927083866527252,-0.089647110715820488,-0.0020704246219638229,-0.0011590906725422595,-0.00058525352391421473,-0.00022899666733744854,0,-0.69535253022729537
4.1500000000000004,approach_stop,40,40,0.20000000000000001,0.02,1.9875000000000003,0.75,0,0,3.2000000000000002,0,2.615605091376628,1.1786771338074613,0,3.192520266266214,0,0.0045349969253941939,free_flight_controlled,sep_nmpc_adapted,formal_acados,3.0988073896284196,0,0.41592494393066393,0.25820229825179164,0.092418579695185119,0.31365975569714571,-1.3557963449348938,1.4142135625265988e-10,-0.50768239972609142,-2.0000000000000004,-2,false,true,6.0591549999999996,0,0,false,0,-0.09199066368467515,0,131.95289548475475,131.95289548475475,0,-0.14217406309946723,0,0,-0.14217406309946723,0,0,0.0018056282310484669,-0.00078071009666987187,-0.00089260346924168105,-0.0014824895804461283,-0.0019938403676056132,-0.089997248915479708,-0.0020810474942601848,-0.0011527678946218443,-0.00057236204694764345,-0.00022377374403166188,0,-0.69149551675113119
4.1550000000000002,approach_stop,40,40,0.20000000000000001,0.02,1.9912500000000002,0.75,0,0,3.2000000000000002,0,2.6214865066220558,1.1738813416210612,0,3.1925436247430379,0,0.0048077065758114733,free_flight_controlled,sep_nmpc_adapted,formal_acados,3.1089311749379349,0,0.41670060274405318,0.26244466831587909,0.093986447261522887,0.31365975569714571,-1.3557963449348938,1.4142135625265988e-10,-0.50768239972609142,-2.0000000000000004,-2,false,true,6.0591549999999996,0,0,false,0,-0.093097307724236703,0,131.95495775082722,131.95495775082722,0,-0.12052695258496038,0,0,-0.12052695258496038,0,0,0.0013590189556694846,-0.00079281947780186583,-0.00089827197205787665,-0.0014852642898654528,-0.0019949345906866978,-0.088639545649007723,-0.0027620115291926476,-0.0011173348116364893,-0.00053857836861804392,-0.00021393338164781247,0,-0.68758336332958203
4.1600000000000001,approach_stop,40,40,0.20000000000000001,0.02,1.9950000000000001,0.75,0,0,3.2000000000000002,0,2.62734382869243,1.1690398211487765,0,3.1925683384219408,0,0.0050770699997307921,free_flight_controlled,sep_nmpc_adapted,formal_acados,3.119028739201859,0,0.41748400361742694,0.266684910509429,0.095553630092172923,0.31365975569714571,-1.3557963449348938,1.4142135625265988e-10,-0.50768239972609142,-2.0000000000000004,-2,false,true,6.0591549999999996,0,0,false,0,-0.094207278252226023,0,131.95699119795472,131.95699119795472,0,-0.099474000609915514,0,0,-0.099474000609915514,0,0,0.00091886490497079592,-0.0008081519421976811,-0.00090380915446917041,-0.0014878917298741525,-0.0019959815446078067,-0.087415436814629668,-0.0033704989148799088,-0.001099493306038785,-0.00051351043598115939,-0.00020501307723119983,0,-0.68362141121747444
4.165,approach_stop,40,40,0.20000000000000001,0.02,1.99875,0.75,0,0,3.2000000000000002,0,2.6331768283290673,1.1641523313062792,0,3.1925943904200125,0,0.0053430267636733362,free_flight_controlled,sep_nmpc_adapted,formal_acados,3.1290996890054474,0,0.4182751013978942,0.27092286067638016,0.097120110319448241,0.31365975569714571,-1.3557963449348938,1.4142135625265988e-10,-0.50768239972609142,-2.0000000000000004,-2,false,true,6.0591549999999996,0,0,false,0,-0.095320116008275571,0,131.95899163820494,131.95899163820494,0,-0.079002291541153458,0,0,-0.079002291541153458,0,0,0.0004845059191688466,-0.00082635247976434309,-0.00090929275291098217,-0.0014904157485717405,-0.0019969876651474185,-0.086321779912704844,-0.0039093564347722392,-0.0010953812540799447,-0.00049719159956128085,-0.0001976843305762526,0,-0.67960984665501512
4.1699999999999999,approach_stop,40,40,0.20000000000000001,0.02,2.0024999999999999,0.75,0,0,3.2000000000000002,0,2.6389852751533169,1.1592186649118041,0,3.1926217635543854,0,0.005605517441568602,free_flight_controlled,sep_nmpc_adapted,formal_acados,3.1391436309729857,0,0.41907384919243967,0.27515835581966874,0.098685869120513386,0.31365975569714571,-1.3557963449348938,1.4142135625265988e-10,-0.50768239972609142,-2.0000000000000004,-2,false,true,6.0591549999999996,0,0,false,0,-0.096435375927037478,0,131.96095531127384,131.96095531127384,0,-0.059098975256194564,0,0,-0.059098975256194564,0,0,5.5297646481070807e-05,-0.0008470790245486945,-0.00091478414016998562,-0.001492879403216366,-0.0019979619158294274,-0.085355377859978335,-0.0043809784816740676,-0.0011022319790428101,-0.00048930042829953594,-0.00019230715926415608,0,-0.67554889072541291
4.1749999999999998,approach_stop,40,40,0.20000000000000001,0.02,2.0062499999999996,0.75,0,0,3.2000000000000002,0,2.6447689378335548,1.1542386478065774,0,3.1926504403480869,0,0.0058644838263017139,free_flight_controlled,sep_nmpc_adapted,formal_acados,3.1491601718239264,0,0.41988019826439749,0.27939123399037158,0.10025088668581159,0.31365975569714571,-1.3557963449348938,1.4142135625265988e-10,-0.50768239972609142,-2.0000000000000004,-2,false,true,6.0591549999999996,0,0,false,0,-0.097552626934809747,0,131.96287886280197,131.96287886280197,0,-0.039751270550340445,0,0,-0.039751270550340445,0,0,-0.00036938797669551683,-0.00087000100715718892,-0.00092033272317046703,-0.0014953235521715526,-0.001998914501515518,-0.084512903380425344,-0.0047876073464852018,-0.0011179737187082608,-0.00048929650770791267,-0.00018903194902777644,0,-0.67143879729076827
4.1799999999999997,approach_stop,40,40,0.20000000000000001,0.02,2.0099999999999998,0.75,0,0,3.2000000000000002,0,2.650527584247941,1.1492121379011002,0,3.1926804030366225,0,0.0061198691265833627,free_flight_controlled,sep_nmpc_adapted,formal_acados,3.159148918427503,0,0.42069409798684987,0.28362133417956203,0.10181514219029812,0.31365975569714571,-1.3557963449348938,1.4142135625265988e-10,-0.50768239972609142,-2.0000000000000004,-2,false,true,6.0591549999999996,0,0,false,0,-0.098671451747945643,0,131.96475932322141,131.96475932322141,0,-0.02094646990467508,0,0,-0.02094646990467508,0,0,-0.00079016196255788328,-0.00089479907773484422,-0.00092597874339848799,-0.0014977859903661226,-0.0019998560043170896,-0.083790858762631315,-0.0051315104996774987,-0.0011409796068280315,-0.00049650616828845031,-0.00018786863937728947,0,-0.66727985141403479
4.1850000000000005,approach_stop,40,40,0.20000000000000001,0.02,2.0137500000000004,0.75,0,0,3.2000000000000002,0,2.6562609816422738,1.144139024171438,0,3.1927116335755206,0,0.0063716181495090179,free_flight_controlled,sep_nmpc_adapted,formal_acados,3.1691094778559004,0,0.42151549583661996,0.28784849621362663,0.10337861376763584,0.31365975569714571,-1.3557963449348938,1.4142135625265988e-10,-0.50768239972609142,-2.0000000000000004,-2,false,true,6.0591549999999996,0,0,false,0,-0.099791446669747277,0,131.96659408708797,131.96659408708797,0,-0.0026719451630874413,0,0,-0.0026719451630874413,0,0,-0.001207617368155062,-0.0009211655060126253,-0.00093175508196034036,-0.0015003009307586425,-0.0020007968065509666,-0.083185558219589492,-0.0054150800638154859,-0.0011699122436668612,-0.00051017764870352883,-0.00018873379672685572,0,-0.66307236812983716
4.1900000000000004,approach_stop,40,40,0.20000000000000001,0.02,2.0175000000000001,0.75,0,0,3.2000000000000002,0,2.6619688967827346,1.1390192256216352,0,3.1927441136487471,0,0.0066196774693407677,free_flight_controlled,sep_nmpc_adapted,formal_acados,3.1790414574361043,0,0.42234433741617389,0.29207256065336973,0.10494127848716144,0.31365975569714571,-1.3557963449348938,1.4142135625265988e-10,-0.50768239972609142,-2.0000000000000004,-2,false,true,6.0591549999999996,0,0,false,0,-0.10091222138532586,0,131.96838089290105,131.96838089290105,0,0.015084846206692815,0,0,0.015084846206692815,0,0,-0.00162232834228326,-0.0009488049464706109,-0.00093768844747379359,-0.001502898710907257,-0.0020017467093105942,-0.082693124713334412,-0.005640883148945116,-0.0012036276620485361,-0.00052951747981815935,-0.00019148276608846405,0,-0.65881669147245581
4.1950000000000003,approach_stop,40,40,0.20000000000000001,0.02,2.0212500000000002,0.75,0,0,3.2000000000000002,0,2.6676510961033846,1.1338526902232862,0,3.1927778246779317,0,0.006863995583092663,free_flight_controlled,sep_nmpc_adapted,formal_acados,3.18894446480035,0,0.42318056649492453,0.29629336869696543,0.10650311233344406,0.31365975569714571,-1.3557963449348938,1.4142135625265988e-10,-0.50768239972609142,-2.0000000000000004,-2,false,true,6.0591549999999996,0,0,false,0,-0.10203339875410816,0,131.97011780340949,131.97011780340949,0,0.032336354487202845,0,0,0.032336354487202845,0,0,-0.0020348491813735304,-0.00097743537187710379,-0.00094380018411555132,-0.0015056056500540665,-0.0020027146850153947,-0.082309496041562569,-0.0058116812578817983,-0.0012411165286881098,-0.00055371521717648392,-0.00019593177144180829,0,-0.65451319369844307
4.2000000000000002,approach_stop,40,40,0.20000000000000001,0.02,2.0250000000000004,0.75,0,0,3.2000000000000002,0,2.6733073458483201,1.1286393938400794,0,3.1928127478323414,0,0.0071045230534834119,free_flight_controlled,sep_nmpc_adapted,formal_acados,3.198818107935121,0,0.42402412506394022,0.30051076208680094,0.10806409018828125,0.31291020986192269,-0.54770616606720801,1.4142135630387973e-10,-0.17270993186310549,-1.9999999999999998,-1.9999999999999998,false,false,5.7752889999999999,0,0,false,0,-0.1031546145998052,0,131.97180318640673,131.97180318640673,0,0.049094930872101816,0,0,0.049094930872101816,0,0,-0.0024457134317199857,-0.0010067890516691196,-0.00095010684842386083,-0.0015084440101523231,-0.0020037087224267268,-0.082030436845530338,-0.0059304303388172629,-0.0012814686207479554,-0.00058196083758542947,-0.00020187324614057622,0,-0.65016227466011123
4.2050000000000001,approach_stop,40,40,0.20000000000000001,0.02,2.0287500000000001,0.75,0,0,3.2000000000000002,0,2.6789374122084211,1.1233793391430913,0,3.1928488640395383,0,0.0073412126397780584,free_flight_controlled,sep_nmpc_adapted,formal_acados,3.2086619952285478,0,0.42487495339988168,0.30472458302012673,0.10962418581499092,0.31291020986192269,-0.54770616606720801,1.4142135630387973e-10,-0.17270993186310549,-1.9999999999999998,-1.9999999999999998,false,false,5.7752889999999999,0,0,false,0,-0.10427551749775194,0,131.97343569601719,131.97343569601719,0,0.065372820522250352,0,0,0.065372820522250352,0,0,-0.0028554330618709269,-0.0010366134982267158,-0.00095662064755375198,-0.0015114320312441271,-0.0020047357361515296,-0.081851554380590594,-0.0060002688606820495,-0.0013238517807505176,-0.00061345741808020498,-0.00020908659498753524,0,-0.64576436129818815
4.21,approach_stop,40,40,0.20000000000000001,0.02,2.0324999999999998,0.75,0,0,3.2000000000000002,0,2.6845410614526712,1.1180725545213051,0,3.1928861539966653,0,0.0075740194169883965,free_flight_controlled,sep_nmpc_adapted,formal_acados,3.2184757355160771,0,0.425732990135189,0.30893467406340591,0.11118337184486284,0.31291020986192269,-0.54770616606720801,1.4142135630387973e-10,-0.17270993186310549,-1.9999999999999998,-1.9999999999999998,false,false,5.7752889999999999,0,0,false,0,-0.10539576855959686,0,131.97501425447993,131.97501425447993,0,0.081182155597716354,0,0,0.081182155597716354,0,0,-0.0032644977202302785,-0.0010666723338057342,-0.00096334979645486523,-0.0015145840219111613,-0.0020058015217197006,-0.081768316641494906,-0.0060244986221421179,-0.0013674998063512886,-0.00064743069074547574,-0.00021734586022513909,0,-0.64131990722980214
4.2149999999999999,approach_stop,40,40,0.20000000000000001,0.02,2.0362499999999999,0.75,0,0,3.2000000000000002,0,2.6901180600215775,1.1127190735382073,0,3.1929245981787506,0,0.0078028987435183545,free_flight_controlled,sep_nmpc_adapted,formal_acados,3.2282589383165132,0,0.42659817241875503,0.31314087829493575,0.11274161986378504,0.31291020986192269,-0.54770616606720801,1.4142135630387973e-10,-0.17270993186310549,-1.9999999999999998,-1.9999999999999998,false,false,5.7752889999999999,0,0,false,0,-0.10651504113773652,0,131.97653813227186,131.97653813227186,0,0.096534627246886107,0,0,0.096534627246886107,0,0,-0.0036733941630223768,-0.0010966873569665586,-0.00097035317705248159,-0.0015178980662565716,-0.0020069077933419356,-0.081788304949573537,-0.0059708510563666033,-0.001444624107327698,-0.00067574194801378943,-0.00022464575482836685,0,-0.63682931888711525
4.2199999999999998,approach_stop,40,40,0.20000000000000001,0.02,2.04,0.75,0,0,3.2000000000000002,0,2.6956681745475199,1.1073189546006428,0,3.1929641768395789,0,0.0080278084101413367,free_flight_controlled,sep_nmpc_adapted,formal_acados,3.2380112145713236,0,0.42747043675522606,0.31734304002380365,0.11429890076727432,0.31291020986192269,-0.54770616606720801,1.4142135630387973e-10,-0.17270993186310549,-1.9999999999999998,-1.9999999999999998,false,false,5.7752889999999999,0,0,false,0,-0.10763302038044596,0,131.97800683420158,131.97800683420158,0,0.11144186025129743,0,0,0.11144186025129743,0,0,-0.004082674630510077,-0.0011261395589001327,-0.00097791986979707058,-0.0015213202409608828,-0.0020080428095682755,-0.081920951890033594,-0.0058021545169090125,-0.0015899788006227397,-0.00069168153395448163,-0.00022900288973843279,0,-0.63229297699785525
4.2249999999999996,approach_stop,40,40,0.20000000000000001,0.02,2.0437499999999997,0.75,0,0,3.2000000000000002,0,2.7011911721195139,1.1018723133114874,0,3.193004870039954,0,0.0082487125836001752,free_flight_controlled,sep_nmpc_adapted,formal_acados,3.2477321760191384,0,0.42834971948290429,0.32154100389962459,0.11585518442174217,0.31291020986192269,-0.54770616606720801,1.4142135630387973e-10,-0.17270993186310549,-1.9999999999999998,-1.9999999999999998,false,false,5.7752889999999999,0,0,false,0,-0.10874940339552643,0,131.97941990918201,131.97941990918201,0,0.12591594405404449,0,0,0.12591594405404449,0,0,-0.004492877631687567,-0.0011545013062113575,-0.00098634791654332653,-0.0015248022380242401,-0.0020091942623880754,-0.082156187440981049,-0.005537664832044811,-0.0017864898535340696,-0.00070037596305472867,-0.00023137206722778967,0,-0.62771138792281311
4.2300000000000004,approach_stop,40,40,0.20000000000000001,0.02,2.0475000000000003,0.75,0,0,3.2000000000000002,0,2.706686820463184,1.0963792882652894,0,3.193046657668964,0,0.0084655783779467777,free_flight_controlled,sep_nmpc_adapted,formal_acados,3.2574214348644541,0,0.42923595636047857,0.32573461440127016,0.11741043945364284,0.31291020986192269,-0.54770616606720801,1.4142135630387973e-10,-0.17270993186310549,-1.9999999999999998,-1.9999999999999998,false,false,5.7752889999999999,0,0,false,0,-0.10986389919100227,0,131.98077709715074,131.98077709715074,0,0.13996883695581031,0,0,0.13996883695581031,0,0,-0.004904489737187487,-0.0011813431203805652,-0.00099585313291019099,-0.0015283172769743093,-0.0020103543942025081,-0.082483375836237827,-0.0051972445975844604,-0.0020183735425987909,-0.00070538363130476808,-0.00023260341075014764,0,-0.62308509976983528
4.2350000000000003,approach_stop,40,40,0.20000000000000001,0.02,2.0512500000000005,0.75,0,0,3.2000000000000002,0,2.7121548880504061,1.0908400390430943,0,3.1930895194585478,0,0.0086783758011456276,free_flight_controlled,sep_nmpc_adapted,formal_acados,3.2670786037797659,0,0.4301290821815148,0.32992371572935986,0.11896463321080251,0.31291020986192269,-0.54770616606720801,1.4142135630387973e-10,-0.17270993186310549,-1.9999999999999998,-1.9999999999999998,false,false,5.7752889999999999,0,0,false,0,-0.11097622844477582,0,131.98207831871798,131.98207831871798,0,0.15361234317432682,0,0,0.15361234317432682,0,0,-0.0053179434801447784,-0.0012063354255209607,-0.0010065753530809751,-0.0015318534139599454,-0.0020115193349946586,-0.082891577443002337,-0.004800927593172649,-0.0022710012241443389,-0.00070914399667931175,-0.0002333985488101526,0,-0.61841469852559794
4.2400000000000002,approach_stop,40,40,0.20000000000000001,0.02,2.0550000000000002,0.75,0,0,3.2000000000000002,0,2.7175951441993531,1.08525474426033,0,3.1931334349978555,0,0.0088870777144102586,free_flight_controlled,sep_nmpc_adapted,formal_acados,3.2767032959184377,0,0.43102903048971586,0.33410815171908459,0.12051773173623083,0.31291020986192269,-0.54770616606720801,1.4142135630387973e-10,-0.17270993186310549,-1.9999999999999998,-1.9999999999999998,false,false,5.7752889999999999,0,0,false,0,-0.1120861232616418,0,131.98332366423065,131.98332366423065,0,0.16685809164973531,0,0,0.16685809164973531,0,0,-0.0057336164321463851,-0.0012292483855754226,-0.0010185840359405094,-0.0015354087819417815,-0.0020126883309689717,-0.083369787334832995,-0.0043685028672293662,-0.0025308547593123989,-0.00071329073758434147,-0.00023430262319323219,0,-0.61370080519497372
4.2450000000000001,approach_stop,40,40,0.20000000000000001,0.02,2.0587499999999999,0.75,0,0,3.2000000000000002,0,2.7230073591648662,1.0796235996592751,0,3.1931783837474264,0,0.0090916597953706445,free_flight_controlled,sep_nmpc_adapted,formal_acados,3.2862951249362888,0,0.43193573337999713,0.33828776577142261,0.12206969975329707,0.31291020986192269,-0.54770616606720801,1.4142135630387973e-10,-0.17270993186310549,-1.9999999999999998,-1.9999999999999998,false,false,5.7752889999999999,0,0,false,0,-0.11319332691822345,0,131.98451338269649,131.98451338269649,0,0.17971751638841749,0,0,0.17971751638841749,0,0,-0.0061518314684955505,-0.0012499495719926318,-0.0010318839398187126,-0.0015389881254849436,-0.0020138629761600113,-0.083907170528407626,-0.0039190697039095234,-0.0027855881903127099,-0.00071886390846822852,-0.0002357115990963137,0,-0.6089440735320506
4.25,approach_stop,40,40,0.20000000000000001,0.02,2.0625,0.75,0,0,3.2000000000000002,0,2.7283913042194929,1.0739468162849477,0,3.1932243450531748,0,0.0092921005020353154,free_flight_controlled,sep_nmpc_adapted,formal_acados,3.2958537050196912,0,0.43284912137262199,0.3424624008001983,0.12362050066089518,0.31112820945227854,0.15565216877971766,0.099871850158950351,-0.027975965725766161,-2,-2,false,false,5.7507359999999998,0,0,false,0,-0.11429759359728513,0,131.98564787074659,131.98564787074659,0,0.19220183893467802,0,0,0.19220183893467802,0,0,-0.0065728581793853616,-0.0012683994103369297,-0.0010464212586455148,-0.0015426002224998615,-0.002015046500415217,-0.084493283579532008,-0.0034705994098102213,-0.003024143394295398,-0.00072645733315687396,-0.00023788651977786865,0,-0.60414518818880703
4.2549999999999999,approach_stop,40,40,0.20000000000000001,0.02,2.0662500000000001,0.75,0,0,3.2000000000000002,0,2.7337467517256688,1.0682246187763629,0,3.1932712981601976,0,0.0094883810348697847,free_flight_controlled,sep_nmpc_adapted,formal_acados,3.3053786509184118,0,0.43376912334906803,0.34663189919274295,0.12517009653729363,0.31112820945227854,0.15565216877971766,0.099871850158950351,-0.027975965725766161,-2,-2,false,false,5.7507359999999998,0,0,false,0,-0.11539868811322994,0,131.98672766180457,131.98672766180457,0,0.20432205341306053,0,0,0.20432205341306053,0,0,-0.0069969153375870679,-0.00128464451072457,-0.0010620903925589889,-0.0015462559312774959,-0.0020162431364425335,-0.085118274400349983,-0.0030395309188043073,-0.0032368831619938687,-0.0007363243750765756,-0.00024097038190256563,0,-0.59930486315791498
4.2599999999999998,approach_stop,40,40,0.20000000000000001,0.02,2.0699999999999998,0.75,0,0,3.2000000000000002,0,2.7390734751997101,1.0624572437983364,0,3.1933192222263833,0,0.009680485295098018,free_flight_controlled,sep_nmpc_adapted,formal_acados,3.3148695779817237,0,0.43469566653976127,0.35079610278201356,0.12671844815141706,0.31112820945227854,0.15565216877971766,0.099871850158950351,-0.027975965725766161,-2,-2,false,false,5.7507359999999998,0,0,false,0,-0.11649638563083271,0,131.98775341558971,131.98775341558971,0,0.21608891444731593,0,0,0.21608891444731593,0,0,-0.0074241742974848453,-0.0012988091034762763,-0.0010787413727562419,-0.0015499666943766105,-0.0020174575730647535,-0.085773054095163018,-0.0026404200566902455,-0.0034157163479835639,-0.00074845684821769236,-0.00024500550874808176,0,-0.59442384042227514
4.2649999999999997,approach_stop,40,40,0.20000000000000001,0.02,2.0737499999999995,0.75,0,0,3.2000000000000002,0,2.7443712493683465,1.0566449386322829,0,3.1933680963358033,0,0.0098683998384362856,free_flight_controlled,sep_nmpc_adapted,formal_acados,3.3243261021964843,0,0.43562867655478749,0.35495485282813777,0.12826551498033087,0.31112820945227854,0.15565216877971766,0.099871850158950351,-0.027975965725766161,-2,-2,false,false,5.7507359999999998,0,0,false,0,-0.11759047137941014,0,131.98872590803251,131.98872590803251,0,0.22751292813391211,0,0,0.22751292813391211,0,0,-0.0078547631737674282,-0.001311084885310545,-0.001096187855137393,-0.0015537433903001136,-0.0020186944944208828,-0.08644943638551171,-0.0022856563667504044,-0.00355419794491802,-0.00076264644977377851,-0.00024995045549549406,0,-0.5895028887499002
4.2700000000000005,approach_stop,40,40,0.20000000000000001,0.02,2.0775000000000006,0.75,0,0,3.2000000000000002,0,2.7496398502186374,1.0507879599379182,0,3.1934178995118527,0,0.010052113824716297,free_flight_controlled,sep_nmpc_adapted,formal_acados,3.3337478402260281,0,0.43656807744955184,0.35910799000739069,0.1298112552317158,0.31112820945227854,0.15565216877971766,0.099871850158950351,-0.027975965725766161,-2,-2,false,false,5.7507359999999998,0,0,false,0,-0.11868074036468886,0,131.98964602161996,131.98964602161996,0,0.23860434612902082,0,0,0.23860434612902082,0,0,-0.0082887716300947267,-0.001321719637934735,-0.0011142155276946612,-0.0015575954614852417,-0.0020199582016381039,-0.087140241836147991,-0.0019852563349241422,-0.0036475931113853612,-0.00077853462024537123,-0.00025569605529235883,0,-0.58454280259151881
4.2750000000000004,approach_stop,40,40,0.20000000000000001,0.02,2.0812500000000003,0.75,0,0,3.2000000000000002,0,2.7548790550421351,1.04488657269145,0,3.1934686107301431,0,0.010231618965048006,free_flight_controlled,sep_nmpc_adapted,formal_acados,3.3431344094488455,0,0.4375137918179598,0.36325535440671042,0.13135562587014754,0.31112820945227854,0.15565216877971766,0.099871850158950351,-0.027975965725766161,-2,-2,false,false,5.7507359999999998,0,0,false,0,-0.11976699708061125,0,131.99051473612769,131.99051473612769,0,0.24937316279940669,0,0,0.24937316279940669,0,0,-0.0087262560979564016,-0.0013310050138820549,-0.0011325907341424822,-0.00156153027063221,-0.0020212523122821223,-0.087839365608724504,-0.0017467374755074283,-0.0036928989425550592,-0.00079565448762486998,-0.00026208047388368163,0,-0.57954440105178706
4.2800000000000002,approach_stop,40,40,0.20000000000000001,0.02,2.085,0.75,0,0,3.2000000000000002,0,2.7600886424741815,1.0389410492999578,0,3.193520208931123,0,0.010406909469131561,free_flight_controlled,sep_nmpc_adapted,formal_acados,3.3524854279961511,0,0.43846574090626561,0.36739678552196964,0.1328985826460454,0.31112820945227854,0.15565216877971766,0.099871850158950351,-0.027975965725766161,-2,-2,false,false,5.7507359999999998,0,0,false,0,-0.12084905522322445,0,131.99133311964798,131.99133311964798,0,0.25982911529115293,0,0,0.25982911529115293,0,0,-0.0091672452430880333,-0.0013392638970239803,-0.0011510690949202598,-0.0015655526517785636,-0.0020225795325198269,-0.088541808853025553,-0.0015750739400462012,-0.0036888215004682247,-0.00081346709797612896,-0.00026890323699399867,0,-0.57450852691474164
4.2850000000000001,approach_stop,40,40,0.20000000000000001,0.02,2.0887500000000001,0.75,0,0,3.2000000000000002,0,2.7652683925292023,1.0329516688862661,0,3.1935726730324419,0,0.010577981995916398,free_flight_controlled,sep_nmpc_adapted,formal_acados,3.3618005147875469,0,0.4394238447411038,0.37153212225834464,0.13444008012620687,0.31112820945227854,0.15565216877971766,0.099871850158950351,-0.027975965725766161,-2,-2,false,false,5.7507359999999998,0,0,false,0,-0.12192673740864321,0,131.99210231979177,131.99210231979177,0,0.26998168628702701,0,0,0.26998168628702701,0,0,-0.0096117455005180711,-0.0013468377401108149,-0.0011694039019242617,-0.0015696646310288654,-0.0020239414968173304,-0.089243675083699681,-0.0014727310413480857,-0.0036357085609032068,-0.00083139320074252074,-0.00027593821383068318,0,-0.5694360457111115
4.29,approach_stop,40,40,0.20000000000000001,0.02,2.0925000000000002,0.75,0,0,3.2000000000000002,0,2.7704180866328372,1.02691871673389,0,3.1936259819410906,0,0.01074483561094748,free_flight_controlled,sep_nmpc_adapted,formal_acados,3.3710792895641593,0,0.44038802226575274,0.3756612029313221,0.13598007172492746,0.31112820945227854,0.15565216877971766,0.099871850158950351,-0.027975965725766161,-2,-2,false,false,5.7507359999999998,0,0,false,0,-0.12299987489686749,0,131.99282355492534,131.99282355492534,0,0.27984010915477908,0,0,0.27984010915477908,0,0,-0.010059746508824702,-0.0013540742615304319,-0.0011873540716191052,-0.0015738652966002565,-0.0020253386698910855,-0.089942133969348165,-0.0014397733187610483,-0.003535440841870391,-0.00084884126711775329,-0.00028294552857819282,0,-0.56432784482002241
4.2949999999999999,approach_stop,40,40,0.20000000000000001,0.02,2.0962499999999999,0.75,0,0,3.2000000000000002,0,2.7755375076516615,1.0208424838776391,0,3.1936801145653417,0,0.010907471753418429,free_flight_controlled,sep_nmpc_adapted,formal_acados,3.3803213729187274,0,0.44135819147904054,0.37978386526706587,0.13751850973480423,0.31112820945227854,0.15565216877971766,0.099871850158950351,-0.027975965725766161,-2,-2,false,false,5.7507359999999998,0,0,false,0,-0.12406830732298664,0,131.99349810531817,131.99349810531817,0,0.28941337513562448,0,0,0.28941337513562448,0,0,-0.010511226288656653,-0.0013613158507262606,-0.0012046914596537301,-0.0015781508002570826,-0.0020267703054435084,-0.090635355867463324,-0.0014740385012761772,-0.0033912862565326036,-0.00086523205922999955,-0.00028968235364979086,0,-0.55918483260102647
4.2999999999999998,approach_stop,40,40,0.20000000000000001,0.02,2.0999999999999996,0.75,0,0,3.2000000000000002,0,2.7806264399211913,1.0147232668222748,0,3.1937350498265586,0,0.01106589421522248,free_flight_controlled,sep_nmpc_adapted,formal_acados,3.3895263863222893,0,0.44233426957186683,0.38389994640109804,0.1390553453564268,0.30869689391063243,0.74505759684766615,0.24960919964792666,-0.027257220587839276,-2,-2,false,false,5.7241770000000001,0,0,false,0,-0.12513188243702236,0,131.99412730409998,131.99412730409998,0,0.29871024218472031,0,0,0.29871024218472031,0,0,-0.010966156029127476,-0.0013688889888506923,-0.0012212073662916352,-0.0015825144732280912,-0.0020282344559469411,-0.091322421163034226,-0.0015713679474530461,-0.0032077230494302598,-0.00088001986138564164,-0.00029591252521291343,0,-0.55400793755460609
4.3049999999999997,approach_stop,40,40,0.20000000000000001,0.02,2.1037499999999998,0.75,0,0,3.2000000000000002,0,2.7856846692727588,1.0085613673692659,0,3.193790766670936,0,0.01122010913324718,free_flight_controlled,sep_nmpc_adapted,formal_acados,3.398693952147243,0,0.4433161730568233,0.38800928287448422,0.14059052872629274,0.30869689391063243,0.74505759684766615,0.24960919964792666,-0.027257220587839276,-2,-2,false,false,5.7241770000000001,0,0,false,0,-0.12619045585336366,0,131.99471252797127,131.99471252797127,0,0.30773924505376682,0,0,0.30773924505376682,0,0,-0.011424504367401929,-0.0013770949406937563,-0.0012367180936849582,-0.0015869470399636943,-0.0020297280274281897,-0.092003209005105169,-0.0017258828486583259,-0.002990238580178493,-0.00089271038175102696,-0.00030141491752339424,0,-0.54879810751062763
4.3100000000000005,approach_stop,40,40,0.20000000000000001,0.02,2.1075000000000004,0.75,0,0,3.2000000000000002,0,2.790711983059746,1.002357092530189,0,3.1938472440812267,0,0.011370124994930697,free_flight_controlled,sep_nmpc_adapted,formal_acados,3.4078236936866948,0,0.4443038178869666,0.39211171062694883,0.14212400894240659,0.30869689391063243,0.74505759684766615,0.24960919964792666,-0.027257220587839276,-2,-2,false,false,5.7241770000000001,0,0,false,0,-0.12724389081044141,0,131.99525518766322,131.99525518766322,0,0.31650870619900751,0,0,0.31650870619900751,0,0,-0.011886241070711758,-0.0013862019181165959,-0.0012510694513274783,-0.0015914369130255865,-0.0020312468728995504,-0.092678270383280054,-0.0019302946622885995,-0.0027451110542057707,-0.00090287529931466336,-0.00030599051859676039,0,-0.54355630884488548
4.3150000000000004,approach_stop,40,40,0.20000000000000001,0.02,2.1112500000000001,0.75,0,0,3.2000000000000002,0,2.7957081701835609,0.9961107545046255,0,3.1939044610885383,0,0.011515952655829316,free_flight_controlled,sep_nmpc_adapted,formal_acados,3.4169152351701366,0,0.44529711956054258,0.39620706498657576,0.14365573408717275,0.30869689391063243,0.74505759684766615,0.24960919964792666,-0.027257220587839276,-2,-2,false,false,5.7241770000000001,0,0,false,0,-0.12829205794098567,0,131.99575671819574,131.99575671819574,0,0.32502674710509649,0,0,0.32502674710509649,0,0,-0.012351340055231638,-0.0013964388564499902,-0.0012641401431574988,-0.0015959705522899767,-0.0020327859178285628,-0.093348690649397645,-0.0021762378737429549,-0.0024791817028920254,-0.0009101634428688054,-0.00030946816454278361,0,-0.53828352572399341
4.3200000000000003,approach_stop,40,40,0.20000000000000001,0.02,2.1150000000000002,0.75,0,0,3.2000000000000002,0,2.8006730211196147,0.98982267070049434,0,3.1939623967842325,0,0.011657605366774642,free_flight_controlled,sep_nmpc_adapted,formal_acados,3.4259682017756172,0,0.44629599320899743,0.40029518065600256,0.145185651247318,0.30869689391063243,0.74505759684766615,0.24960919964792666,-0.027257220587839276,-2,-2,false,false,5.7241770000000001,0,0,false,0,-0.12933483505291871,0,131.99621856903468,131.99621856903468,0,0.33330129963510124,0,0,0.33330129963510124,0,0,-0.012819781701812152,-0.0014079908857803989,-0.0012758440071751261,-0.0016005328716713378,-0.0020343393108769874,-0.094015946577345036,-0.0024546132408897513,-0.0021996248218075685,-0.00091430862913481062,-0.00031170891147899553,0,-0.5329807593786815
4.3250000000000002,approach_stop,40,40,0.20000000000000001,0.02,2.1187500000000004,0.75,0,0,3.2000000000000002,0,2.8056063279416357,0.9834931605539754,0,3.1940210303317271,0,0.011795098356520031,free_flight_controlled,sep_nmpc_adapted,formal_acados,3.4349822196489219,0,0.44730035366916981,0.40437589170728627,0.14671370653596649,0.30869689391063243,0.74505759684766615,0.24960919964792666,-0.027257220587839276,-2,-2,false,false,5.7241770000000001,0,0,false,0,-0.13037210691622725,0,131.99664221497198,131.99664221497198,0,0.34134006306752007,0,0,0.34134006306752007,0,0,-0.013291555421935592,-0.0014209936801351819,-0.0012861337711221985,-0.0016051070464955454,-0.0020359004478476793,-0.094683733369939196,-0.0027501525152877886,-0.0019191173520125017,-0.00091386136188165731,-0.00031231434945934303,0,-0.52764901744988069
4.3300000000000001,approach_stop,40,40,0.20000000000000001,0.02,2.1225000000000001,0.75,0,0,3.2000000000000002,0,2.8105078842482238,0.97712251424555374,0,3.194080340964419,0,0.011928444257423745,free_flight_controlled,sep_nmpc_adapted,formal_acados,3.4439569165077555,0,0.44831011590889136,0.40844903225953166,0.14823984541994609,0.30869689391063243,0.74505759684766615,0.24960919964792666,-0.027257220587839276,-2,-2,false,false,5.7241770000000001,0,0,false,0,-0.13140376482691909,0,131.99702935685741,131.99702935685741,0,0.34915000774240235,0,0,0.34915000774240235,0,0,-0.013766724486602447,-0.0014353457533200209,-0.0012951728288346604,-0.0016096365758963536,-0.002037452879776564,-0.095378501318006445,-0.0029816899987922551,-0.0017101417823868817,-0.00089470341629094763,-0.00030772730622380981,0,-0.52228918558792292
4.335,approach_stop,40,40,0.20000000000000001,0.02,2.1262499999999998,0.75,0,0,3.2000000000000002,0,2.8153774851941504,0.97071107703762938,0,3.1941403079972051,0,0.012057664976493276,free_flight_controlled,sep_nmpc_adapted,formal_acados,3.4528919218137384,0,0.44932519609428029,0.41251443661958798,0.14976401285192131,0.30869689391063243,0.74505759684766615,0.24960919964792666,-0.027257220587839276,-2,-2,false,false,5.7241770000000001,0,0,false,0,-0.13242970646124452,0,131.99738136910091,131.99738136910091,0,0.35673882894418885,0,0,0.35673882894418885,0,0,-0.014245436808698853,-0.0014506816026683585,-0.0013033482249204919,-0.0016140328116217803,-0.002038970543324341,-0.096099560071791379,-0.0031481253260997647,-0.0015687823268217933,-0.00086227285272443672,-0.00029878290612357861,0,-0.51690226613193224
4.3399999999999999,approach_stop,40,40,0.20000000000000001,0.02,2.1299999999999999,0.75,0,0,3.2000000000000002,0,2.8202149277365769,0.96425921361276279,0,3.1942009108703289,0,0.01218278723988171,free_flight_controlled,sep_nmpc_adapted,formal_acados,3.461786865626387,0,0.45034551114711263,0.41657193788981017,0.15128615267712453,0.30869689391063243,0.74505759684766615,0.24960919964792666,-0.027257220587839276,-2,-2,false,false,5.7241770000000001,0,0,false,0,-0.13344983623636414,0,131.9976995005012,131.9976995005012,0,0.36411428707406035,0,0,0.36411428707406035,0,0,-0.014727799547000727,-0.0014667365326037653,-0.0013109346034906706,-0.0016182510950226664,-0.0020404366762790354,-0.096837613738094214,-0.0032723352733931722,-0.0014714434040534942,-0.00082449704384765922,-0.00028737632426386657,0,-0.51148934068192586
4.3449999999999998,approach_stop,40,40,0.20000000000000001,0.02,2.13375,0.75,0,0,3.2000000000000002,0,2.8250200106571937,0.95776728923856447,0,3.1942621291628996,0,0.012303839869498678,free_flight_controlled,sep_nmpc_adapted,formal_acados,3.4706413785969636,0,0.45137097793565156,0.42062136793977001,0.15280620759605126,0.30869689391063243,0.74505759684766615,0.24960919964792666,-0.027257220587839276,-2,-2,false,false,5.7241770000000001,0,0,false,0,-0.1344640651032423,0,131.99798499169893,131.99798499169893,0,0.37128389052632316,0,0,0.37128389052632316,0,0,-0.015213879110458725,-0.0014833411733880567,-0.0013181117231332309,-0.0016222768017872691,-0.0020418424150451626,-0.097585518996215065,-0.0033700763468417715,-0.0014031086540278921,-0.0007857729510093545,-0.00027479977791414353,0,-0.50605151159630846
4.3500000000000005,approach_stop,40,40,0.20000000000000001,0.02,2.1375000000000002,0.75,0,0,3.2000000000000002,0,2.8297925345667485,0.95123567032595646,0,3.194323942603372,0,0.01242085378120924,free_flight_controlled,sep_nmpc_adapted,formal_acados,3.4794550920538376,0,0.45240151276898694,0.42466255748708914,0.15432411918814093,0.30537547663428255,1.2117013826699332,0.30576593273715613,-0.024464828943091876,-2,-2,false,false,5.7321710000000001,0,0,false,0,-0.13547231030507786,0,131.99823906765275,131.99823906765275,0,0.3782549190732496,0,0,0.3782549190732496,0,0,-0.015703710101315604,-0.0015003924261345781,-0.0013249988306579725,-0.0016261116634260929,-0.0020431841822671497,-0.098337607510083816,-0.0034524202117967844,-0.0013541776325299091,-0.00074843204128985624,-0.00026189965724550678,0,-0.50058989730538062
4.3550000000000004,approach_stop,40,40,0.20000000000000001,0.02,2.1412500000000003,0.75,0,0,3.2000000000000002,0,2.8345323019113122,0.94466472459891992,0,3.194386331079961,0,0.012533861956938272,free_flight_controlled,sep_nmpc_adapted,formal_acados,3.4882276380677082,0,0.45343703109299865,0.42869533615639599,0.15583982793613368,0.30537547663428255,1.2117013826699332,0.30576593273715613,-0.024464828943091876,-2,-2,false,false,5.7321710000000001,0,0,false,0,-0.13647449515189061,0,131.99846293171382,131.99846293171382,0,0.38503443895583667,0,0,0.38503443895583667,0,0,-0.016197301524534375,-0.0015178342070840058,-0.0013316763981855125,-0.0016297658181544919,-0.0020444617944634699,-0.099089251565890685,-0.0035273055250707912,-0.0013184822201626931,-0.00071361660502217996,-0.00024920620682986001,0,-0.49510562940377911
4.3600000000000003,approach_stop,40,40,0.20000000000000001,0.02,2.1450000000000005,0.75,0,0,3.2000000000000002,0,2.839239116978757,0.93805482103096638,0,3.1944492746508537,0,0.012642899397485797,free_flight_controlled,sep_nmpc_adapted,formal_acados,3.4969586495018907,0,0.45447744731544076,0.43271953252313378,0.15735327325048309,0.30537547663428255,1.2117013826699332,0.30576593273715613,-0.024464828943091876,-2,-2,false,false,5.7321710000000001,0,0,false,0,-0.13747054880636347,0,131.99865776093193,131.99865776093193,0,0.39162931286439429,0,0,0.39162931286439429,0,0,-0.01669464123958123,-0.0015356444497559418,-0.0013381999288260599,-0.0016332532823530707,-0.0020456771431087485,-0.099836583712849161,-0.0036005317726784418,-0.001292040160334006,-0.0006818015289035194,-0.00023703348523786781,0,-0.48959985082198382
4.3650000000000002,approach_stop,40,40,0.20000000000000001,0.02,2.1487500000000002,0.75,0,0,3.2000000000000002,0,2.8439127859045508,0.93140632964565895,0,3.1945127535541595,0,0.01274800306177485,free_flight_controlled,sep_nmpc_adapted,formal_acados,3.5056477600516165,0,0.4555226747121206,0.43673497414706575,0.15886439349349998,0.30537547663428255,1.2117013826699332,0.30576593273715613,-0.024464828943091876,-2,-2,false,false,5.7321710000000001,0,0,false,0,-0.13846040607791985,0,131.99882470229744,131.99882470229744,0,0.39804620680732428,0,0,0.39804620680732428,0,0,-0.017195699272961565,-0.0015538261269015976,-0.0013446087725896081,-0.0016365894525912973,-0.0020468333077372394,-0.10057631405204845,-0.0036764001431274893,-0.0012722697464565107,-0.000653102763409013,-0.00022555300158406182,0,-0.48407371464004828
4.3700000000000001,approach_stop,40,40,0.20000000000000001,0.02,2.1524999999999999,0.75,0,0,3.2000000000000002,0,2.8485531166763409,0.9247196212421378,0,3.1945767482175285,0,0.012849211796837944,free_flight_controlled,sep_nmpc_adapted,formal_acados,3.5142946042752459,0,0.45657262538272975,0.44074148759890497,0.16037312600306702,0.30537547663428255,1.2117013826699332,0.30576593273715613,-0.024464828943091876,-2,-2,false,false,5.7321710000000001,0,0,false,0,-0.1394440072231948,0,131.99896486969874,131.99896486969874,0,0.40429159512096724,0,0,0.40429159512096724,0,0,-0.017700430383893434,-0.0015724008752879524,-0.0013509317939542327,-0.0016397898025592333,-0.0020479339820003006,-0.10130560953802924,-0.0037581306863846264,-0.0012574933978827696,-0.00062745768316743657,-0.00021484613939927818,0,-0.4785283832721049
4.375,approach_stop,40,40,0.20000000000000001,0.02,2.15625,0.75,0,0,3.2000000000000002,0,2.8531599191370653,0.91799506708372991,0,3.1946412392674013,0,0.01294656626164209,free_flight_controlled,sep_nmpc_adapted,formal_acados,3.5228988176195712,0,0.45762721023581787,0.44473889848250592,0.16187940711586396,0.30537547663428255,1.2117013826699332,0.30576593273715613,-0.024464828943091876,-2,-2,false,false,5.7321710000000001,0,0,false,0,-0.14042129775179912,0,131.9990793414394,131.9990793414394,0,0.41037176440379852,0,0,0.41037176440379852,0,0,-0.018208776132506786,-0.0015914043242486135,-0.0013571910454691998,-0.0016428692735837578,-0.0020489831194496874,-0.1020220127321184,-0.0038481373355446248,-0.0012466224938897845,-0.00060472870861080557,-0.00020494041178978868,0,-0.47296502785422539
4.3799999999999999,approach_stop,40,40,0.20000000000000001,0.02,2.1600000000000001,0.75,0,0,3.2000000000000002,0,2.857733004986462,0.91123303857330018,0,3.1947062075378723,0,0.013040108846951788,free_flight_controlled,sep_nmpc_adapted,formal_acados,3.5314600364408109,0,0.45868633898976474,0.44872703145434889,0.16338317219009807,0.30537547663428255,1.2117013826699332,0.30576593273715613,-0.024464828943091876,-2,-2,false,false,5.7321710000000001,0,0,false,0,-0.14139222823673009,0,131.99916915820063,131.99916915820063,0,0.41629281686238928,0,0,0.41629281686238928,0,0,-0.018720666609370717,-0.0016108825560125094,-0.0013634041722829222,-0.001645842058921638,-0.0020499847293168954,-0.10272338570520011,-0.0039482123475815646,-0.0012389561450931847,-0.00058476113846426874,-0.00019583384581546426,0,-0.46738482773354395
4.3849999999999998,approach_stop,40,40,0.20000000000000001,0.02,2.1637499999999998,0.75,0,0,3.2000000000000002,0,2.8622721877809578,0.90443390692990711,0,3.1947716340791392,0,0.013129883592794718,free_flight_controlled,sep_nmpc_adapted,formal_acados,3.5399778980224719,0,0.45974992018154531,0.45270571024151407,0.16488435562777395,0.30537547663428255,1.2117013826699332,0.30576593273715613,-0.024464828943091876,-2,-2,false,false,5.7321710000000001,0,0,false,0,-0.14235675412907917,0,131.99923532137331,131.99923532137331,0,0.42206067336982056,0,0,0.42206067336982056,0,0,-0.019236021927687644,-0.0016308893326716792,-0.0013695860037136038,-0.0016487216033842823,-0.0020509427717933446,-0.10340787001018747,-0.0040596527952949154,-0.0012340517473140907,-0.00056741382183222229,-0.00018751089069687574,0,-0.46178896999755537
4.3899999999999997,approach_stop,40,40,0.20000000000000001,0.02,2.1674999999999995,0.75,0,0,3.2000000000000002,0,2.8667772829319573,0.89759804287557587,0,3.1948375001655429,0,0.013215936104657489,free_flight_controlled,sep_nmpc_adapted,formal_acados,3.5484520405909605,0,0.4608178611781264,0.45667475765900323,0.16638289089653899,0.30537547663428255,1.2117013826699332,0.30576593273715613,-0.024464828943091876,-2,-2,false,false,5.7321710000000001,0,0,false,0,-0.14331483557684654,0,131.99927879169559,131.99927879169559,0,0.42768107641942965,0,0,0.42768107641942965,0,0,-0.019754753542987426,-0.0016514838556740384,-0.0013757496195870912,-0.0016515207128535709,-0.0020518611171480715,-0.10407385695119607,-0.0041833497999505549,-0.0012316408890861476,-0.00055257386674816423,-0.00017995240868205577,0,-0.45617864900812738
4.3950000000000005,approach_stop,40,40,0.20000000000000001,0.02,2.1712500000000006,0.75,0,0,3.2000000000000002,0,2.8712481077026117,0.89072581633736669,0,3.1949037873031814,0,0.013298313469239122,free_flight_controlled,sep_nmpc_adapted,formal_acados,3.5568821033296238,0,0.46189006818753442,0.46063399562701213,0.16787871055116441,0.30537547663428255,1.2117013826699332,0.30576593273715613,-0.024464828943091876,-2,-2,false,false,5.7321710000000001,0,0,false,0,-0.14426643724779048,0,131.99930048815511,131.99930048815511,0,0.43315959308233565,0,0,0.43315959308233565,0,0,-0.020276765441927067,-0.0016727289068731342,-0.0013819070734292719,-0.0016542517120893211,-0.0020527435440214903,-0.10471996447318929,-0.0043198536480651478,-0.001231574021178256,-0.00054016210129060997,-0.00017314161676572129,0,-0.45055506592076522
4.4000000000000004,approach_stop,40,40,0.20000000000000001,0.02,2.1750000000000003,0.75,0,0,3.2000000000000002,0,2.8756844812031308,0.88381759616760724,0,3.1949704772371099,0,0.013377064170384294,free_flight_controlled,sep_nmpc_adapted,formal_acados,3.565267726391721,0,0.4629664462679024,0.46458324518859018,0.16937174625471005,0.30095254133138238,1.5473792481252215,0.278003775197948,-0.019468123294804462,-2,-2,false,false,5.7841310000000004,0,0,false,0,-0.14521152815629226,0,131.99930128712043,131.99930128712043,0,0.43850161803019316,0,0,0.43850161803019316,0,0,-0.020801955227000068,-0.001694689273042071,-0.0013880698882373043,-0.0016569266154921008,-0.0020535937601729353,-0.10534501832756456,-0.0044694231612806687,-0.0012337834562413919,-0.00053013330362160921,-0.00016706731142415634,0,-0.44491942817954394
4.4050000000000002,approach_stop,40,40,0.20000000000000001,0.02,2.17875,0.75,0,0,3.2000000000000002,0,2.8800862243847543,0.87687374988369904,0,3.1950375519581122,0,0.013452238005672733,free_flight_controlled,sep_nmpc_adapted,formal_acados,3.5736085509127133,0,0.4640468993336998,0.46852232652795911,0.17086192879942416,0.30095254133138238,1.5473792481252215,0.278003775197948,-0.019468123294804462,-2,-2,false,false,5.7841310000000004,0,0,false,0,-0.14615008149425468,0,131.99928202167359,131.99928202167359,0,0.44371237665504015,0,0,0.44371237665504015,0,0,-0.021330215114514148,-0.0017174303894670517,-0.0013942493987953476,-0.00165955729116138,-0.0020544154345697755,-0.1059480360166952,-0.0046320646624458586,-0.0012382581279011895,-0.00052247359215462576,-0.00016172530882693718,0,-0.43927294898419234
4.4100000000000001,approach_stop,40,40,0.20000000000000001,0.02,2.1825000000000001,0.75,0,0,3.2000000000000002,0,2.8844531600324665,0.86989464342797429,0,3.1951049937090654,0,0.013523886004035861,free_flight_controlled,sep_nmpc_adapted,formal_acados,3.5819042190222143,0,0.4651313301588611,0.47245105898974782,0.17234918812743394,0.30095254133138238,1.5473792481252215,0.278003775197948,-0.019468123294804462,-2,-2,false,false,5.7841310000000004,0,0,false,0,-0.14708207446606544,0,131.99924348112145,131.99924348112145,0,0.44879692829936646,0,0,0.44879692829936646,0,0,-0.021861432857163309,-0.0017410171597873657,-0.0014004569881729248,-0.0016621556078958346,-0.002055212233603468,-0.10652821256108631,-0.004807563959951469,-0.0012450259617130287,-0.00051719639001748905,-0.00015711874314864419,0,-0.43361684672947326
4.415,approach_stop,40,40,0.20000000000000001,0.02,2.1862500000000002,0.75,0,0,3.2000000000000002,0,2.8887851127565636,0.86288064094749162,0,3.195172784990894,0,0.013592060344691834,free_flight_controlled,sep_nmpc_adapted,formal_acados,3.590154373855809,0,0.46621964037692198,0.47636926109924549,0.17383345335126657,0.30095254133138238,1.5473792481252215,0.278003775197948,-0.019468123294804462,-2,-2,false,false,5.7841310000000004,0,0,false,0,-0.14800748812766207,0,131.99918641066486,131.99918641066486,0,0.45376016959792131,0,0,0.45376016959792131,0,0,-0.022395492598667313,-0.0017655129230738284,-0.0014067042494057354,-0.0016647335602631519,-0.0020559878568863353,-0.10708490747875293,-0.0049955135498410998,-0.0012541412329158559,-0.0005143377916646786,-0.00015325765975736505,0,-0.42795234441914137
4.4199999999999999,approach_stop,40,40,0.20000000000000001,0.02,2.1899999999999999,0.75,0,0,3.2000000000000002,0,2.8930819089831661,0.85583210459328152,0,3.1952409085681199,0,0.013656814277627237,free_flight_controlled,sep_nmpc_adapted,formal_acados,3.5983586595669781,0,0.46731173047834912,0.48027675058381203,0.17531465277424566,0.30095254133138238,1.5473792481252215,0.278003775197948,-0.019468123294804462,-2,-2,false,false,5.7841310000000004,0,0,false,0,-0.14892630722973454,0,131.99911151121194,131.99911151121194,0,0.45860683792545676,0,0,0.45860683792545676,0,0,-0.0229322756654954,-0.0017909785480402379,-0.0014130030928121778,-0.0016673033700536667,-0.0020567460698852746,-0.10761763258852768,-0.0051953364552258961,-0.0012656752438235798,-0.00051395180856225991,-0.00015015819621890008,0,-0.42228066905798889
4.4249999999999998,approach_stop,40,40,0.20000000000000001,0.02,2.1937499999999996,0.75,0,0,3.2000000000000002,0,2.8973433769437786,0.84874939433831598,0,3.1953093474740233,0,0.013718202045802689,free_flight_controlled,sep_nmpc_adapted,formal_acados,3.6065167213392786,0,0.468407499805501,0.48417334439549997,0.17679271391080295,0.30095254133138238,1.5473792481252215,0.278003775197948,-0.019468123294804462,-2,-2,false,false,5.7841310000000004,0,0,false,0,-0.14983852006509321,0,131.99901943931823,131.99901943931823,0,0.4633415149402107,0,0,0.4633415149402107,0,0,-0.023471661299133785,-0.0018174716400396922,-0.0014193658126875556,-0.0016698775642484975,-0.0020574907318497877,-0.10812604039221062,-0.0054063076232151955,-0.0012797092572921171,-0.00051610576160078558,-0.00014784154488315667,0,-0.41660305102608203
4.4299999999999997,approach_stop,40,40,0.20000000000000001,0.02,2.1974999999999998,0.75,0,0,3.2000000000000002,0,2.9015693466639774,0.84163286781332569,0,3.1953780850154154,0,0.013776278809214769,free_flight_controlled,sep_nmpc_adapted,formal_acados,3.6146282053989025,0,0.4695068465456308,0.48805885873492516,0.17826756350673814,0.30095254133138238,1.5473792481252215,0.278003775197948,-0.019468123294804462,-2,-2,false,false,5.7841310000000004,0,0,false,0,-0.15074411832022186,0,131.99891080724242,131.99891080724242,0,0.46796863021030199,0,0,0.46796863021030199,0,0,-0.024013527331379514,-0.0018450458502377153,-0.0014258051228252884,-0.0016724690306338069,-0.0020582258182806233,-0.10860991288327844,-0.0056275734786339045,-0.0012963290037089367,-0.00052087596379466784,-0.00014633282321812281,0,-0.41092072343956371
4.4350000000000005,approach_stop,40,40,0.20000000000000001,0.02,2.2012500000000004,0.75,0,0,3.2000000000000002,0,2.905759649951329,0.83448288015950167,0,3.1954471047770379,0,0.013831100570908689,free_flight_controlled,sep_nmpc_adapted,formal_acados,3.6226927590277547,0,0.47060966772234419,0.49193310907642573,0.17973912755946003,0.30095254133138238,1.5473792481252215,0.278003775197948,-0.019468123294804462,-2,-2,false,false,5.7841310000000004,0,0,false,0,-0.15164309693102815,0,131.99878618310757,131.99878618310757,0,0.47249246490875141,0,0,0.47249246490875141,0,0,-0.024557750804543661,-0.0018737502787950261,-0.0014323341675498305,-0.0016750910527118389,-0.0020589554376945832,-0.10906915069031251,-0.0058581700265843461,-0.0013156203199232415,-0.00052834376380608014,-0.00014565993245408166,0,-0.40523492150242757
4.4400000000000004,approach_stop,40,40,0.20000000000000001,0.02,2.2050000000000001,0.75,0,0,3.2000000000000002,0,2.9099141203826053,0.82729978389706038,0,3.1955163906255977,0,0.013882724105002337,free_flight_controlled,sep_nmpc_adapted,formal_acados,3.6307100305771089,0,0.47171585918598574,0.49579591019450364,0.1812073313382366,0.30095254133138238,1.5473792481252215,0.278003775197948,-0.019468123294804462,-2,-2,false,false,5.7841310000000004,0,0,false,0,-0.15253545394278867,0,131.99864609115744,131.99864609115744,0,0.47691715556213432,0,0,0.47691715556213432,0,0,-0.025104208538093573,-0.0019036289654927468,-0.0014389665131488928,-0.0016777573257962363,-0.0020596838427625313,-0.1095037625029036,-0.0060970397613503017,-0.0013376656313283531,-0.00053859197837977677,-0.00014585245463258158,0,-0.39954688185356202
4.4450000000000003,approach_stop,40,40,0.20000000000000001,0.02,2.2087500000000002,0.75,0,0,3.2000000000000002,0,2.9140325932903814,0.82008392880862635,0,3.1955859267134481,0,0.013931206886751445,free_flight_controlled,sep_nmpc_adapted,formal_acados,3.638679669481935,0,0.47282531560337093,0.49964707619155357,0.18267209940448073,0.30095254133138238,1.5473792481252215,0.278003775197948,-0.019468123294804462,-2,-2,false,false,5.7841310000000004,0,0,false,0,-0.15342119037427915,0,131.99849101210131,131.99849101210131,0,0.48124669783772256,0,0,0.48124669783772256,0,0,-0.025652777643072375,-0.0019347204622850403,-0.0014457161234097187,-0.0016804819562532642,-0.0020604154360942184,-0.10991385475387534,-0.006343047551202032,-0.0013625410854693301,-0.0005517017175460183,-0.00014694061800414783,0,-0.39385784191317846
4.4500000000000002,approach_stop,40,40,0.20000000000000001,0.02,2.2125000000000004,0.75,0,0,3.2000000000000002,0,2.9181149057490834,0.81283566183637734,0,3.1956556974819197,0,0.013976607024658569,free_flight_controlled,sep_nmpc_adapted,formal_acados,3.6466013262759343,0,0.47393793044726712,0.50348642052685089,0.18413335563209207,0.29523218754764047,1.7445962299633213,0.18349810803377006,-0.01221326509504822,-2,-2,false,false,5.71591,0,0,false,0,-0.15430031008606576,0,131.99832138353841,131.99832138353841,0,0.48548495035405437,0,0,0.48548495035405437,0,0,-0.026203335985549105,-0.0019670574829574409,-0.0014525973221725544,-0.0016832794458328463,-0.0020611547710579271,-0.11029962154888731,-0.0065949956108321507,-0.0013903142075560268,-0.00056774959301319366,-0.00014895434752784431,0,-0.3881690392325039
4.4550000000000001,approach_stop,40,40,0.20000000000000001,0.02,2.2162500000000001,0.75,0,0,3.2000000000000002,0,2.92216089654733,0.80555531660860114,0,3.1957256876623594,0,0.014018981649129366,free_flight_controlled,sep_nmpc_adapted,formal_acados,3.6544746526828016,0,0.47505359602022218,0.50731375613547158,0.18559102326739796,0.29523218754764047,1.7445962299633213,0.18349810803377006,-0.01221326509504822,-2,-2,false,false,5.71591,0,0,false,0,-0.15517281962098597,0,131.9981376711238,131.9981376711238,0,0.48963546591629603,0,0,0.48963546591629603,0,0,-0.026755770711699985,-0.0020006428858822512,-0.0014596467969584209,-0.0016861595598050999,-0.0020619053478896153,-0.11066782028014181,-0.006832679419537485,-0.0014385909163791,-0.00058279816999286835,-0.00015096995036661232,0,-0.38248168001850535
4.46,approach_stop,40,40,0.20000000000000001,0.02,2.2199999999999998,0.75,0,0,3.2000000000000002,0,2.926170406076599,0.79824321105261709,0,3.1957958822644694,0,0.014058386514891134,free_flight_controlled,sep_nmpc_adapted,formal_acados,3.6622993022231642,0,0.47617220400702237,0.51112889614656531,0.18704502527555816,0.29523218754764047,1.7445962299633213,0.18349810803377006,-0.01221326509504822,-2,-2,false,false,5.71591,0,0,false,0,-0.15603872785674944,0,131.997940383783,131.997940383783,0,0.49370148201410846,0,0,0.49370148201410846,0,0,-0.027310042487425863,-0.0020352637827945174,-0.0014670924064976334,-0.0016890914304575695,-0.0020626606161084108,-0.11103503469016653,-0.0070078577319331982,-0.0015493136029498266,-0.00058875776400577236,-0.00015084041046686415,0,-0.37679690170634439
4.4649999999999999,approach_stop,40,40,0.20000000000000001,0.02,2.2237499999999999,0.75,0,0,3.2000000000000002,0,2.9301432763981325,0.79089969136148452,0,3.1958662665911941,0,0.014094882619660225,free_flight_controlled,sep_nmpc_adapted,formal_acados,3.6700749299007076,0,0.47729364603452074,0.51493165350257508,0.18849528422495893,0.29523218754764047,1.7445962299633213,0.18349810803377006,-0.01221326509504822,-2,-2,false,false,5.71591,0,0,false,0,-0.15689804611082298,0,131.99772976933369,131.99772976933369,0,0.49768666303062525,0,0,0.49768666303062525,0,0,-0.027866147002469473,-0.0020706069779060634,-0.0014752381676669973,-0.0016920372009232322,-0.002063410937111924,-0.11140077546220858,-0.0071222877941533218,-0.0017175306893108654,-0.00058888677262872863,-0.00014909865403755229,0,-0.3711159043285247
4.4699999999999998,approach_stop,40,40,0.20000000000000001,0.02,2.2275,0.75,0,0,3.2000000000000002,0,2.9340793513085721,0.78352510431383782,0,3.1959368262535262,0,0.014128531998310248,free_flight_controlled,sep_nmpc_adapted,formal_acados,3.6778011918454889,0,0.47841781340957401,0.51872184053691683,0.1899417220980486,0.29523218754764047,1.7445962299633213,0.18349810803377006,-0.01221326509504822,-2,-2,false,false,5.71591,0,0,false,0,-0.15775078822684191,0,131.99750600558934,131.99750600558934,0,0.50159460644826714,0,0,0.50159460644826714,0,0,-0.028424072646896257,-0.0021063806411306006,-0.0014843548263706579,-0.001694974876251854,-0.0020641498304915856,-0.111763255853139,-0.0071808914718726876,-0.0019365928032675469,-0.0005859029733323067,-0.00014636855919529171,0,-0.36543989642448033
4.4750000000000005,approach_stop,40,40,0.20000000000000001,0.02,2.2312500000000002,0.75,0,0,3.2000000000000002,0,2.9379784763358696,0.77611979557851829,0,3.1960075471744291,0,0.014159397383891629,free_flight_controlled,sep_nmpc_adapted,formal_acados,3.6854777453250493,0,0.47954459681323353,0.52249926898917975,0.19138426028266572,0.29523218754764047,1.7445962299633213,0.18349810803377006,-0.01221326509504822,-2,-2,false,false,5.71591,0,0,false,0,-0.15859697048316629,0,131.99726921389168,131.99726921389168,0,0.50542881615605639,0,0,0.50542881615605639,0,0,-0.028983797652439098,-0.002142319848161827,-0.0014946803081837586,-0.0016978941073810584,-0.0020648737866975349,-0.1121202104601722,-0.0071895000735812909,-0.002199986929035704,-0.00058179088071460259,-0.00014321083967895872,0,-0.35977008973199065
4.4800000000000004,approach_stop,40,40,0.20000000000000001,0.02,2.2350000000000003,0.75,0,0,3.2000000000000002,0,2.9418404987325406,0.76868410922595209,0,3.1960784155919546,0,0.014187542056641413,free_flight_controlled,sep_nmpc_adapted,formal_acados,3.6931042487614243,0,0.48067388605052147,0.5262637500288837,0.19282281957022679,0.29523218754764047,1.7445962299633213,0.18349810803377006,-0.01221326509504822,-2,-2,false,false,5.71591,0,0,false,0,-0.15943661149769495,0,131.99701946414365,131.99701946414365,0,0.50919269715796189,0,0,0.50919269715796189,0,0,-0.02954528788298225,-0.0021781909206823199,-0.0015064200010996374,-0.0017007931009009165,-0.0020655819105811503,-0.11246897205783442,-0.0071547583990656692,-0.0025011980871879414,-0.00057801693420992208,-0.00014010953598587761,0,-0.35410769750755616
4.4850000000000003,approach_stop,40,40,0.20000000000000001,0.02,2.2387500000000005,0.75,0,0,3.2000000000000002,0,2.9456652674663482,0.76121838719291879,0,3.1961494180616006,0,0.014213029691681043,free_flight_controlled,sep_nmpc_adapted,formal_acados,3.700680361750861,0,0.48180556984759726,0.53001509428451288,0.19425732015904448,0.29523218754764047,1.7445962299633213,0.18349810803377006,-0.01221326509504822,-2,-2,false,false,5.71591,0,0,false,0,-0.16026973212960779,0,131.99675678001046,131.99675678001046,0,0.51288954971334866,0,0,0.51288954971334866,0,0,-0.030108495053039561,-0.0022137951128476828,-0.0015197466277389912,-0.0017036764059045486,-0.0020662755305614015,-0.11280656480777713,-0.0070839636242730061,-0.002833676270178481,-0.00057567061856311915,-0.00013747034806889158,0,-0.34845393318366891
4.4900000000000002,approach_stop,40,40,0.20000000000000001,0.02,2.2425000000000002,0.75,0,0,3.2000000000000002,0,2.9494526332082445,0.75372296872269517,0,3.196220541457901,0,0.014235924208222905,free_flight_controlled,sep_nmpc_adapted,formal_acados,3.7082057450856332,0,0.48293953568993853,0.53375311187738872,0.19568768166233477,0.29523218754764047,1.7445962299633213,0.18349810803377006,-0.01221326509504822,-2,-2,false,false,5.71591,0,0,false,0,-0.16109635537781414,0,131.99648114416209,131.99648114416209,0,0.51652256331794211,0,0,0.51652256331794211,0,0,-0.030673355439647991,-0.002248971379652034,-0.0015348001368111295,-0.0017065532789926655,-0.0020669578149978638,-0.11312980742279612,-0.0069848626678993371,-0.0031908720876451342,-0.00057555811605105114,-0.00013562443449020286,0,-0.34281000926681726
4.4950000000000001,approach_stop,40,40,0.20000000000000001,0.02,2.2462499999999999,0.75,0,0,3.2000000000000002,0,2.953202448317485,0.74619818980070796,0,3.1962917729752864,0,0.014256289622682938,free_flight_controlled,sep_nmpc_adapted,formal_acados,3.7156800607775859,0,0.48407566969640708,0.53747761246010095,0.19711382312055922,0.29523218754764047,1.7445962299633213,0.18349810803377006,-0.01221326509504822,-2,-2,false,false,5.71591,0,0,false,0,-0.16191650627615972,0,131.99619250344469,131.99619250344469,0,0.52009481088093523,0,0,0.52009481088093523,0,0,-0.031239789123229354,-0.0022835980684824007,-0.0015516878880790406,-0.0017094364359481282,-0.0020676334139456999,-0.1134354207275894,-0.0068654269203510272,-0.0035663147998680595,-0.00057826558314411959,-0.00013483439143500904,0,-0.33717713640865538
4.5,approach_stop,40,40,0.20000000000000001,0.02,2.25,0.75,0,0,3.2000000000000002,0,2.9569145668239583,0.73864438260393572,0,3.1963631001282122,0,0.014274189907635267,free_flight_controlled,sep_nmpc_adapted,formal_acados,3.7231029720831099,0,0.48521385652489318,0.54118840525915168,0.19853566301775241,0.2880461477132068,1.7965826729583303,0.046880690290867277,-0.0027020197206094124,-2,-2,false,false,6.2537609999999999,0,0,false,0,-0.16273021178568417,0,131.99589077389439,131.99589077389439,0,0.52360924340347959,0,0,0.52360924340347959,0,0,-0.031807699767057843,-0.0023175934602177174,-0.0015704852921533965,-0.0017123410677537766,-0.0020683081327194323,-0.11372013479339708,-0.0067336196255630568,-0.0039537134715105062,-0.00058420307007570505,-0.00013530082622316466,0,-0.33155652260315083
4.5049999999999999,approach_stop,40,40,0.20000000000000001,0.02,2.2537500000000001,0.75,0,0,3.2000000000000002,0,2.9605888444078237,0.73106187498027131,0,3.1964345107506,0,0.014289688858122471,free_flight_controlled,sep_nmpc_adapted,formal_acados,3.7304741435292961,0,0.48635397930592644,0.54488529912147243,0.19995311930149359,0.2880461477132068,1.7965826729583303,0.046880690290867277,-0.0027020197206094124,-2,-2,false,false,6.2537609999999999,0,0,false,0,-0.16353750068441841,0,131.9955758455271,131.9955758455271,0,0.52706868541351881,0,0,0.52706868541351881,0,0,-0.032376974922560836,-0.0023509151552863292,-0.0015912369833062613,-0.0017152840432370841,-0.0020689886382723754,-0.11398079149928819,-0.0065971683424685722,-0.0043470669887546746,-0.00059363619271152147,-0.0001371688444150858,0,-0.32594937247704908
4.5099999999999998,approach_stop,40,40,0.20000000000000001,0.02,2.2574999999999998,0.75,0,0,3.2000000000000002,0,2.9642251383766531,0.72345098997183521,0,3.1965059929946387,0,0.014302849966488658,free_flight_controlled,sep_nmpc_adapted,formal_acados,3.737793240941031,0,0.48749591960119176,0.54856810256437794,0.20136610940616045,0.2880461477132068,1.7965826729583303,0.046880690290867277,-0.0027020197206094124,-2,-2,false,false,6.2537609999999999,0,0,false,0,-0.16433840345537004,0,131.99524758684834,131.99524758684834,0,0.53047583136140264,0,0,0.53047583136140264,0,0,-0.032947486828581105,-0.0023835583560516162,-0.001613958541862758,-0.0017182832493835313,-0.0020696821972673975,-0.11421443902575724,-0.0064633525003407015,-0.0047407723665977069,-0.00060671013147013263,-0.00014053422409482269,0,-0.32035688665130241
4.5149999999999997,approach_stop,40,40,0.20000000000000001,0.02,2.2612499999999995,0.75,0,0,3.2000000000000002,0,2.9678233076403258,0.71581204539383991,0,3.196577535328974,0,0.01431373630664276,free_flight_controlled,sep_nmpc_adapted,formal_acados,3.745059931468786,0,0.48863955738413445,0.55223662382846028,0.20277455027907212,0.2880461477132068,1.7965826729583303,0.046880690290867277,-0.0027020197206094124,-2,-2,false,false,6.2537609999999999,0,0,false,0,-0.16513295217346916,0,131.99490584904655,131.99490584904655,0,0.53383324312987235,0,0,0.53383324312987235,0,0,-0.033519093656873833,-0.0024155531415568795,-0.0016386387371806791,-0.0017213570388048798,-0.0020703964441730225,-0.11441841543260976,-0.0063388139369084323,-0.0051297235822401989,-0.00062346887643390263,-0.00014544925741829032,0,-0.31478026115843727
4.5200000000000005,approach_stop,40,40,0.20000000000000001,0.02,2.2650000000000006,0.75,0,0,3.2000000000000002,0,2.9713832126839712,0.70814535347807572,0,3.1966491265363519,0,0.014322410428483057,free_flight_controlled,sep_nmpc_adapted,formal_acados,3.7522738836168346,0,0.4897847710400382,0.55589067093286337,0.20417835840910201,0.2880461477132068,1.7965826729583303,0.046880690290867277,-0.0027020197206094124,-2,-2,false,false,6.2537609999999999,0,0,false,0,-0.16592118039232812,0,131.99455046983414,131.99455046983414,0,0.53714334876152481,0,0,0.53714334876152481,0,0,-0.034091641143481052,-0.002446960865211241,-0.0016652422291593119,-0.0017245237655346486,-0.0020711391778447793,-0.11459041911617122,-0.0062293963780921651,-0.0055093953904126565,-0.00064387154931141153,-0.00015192831440822454,0,-0.30922068690597215
4.5250000000000004,approach_stop,40,40,0.20000000000000001,0.02,2.2687500000000003,0.75,0,0,3.2000000000000002,0,2.9749047155393109,0.70045122058748921,0,3.1967207557107566,0,0.014328934263093359,free_flight_controlled,sep_nmpc_adapted,formal_acados,3.7594347672716757,0,0.4909314373831048,0.55953005173236481,0.20557744985732235,0.2880461477132068,1.7965826729583303,0.046880690290867277,-0.0027020197206094124,-2,-2,false,false,6.2537609999999999,0,0,false,0,-0.16670312303171772,0,131.9941812769095,131.9941812769095,0,0.54040844245780673,0,0,0.54040844245780673,0,0,-0.03466496453619422,-0.0024778698312831028,-0.0016937126431643651,-0.0017278013975558764,-0.0020719181853678876,-0.11472856457617353,-0.0061400180371448078,-0.0058759083852546346,-0.00066780691413752258,-0.000159953193275398,0,-0.30367934917959555
4.5300000000000002,approach_stop,40,40,0.20000000000000001,0.02,2.2725,0.75,0,0,3.2000000000000002,0,2.9783876797547539,0.6927299470057211,0,3.1967924122541018,0,0.014333369039231207,free_flight_controlled,sep_nmpc_adapted,formal_acados,3.7665422537304165,0,0.49207943168806478,0.5631545739756626,0.20697174028923326,0.2880461477132068,1.7965826729583303,0.046880690290867277,-0.0027020197206094124,-2,-2,false,false,6.2537609999999999,0,0,false,0,-0.16747881626667421,0,131.99379809101572,131.99379809101572,0,0.54363068585689456,0,0,0.54363068585689456,0,0,-0.035238890782022955,-0.0025083904227791928,-0.001723975918456038,-0.0017312071987563846,-0.0020727410922167415,-0.1148314225412399,-0.0060745798614409803,-0.0062260730805083495,-0.00069510671371599095,-0.00016947830194995498,0,-0.29815742718226607
4.5350000000000001,approach_stop,40,40,0.20000000000000001,0.02,2.2762500000000001,0.75,0,0,3.2000000000000002,0,2.9818319703646345,0.68498182680293551,0,3.1968640858725363,0,0.014335775211536327,free_flight_controlled,sep_nmpc_adapted,formal_acados,3.7735960157288981,0,0.49322862773395038,0.56676404536426361,0.20836114500811137,0.2880461477132068,1.7965826729583303,0.046880690290867277,-0.0027020197206094124,-2,-2,false,false,6.2537609999999999,0,0,false,0,-0.16824829741913053,0,131.99340072857271,131.99340072857271,0,0.54681211055458356,0,0,0.54681211055458356,0,0,-0.035813240875322908,-0.0025386498620766145,-0.0017559438223336574,-0.0017347574753568632,-0.0020736152379393141,-0.11489804409245223,-0.0060359104368495732,-0.006557412051452615,-0.00072555815696386601,-0.00018043568671892617,0,-0.29265609360704409
4.54,approach_stop,40,40,0.20000000000000001,0.02,2.2800000000000002,0.75,0,0,3.2000000000000002,0,2.9852374538579647,0.67720714777688318,0,3.1969357665724223,0,0.014336212400766508,free_flight_controlled,sep_nmpc_adapted,formal_acados,3.780595727469378,0,0.49437889785763278,0.57035827361141334,0.2097455789890367,0.2880461477132068,1.7965826729583303,0.046880690290867277,-0.0027020197206094124,-2,-2,false,false,6.2537609999999999,0,0,false,0,-0.16901160485291847,0,131.9929890038685,131.9929890038685,0,0.5499546217935366,0,0,0.5499546217935366,0,0,-0.036387832286828986,-0.0025687867872189059,-0.0017895175201915301,-0.001738467382941871,-0.00207454757658267,-0.11492796897529516,-0.0060257471815750863,-0.0068681602571364613,-0.00075891568102779219,-0.00019273989595996801,0,-0.28717651424252022
4.5449999999999999,approach_stop,40,40,0.20000000000000001,0.02,2.2837499999999999,0.75,0,0,3.2000000000000002,0,2.9886039981470782,0.66940619146595792,0,3.1970074446560379,0,0.014334739346203277,free_flight_controlled,sep_nmpc_adapted,formal_acados,3.7875410646476482,0,0.49553011301483674,0.57393706650056997,0.21112495691316754,0.2880461477132068,1.7965826729583303,0.046880690290867277,-0.0027020197206094124,-2,-2,false,false,6.2537609999999999,0,0,false,0,-0.16976877787290956,0,131.99256273079743,131.99256273079743,0,0.55306000321267001,0,0,0.55306000321267001,0,0,-0.036962481396064395,-0.0025989458218185486,-0.001824591094595265,-0.0017423507905038567,-0.0020755446009569061,-0.11492121879001477,-0.0060447522368809025,-0.0071572445624853466,-0.00079491198677461908,-0.00020629264454041655,0,-0.2817198476103242
4.5499999999999998,approach_stop,40,40,0.20000000000000001,0.02,2.2874999999999996,0.75,0,0,3.2000000000000002,0,2.991931472536506,0.66157923322907153,0,3.1970791107170751,0,0.014331413870149055,free_flight_controlled,sep_nmpc_adapted,formal_acados,3.7944317044794214,0,0.49668214284640244,0.57750023194291533,0.21249919320185845,0.27927060368212075,1.6972589014602573,1.4142135379424658e-10,-0.09089553164632766,-1.9999999999999998,-1.9999999999999998,false,false,5.7656590000000003,0,0,false,0,-0.17051985662897098,0,131.99212172414516,131.99212172414516,0,0.55612992252085403,0,0,0.55612992252085403,0,0,-0.037537005854170351,-0.0026292723058298096,-0.0018610549135006512,-0.0017464201977041292,-0.0020766122896214204,-0.11487827618929336,-0.0060925604047972204,-0.0074242442197297465,-0.00083326827391597862,-0.00022098722918499579,0,-0.27628724463450899
4.5549999999999997,approach_stop,40,40,0.20000000000000001,0.02,2.2912499999999998,0.75,0,0,3.2000000000000002,0,2.9952197476924036,0.65372654238555594,0,3.1971507556359984,0,0.014326292854169132,free_flight_controlled,sep_nmpc_adapted,formal_acados,3.8012673257259637,0,0.49783485574771946,0.58104757803356011,0.21386820205026139,0.27927060368212075,1.6972589014602573,1.4142135379424658e-10,-0.09089553164632766,-1.9999999999999998,-1.9999999999999998,false,false,5.7656590000000003,0,0,false,0,-0.17126488202529735,0,131.99166580043044,131.99166580043044,0,0.55916593793762903,0,0,0.55916593793762903,0,0,-0.038111226810800675,-0.0026599073389341555,-0.0018987987580636636,-0.0017506867010851539,-0.0020777560752059136,-0.11480005158208755,-0.0061678556046484761,-0.0076693346553400495,-0.00087370356684658831,-0.00023671263706698332,0,-0.27087984834269879
4.5600000000000005,approach_stop,40,40,0.20000000000000001,0.02,2.2950000000000004,0.75,0,0,3.2000000000000002,0,2.9984686956128139,0.64584838240700049,0,3.1972223705752967,0,0.014319432226424855,free_flight_controlled,sep_nmpc_adapted,formal_acados,3.8080476087189039,0,0.4989881189393473,0.58457891310609,0.21523189746008789,0.27927060368212075,1.6972589014602573,1.4142135379424658e-10,-0.09089553164632766,-1.9999999999999998,-1.9999999999999998,false,false,5.7656590000000003,0,0,false,0,-0.17200389563555535,0,131.99119477832798,131.99119477832798,0,0.56216950522890641,0,0,0.56216950522890641,0,0,-0.038684970946989902,-0.0026909832688329339,-0.0019377146333804849,-0.0017551600043922819,-0.0020789808323834705,-0.11468783913777755,-0.0062684716292552376,-0.0078932173483888656,-0.00091594301322216805,-0.00025335728834736704,0,-0.26549879359881751
4.5650000000000004,approach_stop,40,40,0.20000000000000001,0.02,2.2987500000000001,0.75,0,0,3.2000000000000002,0,3.0016781895990001,0.63794501115198732,0,3.1972939469747104,0,0.014310886959123378,free_flight_controlled,sep_nmpc_adapted,formal_acados,3.8147722353842481,0,0.50014179853710594,0.58809404578524804,0.21659019327126777,0.27927060368212075,1.6972589014602573,1.4142135379424658e-10,-0.09089553164632766,-1.9999999999999998,-1.9999999999999998,false,false,5.7656590000000003,0,0,false,0,-0.17273693962414638,0,131.99070847870942,131.99070847870942,0,0.56514198515707104,0,0,0.56514198515707104,0,0,-0.039258072265450479,-0.0027226197343171396,-0.0019776992002303261,-0.001759848467589779,-0.0020802908835244683,-0.1145432641020746,-0.0063915124819265128,-0.008097038885029462,-0.00095972504645311255,-0.00027081235731368314,0,-0.26014520686704845
4.5700000000000003,approach_stop,40,40,0.20000000000000001,0.02,2.3025000000000002,0.75,0,0,3.2000000000000002,0,3.0048481042280377,0.6300166811340826,0,3.1973654765464636,0,0.01430071107479646,free_flight_controlled,sep_nmpc_adapted,formal_acados,3.8214408892656082,0,0.50129575962010453,0.59159278503757051,0.21794300319229015,0.27927060368212075,1.6972589014602573,1.4142135379424658e-10,-0.09089553164632766,-1.9999999999999998,-1.9999999999999998,false,false,5.7656590000000003,0,0,false,0,-0.17346405667375903,0,131.99020672435475,131.99020672435475,0,0.56808465116286888,0,0,0.56808465116286888,0,0,-0.039830373600190289,-0.0027549203485375713,-0.0020186557817837665,-0.0017647591886614689,-0.0020816900198023253,-0.11436822357453247,-0.0065334872658940387,-0.0082823024387771484,-0.001004807324759137,-0.00028897462499103993,0,-0.25482020600643257
4.5750000000000002,approach_stop,40,40,0.20000000000000001,0.02,2.3062500000000004,0.75,0,0,3.2000000000000002,0,3.0079783153268114,0.62206363981318369,0,3.1974369512705456,0,0.014288957659844208,free_flight_controlled,sep_nmpc_adapted,formal_acados,3.8280532555467355,0,0.50244986629541144,0.59507494021992413,0.21929024082907039,0.27927060368212075,1.6972589014602573,1.4142135379424658e-10,-0.09089553164632766,-1.9999999999999998,-1.9999999999999998,false,false,5.7656590000000003,0,0,false,0,-0.17418528991924837,0,131.9896893393981,131.9896893393981,0,0.57099869710010687,0,0,0.57099869710010687,0,0,-0.040401727818275453,-0.0027879700823693443,-0.0020604959156379325,-0.0017698981119203523,-0.0020831815353137776,-0.11416482295850065,-0.0066904544728011951,-0.0084507749663477912,-0.0010509713887558773,-0.00030774882744862795,0,-0.249524900095251
4.5800000000000001,approach_stop,40,40,0.20000000000000001,0.02,2.3100000000000001,0.75,0,0,3.2000000000000002,0,3.0110686999475038,0.61408612990038125,0,3.1975083633900776,0,0.014275678883562676,free_flight_controlled,sep_nmpc_adapted,formal_acados,3.8346090210734305,0,0.50360398175837262,0.5985403211259267,0.22063181971225185,0.27927060368212075,1.6972589014602573,1.4142135379424658e-10,-0.09089553164632766,-1.9999999999999998,-1.9999999999999998,false,false,5.7656590000000003,0,0,false,0,-0.17490068288775512,0,131.98915614858242,131.98915614858242,0,0.57388524485319437,0,0,0.57388524485319437,0,0,-0.040971998697615003,-0.0028218333820505346,-0.0021031404378481886,-0.0017752701563445205,-0.0020847682716303591,-0.11393531028156262,-0.0068581705658671364,-0.0086043933345966786,-0.0010980260132639763,-0.00032704947743543254,0,-0.24426038928406368
4.585,approach_stop,40,40,0.20000000000000001,0.02,2.3137499999999998,0.75,0,0,3.2000000000000002,0,3.0141191363446258,0.60608438969368472,0,3.1975797054067794,0,0.01426092602349892,free_flight_controlled,sep_nmpc_adapted,formal_acados,3.8411078743749449,0,0.50475796834782527,0.60198873803031916,0.22196765332289461,0.27927060368212075,1.6972589014602573,1.4142135379424658e-10,-0.09089553164632766,-1.9999999999999998,-1.9999999999999998,false,false,5.7656590000000003,0,0,false,0,-0.17561027944485885,0,131.98860697627737,131.98860697627737,0,0.57674535213110456,0,0,0.57674535213110456,0,0,-0.041541061475459357,-0.002856553030210411,-0.0021465201013038172,-0.0017808793574232836,-0.0020864526701219041,-0.11368199446056576,-0.0070323336847329604,-0.0087449759385129257,-0.0011459616252002627,-0.0003467830583916275,0,-0.23902776420817615
4.5899999999999999,approach_stop,40,40,0.20000000000000001,0.02,2.3174999999999999,0.75,0,0,3.2000000000000002,0,3.0171295039671167,0.59805866069056668,0,3.1976509700779565,0,0.01424475024335195,free_flight_controlled,sep_nmpc_adapted,formal_acados,3.847549505633006,0,0.50591168987102109,0.60542000166588938,0.22329765528816128,0.27927060368212075,1.6972589014602573,1.4142135379424658e-10,-0.09089553164632766,-1.9999999999999998,-1.9999999999999998,false,false,5.7656590000000003,0,0,false,0,-0.17631412377869252,0,131.9880416112469,131.9880416112469,0,0.57958013931401708,0,0,0.57958013931401708,0,0,-0.042108794499093681,-0.0028922028263750135,-0.0021904652625914082,-0.0017868145528633986,-0.0020882270512800082,-0.11340242011075449,-0.0072386514676066761,-0.0088115184394367448,-0.0012434257689215196,-0.00036148214757505113,0,-0.23382795391308264
4.5949999999999998,approach_stop,40,40,0.20000000000000001,0.02,2.32125,0.75,0,0,3.2000000000000002,0,3.0200996834574214,0.59000917322866464,0,3.1977221504140698,0,0.014227201051442118,free_flight_controlled,sep_nmpc_adapted,formal_acados,3.8539336064758052,0,0.50706501776748258,0.60883392301838379,0.22462173985269329,0.27927060368212075,1.6972589014602573,1.4142135379424658e-10,-0.09089553164632766,-1.9999999999999998,-1.9999999999999998,false,false,5.7656590000000003,0,0,false,0,-0.17701226039647211,0,131.98745987726579,131.98745987726579,0,0.58239054055424999,0,0,0.58239054055424999,0,0,-0.042675062594738772,-0.0029290069988416431,-0.0022344443609422608,-0.0017934524814090975,-0.0020900561731157317,-0.11309705177145639,-0.007491213949921559,-0.0087619386743100526,-0.0014248673921924125,-0.00036933503124060471,0,-0.22866191322867113
4.6000000000000005,approach_stop,40,40,0.20000000000000001,0.02,2.3250000000000002,0.75,0,0,3.2000000000000002,0,3.0230295565671668,0.58193614426782447,0,3.1977932396673059,0,0.014208325995759281,free_flight_controlled,sep_nmpc_adapted,formal_acados,3.8602598700634028,0,0.50821782474533905,0.61223031349623602,0.22593982141864491,0.2688125643357292,1.4411822626866637,1.4142135628118185e-10,-0.19502142981499693,-2,-2,false,false,5.7460740000000001,0,0,false,0,-0.17770473392327799,0,131.98686164712302,131.98686164712302,0,0.58517728268825608,0,0,0.58517728268825608,0,0,-0.043239751900705711,-0.0029671529785500091,-0.0022779287776856318,-0.0018011805640501734,-0.0020919143500244923,-0.11277196063355904,-0.0077723384081072634,-0.0086172534000225846,-0.0016773581440187781,-0.00037352325814099405,0,-0.22353073569699949
4.6050000000000004,approach_stop,40,40,0.20000000000000001,0.02,2.3287500000000003,0.75,0,0,3.2000000000000002,0,3.0259190061249766,0.57383978785760248,0,3.19786423132539,0,0.014188171771865984,free_flight_controlled,sep_nmpc_adapted,formal_acados,3.8665279912509205,0,0.50936998230986807,0.61560898512594397,0.22725181440962716,0.2688125643357292,1.4411822626866637,1.4142135628118185e-10,-0.19502142981499693,-2,-2,false,false,5.7460740000000001,0,0,false,0,-0.17839158903886013,0,131.98624679244705,131.98624679244705,0,0.58794107053340317,0,0,0.58794107053340317,0,0,-0.043802779071012182,-0.0030067381003459942,-0.0023204975542508929,-0.0018103223464981202,-0.0020937887207270705,-0.11243322764901205,-0.008063830348023153,-0.0083993625661665725,-0.0019882640894675232,-0.00037608017809858237,0,-0.2184355073613147
4.6100000000000003,approach_stop,40,40,0.20000000000000001,0.02,2.3325000000000005,0.75,0,0,3.2000000000000002,0,3.0287679160246288,0.56572031617277774,0,3.1979351191077181,0,0.014166784378305663,free_flight_controlled,sep_nmpc_adapted,formal_acados,3.8727376666955786,0,0.51052136036597051,0.61896975067094984,0.22855763327897408,0.2688125643357292,1.4411822626866637,1.4142135628118185e-10,-0.19502142981499693,-2,-2,false,false,5.7460740000000001,0,0,false,0,-0.17907287046736822,0,131.9856151770733,131.9856151770733,0,0.59068260466463951,0,0,0.59068260466463951,0,0,-0.044364090529670844,-0.0030477694283166049,-0.0023618395467089495,-0.001821138980781075,-0.0020956746103458932,-0.11208662993381023,-0.0083479281973481978,-0.0081301383437511737,-0.0023452832962294816,-0.000378300332630144,0,-0.21337730487596451
4.6150000000000002,approach_stop,40,40,0.20000000000000001,0.02,2.3362500000000002,0.75,0,0,3.2000000000000002,0,3.0315761712179814,0.55757794040457698,0,3.1980058969622487,0,0.014144209267499824,free_flight_controlled,sep_nmpc_adapted,formal_acados,3.878888594934776,0,0.51167182697362312,0.62231242371679463,0.22985719251664563,0.2688125643357292,1.4411822626866637,1.4142135628118185e-10,-0.19502142981499693,-2,-2,false,false,5.7460740000000001,0,0,false,0,-0.17974862297866698,0,131.98496665061953,131.98496665061953,0,0.59340259579329269,0,0,0.59340259579329269,0,0,-0.044923660234400718,-0.0030901681213127284,-0.0024017510161891864,-0.001833831299210267,-0.0020975725284560153,-0.11173736075210307,-0.0086081656013696269,-0.0078305265823905776,-0.0027366263878805209,-0.00038099661054668887,0,-0.20835719405809655
4.6200000000000001,approach_stop,40,40,0.20000000000000001,0.02,2.3399999999999999,0.75,0,0,3.2000000000000002,0,3.0343436577119087,0.54941287147058637,0,3.1980765590631131,0,0.014120491475631559,free_flight_controlled,sep_nmpc_adapted,formal_acados,3.8849804764431175,0,0.51282124822237907,0.6256368187312088,0.23115040665578609,0.2688125643357292,1.4411822626866637,1.4142135628118185e-10,-0.19502142981499693,-2,-2,false,false,5.7460740000000001,0,0,false,0,-0.18041889139866518,0,131.98430104300991,131.98430104300991,0,0.59610177526828267,0,0,0.59610177526828267,0,0,-0.045481486152972941,-0.003133777804304311,-0.0024401289316843262,-0.0018485429498729077,-0.002099486198926115,-0.11138979643535236,-0.0088301050868119582,-0.0075197411938661054,-0.003151248540406599,-0.00038466333228849548,0,-0.20337622884604098
4.625,approach_stop,40,40,0.20000000000000001,0.02,2.34375,0.75,0,0,3.2000000000000002,0,3.037070262568287,0.54122532052015948,0,3.1981470998087875,0,0.014095675718142972,free_flight_controlled,sep_nmpc_adapted,formal_acados,3.891013013673799,0,0.51396948819447152,0.62894275110551201,0.23243719027931792,0.2688125643357292,1.4411822626866637,1.4142135628118185e-10,-0.19502142981499693,-2,-2,false,false,5.7460740000000001,0,0,false,0,-0.18108372062567465,0,131.98361816055046,131.98361816055046,0,0.59878090148298646,0,0,0.59878090148298646,0,0,-0.046037585710879465,-0.003178376219234314,-0.0024769605917134949,-0.0018653646945255159,-0.0021014212482753066,-0.11104731912276757,-0.0090019122470622985,-0.0072146041011357494,-0.0035790749535190894,-0.0003895812137856197,0,-0.19843545063082177
4.6299999999999999,approach_stop,40,40,0.20000000000000001,0.02,2.3475000000000001,0.75,0,0,3.2000000000000002,0,3.0397558739059694,0.53301549922495794,0,3.198217513820635,0,0.014069806441884793,free_flight_controlled,sep_nmpc_adapted,formal_acados,3.8969859110882732,0,0.51511640899371247,0.63223003718230386,0.23371745802698496,0.2688125643357292,1.4411822626866637,1.4142135628118185e-10,-0.19502142981499693,-2,-2,false,false,5.7460740000000001,0,0,false,0,-0.18174315564977109,0,131.98291778396069,131.98291778396069,0,0.60144076220810438,0,0,0.60144076220810438,0,0,-0.046591990502926298,-0.003223689309839487,-0.0025123103773643384,-0.0018843397408460523,-0.0021033843217646785,-0.11071220005880748,-0.0091147533554877362,-0.0069290613439280694,-0.0040111847989641614,-0.0003958863474245644,0,-0.19353588792510368
4.6349999999999998,approach_stop,40,40,0.20000000000000001,0.02,2.3512499999999998,0.75,0,0,3.2000000000000002,0,3.0424003809036764,0.52478361985583144,0,3.1982877959415994,0,0.014042927829946764,free_flight_controlled,sep_nmpc_adapted,formal_acados,3.9028988751771676,0,0.51626187082225472,0.63549849427349125,0.23499112460325955,0.2688125643357292,1.4411822626866637,1.4142135628118185e-10,-0.19502142981499693,-2,-2,false,false,5.7460740000000001,0,0,false,0,-0.18239724157224727,0,131.98219966854467,131.98219966854467,0,0.60408217307531598,0,0,0.60408217307531598,0,0,-0.047144740575431013,-0.0032694068405588429,-0.0025463045561443208,-0.0019054698485440947,-0.0021053824839899057,-0.11038554441250636,-0.009163011495304612,-0.0066738881364601082,-0.0044399347334118742,-0.00040361676212295034,0,-0.18867855632914998
4.6399999999999997,approach_stop,40,40,0.20000000000000001,0.02,2.3549999999999995,0.75,0,0,3.2000000000000002,0,3.0450036738027588,0.51652989515735481,0,3.1983579412347969,0,0.014015083760029223,free_flight_controlled,sep_nmpc_adapted,formal_acados,3.9087516144748324,0,0.51740573209069551,0.63874794067207363,0.23625810478650219,0.2688125643357292,1.4411822626866637,1.4142135628118185e-10,-0.19502142981499693,-2,-2,false,false,5.7460740000000001,0,0,false,0,-0.18304602362249958,0,131.98146354646519,131.98146354646519,0,0.6067059726054741,0,0,0.6067059726054741,0,0,-0.047695878582038095,-0.0033151986521292322,-0.0025791150827916792,-0.0019287218844764086,-0.0021074228142198507,-0.11006729527002235,-0.0091443268234485398,-0.0064565812943509779,-0.0048590145082376603,-0.00041274481666317268,0,-0.18386445874845708
4.6450000000000005,approach_stop,40,40,0.20000000000000001,0.02,2.3587500000000006,0.75,0,0,3.2000000000000002,0,3.0475656439088707,0.5082545380398189,0,3.1984279449817987,0,0.013986317721272087,free_flight_controlled,sep_nmpc_adapted,formal_acados,3.9145438395695491,0,0.5185478495493836,0.64197819566067837,0.23751831343972118,0.2688125643357292,1.4411822626866637,1.4142135628118185e-10,-0.19502142981499693,-2,-2,false,false,5.7460740000000001,0,0,false,0,-0.18368954717005481,0,131.98070913090353,131.98070913090353,0,0.60931301430587048,0,0,0.60931301430587048,0,0,-0.048245444097232262,-0.0033607307072003995,-0.0026109433055998498,-0.0019540344861578756,-0.0021095121391632027,-0.10975629166889879,-0.0090594753381588837,-0.0062814260472201034,-0.0052634353768212907,-0.00042320041211290114,0,-0.1790945858140644
4.6500000000000004,approach_stop,40,40,0.20000000000000001,0.02,2.3625000000000003,0.75,0,0,3.2000000000000002,0,3.0500861835916901,0.49995776111520007,0,3.1984978026804125,0,0.013956672697342142,free_flight_controlled,sep_nmpc_adapted,formal_acados,3.9202752631110394,0,0.51968807843097808,0.64518907951934923,0.23877166552321516,0.25663688209140501,1.0234473436675986,1.4142135627354583e-10,-0.22245195178225899,-1.9999999999999998,-1.9999999999999998,false,false,5.7446349999999997,0,0,false,0,-0.18432785772988083,0,131.97993612175765,131.97993612175765,0,0.6119041564532901,0,0,0.6119041564532901,0,0,-0.048793468340225826,-0.0034056801691254935,-0.0026420043991232725,-0.0019813245117764103,-0.0021116568653721164,-0.10945037334471985,-0.0089121073901055215,-0.0061497155865359995,-0.0056494577314839065,-0.00043488801364535609,0,-0.17436991645477443
4.6550000000000002,approach_stop,40,40,0.20000000000000001,0.02,2.36625,0.75,0,0,3.2000000000000002,0,3.0525651862820062,0.49163977610852966,0,3.198567510041805,0,0.013926191025143479,free_flight_controlled,sep_nmpc_adapted,formal_acados,3.9259455998167736,0,0.52082627259613279,0.64838041353476739,0.2400180761093286,0.25663688209140501,1.0234473436675986,1.4142135627354583e-10,-0.22245195178225899,-1.9999999999999998,-1.9999999999999998,false,false,5.7446349999999997,0,0,false,0,-0.18496100095961471,0,131.97914421245704,131.97914421245704,0,0.6144802502333695,0,0,0.6144802502333695,0,0,-0.049339969521033575,-0.0034497488764300643,-0.0026725132195862798,-0.0020104929972612788,-0.0021138628851805796,-0.10914652327769386,-0.0087083721130455337,-0.0060600955945895891,-0.0060144682311495294,-0.00044769926990208665,0,-0.16969141857093756
4.6600000000000001,approach_stop,40,40,0.20000000000000001,0.02,2.3700000000000001,0.75,0,0,3.2000000000000002,0,3.0550025464656163,0.48330079317913127,0,3.1986370629868888,0,0.013894914238837994,free_flight_controlled,sep_nmpc_adapted,formal_acados,3.9315545664782161,0,0.5219622846759352,0.65155202001259982,0.24125746039945056,0.25663688209140501,1.0234473436675986,1.4142135627354583e-10,-0.22245195178225899,-1.9999999999999998,-1.9999999999999998,false,false,5.7446349999999997,0,0,false,0,-0.18558902264785282,0,131.97833309746306,131.97833309746306,0,0.6170421269238795,0,0,0.6170421269238795,0,0,-0.049884948973316093,-0.0034926747146789938,-0.0027026721303179584,-0.0020414303985633458,-0.0021161355370831669,-0.10884103816009069,-0.0084564569708339855,-0.0060090022934801294,-0.0063568189702133994,-0.00046152230867581279,0,-0.16506004976198022
4.665,approach_stop,40,40,0.20000000000000001,0.02,2.3737500000000002,0.75,0,0,3.2000000000000002,0,3.0573981596736775,0.47494102018742634,0,3.1987064576419049,0,0.013862882908191241,free_flight_controlled,sep_nmpc_adapted,formal_acados,3.9371018819679584,0,0.52309596620651388,0.65470372229428098,0.2424897337433401,0.25663688209140501,1.0234473436675986,1.4142135627354583e-10,-0.22245195178225899,-1.9999999999999998,-1.9999999999999998,false,false,5.7446349999999997,0,0,false,0,-0.1862119686931496,0,131.9775024800478,131.9775024800478,0,0.61959058479331608,0,0,0.61959058479331608,0,0,-0.050428388188001758,-0.0035342405371686938,-0.0027326611825934945,-0.0020740209630884642,-0.0021184796057424414,-0.1085297165304894,-0.0081660728145682062,-0.0059911610462651246,-0.0066756422592812222,-0.00047624838224444879,0,-0.16047675806421588
4.6699999999999999,approach_stop,40,40,0.20000000000000001,0.02,2.3774999999999999,0.75,0,0,3.2000000000000002,0,3.0597519224693355,0.46656066192725026,0,3.1987756903331981,0,0.013830136477708551,free_flight_controlled,sep_nmpc_adapted,formal_acados,3.9425872672484208,0,0.52422716775275935,0.65783534477908534,0.24371481166076009,0.25663688209140501,1.0234473436675986,1.4142135627354583e-10,-0.22245195178225899,-1.9999999999999998,-1.9999999999999998,false,false,5.7446349999999997,0,0,false,0,-0.18682988507384946,0,131.97665208006555,131.97665208006555,0,0.62212637609471755,0,0,0.62212637609471755,0,0,-0.050970246810981203,-0.0035742804352452751,-0.0027626308811557979,-0.0021081461265096044,-0.0021208993623842427,-0.1082080633267951,-0.007847861555532536,-0.0060003255641375578,-0.006970250173719458,-0.00049210234613312955,0,-0.15594248243536854
4.6749999999999998,approach_stop,40,40,0.20000000000000001,0.02,2.3812499999999996,0.75,0,0,3.2000000000000002,0,3.0620637324272848,0.45815991781213133,0,3.1988447575811398,0,0.013796713127496307,free_flight_controlled,sep_nmpc_adapted,formal_acados,3.9480104440309729,0,0.52535574449287303,0.66094671160368812,0.2449326098838436,0.25663688209140501,1.0234473436675986,1.4142135627354583e-10,-0.22245195178225899,-1.9999999999999998,-1.9999999999999998,false,false,5.7446349999999997,0,0,false,0,-0.18744281780153443,0,131.97578164075517,131.97578164075517,0,0.62465016977142074,0,0,0.62465016977142074,0,0,-0.051510463690040934,-0.0036126701887309173,-0.0027927539253063895,-0.002143577010077607,-0.0021234882133252257,-0.10787249635267104,-0.0075062661630305632,-0.0060589503413575061,-0.0071824550976317377,-0.00055671315025357599,0,-0.15145812018954807
4.6799999999999997,approach_stop,40,40,0.20000000000000001,0.02,2.3849999999999998,0.75,0,0,3.2000000000000002,0,3.0643334881120299,0.44973898531373241,0,3.1989136560949532,0,0.013762650258850683,free_flight_controlled,sep_nmpc_adapted,formal_acados,3.9533711322375602,0,0.52648156659007095,0.66403764412553035,0.24614304442779525,0.25663688209140501,1.0234473436675986,1.4142135627354583e-10,-0.22245195178225899,-1.9999999999999998,-1.9999999999999998,false,false,5.7446349999999997,0,0,false,0,-0.18805081287408684,0,131.97489090707128,131.97489090707128,0,0.62716261206119395,0,0,0.62716261206119395,0,0,-0.052048958218526564,-0.0036493135775010812,-0.002823312764078057,-0.0021797811552806703,-0.0021265945200377697,-0.107518171067156,-0.0071521092000840416,-0.0061715294204547598,-0.0072815690207629095,-0.00069812168504936186,0,-0.14702457168834332
4.6850000000000005,approach_stop,40,40,0.20000000000000001,0.02,2.3887500000000004,0.75,0,0,3.2000000000000002,0,3.0665610890688186,0.44129805832409985,0,3.1989823827677104,0,0.013727983860746461,free_flight_controlled,sep_nmpc_adapted,formal_acados,3.9586690534089399,0,0.52760450551350668,0.66710796434012132,0.24734603159100166,0.25663688209140501,1.0234473436675986,1.4142135627354583e-10,-0.22245195178225899,-1.9999999999999998,-1.9999999999999998,false,false,5.7446349999999997,0,0,false,0,-0.18865391625914002,0,131.97397965503438,131.97397965503438,0,0.62966429568699789,0,0,0.62966429568699789,0,0,-0.052585622357307023,-0.0036841894712035402,-0.0028545295375687597,-0.0022162254332433276,-0.0021305864205108044,-0.10713945408438748,-0.006801958072576433,-0.0063188810672388527,-0.007280902371404655,-0.00090972330416125909,0,-0.14264275201682231
4.6900000000000004,approach_stop,40,40,0.20000000000000001,0.02,2.3925000000000001,0.75,0,0,3.2000000000000002,0,3.0687464357969847,0.43283732444434198,0,3.1990509346678766,0,0.013692748067742759,free_flight_controlled,sep_nmpc_adapted,formal_acados,3.9639039315793858,0,0.52872443073723641,0.67015749578240114,0.24854148798262046,0.25663688209140501,1.0234473436675986,1.4142135627354583e-10,-0.22245195178225899,-1.9999999999999998,-1.9999999999999998,false,false,5.7446349999999997,0,0,false,0,-0.18925217383401527,0,131.97304771246127,131.97304771246127,0,0.63215571518217284,0,0,0.63215571518217284,0,0,-0.053120321137382062,-0.0037173572179505327,-0.0028865296888197574,-0.0022524480423324307,-0.0021357954639566294,-0.10673125301746215,-0.0064712824910370861,-0.0064817313594073729,-0.0071954944693638058,-0.0011835660401585092,0,-0.13831356932354785
4.6950000000000003,approach_stop,40,40,0.20000000000000001,0.02,2.3962500000000002,0.75,0,0,3.2000000000000002,0,3.0708894297166163,0.42435696427421493,0,3.1991193090296268,0,0.013656975003555545,free_flight_controlled,sep_nmpc_adapted,formal_acados,3.969075493388543,0,0.52984120952453451,0.67318606367192679,0.2497293305593056,0.25663688209140501,1.0234473436675986,1.4142135627354583e-10,-0.22245195178225899,-1.9999999999999998,-1.9999999999999998,false,false,5.7446349999999997,0,0,false,0,-0.1898456313117011,0,131.97209496674665,131.97209496674665,0,0.63463725823744377,0,0,0.63463725823744377,0,0,-0.053652896007267969,-0.0037489489869188533,-0.0029193446798338155,-0.0022880645375247411,-0.0021425110263401568,-0.10628926349454383,-0.0061736167936211808,-0.0066419492869239536,-0.0070410892650901126,-0.0015108046182957153,0,-0.13403792551943233
4.7000000000000002,approach_stop,40,40,0.20000000000000001,0.02,2.4000000000000004,0.75,0,0,3.2000000000000002,0,3.0729899731322234,0.41585715092076186,0,3.199187503242511,0,0.013620694676449066,free_flight_controlled,sep_nmpc_adapted,formal_acados,3.974183468174457,0,0.53095470677006329,0.67619349504223358,0.250909476661486,0.24275622276541675,0.48913211178581517,1.4142135628839217e-10,-0.13632470437591893,-1.9962588227721381,-1.9962588227721381,false,false,6.3365729999999996,0,0,false,0,-0.19043433416293037,0,131.96174546156391,131.96174546156391,0,0.64279520630385933,0,0,0.64279520630385933,0,0,-0.054183169259747754,-0.0037791583939710883,-0.0029529203124814877,-0.0023227690947195843,-0.0021509768807281807,-0.10581015275884148,-0.0059199149087273452,-0.0067835472375848711,-0.0068332589812926201,-0.0018821060443832548,0,-0.12981671677583245
4.7050000000000001,approach_stop,40,40,0.20000000000000001,0.02,2.4037500000000001,0.75,0,0,3.2000000000000002,0,3.0750479708791261,0.40733872568392993,0,3.1992555058901213,0,0.013580354614124573,free_flight_controlled,sep_nmpc_adapted,formal_acados,3.9792275900847183,0,0.53206477709984723,0.67917961920559222,0.25208185115651199,0.24275622276541675,0.48913211178581517,1.4142135628839217e-10,-0.13632470437591893,-1.9962588227721381,-1.9962588227721381,false,false,6.3365729999999996,0,0,false,0,-0.19101825390670832,0,131.96088588877748,131.96088588877748,0,0.64505566735814301,0,0,0.64505566735814301,0,0,-0.054711066767934913,-0.0038081722779653355,-0.0029871422775068265,-0.0023563290072003084,-0.0021613900745762219,-0.10533852452674508,-0.0056968863129734397,-0.0068981814386768099,-0.0065857442438920742,-0.0022881218794393839,0,-0.12565109522914156
4.71,approach_stop,40,40,0.20000000000000001,0.02,2.4074999999999998,0.75,0,0,3.2000000000000002,0,3.07706332862384,0.39880117734558351,0,3.19932330582377,0,0.013539614920182663,free_flight_controlled,sep_nmpc_adapted,formal_acados,3.9842075960730754,0,0.53317127277031662,0.6821442674492354,0.25324637909635012,0.24275622276541675,0.48913211178581517,1.4142135628839217e-10,-0.13632470437591893,-1.9962588227721381,-1.9962588227721381,false,false,6.3365729999999996,0,0,false,0,-0.19159736437519687,0,131.96000405034701,131.96000405034701,0,0.64731196652766321,0,0,0.64731196652766321,0,0,-0.055236498148552887,-0.0038362200151765865,-0.0030218305552034406,-0.002388585187253107,-0.0021738996698024465,-0.10482359260558263,-0.0055340156328788099,-0.0069687213361368655,-0.0063138311460360537,-0.0027191436046262165,0,-0.12154166274335509
4.7149999999999999,approach_stop,40,40,0.20000000000000001,0.02,2.4112499999999999,0.75,0,0,3.2000000000000002,0,3.0790359511556056,0.39024466645189892,0,3.199390901109417,0,0.013498500865558018,free_flight_controlled,sep_nmpc_adapted,formal_acados,3.9891232238875696,0,0.53427405150008478,0.68508727273196401,0.25440297864027539,0.24275622276541675,0.48913211178581517,1.4142135628839217e-10,-0.13632470437591893,-1.9962588227721381,-1.9962588227721381,false,false,6.3365729999999996,0,0,false,0,-0.19217171518712417,0,131.95910004901418,131.95910004901418,0,0.64956401199891611,0,0,0.64956401199891611,0,0,-0.055759246128673168,-0.0038636079825986862,-0.0030567475445563092,-0.0024194450349156699,-0.0021886082201130214,-0.10426524821125194,-0.0054329724679456548,-0.0069889432936108241,-0.0060289511431273618,-0.0031662594536487842,0,-0.11748930262309477
4.7199999999999998,approach_stop,40,40,0.20000000000000001,0.02,2.415,0.75,0,0,3.2000000000000002,0,3.0809657440465026,0.38166934567625671,0,3.1994582899338382,0,0.013457035510807822,free_flight_controlled,sep_nmpc_adapted,formal_acados,3.9939742141498504,0,0.53537296862400019,0.68800847010334787,0.25555156845114524,0.24275622276541675,0.48913211178581517,1.4142135628839217e-10,-0.13632470437591893,-1.9962588227721381,-1.9962588227721381,false,false,6.3365729999999996,0,0,false,0,-0.19274135533257489,0,131.95817405756424,131.95817405756424,0,0.65181161610595262,0,0,0.65181161610595262,0,0,-0.056279095706456853,-0.0038906426181214227,-0.0030916338389226036,-0.0024488681452005203,-0.0022055750038636242,-0.10366449124342718,-0.0053921554517977277,-0.0069563196281581807,-0.0057405392391718206,-0.0036210902003887572,0,-0.11349489249828065
4.7250000000000005,approach_stop,40,40,0.20000000000000001,0.02,2.4187500000000002,0.75,0,0,3.2000000000000002,0,3.0828526136133902,0.37307536035810673,0,3.1995254705937897,0,0.013415239801211976,free_flight_controlled,sep_nmpc_adapted,formal_acados,3.9987603103631768,0,0.53646787719988154,0.69090769674978658,0.25669206772475112,0.24275622276541675,0.48913211178581517,1.4142135628839217e-10,-0.13632470437591893,-1.9962588227721381,-1.9962588227721381,false,false,6.3365729999999996,0,0,false,0,-0.19330633311430673,0,131.95722631548352,131.95722631548352,0,0.65405450825098099,0,0,0.65405450825098099,0,0,-0.056795839393522389,-0.0039176148506659897,-0.0031262261024457248,-0.002476856271696725,-0.0022248189296480425,-0.10302330240741783,-0.005407030202677833,-0.006871745366674939,-0.0054560350984801846,-0.0040758777796166537,0,-0.10955930406056991
4.7300000000000004,approach_stop,40,40,0.20000000000000001,0.02,2.4225000000000003,0.75,0,0,3.2000000000000002,0,3.0846964668828409,0.36446284916273114,0,3.199592441485728,0,0.013373132689197409,free_flight_controlled,sep_nmpc_adapted,formal_acados,4.0034812589111075,0,0.53755862814304778,0.69378479202826659,0.25782439621670705,0.24275622276541675,0.48913211178581517,1.4142135628839217e-10,-0.13632470437591893,-1.9962588227721381,-1.9962588227721381,false,false,6.3365729999999996,0,0,false,0,-0.19386669609951979,0,131.95625712437797,131.95625712437797,0,0.65629234926804969,0,0,0.65629234926804969,0,0,-0.057309281716271115,-0.0039447865486640218,-0.0031602731402762302,-0.002503443612021657,-0.002246321765507125,-0.10234447669121326,-0.005470592470467407,-0.006739096844558627,-0.0051810055346618936,-0.0045235278559795445,0,-0.10568340274711054
4.7350000000000003,approach_stop,40,40,0.20000000000000001,0.02,2.4262500000000005,0.75,0,0,3.2000000000000002,0,3.0864972115595961,0.35583194481962671,0,3.1996592010961926,0,0.013330731278240809,free_flight_controlled,sep_nmpc_adapted,formal_acados,4.0081368090487572,0,0.53864507038278231,0.69663959748916116,0.25894847426679596,0.24275622276541675,0.48913211178581517,1.4142135628839217e-10,-0.13632470437591893,-1.9962588227721381,-1.9962588227721381,false,false,6.3365729999999996,0,0,false,0,-0.19442249108279416,0,131.95526684240642,131.95526684240642,0,0.65852474642882386,0,0,0.65852474642882386,0,0,-0.057819242813695083,-0.0039723795175961125,-0.0031935494416276827,-0.0025286879432197596,-0.0022700314882326753,-0.10163143056754166,-0.005573918127017634,-0.0065646704248759208,-0.0049193566044978222,-0.0049576171249660688,0,-0.10186804740851552
4.7400000000000002,approach_stop,40,40,0.20000000000000001,0.02,2.4300000000000002,0.75,0,0,3.2000000000000002,0,3.0882547559988129,0.34718277489770116,0,3.1997257479929582,0,0.013288050981255331,free_flight_controlled,sep_nmpc_adapted,formal_acados,4.0127267128880373,0,0.53972705103609575,0.69947195688922437,0.26006422282078706,0.24275622276541675,0.48913211178581517,1.4142135628839217e-10,-0.13632470437591893,-1.9962588227721381,-1.9962588227721381,false,false,6.3365729999999996,0,0,false,0,-0.19497376406027478,0,131.95425587803712,131.95425587803712,0,0.66075126833645714,0,0,0.66075126833645714,0,0,-0.058325561031457869,-0.0040005673838645426,-0.0032258657186338521,-0.0025526629744731417,-0.0022958656037675336,-0.10088799533630638,-0.0057067613688929946,-0.0063565501053615102,-0.0046736031702493772,-0.0053723762280590576,0,-0.098114089993821221
4.7450000000000001,approach_stop,40,40,0.20000000000000001,0.02,2.4337499999999999,0.75,0,0,3.2000000000000002,0,3.0899690091822087,0.33851546257815546,0,3.1997920808169873,0,0.013245105685477111,free_flight_controlled,sep_nmpc_adapted,formal_acados,4.0172507253779459,0,0.54080441559529857,0.7022817161957372,0.26117156344981657,0.24275622276541675,0.48913211178581517,1.4142135628839217e-10,-0.13632470437591893,-1.9962588227721381,-1.9962588227721381,false,false,6.3365729999999996,0,0,false,0,-0.1955205602146636,0,131.95322468348161,131.95322468348161,0,0.6629714590365704,0,0,0.6629714590365704,0,0,-0.058828094472801913,-0.0040294705130459367,-0.0032570762028121241,-0.0025754521273832947,-0.0023237143426806882,-0.10011820839426686,-0.0058581644044970313,-0.0061239503355601721,-0.0044451655432678544,-0.0057626584730760049,0,-0.094422375279460249
4.75,approach_stop,40,40,0.20000000000000001,0.02,2.4375,0.75,0,0,3.2000000000000002,0,3.0916398806979792,0.32983012739033202,0,3.1998581982752108,0,0.01320190791534377,free_flight_controlled,sep_nmpc_adapted,formal_acados,4.0217086042805024,0,0.54187700812699624,0.70506872358252315,0.26227041836747622,0.22721883411980448,0.57003210751741207,1.4142135628729683e-10,-0.19770304169865319,-1.9331996314502837,-1.9331996314502837,false,false,5.7792459999999997,0,0,false,0,-0.19606292391013483,0,131.78952682404034,131.78952682404034,0,0.7611693467886792,0,0,0.7611693467886792,0,0,-0.059326721523017899,-0.004059153935500286,-0.0032870826813468533,-0.0025971438101340043,-0.0023534436825999026,-0.099326113036229055,-0.0060170455881771992,-0.0058765755379711227,-0.0042346662596475237,-0.0061239032426909914,0,-0.090793740662576672
4.7549999999999999,approach_stop,40,40,0.20000000000000001,0.02,2.4412500000000001,0.75,0,0,3.2000000000000002,0,3.0932673105997832,0.32113887138495206,0,3.1999239436727178,0,0.013096283896372305,free_flight_controlled,sep_nmpc_adapted,formal_acados,4.0261001468790107,0,0.54294453728337855,0.70783283627922755,0.26336083106285874,0.22721883411980448,0.57003210751741207,1.4142135628729683e-10,-0.19770304169865319,-1.9331996314502837,-1.9331996314502837,false,false,5.7792459999999997,0,0,false,0,-0.19659965501161283,0,131.79085054801271,131.79085054801271,0,0.75996184009313472,0,0,0.75996184009313472,0,0,-0.059823327277125721,-0.0040887120363807027,-0.0033160538803929346,-0.0026177809499911275,-0.002384904889159125,-0.099307361813503761,-0.0058135733543112087,-0.0057048550500486562,-0.0040261600792514032,-0.0064540591721102105,0,-0.08723291236041604
4.7599999999999998,approach_stop,40,40,0.20000000000000001,0.02,2.4449999999999998,0.75,0,0,3.2000000000000002,0,3.0948512398833947,0.31242992924474561,0,3.1999891627658856,0,0.012991396002491648,free_flight_controlled,sep_nmpc_adapted,formal_acados,4.0304251528998707,0,0.54400671270663514,0.71057391301647599,0.26444284114604227,0.22721883411980448,0.57003210751741207,1.4142135628729683e-10,-0.19770304169865319,-1.9331996314502837,-1.9331996314502837,false,false,5.7792459999999997,0,0,false,0,-0.19712959839101504,0,131.79213139378095,131.79213139378095,0,0.75883474293623843,0,0,0.75883474293623843,0,0,-0.060319682451290234,-0.0041173722244855666,-0.0033440629944179864,-0.0026374641480117972,-0.0024179162754264156,-0.099225900382597029,-0.0056573030156810856,-0.0054928253183533235,-0.0038528192362490021,-0.0067435831936209631,0,-0.083736491897119569
4.7649999999999997,approach_stop,40,40,0.20000000000000001,0.02,2.4487499999999995,0.75,0,0,3.2000000000000002,0,3.0963915808501565,0.30370359162412325,0,3.2000538593378804,0,0.012887284808637354,free_flight_controlled,sep_nmpc_adapted,formal_acados,4.0346833876278625,0,0.54506337936999627,0.71329180677770598,0.26551636371324222,0.22721883411980448,0.57003210751741207,1.4142135628729683e-10,-0.19770304169865319,-1.9331996314502837,-1.9331996314502837,false,false,5.7792459999999997,0,0,false,0,-0.19765288617559126,0,131.79336871153225,131.79336871153225,0,0.75778676795281763,0,0,0.75778676795281763,0,0,-0.060815475974384407,-0.0041453595809676858,-0.0033709267891213908,-0.0026563636046600327,-0.002452269650145414,-0.099082823000482378,-0.0055435835315934675,-0.0052481571220506697,-0.0037121041408083623,-0.0069906233429360412,0,-0.080305336403568128
4.7700000000000005,approach_stop,40,40,0.20000000000000001,0.02,2.4525000000000006,0.75,0,0,3.2000000000000002,0,3.097888247224065,0.29496013711524061,0,3.200118037366928,0,0.01278398772219822,free_flight_controlled,sep_nmpc_adapted,formal_acados,4.0388746189679861,0,0.5461143818006432,0.7159863717439211,0.26658131435097826,0.22721883411980448,0.57003210751741207,1.4142135628729683e-10,-0.19770304169865319,-1.9331996314502837,-1.9331996314502837,false,false,5.7792459999999997,0,0,false,0,-0.19816964811582963,0,131.79456193261939,131.79456193261939,0,0.75681654544130539,0,0,0.75681654544130539,0,0,-0.061310403619566238,-0.0041728721991970202,-0.0033965049533554621,-0.0026746329213892363,-0.0024877498247181835,-0.098879746069562499,-0.0054663611408926789,-0.0049802251765678901,-0.0036000019237762979,-0.0071942028277601601,0,-0.076940292523122664
4.7750000000000004,approach_stop,40,40,0.20000000000000001,0.02,2.4562500000000003,0.75,0,0,3.2000000000000002,0,3.0993411540931879,0.286199832857984,0,3.2001817010105826,0,0.012681539078042422,free_flight_controlled,sep_nmpc_adapted,formal_acados,4.0429986173955337,0,0.54715956433026081,0.71865746330234581,0.26763760917015511,0.22721883411980448,0.57003210751741207,1.4142135628729683e-10,-0.19770304169865319,-1.9331996314502837,-1.9331996314502837,false,false,5.7792459999999997,0,0,false,0,-0.19868001155588766,0,131.79571056793142,131.79571056793142,0,0.7559226348688074,0,0,0.7559226348688074,0,0,-0.061804170207752362,-0.0042000755242992726,-0.0034207067666624704,-0.0026924030390995937,-0.0025241385410161494,-0.098618645615304298,-0.0054187190804425968,-0.0046993696714074116,-0.0035115467993035174,-0.0073540410836649001,0,-0.073642196315790498
4.7800000000000002,approach_stop,40,40,0.20000000000000001,0.02,2.46,0.75,0,0,3.2000000000000002,0,3.1007502178539075,0.27742293513505351,0,3.2002448545906068,0,0.012579970236531844,free_flight_controlled,sep_nmpc_adapted,formal_acados,4.0470551559113241,0,0.54819877132716988,0.72130493805741669,0.26868516483903787,0.22721883411980448,0.57003210751741207,1.4142135628729683e-10,-0.19770304169865319,-1.9331996314502837,-1.9331996314502837,false,false,5.7792459999999997,0,0,false,0,-0.19918410141118129,0,131.79681420605718,131.79681420605718,0,0.75510353552716258,0,0,0.75510353552716258,0,0,-0.062296491012113486,-0.0042270993426611857,-0.0034434941456796472,-0.0027097787285692925,-0.0025612175185962555,-0.098301701701564104,-0.0053933929568499312,-0.0044161930488530905,-0.0034413154760700952,-0.0074703823916462461,0,-0.070411873207809408
4.7850000000000001,approach_stop,40,40,0.20000000000000001,0.02,2.4637500000000001,0.75,0,0,3.2000000000000002,0,3.1021153561580421,0.26862968992820535,0,3.2003075025783452,0,0.012479309678682405,free_flight_controlled,sep_nmpc_adapted,formal_acados,4.0510440100021805,0,0.54923184741068387,0.7239286538441384,0.26972389861511165,0.22721883411980448,0.57003210751741207,1.4142135628729683e-10,-0.19770304169865319,-1.9331996314502837,-1.9331996314502837,false,false,5.7792459999999997,0,0,false,0,-0.19968204015349711,0,131.79787251151092,131.79787251151092,0,0.75435769599469971,0,0,0.75435769599469971,0,0,-0.062787092419010301,-0.0042540372312661378,-0.0034648813400025087,-0.0027268374384301821,-0.0025987706855398179,-0.097931157765032972,-0.0053832354421611021,-0.0041409283145948184,-0.0033838708835723526,-0.0075438421608536267,0,-0.067250137999094378
4.79,approach_stop,40,40,0.20000000000000001,0.02,2.4675000000000002,0.75,0,0,3.2000000000000002,0,3.1034364878626191,0.25982033341785798,0,3.2003696495805403,0,0.012379583093225337,free_flight_controlled,sep_nmpc_adapted,formal_acados,4.0549649576059021,0,0.55025863764974925,0.72652846974328311,0.27075372837587935,0.22721883411980448,0.57003210751741207,1.4142135628729683e-10,-0.19770304169865319,-1.9331996314502837,-1.9331996314502837,false,false,5.7792459999999997,0,0,false,0,-0.2001739478025924,0,131.79888522325911,131.79888522325911,0,0.75368352216359857,0,0,0.75368352216359857,0,0,-0.063275711935878096,-0.0042809481610505996,-0.0034849317069470952,-0.002743630190065331,-0.0026365857006017878,-0.097509200897858847,-0.0053816104363175266,-0.003882906021073519,-0.0033341345409933507,-0.0075752781390285798,0,-0.064157794934354875
4.7949999999999999,approach_stop,40,40,0.20000000000000001,0.02,2.4712499999999999,0.75,0,0,3.2000000000000002,0,3.1047135329819757,0.25099509241449797,0,3.200431300325572,0,0.012280813451511148,free_flight_controlled,sep_nmpc_adapted,formal_acados,4.0588177790796935,0,0.55127898774875395,0.72910424609771785,0.27177457264868199,0.22721883411980448,0.57003210751741207,1.4142135628729683e-10,-0.19770304169865319,-1.9331996314502837,-1.9331996314502837,false,false,5.7792459999999997,0,0,false,0,-0.20065994192312905,0,131.79985215373176,131.79985215373176,0,0.75307938371304051,0,0,0.75307938371304051,0,0,-0.063762097661634862,-0.0043078598660100534,-0.0035037521066767011,-0.0027601841285645086,-0.0026744549034611207,-0.097037867073639067,-0.0053827035753225491,-0.0036501375919671163,-0.0032876751334109415,-0.0075656909400307164,0,-0.061135637837785577
4.7999999999999998,approach_stop,40,40,0.20000000000000001,0.02,2.4749999999999996,0.75,0,0,3.2000000000000002,0,3.1059464126418348,0.24215418471627256,0,3.2004924596500217,0,0.012183021067783335,free_flight_controlled,sep_nmpc_adapted,formal_acados,4.0626022571708011,0,0.55229274422353281,0.73165584452896637,0.27278635063960344,0.21031864544254431,0.65170720145741634,1.4142135627298836e-10,-0.27089085524297146,-1.8569599172368572,-1.8569599172368572,false,false,5.7783239999999996,0,0,false,0,-0.201140137625755,0,131.59910582178503,131.59910582178503,0,0.86888949621120226,0,0,0.86888949621120226,0,0,-0.064246007350154247,-0.0043347735407575924,-0.0035214855242895397,-0.0027765062942868056,-0.0027121758449043013,-0.096518973325407598,-0.005381742536741195,-0.0034490234633214583,-0.0032409078146583333,-0.0075161555538292863,0,-0.058184450306337787
4.8049999999999997,approach_stop,40,40,0.20000000000000001,0.02,2.4787499999999998,0.75,0,0,3.2000000000000002,0,3.1071350868081797,0.23331297085879968,0,3.2005529394890586,0,0.01200902475372027,free_flight_controlled,sep_nmpc_adapted,formal_acados,4.0663182240139566,0,0.55329958984764083,0.73418313720577688,0.27378912919973059,0.21031864544254431,0.65170720145741634,1.4142135627298836e-10,-0.27089085524297146,-1.8569599172368572,-1.8569599172368572,false,false,5.7783239999999996,0,0,false,0,-0.20161313920851656,0,131.60302929167111,131.60302929167111,0,0.86427620381758929,0,0,0.86427620381758929,0,0,-0.064729618130836622,-0.0043605575050463374,-0.0035385678094253929,-0.0027925301956826785,-0.0027495607914634727,-0.096914857324401638,-0.0049391805524657603,-0.0033823287878168937,-0.0031714551098042574,-0.0074306027325017308,0,-0.055308909845656354
4.8100000000000005,approach_stop,40,40,0.20000000000000001,0.02,2.4825000000000004,0.75,0,0,3.2000000000000002,0,3.1082795168617405,0.22445660858052574,0,3.2006125549240649,0,0.011837273432000462,free_flight_controlled,sep_nmpc_adapted,formal_acados,4.0699655136380208,0,0.5542992110161532,0.73668599677628033,0.27478297037624599,0.21031864544254431,0.65170720145741634,1.4142135627298836e-10,-0.27089085524297146,-1.8569599172368572,-1.8569599172368572,false,false,5.7783239999999996,0,0,false,0,-0.20207760415438328,0,131.6068812627374,131.6068812627374,0,0.85983498754005239,0,0,0.85983498754005239,0,0,-0.065214952861604503,-0.0043842889221939393,-0.0035552804856383313,-0.0028082492209492711,-0.0027864103306583093,-0.097207996289444334,-0.0045616307713367199,-0.0033010741124176882,-0.0031184936159570843,-0.0073023599726500183,0,-0.052505529448733254
4.8150000000000004,approach_stop,40,40,0.20000000000000001,0.02,2.4862500000000001,0.75,0,0,3.2000000000000002,0,3.1093796280890209,0.21558550568298435,0,3.2006713173134336,0,0.011667819734238291,free_flight_controlled,sep_nmpc_adapted,formal_acados,4.0735439147804469,0,0.55529146254167516,0.73916428669142598,0.27576778446842581,0.21031864544254431,0.65170720145741634,1.4142135627298836e-10,-0.27089085524297146,-1.8569599172368572,-1.8569599172368572,false,false,5.7783239999999996,0,0,false,0,-0.20253374973359328,0,131.6106599414629,131.6106599414629,0,0.85556307738788906,0,0,0.85556307738788906,0,0,-0.065701493950623593,-0.0044063025688562216,-0.0035715515408148465,-0.0028237377357842918,-0.0028225170885942553,-0.097397030258699224,-0.0042525447626992671,-0.003205948339302453,-0.0030785926390499425,-0.0071339596307652469,0,-0.049775100270842705
4.8200000000000003,approach_stop,40,40,0.20000000000000001,0.02,2.4900000000000002,0.75,0,0,3.2000000000000002,0,3.1104353477628015,0.20670004904865072,0,3.2007292382651875,0,0.011500710818096827,free_flight_controlled,sep_nmpc_adapted,formal_acados,4.0770532183782713,0,0.55627620082760654,0.7416178706154698,0.27674348231779289,0.21031864544254431,0.65170720145741634,1.4142135627298836e-10,-0.27089085524297146,-1.8569599172368572,-1.8569599172368572,false,false,5.7783239999999996,0,0,false,0,-0.20298178882718079,0,131.61436369852774,131.61436369852774,0,0.85145755629486453,0,0,0.85145755629486453,0,0,-0.066188719699560986,-0.0044269441812428752,-0.003587317669440114,-0.002839050351109435,-0.0028576877357598621,-0.097481665617878993,-0.0040128962701153036,-0.0030996753143609219,-0.0030473450954534654,-0.0069284573204924371,0,-0.047118400522451184
4.8250000000000002,approach_stop,40,40,0.20000000000000001,0.02,2.4937500000000004,0.75,0,0,3.2000000000000002,0,3.1114466050390019,0.19780060514682157,0,3.2007863296096009,0,0.011335988428288394,free_flight_controlled,sep_nmpc_adapted,formal_acados,4.0804932175276551,0,0.55725328404033525,0.74404661248865323,0.27770997536304154,0.21031864544254431,0.65170720145741634,1.4142135627298836e-10,-0.27089085524297146,-1.8569599172368572,-1.8569599172368572,false,false,5.7783239999999996,0,0,false,0,-0.20342192987185825,0,131.61799107107458,131.61799107107458,0,0.8475153711472343,0,0,0.8475153711472343,0,0,-0.066676109445371098,-0.0044465587486677309,-0.0036025333438600834,-0.0028542180239073279,-0.0028917451536801747,-0.097462594923503676,-0.0038414652001274949,-0.0029865627295009248,-0.0030197638096665217,-0.0066892518721173673,0,-0.044536195513907646
4.8300000000000001,approach_stop,40,40,0.20000000000000001,0.02,2.4975000000000001,0.75,0,0,3.2000000000000002,0,3.1124133308560951,0.18888752063877584,0,3.2008426033723429,0,0.011173688982545704,free_flight_controlled,sep_nmpc_adapted,formal_acados,4.0838637074524673,0,0.55822257225176131,0.74645037659637226,0.27866717569371785,0.21031864544254431,0.65170720145741634,1.4142135627298836e-10,-0.27089085524297146,-1.8569599172368572,-1.8569599172368572,false,false,5.7783239999999996,0,0,false,0,-0.20385437681245328,0,131.62154076369043,131.62154076369043,0,0.84373334502467667,0,0,0.84373334502467667,0,0,-0.067163148245046017,-0.0044654803689743823,-0.0036171775149635896,-0.002869246163741295,-0.002924529708017085,-0.097341395568689149,-0.0037351740837652421,-0.0028720110172537347,-0.0029906828786599609,-0.0064199097936296339,0,-0.042029237690400602
4.835,approach_stop,40,40,0.20000000000000001,0.02,2.5012499999999998,0.75,0,0,3.2000000000000002,0,3.1133354578377381,0.17996112305742723,0,3.2008980717480995,0,0.011013843679499319,free_flight_controlled,sep_nmpc_adapted,formal_acados,4.0871644854818676,0,0.55918392755358026,0.74882902764412951,0.27961499610224533,0.21031864544254431,0.65170720145741634,1.4142135627298836e-10,-0.27089085524297146,-1.8569599172368572,-1.8569599172368572,false,false,5.7783239999999996,0,0,false,0,-0.20427932906396939,0,131.62501164824937,131.62501164824937,0,0.84010819020323446,0,0,0.84010819020323446,0,0,-0.067649331016784955,-0.0044840238651345562,-0.0036312578298698345,-0.0028841147040105553,-0.0029558996768273382,-0.097120414909897312,-0.0036894521120170135,-0.0027620166714247014,-0.0029551382066119246,-0.0061240044153024528,0,-0.039598266674505771
4.8399999999999999,approach_stop,40,40,0.20000000000000001,0.02,2.5049999999999999,0.75,0,0,3.2000000000000002,0,3.1142129201989408,0.17102172153826059,0,3.2009527470747909,0,0.010856478624998235,free_flight_controlled,sep_nmpc_adapted,formal_acados,4.0903953510358528,0,0.56013721414659912,0.75118243083691205,0.28055335013403104,0.21031864544254431,0.65170720145741634,1.4142135627298836e-10,-0.27089085524297146,-1.8569599172368572,-1.8569599172368572,false,false,5.7783239999999996,0,0,false,0,-0.20469698148357082,0,131.62840276276447,131.62840276276447,0,0.8366365214967717,0,0,0.8366365214967717,0,0,-0.068134166087661388,-0.0045024782436593027,-0.0036448124159064984,-0.0028987799776302521,-0.0029857309287905278,-0.096802648832231233,-0.0036986043535952276,-0.0026627000098239676,-0.002908705523475115,-0.0058049779180141294,0,-0.037244009329510844
4.8449999999999998,approach_stop,40,40,0.20000000000000001,0.02,2.50875,0.75,0,0,3.2000000000000002,0,3.1150456536559727,0.16206960758077768,0,3.2010066418084508,0,0.010701614973246709,free_flight_controlled,sep_nmpc_adapted,formal_acados,4.0935561056173713,0,0.56108229840911572,0.75351045196139854,0.28148215213539779,0.21031864544254431,0.65170720145741634,1.4142135627298836e-10,-0.27089085524297146,-1.8569599172368572,-1.8569599172368572,false,false,5.7783239999999996,0,0,false,0,-0.20510752435250207,0,131.63171330940983,131.63171330940983,0,0.83331486957590839,0,0,0.83331486957590839,0,0,-0.068617178130565781,-0.0045211019716519365,-0.0036579094167317272,-0.0029131781406142778,-0.0030139159816757722,-0.09639161981839528,-0.0037561671394692321,-0.0025798818417593788,-0.0028477791853788997,-0.0054660321970728823,0,-0.034967179852530443
4.8500000000000005,approach_stop,40,40,0.20000000000000001,0.02,2.5125000000000002,0.75,0,0,3.2000000000000002,0,3.1158335953401193,0.15310505582265532,0,3.2010597684988475,0,0.010549269079240165,free_flight_controlled,sep_nmpc_adapted,formal_acados,4.096646552809311,0,0.56201904894899624,0.75581295746919175,0.28240131729913887,0.19229933319070858,0.73413645229198299,1.4142135626383626e-10,-0.35616649536222611,-1.7673117342381253,-1.7673117342381253,false,false,5.7168419999999998,0,0,false,0,-0.20551114336771723,0,131.39272628931602,131.39272628931602,0,0.96730111691793708,0,0,0.96730111691793708,0,0,-0.06909791050086217,-0.0045401199638883559,-0.0036706445734263453,-0.0029272298168695064,-0.0030403625952052406,-0.095891259498663839,-0.0038552345157837403,-0.0025187272973184968,-0.0027697804238342714,-0.0051100521613047355,0,-0.03276847990249012
4.8550000000000004,approach_stop,40,40,0.20000000000000001,0.02,2.5162500000000003,0.75,0,0,3.2000000000000002,0,3.116576729820967,0.14414681585167929,0,3.201111907645267,0,0.01030660414016929,free_flight_controlled,sep_nmpc_adapted,formal_acados,4.0996665563035366,0,0.56294714075047469,0.75808982648256962,0.2833109357637637,0.19229933319070858,0.73413645229198299,1.4142135626383626e-10,-0.35616649536222611,-1.7673117342381253,-1.7673117342381253,false,false,5.7168419999999998,0,0,false,0,-0.20590624043933803,0,131.39964285697141,131.39964285697141,0,0.95937446870766774,0,0,0.95937446870766774,0,0,-0.069578772827712035,-0.0045584089466736552,-0.0036834499311179389,-0.0029407769228351551,-0.003065004154934263,-0.096439894464779241,-0.0034738802014070698,-0.0025991559462907108,-0.0026498862659068514,-0.0047433558835308634,0,-0.03065202597176642
4.8600000000000003,approach_stop,40,40,0.20000000000000001,0.02,2.5200000000000005,0.75,0,0,3.2000000000000002,0,3.1172750433165435,0.13517674319697939,0,3.201162843589699,0,0.010068005014053883,free_flight_controlled,sep_nmpc_adapted,formal_acados,4.1026159812805609,0,0.56386625408803537,0.76034093796401747,0.28421109203934447,0.19229933319070858,0.73413645229198299,1.4142135626383626e-10,-0.35616649536222611,-1.7673117342381253,-1.7673117342381253,false,false,5.7168419999999998,0,0,false,0,-0.20629127861670049,0,131.40645164755463,131.40645164755463,0,0.95171372379502961,0,0,0.95171372379502961,0,0,-0.070062005946271974,-0.0045750745227737585,-0.0036965719400941467,-0.0029537406931949123,-0.0030877651441587111,-0.096839358895147262,-0.0032061839676716087,-0.0026453030252676082,-0.0025361934041293948,-0.0043583592919565432,0,-0.028614697783214679
4.8650000000000002,approach_stop,40,40,0.20000000000000001,0.02,2.5237500000000002,0.75,0,0,3.2000000000000002,0,3.1179284778810508,0.12619531988640456,0,3.2012125967965606,0,0.0098335247742329743,free_flight_controlled,sep_nmpc_adapted,formal_acados,4.105494636237621,0,0.5647762703555087,0.76256615835657027,0.28510169095310112,0.19229933319070858,0.73413645229198299,1.4142135626383626e-10,-0.35616649536222611,-1.7673117342381253,-1.7673117342381253,false,false,5.7168419999999998,0,0,false,0,-0.20666655921772953,0,131.41314969966814,131.41314969966814,0,0.94431397156386221,0,0,0.94431397156386221,0,0,-0.070546867682135611,-0.0045906835905947293,-0.0037098415417309151,-0.0029661470436148944,-0.0031085624395032034,-0.0970914087133877,-0.0030509121521930379,-0.0026586733315707859,-0.0024264539345413049,-0.0039584688328364332,0,-0.026657186900460084
4.8700000000000001,approach_stop,40,40,0.20000000000000001,0.02,2.5274999999999999,0.75,0,0,3.2000000000000002,0,3.1185369779063365,0.11720299925059789,0,3.2012611879761086,0,0.0096032086239804179,free_flight_controlled,sep_nmpc_adapted,formal_acados,4.1083023316663692,0,0.56567707345298279,0.76476535376003263,0.28598263804735841,0.19229933319070858,0.73413645229198299,1.4142135626383626e-10,-0.35616649536222611,-1.7673117342381253,-1.7673117342381253,false,false,5.7168419999999998,0,0,false,0,-0.20703237670689831,0,131.41973432160555,131.41973432160555,0,0.93717013183629838,0,0,0.93717013183629838,0,0,-0.071032628660331262,-0.0046057872229943574,-0.0037231051010946942,-0.0029780078794322258,-0.0031273306136478558,-0.097199376853694688,-0.0030030610415805962,-0.002643815599671417,-0.0023173926430170941,-0.003547323774374259,0,-0.024780168531923677
4.875,approach_stop,40,40,0.20000000000000001,0.02,2.53125,0.75,0,0,3.2000000000000002,0,3.1191004899816397,0.10820020713105499,0,3.2013086380454134,0,0.0093770941072977929,free_flight_controlled,sep_nmpc_adapted,formal_acados,4.111038880041483,0,0.56656854983078142,0.76693839005984332,0.28685383964621392,0.19229933319070858,0.73413645229198299,1.4142135626383626e-10,-0.35616649536222611,-1.7673117342381253,-1.7673117342381253,false,false,5.7168419999999998,0,0,false,0,-0.20738901865441595,0,131.42620308928011,131.42620308928011,0,0.9302769776955806,0,0,0.9302769776955806,0,0,-0.071518579694226342,-0.0046209032872791328,-0.0037362378201876113,-0.0029893171926783997,-0.0031440226116074077,-0.097167969448768182,-0.0030544587917996024,-0.0026075883836637111,-0.0022052027817083364,-0.0031286021235227214,0,-0.022984301547430863
4.8799999999999999,approach_stop,40,40,0.20000000000000001,0.02,2.5350000000000001,0.75,0,0,3.2000000000000002,0,3.1196189627594073,0.099187343200261402,0,3.2013549680906728,0,0.0091552113592917317,free_flight_controlled,sep_nmpc_adapted,formal_acados,4.1137040958189939,0,0.56745058850433117,0.76908513305958659,0.28771520291859781,0.19229933319070858,0.73413645229198299,1.4142135626383626e-10,-0.35616649536222611,-1.7673117342381253,-1.7673117342381253,false,false,5.7168419999999998,0,0,false,0,-0.20773676571099856,0,131.43255384201893,131.43255384201893,0,0.92362915925871336,0,0,0.92362915925871336,0,0,-0.072004038086821293,-0.0046365022463966546,-0.0037491533536657606,-0.0030000496410612933,-0.0031586094840993129,-0.097003036828510095,-0.0031944289844452415,-0.0025583842168181016,-0.0020860368224532603,-0.0027058398172325636,0,-0.02127022852414602
4.8849999999999998,approach_stop,40,40,0.20000000000000001,0.02,2.5387499999999998,0.75,0,0,3.2000000000000002,0,3.1200923468278994,0.090164782348924874,0,3.2014001993308652,0,0.0089375833898766022,free_flight_controlled,sep_nmpc_adapted,formal_acados,4.1162977954435629,0,0.56832308104344587,0.77120544861566354,0.28856663593730852,0.19229933319070858,0.73413645229198299,1.4142135626383626e-10,-0.35616649536222611,-1.7673117342381253,-1.7673117342381253,false,false,5.7168419999999998,0,0,false,0,-0.20807589160016682,0,131.43878467650032,131.43878467650032,0,0.91722122761927238,0,0,0.91722122761927238,0,0,-0.072488352751164345,-0.0046529963475033858,-0.0037618095490643219,-0.0030101614947784299,-0.0031710792762198194,-0.096711332222277652,-0.0034104756807958225,-0.0025053632062893971,-0.001956457590086399,-0.0022822754616313675,0,-0.019638575839732046
4.8899999999999997,approach_stop,40,40,0.20000000000000001,0.02,2.5424999999999995,0.75,0,0,3.2000000000000002,0,3.1205205945908112,0.081132876099553525,0,3.2014443530828847,0,0.0087242263929366171,free_flight_controlled,sep_nmpc_adapted,formal_acados,4.1188197973627867,0,0.56918592154129011,0.7732992027719755,0.2894080477337781,0.19229933319070858,0.73413645229198299,1.4142135626383626e-10,-0.35616649536222611,-1.7673117342381253,-1.7673117342381253,false,false,5.7168419999999998,0,0,false,0,-0.20840666312776496,0,131.44489393918954,131.44489393918954,0,0.91104765826163858,0,0,0.91104765826163858,0,0,-0.072970908117978142,-0.0046707322146346247,-0.0037742104711673053,-0.0030195936802698952,-0.0031814352236673271,-0.096300269737645952,-0.0036889545749078994,-0.0024577396375706916,-0.0018138218682985023,-0.0018607298880988815,0,-0.01808995382429518
4.8950000000000005,approach_stop,40,40,0.20000000000000001,0.02,2.5462500000000006,0.75,0,0,3.2000000000000002,0,3.1209036601539535,0.072091954011058085,0,3.2014874507282727,0,0.0085151500721631027,free_flight_controlled,sep_nmpc_adapted,formal_acados,4.121269922046312,0,0.57003900656905226,0.77536626189235858,0.29023934834841364,0.19229933319070858,0.73413645229198299,1.4142135626383626e-10,-0.35616649536222611,-1.7673117342381253,-1.7673117342381253,false,false,5.7168419999999998,0,0,false,0,-0.20872934020793518,0,131.45088021766895,131.45088021766895,0,0.90510287337190276,0,0,0.90510287337190276,0,0,-0.0734511268523107,-0.0046899866996768947,-0.0037864050658414782,-0.0030282765292235893,-0.0031896934469706553,-0.095777691479311755,-0.0040157007914546003,-0.00242415610304698,-0.0016565761693821148,-0.0014435265196165261,0,-0.016624956976642936
4.9000000000000004,approach_stop,40,40,0.20000000000000001,0.02,2.5500000000000003,0.75,0,0,3.2000000000000002,0,3.1212414992246238,0.063042330685614947,0,3.2015295136825812,0,0.0083103589295760241,free_flight_controlled,sep_nmpc_adapted,formal_acados,4.1236479911380748,0,0.57088223884141454,0.77740649191345101,0.29106044897398087,0.17318263349684004,0.79503426481897388,1.414213562582799e-10,-0.43913112819584393,-1.6657572284113269,-1.6657572284113269,false,false,5.7803250000000004,0,0,false,0,-0.2090441759183865,0,131.17770800736207,131.17770800736207,0,1.0551438977849745,0,0,1.0551438977849745,0,0,-0.073928467923046817,-0.0047109870864835372,-0.003798452304483277,-0.0030361284958249249,-0.0031959170876435143,-0.095148095435220098,-0.0043983136347491803,-0.0023791041007202268,-0.0014826445443219035,-0.0010644334929511467,0,-0.015244099592864338
4.9050000000000002,approach_stop,40,40,0.20000000000000001,0.02,2.55375,0.75,0,0,3.2000000000000002,0,3.1215341228513891,0.054005873461816442,0,3.2015702955475294,0,0.0080027211657689862,free_flight_controlled,sep_nmpc_adapted,formal_acados,4.1259538875958439,0,0.57171534217209807,0.77941976474445485,0.29187146185323942,0.17318263349684004,0.79503426481897388,1.414213562582799e-10,-0.43913112819584393,-1.6657572284113269,-1.6657572284113269,false,false,5.7803250000000004,0,0,false,0,-0.20934939516707329,0,131.18792143572429,131.18792143572429,0,1.0440713432933346,0,0,1.0440713432933346,0,0,-0.074405613783454935,-0.0047327337693865122,-0.0038102254970048795,-0.0030431311044705183,-0.0032005349706305795,-0.095696422245152582,-0.0043232829892423542,-0.0023033179203160187,-0.001324002657837213,-0.00079972051399924493,0,-0.013950075553771511
4.9100000000000001,approach_stop,40,40,0.20000000000000001,0.02,2.5575000000000001,0.75,0,0,3.2000000000000002,0,3.121781543821792,0.044961355914759069,0,3.2016095544069541,0,0.0077011748013818574,free_flight_controlled,sep_nmpc_adapted,formal_acados,4.1281874928599427,0,0.5725380594651126,0.78140594903815075,0.29267249343121499,0.17318263349684004,0.79503426481897388,1.414213562582799e-10,-0.43913112819584393,-1.6657572284113269,-1.6657572284113269,false,false,5.7803250000000004,0,0,false,0,-0.20964329081648025,0,131.19798468385997,131.19798468385997,0,1.0333549967293978,0,0,1.0333549967293978,0,0,-0.074885072548168508,-0.0047545199938156882,-0.0038212414594819212,-0.0030494222800537228,-0.0032040541957364405,-0.096074904708382314,-0.0044071016794159767,-0.0020853155876864658,-0.0011973226513438909,-0.00061934304018670895,0,-0.012740800901629993
4.915,approach_stop,40,40,0.20000000000000001,0.02,2.5612500000000002,0.75,0,0,3.2000000000000002,0,3.1219837231230732,0.0359092763047223,0,3.2016473208218366,0,0.0074057575989858633,free_flight_controlled,sep_nmpc_adapted,formal_acados,4.1303486253741539,0,0.57335034364649584,0.7833649022510808,0.29346344476478098,0.17318263349684004,0.79503426481897388,1.414213562582799e-10,-0.43913112819584393,-1.6657572284113269,-1.6657572284113269,false,false,5.7803250000000004,0,0,false,0,-0.2099262426673274,0,131.2078938319616,131.2078938319616,0,1.0229871092802065,0,0,1.0229871092802065,0,0,-0.075366048291816867,-0.0047769728706931894,-0.0038309766486271874,-0.0030551355078973896,-0.0032068189223768283,-0.096312815781343528,-0.0045604340564262182,-0.0018200690544759764,-0.0010870036783979275,-0.00049299036941228929,0,-0.011616869546094904
4.9199999999999999,approach_stop,40,40,0.20000000000000001,0.02,2.5649999999999999,0.75,0,0,3.2000000000000002,0,3.1221406240507212,0.026850089979980694,0,3.2016836254964081,0,0.0071164956633027283,free_flight_controlled,sep_nmpc_adapted,formal_acados,4.1324371101086035,0,0.57415213778324525,0.78529648605788227,0.29424421828850339,0.17318263349684004,0.79503426481897388,1.414213562582799e-10,-0.43913112819584393,-1.6657572284113269,-1.6657572284113269,false,false,5.7803250000000004,0,0,false,0,-0.2101986205601318,0,131.21764542550608,131.21764542550608,0,1.0129597107325663,0,0,1.0129597107325663,0,0,-0.075847970836321846,-0.0048000530891053684,-0.0038395676620511139,-0.0030602833825561174,-0.003209035420380194,-0.096453220741184176,-0.004658620252936568,-0.0016272950886581396,-0.00097263675459625259,-0.00039795187554761391,0,-0.010578799209136753
4.9249999999999998,approach_stop,40,40,0.20000000000000001,0.02,2.5687499999999996,0.75,0,0,3.2000000000000002,0,3.1222522123590544,0.017784309712347748,0,3.2017184993003132,0,0.0068334256427317304,free_flight_controlled,sep_nmpc_adapted,formal_acados,4.1344527762510301,0,0.57494337978291321,0.78720056389197579,0.29501471734610502,0.17318263349684004,0.79503426481897388,1.414213562582799e-10,-0.43913112819584393,-1.6657572284113269,-1.6657572284113269,false,false,5.7803250000000004,0,0,false,0,-0.21046078521232642,0,131.22723547047616,131.22723547047616,0,1.0032662755519961,0,0,1.0032662755519961,0,0,-0.076330340099925384,-0.0048235300019672592,-0.0038473371568066989,-0.0030648714025903702,-0.0032108348117058515,-0.096489920838717297,-0.0047231533548553681,-0.0014882331145243013,-0.00086438306203066905,-0.00032495832508830402,0,-0.0096271451915968288
4.9299999999999997,approach_stop,40,40,0.20000000000000001,0.02,2.5724999999999998,0.75,0,0,3.2000000000000002,0,3.1223184563039768,0.0087124206754377945,0,3.2017519732666098,0,0.0065565756376506339,free_flight_controlled,sep_nmpc_adapted,formal_acados,4.1363954558529761,0,0.57572400375140453,0.78907699954899935,0.29577484577356411,0.17318263349684004,0.79503426481897388,1.414213562582799e-10,-0.43913112819584393,-1.6657572284113269,-1.6657572284113269,false,false,5.7803250000000004,0,0,false,0,-0.21071308871883065,0,131.2366603026797,131.2366603026797,0,0.99390018505206501,0,0,0.99390018505206501,0,0,-0.076812622506371497,-0.0048472877634235497,-0.0038545115593715098,-0.0030689459680720609,-0.0032123117089323857,-0.096417274540225625,-0.0047739566766382161,-0.0013871550380952719,-0.0007678434547372196,-0.00026816824556731989,0,-0.0087624396231995826
4.9350000000000005,approach_stop,40,40,0.20000000000000001,0.02,2.5762500000000004,0.75,0,0,3.2000000000000002,0,3.122339326492849,-0.00036512151688410056,0,3.2017840785463316,0,0.0062859647622519011,free_flight_controlled,sep_nmpc_adapted,formal_acados,4.1382649836773266,0,0.57649394084798111,0.79092565718447772,0.29652450799727648,0.17318263349684004,0.79503426481897388,1.414213562582799e-10,-0.43913112819584393,-1.6657572284113269,-1.6657572284113269,false,false,5.7803250000000004,0,0,false,0,-0.21095587454547127,0,131.24591661615824,131.24591661615824,0,0.98485469388685798,0,0,0.98485469388685798,0,0,-0.077294261389617258,-0.0048712960766230332,-0.0038612532755091635,-0.0030725722950808044,-0.003213536737381359,-0.09623160589427647,-0.0048256122120988497,-0.0013137686631380092,-0.00068527001992946658,-0.00022367733009603507,0,-0.0079851063373240824
4.9400000000000004,approach_stop,40,40,0.20000000000000001,0.02,2.5800000000000001,0.75,0,0,3.2000000000000002,0,3.1223147957480988,-0.0094478826340014636,0,3.2018148463648539,0,0.0060216039215447202,free_flight_controlled,sep_nmpc_adapted,formal_acados,4.1400611971029067,0,0.57725311993039352,0.79274640135480789,0.29726360912420785,0.17318263349684004,0.79503426481897388,1.414213562582799e-10,-0.43913112819584393,-1.6657572284113269,-1.6657572284113269,false,false,5.7803250000000004,0,0,false,0,-0.21118947753520836,0,131.25500143605225,131.25500143605225,0,0.97612294752186735,0,0,0.97612294752186735,0,0,-0.077774685712209635,-0.0048955872702955844,-0.0038676825450430605,-0.0030758218279937645,-0.0032145642858217955,-0.095930777417215798,-0.0048887869971456161,-0.0012612434507466535,-0.0006170936911092822,-0.00018880384744802877,0,-0.0072398055081244056
4.9450000000000003,approach_stop,40,40,0.20000000000000001,0.02,2.5837500000000002,0.75,0,0,3.2000000000000002,0,3.1222448390779127,-0.018535421449686996,0,3.2018443079868888,0,0.0057634980391036705,free_flight_controlled,sep_nmpc_adapted,formal_acados,4.1417839360665427,0,0.57800146803273433,0.79453909698863001,0.29799205498608256,0.17318263349684004,0.79503426481897388,1.414213562582799e-10,-0.43913112819584393,-1.6657572284113269,-1.6657572284113269,false,false,5.7803250000000004,0,0,false,0,-0.21141422392387352,0,131.26391202494599,131.26391202494599,0,0.96769799043071469,0,0,0.96769799043071469,0,0,-0.078253316823911387,-0.0049202394254646139,-0.0038738914293804396,-0.0030787655633347372,-0.0032154374438789781,-0.095513838871595785,-0.0049712457963019116,-0.0012249787595600156,-0.00056281576550235089,-0.00016165407622278848,0,-0.0064790842507099732
4.9500000000000002,approach_stop,40,40,0.20000000000000001,0.02,2.5875000000000004,0.75,0,0,3.2000000000000002,0,3.1221294336668417,-0.027627313130226438,0,3.2018724946837716,0,0.0055116445260340987,free_flight_controlled,sep_nmpc_adapted,formal_acados,4.1434330430250457,0,0.57873891073414074,0.79630360935820399,0.29870975217061757,0.15298606393273406,0.82222266486087303,1.4142135625514626e-10,-0.50492095197451137,-1.553093253913352,-1.553093253913352,false,false,5.7526299999999999,0,0,false,0,-0.21163043136570683,0,130.95931414457513,130.95931414457513,0,1.1327630123781469,0,0,1.1327630123781469,0,0,-0.078729573951898099,-0.0049453634637463299,-0.0038799528948558208,-0.0030814708114288345,-0.0032161912236292867,-0.094980871658967667,-0.0050784387832989606,-0.0012018369039333116,-0.00052152406383630993,-0.00014085633802096085,0,-0.0057031499275884377
4.9550000000000001,approach_stop,40,40,0.20000000000000001,0.02,2.5912500000000001,0.75,0,0,3.2000000000000002,0,3.1219686197737513,-0.036698698983525159,0,3.2018991364205935,0,0.0051455221196512304,free_flight_controlled,sep_nmpc_adapted,formal_acados,4.1450084404493737,0,0.57946512367619929,0.7980398206756224,0.29941682943195563,0.15298606393273406,0.82222266486087303,1.4142135625514626e-10,-0.50492095197451137,-1.553093253913352,-1.553093253913352,false,false,5.7526299999999999,0,0,false,0,-0.21183616049062096,0,130.97305730684445,130.97305730684445,0,1.1187266480211764,0,0,1.1187266480211764,0,0,-0.079206382205956327,-0.0049697375589342315,-0.0038859898151307557,-0.0030840425791410406,-0.0032168633086654347,-0.095730620086591806,-0.0046784285104360572,-0.0012123781324023853,-0.00050824996416921463,-0.00012880245341793389,0,-0.0049140855900013589
4.96,approach_stop,40,40,0.20000000000000001,0.02,2.5949999999999998,0.75,0,0,3.2000000000000002,0,3.1217624398090842,-0.045773631109475056,0,3.201923968305203,0,0.0047877252533479898,free_flight_controlled,sep_nmpc_adapted,formal_acados,4.1465100524368612,0,0.58017978464748854,0.79974761262777705,0.3001134080537084,0.15298606393273406,0.82222266486087303,1.4142135625514626e-10,-0.50492095197451137,-1.553093253913352,-1.553093253913352,false,false,5.7526299999999999,0,0,false,0,-0.21202954647939404,0,130.98659854039784,130.98659854039784,0,1.105136352895252,0,0,1.105136352895252,0,0,-0.079686476865605649,-0.0049923334014850117,-0.0038920669839729721,-0.0030865587987074267,-0.0032174854510892076,-0.09629512001664374,-0.0043673874156639212,-0.0012183199026443757,-0.00049908496291766759,-0.00012064447838791638,0,-0.0041094970873991679
4.9649999999999999,approach_stop,40,40,0.20000000000000001,0.02,2.5987499999999999,0.75,0,0,3.2000000000000002,0,3.1215108777202731,-0.054851444158496715,0,3.2019470320753323,0,0.0044382964391622834,free_flight_controlled,sep_nmpc_adapted,formal_acados,4.1479377271620557,0,0.58088282312111927,0.80142684944178255,0.30079938063500444,0.15298606393273406,0.82222266486087303,1.4142135625514626e-10,-0.50492095197451137,-1.553093253913352,-1.553093253913352,false,false,5.7526299999999999,0,0,false,0,-0.2122110450447974,0,130.99993157271618,130.99993157271618,0,1.0919833279530338,0,0,1.0919833279530338,0,0,-0.080168936633086635,-0.0050135953354233931,-0.0038981667574325431,-0.0030890373142805757,-0.0032180740551991213,-0.096676494618825395,-0.004144960148294974,-0.0012216956830837329,-0.00049303731042367818,-0.00011523118568611398,0,-0.0032841078318350939
4.9699999999999998,approach_stop,40,40,0.20000000000000001,0.02,2.6025,0.75,0,0,3.2000000000000002,0,3.1212139206913077,-0.063931508796061465,0,3.2019683696520023,0,0.0040972664055934594,free_flight_controlled,sep_nmpc_adapted,formal_acados,4.1492913153390889,0,0.5815741685380571,0.80307739464778127,0.30147464053692485,0.15298606393273406,0.82222266486087303,1.4142135625514626e-10,-0.50492095197451137,-1.553093253913352,-1.553093253913352,false,false,5.7526299999999999,0,0,false,0,-0.2123811005881972,0,131.01305062775847,131.01305062775847,0,1.0792586642374276,0,0,1.0792586642374276,0,0,-0.080652852775135508,-0.0050339636721007846,-0.0039042802665362128,-0.0030914922139892004,-0.0032186408265944214,-0.096877627770533992,-0.0040099030089299223,-0.0012240206403620417,-0.00048957050257268718,-0.00011181058457413116,0,-0.0024372069731515423
4.9750000000000005,approach_stop,40,40,0.20000000000000001,0.02,2.6062500000000002,0.75,0,0,3.2000000000000002,0,3.1208715589626368,-0.073013231655977562,0,3.201988023081193,0,0.0037646544218008331,free_flight_controlled,sep_nmpc_adapted,formal_acados,4.1505706701639857,0,0.5822537504957005,0.80469911120134896,0.30213908195380235,0.15298606393273406,0.82222266486087303,1.4142135625514626e-10,-0.50492095197451137,-1.553093253913352,-1.553093253913352,false,false,5.7526299999999999,0,0,false,0,-0.21254014623995729,0,131.02595042233801,131.02595042233801,0,1.0669533415067585,0,0,1.0669533415067585,0,0,-0.081137332645542404,-0.005053870489661787,-0.0039104053221191305,-0.0030939357553683472,-0.0032191944503338552,-0.096902062415266652,-0.0039601678573231444,-0.0012264792016933696,-0.00048847261077348322,-0.00010991033143802086,0,-0.0015690474925749397
4.9800000000000004,approach_stop,40,40,0.20000000000000001,0.02,2.6100000000000003,0.75,0,0,3.2000000000000002,0,3.1204837856533953,-0.082096054459745604,0,3.202006034477193,0,0.0034404685552369002,free_flight_controlled,sep_nmpc_adapted,formal_acados,4.1517756472708394,0,0.58292149886618949,0.80629186161744404,0.30279259998037861,0.15298606393273406,0.82222266486087303,1.4142135625514626e-10,-0.50492095197451137,-1.553093253913352,-1.553093253913352,false,false,5.7526299999999999,0,0,false,0,-0.21268860390189581,0,131.0386261649241,131.0386261649241,0,1.0550582403811168,0,0,1.0550582403811168,0,0,-0.081621502880508873,-0.0050737356193947267,-0.0039165451259125517,-0.0030963797750107442,-0.0032197417751381649,-0.096753962100854185,-0.0039929075020703727,-0.0012300605870030402,-0.00048977576288047853,-0.00010925713248245609,0,-0.00067989276534954164
4.9850000000000003,approach_stop,40,40,0.20000000000000001,0.02,2.6137500000000005,0.75,0,0,3.2000000000000002,0,3.1200505965884555,-0.091179453012033521,0,3.2020224459672719,0,0.0031247059488291309,free_flight_controlled,sep_nmpc_adapted,formal_acados,4.1529061046980136,0,0.58357734386211502,0.80785550810955808,0.3034350906737962,0.15298606393273406,0.82222266486087303,1.4142135625514626e-10,-0.50492095197451137,-1.553093253913352,-1.553093253913352,false,false,5.7526299999999999,0,0,false,0,-0.21282688429892285,0,131.05107355295559,131.05107355295559,0,1.043564156232262,0,0,1.043564156232262,0,0,-0.082104512394049464,-0.0050939627330197886,-0.0039227075119446899,-0.0030988367506922174,-0.0032202886595762972,-0.09643806637602545,-0.0041045142721356318,-0.001235638143287897,-0.00049369533999178206,-0.00010972035693675257,0,0.00022998488335422822
4.9900000000000002,approach_stop,40,40,0.20000000000000001,0.02,2.6175000000000002,0.75,0,0,3.2000000000000002,0,3.1195719901306256,-0.10026293615158138,0,3.2020372996377904,0,0.002817353104357951,free_flight_controlled,sep_nmpc_adapted,formal_acados,4.1539619028618668,0,0.58422121606364041,0.80938991273124128,0.30406645111088798,0.15298606393273406,0.82222266486087303,1.4142135625514626e-10,-0.50492095197451137,-1.553093253913352,-1.553093253913352,false,false,5.7526299999999999,0,0,false,0,-0.21295538704031663,0,131.0632887692791,131.0632887692791,0,1.0324618134144843,0,0,1.0324618134144843,0,0,-0.082585535135488705,-0.0051149356864970295,-0.0039289044863072276,-0.0031013205935439604,-0.0032208405795984495,-0.095959645263271887,-0.004290675514038886,-0.0012440124002268086,-0.00050058316312917312,-0.0001112722886751377,0,0.0011620058177231021
4.9950000000000001,approach_stop,40,40,0.20000000000000001,0.02,2.6212499999999999,0.75,0,0,3.2000000000000002,0,3.1190479670179974,-0.10934604475617873,0,3.2020506374810211,0,0.002518385813144865,free_flight_controlled,sep_nmpc_adapted,formal_acados,4.1549429045368091,0,0.58485304641168967,0.81089493751881181,0.30468657944097183,0.15298606393273406,0.82222266486087303,1.4142135625514626e-10,-0.50492095197451137,-1.553093253913352,-1.553093253913352,false,false,5.7526299999999999,0,0,false,0,-0.21307450068990169,0,131.07526849403206,131.07526849403206,0,1.0217418773178497,0,0,1.0217418773178497,0,0,-0.083063772859178334,-0.0051370148290658217,-0.003935151927125429,-0.0031038472900298897,-0.0032214030875138125,-0.095324572992819531,-0.0045462708542944701,-0.0012559345520683125,-0.0005109186170421065,-0.00011396953867039669,0,0.0021225884259946865
5,approach_stop,40,40,0.20000000000000001,0.02,2.625,0.75,0,0,3.2000000000000002,0,3.1184785302065237,-0.11842835057295271,0,3.2020625013420174,0,0.0022277695261119744,free_flight_controlled,sep_nmpc_adapted,formal_acados,4.1558489748414589,0,0.58547276616687061,0.81237044463493524,0.30529537493404929,0.1317124552686344,0.86467770316241133,1.4142135625246351e-10,-0.58512372105326704,-1.4255637088443003,-1.4255637088443003,false,false,5.7010500000000004,0,0,false,0,-0.21318460284470517,0,130.72976994608112,130.72976994608112,0,1.2078258596297573,0,0,1.2078258596297573,0,0,-0.083538458136242583,-0.0051605329949090352,-0.0039414693669114955,-0.0031064354707621205,-0.0032219821837597656,-0.094539258117230698,-0.0048654778841030373,-0.0012721150959553763,-0.00052526537279795886,-0.00011792836519411853,0,0.0031121668208964675
5.0049999999999999,approach_stop,40,40,0.20000000000000001,0.02,2.6287499064843751,0.74994393749999999,-0.022387499999999526,0,3.2000000000000002,0,3.1178637545203349,-0.127481476006477,0,3.2020725886251262,0,0.0018077608093653818,free_flight_controlled,sep_nmpc_adapted,formal_acados,4.1566800708646197,0,0.58608002580314611,0.81381631634428475,0.30589299004157233,0.1317124552686344,0.86467770316241133,1.4142135625246351e-10,-0.58512372105326704,-1.4255637088443003,-1.4255637088443003,false,false,5.7010500000000004,0,0,false,0,-0.21328350885424771,0,130.74738041642013,130.74738041642013,0,1.1907911768694555,0,0,1.1907911768694555,0,0,-0.084012834449180326,-0.0051842530333164162,-0.0039479509233156873,-0.0031091547332663051,-0.0032225941720048262,-0.095197672335861891,-0.0046335604631205134,-0.0013188730331044468,-0.00056231684792945407,-0.00012712121062910501,0,0.0041278075166403657
5.0099999999999998,approach_stop,40,40,0.20000000000000001,0.02,2.6324992537499998,0.74977649999999996,-0.044549999999999063,0,3.2000000000000002,0,3.1172037168532913,-0.13653302716845472,0,3.2020806026411512,0,0.0013984845250163756,free_flight_controlled,sep_nmpc_adapted,formal_acados,4.1574361509809377,0,0.58667447955957708,0.81523243412764634,0.30647956889731676,0.1317124552686344,0.86467770316241133,1.4142135625246351e-10,-0.58512372105326704,-1.4255637088443003,-1.4255637088443003,false,false,5.7010500000000004,0,0,false,0,-0.21336911771277786,0,130.76473001584193,130.76473001584193,0,1.1742936867203482,0,0,1.1742936867203482,0,0,-0.084489956383831527,-0.0052071093563994131,-0.003954638404375271,-0.0031120528148829447,-0.0032232544326930494,-0.095637903604597355,-0.0045189191910616541,-0.0013552507449068165,-0.00059682188517021131,-0.00013712454455847652,0,0.0051717660459009536
5.0149999999999997,approach_stop,40,40,0.20000000000000001,0.02,2.6362474877343747,0.74949881250000006,-0.066487499999998603,0,3.2000000000000002,0,3.1164984268426217,-0.14558230486362556,0,3.2020865971039263,0,0.00099995957717360505,free_flight_controlled,sep_nmpc_adapted,formal_acados,4.1581170852253644,0,0.58725606705889688,0.81661865838274272,0.30705499542381548,0.1317124552686344,0.86467770316241133,1.4142135625246351e-10,-0.58512372105326704,-1.4255637088443003,-1.4255637088443003,false,false,5.7010500000000004,0,0,false,0,-0.21344196062690807,0,130.7818109333073,130.7818109333073,0,1.1583221227173457,0,0,1.1583221227173457,0,0,-0.084968750088511236,-0.005229668244843653,-0.0039614904848543674,-0.0031151179505372198,-0.0032239656809546053,-0.095866841010355891,-0.004513559909685539,-0.001385263701859527,-0.00062923254499878457,-0.0001474632480888166,0,0.006246401509909425
5.0200000000000005,approach_stop,40,40,0.20000000000000001,0.02,2.6399940600000003,0.749112,-0.088200000000001999,0,3.2000000000000002,0,3.115747897516941,-0.15462865234040837,0,3.2020906257861501,0,0.00061219020956963723,free_flight_controlled,sep_nmpc_adapted,formal_acados,4.1587227461000067,0,0.58782472856986523,0.81797484858306568,0.30761915456300115,0.1317124552686344,0.86467770316241133,1.4142135625246351e-10,-0.58512372105326704,-1.4255637088443003,-1.4255637088443003,false,false,5.7010500000000004,0,0,false,0,-0.21350255489622258,0,130.79861604435433,130.79861604435433,0,1.142865112897417,0,0,1.142865112897417,0,0,-0.085448177313733553,-0.0052524556097700735,-0.0039684838820406776,-0.00311834119549402,-0.0032247290108351691,-0.095892433895164164,-0.0046075805631899209,-0.0014137664370453959,-0.00065981425692259138,-0.00015785847571202482,0,0.0073592438737656706
5.0250000000000004,approach_stop,40,40,0.20000000000000001,0.02,2.6437384277343754,0.74861718749999995,-0.10968750000000152,0,3.2000000000000002,0,3.1149521450581799,-0.16367146689515163,0,3.2020927424404495,0,0.00023516389106010145,free_flight_controlled,sep_nmpc_adapted,formal_acados,4.1592530087334216,0,0.58838040511776746,0.8193008636752418,0.30817193244689967,0.1317124552686344,0.86467770316241133,1.4142135625246351e-10,-0.58512372105326704,-1.4255637088443003,-1.4255637088443003,false,false,5.7010500000000004,0,0,false,0,-0.21355140392145036,0,130.81513902049878,130.81513902049878,0,1.1279109848551987,0,0,1.1279109848551987,0,0,-0.085927259670819323,-0.0052758918893385893,-0.0039756690258795782,-0.003121703900924401,-0.0032255418753235321,-0.095732081498833485,-0.0047646042530587853,-0.0014690194142713267,-0.00068376788454300585,-0.0001669326321407318,0,0.008510517045041275
5.0300000000000002,approach_stop,40,40,0.20000000000000001,0.02,2.6474800537500003,0.74801549999999994,-0.13095000000000104,0,3.2000000000000002,0,3.1141111885712438,-0.17271017420269427,0,3.2020930007260051,0,-0.00013114260479114067,free_flight_controlled,sep_nmpc_adapted,formal_acados,4.1597077510378648,0,0.58892303897669862,0.82059656246662105,0.30871321660773388,0.1317124552686344,0.86467770316241133,1.4142135625246351e-10,-0.58512372105326704,-1.4255637088443003,-1.4255637088443003,false,false,5.7010500000000004,0,0,false,0,-0.21358899723861463,0,130.83137406637042,130.83137406637042,0,1.1134482151854115,0,0,1.1134482151854115,0,0,-0.086405106036844787,-0.0053002179574299169,-0.003983230626350049,-0.0031251680356677381,-0.0032263957134915471,-0.095398702779328978,-0.0049625139783987119,-0.0015642423126171593,-0.00070086305836934584,-0.00017432233608520909,0,0.0096999269284145043
5.0350000000000001,approach_stop,40,40,0.20000000000000001,0.02,2.6512184064843751,0.74730806249999993,-0.15198750000000061,0,3.2000000000000002,0,3.1132250499730878,-0.18174422798854142,0,3.202091454161681,0,-0.0004867630934697927,free_flight_controlled,sep_nmpc_adapted,formal_acados,4.160086853302607,0,0.58945257366769421,0.82186180332951919,0.30924289584607556,0.1317124552686344,0.86467770316241133,1.4142135625246351e-10,-0.58512372105326704,-1.4255637088443003,-1.4255637088443003,false,false,5.7010500000000004,0,0,false,0,-0.21361581083955727,0,130.84731592278186,130.84731592278186,0,1.0994654093649032,0,0,1.0994654093649032,0,0,-0.086880871888630334,-0.0053256178038080257,-0.0039913690139191885,-0.0031287056868988966,-0.0032272832065806467,-0.094900623145990431,-0.0051929634919106356,-0.0016998241978009451,-0.00071351476467677638,-0.00018046664605872762,0,0.010929260922409326
5.04,approach_stop,40,40,0.20000000000000001,0.02,2.6549529600000001,0.74649600000000005,-0.17280000000000018,0,3.2000000000000002,0,3.112293753824301,-0.19077311673877217,0,3.2020881560663548,0,-0.00083174385835920307,free_flight_controlled,sep_nmpc_adapted,formal_acados,4.1603901981783631,0,0.58996895371073332,0.82309644435406215,0.30976086025159272,0.1317124552686344,0.86467770316241133,1.4142135625246351e-10,-0.58512372105326704,-1.4255637088443003,-1.4255637088443003,false,false,5.7010500000000004,0,0,false,0,-0.21363230733253116,0,130.86295996120063,130.86295996120063,0,1.0859511719339212,0,0,1.0859511719339212,0,0,-0.087353755155800725,-0.0053522318143208424,-0.0040002888205330073,-0.0031322991391001288,-0.0032281991430870688,-0.094246464947341069,-0.0054469668018459197,-0.0018769867362866976,-0.00072342076867521648,-0.00018576064292621231,0,0.012208029604009209
5.0449999999999999,approach_stop,40,40,0.20000000000000001,0.02,2.6586831939843751,0.74558043750000003,-0.19338749999999971,0,3.2000000000000002,0,3.1113173271596577,-0.19979636207213033,0,3.2020831594970027,0,-0.0011661431817205417,free_flight_controlled,sep_nmpc_adapted,formal_acados,4.1606176707428739,0,0.59047212436810481,0.82430034358321624,0.31026700125423101,0.1317124552686344,0.86467770316241133,1.4142135625246351e-10,-0.58512372105326704,-1.4255637088443003,-1.4255637088443003,false,false,5.7010500000000004,0,0,false,0,-0.21363893609003592,0,130.87830217155422,130.87830217155422,0,1.0728941267914323,0,0,1.0728941267914323,0,0,-0.087822997255120563,-0.0053801549413089742,-0.0040102016842867832,-0.0031359378740046444,-0.0032291401456808087,-0.093444978028416323,-0.0057153872632942351,-0.0020972431258182325,-0.00073181243106863205,-0.00019054937249280918,0,0.013537209169253236
5.0499999999999998,approach_stop,40,40,0.20000000000000001,0.02,2.6624085937499999,0.74456250000000002,-0.21374999999999925,0,3.2000000000000002,0,3.1102957993257001,-0.20881351740996032,0,3.2020765171918795,0,-0.0014900301956401376,free_flight_controlled,sep_nmpc_adapted,formal_acados,4.1607691585343156,0,0.59096203146606185,0.82547335920861553,0.31076121166833198,0.10931673468565384,1.0355713512479618,1.4142135624827017e-10,-0.78405556415304845,-1.4886681927326308,-1.4886681927326308,false,false,5.729368,0,0,false,0,-0.21363613340824819,0,131.07047816813059,131.07047816813059,0,0.96313607230865261,0,0,0.96313607230865261,0,0,-0.088287883398022904,-0.0054094366789530345,-0.0040213268149027134,-0.0031396168632495925,-0.0032301045017203854,-0.092504908149502768,-0.0059892321635542532,-0.0023620587459638512,-0.00073967513632029313,-0.00019515476178320044,0,0.01491653695421319
5.0549999999999997,approach_stop,40,40,0.20000000000000001,0.02,2.6661286502343748,0.74344331250000006,-0.23388749999999886,0,3.2000000000000002,0,3.1092291673508092,-0.21783798597064041,0,3.2020684526468299,0,-0.0017350325298825491,free_flight_controlled,sep_nmpc_adapted,formal_acados,4.1608445062489086,0,0.5914387589946839,0.82661533889809935,0.31124326038712552,0.10931673468565384,1.0355713512479618,1.4142135624827017e-10,-0.78405556415304845,-1.4886681927326308,-1.4886681927326308,false,false,5.729368,0,0,false,0,-0.21362558521305766,0,131.08207808136521,131.08207808136521,0,0.95444743167418622,0,0,0.95444743167418622,0,0,-0.088745721342223693,-0.0054409955449140684,-0.0040337164528352872,-0.0031433430504864955,-0.0032310948296240907,-0.090629294284292936,-0.0066189178202540402,-0.0026073943504812637,-0.00075028423346972829,-0.0002008136873371201,0,0.016356130204915924
5.0600000000000005,approach_stop,40,40,0.20000000000000001,0.02,2.6698428600000002,0.74222399999999988,-0.25380000000000197,0,3.2000000000000002,0,3.1081174301967609,-0.2268555620601993,0,3.2020591857621179,0,-0.0019709692665047466,free_flight_controlled,sep_nmpc_adapted,formal_acados,4.1608435619342021,0,0.59190238885002944,0.82772613173744125,0.31171292255788879,0.10931673468565384,1.0355713512479618,1.4142135624827017e-10,-0.78405556415304845,-1.4886681927326308,-1.4886681927326308,false,false,5.729368,0,0,false,0,-0.21360891784581704,0,131.09338030696989,131.09338030696989,0,0.94609129467590636,0,0,0.94609129467590636,0,0,-0.089193992534403133,-0.0054755456183529878,-0.0040475209881838271,-0.0031471169274775225,-0.003232111707122932,-0.088679549899552054,-0.00718380633217268,-0.0029282920759499528,-0.00075902969733467897,-0.00020584606138562204,0,0.017861004325523178
5.0650000000000004,approach_stop,40,40,0.20000000000000001,0.02,2.6735507252343753,0.74090568749999985,-0.27348750000000149,0,3.2000000000000002,0,3.106960622784575,-0.23586606490604786,0,3.2020487615164557,0,-0.0021979813984848227,free_flight_controlled,sep_nmpc_adapted,formal_acados,4.1607662222645834,0,0.59235286345356442,0.82880559948000843,0.31217010498683812,0.10931673468565384,1.0355713512479618,1.4142135624827017e-10,-0.78405556415304845,-1.4886681927326308,-1.4886681927326308,false,false,5.729368,0,0,false,0,-0.21358643720433274,0,131.10438637368037,131.10438637368037,0,0.93805742607206033,0,0,0.93805742607206033,0,0,-0.08963235242787769,-0.005512733408896609,-0.0040631216087105458,-0.0031509331165622944,-0.0032331530829229995,-0.086665924454893892,-0.0076725707179974689,-0.0033258195299062342,-0.00076745154246271705,-0.00021068907232558328,0,0.019446107288462078
5.0700000000000003,approach_stop,40,40,0.20000000000000001,0.02,2.6772517537500002,0.73948949999999991,-0.2929500000000011,0,3.2000000000000002,0,3.1057587808991944,-0.24486932953950383,0,3.2020372241654735,0,-0.0024162170936041032,free_flight_controlled,sep_nmpc_adapted,formal_acados,4.1606123865690448,0,0.59279012568334055,0.82985360566985034,0.31261471628835036,0.10931673468565384,1.0355713512479618,1.4142135624827017e-10,-0.78405556415304845,-1.4886681927326308,-1.4886681927326308,false,false,5.729368,0,0,false,0,-0.21355843851207026,0,131.11509824518916,131.11509824518916,0,0.93033578283387486,0,0,0.93033578283387486,0,0,-0.090060504561760957,-0.0055521561300424767,-0.0040809004834314946,-0.0031547934631421426,-0.0032342191464158651,-0.084597392237228133,-0.0080768419661932066,-0.0037992832597830962,-0.00077690935986474911,-0.00021579848915938383,0,0.021122959438881806
5.0750000000000002,approach_stop,40,40,0.20000000000000001,0.02,2.6809454589843753,0.73797656249999999,-0.31218750000000073,0,3.2000000000000002,0,3.10451194111221,-0.25386520618325631,0,3.2020246172100189,0,-0.002625829800525838,free_flight_controlled,sep_nmpc_adapted,formal_acados,4.1603819569562193,0,0.59321411871084706,0.83087001584400932,0.31304666692093597,0.10931673468565384,1.0355713512479618,1.4142135624827017e-10,-0.78405556415304845,-1.4886681927326308,-1.4886681927326308,false,false,5.729368,0,0,false,0,-0.21352520656892432,0,131.12551823638566,131.12551823638566,0,0.92291651553893217,0,0,0.92291651553893217,0,0,-0.090478194062898379,-0.0055933767589058225,-0.0041012317116822629,-0.0031587062478326548,-0.0032353123694852386,-0.082481610707771769,-0.0083913002606986527,-0.0043461420125655353,-0.00078862204025612482,-0.00022162875462025013,0,0.022891468321039197
5.0800000000000001,approach_stop,40,40,0.20000000000000001,0.02,2.68463136,0.73636800000000002,-0.33120000000000027,0,3.2000000000000002,0,3.1032201407075424,-0.26285355954887479,0,3.2020109833726664,0,-0.0028269773450767914,free_flight_controlled,sep_nmpc_adapted,formal_acados,4.1600748383499448,0,0.59362478580162126,0.8318546976424025,0.31346586918347125,0.10931673468565384,1.0355713512479618,1.4142135624827017e-10,-0.78405556415304845,-1.4886681927326308,-1.4886681927326308,false,false,5.729368,0,0,false,0,-0.21348701600147374,0,131.13564897378279,131.13564897378279,0,0.91578996861218598,0,0,0.91578996861218598,0,0,-0.090885201055357925,-0.0056359392574595506,-0.0041244720819846471,-0.0031626855403540238,-0.0032364374655273437,-0.080324925620739909,-0.0086136447126027652,-0.0049620237833988192,-0.00080368874934579483,-0.00022862037287104761,0,0.02475152755562111
5.085,approach_stop,40,40,0.20000000000000001,0.02,2.6883089814843748,0.73466493750000006,-0.34998749999999984,0,3.2000000000000002,0,3.1018834176107979,-0.27183426814471628,0,3.2019963645766092,0,-0.0030198216260766855,free_flight_controlled,sep_nmpc_adapted,formal_acados,4.1596909385161496,0,0.59402207012327479,0.83280752090535171,0.31387223720754492,0.10931673468565384,1.0355713512479618,1.4142135624827017e-10,-0.78405556415304845,-1.4886681927326308,-1.4886681927326308,false,false,5.729368,0,0,false,0,-0.21344413151050551,0,131.1454933827784,131.1454933827784,0,0.90894667893171188,0,0,0.90894667893171188,0,0,-0.091281334203247091,-0.0056793833659498144,-0.0041509521441078284,-0.0031667506263030692,-0.0032376012963233054,-0.078132417952850308,-0.0087444573003720213,-0.0056408276086107696,-0.00082309713169099704,-0.00023719079337376477,0,0.026703017256722451
5.0899999999999999,approach_stop,40,40,0.20000000000000001,0.02,2.6919778537500001,0.73286850000000003,-0.36854999999999949,0,3.2000000000000002,0,3.1005018103216768,-0.28080722374606482,0,3.2019808019259721,0,-0.0032045283482421954,free_flight_controlled,sep_nmpc_adapted,formal_acados,4.1592301680911472,0,0.59440591456941694,0.83372835776947041,0.31426568695123014,0.10931673468565384,1.0355713512479618,1.4142135624827017e-10,-0.78405556415304845,-1.4886681927326308,-1.4886681927326308,false,false,5.729368,0,0,false,0,-0.21339680811404299,0,131.15505467635728,131.15505467635728,0,0.90237737194850975,0,0,0.90237737194850975,0,0,-0.091666424579615019,-0.0057232584944745092,-0.0041809679502555113,-0.0031709254503242846,-0.0032388127366351272,-0.075907986510364053,-0.0087869806364197344,-0.0063748870919250666,-0.00084772253859757135,-0.00024772652325118444,0,0.028745804423316833
5.0949999999999998,approach_stop,40,40,0.20000000000000001,0.02,2.695637512734375,0.7309798125000001,-0.38688749999999916,0,3.2000000000000002,0,3.0990753578486623,-0.28977233100720384,0,3.2019643356873897,0,-0.0033812667827328581,free_flight_controlled,sep_nmpc_adapted,formal_acados,4.1586924406110004,0,0.59477626160281971,0.83461708276233815,0.31464613619505322,0.10931673468565384,1.0355713512479618,1.4142135624827017e-10,-0.78405556415304845,-1.4886681927326308,-1.4886681927326308,false,false,5.729368,0,0,false,0,-0.21334529138430366,0,131.16433634484395,131.16433634484395,0,0.89607295580071455,0,0,0.89607295580071455,0,0,-0.092040320025873645,-0.0057671363190185043,-0.0042147737400198768,-0.0031752380423255948,-0.0032400825016591743,-0.073654460548475117,-0.0087468245236708465,-0.0071551822287101415,-0.00087832260269440627,-0.00026057613332841476,0,0.030879743309739908
5.1000000000000005,approach_stop,40,40,0.20000000000000001,0.02,2.6992875000000005,0.72899999999999976,-0.40500000000000186,0,3.2000000000000002,0,3.0976040996453409,-0.29872950719259711,0,3.2019470052727299,0,-0.0035502095465125842,free_flight_controlled,sep_nmpc_adapted,formal_acados,4.1580776725416557,0,0.5951330531208705,0.83547357289631485,0.31501350454082844,0.085045857449929096,1.4104277308101465,1.414213562438234e-10,-1.198506481190073,-1.50184563859543,-1.50184563859543,false,false,5.7090009999999998,0,0,false,0,-0.21328981767738545,0,131.21027318147364,131.21027318147364,0,0.86977146463363453,0,0,0.86977146463363453,0,0,-0.09240288013673828,-0.0058106217643520376,-0.004252575778929903,-0.0031797199112042749,-0.0032414229416267877,-0.071373736323437326,-0.0086316167424504708,-0.0079715869944724949,-0.00091553005967470367,-0.00027604411905514012,0,0.033104675781410589
5.1050000000000004,approach_stop,40,40,0.20000000000000001,0.02,2.7029273627343753,0.72693018749999982,-0.42288750000000153,0,3.2000000000000002,0,3.0960880683933909,-0.30768154980691309,0,3.2019288849825451,0,-0.0036972288353090666,free_flight_controlled,sep_nmpc_adapted,formal_acados,4.1573857737963182,0,0.59547625882950983,0.83629770540292736,0.3153676872014432,0.085045857449929096,1.4104277308101465,1.414213562438234e-10,-1.198506481190073,-1.50184563859543,-1.50184563859543,false,false,5.7090009999999998,0,0,false,0,-0.21323087765460072,0,131.21834524722235,131.21834524722235,0,0.86469650782202978,0,0,0.86469650782202978,0,0,-0.092753550615551753,-0.0058535520970213265,-0.0042944915525630406,-0.0031844070046663378,-0.0032428484084216862,-0.06889896994784632,-0.0085252983531486203,-0.0087996471370798777,-0.00096037458834803788,-0.0002945906125543915,0,0.035421071124596491
5.1100000000000003,approach_stop,40,40,0.20000000000000001,0.02,2.7065566537500003,0.7247714999999999,-0.44055000000000116,0,3.2000000000000002,0,3.094527297083677,-0.31662553195828569,0,3.2019100475516709,0,-0.0038370797896125301,free_flight_controlled,sep_nmpc_adapted,formal_acados,4.1566166574483985,0,0.59580584719922702,0.83708936036472148,0.31570858221807796,0.085045857449929096,1.4104277308101465,1.414213562438234e-10,-1.198506481190073,-1.50184563859543,-1.50184563859543,false,false,5.7090009999999998,0,0,false,0,-0.21316894343421139,0,131.22615364318193,131.22615364318193,0,0.85984129759939887,0,0,0.85984129759939887,0,0,-0.093091808508282803,-0.0058957799982688091,-0.0043406017244133534,-0.0031893352940235427,-0.0032443736995060261,-0.066408523356996929,-0.0083524263176824737,-0.0096474227481727348,-0.0010120940198870348,-0.00031601069387765627,0,0.037828166455290614
5.1150000000000002,approach_stop,40,40,0.20000000000000001,0.02,2.7101749314843753,0.72252506249999993,-0.45798750000000071,0,3.2000000000000002,0,3.0929218260426214,-0.32556144561105804,0,3.2018905283499559,0,-0.0039699517939515237,free_flight_controlled,sep_nmpc_adapted,formal_acados,4.1557702492490485,0,0.5961217570209032,0.83784842320642705,0.31603611668286885,0.085045857449929096,1.4104277308101465,1.414213562438234e-10,-1.198506481190073,-1.50184563859543,-1.50184563859543,false,false,5.7090009999999998,0,0,false,0,-0.21310420580686615,0,131.23370350922099,131.23370350922099,0,0.85519757749490422,0,0,0.85519757749490422,0,0,-0.093417576909021915,-0.0059369981531514427,-0.0043909761344662407,-0.0031945402597960072,-0.0032460136808871529,-0.063902916319382247,-0.0081233384843733668,-0.010503366116611925,-0.0010711009747847368,-0.00034049462214168994,0,0.040325775665038699
5.1200000000000001,approach_stop,40,40,0.20000000000000001,0.02,2.7137817600000003,0.72019199999999994,-0.47520000000000034,0,3.2000000000000002,0,3.0912716956132544,-0.33448929052062587,0,3.2018703617963151,0,-0.0040960353981863437,free_flight_controlled,sep_nmpc_adapted,formal_acados,4.1548464779488548,0,0.5964239266109197,0.83857478233560034,0.31635021960603138,0.085045857449929096,1.4104277308101465,1.414213562438234e-10,-1.198506481190073,-1.50184563859543,-1.50184563859543,false,false,5.7090009999999998,0,0,false,0,-0.21303684753251395,0,131.24100015322136,131.24100015322136,0,0.85075729124594257,0,0,0.85075729124594257,0,0,-0.093730779211736448,-0.005976959630897373,-0.004445612661620575,-0.0032000695706331317,-0.0032477827598277752,-0.061380710379533028,-0.0078582844550775278,-0.011336831794399737,-0.0011522776040651524,-0.00036643538596372704,0,0.042913707772317976
5.125,approach_stop,40,40,0.20000000000000001,0.02,2.717376708984375,0.7177734375,-0.4921875,0,3.2000000000000002,0,3.0895769461510341,-0.34340906439896618,0,3.2018495813630712,0,-0.0042155190308281361,free_flight_controlled,sep_nmpc_adapted,formal_acados,4.1538452742431033,0,0.59671230266303854,0.8392683280920693,0.3166508225956553,0.085045857449929096,1.4104277308101465,1.414213562438234e-10,-1.198506481190073,-1.50184563859543,-1.50184563859543,false,false,5.7090009999999998,0,0,false,0,-0.21296704365092567,0,131.24804890002443,131.24804890002443,0,0.84651273243199143,0,0,0.84651273243199143,0,0,-0.094031305128749146,-0.0060156841487257326,-0.0045040099857346135,-0.0032063127984508612,-0.0032496585546323412,-0.058830972962034253,-0.007639069932715516,-0.0119865849061452,-0.0013715597912495959,-0.00038215589505479207,0,0.045591805575865965
5.1299999999999999,approach_stop,40,40,0.20000000000000001,0.02,2.7209593537500001,0.71527050000000003,-0.50894999999999968,0,3.2000000000000002,0,3.0878376179430025,-0.35232079956589119,0,3.2018282195666896,0,-0.0043285973993377764,free_flight_controlled,sep_nmpc_adapted,formal_acados,4.1527665702386951,0,0.59698684350825415,0.83992895229569264,0.31693786009260871,0.085045857449929096,1.4104277308101465,1.414213562438234e-10,-1.198506481190073,-1.50184563859543,-1.50184563859543,false,false,5.7090009999999998,0,0,false,0,-0.2128949615851998,0,131.2548554719971,131.2548554719971,0,0.84245590337963649,0,0,0.84245590337963649,0,0,-0.094319016513399342,-0.0060534645991915104,-0.0045651172414403491,-0.0032140439781763283,-0.0032515912904785382,-0.056255514914378919,-0.0074799238443505715,-0.012421923728013587,-0.0017456723612261759,-0.00039000409750046885,0,0.048359875906597106
5.1349999999999998,approach_stop,40,40,0.20000000000000001,0.02,2.7245292752343748,0.71268431250000008,-0.52548749999999933,0,3.2000000000000002,0,3.0860537510648665,-0.36122454488516992,0,3.2018063079417689,0,-0.0044354677971923289,free_flight_controlled,sep_nmpc_adapted,formal_acados,4.1516103007374969,0,0.59724750883212896,0.84055654967263049,0.31721126863550198,0.085045857449929096,1.4104277308101465,1.414213562438234e-10,-1.198506481190073,-1.50184563859543,-1.50184563859543,false,false,5.7090009999999998,0,0,false,0,-0.21282076109590831,0,131.26142582386012,131.26142582386012,0,0.83857884440258079,0,0,0.83857884440258079,0,0,-0.094593798908898089,-0.0060905844905474668,-0.0046278850781563841,-0.0032240085134679522,-0.0032535520447488889,-0.05366017438910882,-0.0073733504909783793,-0.012653004195705947,-0.002262737158722718,-0.00039388993658929133,0,0.051217706695674117
5.1399999999999997,approach_stop,40,40,0.20000000000000001,0.02,2.7280860599999999,0.7100160000000002,-0.54179999999999895,0,3.2000000000000002,0,3.084225385322199,-0.37012035926677311,0,3.2017838770335301,0,-0.004536328637005504,free_flight_controlled,sep_nmpc_adapted,formal_acados,4.1503764036122206,0,0.59749425805620904,0.84115101829002159,0.31747098680598379,0.085045857449929096,1.4104277308101465,1.414213562438234e-10,-1.198506481190073,-1.50184563859543,-1.50184563859543,false,false,5.7090009999999998,0,0,false,0,-0.212744594449089,0,131.26776607557679,131.26776607557679,0,0.83487374244147916,0,0,0.83487374244147916,0,0,-0.094855569314410554,-0.0061272792917335742,-0.004691330195677859,-0.0032368866169523525,-0.0032555279771553213,-0.051051641357352989,-0.0073077945318730103,-0.012695933526958745,-0.0029085463134967001,-0.00039643072477922966,0,0.054165076275879853
5.1450000000000005,approach_stop,40,40,0.20000000000000001,0.02,2.7316293002343754,0.70726668749999977,-0.55788750000000142,0,3.2000000000000002,0,3.0823525602044257,-0.37900830997515594,0,3.2017609563930924,0,-0.0046313790944859058,free_flight_controlled,sep_nmpc_adapted,formal_acados,4.1490648200413496,0,0.59772704957984935,0.84171225983692388,0.31771695522037563,0.085045857449929096,1.4104277308101465,1.414213562438234e-10,-1.198506481190073,-1.50184563859543,-1.50184563859543,false,false,5.7090009999999998,0,0,false,0,-0.21266660661022604,0,131.27388249513501,131.27388249513501,0,0.83133295267557195,0,0,0.83133295267557195,0,0,-0.095104279600833716,-0.0061637187337603393,-0.0047545624843402211,-0.0032532818314437275,-0.0032575170838328193,-0.048437114700141511,-0.007268703900785837,-0.012571676568241413,-0.003666687305688609,-0.00039940200388951901,0,0.057201753924924138
5.1500000000000004,approach_stop,40,40,0.20000000000000001,0.02,2.7351585937500005,0.70443749999999983,-0.57375000000000109,0,3.2000000000000002,0,3.0804353148472607,-0.38788847095556045,0,3.2017375745746137,0,-0.0047208187201514488,free_flight_controlled,sep_nmpc_adapted,formal_acados,4.1476754946882437,0,0.59794584022397146,0.84224017984098298,0.31794911652083407,0.058712239600112737,1.2459356551320515,1.4142135624437332e-10,-1.0912855558823034,-1.5227781864621128,-1.5227781864621128,false,false,5.7034969999999996,0,0,false,0,-0.21258693545137647,0,131.338256517806,131.338256517806,0,0.7958043763637378,0,0,0.7958043763637378,0,0,-0.095339918151135461,-0.0061999946956219154,-0.0048168061138259824,-0.0032737109047315262,-0.0032595247412585461,-0.045823939322054356,-0.0072396858916898314,-0.012304752682501533,-0.0045189352590998795,-0.0004040165150107421,0,0.060327500572284358
5.1550000000000002,approach_stop,40,40,0.20000000000000001,0.02,2.7386735439843752,0.70152956249999987,-0.58938750000000073,0,3.2000000000000002,0,3.0784736767358964,-0.39676543776256951,0,3.2017138158572602,0,-0.0047821591027494854,free_flight_controlled,sep_nmpc_adapted,formal_acados,4.1462083606664901,0,0.59815062995584589,0.8427346839305937,0.3181673736932053,0.058712239600112737,1.2459356551320515,1.4142135624437332e-10,-1.0912855558823034,-1.5227781864621128,-1.5227781864621128,false,false,5.7034969999999996,0,0,false,0,-0.21250612995721616,0,131.34288869956492,131.34288869956492,0,0.79372193979628092,0,0,0.79372193979628092,0,0,-0.095561839847058405,-0.0062364236004971317,-0.0048773411097837189,-0.0032986105752413537,-0.0032615611087252823,-0.042952305222140476,-0.0073247375133604093,-0.011894801767143848,-0.0054509317646505347,-0.0004110268099750581,0,0.063543464699559044
5.1600000000000001,approach_stop,40,40,0.20000000000000001,0.02,2.74217376,0.69854399999999994,-0.60480000000000045,0,3.2000000000000002,0,3.0764676729331164,-0.40563477459056807,0,3.2016897624226188,0,-0.0048387278729948866,free_flight_controlled,sep_nmpc_adapted,formal_acados,4.144663355096931,0,0.59834141558323639,0.84319568216381457,0.31837163330391549,0.058712239600112737,1.2459356551320515,1.4142135624437332e-10,-1.0912855558823034,-1.5227781864621128,-1.5227781864621128,false,false,5.7034969999999996,0,0,false,0,-0.21242471697048762,0,131.34732395444672,131.34732395444672,0,0.79175214348903777,0,0,0.79175214348903777,0,0,-0.095769478855331422,-0.0062731758072468204,-0.0049356283678186497,-0.0033283040360251705,-0.0032636402595941226,-0.040111880166212838,-0.0073660874733508536,-0.011410365260340369,-0.006433091867335817,-0.00042118718037326223,0,0.066848102744997487
5.165,approach_stop,40,40,0.20000000000000001,0.02,2.7456588564843751,0.69548193749999998,-0.61998750000000014,0,3.2000000000000002,0,3.0744173412255797,-0.41449662636228934,0,3.2016654376033959,0,-0.0048907352859208246,free_flight_controlled,sep_nmpc_adapted,formal_acados,4.1430404343144485,0,0.59851814565888817,0.84362309308886874,0.31856184716728886,0.058712239600112737,1.2459356551320515,1.4142135624437332e-10,-1.0912855558823034,-1.5227781864621128,-1.5227781864621128,false,false,5.7034969999999996,0,0,false,0,-0.21234278394003964,0,131.35156989743436,131.35156989743436,0,0.78988848887866436,0,0,0.78988848887866436,0,0,-0.09596300781024017,-0.0063099901331413119,-0.004991364862590832,-0.0033629920030923853,-0.0032657786634877665,-0.037309087075324543,-0.0073471412267453254,-0.010878867867342067,-0.007445467347763789,-0.00043475843852680925,0,0.070241169830467229
5.1699999999999999,approach_stop,40,40,0.20000000000000001,0.02,2.74912845375,0.69234450000000003,-0.63494999999999979,0,3.2000000000000002,0,3.0723227186798794,-0.4233511360636224,0,3.2016408636871687,0,-0.0049383890805128955,free_flight_controlled,sep_nmpc_adapted,formal_acados,4.1413395584671049,0,0.59868076643698176,0.84401683978722553,0.31873796915592656,0.058712239600112737,1.2459356551320515,1.4142135624437332e-10,-1.0912855558823034,-1.5227781864621128,-1.5227781864621128,false,false,5.7034969999999996,0,0,false,0,-0.21226041269374538,0,131.35563413065739,131.35563413065739,0,0.78812474688379985,0,0,0.78812474688379985,0,0,-0.096142627969009353,-0.0063465302105042568,-0.0050443788252315892,-0.0034027772538514313,-0.0032679937212701298,-0.034548921694594205,-0.0072545309122457723,-0.010325233979811645,-0.0084689102876760996,-0.00045185801462913652,0,0.073722417507321558
5.1749999999999998,approach_stop,40,40,0.20000000000000001,0.02,2.7525821777343751,0.68913281250000014,-0.64968749999999953,0,3.2000000000000002,0,3.0701838416538969,-0.43219844411254127,0,3.201616061929665,0,-0.0049818942163613556,free_flight_controlled,sep_nmpc_adapted,formal_acados,4.1395606915266079,0,0.59882922197221633,0.844376849872711,0.31889995518714953,0.058712239600112737,1.2459356551320515,1.4142135624437332e-10,-1.0912855558823034,-1.5227781864621128,-1.5227781864621128,false,false,5.7034969999999996,0,0,false,0,-0.21217767969314211,0,131.35952422862886,131.35952422862886,0,0.78645495590067183,0,0,0.78645495590067183,0,0,-0.096308561689521399,-0.006382402098217067,-0.005094615146142999,-0.0034476697367445911,-0.0032703031267819903,-0.031834811235318415,-0.0070786677320153896,-0.0097710911282775856,-0.0094854996607188838,-0.00047249004428971295,0,0.077291594665155866
5.1799999999999997,approach_stop,40,40,0.20000000000000001,0.02,2.7560196599999998,0.68584800000000024,-0.66419999999999924,0,3.2000000000000002,0,3.0680007458079248,-0.44103868986453415,0,3.2015910525692322,0,-0.0050214525874902553,free_flight_controlled,sep_nmpc_adapted,formal_acados,4.1377037999838917,0,0.59896345821123798,0.84470305417596692,0.31904776322504019,0.058712239600112737,1.2459356551320515,1.4142135624437332e-10,-1.0912855558823034,-1.5227781864621128,-1.5227781864621128,false,false,5.7034969999999996,0,0,false,0,-0.21209465627634028,0,131.36324772247065,131.36324772247065,0,0.78487338519152194,0,0,0.78487338519152194,0,0,-0.096461045984140931,-0.0064171641969191133,-0.0051421590678908582,-0.0034975128654729268,-0.0032727899371642866,-0.02916965674208126,-0.0068070650942753186,-0.0092642563967120506,-0.010420281117794954,-0.00054431445453406399,0,0.080948446868433707
5.1850000000000005,approach_stop,40,40,0.20000000000000001,0.02,2.7594405377343754,0.68249118749999971,-0.67848750000000146,0,3.2000000000000002,0,3.0657734661093285,-0.44987200900702878,0,3.2015658548451906,0,-0.0050572616600207598,free_flight_controlled,sep_nmpc_adapted,formal_acados,4.1357688452399346,0,0.59908344624368637,0.84499537913060607,0.31918135336077663,0.058712239600112737,1.2459356551320515,1.4142135624437332e-10,-1.0912855558823034,-1.5227781864621128,-1.5227781864621128,false,false,5.7034969999999996,0,0,false,0,-0.21201140887731057,0,131.36681203536324,131.36681203536324,0,0.78337457171105163,0,0,0.78337457171105163,0,0,-0.096600330940206827,-0.006450300962167266,-0.0051874440572321073,-0.0035515281391010054,-0.003275986809892586,-0.026554542958034062,-0.0064298692372872094,-0.0088684857569553566,-0.011150910286682332,-0.00075851197711704582,0,0.084692723567196121
5.1900000000000004,approach_stop,40,40,0.20000000000000001,0.02,2.7628444537500001,0.67906349999999971,-0.69255000000000111,0,3.2000000000000002,0,3.0635020368703172,-0.45869852929058397,0,3.20154048702023,0,-0.0050895149073299705,free_flight_controlled,sep_nmpc_adapted,formal_acados,4.1337557885172842,0,0.59918916792480781,0.84525375164696703,0.31930068779102128,0.058712239600112737,1.2459356551320515,1.4142135624437332e-10,-1.0912855558823034,-1.5227781864621128,-1.5227781864621128,false,false,5.7034969999999996,0,0,false,0,-0.21192799931334663,0,131.3702244986888,131.3702244986888,0,0.78195337234899709,0,0,0.78195337234899709,0,0,-0.096726658628660131,-0.006481311356092285,-0.0052310199820835273,-0.00360867452619467,-0.0032806123780933479,-0.023985904723200467,-0.0059590496987054356,-0.0085788250952999624,-0.011673260336681699,-0.001115001178306387,0,0.088524183409067467
5.1950000000000003,approach_stop,40,40,0.20000000000000001,0.02,2.7662310564843753,0.67556606249999984,-0.70638750000000083,0,3.2000000000000002,0,3.0611864917695879,-0.46751837666963997,0,3.2015149663971285,0,-0.0051184028947530375,free_flight_controlled,sep_nmpc_adapted,formal_acados,4.1316645948893029,0,0.59928060407565875,0.84547810311971505,0.31940573079794893,0.058712239600112737,1.2459356551320515,1.4142135624437332e-10,-1.0912855558823034,-1.5227781864621128,-1.5227781864621128,false,false,5.7034969999999996,0,0,false,0,-0.21184448501595277,0,131.37349239833583,131.37349239833583,0,0.78060484327980117,0,0,0.78060484327980117,0,0,-0.096840249421562399,-0.0065097678492445086,-0.0052733844656678228,-0.0036679251892842162,-0.003287362593149934,-0.021458760363338759,-0.0054114674183021834,-0.0083809610796899813,-0.011994425539225249,-0.0016068753697202061,0,0.092442587557178282
5.2000000000000002,approach_stop,40,40,0.20000000000000001,0.02,2.7696000000000001,0.67199999999999993,-0.72000000000000053,0,3.2000000000000002,0,3.0588268638578477,-0.47633167658332909,0,3.2014893093322234,0,-0.0051441136949430541,free_flight_controlled,sep_nmpc_adapted,formal_acados,4.1294952336409789,0,0.59935773371168266,0.8456683697831312,0.31949644876435701,0.030946644870458728,1.0908855287099875,1.4142135624556637e-10,-0.96516465566153942,-1.5114040049549793,-1.5114040049549793,false,false,5.7310429999999997,0,0,false,0,-0.21176091921038911,0,131.34497083758268,131.34497083758268,0,0.79678529522197161,0,0,0.79678529522197161,0,0,-0.096941296384945683,-0.0065353353683055308,-0.0053149481793669136,-0.003728306438264003,-0.0032968889274439619,-0.018967248463341631,-0.0048069878207479492,-0.0082547820245848953,-0.01212828874434699,-0.0022233742542679758,0,0.096447699231915457
5.2050000000000001,approach_stop,40,40,0.20000000000000001,0.02,2.7729509439843749,0.66836643749999991,-0.73338750000000019,0,3.2000000000000002,0,3.0564231916273843,-0.48513612201252732,0,3.2014635005083929,0,-0.0051791276284568919,free_flight_controlled,sep_nmpc_adapted,formal_acados,4.1272476867830097,0,0.5994205091688346,0.84582449515562541,0.31957283285777788,0.030946644870458728,1.0908855287099875,1.4142135624556637e-10,-0.96516465566153942,-1.5114040049549793,-1.5114040049549793,false,false,5.7310429999999997,0,0,false,0,-0.21167712400036551,0,131.34854402859969,131.34854402859969,0,0.79494240202440825,0,0,0.79494240202440825,0,0,-0.097030325817414179,-0.0065576146575383205,-0.0053560517330814347,-0.0037889181928329749,-0.0033097820917558146,-0.016650055312714001,-0.0041011545188876395,-0.0081915255801447203,-0.012090650765125471,-0.0029509444566349434,0,0.100538324588582
5.21,approach_stop,40,40,0.20000000000000001,0.02,2.7762835537499999,0.66466650000000005,-0.74654999999999994,0,3.2000000000000002,0,3.0539755129453234,-0.49393427499898013,0,3.2014375242892448,0,-0.0052110927955423686,free_flight_controlled,sep_nmpc_adapted,formal_acados,4.1249219409809017,0,0.59946888021568534,0.84594642803557829,0.31963487552404579,0.030946644870458728,1.0908855287099875,1.4142135624556637e-10,-0.96516465566153942,-1.5114040049549793,-1.5114040049549793,false,false,5.7310429999999997,0,0,false,0,-0.21159292599199703,0,131.351990062092,131.351990062092,0,0.79317448501242427,0,0,0.79317448501242427,0,0,-0.097107808128175696,-0.0065763476500474809,-0.0053968859594744423,-0.0038489750770624703,-0.0033265547296573105,-0.014347200477853445,-0.003392175990354916,-0.0081427268736003183,-0.011910215462867916,-0.0037723457899857499,0,0.10471512145318475
5.2149999999999999,approach_stop,40,40,0.20000000000000001,0.02,2.7795975002343747,0.66090131250000006,-0.75948749999999965,0,3.2000000000000002,0,3.0514838590308182,-0.50272623350058288,0,3.201411395478714,0,-0.0052401854402733062,free_flight_controlled,sep_nmpc_adapted,formal_acados,4.1225179795198832,0,0.59950281798122951,0.84603412048906501,0.31968254783868555,0.030946644870458728,1.0908855287099875,1.4142135624556637e-10,-0.96516465566153942,-1.5114040049549793,-1.5114040049549793,false,false,5.7310429999999997,0,0,false,0,-0.211508383209116,0,131.35531568797495,131.35531568797495,0,0.79147694978707728,0,0,0.79147694978707728,0,0,-0.097173799246464104,-0.006591571627267102,-0.0054374597055760086,-0.0039078219664624228,-0.0033476326853070911,-0.012052517583019166,-0.002700853894146692,-0.0080833032519077273,-0.01161064454685189,-0.0046700668403354961,0,0.10897784672380309
5.2199999999999998,approach_stop,40,40,0.20000000000000001,0.02,2.7828924599999998,0.65707200000000021,-0.77219999999999933,0,3.2000000000000002,0,3.0489482606199618,-0.51151207231319662,0,3.2013851280061774,0,-0.0052665744966062123,free_flight_controlled,sep_nmpc_adapted,formal_acados,4.1200357907721958,0,0.59952229012602198,0.84608753015223404,0.3197158230027432,0.030946644870458728,1.0908855287099875,1.4142135624556637e-10,-0.96516465566153942,-1.5114040049549793,-1.5114040049549793,false,false,5.7310429999999997,0,0,false,0,-0.21142354972827251,0,131.35852740360306,131.35852740360306,0,0.78984574457188617,0,0,0.78984574457188617,0,0,-0.097228322237000578,-0.006603432364972954,-0.0054776513293394394,-0.0039649271650275802,-0.0033733510908415549,-0.0097541430420417328,-0.0020626779274576642,-0.0079740125001371478,-0.011222559127745951,-0.0056244298147120377,0,0.11332627300104219
5.2250000000000005,approach_stop,40,40,0.20000000000000001,0.02,2.7861681152343754,0.65317968749999955,-0.78468750000000131,0,3.2000000000000002,0,3.0463687486020028,-0.52029167293649081,0,3.2013587350807842,0,-0.0052903830697613322,free_flight_controlled,sep_nmpc_adapted,formal_acados,4.1174753684353114,0,0.59952726046818494,0.84610661983330859,0.31973467597074584,0.030946644870458728,1.0908855287099875,1.4142135624556637e-10,-0.96516465566153942,-1.5114040049549793,-1.5114040049549793,false,false,5.7310429999999997,0,0,false,0,-0.21133847738458883,0,131.36162968718381,131.36162968718381,0,0.78828021418104655,0,0,0.78828021418104655,0,0,-0.097271216981259581,-0.0066125778234258446,-0.0055168396603249492,-0.0040200350214630465,-0.0034039229308015003,-0.0073954219603472515,-0.0016299759375273495,-0.0076677266302883507,-0.010819066133167391,-0.0066080431629982417,0,0.11776028978421352
5.2300000000000004,approach_stop,40,40,0.20000000000000001,0.02,2.7894241537500002,0.64922549999999968,-0.79695000000000105,0,3.2000000000000002,0,3.0437453538204964,-0.52906522094943198,0,3.2013322291548918,0,-0.0053118018168722093,free_flight_controlled,sep_nmpc_adapted,formal_acados,4.1148367113416873,0,0.59951768951042939,0.84609135752119091,0.31973908356683423,0.030946644870458728,1.0908855287099875,1.4142135624556637e-10,-0.96516465566153942,-1.5114040049549793,-1.5114040049549793,false,false,5.7310429999999997,0,0,false,0,-0.21125321532145064,0,131.36463014012546,131.36463014012546,0,0.78677449676130162,0,0,0.78677449676130162,0,0,-0.09730219292117985,-0.0066200058966779975,-0.0055540718688292827,-0.0040730755059832716,-0.0034394642086996007,-0.0049915337025432365,-0.0013624960814931674,-0.0072043723484444735,-0.010391778300966265,-0.007610959161370336,0,0.12227961256870784
5.2350000000000003,approach_stop,40,40,0.20000000000000001,0.02,2.7926602689843754,0.64521056249999975,-0.80898750000000075,0,3.2000000000000002,0,3.0410780986434562,-0.53783725651181702,0,3.20130561945447,0,-0.0053323425544362915,free_flight_controlled,sep_nmpc_adapted,formal_acados,4.1121198243815433,0,0.59949353235233283,0.84604172573808711,0.31972903504217343,0.030946644870458728,1.0908855287099875,1.4142135624556637e-10,-0.96516465566153942,-1.5114040049549793,-1.5114040049549793,false,false,5.7310429999999997,0,0,false,0,-0.21116773394501889,0,131.36759700200412,131.36759700200412,0,0.78501981631810491,0,0,0.78501981631810491,0,0,-0.097321603372593282,-0.0066260149454448868,-0.0055880499094789603,-0.0041246082307645178,-0.0034799082082778276,-0.0028674525875552101,-0.00099467018025680646,-0.0062375067229363881,-0.010353151269193787,-0.0085415719742471547,0,0.12688128394952436
5.2400000000000002,approach_stop,40,40,0.20000000000000001,0.02,2.7958761600000002,0.64113599999999982,-0.82080000000000053,0,3.2000000000000002,0,3.0383669881397628,-0.54660594027923992,0,3.2012789093435439,0,-0.0053515531601546259,free_flight_controlled,sep_nmpc_adapted,formal_acados,4.1093247193161622,0,0.59945473701925744,0.84595773117639939,0.31970454412141674,0.030946644870458728,1.0908855287099875,1.4142135624556637e-10,-0.96516465566153942,-1.5114040049549793,-1.5114040049549793,false,false,5.7310429999999997,0,0,false,0,-0.21108183474543871,0,131.37051112863512,131.37051112863512,0,0.7831472935287036,0,0,0.7831472935287036,0,0,-0.097330956215737549,-0.0066301083962179144,-0.0056159938457976096,-0.0041767680855890601,-0.0035248659627362543,-0.0008668151394191127,-0.00066762191816518751,-0.004926407464116947,-0.0104955451080644,-0.0094459964995417967,0,0.13156606566501466
5.2450000000000001,approach_stop,40,40,0.20000000000000001,0.02,2.7990715314843753,0.63700293749999992,-0.83238750000000028,0,3.2000000000000002,0,3.0356120487361746,-0.55536880666644572,0,3.2012521081319707,0,-0.0053687981719379128,free_flight_controlled,sep_nmpc_adapted,formal_acados,4.106451407750435,0,0.59940126055817866,0.84583935901426044,0.31966559668871031,0.030946644870458728,1.0908855287099875,1.4142135624556637e-10,-0.96516465566153942,-1.5114040049549793,-1.5114040049549793,false,false,5.7310429999999997,0,0,false,0,-0.21099553820850325,0,131.37334306981916,131.37334306981916,0,0.78133607104757652,0,0,0.78133607104757652,0,0,-0.097330185448947573,-0.0066328856790705227,-0.0056372703488693715,-0.0042293563441039052,-0.003574419718340716,0.0011814980728611008,-0.0004547950459997617,-0.003605363316625072,-0.010493129722666139,-0.01038960277662076,0,0.13633523003357961
5.25,approach_stop,40,40,0.20000000000000001,0.02,2.80224609375,0.6328125,-0.84375,0,3.2000000000000002,0,3.0328133104401545,-0.56412544192659053,0,3.2012252255074722,0,-0.0053841232583213931,free_flight_controlled,sep_nmpc_adapted,formal_acados,4.1034999025152663,0,0.59933306566676281,0.84568659207511188,0.31961217566552758,0.0023145380234113055,1.2001385242350475,1.4142135624426566e-10,-1.1211525984543806,-1.4496827902848286,-1.4496827902848286,false,false,5.7160019999999996,0,0,false,0,-0.2109088949214479,0,131.20501652433222,131.20501652433222,0,0.87441328071748092,0,0,0.87441328071748092,0,0,-0.09731900349189046,-0.0066346866101003711,-0.0056527178531236514,-0.0042807430728825889,-0.0036290771546482921,0.0033017612202011562,-0.00026782317658965022,-0.0026395425551911413,-0.0099690113831243012,-0.011502144613218038,0,0.14118879136352636
5.2549999999999999,approach_stop,40,40,0.20000000000000001,0.02,2.8053995627343751,0.6285658125000001,-0.8548874999999998,0,3.2000000000000002,0,3.0299708391193776,-0.57286204087021253,0,3.2011981049574207,0,-0.0054639902417531298,free_flight_controlled,sep_nmpc_adapted,formal_acados,4.1004702624884199,0,0.59924998894106474,0.84549942336904238,0.31954438668180096,0.0023145380234113055,1.2001385242350475,1.4142135624426566e-10,-1.1211525984543806,-1.4496827902848286,-1.4496827902848286,false,false,5.7160019999999996,0,0,false,0,-0.21082072767919707,0,131.21078562076175,131.21078562076175,0,0.86934392707392827,0,0,0.86934392707392827,0,0,-0.097298656441768439,-0.0066354529853219196,-0.0056640943360958965,-0.0043280432499989549,-0.0036897889339185409,0.004847014463169051,-4.6431941865327535e-05,-0.0019559690000622403,-0.0088852820288912327,-0.012797439135337653,0,0.14612075833474431
5.2599999999999998,approach_stop,40,40,0.20000000000000001,0.02,2.8085316599999999,0.62426400000000015,-0.86579999999999957,0,3.2000000000000002,0,3.0270846992273213,-0.5815928954904962,0,3.2011705922581193,0,-0.0055410054529914533,free_flight_controlled,sep_nmpc_adapted,formal_acados,4.0973625546462662,0,0.59915185800653536,0.84527785541894496,0.31946233385538336,0.0023145380234113055,1.2001385242350475,1.4142135624426566e-10,-1.1211525984543806,-1.4496827902848286,-1.4496827902848286,false,false,5.7160019999999996,0,0,false,0,-0.21072989856371219,0,131.21646743443023,131.21646743443023,0,0.86441447571388397,0,0,0.86441447571388397,0,0,-0.097270365426595909,-0.0066352318708915396,-0.0056726485459357868,-0.0043690809404379697,-0.0037571234765668886,0.0064760720126908677,0.00012828039007184585,-0.0014950216516173218,-0.0074887648166645365,-0.014138067263325,0,0.15113611881779823
5.2649999999999997,approach_stop,40,40,0.20000000000000001,0.02,2.8116421127343747,0.61990818750000032,-0.87648749999999931,0,3.2000000000000002,0,3.0241549191839376,-0.59031811754140506,0,3.2011427012504305,0,-0.0056153341974059271,free_flight_controlled,sep_nmpc_adapted,formal_acados,4.0941768107666858,0,0.59903862012689724,0.84502189158274821,0.31936599818717759,0.0023145380234113055,1.2001385242350475,1.4142135624426566e-10,-1.1211525984543806,-1.4496827902848286,-1.4496827902848286,false,false,5.7160019999999996,0,0,false,0,-0.21063653528097828,0,131.22206756982081,131.22206756982081,0,0.85961686649608127,0,0,0.85961686649608127,0,0,-0.097233758666402853,-0.006634237499703521,-0.005679287496890552,-0.0044026278254839244,-0.0038311250995705839,0.0081708610936129886,0.00026433237745289076,-0.0011794674028444598,-0.0059071121666394496,-0.015453960861228385,0,0.15623449506906531
5.2700000000000005,approach_stop,40,40,0.20000000000000001,0.02,2.8147306537500003,0.61549949999999964,-0.8869500000000009,0,3.2000000000000002,0,3.0211815269715152,-0.59903776869234682,0,3.2011144449807065,0,-0.0056871286436094345,free_flight_controlled,sep_nmpc_adapted,formal_acados,4.0909130705231807,0,0.59891021415717183,0.84473154355166546,0.31925536347744149,0.0023145380234113055,1.2001385242350475,1.4142135624426566e-10,-1.1211525984543806,-1.4496827902848286,-1.4496827902848286,false,false,5.7160019999999996,0,0,false,0,-0.21054075869939651,0,131.22759113810636,131.22759113810636,0,0.8549442181504201,0,0,0.8549442181504201,0,0,-0.097188543024516211,-0.0066326407457585664,-0.005684600304072797,-0.0044280064025762267,-0.0039115260732664426,0.0099177073711017895,0.00037118024882455756,-0.00095608907567356282,-0.004239900052383035,-0.016685662560995379,0,0.16141554341070913
5.2750000000000004,approach_stop,40,40,0.20000000000000001,0.02,2.8177970214843753,0.61103906249999973,-0.89718750000000069,0,3.2000000000000002,0,3.0181645510545563,-0.60775150547658663,0,3.2010858359003174,0,-0.0057564562927457609,free_flight_controlled,sep_nmpc_adapted,formal_acados,4.0875713931632811,0,0.59876654565134468,0.84440684210872485,0.31913041690507693,0.0023145380234113055,1.2001385242350475,1.4142135624426566e-10,-1.1211525984543806,-1.4496827902848286,-1.4496827902848286,false,false,5.7160019999999996,0,0,false,0,-0.21044268541298675,0,131.23303948367874,131.23303948367874,0,0.85039685746567906,0,0,0.85039685746567906,0,0,-0.097134498654988646,-0.006630496535805175,-0.0056887522989058498,-0.0044456742676936877,-0.0039972202659233329,0.011700512017968415,0.00049248456709876992,-0.0006890343472593396,-0.0029143008337928311,-0.017496396216995599,0,0.16667956621298272
5.2800000000000002,approach_stop,40,40,0.20000000000000001,0.02,2.82084096,0.60652799999999973,-0.90720000000000045,0,3.2000000000000002,0,3.0151040217798855,-0.61645912072805809,0,3.2010568861721422,0,-0.0058234054354040143,free_flight_controlled,sep_nmpc_adapted,formal_acados,4.0841518716325176,0,0.59860745713358132,0.84404784985263215,0.31899114961504088,0.0023145380234113055,1.2001385242350475,1.4142135624426566e-10,-1.1211525984543806,-1.4496827902848286,-1.4496827902848286,false,false,5.7160019999999996,0,0,false,0,-0.21034243138170308,0,131.23841491664717,131.23841491664717,0,0.84597290426605787,0,0,0.84597290426605787,0,0,-0.097071445031271297,-0.0066276830985780603,-0.0056914053646860609,-0.0044578580424886986,-0.0040856525543763343,0.013523339370321139,0.00063547701428573054,-0.00036785108334141638,-0.002016141836070792,-0.017803121829138933,0,0.17202651931589283
5.2850000000000001,approach_stop,40,40,0.20000000000000001,0.02,2.8238622189843752,0.60196743749999992,-0.91698750000000029,0,3.2000000000000002,0,3.0119999695999407,-0.62516068997724317,0,3.2010276073370174,0,-0.0058881198861140344,free_flight_controlled,sep_nmpc_adapted,formal_acados,4.0806545960125211,0,0.5984328078548814,0.84365462641258049,0.31883755436975353,0.0023145380234113055,1.2001385242350475,1.4142135624426566e-10,-1.1211525984543806,-1.4496827902848286,-1.4496827902848286,false,false,5.7160019999999996,0,0,false,0,-0.2102401076497562,0,131.24372234059459,131.24372234059459,0,0.84166574929628413,0,0,0.84166574929628413,0,0,-0.096999162101239461,-0.00662413569018776,-0.0056924295235456597,-0.0044663024631465603,-0.0041745996913588341,0.015391898040253657,0.0007858700646546327,-4.4226008412400394e-05,-0.0013995447959875623,-0.017717913307958456,0,0.17745592492838064
5.29,approach_stop,40,40,0.20000000000000001,0.02,2.82686055375,0.5973584999999999,-0.9265500000000001,0,3.2000000000000002,0,3.0088524236280185,-0.63385677957462594,0,3.2009980100041795,0,-0.0059508522812543926,free_flight_controlled,sep_nmpc_adapted,formal_acados,4.0770796486006526,0,0.59824248458444917,0.84322722497263414,0.31866962598690918,0.0023145380234113055,1.2001385242350475,1.4142135624426566e-10,-1.1211525984543806,-1.4496827902848286,-1.4496827902848286,false,false,5.7160019999999996,0,0,false,0,-0.21013581695065894,0,131.24897171284667,131.24897171284667,0,0.83746064922941099,0,0,0.83746064922941099,0,0,-0.096917539627424346,-0.0066196179267546907,-0.0056919644673823393,-0.0044721911687426773,-0.0042623239030944509,0.017242525680302753,0.0010522888931835941,0.00021533734715526565,-0.00098496297163348551,-0.017327699386824894,0,0.18296695088439424
5.2949999999999999,approach_stop,40,40,0.20000000000000001,0.02,2.8298357252343749,0.59270231250000005,-0.93588749999999987,0,3.2000000000000002,0,3.0056614101503922,-0.64254768665709794,0,3.2009681035302182,0,-0.0060117911156468418,free_flight_controlled,sep_nmpc_adapted,formal_acados,4.0734271037410004,0,0.59803640207148157,0.84276569359060816,0.3184873622348266,0.0023145380234113055,1.2001385242350475,1.4142135624426566e-10,-1.1211525984543806,-1.4496827902848286,-1.4496827902848286,false,false,5.7160019999999996,0,0,false,0,-0.21002965043008831,0,131.25417024985219,131.25417024985219,0,0.83334801109888024,0,0,0.83334801109888024,0,0,-0.096826776333033895,-0.0066133905294798439,-0.0056904031891212396,-0.0044763897759826365,-0.0043474855593385545,0.01905233259792918,0.0014592646527191589,0.00039815162446518824,-0.00071393179259225269,-0.016702465511960723,0,0.18855896854282012
5.2999999999999998,approach_stop,40,40,0.20000000000000001,0.02,2.8327874999999998,0.58800000000000019,-0.94499999999999973,0,3.2000000000000002,0,3.0024269551736658,-0.65123337558146177,0,3.2009378966047941,0,-0.0060710482884831826,free_flight_controlled,sep_nmpc_adapted,formal_acados,4.0696970322294428,0,0.59781449380412433,0.84227007705577706,0.31829076266040818,-0.026428260102387968,1.1354856047125057,1.4142135624459128e-10,-1.0742052359922658,-1.3717441542472908,-1.3717441542472908,false,false,5.7063750000000004,0,0,false,0,-0.20992169437063035,0,131.04428946247944,131.04428946247944,0,0.94921880540501513,0,0,0.94921880540501513,0,0,-0.096727022573067048,-0.0066048919232627361,-0.0056880752281855693,-0.0044794890871694857,-0.0044290383158005998,0.020841690955078363,0.0019531371885056119,0.00052509633777157358,-0.00053875158244743725,-0.015890952850175319,0,0.19423163048136138
5.3049999999999997,approach_stop,40,40,0.20000000000000001,0.02,2.8357156502343748,0.58325268750000026,-0.95388749999999956,0,3.2000000000000002,0,2.9991491258586773,-0.65989738964948585,0,3.2009071884245865,0,-0.006212298856105569,free_flight_controlled,sep_nmpc_adapted,formal_acados,4.0658895579746206,0,0.59757654565279417,0.84174043211594329,0.31807998398288145,-0.026428260102387968,1.1354856047125057,1.4142135624459128e-10,-1.0742052359922658,-1.3717441542472908,-1.3717441542472908,false,false,5.7063750000000004,0,0,false,0,-0.20981047273734199,0,131.05332131725834,131.05332131725834,0,0.9409780836826569,0,0,0.9409780836826569,0,0,-0.096620772400570668,-0.0065928513767482223,-0.0056852585416454519,-0.0044819034313862164,-0.0045061701884328842,0.021655343671437524,0.0028661912371326565,0.0005978012486531776,-0.00043479442756117994,-0.014939450077672898,0,0.19997539692747443
5.3100000000000005,approach_stop,40,40,0.20000000000000001,0.02,2.8386199537500003,0.57846149999999952,-0.9625500000000009,0,3.2000000000000002,0,2.9958279894117932,-0.66855619191375404,0,3.2008757818169058,0,-0.0063504267235643978,free_flight_controlled,sep_nmpc_adapted,formal_acados,4.0620048039361407,0,0.59732235743685513,0.84117681452434756,0.31785517893505438,-0.026428260102387968,1.1354856047125057,1.4142135624459128e-10,-1.0742052359922658,-1.3717441542472908,-1.3717441542472908,false,false,5.7063750000000004,0,0,false,0,-0.20969456352697782,0,131.06229028244684,131.06229028244684,0,0.93293016199117185,0,0,0.93293016199117185,0,0,-0.096510324268218817,-0.0065762844573199171,-0.0056821246282160913,-0.004483897680987137,-0.0045782235528967026,0.022522629746383371,0.0037598013768737636,0.00065329406031072008,-0.00036781246739566776,-0.01386269988418057,0,0.20579848891564742
5.3150000000000004,approach_stop,40,40,0.20000000000000001,0.02,2.8415001939843751,0.57362756249999958,-0.97098750000000067,0,3.2000000000000002,0,2.9924635724431221,-0.67720956522807674,0,3.2008436922062669,0,-0.0064855083515136698,free_flight_controlled,sep_nmpc_adapted,formal_acados,4.058042838797034,0,0.59705190239630068,0.84057926635391189,0.31761634098644032,-0.026428260102387968,1.1354856047125057,1.4142135624459128e-10,-1.0742052359922658,-1.3717441542472908,-1.3717441542472908,false,false,5.7063750000000004,0,0,false,0,-0.20957415565100768,0,131.07119706773045,131.07119706773045,0,0.92507004913655932,0,0,0.92507004913655932,0,0,-0.096395389990798511,-0.0065553394761553542,-0.0056787416668133877,-0.0044856182968966343,-0.0046446152206000716,0.023451096369635709,0.0046146038272202759,0.00069840941555245875,-0.00032337868489770629,-0.012677142923066913,0,0.21170051277720126
5.3200000000000003,approach_stop,40,40,0.20000000000000001,0.02,2.8443561600000002,0.5687519999999997,-0.97920000000000051,0,3.2000000000000002,0,2.9890559025998678,-0.68585731171818398,0,3.2008109346235334,0,-0.0066176246518215593,free_flight_controlled,sep_nmpc_adapted,formal_acados,4.0540037327804326,0,0.59676516200737906,0.83994783018056485,0.31736346551365768,-0.026428260102387968,1.1354856047125057,1.4142135624459128e-10,-1.0742052359922658,-1.3717441542472908,-1.3717441542472908,false,false,5.7063750000000004,0,0,false,0,-0.20944943230499713,0,131.08004266019381,131.08004266019381,0,0.91739266249302676,0,0,0.91739266249302676,0,0,-0.09627564994229669,-0.0065302467878295923,-0.0056751481569660448,-0.0044871520442175484,-0.0047048339856198534,0.024445868365997419,0.0054169031524342231,0.00073823977372833001,-0.00029173753503785731,-0.01139540322794372,0,0.21768107874326181
5.3250000000000002,approach_stop,40,40,0.20000000000000001,0.02,2.8471876464843753,0.56383593749999983,-0.98718750000000033,0,3.2000000000000002,0,2.9856050084724144,-0.6944992518344858,0,3.2007775236848932,0,-0.006746860529242075,free_flight_controlled,sep_nmpc_adapted,formal_acados,4.0498875579333955,0,0.59646212549663535,0.83928254946098113,0.31709654988324604,-0.026428260102387968,1.1354856047125057,1.4142135624459128e-10,-1.0742052359922658,-1.3717441542472908,-1.3717441542472908,false,false,5.7063750000000004,0,0,false,0,-0.20932057097230242,0,131.08882830535302,131.08882830535302,0,0.90989284738330667,0,0,0.90989284738330667,0,0,-0.096150763859416385,-0.0065012937643216416,-0.0056713607979045118,-0.0044885453324726215,-0.0047584251554497444,0.025510147226436571,0.0061574053376780031,0.00077646684595669669,-0.00026629895710616889,-0.010027648095159446,0,0.2237397997499504
5.3300000000000001,approach_stop,40,40,0.20000000000000001,0.02,2.8499944537499999,0.55888049999999989,-0.99495000000000011,0,3.2000000000000002,0,2.9821109195048385,-0.70313522351405078,0,3.2007434735728939,0,-0.0068733044898054716,free_flight_controlled,sep_nmpc_adapted,formal_acados,4.0456943882939687,0,0.59614278960167899,0.83858346878913015,0.31681559351893718,-0.026428260102387968,1.1354856047125057,1.4142135624459128e-10,-1.0742052359922658,-1.3717441542472908,-1.3717441542472908,false,false,5.7063750000000004,0,0,false,0,-0.20918774343913316,0,131.09755549090463,131.09755549090463,0,0.90256539317333118,0,0,0.90256539317333118,0,0,-0.096020379480200299,-0.0064688052880425779,-0.0056673807613375447,-0.0044898173527190693,-0.004804980740126915,0.026645584579391226,0.006830262697584061,0.00081566742534804439,-0.00024262883672840899,-0.0085825182348232502,0,0.22987629061292977
5.335,approach_stop,40,40,0.20000000000000001,0.02,2.8527763877343748,0.55388681250000005,-1.0024875,0,3.2000000000000002,0,2.9785736659094182,-0.7117650814129689,0,3.2007087980193183,0,-0.0069970482926209202,free_flight_controlled,sep_nmpc_adapted,formal_acados,4.0414242999783685,0,0.59580715849790389,0.83785063406895033,0.3165205979570162,-0.026428260102387968,1.1354856047125057,1.4142135624459128e-10,-1.0742052359922658,-1.3717441542472908,-1.3717441542472908,false,false,5.7063750000000004,0,0,false,0,-0.20905111582027477,0,131.10622593215925,131.10622593215925,0,0.89540504709597968,0,0,0.89540504709597968,0,0,-0.095884139555725514,-0.006433128405816179,-0.0056631985437055792,-0.0044909690445033099,-0.0048441335050060947,0.02785256442604345,0.0074323531353369336,0.00085757421877301072,-0.00021776812348799578,-0.0070677611894769512,0,0.23609016746753239
5.3399999999999999,approach_stop,40,40,0.20000000000000001,0.02,2.8555332600000001,0.54885600000000012,-1.0097999999999998,0,3.2000000000000002,0,2.9749932785848645,-0.72038869618051371,0,3.2006735102897315,0,-0.0071181866275728586,free_flight_controlled,sep_nmpc_adapted,formal_acados,4.0370773712146235,0,0.59545524383347193,0.83708409262975902,0.31621156689243002,-0.026428260102387968,1.1354856047125057,1.4142135624459128e-10,-1.0742052359922658,-1.3717441542472908,-1.3717441542472908,false,false,5.7063750000000004,0,0,false,0,-0.20891084859398615,0,131.11484155839432,131.11484155839432,0,0.88840652653014596,0,0,0.88840652653014596,0,0,-0.09574168762363261,-0.0063946201304585209,-0.0056587976358077052,-0.0044919892423580833,-0.0048755536441747755,0.029130419838434351,0.007962732985749078,0.00090328829932137197,-0.00018977085961132165,-0.0054906585373749525,0,0.24238104740354016
5.3449999999999998,approach_stop,40,40,0.20000000000000001,0.02,2.858264887734375,0.54378918750000027,-1.0168874999999997,0,3.2000000000000002,0,2.9713697890381208,-0.7290059537548208,0,3.2006376231695985,0,-0.0072368168062636427,free_flight_controlled,sep_nmpc_adapted,formal_acados,4.0326536823413761,0,0.59508706483137408,0.83628389330325537,0.3158885062174786,-0.026428260102387968,1.1354856047125057,1.4142135624459128e-10,-1.0742052359922658,-1.3717441542472908,-1.3717441542472908,false,false,5.7063750000000004,0,0,false,0,-0.20876709664505455,0,131.12340449957222,131.12340449957222,0,0.88156453025126547,0,0,0.88156453025126547,0,0,-0.095592672821281879,-0.0063536376437531746,-0.0056541572437380123,-0.0044928589034006943,-0.0048989472080402247,0.030477603100757974,0.008422216899870473,0.00095344710760099957,-0.00015738890610085364,-0.0038583088515661136,0,0.24874854824571371
5.3500000000000005,approach_stop,40,40,0.20000000000000001,0.02,2.8609710937500004,0.53868749999999943,-1.0237500000000008,0,3.2000000000000002,0,2.9677032292325132,-0.73761680685343123,0,3.20060114892462,0,-0.0073530569444272761,free_flight_controlled,sep_nmpc_adapted,formal_acados,4.0281533064083108,0,0.5947026867751799,0.83545007717579767,0.31555142541687498,-0.054786744870664039,1.1565532618740146,1.4142135624421365e-10,-1.1235710636870582,-1.258850616119827,-1.258850616119827,false,false,5.7503039999999999,0,0,false,0,-0.20862000912190845,0,130.82234839220891,130.82234839220891,0,1.0487941435367403,0,0,1.0487941435367403,0,0,-0.095436803247935603,-0.0063104932134449921,-0.0056491957007191295,-0.0044933953527005579,-0.0049144343815873161,0.031858090484744743,0.0088402456446541287,0.0010466018468139092,-1.7654758396615802e-05,-0.0024263565529670096,0,0.25519305733482306
5.3550000000000004,approach_stop,40,40,0.20000000000000001,0.02,2.8636517064843754,0.53355206249999954,-1.0303875000000005,0,3.2000000000000002,0,2.9639936899241075,-0.74619768958091781,0,3.2005637984427673,0,-0.0075873062327282467,free_flight_controlled,sep_nmpc_adapted,formal_acados,4.0235763527092674,0,0.5943021328496757,0.83458266278515991,0.31520056830558379,-0.054786744870664039,1.1565532618740146,1.4142135624421365e-10,-1.1235710636870582,-1.258850616119827,-1.258850616119827,false,false,5.7503039999999999,0,0,false,0,-0.20846746799518209,0,130.83652808101181,130.83652808101181,0,1.0359956219406892,0,0,1.0359956219406892,0,0,-0.095277609146878217,-0.0062638376317409091,-0.005643620252658208,-0.0044927908939497831,-0.0049239696373371937,0.031815131439955728,0.0098118556841780228,0.0012113309926343732,0.00027605020452630715,-0.0014486857468293628,0,0.26170005733029533
5.3600000000000003,approach_stop,40,40,0.20000000000000001,0.02,2.8663065599999999,0.52838399999999963,-1.0368000000000004,0,3.2000000000000002,0,2.9602412625921311,-0.75477191484436068,0,3.2005252883378548,0,-0.0078168962093068256,free_flight_controlled,sep_nmpc_adapted,formal_acados,4.0189229316960731,0,0.59388543577653674,0.83368166910394204,0.31483617192948637,-0.054786744870664039,1.1565532618740146,1.4142135624421365e-10,-1.1235710636870582,-1.258850616119827,-1.258850616119827,false,false,5.7503039999999999,0,0,false,0,-0.20830743471092483,0,130.85063396926162,130.85063396926162,0,1.0235018756583496,0,0,1.0235018756583496,0,0,-0.095118238042847539,-0.0062131331797677719,-0.0056362974260741249,-0.0044906473109170295,-0.004929443929361575,0.031952837750131524,0.010395920788456277,0.0018005143234859308,0.00057440977003540166,-0.00078412948206597259,0,0.26828273369227978
5.3650000000000002,approach_stop,40,40,0.20000000000000001,0.02,2.8689354939843752,0.52318443749999977,-1.0429875000000002,0,3.2000000000000002,0,2.9564459816910555,-0.76333906779959482,0,3.2004856418667833,0,-0.0080418559767069381,free_flight_controlled,sep_nmpc_adapted,formal_acados,4.0141930892450572,0,0.59345280765689501,0.83274710755400172,0.31445823776550602,-0.054786744870664039,1.1565532618740146,1.4142135624421365e-10,-1.1235710636870582,-1.258850616119827,-1.258850616119827,false,false,5.7503039999999999,0,0,false,0,-0.20814020924734958,0,130.86466256247985,130.86466256247985,0,1.0113064316650267,0,0,1.0113064316650267,0,0,-0.094957644286715673,-0.0061606577819592586,-0.0056248680399316785,-0.0044871180755713643,-0.0049321635517402523,0.032299945303309471,0.010540031537803519,0.0028253523643845084,0.00083674534277500213,-0.00033303631986048135,0,0.27494022878036728
5.3700000000000001,approach_stop,40,40,0.20000000000000001,0.02,2.8715383537500001,0.51795449999999987,-1.04895,0,3.2000000000000002,0,2.9526078832887892,-0.7718988728873083,0,3.2004448820252667,0,-0.0082622490557884495,free_flight_controlled,sep_nmpc_adapted,formal_acados,4.0093868873965386,0,0.59300440852782599,0.83177900410774941,0.31406676706233694,-0.054786744870664039,1.1565532618740146,1.4142135624421365e-10,-1.1235710636870582,-1.258850616119827,-1.258850616119827,false,false,5.7503039999999999,0,0,false,0,-0.20796608263896665,0,130.87861203567846,130.87861203567846,0,0.99940080652357943,0,0,0.99940080652357943,0,0,-0.094794878807844124,-0.0061081420208227684,-0.0056079410644486591,-0.0044819907535034618,-0.0049330465061615033,0.032814949809980253,0.010447053128437843,0.003937127324711541,0.0012498411349135979,-4.2875428236394186e-05,0,0.28167144862496934
5.375,approach_stop,40,40,0.20000000000000001,0.02,2.874114990234375,0.5126953125,-1.0546875,0,3.2000000000000002,0,2.948727004841543,-0.78045103813008831,0,3.200403031490219,0,-0.0084781373319165066,free_flight_controlled,sep_nmpc_adapted,formal_acados,4.0045044025414276,0,0.59254035051593568,0.83077739769988457,0.31366176082396391,-0.054786744870664039,1.1565532618740146,1.4142135624421365e-10,-1.1235710636870582,-1.258850616119827,-1.258850616119827,false,false,5.7503039999999999,0,0,false,0,-0.20778533683148193,0,130.89248060530639,130.89248060530639,0,0.98777726134117261,0,0,0.98777726134117261,0,0,-0.094629166642155149,-0.0060564794871801973,-0.0055855456028562249,-0.0044743187397050313,-0.0049327718633145482,0.033477281990219258,0.01020245229028977,0.0050130381975369495,0.0018454095852302418,0.00013868883152744378,0,0.28847564022465677
5.3799999999999999,approach_stop,40,40,0.20000000000000001,0.02,2.8766652599999998,0.50740800000000008,-1.0601999999999998,0,3.2000000000000002,0,2.9448033852697293,-0.78899527940931458,0,3.2003601126253143,0,-0.0086895859535073804,free_flight_controlled,sep_nmpc_adapted,formal_acados,3.9995457200262883,0,0.59206073058768927,0.82974233475655901,0.31324322181660119,-0.054786744870664039,1.1565532618740146,1.4142135624421365e-10,-1.1235710636870582,-1.258850616119827,-1.258850616119827,false,false,5.7503039999999999,0,0,false,0,-0.20759824527441556,0,130.90626674652583,130.90626674652583,0,0.97642832467897522,0,0,0.97642832467897522,0,0,-0.094459798706643283,-0.0060063647588027352,-0.0055578696552662727,-0.0044633060712656056,-0.0049317701806304961,0.034275623576781225,0.0098325398478471861,0.0060474241308029492,0.0025807976906232796,0.00025336374882505578,0,0.29535225748900373
5.3849999999999998,approach_stop,40,40,0.20000000000000001,0.02,2.8791890252343748,0.50209368750000016,-1.0654874999999997,0,3.2000000000000002,0,2.9408370648516025,-0.79753133720756231,0,3.2003161474531012,0,-0.0088966660882234417,free_flight_controlled,sep_nmpc_adapted,formal_acados,3.9945109317929854,0,0.59156563983804067,0.82867386694138301,0.31281115488818012,-0.054786744870664039,1.1565532618740146,1.4142135624421365e-10,-1.1235710636870582,-1.258850616119827,-1.258850616119827,false,false,5.7503039999999999,0,0,false,0,-0.20740507303328051,0,130.91996932003488,130.91996932003488,0,0.965346492307538,0,0,0.965346492307538,0,0,-0.094286126054741959,-0.0059583502232712429,-0.0055251561574216476,-0.004448320576646291,-0.0049303056566077762,0.035197380729969092,0.0093673603748306231,0.0070251197786212836,0.0034314679079566635,0.00032722167760083855,0,0.30230075568608084
5.3899999999999997,approach_stop,40,40,0.20000000000000001,0.02,2.8816861537499996,0.49675350000000035,-1.0705499999999997,0,3.2000000000000002,0,2.9368280851073205,-0.8060589738486359,0,3.2002711576272351,0,-0.0090994540000652654,free_flight_controlled,sep_nmpc_adapted,formal_acados,3.9894001350907673,0,0.59105516746813647,0.8275720499834468,0.31236556702700607,-0.054786744870664039,1.1565532618740146,1.4142135624421365e-10,-1.1235710636870582,-1.258850616119827,-1.258850616119827,false,false,5.7503039999999999,0,0,false,0,-0.20720607687213199,0,130.93358753219755,130.93358753219755,0,0.95452427240126725,0,0,0.95452427240126725,0,0,-0.094107564265162646,-0.0059128345404457043,-0.0054877352849219191,-0.0044288250650130886,-0.0049285383274121578,0.036229451067814569,0.0088379683772658868,0.0079271711283080519,0.0043829050430608972,0.00037662300602760417,0,0.30932059291213226
5.3950000000000005,approach_stop,40,40,0.20000000000000001,0.02,2.8841565189843754,0.49138856249999951,-1.0753875000000004,0,3.2000000000000002,0,2.9327764886958558,-0.81457797110914165,0,3.2002251644091477,0,-0.0092980301997766367,free_flight_controlled,sep_nmpc_adapted,formal_acados,3.9842134316363169,0,0.59052940341850335,0.82643694294046111,0.31190646740845218,-0.054786744870664039,1.1565532618740146,1.4142135624421365e-10,-1.1235710636870582,-1.258850616119827,-1.258850616119827,false,false,5.7503039999999999,0,0,false,0,-0.20700150536476922,0,130.94712089777957,130.94712089777957,0,0.943954222061125,0,0,0.943954222061125,0,0,-0.093923594401163588,-0.0058700629475862045,-0.0054460331167289749,-0.0044043409826390262,-0.0049265627044546186,0.037358832800303214,0.00827438703096426,0.0087346916888231194,0.0054255024146433427,0.00041189367307146443,0,0.31641123153680162
5.4000000000000004,approach_stop,40,40,0.20000000000000001,0.02,2.8866000000000001,0.4859999999999996,-1.0800000000000003,0,3.2000000000000002,0,2.9286823193229838,-0.82308812817444865,0,3.2001781886487377,0,-0.0094924786891444572,free_flight_controlled,sep_nmpc_adapted,formal_acados,3.9789509270519456,0,0.58998844016283636,0.82526860772896182,0.31143386743167722,-0.082351159703955013,1.176957982345324,1.414213562438576e-10,-1.170294774880253,-1.1182428089557426,-1.1182428089557426,false,false,5.7139059999999997,0,0,false,0,-0.20679159902837607,0,130.57833406189562,130.57833406189562,0,1.1505546621642715,0,0,1.1505546621642715,0,0,-0.093733761273813138,-0.005830136356753537,-0.0054005644577762796,-0.0043744324885704238,-0.0049244317925268861,0.038573096711392731,0.0077041148617496306,0.0094314152618233636,0.0065513705450778786,0.0004396055360091839,0,0.32357213949635066
5.4050000000000002,approach_stop,40,40,0.20000000000000001,0.02,2.8890164814843753,0.48058893749999976,-1.0843875000000003,0,3.2000000000000002,0,2.9245456934911549,-0.83156046810099193,0,3.2001298794853432,0,-0.0098313767280910763,free_flight_controlled,sep_nmpc_adapted,formal_acados,3.973612827479938,0,0.58943208036035577,0.82406713398878317,0.31094806120513951,-0.082351159703955013,1.176957982345324,1.414213562438576e-10,-1.170294774880253,-1.1182428089557426,-1.1182428089557426,false,false,5.7139059999999997,0,0,false,0,-0.20657377099595373,0,130.59887760671899,130.59887760671899,0,1.1326534279975959,0,0,1.1326534279975959,0,0,-0.093542192718539904,-0.0057909253668715381,-0.0053524146503168713,-0.0043386166117414214,-0.0049221741148581825,0.038058243262525861,0.0079753000041618248,0.0098196065241781608,0.0077823511679715211,0.00046336644246431198,0,0.33078190843845828
5.4100000000000001,approach_stop,40,40,0.20000000000000001,0.02,2.8914058537500003,0.47515649999999987,-1.0885500000000001,0,3.2000000000000002,0,2.9203667286298911,-0.84002364602609492,0,3.2000798933857992,0,-0.010163245286822598,free_flight_controlled,sep_nmpc_adapted,formal_acados,3.9681993406573595,0,0.58886013582262087,0.82283261202746838,0.31044933430028232,-0.082351159703955013,1.176957982345324,1.414213562438576e-10,-1.170294774880253,-1.1182428089557426,-1.1182428089557426,false,false,5.7139059999999997,0,0,false,0,-0.2063455318241969,0,130.61931186175354,130.61931186175354,0,1.1151867855255253,0,0,1.1151867855255253,0,0,-0.093352766761210973,-0.0057506107685526865,-0.0053023999168799515,-0.0042965702203869808,-0.0049197814339745835,0.037716284857574014,0.0081443278055847498,0.01018501581794126,0.00902792709697991,0.00050532855047609069,0,0.33805929274315355
5.415,approach_stop,40,40,0.20000000000000001,0.02,2.893768012734375,0.46970381249999993,-1.0924875000000001,0,3.2000000000000002,0,2.9161454719680067,-0.84847710115382258,0,3.2000282654757388,0,-0.010488094488174277,free_flight_controlled,sep_nmpc_adapted,formal_acados,3.9627105847119908,0,0.58827270333797943,0.82156511274398414,0.30993768330407567,-0.082351159703955013,1.176957982345324,1.414213562438576e-10,-1.170294774880253,-1.1182428089557426,-1.1182428089557426,false,false,5.7139059999999997,0,0,false,0,-0.20610730571380942,0,130.63962944332846,130.63962944332846,0,1.098145669996454,0,0,1.098145669996454,0,0,-0.093164624937474239,-0.0057097220720469192,-0.0052504823022202149,-0.0042485401200263858,-0.0049169146328182688,0.037544305816200545,0.0082053855140963219,0.010585659210953743,0.010162950943471773,0.0006632370389170843,0,0.34540356701047359
5.4199999999999999,approach_stop,40,40,0.20000000000000001,0.02,2.8961028600000001,0.46423200000000009,-1.0961999999999998,0,3.2000000000000002,0,2.9118819734355679,-0.85692031334041585,0,3.1999750308016859,0,-0.010805945798709349,free_flight_controlled,sep_nmpc_adapted,formal_acados,3.9571466867417002,0,0.587669866057562,0.82026471330613238,0.30941310656917403,-0.082351159703955013,1.176957982345324,1.414213562438576e-10,-1.170294774880253,-1.1182428089557426,-1.1182428089557426,false,false,5.7139059999999997,0,0,false,0,-0.20585950566476263,0,130.65982362535121,130.65982362535121,0,1.0815208292810408,0,0,1.0815208292810408,0,0,-0.092976933976745099,-0.0056687713037883846,-0.005196471321087792,-0.0041951667882321663,-0.0049129240735586079,0.037535170175908954,0.0081717328322862912,0.01102038197481536,0.011164595472078735,0.00095539802216549729,0,0.35281401478493929
5.4249999999999998,approach_stop,40,40,0.20000000000000001,0.02,2.8984103027343751,0.45874218750000018,-1.0996874999999999,0,3.2000000000000002,0,2.9075762854756024,-0.86535279675861199,0,3.1999202242787166,0,-0.011116830096137825,free_flight_controlled,sep_nmpc_adapted,formal_acados,3.9515077773813374,0,0.58705170993716493,0.818931491905735,0.30887560429984073,-0.082351159703955013,1.176957982345324,1.414213562438576e-10,-1.170294774880253,-1.1182428089557426,-1.1182428089557426,false,false,5.7139059999999997,0,0,false,0,-0.20560253350208749,0,130.67988825811767,130.67988825811767,0,1.0653029371639786,0,0,1.0653029371639786,0,0,-0.092788900652647485,-0.0056281871755996414,-0.0051402306526785362,-0.0041371220596592827,-0.004907132814189104,0.037680332065238825,0.0080616778511482957,0.011474949546278843,0.012031686762248075,0.0013835352473552244,0,0.36028991857202547
5.4299999999999997,approach_stop,40,40,0.20000000000000001,0.02,2.9006902537499997,0.45323550000000035,-1.1029499999999999,0,3.2000000000000002,0,2.9032284628801759,-0.87377409728431943,0,3.1998638806459794,0,-0.011420786803604862,free_flight_controlled,sep_nmpc_adapted,formal_acados,3.9457939903138222,0,0.58641832505058999,0.8175655274336463,0.30832517858843406,-0.082351159703955013,1.176957982345324,1.414213562438576e-10,-1.170294774880253,-1.1182428089557426,-1.1182428089557426,false,false,5.7139059999999997,0,0,false,0,-0.20533677995970126,0,130.69981773397282,130.69981773397282,0,1.0494826353836966,0,0,1.0494826353836966,0,0,-0.092599776186838706,-0.0055883023833545303,-0.0050817029448759297,-0.0040750724368452925,-0.0048988632181883587,0.037970624535213361,0.0078951169990426825,0.01193225712614336,0.012767368537306633,0.001946262843793181,0,0.3678305572102783
5.4350000000000005,approach_stop,40,40,0.20000000000000001,0.02,2.9029426314843754,0.44771306249999943,-1.1059875000000003,0,3.2000000000000002,0,2.8988385626367554,-0.88218379055847396,0,3.199806034425495,0,-0.011717863282232897,free_flight_controlled,sep_nmpc_adapted,formal_acados,3.9400054619924734,0,0.58576980626858444,0.81616689935571796,0.30776183344457947,-0.082351159703955013,1.176957982345324,1.414213562438576e-10,-1.170294774880253,-1.1182428089557426,-1.1182428089557426,false,false,5.7139059999999997,0,0,false,0,-0.20506262478590873,0,130.71960696386125,130.71960696386125,0,1.0340505618793754,0,0,1.0340505618793754,0,0,-0.092408858375315872,-0.0055493486483259736,-0.0050209204716699582,-0.0040096599662519444,-0.0048874515758786357,0.038396647107729734,0.0076923527838344751,0.01237379897302745,0.013378114567984193,0.0026394605120061846,0,0.37543520729253493
5.4400000000000004,approach_stop,40,40,0.20000000000000001,0.02,2.9051673600000001,0.44217599999999957,-1.1088000000000002,0,3.2000000000000002,0,2.8944066437840084,-0.89058148016075067,0,3.1997467198839189,0,-0.012008114254910926,free_flight_controlled,sep_nmpc_adapted,formal_acados,3.934142331388883,0,0.58510625387640358,0.81473568760487469,0.30718557481937925,-0.082351159703955013,1.176957982345324,1.414213562438576e-10,-1.170294774880253,-1.1182428089557426,-1.1182428089557426,false,false,5.7139059999999997,0,0,false,0,-0.2047804368670321,0,130.73925135455411,130.73925135455411,0,1.0189973757770447,0,0,1.0189973757770447,0,0,-0.09221549185377298,-0.005511457456263487,-0.0049580086348941675,-0.0039414880299058416,-0.0048722608024528409,0.038949119730759311,0.0074730063824827156,0.012781048364506751,0.013872759821304044,0.0034566637883024333,0,0.38310314456507494
5.4450000000000003,approach_stop,40,40,0.20000000000000001,0.02,2.9073643689843749,0.43662543749999971,-1.1113875000000002,0,3.2000000000000002,0,2.8899327672763548,-0.898966795942021,0,3.1996859709970846,0,-0.012291601271264123,free_flight_controlled,sep_nmpc_adapted,formal_acados,3.9282047397681716,0,0.58442777412470426,0.81327197249181682,0.30659641062524567,-0.082351159703955013,1.176957982345324,1.414213562438576e-10,-1.170294774880253,-1.1182428089557426,-1.1182428089557426,false,false,5.7139059999999997,0,0,false,0,-0.20449057436638671,0,130.75874678707078,130.75874678707078,0,1.0043137784776985,0,0,1.0043137784776985,0,0,-0.092019066709629102,-0.0054746658895492841,-0.0048931829377319176,-0.0038711118223527961,-0.0048526911916154389,0.03961918797477329,0.007255075021619037,0.013136678858154617,0.014261602878703792,0.0043894484391412527,0,0.39083364522727881
5.4500000000000002,approach_stop,40,40,0.20000000000000001,0.02,2.90953359375,0.43106249999999979,-1.11375,0,3.2000000000000002,0,2.8854169958563856,-0.90733939254818141,0,3.1996238214171022,0,-0.012568392221854694,free_flight_controlled,sep_nmpc_adapted,formal_acados,3.9221928304922566,0,0.58373447971113257,0.81177583463587111,0.30599435075195297,-0.10879033359448509,1.2028164213600041,1.4142135624349227e-10,-1.222652502812505,-0.95004302589844558,-0.95004302589844558,false,false,5.7132160000000001,0,0,false,0,-0.20419338487548744,0,130.32651146869307,130.32651146869307,0,1.2497388723422314,0,0,1.2497388723422314,0,0,-0.091819015713486551,-0.0054389267321883423,-0.0048267403589585664,-0.0037990330523250773,-0.0048281892964640513,0.04039866861888966,0.0070541703127587263,0.013425575796745554,0.014555619091974375,0.0054277929064165563,0,0.39862598706793551
5.4550000000000001,approach_stop,40,40,0.20000000000000001,0.02,2.9116749752343751,0.42548831249999991,-1.1158874999999999,0,3.2000000000000002,0,2.8808594778857377,-0.91566529963101206,0,3.1995598658383817,0,-0.013013975036799475,free_flight_controlled,sep_nmpc_adapted,formal_acados,3.9161068609563321,0,0.58302614367899541,0.81024738307059441,0.30537974189511607,-0.10879033359448509,1.2028164213600041,1.4142135624349227e-10,-1.222652502812505,-0.95004302589844558,-0.95004302589844558,false,false,5.7132160000000001,0,0,false,0,-0.20388583043750638,0,130.35439245093627,130.35439245093627,0,1.2263897532121002,0,0,1.2263897532121002,0,0,-0.091620227742023982,-0.0054016019578070678,-0.0047596586677662147,-0.003725554509015269,-0.0047982916432734481,0.039121467571077817,0.0078709522661591941,0.013408737554927379,0.014815460025454572,0.0065477997944675742,0,0.40645234602730057
5.46,approach_stop,40,40,0.20000000000000001,0.02,2.9137884600000001,0.419904,-1.1177999999999999,0,3.2000000000000002,0,2.8762603632783161,-0.92397792093091347,0,3.199493707947267,0,-0.013449300557285014,free_flight_controlled,sep_nmpc_adapted,formal_acados,3.9099470886124688,0,0.58230255072041781,0.80868672533415265,0.30475291976534807,-0.10879033359448509,1.2028164213600041,1.4142135624349227e-10,-1.222652502812505,-0.95004302589844558,-0.95004302589844558,false,false,5.7132160000000001,0,0,false,0,-0.20356498905618833,0,130.38209977725134,130.38209977725134,0,1.2036286508486522,0,0,1.2036286508486522,0,0,-0.091427259883077872,-0.0053605056903886878,-0.0046925748843515839,-0.0036510861833044493,-0.0047625535639129824,0.038071577494356384,0.0085612557294992963,0.013426238254801534,0.014953814962022097,0.0077614720361979823,0,0.41433688475229069
5.4649999999999999,approach_stop,40,40,0.20000000000000001,0.02,2.9158740002343748,0.41431068750000016,-1.1194875,0,3.2000000000000002,0,2.8716197203761542,-0.93227649949679714,0,3.1994253990659454,0,-0.01387435642823359,free_flight_controlled,sep_nmpc_adapted,formal_acados,3.903713658556399,0,0.5815638448912468,0.80709393818024477,0.30411387437035209,-0.10879033359448509,1.2028164213600041,1.4142135624349227e-10,-1.222652502812505,-0.95004302589844558,-0.95004302589844558,false,false,5.7132160000000001,0,0,false,0,-0.20323142584752049,0,130.40962074159927,130.40962074159927,0,1.1814440350933804,0,0,1.1814440350933804,0,0,-0.09123897523046702,-0.0053162829561984081,-0.004625325856555472,-0.0035761976422617899,-0.0047205458125227561,0.037248791177654339,0.0091208461618689386,0.013473827040374897,0.014986440321850534,0.0090528640155246674,0,0.42227867957192228
5.4699999999999998,approach_stop,40,40,0.20000000000000001,0.02,2.9179315537499999,0.40870950000000028,-1.1209499999999999,0,3.2000000000000002,0,2.8669376211846895,-0.94056032667303224,0,3.1993549905399998,0,-0.01428914550772214,free_flight_controlled,sep_nmpc_adapted,formal_acados,3.8974067172717368,0,0.58081017835020199,0.80546909608704731,0.30346259722092139,-0.10879033359448509,1.2028164213600041,1.4142135624349227e-10,-1.222652502812505,-0.95004302589844558,-0.95004302589844558,false,false,5.7132160000000001,0,0,false,0,-0.20288569144645999,0,130.43694354471026,130.43694354471026,0,1.1598241971373586,0,0,1.1598241971373586,0,0,-0.091054242747444683,-0.0052695883439634579,-0.0045577811464841238,-0.0035013715554735141,-0.0046719230212042629,0.036650998115638475,0.0095500185755991104,0.013542875141778966,0.014932127738750708,0.010404480842863495,0,0.4302768016951789
5.4750000000000005,approach_stop,40,40,0.20000000000000001,0.02,2.9199610839843753,0.4031015624999994,-1.1221875000000001,0,3.2000000000000002,0,2.8622141411347282,-0.94882874071166512,0,3.199282533664106,0,-0.014693685248475998,free_flight_controlled,sep_nmpc_adapted,formal_acados,3.89102641255031,0,0.58004171151956907,0.80381227141558187,0.30279908140165551,-0.10879033359448509,1.2028164213600041,1.4142135624349227e-10,-1.222652502812505,-0.95004302589844558,-0.95004302589844558,false,false,5.7132160000000001,0,0,false,0,-0.20252832204416171,0,130.46405727612822,130.46405727612822,0,1.1387572729449809,0,0,1.1387572729449809,0,0,-0.090871946298586914,-0.0052210651531756557,-0.0044898617652640383,-0.0034269916970318301,-0.0046164297907421176,0.036274383915274003,0.0098528654622854397,0.013621647888888005,0.014811432178459321,0.011797938819736072,0,0.4383303180301365
5.4800000000000004,approach_stop,40,40,0.20000000000000001,0.02,2.9219625600000003,0.39748799999999951,-1.1232,0,3.2000000000000002,0,2.8574493588516585,-0.9570811252562974,0,3.199208079610691,0,-0.015088007036469177,free_flight_controlled,sep_nmpc_adapted,formal_acados,3.8845728934619022,0,0.57925861312105109,0.80212353461024366,0.30212332163968647,-0.10879033359448509,1.2028164213600041,1.4142135624349227e-10,-1.222652502812505,-0.95004302589844558,-0.95004302589844558,false,false,5.7132160000000001,0,0,false,0,-0.20215983943876548,0,130.49095189325459,130.49095189325459,0,1.1182312678986297,0,0,1.1182312678986297,0,0,-0.090690992615545418,-0.005171328359039138,-0.0044215524685789183,-0.0033533372572384567,-0.0045539035314396126,0.036113654593438377,0.010036491652065306,0.013696594281373056,0.014645431570656144,0.013214599940974799,0,0.44643829212020486
5.4850000000000003,approach_stop,40,40,0.20000000000000001,0.02,2.923935956484375,0.39186993749999965,-1.1239875000000001,0,3.2000000000000002,0,2.8526433559324595,-0.96531690774364509,0,3.1991316793619857,0,-0.015472155498058674,free_flight_controlled,sep_nmpc_adapted,formal_acados,3.8780463103697627,0,0.57846106009323384,0.80040295443730314,0.30143531437049903,-0.10879033359448509,1.2028164213600041,1.4142135624349227e-10,-1.222652502812505,-0.95004302589844558,-0.95004302589844558,false,false,5.7132160000000001,0,0,false,0,-0.20178075110361593,0,130.51761819786753,130.51761819786753,0,1.0982340818717211,0,0,1.0982340818717211,0,0,-0.090510318111802754,-0.0051209515239936014,-0.0043529077263400606,-0.003280583141457107,-0.0044842742542736775,0.036162270280283584,0.010110228960775718,0.013753575828356816,0.014454581979412478,0.01463615318694992,0,0.45459978512308785
5.4900000000000002,approach_stop,40,40,0.20000000000000001,0.02,2.9258812537500001,0.38624849999999977,-1.1245499999999999,0,3.2000000000000002,0,2.8477962167308344,-0.97353555776174117,0,3.1990533836455941,0,-0.015846187788832511,free_flight_controlled,sep_nmpc_adapted,formal_acados,3.8714468149868315,0,0.57764923740154406,0.79865059825599716,0.30073505780043502,-0.10879033359448509,1.2028164213600041,1.4142135624349227e-10,-1.222652502812505,-0.95004302589844558,-0.95004302589844558,false,false,5.7132160000000001,0,0,false,0,-0.20139155027279301,0,130.54404781074604,130.54404781074604,0,1.078753534042276,0,0,1.078753534042276,0,0,-0.09032889453324533,-0.0050704575425951724,-0.0042840518366590377,-0.0032088056446104561,-0.0044075616345728777,0.036412675226898186,0.010084894748739087,0.013778970607547176,0.014257719575169837,0.016045121161457298,0,0.46281385676558706
5.4950000000000001,approach_stop,40,40,0.20000000000000001,0.02,2.9277984377343751,0.38062481249999991,-1.1248875,0,3.2000000000000002,0,2.842908028150585,-0.9817365853960377,0,3.1989732428736346,0,-0.016210172877166733,free_flight_controlled,sep_nmpc_adapted,formal_acados,3.8647745604664494,0,0.57682333775446237,0.79686653231586446,0.30002255196549615,-0.10879033359448509,1.2028164213600041,1.4142135624349227e-10,-1.222652502812505,-0.95004302589844558,-0.95004302589844558,false,false,5.7132160000000001,0,0,false,0,-0.20099271604339405,0,130.57023314503101,130.57023314503101,0,1.0597773869256961,0,0,1.0597773869256961,0,0,-0.090145733490062455,-0.0050203129105756512,-0.0042151739350828731,-0.0031379926681827947,-0.0043238697621392859,0.036856513786699123,0.009972128506049201,0.013760604467479244,0.014071246673644349,0.017425276871803758,0,0.47107956621889419
5.5,approach_stop,40,40,0.20000000000000001,0.02,2.9296875,0.375,-1.125,0,3.2000000000000002,0,2.8379788794472462,-0.98991953958697354,0,3.1988913070854501,0,-0.016564190833578719,free_flight_controlled,sep_nmpc_adapted,formal_acados,3.8580297015206337,0,0.57598356124160188,0.79505082207338751,0.29929779878607304,-0.13393103931759853,1.2292628120490456,1.4142135624315589e-10,-1.2750220204637954,-0.75509005784296113,-0.75509005784296113,false,false,5.7122809999999999,0,0,false,0,-0.20058471349369048,0,130.08188753565273,130.08188753565273,0,1.3424173170854359,0,0,1.3424173170854359,0,0,-0.089959889959831313,-0.0049709250645357797,-0.0041465188490601721,-0.0030680574960680047,-0.0042333800519756123,0.037484824969073439,0.0097838300745241285,0.013688477851963931,0.013908524807865591,0.018761961735809751,0,0.47939597285253277
5.5049999999999999,approach_stop,40,40,0.20000000000000001,0.02,2.9315484377343748,0.36937518750000015,-1.1248875,0,3.2000000000000002,0,2.8330089561459157,-0.99804628815276286,0,3.1988071262386435,0,-0.017108164398406279,free_flight_controlled,sep_nmpc_adapted,formal_acados,3.8512125194526505,0,0.57512971831219217,0.7932035633067348,0.29856118890284677,-0.13393103931759853,1.2292628120490456,1.4142135624315589e-10,-1.2750220204637954,-0.75509005784296113,-0.75509005784296113,false,false,5.7122809999999999,0,0,false,0,-0.20016408223786589,0,130.11778331196214,130.11778331196214,0,1.3135171818737801,0,0,1.3135171818737801,0,0,-0.089776746954965403,-0.0049197193865573446,-0.0040790832698557071,-0.0029986811014696153,-0.0041363887431675982,0.035784803571902654,0.010677726915625074,0.013292903013607256,0.013839875825961873,0.020026377335881921,0,0.48772878260046088
5.5099999999999998,approach_stop,40,40,0.20000000000000001,0.02,2.9333812537499999,0.36375150000000023,-1.1245499999999999,0,3.2000000000000002,0,2.8279984456935261,-1.006154250388487,0,3.1987202607678857,0,-0.017638018145038365,free_flight_controlled,sep_nmpc_adapted,formal_acados,3.844323295366149,0,0.57426163110279438,0.79132484967262295,0.29781309984638527,-0.13393103931759853,1.2292628120490456,1.4142135624315589e-10,-1.2750220204637954,-0.75509005784296113,-0.75509005784296113,false,false,5.7122809999999999,0,0,false,0,-0.19972749478424304,0,130.15341672682521,130.15341672682521,0,1.2853715615350074,0,0,1.2853715615350074,0,0,-0.089601310570673512,-0.0048646517612263556,-0.0040134373300592507,-0.0029296928272412367,-0.0040332029405311977,0.034402882661289248,0.011327140770046044,0.012973269820318602,0.013754702846065383,0.02123765848684353,0,0.49610745865652667
5.5149999999999997,approach_stop,40,40,0.20000000000000001,0.02,2.935185956484375,0.35813006250000035,-1.1239875000000001,0,3.2000000000000002,0,2.8229474442956315,-1.0142425277868603,0,3.1986307812974153,0,-0.018153744538600303,free_flight_controlled,sep_nmpc_adapted,formal_acados,3.8373621852301656,0,0.57337953070444336,0.78941474093453412,0.29705350940663411,-0.13393103931759853,1.2292628120490456,1.4142135624315589e-10,-1.2750220204637954,-0.75509005784296113,-0.75509005784296113,false,false,5.7122809999999999,0,0,false,0,-0.19927566343728295,0,130.18876971511969,130.18876971511969,0,1.2579652174038234,0,0,1.2579652174038234,0,0,-0.089431998500404813,-0.0048069516226942471,-0.003949199801105455,-0.0028611516670420997,-0.0039241196771394636,0.033335162103182173,0.011730743472148001,0.012728986695756122,0.013662767208863454,0.022383331759517823,0,0.50453081458967208
5.5200000000000005,approach_stop,40,40,0.20000000000000001,0.02,2.93696256,0.35251199999999949,-1.1232,0,3.2000000000000002,0,2.8178560524889305,-1.0223102859930797,0,3.198538758437302,0,-0.018655356622691618,free_flight_controlled,sep_nmpc_adapted,formal_acados,3.8303293469615074,0,0.57248365420387781,0.78747329447257697,0.29628239684295693,-0.13393103931759853,1.2292628120490456,1.4142135624315589e-10,-1.2750220204637954,-0.75509005784296113,-0.75509005784296113,false,false,5.7122809999999999,0,0,false,0,-0.19880928174696733,0,130.22382549286468,130.22382549286468,0,1.2312826493747484,0,0,1.2312826493747484,0,0,-0.089267256682971891,-0.0047478338266865872,-0.0038860092729280813,-0.002793064007984577,-0.0038094969079168813,0.032574300105315653,0.011895523887435049,0.012552942165242428,0.013575177679174495,0.023451578492917576,0,0.51299765541467723
5.5250000000000004,approach_stop,40,40,0.20000000000000001,0.02,2.9387110839843751,0.3468984374999996,-1.1221874999999999,0,3.2000000000000002,0,2.812724374826717,-1.0303567522554498,0,3.1984442626829117,0,-0.019142887163213058,free_flight_controlled,sep_nmpc_adapted,formal_acados,3.8232249405677283,0,0.5715742441819186,0.78550056574101135,0.29549974298966331,-0.13393103931759853,1.2292628120490456,1.4142135624315589e-10,-1.2750220204637954,-0.75509005784296113,-0.75509005784296113,false,false,5.7122809999999999,0,0,false,0,-0.19832902454083068,0,130.25856853274232,130.25856853274232,0,1.2053081415510378,0,0,1.2053081415510378,0,0,-0.089105575595403455,-0.0046884598017030198,-0.0038235532437375505,-0.0027253795019810791,-0.0036897491092620902,0.032109892216928088,0.011835660486078836,0.012432934606106401,0.013503345316746702,0.024431679728017228,0,0.5215067787230101
5.5300000000000002,approach_stop,40,40,0.20000000000000001,0.02,2.9404315537499999,0.34129049999999977,-1.1209499999999999,0,3.2000000000000002,0,2.8075525195778357,-1.0383812126001295,0,3.1983473643185647,0,-0.019616387727330025,free_flight_controlled,sep_nmpc_adapted,formal_acados,3.8160491283124398,0,0.57065154814737129,0.78349660873460414,0.29470553035479502,-0.13393103931759853,1.2292628120490456,1.4142135624315589e-10,-1.2750220204637954,-0.75509005784296113,-0.75509005784296113,false,false,5.7122809999999999,0,0,false,0,-0.19783554798555542,0,130.29298453485714,130.29298453485714,0,1.1800258106912429,0,0,1.1800258106912429,0,0,-0.088945504481267645,-0.0046299047610761975,-0.0037615897634816699,-0.0026579921255645124,-0.0035653407625320047,0.031928913770327527,0.011571238163132736,0.01235320319321266,0.013457965604678317,0.025314413202898296,0,0.53005697610907987
5.5350000000000001,approach_stop,40,40,0.20000000000000001,0.02,2.9421240002343749,0.33568931249999984,-1.1194875,0,3.2000000000000002,0,2.8023405984402547,-1.0463830088227062,0,3.1982481333259654,0,-0.020075927698218608,free_flight_controlled,sep_nmpc_adapted,formal_acados,3.8088020748968994,0,0.5697158179195273,0.78146147645664465,0.29389974321074586,-0.13393103931759853,1.2292628120490456,1.4142135624315589e-10,-1.2750220204637954,-0.75509005784296113,-0.75509005784296113,false,false,5.7122809999999999,0,0,false,0,-0.19732948968321362,0,130.32706039271335,130.32706039271335,0,1.1554196558371981,0,0,1.1554196558371981,0,0,-0.088785663261700981,-0.0045731315534478347,-0.0036999613832330029,-0.00259074611546075,-0.0034367780243319242,0.032016200245021526,0.011126888730693211,0.012295958719532764,0.013448096439801768,0.026092378072934554,0,0.5386470347837663
5.54,approach_stop,40,40,0.20000000000000001,0.02,2.9437884599999999,0.33009599999999995,-1.1177999999999999,0,3.2000000000000002,0,2.797088726269962,-1.0543615353817926,0,3.1981466392976978,0,-0.020521593233542905,free_flight_controlled,sep_nmpc_adapted,formal_acados,3.8014839476511555,0,0.5687673089756573,0.77939522138119355,0.29308236767605339,-0.13393103931759853,1.2292628120490456,1.4142135624315589e-10,-1.2750220204637954,-0.75509005784296113,-0.75509005784296113,false,false,5.7122809999999999,0,0,false,0,-0.19681146880210715,0,130.36078415481663,130.36078415481663,0,1.1314736076328284,0,0,1.1314736076328284,0,0,-0.088624751999227702,-0.004518971350608636,-0.0036386016364840577,-0.0025234461559103544,-0.0033045989930432468,0.03235494209524966,0.010530426597032462,0.012242826751685294,0.013480387482074604,0.026760229230598655,0,0.54727573927259987
5.5449999999999999,approach_stop,40,40,0.20000000000000001,0.02,2.9454249752343751,0.32451168750000009,-1.1158874999999999,0,3.2000000000000002,0,2.7917970208254794,-1.0623162362698186,0,3.198042951356042,0,-0.020953486181636102,free_flight_controlled,sep_nmpc_adapted,formal_acados,3.7940949167275697,0,0.56780627978114295,0.77729789590209031,0.29225339178786458,-0.13393103931759853,1.2292628120490456,1.4142135624315589e-10,-1.2750220204637954,-0.75509005784296113,-0.75509005784296113,false,false,5.7122809999999999,0,0,false,0,-0.1962820862411673,0,130.39414498260251,130.39414498260251,0,1.1081715760683759,0,0,1.1081715760683759,0,0,-0.088461557894818382,-0.0044681110393581117,-0.0035775346748154659,-0.0024558709532121492,-0.003169363054854232,0.032927173469044738,0.0098115406889704142,0.012176132467510207,0.013558501353807498,0.027314809870665761,0,0.55594187310727672
5.5499999999999998,approach_stop,40,40,0.20000000000000001,0.02,2.9470335937500001,0.31893750000000015,-1.11375,0,3.2000000000000002,0,2.7864656025279468,-1.0702466019247212,0,3.1979371380772816,0,-0.021371722973291887,free_flight_controlled,sep_nmpc_adapted,formal_acados,3.7866351552895052,0,0.56683299112016539,0.77516955276155841,0.29141280556476307,-0.15769986442619954,1.257859590203916,1.4142135624283267e-10,-1.3297878365248081,-0.53364582786359183,-0.53364582786359183,false,false,5.7673819999999996,0,0,false,0,-0.19574192482606553,0,129.85689093289656,129.85689093289656,0,1.4272288200266037,0,0,1.4272288200266037,0,0,-0.088294959893082031,-0.0044210869084323479,-0.0035168689875808472,-0.0023877891698935441,-0.0030316398321002533,0.033714237680950748,0.0090005916152066812,0.012079975131920098,0.013682751381876565,0.027755177819177461,0,0.56464422043380524
5.5549999999999997,approach_stop,40,40,0.20000000000000001,0.02,2.9486143689843747,0.31337456250000034,-1.1113875000000002,0,3.2000000000000002,0,2.7810946962890117,-1.0781112643956576,0,3.1978287129261216,0,-0.021998199934680572,free_flight_controlled,sep_nmpc_adapted,formal_acados,3.7791049746251613,0,0.56584726280071806,0.77301027833614955,0.29056103832759062,-0.15769986442619954,1.257859590203916,1.4142135624283267e-10,-1.3297878365248081,-0.53364582786359183,-0.53364582786359183,false,false,5.7673819999999996,0,0,false,0,-0.19518711192393712,0,129.90127285440579,129.90127285440579,0,1.3927738333153983,0,0,1.3927738333153983,0,0,-0.088131064100195111,-0.0043749600419923651,-0.0034575911080714779,-0.0023187790592300098,-0.0028920422036479297,0.031854707559940097,0.0094308522890677628,0.011642991060231972,0.013918532096675445,0.028067763234833652,0,0.57334228198598747
5.5600000000000005,approach_stop,40,40,0.20000000000000001,0.02,2.95016736,0.30782399999999943,-1.1087999999999998,0,3.2000000000000002,0,2.7756845291225303,-1.0859508050634206,0,3.1977172012362454,0,-0.022606312751369487,free_flight_controlled,sep_nmpc_adapted,formal_acados,3.7715046869722011,0,0.56484892177717649,0.77082015784967084,0.28969850431708477,-0.15769986442619954,1.257859590203916,1.4142135624283267e-10,-1.3297878365248081,-0.53364582786359183,-0.53364582786359183,false,false,5.7673819999999996,0,0,false,0,-0.19461392407085948,0,129.9452860639058,129.9452860639058,0,1.3592427974115182,0,0,1.3592427974115182,0,0,-0.087975587919934178,-0.0043273129701788095,-0.0034002286172372261,-0.0022486581760295427,-0.0027511161951195261,0.030346044104973456,0.0096095233987655276,0.011313706649984507,0.014126467866264675,0.028286703300952083,0,0.58207033906805872
5.5650000000000004,approach_stop,40,40,0.20000000000000001,0.02,2.951692631484375,0.30228693749999958,-1.1059874999999997,0,3.2000000000000002,0,2.770235229209006,-1.0937642076045726,0,3.1976026947946892,0,-0.023196077862481096,free_flight_controlled,sep_nmpc_adapted,formal_acados,3.7638344705248552,0,0.56383824561861617,0.76859924131584922,0.28882516559752286,-0.15769986442619954,1.257859590203916,1.4142135624283267e-10,-1.3297878365248081,-0.53364582786359183,-0.53364582786359183,false,false,5.7673819999999996,0,0,false,0,-0.19402321934518904,0,129.98890679389694,129.98890679389694,0,1.326616482905647,0,0,1.326616482905647,0,0,-0.087826804402905093,-0.0042793742643248492,-0.0033442541148093661,-0.0021775711708734691,-0.0026093277904100415,0.029176708920718417,0.0095498065403435261,0.011086341690352266,0.014304921829920604,0.028412872818238601,0,0.59082690230038526
5.5700000000000003,approach_stop,40,40,0.20000000000000001,0.02,2.9531902537499999,0.29676449999999971,-1.1029499999999999,0,3.2000000000000002,0,2.7647469296320915,-1.1015505265307786,0,3.1974852852429509,0,-0.023767536853293011,free_flight_controlled,sep_nmpc_adapted,formal_acados,3.7560945068166296,0,0.56281551252060413,0.76634757718453816,0.2879409857104952,-0.15769986442619954,1.257859590203916,1.4142135624283267e-10,-1.3297878365248081,-0.53364582786359183,-0.53364582786359183,false,false,5.7673819999999996,0,0,false,0,-0.19341583268128393,0,130.03211294903764,130.03211294903764,0,1.2948754819802217,0,0,1.2948754819802217,0,0,-0.087683052230132424,-0.0042322861668703388,-0.0032891877677088568,-0.0021056636761948972,-0.0024671386990167874,0.028332078495071838,0.0092727748744046833,0.010947934284930775,0.014454979000761339,0.028447153280712435,0,0.59961047593688266
5.5750000000000002,approach_stop,40,40,0.20000000000000001,0.02,2.954660302734375,0.29125781249999977,-1.0996874999999999,0,3.2000000000000002,0,2.7592197680331103,-1.109308883630199,0,3.1973650639544791,0,-0.024320755246546512,free_flight_controlled,sep_nmpc_adapted,formal_acados,3.7482849807884686,0,0.56178100087549987,0.76406521275535833,0.28704592977614429,-0.15769986442619954,1.257859590203916,1.4142135624283267e-10,-1.3297878365248081,-0.53364582786359183,-0.53364582786359183,false,false,5.7673819999999996,0,0,false,0,-0.19279257601339878,0,130.07488406744434,130.07488406744434,0,1.2640002667346026,0,0,1.2640002667346026,0,0,-0.087542749731599534,-0.0041870692237104467,-0.0032346288140586012,-0.0020330711309288333,-0.002325005625273234,0.027795016233801623,0.00880575200996234,0.010880125908799542,0.01457946561717508,0.0283907106329396,0,0.60841955987432628
5.5800000000000001,approach_stop,40,40,0.20000000000000001,0.02,2.9561028600000001,0.28576799999999997,-1.0961999999999998,0,3.2000000000000002,0,2.7536538862838928,-1.1170384642673639,0,3.1972421219181912,0,-0.024855821205823105,free_flight_controlled,sep_nmpc_adapted,formal_acados,3.7404060808610913,0,0.56073498883043704,0.76175219457719845,0.28613996458479263,-0.15769986442619954,1.257859590203916,1.4142135624283267e-10,-1.3297878365248081,-0.53364582786359183,-0.53364582786359183,false,false,5.7673819999999996,0,0,false,0,-0.19215423845545504,0,130.1172012754441,130.1172012754441,0,1.2339712475469602,0,0,1.2339712475469602,0,0,-0.087404405934395898,-0.0041445953140573808,-0.0031802778975862076,-0.0019599125445420975,-0.00218337819012966,0.027546483234410585,0.0081805906423581091,0.01086102349700104,0.014681967612222055,0.028245251881218264,0,0.61725265195102264
5.585,approach_stop,40,40,0.20000000000000001,0.02,2.9575180127343748,0.28029618750000002,-1.0924875000000001,0,3.2000000000000002,0,2.7480494301782366,-1.1247385136480834,0,3.1971165496286527,0,-0.02537284416933154,free_flight_controlled,sep_nmpc_adapted,formal_acados,3.73245799900862,0,0.55967775383868612,0.75940856883038343,0.28522305867808823,-0.15769986442619954,1.257859590203916,1.4142135624283267e-10,-1.3297878365248081,-0.53364582786359183,-0.53364582786359183,false,false,5.7673819999999996,0,0,false,0,-0.19150158652020122,0,130.15904723661083,130.15904723661083,0,1.2047688296993582,0,0,1.2047688296993582,0,0,-0.087266628524649614,-0.0041055693393018495,-0.0031259501452244806,-0.0018862890119423633,-0.002042695675670613,0.027566157148773078,0.0074319451184401307,0.010867022003188483,0.014765923143228934,0.028013235752216429,0,0.62610825038703988
5.5899999999999999,approach_stop,40,40,0.20000000000000001,0.02,2.9589058537500001,0.27484350000000018,-1.0885500000000001,0,3.2000000000000002,0,2.7424065491419407,-1.1324083331417416,0,3.1969884369832027,0,-0.025871953442215979,free_flight_controlled,sep_nmpc_adapted,formal_acados,3.7244409308299122,0,0.5586095722138813,0.75703438168797155,0.28429518241964857,-0.15769986442619954,1.257859590203916,1.4142135624283267e-10,-1.3297878365248081,-0.53364582786359183,-0.53364582786359183,false,false,5.7673819999999996,0,0,false,0,-0.19083536437555546,0,130.20040609648578,130.20040609648578,0,1.1763734667254115,0,0,1.1763734667254115,0,0,-0.087128128752247694,-0.0040705193901987092,-0.0030715794405826958,-0.0018122864517058574,-0.0019033828711774428,0.02783303202926515,0.0065956200789416856,0.010874488719968154,0.014833849431561149,0.027698018894794132,0,0.63498485622872203
5.5949999999999998,approach_stop,40,40,0.20000000000000001,0.02,2.9602664814843749,0.2694110625000003,-1.0843875000000003,0,3.2000000000000002,0,2.7367253959609164,-1.1400472767373147,0,3.1968578731861617,0,-0.026353296781025354,free_flight_controlled,sep_nmpc_adapted,formal_acados,3.7163550756136758,0,0.557530718697688,0.75462967965275951,0.28335630805539624,-0.15769986442619954,1.257859590203916,1.4142135624283267e-10,-1.3297878365248081,-0.53364582786359183,-0.53364582786359183,false,false,5.7673819999999996,0,0,false,0,-0.19015629413495347,0,130.24126342465644,130.24126342465644,0,1.1487657092716823,0,0,1.1487657092716823,0,0,-0.086987723432137024,-0.0040397948367978049,-0.0030172147878110411,-0.0017379817798553812,-0.0017658453750426814,0.028325976461892621,0.0057070626445475791,0.010861231727088203,0.014886747530266291,0.027303925979136237,0,0.64388097567788438
5.6000000000000005,approach_stop,40,40,0.20000000000000001,0.02,2.9616000000000002,0.2639999999999994,-1.0799999999999996,0,3.2000000000000002,0,2.7310061265265602,-1.1476547476929957,0,3.1967249466600469,0,-0.026817039004758708,free_flight_controlled,sep_nmpc_adapted,formal_acados,3.7082006363931836,0,0.55644146605214495,0.75219450986662351,0.28240640976393694,-0.18012791601652256,1.2892106022367047,1.414213562425165e-10,-1.3881251626897855,-0.28596937000194023,-0.28596937000194023,false,false,5.8071529999999996,0,0,false,0,-0.18946507617781158,0,129.66401587456983,129.66401587456983,0,1.5032405760417371,0,0,1.5032405760417371,0,0,-0.086844334297320747,-0.004013571488277138,-0.0029630099922290077,-0.001663451556587811,-0.0016304647477149454,0.029024232211543016,0.0048000494287397536,0.010807697494745673,0.01492371132079467,0.026836238959932878,0,0.65279512220792058
5.6050000000000004,approach_stop,40,40,0.20000000000000001,0.02,2.9629065189843753,0.25861143749999954,-1.0753874999999995,0,3.2000000000000002,0,2.7252490068532529,-1.155187208071875,0,3.1965891435472731,0,-0.027503894624114945,free_flight_controlled,sep_nmpc_adapted,formal_acados,3.6999779615762902,0,0.55534160236673091,0.74972895472303736,0.28144594966788838,-0.18012791601652256,1.2892106022367047,1.414213562425165e-10,-1.3881251626897855,-0.28596937000194023,-0.28596937000194023,false,false,5.8071529999999996,0,0,false,0,-0.1887574396560032,0,129.71717866182217,129.71717866182217,0,1.4632948424426542,0,0,1.4632948424426542,0,0,-0.086704944567294412,-0.0039881521330948737,-0.0029101066463144824,-0.0015885601090012715,-0.0014976322147401998,0.02673601850665518,0.0053604522740713844,0.010365059884443572,0.015018910285141164,0.026288886664497437,0,0.66168144502008508
5.6100000000000003,approach_stop,40,40,0.20000000000000001,0.02,2.9641861537500001,0.25324649999999965,-1.0705499999999997,0,3.2000000000000002,0,2.7194543054073335,-1.1626872652211633,0,3.1964499631867049,0,-0.028167910146392916,free_flight_controlled,sep_nmpc_adapted,formal_acados,3.6916874006066056,0,0.55423092025393073,0.74723309519927217,0.28047537272864881,-0.18012791601652256,1.2892106022367047,1.414213562425165e-10,-1.3881251626897855,-0.28596937000194023,-0.28596937000194023,false,false,5.8071529999999996,0,0,false,0,-0.18802927913233303,0,129.76985051805681,129.76985051805681,0,1.4244477945825262,0,0,1.4244477945825262,0,0,-0.086576093992957737,-0.0039604407307423355,-0.0028591382816285072,-0.0015134308414014575,-0.0013676450659406694,0.02480871235909721,0.005716840628435832,0.01003353476142739,0.015018697190573915,0.025698707307973166,0,0.67057810205276858
5.6150000000000002,approach_stop,40,40,0.20000000000000001,0.02,2.965439025234375,0.24790631249999973,-1.0654874999999997,0,3.2000000000000002,0,2.7136221871593889,-1.1701537507814235,0,3.1963075196546877,0,-0.028809138565738569,free_flight_controlled,sep_nmpc_adapted,formal_acados,3.6833291622144739,0,0.55310970045799368,0.7447069750550851,0.27949462095732902,-0.18012791601652256,1.2892106022367047,1.414213562425165e-10,-1.3881251626897855,-0.28596937000194023,-0.28596937000194023,false,false,5.8071529999999996,0,0,false,0,-0.18728159862662039,0,129.82200128431674,129.82200128431674,0,1.3866767724144156,0,0,1.3866767724144156,0,0,-0.086456001353828138,-0.0039314400017163948,-0.0028095622035032687,-0.0014385377390459789,-0.0012407096456199603,0.023232472317344238,0.0058774778909350981,0.0098065499038918688,0.01492515966643655,0.025068564879934408,0,0.67948332714981341
5.6200000000000001,approach_stop,40,40,0.20000000000000001,0.02,2.9666652600000001,0.24259199999999992,-1.0601999999999998,0,3.2000000000000002,0,2.7077528227260612,-1.1775855742185675,0,3.1961619266879024,0,-0.02942766256131275,free_flight_controlled,sep_nmpc_adapted,formal_acados,3.6749034586349754,0,0.5519782213756238,0.74215063590891417,0.27850363768548536,-0.18012791601652256,1.2892106022367047,1.414213562425165e-10,-1.3881251626897855,-0.28596937000194023,-0.28596937000194023,false,false,5.8071529999999996,0,0,false,0,-0.18651537503266566,0,129.87360291299575,129.87360291299575,0,1.3499589862177006,0,0,1.3499589862177006,0,0,-0.086342941504639337,-0.0039020929103359505,-0.0027608884112200385,-0.0013643324997626939,-0.0011170214089459454,0.021994788532250006,0.005857763327854433,0.0096699019053699646,0.01474492213712888,0.0244000214650388,0,0.68839535355791515
5.625,approach_stop,40,40,0.20000000000000001,0.02,2.967864990234375,0.2373046875,-1.0546875,0,3.2000000000000002,0,2.7018463879888985,-1.1849817195091144,0,3.1960132975386135,0,-0.030023593106049355,free_flight_controlled,sep_nmpc_adapted,formal_acados,3.6664105055565548,0,0.55083675891081507,0.73956411756765628,0.2775023676708091,-0.18012791601652256,1.2892106022367047,1.414213562425165e-10,-1.3881251626897855,-0.28596937000194023,-0.28596937000194023,false,false,5.8071529999999996,0,0,false,0,-0.18573155833772936,0,129.92462942268631,129.92462942268631,0,1.3142715677219483,0,0,1.3142715677219483,0,0,-0.086235257488968542,-0.0038732507118935328,-0.0027127130802096552,-0.0012912249718599394,-0.00099677035572415772,0.021080982250113331,0.00567871799494495,0.0096036513063352796,0.014487883922702907,0.023693770417091527,0,0.69731241606865579
5.6299999999999999,approach_stop,40,40,0.20000000000000001,0.02,2.9690383537499998,0.23204550000000013,-1.04895,0,3.2000000000000002,0,2.6959030637303552,-1.1923412417087236,0,3.1958617448368059,0,-0.030597068012832417,free_flight_controlled,sep_nmpc_adapted,formal_acados,3.6578505220865236,0,0.54968558629520414,0.73694745835616848,0.27649075719582256,-0.18012791601652256,1.2892106022367047,1.414213562425165e-10,-1.3881251626897855,-0.28596937000194023,-0.28596937000194023,false,false,5.8071529999999996,0,0,false,0,-0.18493107187122634,0,129.97505684711771,129.97505684711771,0,1.2795916210901381,0,0,1.2795916210901381,0,0,-0.086131370060335277,-0.0038456488380376429,-0.0026647422963855605,-0.0012195700179498683,-0.00088014428549826882,0.020474738135203837,0.0053653801770901328,0.0095841044058140035,0.014165926649786586,0.022950068739457815,0,0.70623275344941694
5.6349999999999998,approach_stop,40,40,0.20000000000000001,0.02,2.970185493984375,0.22681556250000023,-1.0429875000000002,0,3.2000000000000002,0,2.6899230352870349,-1.1996632635014208,0,3.1957073804597171,0,-0.031148250433708981,free_flight_controlled,sep_nmpc_adapted,formal_acados,3.6492237307315496,0,0.54852497387607069,0.73430069544451471,0.27546875415878103,-0.18012791601652256,1.2892106022367047,1.414213562425165e-10,-1.3881251626897855,-0.28596937000194023,-0.28596937000194023,false,false,5.8071529999999996,0,0,false,0,-0.18411481258666748,0,130.02486317890916,130.02486317890916,0,1.2458962721631284,0,0,1.2458962721631284,0,0,-0.086029784521983996,-0.0038198908317925639,-0.0026168059290074043,-0.0011496607311170784,-0.00076732996177750624,0.020158639819328188,0.0049452048972191669,0.0095857566101298156,0.013791679461566141,0.022169136149676211,0,0.71515461099631605
5.6399999999999997,approach_stop,40,40,0.20000000000000001,0.02,2.9713065599999999,0.22161600000000037,-1.0368000000000004,0,3.2000000000000002,0,2.6839064922200619,-1.2069469718125878,0,3.1955503154089375,0,-0.03167732733559523,free_flight_controlled,sep_nmpc_adapted,formal_acados,3.6405303573902925,0,0.54735518887930734,0.73162386517023059,0.27443630815683623,-0.18012791601652256,1.2892106022367047,1.414213562425165e-10,-1.3881251626897855,-0.28596937000194023,-0.28596937000194023,false,false,5.8071529999999996,0,0,false,0,-0.18328365137477182,0,130.07402830936877,130.07402830936877,0,1.2131627145941357,0,0,1.2131627145941357,0,0,-0.085929094935519257,-0.0037964401015505452,-0.0025688621086738745,-0.0010817275248865426,-0.00065851241968736471,0.020114682872115996,0.0044465492116225885,0.0095830911191276905,0.013377415019492446,0.021351494930216448,0,0.72407624305641483
5.6450000000000005,approach_stop,40,40,0.20000000000000001,0.02,2.9724017064843751,0.21644793749999958,-1.0303874999999993,0,3.2000000000000002,0,2.6778536280020835,-1.2141916145527638,0,3.1953906596951351,0,-0.032184507979760517,free_flight_controlled,sep_nmpc_adapted,formal_acados,3.6317706313543927,0,0.54617649515729716,0.72891700335230925,0.27339337056165874,-0.18012791601652256,1.2892106022367047,1.414213562425165e-10,-1.3881251626897855,-0.28596937000194023,-0.28596937000194023,false,false,5.8071529999999996,0,0,false,0,-0.18243843340482335,0,130.12253396576202,130.12253396576202,0,1.1813682518331119,0,0,1.1813682518331119,0,0,-0.08582798586624639,-0.0037756188928207857,-0.0025209932529587885,-0.0010159422974239912,-0.00055387276251760826,0.020324744036196662,0.0038973094449536315,0.0095521492212333435,0.01293413143665172,0.020498232075575235,0,0.73299591538905351
5.6500000000000004,approach_stop,40,40,0.20000000000000001,0.02,2.9734710937500002,0.21131249999999968,-1.0237499999999995,0,3.2000000000000002,0,2.6717646397201191,-1.221396497542917,0,3.1952285222303227,0,-0.032670022431791096,free_flight_controlled,sep_nmpc_adapted,formal_acados,3.6229447853134262,0,0.54498915293329298,0.72618014559330712,0.2723398945877929,-0.20133030352288084,1.0099573799790569,1.4142135624507921e-10,-1.0160437330567174,-0.03596937000194067,-0.03596937000194067,false,false,5.8002520000000004,0,0,false,0,-0.18157997849075075,0,129.57263126551487,129.57263126551487,0,1.5338661389003163,0,0,1.5338661389003163,0,0,-0.085725231926142606,-0.003757613588022415,-0.0024733949406286759,-0.00095242664167472912,-0.00045358486597429405,0.020770990704389772,0.0033237594621899095,0.0094718127091905687,0.012470856437566586,0.019611172887711189,0,0.74191190726341327
5.6550000000000002,approach_stop,40,40,0.20000000000000001,0.02,2.974514887734375,0.20621081249999973,-1.0168874999999997,0,3.2000000000000002,0,2.6656398275892581,-1.2285209828724497,0,3.1950634273359317,0,-0.033367448351321528,free_flight_controlled,sep_nmpc_adapted,formal_acados,3.6140531871486345,0,0.54379295015683804,0.72341335955937647,0.27127632199535107,-0.20133030352288084,1.0099573799790569,1.4142135624507921e-10,-1.0160437330567174,-0.03596937000194067,-0.03596937000194067,false,false,5.8002520000000004,0,0,false,0,-0.18070410682601742,0,129.63338785375976,129.63338785375976,0,1.4899334161264737,0,0,1.4899334161264737,0,0,-0.085627694468974405,-0.0037387589899716819,-0.0024272613058505654,-0.00089103531587622642,-0.00035784409471264009,0.018248662242498031,0.0042105780088191724,0.0089906590628559286,0.012073561418176733,0.018682986955892735,0,0.75077861541373703
5.6600000000000001,approach_stop,40,40,0.20000000000000001,0.02,2.9755332600000002,0.20114399999999988,-1.0097999999999998,0,3.2000000000000002,0,2.6594794946740312,-1.235604608895017,0,3.1948949123541901,0,-0.034038031974901517,free_flight_controlled,sep_nmpc_adapted,formal_acados,3.6050962052780093,0,0.54258767842546818,0.72061671060397814,0.27020307723195419,-0.20133030352288084,1.0099573799790569,1.4142135624507921e-10,-1.0160437330567174,-0.03596937000194067,-0.03596937000194067,false,false,5.8002520000000004,0,0,false,0,-0.17980680171038901,0,129.69350724979924,129.69350724979924,0,1.4472454112542661,0,0,1.4472454112542661,0,0,-0.085541774888498054,-0.0037160306611005505,-0.0023832810885272035,-0.00083183701964603739,-0.00026676955946728536,0.01612458196588509,0.0048719946120533986,0.0086101753315555897,0.011594928997985667,0.017744751160292355,0,0.75963293586249192
5.665,approach_stop,40,40,0.20000000000000001,0.02,2.9765263877343751,0.19611318749999995,-1.0024875,0,3.2000000000000002,0,2.6532838484171504,-1.2426461321024138,0,3.1947231111898096,0,-0.034681899671654831,free_flight_controlled,sep_nmpc_adapted,formal_acados,3.5960740767579487,0,0.54137360267192425,0.71779022834079831,0.26912008099466672,-0.20133030352288084,1.0099573799790569,1.4142135624507921e-10,-1.0160437330567174,-0.03596937000194067,-0.03596937000194067,false,false,5.8002520000000004,0,0,false,0,-0.17888917838959956,0,129.75295496665251,129.75295496665251,0,1.4057760895851079,0,0,1.4057760895851079,0,0,-0.085465499653540222,-0.00369055471038461,-0.0023409655037151694,-0.00077521452969415126,-0.00018041173230920113,0.014391081350872959,0.0053098028570555912,0.008323152232513481,0.011045241485262472,0.01679617147208359,0,0.7684728955261122
5.6699999999999999,approach_stop,40,40,0.20000000000000001,0.02,2.9774944537499999,0.19111950000000011,-0.99495000000000011,0,3.2000000000000002,0,2.6470531022593615,-1.2496443963765351,0,3.1945481570318841,0,-0.035299211142490558,free_flight_controlled,sep_nmpc_adapted,formal_acados,3.586987041737947,0,0.54015098424816166,0.71493393947858552,0.26802725530876365,-0.20133030352288084,1.0099573799790569,1.4142135624507921e-10,-1.0160437330567174,-0.03596937000194067,-0.03596937000194067,false,false,5.8002520000000004,0,0,false,0,-0.17795232141287234,0,129.81169907975701,129.81169907975701,0,1.3654992751570361,0,0,1.3654992751570361,0,0,-0.085396941477082627,-0.0036634281126503346,-0.0022998810033381259,-0.00072148958538444021,-9.8825186595273253e-05,0.013037399389767805,0.005533644243529711,0.0081150070391225269,0.010438402644698442,0.015835988743078549,0,0.77729652636104896
5.6749999999999998,approach_stop,40,40,0.20000000000000001,0.02,2.9784376464843749,0.18616406250000017,-0.98718750000000033,0,3.2000000000000002,0,2.6407874752100833,-1.2565983297762191,0,3.1943701821914239,0,-0.035890157793153098,free_flight_controlled,sep_nmpc_adapted,formal_acados,3.5778353434184273,0,0.53892008081803455,0.71204786820834409,0.26692452366166619,-0.20133030352288084,1.0099573799790569,1.4142135624507921e-10,-1.0160437330567174,-0.03596937000194067,-0.03596937000194067,false,false,5.8002520000000004,0,0,false,0,-0.17699728488154839,0,129.8697101707767,129.8697101707767,0,1.3263887003133259,0,0,1.3263887003133259,0,0,-0.085334233701522516,-0.0036356828900197566,-0.0022596814689281822,-0.00067090826041144318,-2.207211296756365e-05,0.012050123481952049,0.0055596132426096031,0.0079656770762006508,0.0097905394311723539,0.014862501435476082,0,0.78610186753111111
5.6799999999999997,approach_stop,40,40,0.20000000000000001,0.02,2.97935616,0.1812480000000003,-0.97920000000000051,0,3.2000000000000002,0,2.6344871914349728,-1.2635069411341842,0,3.1941893179470187,0,-0.036454961046076102,free_flight_controlled,sep_nmpc_adapted,formal_acados,3.568619228031213,0,0.53768114620460816,0.70913203659624024,0.26581181113095426,-0.20133030352288084,1.0099573799790569,1.4142135624507921e-10,-1.0160437330567174,-0.03596937000194067,-0.03596937000194067,false,false,5.8002520000000004,0,0,false,0,-0.17602509272588301,0,129.92696126499206,129.92696126499206,0,1.2884180564358942,0,0,1.2884180564358942,0,0,-0.085275582355125779,-0.0036082575844108775,-0.0022201306918274693,-0.00062363334525814668,4.9776730923403168e-05,0.011413675073684321,0.0054087519671477298,0.0078515893876969813,0.0091186118471715052,0.013874063395448626,0,0.7948869679155488
5.6850000000000005,approach_stop,40,40,0.20000000000000001,0.02,2.9802501939843751,0.17637243749999953,-0.97098749999999923,0,3.2000000000000002,0,2.6281524798607832,-1.2703693165583285,0,3.1940056943990789,0,-0.036993870601840471,free_flight_controlled,sep_nmpc_adapted,formal_acados,3.559338944838832,0,0.53643443019883585,0.70618646497804882,0.26468904450525887,-0.20133030352288084,1.0099573799790569,1.4142135624507921e-10,-1.0160437330567174,-0.03596937000194067,-0.03596937000194067,false,false,5.8002520000000004,0,0,false,0,-0.17503673901499994,0,129.98342776277713,129.98342776277713,0,1.2515610442552054,0,0,1.2515610442552054,0,0,-0.085219275728502936,-0.0035819763391710803,-0.0021811150742679481,-0.00057974347332560958,0.00011664342759175234,0.011110811503749693,0.00510552624328577,0.0077475836833327209,0.0084391190160218385,0.012869523967056245,0,0.80364988878498589
5.6900000000000004,approach_stop,40,40,0.20000000000000001,0.02,2.9811199537499999,0.17153849999999959,-0.96254999999999935,0,3.2000000000000002,0,2.6217835737977855,-1.2771846159194331,0,3.1938194403328484,0,-0.037507162668665668,free_flight_controlled,sep_nmpc_adapted,formal_acados,3.5499947461482591,0,0.53518017834110754,0.70321117235047359,0.26355615239769709,-0.20133030352288084,1.0099573799790569,1.4142135624507921e-10,-1.0160437330567174,-0.03596937000194067,-0.03596937000194067,false,false,5.8002520000000004,0,0,false,0,-0.17403318829887102,0,130.03908736618448,130.03908736618448,0,1.2157914223397006,0,0,1.2157914223397006,0,0,-0.085163691454450879,-0.0035575354781127336,-0.0021426470532341191,-0.00053923832328762892,0.00017844630882332606,0.01112311896157115,0.0046763626772243242,0.0076286847720546322,0.0077669730291956077,0.011848585083653261,0,0.81238870648820682
5.6950000000000003,approach_stop,40,40,0.20000000000000001,0.02,2.981965650234375,0.16674731249999974,-0.95388749999999956,0,3.2000000000000002,0,2.6153807105796321,-1.2839520693932849,0,3.1936306830903103,0,-0.037995138182583973,free_flight_controlled,sep_nmpc_adapted,formal_acados,3.5405868873337258,0,0.53391863168990217,0.7002061767540938,0.26241306535162112,-0.20133030352288084,1.0099573799790569,1.4142135624507921e-10,-1.0160437330567174,-0.03596937000194067,-0.03596937000194067,false,false,5.8002520000000004,0,0,false,0,-0.17301537598029143,0,130.09392000186227,130.09392000186227,0,1.1810830526651086,0,0,1.1810830526651086,0,0,-0.085107301189540935,-0.0035354971084838034,-0.0021048602128351779,-0.00050204891865037078,0.00023510490489172094,0.011431475744565479,0.004148311481033431,0.0074716431580261183,0.007114593389609028,0.010812058024369211,0,0.82110151501745554
5.7000000000000002,approach_stop,40,40,0.20000000000000001,0.02,2.9827875000000001,0.16199999999999981,-0.94499999999999973,0,3.2000000000000002,0,2.608944131220269,-1.2906709741106186,0,3.1934395484509621,0,-0.038458121041364403,free_flight_controlled,sep_nmpc_adapted,formal_acados,3.5311156268629671,0,0.53265002659282623,0.69717149564269809,0.26125971593858094,-0.22160357298423916,0.39183078998505527,1.4142135629623299e-10,-0.14407999635123991,0.21403062999805911,0.21403062999805911,false,false,6.0008609999999996,0,0,false,0,-0.17198420871417172,0,129.58144221730973,129.58144221730973,0,1.5287651544646743,0,0,1.5287651544646743,0,0,-0.085048673088143414,-0.0035162889908893348,-0.002067997397619873,-0.00046805183023722948,0.00028654590604500148,0.012016469753917304,0.0035478835593744564,0.007256186572135591,0.0064912553036638237,0.0097620107233228059,0,0.82978642834910621
5.7050000000000001,approach_stop,40,40,0.20000000000000001,0.02,2.9835857252343749,0.15729768749999995,-0.93588749999999987,0,3.2000000000000002,0,2.6024741700219804,-1.2973046413901481,0,3.1932456058589906,0,-0.039118297433011373,free_flight_controlled,sep_nmpc_adapted,formal_acados,3.5215813454399902,0,0.53137415089746631,0.69410717541800981,0.26009652101944281,-0.22160357298423916,0.39183078998505527,1.4142135629623299e-10,-0.14407999635123991,0.21403062999805911,0.21403062999805911,false,false,6.0008609999999996,0,0,false,0,-0.17093561849343966,0,129.64825715830608,129.64825715830608,0,1.4822190902489949,0,0,1.4822190902489949,0,0,-0.084994425317530223,-0.0034965061899670936,-0.0020332879558509734,-0.000436858845719303,0.00033267987439778899,0.0096895383698506442,0.0043521625144139348,0.006634697791634077,0.0059819238511503586,0.0086929679203140101,0,0.83839999540963617
5.71,approach_stop,40,40,0.20000000000000001,0.02,2.9843605537500002,0.15264149999999999,-0.9265500000000001,0,3.2000000000000002,0,2.5959711641450989,-1.3038886477550671,0,3.1930484372788328,0,-0.039748497353975946,free_flight_controlled,sep_nmpc_adapted,formal_acados,3.5119844240371587,0,0.53009079551069882,0.69101325989205986,0.25892388049929155,-0.22160357298423916,0.39183078998505527,1.4142135629623299e-10,-0.14407999635123991,0.21403062999805911,0.21403062999805911,false,false,6.0008609999999996,0,0,false,0,-0.16986569619369138,0,129.71427936746801,129.71427936746801,0,1.4370292985510884,0,0,1.4370292985510884,0,0,-0.084950731003410815,-0.0034733707996729445,-0.0020014543910596054,-0.00040830159391537409,0.00037349745265787384,0.0077954951574800762,0.0048880604895476893,0.0061057615863249048,0.0054378458531000404,0.0076357487156703688,0,0.84697611896363667
5.7149999999999999,approach_stop,40,40,0.20000000000000001,0.02,2.9851122189843751,0.14803256250000019,-0.91698750000000029,0,3.2000000000000002,0,2.5894353649994013,-1.3104217672286511,0,3.1928481920395999,0,-0.040348945842036847,free_flight_controlled,sep_nmpc_adapted,formal_acados,3.5023251247370539,0,0.52880019919389953,0.68788975973765265,0.2577416953765056,-0.22160357298423916,0.39183078998505527,1.4142135629623299e-10,-0.14407999635123991,0.21403062999805911,0.21403062999805911,false,false,6.0008609999999996,0,0,false,0,-0.16877563216749503,0,129.77947230637,129.77947230637,0,1.3931662739138382,0,0,1.3931662739138382,0,0,-0.084915451138435544,-0.0034482160503386114,-0.0019720457876236065,-0.00038253651330669381,0.00040906112986116355,0.0063235054016567756,0.0051606205978082182,0.0056632705543416574,0.0048665164430126253,0.0065915468616683055,0,0.85551270000322099
5.7199999999999998,approach_stop,40,40,0.20000000000000001,0.02,2.98584096,0.14347200000000027,-0.90720000000000045,0,3.2000000000000002,0,2.582867029887324,-1.3169028682568362,0,3.1926450182580455,0,-0.040919902629651707,free_flight_controlled,sep_nmpc_adapted,formal_acados,3.4926037124912837,0,0.52750259626742801,0.6847366826039597,0.25654986827516052,-0.22160357298423916,0.39183078998505527,1.4142135629623299e-10,-0.14407999635123991,0.21403062999805911,0.21403062999805911,false,false,6.0008609999999996,0,0,false,0,-0.16766658285347247,0,129.84380237738966,129.84380237738966,0,1.3506003994459188,0,0,1.3506003994459188,0,0,-0.084886509823360767,-0.0034223278044161758,-0.0019446607442118501,-0.0003596749393408038,0.0004394374138663895,0.005259238453456984,0.0051835116716632589,0.0052938246875531012,0.0042782767964032646,0.0055608483167408455,0,0.86400765247042188
5.7250000000000005,approach_stop,40,40,0.20000000000000001,0.02,2.986547021484375,0.13896093749999949,-0.89718749999999892,0,3.2000000000000002,0,2.5762664215406934,-1.3233309099479069,0,3.1924390626699304,0,-0.0414616602297318,free_flight_controlled,sep_nmpc_adapted,formal_acados,3.4828204550849766,0,0.52619821659438093,0.68155403354428323,0.25534830360028071,-0.22160357298423916,0.39183078998505527,1.4142135629623299e-10,-0.14407999635123991,0.21403062999805911,0.21403062999805911,false,false,6.0008609999999996,0,0,false,0,-0.16653967108297021,0,129.90723884966155,129.90723884966155,0,1.3093020045519665,0,0,1.3093020045519665,0,0,-0.084861910517937483,-0.003396905110520522,-0.0019189792251397863,-0.00033977198689572253,0.00046469436996440577,0.0045853705692626163,0.0049775259217402249,0.0049786006836292987,0.0036850636954665517,0.0045438603212667565,0,0.87245890603562748
5.7300000000000004,approach_stop,40,40,0.20000000000000001,0.02,2.9872306537500002,0.13450049999999958,-0.88694999999999913,0,3.2000000000000002,0,2.5696338076773069,-1.3297049380893018,0,3.1922304704710296,0,-0.041974541956415652,free_flight_controlled,sep_nmpc_adapted,formal_acados,3.4729756231180025,0,0.52488728553764796,0.67834181544069561,0.2541369076850013,-0.22160357298423916,0.39183078998505527,1.4142135629623299e-10,-0.14407999635123991,0.21403062999805911,0.21403062999805911,false,false,6.0008609999999996,0,0,false,0,-0.16539598642017933,0,129.96975377784202,129.96975377784202,0,1.26924142404702,0,0,1.26924142404702,0,0,-0.08483974963524378,-0.0033730286241902751,-0.0018947848056675288,-0.00032282168827877885,0.0004849012473991811,0.0042821394042460619,0.0045689513162579893,0.0046953032317612166,0.0030991729200677415,0.0035409120047638506,0,0.88086440929170351
5.7350000000000003,approach_stop,40,40,0.20000000000000001,0.02,2.9878921127343752,0.13009181249999968,-0.87648749999999931,0,3.2000000000000002,0,2.5629694605777633,-1.3360240810465953,0,3.1920193851681864,0,-0.042458899889456385,free_flight_controlled,sep_nmpc_adapted,formal_acados,3.4630694899993024,0,0.52357002389643637,0.67510002942153913,0.25291558892834726,-0.22160357298423916,0.39183078998505527,1.4142135629623299e-10,-0.14407999635123991,0.21403062999805911,0.21403062999805911,false,false,6.0008609999999996,0,0,false,0,-0.16423658554069276,0,130.03132191412948,130.03132191412948,0,1.2303890568781786,0,0,1.2303890568781786,0,0,-0.08481822729835109,-0.0033516372789209568,-0.0018719772156500301,-0.00030875810186334281,0.00050012997461650467,0.0043279197587516452,0.0039879141330736341,0.0044200752964027781,0.0025321203245122223,0.0025527968985955478,0,0.88922213317110144
5.7400000000000002,approach_stop,40,40,0.20000000000000001,0.02,2.98853166,0.12573599999999985,-0.86579999999999957,0,3.2000000000000002,0,2.5562736566636808,-1.3422875614210612,0,3.1918059484235823,0,-0.042915126321550534,free_flight_controlled,sep_nmpc_adapted,formal_acados,3.4531023350207866,0,0.52224663167637131,0.6718286783571058,0.25168425752113255,-0.22160357298423916,0.39183078998505527,1.4142135629623299e-10,-0.14407999635123991,0.21403062999805911,0.21403062999805911,false,false,6.0008609999999996,0,0,false,0,-0.16306249259533051,0,130.09192123499554,130.09192123499554,0,1.1927151264520104,0,0,1.1927151264520104,0,0,-0.084795669277740071,-0.0033334276321435401,-0.0018506924104158991,-0.00029750942950094192,0.00051062370824203607,0.0046880328345622639,0.0033389396617103783,0.0040221042955491003,0.0019788295632533061,0.0016962591475929748,0,0.89752925735939326
5.7450000000000001,approach_stop,40,40,0.20000000000000001,0.02,2.9891495627343749,0.1214341874999999,-0.8548874999999998,0,3.2000000000000002,0,2.5495466759907366,-1.3484946782372396,0,3.1915902998122778,0,-0.043343647876699531,free_flight_controlled,sep_nmpc_adapted,formal_acados,3.443074458406171,0,0.52091719788736945,0.66852778241543442,0.25044282263054873,-0.22160357298423916,0.39183078998505527,1.4142135629623299e-10,-0.14407999635123991,0.21403062999805911,0.21403062999805911,false,false,6.0008609999999996,0,0,false,0,-0.16187469933881021,0,130.15153268394974,130.15153268394974,0,1.1561900172000787,0,0,1.1561900172000787,0,0,-0.084770637673991206,-0.0033181611799999659,-0.0018324626091719002,-0.00028876379297835652,0.00051754918285677775,0.0053184296113633978,0.0028034683738021246,0.0032055388963720668,0.0015386947826675447,0.0011113828424992732,0,0.90578208418528328
5.75,approach_stop,40,40,0.20000000000000001,0.02,2.98974609375,0.1171875,-0.84375,0,3.2000000000000002,0,2.5427888019977591,-1.3546450088237707,0,3.1913725767881003,0,-0.043744943299671116,free_flight_controlled,sep_nmpc_adapted,formal_acados,3.4329861600948202,0,0.51958179951574457,0.66519735809706104,0.24919119423719241,-0.24137043402777059,-0.56327612891533074,1.2320325729417825,0.036619331794422338,0.46403062999805922,0.46403062999805911,true,true,5.935492,0,0,false,0,-0.16067416592444245,0,129.68059483669336,129.68059483669336,0,1.4997241205658314,0,0,1.4997241205658314,0,0,-0.084741635328312429,-0.0033059341238506467,-0.0018185822434642104,-0.000282098941381515,0.0005220131793840857,0.0062734899520661535,0.0020849912442840422,0.0023642996468332036,0.0011149514191996647,0.00069411801934318089,0,0.9139776434547614
5.7549999999999999,approach_stop,40,40,0.20000000000000001,0.02,2.990321531484375,0.11299706250000008,-0.83238750000000028,0,3.2000000000000002,0,2.5360004008578247,-1.3607051563257462,0,3.1911523939643009,0,-0.044327506691822054,free_flight_controlled,sep_nmpc_adapted,formal_acados,3.4228378319087196,0,0.51824013606315189,0.66183743105089488,0.24792975962218627,-0.24137043402777059,-0.56327612891533074,1.2320325729417825,0.036619331794422338,0.46403062999805922,0.46403062999805911,true,true,5.935492,0,0,false,0,-0.15945691033337178,0,129.75182499185814,129.75182499185814,0,1.4516309713546311,0,0,1.4516309713546311,0,0,-0.084714361326014717,-0.0032957206616966227,-0.0018083907483610836,-0.00027761426766231367,0.00052465295123658691,0.004661783255505602,0.0019376456876084758,0.0017444579089339934,0.00068411379665344046,0.0003763753011034232,0,0.9220776334044416
5.7599999999999998,approach_stop,40,40,0.20000000000000001,0.02,2.99087616,0.10886400000000018,-0.82080000000000053,0,3.2000000000000002,0,2.5291818426009782,-1.3667079337551855,0,3.1909293781484291,0,-0.044878180723866047,free_flight_controlled,sep_nmpc_adapted,formal_acados,3.412629862653112,0,0.51689193064408867,0.65844802005213376,0.24665888987521714,-0.24137043402777059,-0.56327612891533074,1.2320325729417825,0.036619331794422338,0.46403062999805922,0.46403062999805911,true,true,5.935492,0,0,false,0,-0.15821910811511763,0,129.82212015563087,129.82212015563087,0,1.4049586716119067,0,0,1.4049586716119067,0,0,-0.084694010636821901,-0.003287130463848376,-0.0018009789820727109,-0.00027522767694449082,0.00052589934327299242,0.0034635844307538254,0.0015135622045674361,0.0012210795876525992,0.00026935725251246392,0.00013180694535470868,0,0.93010942084094395
5.7649999999999997,approach_stop,40,40,0.20000000000000001,0.02,2.9914102689843749,0.10478943750000025,-0.80898750000000075,0,3.2000000000000002,0,2.5223334134769728,-1.3726533261529066,0,3.1907036872910912,0,-0.045397511853927611,free_flight_controlled,sep_nmpc_adapted,formal_acados,3.4023625281495273,0,0.51553735510205945,0.65502911467255454,0.24537846835966015,-0.24137043402777059,-0.56327612891533074,1.2320325729417825,0.036619331794422338,0.46403062999805922,0.46403062999805911,true,true,5.935492,0,0,false,0,-0.15696197526132719,0,129.89145397744406,129.89145397744406,0,1.3596555460995763,0,0,1.3596555460995763,0,0,-0.084679070759082542,-0.0032805426869897416,-0.0017962433241894,-0.00027494763674033293,0.00052604850434727281,0.002498382256817938,0.0011335705578082995,0.00067665654623654307,-0.00015656693809471982,-6.591768498482388e-05,0,0.93806874804977991
5.7700000000000005,approach_stop,40,40,0.20000000000000001,0.02,2.9919241537499999,0.10077449999999966,-0.79694999999999883,0,3.2000000000000002,0,2.5154554033195642,-1.3785401641363617,0,3.1904754773053243,0,-0.045885817831170947,free_flight_controlled,sep_nmpc_adapted,formal_acados,3.3920361029987918,0,0.51417659286625295,0.6515806996792276,0.24408838174911515,-0.24137043402777059,-0.56327612891533074,1.2320325729417825,0.036619331794422338,0.46403062999805922,0.46403062999805911,true,true,5.935492,0,0,false,0,-0.15568668735698607,0,129.95979141891931,129.95979141891931,0,1.3156921592172681,0,0,1.3156921592172681,0,0,-0.08466838960665396,-0.0032757723612653888,-0.0017942452942133729,-0.00027681589237295778,0.00052529350801033359,0.0017591180440187069,0.00078678966925437585,0.00013539782869753103,-0.00060229435528897984,-0.00022860459858618424,0,0.94595392390988953
5.7750000000000004,approach_stop,40,40,0.20000000000000001,0.02,2.9924181152343752,0.096820312499999783,-0.78468749999999909,0,3.2000000000000002,0,2.5085481082671146,-1.3843670632079892,0,3.1902449026341806,0,-0.046343361647380163,free_flight_controlled,sep_nmpc_adapted,formal_acados,3.3816508659351081,0,0.5128098494397586,0.64810275766799352,0.24278852112947494,-0.24137043402777059,-0.56327612891533074,1.2320325729417825,0.036619331794422338,0.46403062999805922,0.46403062999805911,true,true,5.935492,0,0,false,0,-0.15439438809125391,0,130.02709645516313,130.02709645516313,0,1.2730451162084078,0,0,1.2730451162084078,0,0,-0.084660897923847553,-0.0032726069280779166,-0.0017947085956514616,-0.00028134105230687487,0.00052388281583917403,0.0012224331172034221,0.00049304442812962332,-0.00029736899974553815,-0.0012377103672392593,-0.00032603262810500813,0,0.95376588827781328
5.7800000000000002,approach_stop,40,40,0.20000000000000001,0.02,2.9928924600000002,0.0929279999999999,-0.77219999999999933,0,3.2000000000000002,0,2.5016118310614841,-1.3901328781189077,0,3.1900121162584445,0,-0.046770496594928768,free_flight_controlled,sep_nmpc_adapted,formal_acados,3.3712071009376716,0,0.5114373578616328,0.64459526987618754,0.24147878251546467,-0.24137043402777059,-0.56327612891533074,1.2320325729417825,0.036619331794422338,0.46403062999805922,0.46403062999805911,true,true,5.935492,0,0,false,0,-0.15308619188250208,0,130.09333865133215,130.09333865133215,0,1.2316861514900257,0,0,1.2316861514900257,0,0,-0.084655591526192564,-0.0032707818226799502,-0.0017970758646863843,-0.00028949633766414131,0.00052211323987781991,0.00088652804521662226,0.00024919246540746861,-0.00063212534890365725,-0.0020441909640012347,-0.00037649296781719935,0,0.9615036122759103
5.7850000000000001,approach_stop,40,40,0.20000000000000001,0.02,2.9933475002343748,0.08909868749999994,-0.75948749999999965,0,3.2000000000000002,0,2.4946468796784451,-1.3958365961307246,0,3.1897772692312873,0,-0.047167620662422728,free_flight_controlled,sep_nmpc_adapted,formal_acados,3.3607050940406813,0,0.51005935218192544,0.6410582143622362,0.24015906400052248,-0.24137043402777059,-0.56327612891533074,1.2320325729417825,0.036619331794422338,0.46403062999805922,0.46403062999805911,true,true,5.935492,0,0,false,0,-0.15176318032390476,0,130.15849119943826,130.15849119943826,0,1.1915879204129329,0,0,1.1915879204129329,0,0,-0.084651457204476241,-0.0032700769849152459,-0.0018009371745044411,-0.00030199540305600692,0.0005201639922192637,0.00075509832992432403,4.3309679572935273e-05,-0.00089915825787255008,-0.0029680286576023668,-0.00040050815929034751,0,0.96916546266102677
5.79,approach_stop,40,40,0.20000000000000001,0.02,2.9937835537500002,0.085333499999999951,-0.74654999999999994,0,3.2000000000000002,0,2.4876535669073738,-1.4014773002773862,0,3.1895405105378467,0,-0.047535162745987465,free_flight_controlled,sep_nmpc_adapted,formal_acados,3.3501451335985273,0,0.50867606363240392,0.63749156669115348,0.23882926551794442,-0.24137043402777059,-0.56327612891533074,1.2320325729417825,0.036619331794422338,0.46403062999805922,0.46403062999805911,true,true,5.935492,0,0,false,0,-0.15042640378748651,0,130.2225302531649,130.2225302531649,0,1.1527224609125002,0,0,1.1527224609125002,0,0,-0.084647471411783123,-0.0032703246683627022,-0.0018060108513030663,-0.00031932379761277579,0.00051813362672793902,0.00082885280204259134,-0.00013235879987385615,-0.0011244900833526532,-0.0039670044929116001,-0.00041074173942595146,0,0.97674981891688417
5.7949999999999999,approach_stop,40,40,0.20000000000000001,0.02,2.9942009439843749,0.08163356250000009,-0.73338750000000019,0,3.2000000000000002,0,2.4806322106672627,-1.4070538332874378,0,3.1893019870922168,0,-0.047873518505824872,free_flight_controlled,sep_nmpc_adapted,formal_acados,3.3395275121154775,0,0.50728771108920845,0.63389530144821482,0.2374892883667046,-0.24137043402777059,-0.56327612891533074,1.2320325729417825,0.036619331794422338,0.46403062999805922,0.46403062999805911,true,true,5.935492,0,0,false,0,-0.14907688326540547,0,130.28543194004851,130.28543194004851,0,1.1150672260404784,0,0,1.1150672260404784,0,0,-0.084642563213029931,-0.0032713258444566668,-0.001812494476677201,-0.00034147588487249103,0.00051605286131642522,0.0011278712505785281,-0.00025780047266779366,-0.0014807567239335953,-0.0048803150164483354,-0.00042191706495939529,0,0.98425546661806029
5.7999999999999998,approach_stop,40,40,0.20000000000000001,0.02,2.9946000000000002,0.078000000000000069,-0.72000000000000053,0,3.2000000000000002,0,2.4735831339241559,-1.4125654091928859,0,3.1890618436626608,0,-0.048183164444572539,free_flight_controlled,sep_nmpc_adapted,formal_acados,3.32885252703919,0,0.50589449712545453,0.63026939311503416,0.2361390351266856,-0.26104318221013612,-1.8541091018594631,3.2192061260824634,0.057576225067375031,0.71403062999805889,0.71403062999805889,false,false,5.9571610000000002,0,0,false,0,-0.1477156113208371,0,129.86001505154914,129.86001505154914,0,1.4548268906623618,0,0,1.4548268906623618,0,0,-0.084635592956728498,-0.0032728542575792157,-0.0018211304805437983,-0.0003679127529394556,0.00051390936878404963,0.0016542996842203363,-0.00034629830746395554,-0.0019815926361215542,-0.0056822670621402196,-0.00043569926779841962,0,0.99168091346944165
5.8049999999999997,approach_stop,40,40,0.20000000000000001,0.02,2.9949810564843751,0.074433937500000269,-0.70638750000000083,0,3.2000000000000002,0,2.4665067531926934,-1.4179753503275303,0,3.1888197463149934,0,-0.048655099220608601,free_flight_controlled,sep_nmpc_adapted,formal_acados,3.3181205701059309,0,0.50449624033306895,0.62661381691323748,0.23477885635376292,-0.26104318221013612,-1.8541091018594631,3.2192061260824634,0.057576225067375031,0.71403062999805889,0.71403062999805889,false,false,5.9571610000000002,0,0,false,0,-0.1463388597910833,0,129.93397400226365,129.93397400226365,0,1.4063482005612575,0,0,1.4063482005612575,0,0,-0.084630818643200795,-0.0032752438187864429,-0.0018318959702708561,-0.00039758004803931761,0.00051168181687418521,0.00024527292794183388,-0.00059049452529055389,-0.0023436517605663716,-0.006168715181538359,-0.0004552126611128424,0,0.99901037584545171
5.8100000000000005,approach_stop,40,40,0.20000000000000001,0.02,2.99534445375,0.070936499999999625,-0.69254999999999867,0,3.2000000000000002,0,2.4594034863305838,-1.4233196835366957,0,3.1885753719094456,0,-0.049093981644471249,free_flight_controlled,sep_nmpc_adapted,formal_acados,3.3073320328277234,0,0.50309276504171907,0.62292854649713958,0.23340908820654988,-0.26104318221013612,-1.8541091018594631,3.2192061260824634,0.057576225067375031,0.71403062999805889,0.71403062999805889,false,false,5.9571610000000002,0,0,false,0,-0.14494304190180787,0,130.00684834453997,130.00684834453997,0,1.3593389363315835,0,0,1.3593389363315835,0,0,-0.084632380634921525,-0.0032786512790308367,-0.0018449938546090197,-0.0004293469401355388,0.00050935592060496505,-0.00087838601913114479,-0.00075957497487711377,-0.002907196348906215,-0.006525305483341755,-0.0004749377941539674,0,1.0062491838058949
5.8150000000000004,approach_stop,40,40,0.20000000000000001,0.02,2.995690537734375,0.067508812499999737,-0.67848749999999891,0,3.2000000000000002,0,2.4522736644320315,-1.4285971816978535,0,3.1883288847196347,0,-0.04950020634023982,free_flight_controlled,sep_nmpc_adapted,formal_acados,3.296487214680397,0,0.50168428479365368,0.61921355024836544,0.23202960677936899,-0.26104318221013612,-1.8541091018594631,3.2192061260824634,0.057576225067375031,0.71403062999805889,0.71403062999805889,false,false,5.9571610000000002,0,0,false,0,-0.14352939880910787,0,130.07860115015114,130.07860115015114,0,1.3137678826051935,0,0,1.3137678826051935,0,0,-0.084638812771772404,-0.0032828899814171439,-0.0018612266743340223,-0.00046263512584792445,0.00050692290249141996,-0.0016967415596364733,-0.00093974437603387044,-0.0035838095838743086,-0.0067757654721796847,-0.00050469400093418651,0,1.0133958140137667
5.8200000000000003,approach_stop,40,40,0.20000000000000001,0.02,2.99601966,0.064151999999999876,-0.66419999999999924,0,3.2000000000000002,0,2.445117625080067,-1.4338065266771167,0,3.1880804470717976,0,-0.049874167163054532,free_flight_controlled,sep_nmpc_adapted,formal_acados,3.2855864145986575,0,0.50027102535198353,0.61546878951859052,0.23064028995775618,-0.26104318221013612,-1.8541091018594631,3.2192061260824634,0.057576225067375031,0.71403062999805889,0.71403062999805889,false,false,5.9571610000000002,0,0,false,0,-0.14209913758808168,0,130.14919726420169,130.14919726420169,0,1.269606921104244,0,0,1.269606921104244,0,0,-0.084648421990626319,-0.0032885284450864145,-0.0018807190792537681,-0.00049694152160792014,0.00050420572923443876,-0.0021506953939970479,-0.0013165973924781249,-0.0042142560301264677,-0.0069273342348075747,-0.00059332435502846897,0,1.0204492113541046
5.8250000000000002,approach_stop,40,40,0.20000000000000001,0.02,2.996332177734375,0.060867187499999864,-0.64968749999999953,0,3.2000000000000002,0,2.4379357113042071,-1.4389468276976842,0,3.1878302190708392,0,-0.050216352959686537,free_flight_controlled,sep_nmpc_adapted,formal_acados,3.2746299317612495,0,0.49885322156774686,0.61169422045704247,0.22924101792450471,-0.26104318221013612,-1.8541091018594631,3.2192061260824634,0.057576225067375031,0.71403062999805889,0.71403062999805889,false,false,5.9571610000000002,0,0,false,0,-0.14065343009386963,0,130.2186077466603,130.2186077466603,0,1.226822029463674,0,0,1.226822029463674,0,0,-0.084659438458364156,-0.003296496525157564,-0.001903263300698487,-0.00053175162918174849,0.00050088723219473489,-0.0022613515157419873,-0.0018687761436092525,-0.004804679912435242,-0.0069788135197851216,-0.00074441883256612677,0,1.0274076940820065
5.8300000000000001,approach_stop,40,40,0.20000000000000001,0.02,2.9966284537500001,0.057655499999999971,-0.63494999999999979,0,3.2000000000000002,0,2.4307282703720374,-1.4440172795891959,0,3.1875783583079729,0,-0.050527280071611842,free_flight_controlled,sep_nmpc_adapted,formal_acados,3.2636180682074625,0,0.49743110603287832,0.60788979783542507,0.22783167373813429,-0.26104318221013612,-1.8541091018594631,3.2192061260824634,0.057576225067375031,0.71403062999805889,0.71403062999805889,false,false,5.9571610000000002,0,0,false,0,-0.13919341149529083,0,130.28680683272859,130.28680683272859,0,1.1853793910529875,0,0,1.1853793910529875,0,0,-0.08467020171355974,-0.0033076113826169917,-0.0019286667234721415,-0.00056658857738554728,0.00049666812188402644,-0.0020514379191346839,-0.0025718261216881276,-0.0053583939368825381,-0.0069398708719804461,-0.00095253046761853736,0,1.0342696304784407
5.835,approach_stop,40,40,0.20000000000000001,0.02,2.9969088564843749,0.05451806250000002,-0.61998750000000014,0,3.2000000000000002,0,2.4234956533706655,-1.4490171589633232,0,3.1873250197293865,0,-0.05080748997370807,free_flight_controlled,sep_nmpc_adapted,formal_acados,3.2525511290312394,0,0.49600490841897488,0.60405547566057394,0.22641214346771321,-0.26104318221013612,-1.8541091018594631,3.2192061260824634,0.057576225067375031,0.71403062999805889,0.71403062999805889,false,false,5.9571610000000002,0,0,false,0,-0.13772018082597134,0,130.35377181031487,130.35377181031487,0,1.1452454413354816,0,0,1.1452454413354816,0,0,-0.084679168623238515,-0.0033225591018401727,-0.0019567573333076939,-0.00060102736241724939,0.00049127970964645863,-0.0015450811373722859,-0.0033979492346466679,-0.0058802112351742765,-0.0068215718241575749,-0.0012108996887242826,0,1.0410334468562994
5.8399999999999999,approach_stop,40,40,0.20000000000000001,0.02,2.9971737599999999,0.051456000000000168,-0.60480000000000045,0,3.2000000000000002,0,2.416238211781867,-1.4539472781037832,0,3.1870703548675485,0,-0.051057858694831273,free_flight_controlled,sep_nmpc_adapted,formal_acados,3.2414294223572151,0,0.49457485551738034,0.60019121057534808,0.22498231937034394,-0.26104318221013612,-1.8541091018594631,3.2192061260824634,0.057576225067375031,0.71403062999805889,0.71403062999805889,false,false,5.9571610000000002,0,0,false,0,-0.13623478147048998,0,130.4194977927865,130.4194977927865,0,1.1063189519196017,0,0,1.1063189519196017,0,0,-0.084685341588588647,-0.0033409956268379282,-0.0019879907620555981,-0.00063455830421783703,0.00048446314237309636,-0.00097025376651733801,-0.0038934270367704995,-0.0066610264378109511,-0.0065704826641409045,-0.0015235163193839027,0,1.0476945510858768
5.8449999999999998,approach_stop,40,40,0.20000000000000001,0.02,2.9974235439843748,0.048470437500000241,-0.58938750000000073,0,3.2000000000000002,0,2.4089562905311168,-1.4588088469503424,0,3.1868145103744148,0,-0.051279333001236681,free_flight_controlled,sep_nmpc_adapted,formal_acados,3.2302532593852931,0,0.49314117102650151,0.59629696885417627,0.22354210664915694,-0.26104318221013612,-1.8541091018594631,3.2192061260824634,0.057576225067375031,0.71403062999805889,0.71403062999805889,false,false,5.9571610000000002,0,0,false,0,-0.13473815823050742,0,130.48398683518369,130.48398683518369,0,1.068483327756764,0,0,1.068483327756764,0,0,-0.084689165121732468,-0.0033597096303274497,-0.0020246207716002342,-0.00066637791878254289,0.00047594678161626318,-0.00058956833511461266,-0.0035483389376978836,-0.0080007659374224036,-0.0061562292123350359,-0.0018847034745316351,0,1.0542476105536034
