index,position_error_weight,velocity_error_weight,joint_angle_weight,joint_velocity_weight,input_weight,Q_diagonal,R,K,closed_loop_eigenvalues,dare_success,spectral_radius,dare_residual_norm,safe_gate,approach_tip_improvement,score,approach_x_rmse,crosswind_x_rmse,approach_tip_rms,crosswind_tip_rms
1,20.0,4.0,20.0,3.0,0.5,"[20.0,4.0,8.0,2.0,4.0,1.0,20.0,20.0,20.0,20.0,20.0,3.0,3.0,3.0,3.0,3.0]",[[0.5]],"[5.679948196453383,7.3298980478539235,-3.600358202333283e-15,-1.3303642117887126e-16,31.01503537550532,6.498237307208427,-6.6947895373309265,1.8442766839391203,4.06085140940188,3.2672550701769945,1.7382583997994947,3.559601421528814,2.8014047225116583,2.033973606369446,1.3154408812268585,0.6618249413283799]","[{""real"":0.20103376558984137,""imag"":0.0,""abs"":0.20103376558984137},{""real"":0.01657160006279931,""imag"":0.0,""abs"":0.01657160006279931},{""real"":0.007418611858382973,""imag"":0.0,""abs"":0.007418611858382973},{""real"":0.006183842012284018,""imag"":0.0,""abs"":0.006183842012284018},{""real"":0.7836362789697036,""imag"":0.2143262143529386,""abs"":0.812417099694698},{""real"":0.7836362789697036,""imag"":-0.2143262143529386,""abs"":0.812417099694698},{""real"":0.9819947012179175,""imag"":0.09028764512045333,""abs"":0.986136629520202},{""real"":0.9819947012179175,""imag"":-0.09028764512045333,""abs"":0.986136629520202},{""real"":0.8807456321241701,""imag"":0.0,""abs"":0.8807456321241701},{""real"":0.9189069657438503,""imag"":0.049096493918528585,""abs"":0.9202176250255489},{""real"":0.9189069657438503,""imag"":-0.049096493918528585,""abs"":0.9202176250255489},{""real"":0.931404162907798,""imag"":0.0,""abs"":0.931404162907798},{""real"":0.9745788666549108,""imag"":0.0,""abs"":0.9745788666549108},{""real"":0.9688501986048242,""imag"":0.0,""abs"":0.9688501986048242},{""real"":0.914670774383525,""imag"":0.0442880170384386,""abs"":0.9157423513000555},{""real"":0.914670774383525,""imag"":-0.0442880170384386,""abs"":0.9157423513000555}]",True,0.9861366295202021,1.7380677363653037e-11,False,True,1.1177304329543132,0.12295416160940996,0.11438593342904334,0.15183331444014708,0.04764741852975159
2,20.0,4.0,20.0,3.0,1.0,"[20.0,4.0,8.0,2.0,4.0,1.0,20.0,20.0,20.0,20.0,20.0,3.0,3.0,3.0,3.0,3.0]",[[1.0]],"[4.0967288722735535,5.733731107698003,7.589810972620153e-15,-2.8928144016534127e-17,25.533043341378956,6.189338737012966,-7.281937243350542,1.1815783925245753,3.3553356987364547,2.7284539635607845,1.4544320003160862,3.6583434742270846,2.9011953531141104,2.1255333527220683,1.3871058580980773,0.7046732155540748]","[{""real"":0.20180172106341282,""imag"":0.0,""abs"":0.20180172106341282},{""real"":0.01656770315247305,""imag"":0.0,""abs"":0.01656770315247305},{""real"":0.00741787056554448,""imag"":0.0,""abs"":0.00741787056554448},{""real"":0.006183726331752685,""imag"":0.0,""abs"":0.006183726331752685},{""real"":0.7882361852349815,""imag"":0.21726716033957427,""abs"":0.8176315201090393},{""real"":0.7882361852349815,""imag"":-0.21726716033957427,""abs"":0.8176315201090393},{""real"":0.9827327597924065,""imag"":0.08751871104716388,""abs"":0.9866221171008466},{""real"":0.9827327597924065,""imag"":-0.08751871104716388,""abs"":0.9866221171008466},{""real"":0.8792599882180738,""imag"":0.0,""abs"":0.8792599882180738},{""real"":0.9300596154029285,""imag"":0.04505648592502518,""abs"":0.9311503504415145},{""real"":0.9300596154029285,""imag"":-0.04505648592502518,""abs"":0.9311503504415145},{""real"":0.9318388497837362,""imag"":0.0,""abs"":0.9318388497837362},{""real"":0.9745807968639351,""imag"":0.0,""abs"":0.9745807968639351},{""real"":0.9688502093920307,""imag"":0.0,""abs"":0.9688502093920307},{""real"":0.9146707743835242,""imag"":0.044288017038438494,""abs"":0.9157423513000548},{""real"":0.9146707743835242,""imag"":-0.044288017038438494,""abs"":0.9157423513000548}]",True,0.9866221171008466,3.785575192560231e-11,False,True,1.124723032290425,0.13938456529558876,0.13535312426897567,0.13971625725774572,0.047625072810021526
3,20.0,4.0,20.0,12.0,0.5,"[20.0,4.0,8.0,2.0,4.0,1.0,20.0,20.0,20.0,20.0,20.0,12.0,12.0,12.0,12.0,12.0]",[[0.5]],"[5.497999266965675,7.297639310485044,-2.923436351681739e-14,-4.773899919966559e-15,32.308004336579195,7.378839641935017,-7.378052743353723,1.1281216131005434,3.389018219242363,2.748543451000104,1.4558669627426357,3.8584083863679735,2.9776009394432625,2.124398058675467,1.3557577902910651,0.6741004110031255]","[{""real"":0.19713413707428667,""imag"":0.0,""abs"":0.19713413707428667},{""real"":0.016596464003877626,""imag"":0.0,""abs"":0.016596464003877626},{""real"":0.007423129864705684,""imag"":0.0,""abs"":0.007423129864705684},{""real"":0.006184543359992582,""imag"":0.0,""abs"":0.006184543359992582},{""real"":0.7661762693990963,""imag"":0.20041568801108456,""abs"":0.7919548748453241},{""real"":0.7661762693990963,""imag"":-0.20041568801108456,""abs"":0.7919548748453241},{""real"":0.9813793814834826,""imag"":0.08896753543688256,""abs"":0.985403832325923},{""real"":0.9813793814834826,""imag"":-0.08896753543688256,""abs"":0.985403832325923},{""real"":0.8832527348382504,""imag"":0.0,""abs"":0.8832527348382504},{""real"":0.919770617176749,""imag"":0.04935827365918158,""abs"":0.9210940383046199},{""real"":0.919770617176749,""imag"":-0.04935827365918158,""abs"":0.9210940383046199},{""real"":0.9314139742302137,""imag"":0.0,""abs"":0.9314139742302137},{""real"":0.9745788671911569,""imag"":0.0,""abs"":0.9745788671911569},{""real"":0.9688501986159134,""imag"":0.0,""abs"":0.9688501986159134},{""real"":0.9146707743835252,""imag"":0.0442880170384381,""abs"":0.9157423513000557},{""real"":0.9146707743835252,""imag"":-0.0442880170384381,""abs"":0.9157423513000557}]",True,0.985403832325923,2.2623054642542956e-11,False,True,1.1165015833847565,0.131743111078983,0.12293754767407605,0.14751160614395017,0.047640220948426175
4,20.0,4.0,20.0,12.0,1.0,"[20.0,4.0,8.0,2.0,4.0,1.0,20.0,20.0,20.0,20.0,20.0,12.0,12.0,12.0,12.0,12.0]",[[1.0]],"[4.024584001920271,5.724304998691066,-2.502281469299593e-14,-4.1132411676375016e-15,26.177789480573146,6.668726880447404,-7.697790374078475,0.75553257242256,2.975335865735854,2.4420100776739617,1.2989578038241847,3.8053137248416693,2.9818761245901726,2.1612363607752973,1.3986036576140883,0.705131730879186]","[{""real"":0.19983910783232933,""imag"":0.0,""abs"":0.19983910783232933},{""real"":0.016580082344557347,""imag"":0.0,""abs"":0.016580082344557347},{""real"":0.007420127477222656,""imag"":0.0,""abs"":0.007420127477222656},{""real"":0.006184077866615528,""imag"":0.0,""abs"":0.006184077866615528},{""real"":0.7784251337753882,""imag"":0.21003415243368628,""abs"":0.8062630055272089},{""real"":0.7784251337753882,""imag"":-0.21003415243368628,""abs"":0.8062630055272089},{""real"":0.982294832660727,""imag"":0.08670594736560275,""abs"":0.9861141209720772},{""real"":0.982294832660727,""imag"":-0.08670594736560275,""abs"":0.9861141209720772},{""real"":0.880651910099003,""imag"":0.0,""abs"":0.880651910099003},{""real"":0.9303255600347761,""imag"":0.04508358410536642,""abs"":0.9314172948844173},{""real"":0.9303255600347761,""imag"":-0.04508358410536642,""abs"":0.9314172948844173},{""real"":0.9318472755400969,""imag"":0.0,""abs"":0.9318472755400969},{""real"":0.9745807973988314,""imag"":0.0,""abs"":0.9745807973988314},{""real"":0.9688502094030637,""imag"":0.0,""abs"":0.9688502094030637},{""real"":0.9146707743835243,""imag"":0.044288017038438356,""abs"":0.9157423513000549},{""real"":0.9146707743835243,""imag"":-0.044288017038438356,""abs"":0.9157423513000549}]",True,0.9861141209720771,6.21843791326116e-11,False,True,1.1291935906350181,0.14517488573330137,0.14103395234182575,0.13817151619234208,0.0476108084754001
5,20.0,4.0,80.0,3.0,0.5,"[20.0,4.0,8.0,2.0,4.0,1.0,80.0,80.0,80.0,80.0,80.0,3.0,3.0,3.0,3.0,3.0]",[[0.5]],"[5.64475341768373,7.467869999745508,-3.990718704955103e-14,-2.9656550725735998e-15,33.11295713410107,7.3713697915821035,-6.5477061930319245,1.933590485025358,4.150531902804243,3.362180429480221,1.7934137960015548,4.225463021171147,3.3231611585842327,2.416744934588547,1.5671245283851551,0.7908484046652797]","[{""real"":0.20107338073003697,""imag"":0.0,""abs"":0.20107338073003697},{""real"":0.01657155351007193,""imag"":0.0,""abs"":0.01657155351007193},{""real"":0.007418601574709745,""imag"":0.0,""abs"":0.007418601574709745},{""real"":0.006183840359834022,""imag"":0.0,""abs"":0.006183840359834022},{""real"":0.7809237116496524,""imag"":0.21648620315856432,""abs"":0.8103752955110863},{""real"":0.7809237116496524,""imag"":-0.21648620315856432,""abs"":0.8103752955110863},{""real"":0.9802192197877377,""imag"":0.08819627388417725,""abs"":0.9841789987437926},{""real"":0.9802192197877377,""imag"":-0.08819627388417725,""abs"":0.9841789987437926},{""real"":0.8778369223907877,""imag"":0.0,""abs"":0.8778369223907877},{""real"":0.918864673155776,""imag"":0.0475062714466722,""abs"":0.9200919157347466},{""real"":0.918864673155776,""imag"":-0.0475062714466722,""abs"":0.9200919157347466},{""real"":0.9313711564957655,""imag"":0.0,""abs"":0.9313711564957655},{""real"":0.9745788582547745,""imag"":0.0,""abs"":0.9745788582547745},{""real"":0.9688501985434174,""imag"":0.0,""abs"":0.9688501985434174},{""real"":0.914670774383525,""imag"":0.044288017038439174,""abs"":0.9157423513000555},{""real"":0.914670774383525,""imag"":-0.044288017038439174,""abs"":0.9157423513000555}]",True,0.9841789987437926,1.302593181125852e-10,False,True,1.119775199300985,0.1316776845528685,0.12110894580608397,0.1451311914239248,0.04730064157333583
6,20.0,4.0,80.0,3.0,1.0,"[20.0,4.0,8.0,2.0,4.0,1.0,80.0,80.0,80.0,80.0,80.0,3.0,3.0,3.0,3.0,3.0]",[[1.0]],"[4.081265594511445,5.803500466006838,-3.245785824139671e-14,-6.183360773653324e-16,26.664758858530238,6.723950066356826,-7.275445198608798,1.1605723737734148,3.3624458899406093,2.7597338676862835,1.4750544295595156,4.064889020722502,3.219188624290144,2.358568769859421,1.5401977811874232,0.7830706275859372]","[{""real"":0.2018216490495313,""imag"":0.0,""abs"":0.2018216490495313},{""real"":0.01656767992908798,""imag"":0.0,""abs"":0.01656767992908798},{""real"":0.007417865426740571,""imag"":0.0,""abs"":0.007417865426740571},{""real"":0.006183725504881494,""imag"":0.0,""abs"":0.006183725504881494},{""real"":0.786771307426555,""imag"":0.2184235193530119,""abs"":0.8165279689001756},{""real"":0.786771307426555,""imag"":-0.2184235193530119,""abs"":0.8165279689001756},{""real"":0.981432813009247,""imag"":0.08617970925115961,""abs"":0.9852092715448114},{""real"":0.981432813009247,""imag"":-0.08617970925115961,""abs"":0.9852092715448114},{""real"":0.8777588990691246,""imag"":0.0,""abs"":0.8777588990691246},{""real"":0.9299240418578951,""imag"":0.04445510792532462,""abs"":0.9309860258059605},{""real"":0.9299240418578951,""imag"":-0.04445510792532462,""abs"":0.9309860258059605},{""real"":0.9318100081207742,""imag"":0.0,""abs"":0.9318100081207742},{""real"":0.9745807884798967,""imag"":0.0,""abs"":0.9745807884798967},{""real"":0.9688502093308001,""imag"":0.0,""abs"":0.9688502093308001},{""real"":0.9146707743835251,""imag"":0.04428801703843783,""abs"":0.9157423513000555},{""real"":0.9146707743835251,""imag"":-0.04428801703843783,""abs"":0.9157423513000555}]",True,0.9852092715448113,7.642887265033758e-11,False,True,1.1315096748262865,0.1459121688717189,0.14030992971401568,0.1369046009483282,0.04737757837857799
7,20.0,4.0,80.0,12.0,0.5,"[20.0,4.0,8.0,2.0,4.0,1.0,80.0,80.0,80.0,80.0,80.0,12.0,12.0,12.0,12.0,12.0]",[[0.5]],"[5.469775057835417,7.411225540051104,-3.270316361547078e-14,-5.702453790321159e-15,34.079069162704194,8.151269071830823,-7.30911667043159,1.1481100439857144,3.4205945880449415,2.80037351429853,1.4882641601911946,4.457849482925087,3.448844436661614,2.4713558521220875,1.584667541845156,0.791858171160085]","[{""real"":0.19717239303184847,""imag"":0.0,""abs"":0.19717239303184847},{""real"":0.016596416806595928,""imag"":0.0,""abs"":0.016596416806595928},{""real"":0.007423119547216222,""imag"":0.0,""abs"":0.007423119547216222},{""real"":0.006184541715832014,""imag"":0.0,""abs"":0.006184541715832014},{""real"":0.7641872000784002,""imag"":0.2023733550479154,""abs"":0.7905296019739011},{""real"":0.7641872000784002,""imag"":-0.2023733550479154,""abs"":0.7905296019739011},{""real"":0.9799196416288599,""imag"":0.08713783650421683,""abs"":0.9837863114521714},{""real"":0.9799196416288599,""imag"":-0.08713783650421683,""abs"":0.9837863114521714},{""real"":0.8805506101436041,""imag"":0.0,""abs"":0.8805506101436041},{""real"":0.9196212629328779,""imag"":0.047863148729051896,""abs"":0.9208659773520361},{""real"":0.9196212629328779,""imag"":-0.047863148729051896,""abs"":0.9208659773520361},{""real"":0.9313808660660854,""imag"":0.0,""abs"":0.9313808660660854},{""real"":0.9745788587910179,""imag"":0.0,""abs"":0.9745788587910179},{""real"":0.9688501985545068,""imag"":0.0,""abs"":0.9688501985545068},{""real"":0.9146707743835247,""imag"":0.04428801703843878,""abs"":0.9157423513000552},{""real"":0.9146707743835247,""imag"":-0.04428801703843878,""abs"":0.9157423513000552}]",True,0.9837863114521714,3.31529354888454e-11,False,True,1.1207395939332112,0.1393885982410072,0.12881738447433308,0.1425715072849899,0.047350338062125415
8,20.0,4.0,80.0,12.0,1.0,"[20.0,4.0,8.0,2.0,4.0,1.0,80.0,80.0,80.0,80.0,80.0,12.0,12.0,12.0,12.0,12.0]",[[1.0]],"[4.0110314723705365,5.7860528907969755,-2.399554653011005e-14,-3.8241992238303814e-15,27.19516885617874,7.1622005464022385,-7.716637085359769,0.7120235041492131,2.961865980782586,2.457110123782136,1.3109108550625659,4.184222853209096,3.2788042455198285,2.3792784894763437,1.5421238073053103,0.7787761052163418]","[{""real"":0.19985869650748955,""imag"":0.0,""abs"":0.19985869650748955},{""real"":0.016580058961274503,""imag"":0.0,""abs"":0.016580058961274503},{""real"":0.007420122329962065,""imag"":0.0,""abs"":0.007420122329962065},{""real"":0.00618407704182169,""imag"":0.0,""abs"":0.00618407704182169},{""real"":0.777192250016566,""imag"":0.21112564488578,""abs"":0.8053582006872774},{""real"":0.777192250016566,""imag"":-0.21112564488578,""abs"":0.8053582006872774},{""real"":0.9811508409815068,""imag"":0.08547100882977235,""abs"":0.9848666235125938},{""real"":0.9811508409815068,""imag"":-0.08547100882977235,""abs"":0.9848666235125938},{""real"":0.8791921090346487,""imag"":0.0,""abs"":0.8791921090346487},{""real"":0.9301790309562643,""imag"":0.04450031917516797,""abs"":0.9312428834828359},{""real"":0.9301790309562643,""imag"":-0.04450031917516797,""abs"":0.9312428834828359},{""real"":0.931818367335562,""imag"":0.0,""abs"":0.931818367335562},{""real"":0.9745807890147902,""imag"":0.0,""abs"":0.9745807890147902},{""real"":0.9688502093418322,""imag"":0.0,""abs"":0.9688502093418322},{""real"":0.914670774383525,""imag"":0.044288017038438356,""abs"":0.9157423513000555},{""real"":0.914670774383525,""imag"":-0.044288017038438356,""abs"":0.9157423513000555}]",True,0.9848666235125938,3.118380848262494e-11,False,True,1.1361172960785075,0.15115993622426518,0.14558544073106494,0.13586593688992799,0.04739002697898015
9,20.0,8.0,20.0,3.0,0.5,"[20.0,8.0,8.0,2.0,4.0,1.0,20.0,20.0,20.0,20.0,20.0,3.0,3.0,3.0,3.0,3.0]",[[0.5]],"[5.66112033114094,7.837261411811559,-2.3248194878032463e-16,5.506517506110036e-16,32.301708034974595,6.40583527356382,-6.645787383911053,1.9149629768778191,4.160822982379739,3.3524062157596295,1.7841455539738462,3.4061775356915254,2.6775753625009364,1.9396841651305454,1.2510952306813816,0.6274946797896849]","[{""real"":0.20103629478365606,""imag"":0.0,""abs"":0.20103629478365606},{""real"":0.016571608969808214,""imag"":0.0,""abs"":0.016571608969808214},{""real"":0.007418612378393375,""imag"":0.0,""abs"":0.007418612378393375},{""real"":0.0061838421040212406,""imag"":0.0,""abs"":0.0061838421040212406},{""real"":0.7841732469115399,""imag"":0.21546572034128722,""abs"":0.8132362250994336},{""real"":0.7841732469115399,""imag"":-0.21546572034128722,""abs"":0.8132362250994336},{""real"":0.9819397021309202,""imag"":0.09205880206057518,""abs"":0.9862456091956954},{""real"":0.9819397021309202,""imag"":-0.09205880206057518,""abs"":0.9862456091956954},{""real"":0.9040595162237903,""imag"":0.037335016856078936,""abs"":0.9048301013772904},{""real"":0.9040595162237903,""imag"":-0.037335016856078936,""abs"":0.9048301013772904},{""real"":0.9022268766434697,""imag"":0.0,""abs"":0.9022268766434697},{""real"":0.9320921705609332,""imag"":0.0,""abs"":0.9320921705609332},{""real"":0.9745789813401682,""imag"":0.0,""abs"":0.9745789813401682},{""real"":0.9688501996376045,""imag"":0.0,""abs"":0.9688501996376045},{""real"":0.9146707743835247,""imag"":0.044288017038439105,""abs"":0.9157423513000552},{""real"":0.9146707743835247,""imag"":-0.044288017038439105,""abs"":0.9157423513000552}]",True,0.9862456091956955,3.5013948121667704e-11,False,True,1.1295550475841811,0.12143378683638151,0.11683040785463017,0.15532459445373356,0.047249396651908276
10,20.0,8.0,20.0,3.0,1.0,"[20.0,8.0,8.0,2.0,4.0,1.0,20.0,20.0,20.0,20.0,20.0,3.0,3.0,3.0,3.0,3.0]",[[1.0]],"[4.0858974039217655,6.089044544072408,6.365580305956642e-15,-3.036538470588598e-16,26.68267622563873,6.177266751719181,-7.1178793165268095,1.3572552661913853,3.5353331835909656,2.8661859793245905,1.5274488695284856,3.590782380348256,2.845977335995657,2.0828298300514683,1.3574845495706285,0.6885898804384825]","[{""real"":0.2018030036998367,""imag"":0.0,""abs"":0.2018030036998367},{""real"":0.016567707600279123,""imag"":0.0,""abs"":0.016567707600279123},{""real"":0.007417870825567978,""imag"":0.0,""abs"":0.007417870825567978},{""real"":0.0061837263776769015,""imag"":0.0,""abs"":0.0061837263776769015},{""real"":0.7884904816665724,""imag"":0.21787918983819365,""abs"":0.8180394740129177},{""real"":0.7884904816665724,""imag"":-0.21787918983819365,""abs"":0.8180394740129177},{""real"":0.9823934765020679,""imag"":0.08914175257810183,""abs"":0.9864295183775242},{""real"":0.9823934765020679,""imag"":-0.08914175257810183,""abs"":0.9864295183775242},{""real"":0.8868857264911063,""imag"":0.0,""abs"":0.8868857264911063},{""real"":0.9233291315790908,""imag"":0.03593635096141902,""abs"":0.924028195751093},{""real"":0.9233291315790908,""imag"":-0.03593635096141902,""abs"":0.924028195751093},{""real"":0.9325956980793262,""imag"":0.0,""abs"":0.9325956980793262},{""real"":0.9745810251510577,""imag"":0.0,""abs"":0.9745810251510577},{""real"":0.9688502114339392,""imag"":0.0,""abs"":0.9688502114339392},{""real"":0.9146707743835248,""imag"":0.0442880170384392,""abs"":0.9157423513000554},{""real"":0.9146707743835248,""imag"":-0.0442880170384392,""abs"":0.9157423513000554}]",True,0.9864295183775242,8.71522845620248e-11,False,True,1.1305001521531826,0.13809793195500625,0.13820234233368303,0.14103968368294445,0.047208267922784666
11,20.0,8.0,20.0,12.0,0.5,"[20.0,8.0,8.0,2.0,4.0,1.0,20.0,20.0,20.0,20.0,20.0,12.0,12.0,12.0,12.0,12.0]",[[0.5]],"[5.481526016452778,7.781409192964974,-4.7745057515570855e-15,6.451934844623925e-16,33.617122079590914,7.292034321988828,-7.275153998869356,1.2479863337087262,3.522430681033847,2.853881003312478,1.5119811166017847,3.7184358377381805,2.865533759098725,2.0396522891320377,1.2982449270001295,0.6435723795078951]","[{""real"":0.1971364816673004,""imag"":0.0,""abs"":0.1971364816673004},{""real"":0.016596472976663345,""imag"":0.0,""abs"":0.016596472976663345},{""real"":0.007423130384321009,""imag"":0.0,""abs"":0.007423130384321009},{""real"":0.006184543451035567,""imag"":0.0,""abs"":0.006184543451035567},{""real"":0.7668919772857898,""imag"":0.20123139769936424,""abs"":0.7928539463516266},{""real"":0.7668919772857898,""imag"":-0.20123139769936424,""abs"":0.7928539463516266},{""real"":0.9812893676768428,""imag"":0.09079012550538333,""abs"":0.9854804259877014},{""real"":0.9812893676768428,""imag"":-0.09079012550538333,""abs"":0.9854804259877014},{""real"":0.9053946067973674,""imag"":0.038908065462897504,""abs"":0.9062302309986269},{""real"":0.9053946067973674,""imag"":-0.038908065462897504,""abs"":0.9062302309986269},{""real"":0.9041187260298572,""imag"":0.0,""abs"":0.9041187260298572},{""real"":0.9321122599581797,""imag"":0.0,""abs"":0.9321122599581797},{""real"":0.9745789819081376,""imag"":0.0,""abs"":0.9745789819081376},{""real"":0.968850199649746,""imag"":0.0,""abs"":0.968850199649746},{""real"":0.9146707743835245,""imag"":0.04428801703843859,""abs"":0.915742351300055},{""real"":0.9146707743835245,""imag"":-0.04428801703843859,""abs"":0.915742351300055}]",True,0.9854804259877014,3.189496562394389e-11,False,True,1.1251928101347584,0.13000325724347508,0.12540576212562243,0.15017724365627164,0.04724000732214108
12,20.0,8.0,20.0,12.0,1.0,"[20.0,8.0,8.0,2.0,4.0,1.0,20.0,20.0,20.0,20.0,20.0,12.0,12.0,12.0,12.0,12.0]",[[1.0]],"[4.014483117591218,6.070136008983404,-3.3372222008964416e-15,4.271177628216183e-16,27.33365967755224,6.661026187610744,-7.516820065331128,0.9458009867437089,3.163217778151688,2.5835481252641244,1.3737929278064633,3.745431446619002,2.9332413995308433,2.1237779652456563,1.3726855397785978,0.6910852989180178]","[{""real"":0.19984034309795903,""imag"":0.0,""abs"":0.19984034309795903},{""real"":0.016580086808706047,""imag"":0.0,""abs"":0.016580086808706047},{""real"":0.007420127737149071,""imag"":0.0,""abs"":0.007420127737149071},{""real"":0.006184077912365832,""imag"":0.0,""abs"":0.006184077912365832},{""real"":0.7787393391801665,""imag"":0.21055170074541021,""abs"":0.8067012935861372},{""real"":0.7787393391801665,""imag"":-0.21055170074541021,""abs"":0.8067012935861372},{""real"":0.981955866506927,""imag"":0.08835096441597798,""abs"":0.9859225206275609},{""real"":0.981955866506927,""imag"":-0.08835096441597798,""abs"":0.9859225206275609},{""real"":0.8885172626152262,""imag"":0.0,""abs"":0.8885172626152262},{""real"":0.9235440049177845,""imag"":0.036218364768534565,""abs"":0.9242539147691436},{""real"":0.9235440049177845,""imag"":-0.036218364768534565,""abs"":0.9242539147691436},{""real"":0.9326103845555276,""imag"":0.0,""abs"":0.9326103845555276},{""real"":0.9745810257174999,""imag"":0.0,""abs"":0.9745810257174999},{""real"":0.9688502114460122,""imag"":0.0,""abs"":0.9688502114460122},{""real"":0.9146707743835244,""imag"":0.044288017038438925,""abs"":0.915742351300055},{""real"":0.9146707743835244,""imag"":-0.044288017038438925,""abs"":0.915742351300055}]",True,0.9859225206275608,1.629996087779614e-10,False,True,1.1335347404300484,0.143721861080844,0.14389881075161085,0.13910521705603807,0.04720177484121914
13,20.0,8.0,80.0,3.0,0.5,"[20.0,8.0,8.0,2.0,4.0,1.0,80.0,80.0,80.0,80.0,80.0,3.0,3.0,3.0,3.0,3.0]",[[0.5]],"[5.6275717222357775,7.959666044273121,-4.4646721493156554e-14,-2.997487555417239e-15,34.37013650529741,7.26174763342004,-6.456668010027484,2.043875500963737,4.276133155025941,3.461044218154637,1.8458645301124301,4.062438997006995,3.192216070299543,2.3175015225700135,1.4996802035252432,0.7550213054961435]","[{""real"":0.20107591233007455,""imag"":0.0,""abs"":0.20107591233007455},{""real"":0.016571562416897095,""imag"":0.0,""abs"":0.016571562416897095},{""real"":0.007418602094719734,""imag"":0.0,""abs"":0.007418602094719734},{""real"":0.0061838404515730935,""imag"":0.0,""abs"":0.0061838404515730935},{""real"":0.7814098496525712,""imag"":0.21755148923883763,""abs"":0.811128845254618},{""real"":0.7814098496525712,""imag"":-0.21755148923883763,""abs"":0.811128845254618},{""real"":0.9801903467857268,""imag"":0.0901371542983365,""abs"":0.9843260753007235},{""real"":0.9801903467857268,""imag"":-0.0901371542983365,""abs"":0.9843260753007235},{""real"":0.9049264101622537,""imag"":0.034180703414263956,""abs"":0.9055717135020491},{""real"":0.9049264101622537,""imag"":-0.034180703414263956,""abs"":0.9055717135020491},{""real"":0.8981233397277962,""imag"":0.0,""abs"":0.8981233397277962},{""real"":0.932022971416754,""imag"":0.0,""abs"":0.932022971416754},{""real"":0.9745789724427583,""imag"":0.0,""abs"":0.9745789724427583},{""real"":0.9688501995703599,""imag"":0.0,""abs"":0.9688501995703599},{""real"":0.9146707743835244,""imag"":0.0442880170384383,""abs"":0.915742351300055},{""real"":0.9146707743835244,""imag"":-0.0442880170384383,""abs"":0.915742351300055}]",True,0.9843260753007234,7.338869102028317e-11,False,True,1.128759928318779,0.12965239380931662,0.12337545467170348,0.14768314916916658,0.04694236205972889
14,20.0,8.0,80.0,3.0,1.0,"[20.0,8.0,8.0,2.0,4.0,1.0,80.0,80.0,80.0,80.0,80.0,3.0,3.0,3.0,3.0,3.0]",[[1.0]],"[4.071087334701084,6.151115830021358,-3.2096629006129075e-14,-8.402216394403758e-16,27.789042691223873,6.700328209496192,-7.0959454237429735,1.350537230762378,3.5498879930276908,2.900273602356479,1.5492005444869041,3.990228136188313,3.158584419559982,2.312017594641942,1.5081084292571711,0.7657596517593609]","[{""real"":0.2018229322966694,""imag"":0.0,""abs"":0.2018229322966694},{""real"":0.01656768437684821,""imag"":0.0,""abs"":0.01656768437684821},{""real"":0.007417865686763711,""imag"":0.0,""abs"":0.007417865686763711},{""real"":0.006183725550805629,""imag"":0.0,""abs"":0.006183725550805629},{""real"":0.787011568217408,""imag"":0.21901334765874816,""abs"":0.8169174101221711},{""real"":0.787011568217408,""imag"":-0.21901334765874816,""abs"":0.8169174101221711},{""real"":0.9811462577367311,""imag"":0.0878898893925256,""abs"":0.9850749269615091},{""real"":0.9811462577367311,""imag"":-0.0878898893925256,""abs"":0.9850749269615091},{""real"":0.884851025147393,""imag"":0.0,""abs"":0.884851025147393},{""real"":0.9235823347047283,""imag"":0.03520508939351101,""abs"":0.9242530645325672},{""real"":0.9235823347047283,""imag"":-0.03520508939351101,""abs"":0.9242530645325672},{""real"":0.9325441030142471,""imag"":0.0,""abs"":0.9325441030142471},{""real"":0.974581016271883,""imag"":0.0,""abs"":0.974581016271883},{""real"":0.9688502113669053,""imag"":0.0,""abs"":0.9688502113669053},{""real"":0.914670774383525,""imag"":0.04428801703843882,""abs"":0.9157423513000555},{""real"":0.914670774383525,""imag"":-0.04428801703843882,""abs"":0.9157423513000555}]",True,0.9850749269615092,2.8473069398360834e-10,False,True,1.1356700176302574,0.14419405248255546,0.1430077923174447,0.13776167219105154,0.0470000965717692
15,20.0,8.0,80.0,12.0,0.5,"[20.0,8.0,8.0,2.0,4.0,1.0,80.0,80.0,80.0,80.0,80.0,12.0,12.0,12.0,12.0,12.0]",[[0.5]],"[5.454501153488695,7.88271085495528,-3.5270599923185105e-15,9.441001118103668e-16,35.36553704379211,8.051155923526153,-7.1705458260321775,1.3016072205869744,3.5761441212507155,2.9178377071204,1.5502287769045655,4.310208251749806,3.33103268518584,2.3825598953856955,1.5245881261807355,0.7600715014147424]","[{""real"":0.19717473982931316,""imag"":0.0,""abs"":0.19717473982931316},{""real"":0.016596425779195265,""imag"":0.0,""abs"":0.016596425779195265},{""real"":0.007423120066830904,""imag"":0.0,""abs"":0.007423120066830904},{""real"":0.006184541806876632,""imag"":0.0,""abs"":0.006184541806876632},{""real"":0.7648498344652406,""imag"":0.20315659322231475,""abs"":0.7913708805934186},{""real"":0.7648498344652406,""imag"":-0.20315659322231475,""abs"":0.7913708805934186},{""real"":0.9798392791115993,""imag"":0.08909701943062667,""abs"":0.9838817468381859},{""real"":0.9798392791115993,""imag"":-0.08909701943062667,""abs"":0.9838817468381859},{""real"":0.9057969293413846,""imag"":0.03601874933887619,""abs"":0.9065127839739592},{""real"":0.9057969293413846,""imag"":-0.03601874933887619,""abs"":0.9065127839739592},{""real"":0.9008413010736038,""imag"":0.0,""abs"":0.9008413010736038},{""real"":0.9320428326629155,""imag"":0.0,""abs"":0.9320428326629155},{""real"":0.9745789730107252,""imag"":0.0,""abs"":0.9745789730107252},{""real"":0.9688501995825006,""imag"":0.0,""abs"":0.9688501995825006},{""real"":0.9146707743835245,""imag"":0.044288017038438834,""abs"":0.915742351300055},{""real"":0.9146707743835245,""imag"":-0.044288017038438834,""abs"":0.915742351300055}]",True,0.9838817468381859,3.161345168950199e-11,False,True,1.1271118821533288,0.13721131285187552,0.13114004721652664,0.14449309724703427,0.04698581873861817
16,20.0,8.0,80.0,12.0,1.0,"[20.0,8.0,8.0,2.0,4.0,1.0,80.0,80.0,80.0,80.0,80.0,12.0,12.0,12.0,12.0,12.0]",[[1.0]],"[4.001473129888364,6.1252560839657155,-3.327056119794754e-15,3.2102877175537293e-16,28.329554209748697,7.144583852706945,-7.521148078440438,0.9157721563721763,3.157126129783618,2.60173658483792,1.3870658443746384,4.118155672345512,3.225459523819484,2.3384410218758607,1.5140289721836224,0.7636417412262072]","[{""real"":0.19985993235803584,""imag"":0.0,""abs"":0.19985993235803584},{""real"":0.016580063425377222,""imag"":0.0,""abs"":0.016580063425377222},{""real"":0.0074201225898880094,""imag"":0.0,""abs"":0.0074201225898880094},{""real"":0.006184077087571874,""imag"":0.0,""abs"":0.006184077087571874},{""real"":0.7774914983925398,""imag"":0.21162838013519503,""abs"":0.8057788786952184},{""real"":0.7774914983925398,""imag"":-0.21162838013519503,""abs"":0.8057788786952184},{""real"":0.9808522704822027,""imag"":0.08719306517183165,""abs"":0.9847201669124845},{""real"":0.9808522704822027,""imag"":-0.08719306517183165,""abs"":0.9847201669124845},{""real"":0.8865517146353755,""imag"":0.0,""abs"":0.8865517146353755},{""real"":0.9237624963122366,""imag"":0.03548649927981856,""abs"":0.9244438550956741},{""real"":0.9237624963122366,""imag"":-0.03548649927981856,""abs"":0.9244438550956741},{""real"":0.9325586656378174,""imag"":0.0,""abs"":0.9325586656378174},{""real"":0.974581016838325,""imag"":0.0,""abs"":0.974581016838325},{""real"":0.9688502113789779,""imag"":0.0,""abs"":0.9688502113789779},{""real"":0.9146707743835248,""imag"":0.04428801703843764,""abs"":0.9157423513000553},{""real"":0.9146707743835248,""imag"":-0.04428801703843764,""abs"":0.9157423513000553}]",True,0.9847201669124844,1.0798374946340339e-10,False,True,1.139075685136947,0.1493208015445157,0.14831703276979424,0.13640379067867098,0.047015973039783755
17,40.0,4.0,20.0,3.0,0.5,"[40.0,4.0,8.0,2.0,4.0,1.0,20.0,20.0,20.0,20.0,20.0,3.0,3.0,3.0,3.0,3.0]",[[0.5]],"[7.959214240621028,8.89497210284427,-2.4920305007473797e-15,4.341593644322791e-16,35.04536546847688,6.242159774920284,-6.248569473635982,2.3798813612278678,4.650366225906744,3.724577796449398,1.9812767557350632,3.135932885869816,2.4634699324001708,1.779528046233678,1.1433054757741437,0.5706811096122341]","[{""real"":0.20103375175853505,""imag"":0.0,""abs"":0.20103375175853505},{""real"":0.016571600050217773,""imag"":0.0,""abs"":0.016571600050217773},{""real"":0.007418611857781152,""imag"":0.0,""abs"":0.007418611857781152},{""real"":0.006183842012181756,""imag"":0.0,""abs"":0.006183842012181756},{""real"":0.7837716469584668,""imag"":0.21429755631156494,""abs"":0.812540114220274},{""real"":0.7837716469584668,""imag"":-0.21429755631156494,""abs"":0.812540114220274},{""real"":0.982489358968487,""imag"":0.09253624161793042,""abs"":0.9868375228471405},{""real"":0.982489358968487,""imag"":-0.09253624161793042,""abs"":0.9868375228471405},{""real"":0.8744285365363431,""imag"":0.0,""abs"":0.8744285365363431},{""real"":0.9124653586091065,""imag"":0.06090656167622643,""abs"":0.9144958392015052},{""real"":0.9124653586091065,""imag"":-0.06090656167622643,""abs"":0.9144958392015052},{""real"":0.9310123880245181,""imag"":0.0,""abs"":0.9310123880245181},{""real"":0.9745778731762015,""imag"":0.0,""abs"":0.9745778731762015},{""real"":0.9688501929468777,""imag"":0.0,""abs"":0.9688501929468777},{""real"":0.9146707743835246,""imag"":0.044288017038437835,""abs"":0.9157423513000551},{""real"":0.9146707743835246,""imag"":-0.044288017038437835,""abs"":0.9157423513000551}]",True,0.9868375228471404,8.930161450364532e-11,True,True,1.130281422232927,0.10390688130738518,0.09143199509430423,0.1710664643675336,0.04811450089136153
18,40.0,4.0,20.0,3.0,1.0,"[40.0,4.0,8.0,2.0,4.0,1.0,20.0,20.0,20.0,20.0,20.0,3.0,3.0,3.0,3.0,3.0]",[[1.0]],"[5.742851315962454,7.021579299270645,6.522967081896689e-15,-6.132201992865839e-17,29.482724898858606,6.1889022525700215,-6.6935416478395915,1.854374997264906,4.059132318042915,3.2633689490255593,1.7377447777231647,3.4710769937788197,2.7503200982883382,2.01019901758976,1.307625998277211,0.6616996105733074]","[{""real"":0.2018017140163779,""imag"":0.0,""abs"":0.2018017140163779},{""real"":0.01656770314619138,""imag"":0.0,""abs"":0.01656770314619138},{""real"":0.007417870565243681,""imag"":0.0,""abs"":0.007417870565243681},{""real"":0.0061837263317014645,""imag"":0.0,""abs"":0.0061837263317014645},{""real"":0.7883092620435896,""imag"":0.2172585747481585,""abs"":0.8176996887154294},{""real"":0.7883092620435896,""imag"":-0.2172585747481585,""abs"":0.8176996887154294},{""real"":0.9828516778513829,""imag"":0.08979408592987342,""abs"":0.9869449825209408},{""real"":0.9828516778513829,""imag"":-0.08979408592987342,""abs"":0.9869449825209408},{""real"":0.8757649639222169,""imag"":0.0,""abs"":0.8757649639222169},{""real"":0.9231108790403464,""imag"":0.05472870712698998,""abs"":0.924731813222857},{""real"":0.9231108790403464,""imag"":-0.05472870712698998,""abs"":0.924731813222857},{""real"":0.9312656432530192,""imag"":0.0,""abs"":0.9312656432530192},{""real"":0.974578815548831,""imag"":0.0,""abs"":0.974578815548831},{""real"":0.9688501981634836,""imag"":0.0,""abs"":0.9688501981634836},{""real"":0.9146707743835247,""imag"":0.04428801703843835,""abs"":0.9157423513000552},{""real"":0.9146707743835247,""imag"":-0.04428801703843835,""abs"":0.9157423513000552}]",True,0.9869449825209409,3.4502403751427207e-11,False,True,1.1124644204945104,0.11979775309565298,0.10953524816953542,0.1525175419744055,0.04804457337276634
19,40.0,4.0,20.0,12.0,0.5,"[40.0,4.0,8.0,2.0,4.0,1.0,20.0,20.0,20.0,20.0,20.0,12.0,12.0,12.0,12.0,12.0]",[[0.5]],"[7.705769687319006,8.88176916947328,-3.118027178545363e-14,-5.129700459842315e-15,36.62398842065774,7.137832401230201,-6.802403567524571,1.780202051911278,4.056411858498513,3.2532930475668818,1.7229703057229637,3.4576123882408645,2.6601078317290434,1.8866475824588012,1.1955961901691878,0.5896231738945463]","[{""real"":0.1971341245534935,""imag"":0.0,""abs"":0.1971341245534935},{""real"":0.016596463991187305,""imag"":0.0,""abs"":0.016596463991187305},{""real"":0.007423129864103994,""imag"":0.0,""abs"":0.007423129864103994},{""real"":0.006184543359891321,""imag"":0.0,""abs"":0.006184543359891321},{""real"":0.7662667612714704,""imag"":0.20034772117066382,""abs"":0.7920252261183015},{""real"":0.7662667612714704,""imag"":-0.20034772117066382,""abs"":0.7920252261183015},{""real"":0.9818956314878207,""imag"":0.09132934823727651,""abs"":0.9861339062137108},{""real"":0.9818956314878207,""imag"":-0.09132934823727651,""abs"":0.9861339062137108},{""real"":0.876545758269002,""imag"":0.0,""abs"":0.876545758269002},{""real"":0.913745047353444,""imag"":0.06092349089894622,""abs"":0.9157738166743258},{""real"":0.913745047353444,""imag"":-0.06092349089894622,""abs"":0.9157738166743258},{""real"":0.9310164902172918,""imag"":0.0,""abs"":0.9310164902172918},{""real"":0.974577873437377,""imag"":0.0,""abs"":0.974577873437377},{""real"":0.9688501929522055,""imag"":0.0,""abs"":0.9688501929522055},{""real"":0.9146707743835243,""imag"":0.044288017038437544,""abs"":0.9157423513000548},{""real"":0.9146707743835243,""imag"":-0.044288017038437544,""abs"":0.9157423513000548}]",True,0.9861339062137109,5.152663945174556e-11,False,True,1.1173982831562845,0.11141050880390299,0.09851407444255725,0.1645643104931033,0.04807483303784697
20,40.0,4.0,20.0,12.0,1.0,"[40.0,4.0,8.0,2.0,4.0,1.0,20.0,20.0,20.0,20.0,20.0,12.0,12.0,12.0,12.0,12.0]",[[1.0]],"[5.642326266118401,7.020173693232725,-2.868356360271976e-14,-4.259390216961421e-15,30.265109177534626,6.6812452955121975,-7.052672056744403,1.477052741950066,3.7072317422234633,2.9922616627424246,1.5898691624526955,3.634985007586169,2.845654160858055,2.0575764005237462,1.3273494819055167,0.6666708781624326]","[{""real"":0.19983910112564113,""imag"":0.0,""abs"":0.19983910112564113},{""real"":0.01658008233824864,""imag"":0.0,""abs"":0.01658008233824864},{""real"":0.007420127476921565,""imag"":0.0,""abs"":0.007420127476921565},{""real"":0.006184077866564835,""imag"":0.0,""abs"":0.006184077866564835},{""real"":0.7784864773565014,""imag"":0.21001148708119335,""abs"":0.8063163275867536},{""real"":0.7784864773565014,""imag"":-0.21001148708119335,""abs"":0.8063163275867536},{""real"":0.9824495741188559,""imag"":0.08903839074607411,""abs"":0.9864760517686032},{""real"":0.9824495741188559,""imag"":-0.08903839074607411,""abs"":0.9864760517686032},{""real"":0.8769923390611433,""imag"":0.0,""abs"":0.8769923390611433},{""real"":0.9235443565794188,""imag"":0.05468573547755963,""abs"":0.9251619902667934},{""real"":0.9235443565794188,""imag"":-0.05468573547755963,""abs"":0.9251619902667934},{""real"":0.9312694997123655,""imag"":0.0,""abs"":0.9312694997123655},{""real"":0.9745788158096865,""imag"":0.0,""abs"":0.9745788158096865},{""real"":0.9688501981687992,""imag"":0.0,""abs"":0.9688501981687992},{""real"":0.9146707743835248,""imag"":0.044288017038438494,""abs"":0.9157423513000554},{""real"":0.9146707743835248,""imag"":-0.044288017038438494,""abs"":0.9157423513000554}]",True,0.9864760517686032,1.438868423657877e-10,False,True,1.110996762865481,0.12478536424106924,0.11426764496868809,0.14997729380428043,0.04802430505349082
21,40.0,4.0,80.0,3.0,0.5,"[40.0,4.0,8.0,2.0,4.0,1.0,80.0,80.0,80.0,80.0,80.0,3.0,3.0,3.0,3.0,3.0]",[[0.5]],"[7.912111568850873,9.072415855993409,-4.306505058718178e-14,-2.9968331016695977e-15,37.33522462870234,7.027180698053758,-5.909910001414979,2.6537677399218333,4.873104930039331,3.9005315240124205,2.0769158350993115,3.728402571801384,2.928047162971311,2.120269480546706,1.3672435981790014,0.6854260459170306]","[{""real"":0.20107336688225758,""imag"":0.0,""abs"":0.20107336688225758},{""real"":0.016571553497490458,""imag"":0.0,""abs"":0.016571553497490458},{""real"":0.0074186015741082535,""imag"":0.0,""abs"":0.0074186015741082535},{""real"":0.006183840359732416,""imag"":0.0,""abs"":0.006183840359732416},{""real"":0.7810467353232178,""imag"":0.21646200710265523,""abs"":0.8104873862546946},{""real"":0.7810467353232178,""imag"":-0.21646200710265523,""abs"":0.8104873862546946},{""real"":0.9809100734971059,""imag"":0.09068977413600164,""abs"":0.9850935018671765},{""real"":0.9809100734971059,""imag"":-0.09068977413600164,""abs"":0.9850935018671765},{""real"":0.8722403305127793,""imag"":0.0,""abs"":0.8722403305127793},{""real"":0.9121476804046946,""imag"":0.05914231021099874,""abs"":0.9140630195586948},{""real"":0.9121476804046946,""imag"":-0.05914231021099874,""abs"":0.9140630195586948},{""real"":0.9309987386434213,""imag"":0.0,""abs"":0.9309987386434213},{""real"":0.9745778690862267,""imag"":0.0,""abs"":0.9745778690862267},{""real"":0.9688501929174059,""imag"":0.0,""abs"":0.9688501929174059},{""real"":0.9146707743835251,""imag"":0.04428801703843858,""abs"":0.9157423513000557},{""real"":0.9146707743835251,""imag"":-0.04428801703843858,""abs"":0.9157423513000557}]",True,0.9850935018671765,1.9282208826550365e-10,False,True,1.1214721848287157,0.1107230230851466,0.09669465418446854,0.16159327917954133,0.047728418806106426
22,40.0,4.0,80.0,3.0,1.0,"[40.0,4.0,8.0,2.0,4.0,1.0,80.0,80.0,80.0,80.0,80.0,3.0,3.0,3.0,3.0,3.0]",[[1.0]],"[5.72225950344757,7.109548659710986,-3.41838053310773e-14,-8.905859026018383e-16,30.70992293896716,6.676967772217386,-6.57997445645226,1.935086579461196,4.1362734579858635,3.3359154623278076,1.7787882058804079,3.83991180472306,3.0390178272730317,2.2217259885126794,1.4465344215084899,0.7328094443689523]","[{""real"":0.20182164199829397,""imag"":0.0,""abs"":0.20182164199829397},{""real"":0.0165676799228065,""imag"":0.0,""abs"":0.0165676799228065},{""real"":0.007417865426439789,""imag"":0.0,""abs"":0.007417865426439789},{""real"":0.0061837255048304675,""imag"":0.0,""abs"":0.0061837255048304675},{""real"":0.7868406346009762,""imag"":0.21841590155503104,""abs"":0.8165927322180647},{""real"":0.7868406346009762,""imag"":-0.21841590155503104,""abs"":0.8165927322180647},{""real"":0.9817203520187626,""imag"":0.0885883100832225,""abs"":0.9857092564500165},{""real"":0.9817203520187626,""imag"":-0.0885883100832225,""abs"":0.9857092564500165},{""real"":0.8745157440558017,""imag"":0.0,""abs"":0.8745157440558017},{""real"":0.9228652935588844,""imag"":0.05398982791485131,""abs"":0.9244432116543455},{""real"":0.9228652935588844,""imag"":-0.05398982791485131,""abs"":0.9244432116543455},{""real"":0.9312526830483021,""imag"":0.0,""abs"":0.9312526830483021},{""real"":0.9745788114626616,""imag"":0.0,""abs"":0.9745788114626616},{""real"":0.9688501981340534,""imag"":0.0,""abs"":0.9688501981340534},{""real"":0.9146707743835247,""imag"":0.04428801703843887,""abs"":0.9157423513000552},{""real"":0.9146707743835247,""imag"":-0.04428801703843887,""abs"":0.9157423513000552}]",True,0.9857092564500165,1.069288389272637e-10,False,True,1.112959156416427,0.1249060970052935,0.11340427362207982,0.1483932409115628,0.04779374677207656
23,40.0,4.0,80.0,12.0,0.5,"[40.0,4.0,8.0,2.0,4.0,1.0,80.0,80.0,80.0,80.0,80.0,12.0,12.0,12.0,12.0,12.0]",[[0.5]],"[7.667933003443102,9.027887561682777,-3.515445875718923e-14,-5.822274143316056e-15,38.56431183049324,7.840548050796696,-6.561299776129801,1.9656254885828033,4.207596991341924,3.378381734885426,1.792049348846527,3.9989249364486246,3.086090321508957,2.200330867388731,1.40253226763539,0.6960689652655666]","[{""real"":0.197172380496338,""imag"":0.0,""abs"":0.197172380496338},{""real"":0.016596416793905847,""imag"":0.0,""abs"":0.016596416793905847},{""real"":0.007423119546614552,""imag"":0.0,""abs"":0.007423119546614552},{""real"":0.006184541715730741,""imag"":0.0,""abs"":0.006184541715730741},{""real"":0.7642725133889898,""imag"":0.20231230440767434,""abs"":0.7905964477764033},{""real"":0.7642725133889898,""imag"":-0.20231230440767434,""abs"":0.7905964477764033},{""real"":0.980591675155661,""imag"":0.08970915711183751,""abs"":0.9846866335308416},{""real"":0.980591675155661,""imag"":-0.08970915711183751,""abs"":0.9846866335308416},{""real"":0.8745036952066791,""imag"":0.0,""abs"":0.8745036952066791},{""real"":0.9133286288807587,""imag"":0.05931528860605587,""abs"":0.9152526906792606},{""real"":0.9133286288807587,""imag"":-0.05931528860605587,""abs"":0.9152526906792606},{""real"":0.9310028193036526,""imag"":0.0,""abs"":0.9310028193036526},{""real"":0.9745778693474012,""imag"":0.0,""abs"":0.9745778693474012},{""real"":0.9688501929227344,""imag"":0.0,""abs"":0.9688501929227344},{""real"":0.9146707743835243,""imag"":0.04428801703843852,""abs"":0.9157423513000549},{""real"":0.9146707743835243,""imag"":-0.04428801703843852,""abs"":0.9157423513000549}]",True,0.9846866335308415,2.1072184446370807e-10,False,True,1.112772977867735,0.11743238360000081,0.10313007311527143,0.15745001197675434,0.047759388781483524
24,40.0,4.0,80.0,12.0,1.0,"[40.0,4.0,8.0,2.0,4.0,1.0,80.0,80.0,80.0,80.0,80.0,12.0,12.0,12.0,12.0,12.0]",[[1.0]],"[5.624253051769447,7.0981451734043555,-2.9643164304115716e-14,-4.3862375260178236e-15,31.371694499822564,7.134766766529369,-6.971000439343841,1.528945943074349,3.759821208015773,3.0465774071549547,1.6212806553243173,3.981527142818956,3.117454445659752,2.2571715499855576,1.4587040540141911,0.7340641775150251]","[{""real"":0.19985868979682722,""imag"":0.0,""abs"":0.19985868979682722},{""real"":0.016580058954965914,""imag"":0.0,""abs"":0.016580058954965914},{""real"":0.0074201223296612145,""imag"":0.0,""abs"":0.0074201223296612145},{""real"":0.006184077041770795,""imag"":0.0,""abs"":0.006184077041770795},{""real"":0.7772510412225223,""imag"":0.21110460696475158,""abs"":0.8054094214517467},{""real"":0.7772510412225223,""imag"":-0.21110460696475158,""abs"":0.8054094214517467},{""real"":0.981451161462799,""imag"":0.08792576613595235,""abs"":0.9853818156873362},{""real"":0.981451161462799,""imag"":-0.08792576613595235,""abs"":0.9853818156873362},{""real"":0.8757807758437619,""imag"":0.0,""abs"":0.8757807758437619},{""real"":0.9232868182251668,""imag"":0.0539800488365414,""abs"":0.9248634463426195},{""real"":0.9232868182251668,""imag"":-0.0539800488365414,""abs"":0.9248634463426195},{""real"":0.9312565220737253,""imag"":0.0,""abs"":0.9312565220737253},{""real"":0.9745788117235146,""imag"":0.0,""abs"":0.9745788117235146},{""real"":0.9688501981393686,""imag"":0.0,""abs"":0.9688501981393686},{""real"":0.9146707743835243,""imag"":0.04428801703843892,""abs"":0.9157423513000549},{""real"":0.9146707743835243,""imag"":-0.04428801703843892,""abs"":0.9157423513000549}]",True,0.9853818156873361,2.0036855792081e-10,False,True,1.1124461545745299,0.1295006470839001,0.11782738361032509,0.1465686673262112,0.04780255540817422
25,40.0,8.0,20.0,3.0,0.5,"[40.0,8.0,8.0,2.0,4.0,1.0,20.0,20.0,20.0,20.0,20.0,3.0,3.0,3.0,3.0,3.0]",[[0.5]],"[7.938870357361142,9.304901194202479,-1.5147657036495505e-15,2.8972758218830904e-16,35.89581540682945,6.153457959099379,-6.325288856466267,2.3234096805128535,4.634571099594301,3.7259978846192703,1.9832518255820706,3.0025063177613704,2.355824952571642,1.6976373424481468,1.0875035380988698,0.5409669290540152]","[{""real"":0.20103628095093354,""imag"":0.0,""abs"":0.20103628095093354},{""real"":0.016571608957226442,""imag"":0.0,""abs"":0.016571608957226442},{""real"":0.007418612377791785,""imag"":0.0,""abs"":0.007418612377791785},{""real"":0.006183842103919354,""imag"":0.0,""abs"":0.006183842103919354},{""real"":0.7843082035139125,""imag"":0.2154431793156448,""abs"":0.813360388519661},{""real"":0.7843082035139125,""imag"":-0.2154431793156448,""abs"":0.813360388519661},{""real"":0.9824955422300437,""imag"":0.09369653189100051,""abs"":0.9869531552157421},{""real"":0.9824955422300437,""imag"":-0.09369653189100051,""abs"":0.9869531552157421},{""real"":0.8831434114271366,""imag"":0.0,""abs"":0.8831434114271366},{""real"":0.9049976780169595,""imag"":0.05344372302862643,""abs"":0.9065743371325095},{""real"":0.9049976780169595,""imag"":-0.05344372302862643,""abs"":0.9065743371325095},{""real"":0.9311041732018608,""imag"":0.0,""abs"":0.9311041732018608},{""real"":0.9745778995974222,""imag"":0.0,""abs"":0.9745778995974222},{""real"":0.968850193174407,""imag"":0.0,""abs"":0.968850193174407},{""real"":0.9146707743835246,""imag"":0.044288017038438196,""abs"":0.9157423513000551},{""real"":0.9146707743835246,""imag"":-0.044288017038438196,""abs"":0.9157423513000551}]",True,0.986953155215742,2.23525908425435e-11,True,True,1.142018181941272,0.10316289055971928,0.09276995875036166,0.1745259420554471,0.047852374031370416
26,40.0,8.0,20.0,3.0,1.0,"[40.0,8.0,8.0,2.0,4.0,1.0,20.0,20.0,20.0,20.0,20.0,3.0,3.0,3.0,3.0,3.0]",[[1.0]],"[5.731743690770443,7.3058375143944065,5.877287825470307e-15,-3.389023009436116e-16,30.243601528425565,6.143065685122111,-6.644074767246699,1.9153290766522728,4.134382297903944,3.3252106819219334,1.770908291972461,3.388435950238313,2.683393748195349,1.9590636438529538,1.2726188350889165,0.6429604005533838]","[{""real"":0.2018029966524366,""imag"":0.0,""abs"":0.2018029966524366},{""real"":0.01656770759399769,""imag"":0.0,""abs"":0.01656770759399769},{""real"":0.007417870825267304,""imag"":0.0,""abs"":0.007417870825267304},{""real"":0.00618372637762599,""imag"":0.0,""abs"":0.00618372637762599},{""real"":0.7885632248837346,""imag"":0.2178722956301544,""abs"":0.8181077538088665},{""real"":0.7885632248837346,""imag"":-0.2178722956301544,""abs"":0.8181077538088665},{""real"":0.9826664415107931,""imag"":0.09088804115602774,""abs"":0.9868606645807019},{""real"":0.9826664415107931,""imag"":-0.09088804115602774,""abs"":0.9868606645807019},{""real"":0.880618021039097,""imag"":0.0,""abs"":0.880618021039097},{""real"":0.9186294031884162,""imag"":0.04912220714209777,""abs"":0.9199418305723558},{""real"":0.9186294031884162,""imag"":-0.04912220714209777,""abs"":0.9199418305723558},{""real"":0.9314097044385643,""imag"":0.0,""abs"":0.9314097044385643},{""real"":0.9745788682643396,""imag"":0.0,""abs"":0.9745788682643396},{""real"":0.968850198616149,""imag"":0.0,""abs"":0.968850198616149},{""real"":0.9146707743835245,""imag"":0.04428801703843793,""abs"":0.915742351300055},{""real"":0.9146707743835245,""imag"":-0.04428801703843793,""abs"":0.915742351300055}]",True,0.9868606645807018,3.680804157354774e-11,False,True,1.1191114043781414,0.11913519532585445,0.11103532648084587,0.15445211310667784,0.04775583462657582
27,40.0,8.0,20.0,12.0,0.5,"[40.0,8.0,8.0,2.0,4.0,1.0,20.0,20.0,20.0,20.0,20.0,12.0,12.0,12.0,12.0,12.0]",[[0.5]],"[7.688271341001308,9.270927511958813,-3.953826383391101e-15,8.579719757515921e-16,37.48265832461819,7.046922574412272,-6.833744396130796,1.7661595375536,4.071324921827953,3.2740155858255644,1.7348102626588904,3.32930903819844,2.557385588496299,1.8090635048665864,1.143051004591376,0.5618050412982324]","[{""real"":0.19713646914529695,""imag"":0.0,""abs"":0.19713646914529695},{""real"":0.016596472963972996,""imag"":0.0,""abs"":0.016596472963972996},{""real"":0.007423130383719061,""imag"":0.0,""abs"":0.007423130383719061},{""real"":0.006184543450934442,""imag"":0.0,""abs"":0.006184543450934442},{""real"":0.7669852107566606,""imag"":0.20116675300936934,""abs"":0.7929277243455243},{""real"":0.7669852107566606,""imag"":-0.20116675300936934,""abs"":0.7929277243455243},{""real"":0.9818719756813659,""imag"":0.09252766562465442,""abs"":0.9862220569092828},{""real"":0.9818719756813659,""imag"":-0.09252766562465442,""abs"":0.9862220569092828},{""real"":0.9064028004443059,""imag"":0.054128586433309984,""abs"":0.9080175882231294},{""real"":0.9064028004443059,""imag"":-0.054128586433309984,""abs"":0.9080175882231294},{""real"":0.8852627724016737,""imag"":0.0,""abs"":0.8852627724016737},{""real"":0.9311095406601797,""imag"":0.0,""abs"":0.9311095406601797},{""real"":0.9745778998659015,""imag"":0.0,""abs"":0.9745778998659015},{""real"":0.9688501931799675,""imag"":0.0,""abs"":0.9688501931799675},{""real"":0.9146707743835243,""imag"":0.04428801703843858,""abs"":0.9157423513000549},{""real"":0.9146707743835243,""imag"":-0.04428801703843858,""abs"":0.9157423513000549}]",True,0.9862220569092827,1.1042390596706296e-10,False,True,1.1268554648876634,0.11055147393008236,0.09983860610366448,0.16747190124460923,0.04780765881882015
28,40.0,8.0,20.0,12.0,1.0,"[40.0,8.0,8.0,2.0,4.0,1.0,20.0,20.0,20.0,20.0,20.0,12.0,12.0,12.0,12.0,12.0]",[[1.0]],"[5.632051572291361,7.296398114999251,-3.9968184131178185e-15,-2.2081886448518236e-16,31.02986870056552,6.637072104131401,-6.98734024371875,1.5523268783817905,3.7916739270529636,3.0593410249862867,1.6256472671097106,3.556836371830802,2.7826744639475205,2.009655797355961,1.294651701688387,0.6492212938941725]","[{""real"":0.19984033639093368,""imag"":0.0,""abs"":0.19984033639093368},{""real"":0.01658008680239762,""imag"":0.0,""abs"":0.01658008680239762},{""real"":0.007420127736847987,""imag"":0.0,""abs"":0.007420127736847987},{""real"":0.00618407791231471,""imag"":0.0,""abs"":0.00618407791231471},{""real"":0.7788009792772486,""imag"":0.21053039862646022,""abs"":0.8067552380177135},{""real"":0.7788009792772486,""imag"":-0.21053039862646022,""abs"":0.8067552380177135},{""real"":0.9822581138306852,""imag"":0.09014753229318606,""abs"":0.986386121032107},{""real"":0.9822581138306852,""imag"":-0.09014753229318606,""abs"":0.986386121032107},{""real"":0.8819299992582477,""imag"":0.0,""abs"":0.8819299992582477},{""real"":0.9190768063381238,""imag"":0.049273579948532126,""abs"":0.9203966871027023},{""real"":0.9190768063381238,""imag"":-0.049273579948532126,""abs"":0.9203966871027023},{""real"":0.9314146246850078,""imag"":0.0,""abs"":0.9314146246850078},{""real"":0.9745788685324808,""imag"":0.0,""abs"":0.9745788685324808},{""real"":0.9688501986216942,""imag"":0.0,""abs"":0.9688501986216942},{""real"":0.9146707743835246,""imag"":0.04428801703843849,""abs"":0.9157423513000551},{""real"":0.9146707743835246,""imag"":-0.04428801703843849,""abs"":0.9157423513000551}]",True,0.9863861210321069,6.787990314489083e-11,False,True,1.1164680020051945,0.1240398410028285,0.11576991073829876,0.15162373031219276,0.04773875151144789
29,40.0,8.0,80.0,3.0,0.5,"[40.0,8.0,8.0,2.0,4.0,1.0,80.0,80.0,80.0,80.0,80.0,3.0,3.0,3.0,3.0,3.0]",[[0.5]],"[7.89354657222992,9.46859720465055,-4.460346012019525e-14,-3.320539612306257e-15,38.1570672214361,6.926163964026402,-5.958338201051465,2.624209573339515,4.875405957082395,3.9119477363286737,2.083732083248152,3.58839745383802,2.8155525664367076,2.035039394159319,1.309378796865834,0.6547296319651612]","[{""real"":0.2010758984808776,""imag"":0.0,""abs"":0.2010758984808776},{""real"":0.016571562404315735,""imag"":0.0,""abs"":0.016571562404315735},{""real"":0.007418602094118224,""imag"":0.0,""abs"":0.007418602094118224},{""real"":0.006183840451471291,""imag"":0.0,""abs"":0.006183840451471291},{""real"":0.7815323793146017,""imag"":0.21753236821804028,""abs"":0.8112417587499373},{""real"":0.7815323793146017,""imag"":-0.21753236821804028,""abs"":0.8112417587499373},{""real"":0.9809183723414877,""imag"":0.09196231253843716,""abs"":0.9852197318996868},{""real"":0.9809183723414877,""imag"":-0.09196231253843716,""abs"":0.9852197318996868},{""real"":0.880486918162155,""imag"":0.0,""abs"":0.880486918162155},{""real"":0.9051726055686482,""imag"":0.05136678030571796,""abs"":0.9066289163659581},{""real"":0.9051726055686482,""imag"":-0.05136678030571796,""abs"":0.9066289163659581},{""real"":0.9310862646638931,""imag"":0.0,""abs"":0.9310862646638931},{""real"":0.974577895393014,""imag"":0.0,""abs"":0.974577895393014},{""real"":0.9688501931436553,""imag"":0.0,""abs"":0.9688501931436553},{""real"":0.9146707743835243,""imag"":0.044288017038439084,""abs"":0.9157423513000549},{""real"":0.9146707743835243,""imag"":-0.044288017038439084,""abs"":0.9157423513000549}]",True,0.9852197318996869,7.441044264868186e-11,False,True,1.1314068616703636,0.1097467633415863,0.09792511637963133,0.16445893456762395,0.047489959497204075
30,40.0,8.0,80.0,3.0,1.0,"[40.0,8.0,8.0,2.0,4.0,1.0,80.0,80.0,80.0,80.0,80.0,3.0,3.0,3.0,3.0,3.0]",[[1.0]],"[5.711791977644357,7.3874361443205245,-3.4077749496972916e-14,-9.98202928793797e-16,31.452324245324352,6.624460892865097,-6.520138919611657,2.0057326671402396,4.217009350342255,3.4001107535600785,1.8129714187588755,3.7535623155277436,2.96932561831334,2.1686551757739023,1.4103114388846332,0.7134801432820073]","[{""real"":0.20182292524506756,""imag"":0.0,""abs"":0.20182292524506756},{""real"":0.01656768437056687,""imag"":0.0,""abs"":0.01656768437056687},{""real"":0.007417865686463161,""imag"":0.0,""abs"":0.007417865686463161},{""real"":0.006183725550754738,""imag"":0.0,""abs"":0.006183725550754738},{""real"":0.7870805678129267,""imag"":0.21900725473218755,""abs"":0.816982250635868},{""real"":0.7870805678129267,""imag"":-0.21900725473218755,""abs"":0.816982250635868},{""real"":0.9815551983194966,""imag"":0.08973944343815726,""abs"":0.9856489106454774},{""real"":0.9815551983194966,""imag"":-0.08973944343815726,""abs"":0.9856489106454774},{""real"":0.8791535178302292,""imag"":0.0,""abs"":0.8791535178302292},{""real"":0.918591359633955,""imag"":0.04829723755095038,""abs"":0.9198601573876385},{""real"":0.918591359633955,""imag"":-0.04829723755095038,""abs"":0.9198601573876385},{""real"":0.931393089376098,""imag"":0.0,""abs"":0.931393089376098},{""real"":0.9745788640639711,""imag"":0.0,""abs"":0.9745788640639711},{""real"":0.9688501985854405,""imag"":0.0,""abs"":0.9688501985854405},{""real"":0.914670774383525,""imag"":0.044288017038438036,""abs"":0.9157423513000555},{""real"":0.914670774383525,""imag"":-0.044288017038438036,""abs"":0.9157423513000555}]",True,0.9856489106454774,2.428113480832582e-10,False,True,1.1185816347081168,0.12404226392406746,0.11482687639266768,0.14999413511889909,0.04752859908443927
31,40.0,8.0,80.0,12.0,0.5,"[40.0,8.0,8.0,2.0,4.0,1.0,80.0,80.0,80.0,80.0,80.0,12.0,12.0,12.0,12.0,12.0]",[[0.5]],"[7.651708006660706,9.40634697100436,-2.8896693556669677e-15,6.798782576998943e-16,39.401896885614136,7.740219110218234,-6.56848985590872,1.9745582973446445,4.238193915534459,3.4079558240802363,1.8082044598078553,3.8653753288880024,2.9794498760008783,2.1200053834623116,1.3482648010910363,0.6674142346926829]","[{""real"":0.19717472729258947,""imag"":0.0,""abs"":0.19717472729258947},{""real"":0.01659642576650484,""imag"":0.0,""abs"":0.01659642576650484},{""real"":0.0074231200662289,""imag"":0.0,""abs"":0.0074231200662289},{""real"":0.006184541806775212,""imag"":0.0,""abs"":0.006184541806775212},{""real"":0.7649373893101019,""imag"":0.2030985314726645,""abs"":0.7914405998247167},{""real"":0.7649373893101019,""imag"":-0.2030985314726645,""abs"":0.7914405998247167},{""real"":0.9805615761306923,""imag"":0.09099617947990948,""abs"":0.9847747505210759},{""real"":0.9805615761306923,""imag"":-0.09099617947990948,""abs"":0.9847747505210759},{""real"":0.8828711836838534,""imag"":0.0,""abs"":0.8828711836838534},{""real"":0.9063767320420995,""imag"":0.052188686400968104,""abs"":0.907877987053092},{""real"":0.9063767320420995,""imag"":-0.052188686400968104,""abs"":0.907877987053092},{""real"":0.9310915985499932,""imag"":0.0,""abs"":0.9310915985499932},{""real"":0.9745778956614941,""imag"":0.0,""abs"":0.9745778956614941},{""real"":0.9688501931492146,""imag"":0.0,""abs"":0.9688501931492146},{""real"":0.9146707743835241,""imag"":0.044288017038438765,""abs"":0.9157423513000545},{""real"":0.9146707743835241,""imag"":-0.044288017038438765,""abs"":0.9157423513000545}]",True,0.9847747505210759,7.568939655834123e-11,False,True,1.12077419084986,0.11636762158963464,0.10436957485957116,0.15986324546813957,0.047513166185611924
32,40.0,8.0,80.0,12.0,1.0,"[40.0,8.0,8.0,2.0,4.0,1.0,80.0,80.0,80.0,80.0,80.0,12.0,12.0,12.0,12.0,12.0]",[[1.0]],"[5.614506770697062,7.368898636321149,-4.1898163825488125e-15,1.494812377677868e-16,32.12084562272351,7.084858532604789,-6.895999055219473,1.6132811786258072,3.849579106086611,3.1160952094554935,1.6581499961534762,3.900112732513652,3.0520229770561924,2.2075221404180754,1.4249116882122552,0.7160784086668962]","[{""real"":0.19985992564703617,""imag"":0.0,""abs"":0.19985992564703617},{""real"":0.016580063419068734,""imag"":0.0,""abs"":0.016580063419068734},{""real"":0.00742012258958686,""imag"":0.0,""abs"":0.00742012258958686},{""real"":0.006184077087520754,""imag"":0.0,""abs"":0.006184077087520754},{""real"":0.7775505341244099,""imag"":0.21160859811558622,""abs"":0.8058306471670079},{""real"":0.7775505341244099,""imag"":-0.21160859811558622,""abs"":0.8058306471670079},{""real"":0.981273525702544,""imag"":0.08908473385604523,""abs"":0.9853089982593805},{""real"":0.981273525702544,""imag"":-0.08908473385604523,""abs"":0.9853089982593805},{""real"":0.8805200319891653,""imag"":0.0,""abs"":0.8805200319891653},{""real"":0.9190089643606107,""imag"":0.048475142290876454,""abs"":0.9202865401576201},{""real"":0.9190089643606107,""imag"":-0.048475142290876454,""abs"":0.9202865401576201},{""real"":0.9313979840833019,""imag"":0.0,""abs"":0.9313979840833019},{""real"":0.9745788643321146,""imag"":0.0,""abs"":0.9745788643321146},{""real"":0.9688501985909861,""imag"":0.0,""abs"":0.9688501985909861},{""real"":0.9146707743835246,""imag"":0.04428801703843907,""abs"":0.9157423513000551},{""real"":0.9146707743835246,""imag"":-0.04428801703843907,""abs"":0.9157423513000551}]",True,0.9853089982593803,1.4971265686470096e-10,False,True,1.1170249961207461,0.12857176832090209,0.11926207717505606,0.1479231078569691,0.04753804999983995
33,80.0,4.0,20.0,3.0,0.5,"[80.0,4.0,8.0,2.0,4.0,1.0,20.0,20.0,20.0,20.0,20.0,3.0,3.0,3.0,3.0,3.0]",[[0.5]],"[11.139489616333238,10.842432525740632,-1.4561379541792084e-15,1.4254872141878365e-16,39.22196222273204,5.756679039387521,-6.084795599033888,2.6544680036681125,5.046652949835321,4.059013873173364,2.16159340199856,2.4811930189906026,1.9417361163533933,1.3876860624942924,0.8791882579238895,0.43144920490936517]","[{""real"":0.2010337240959495,""imag"":0.0,""abs"":0.2010337240959495},{""real"":0.016571600025054405,""imag"":0.0,""abs"":0.016571600025054405},{""real"":0.007418611856578278,""imag"":0.0,""abs"":0.007418611856578278},{""real"":0.006183842011977767,""imag"":0.0,""abs"":0.006183842011977767},{""real"":0.7840447691078954,""imag"":0.21424089744385577,""abs"":0.8127886331039589},{""real"":0.7840447691078954,""imag"":-0.21424089744385577,""abs"":0.8127886331039589},{""real"":0.983166682135616,""imag"":0.09503882425122712,""abs"":0.9877495142882182},{""real"":0.983166682135616,""imag"":-0.09503882425122712,""abs"":0.9877495142882182},{""real"":0.9045060443788231,""imag"":0.0725812948913625,""abs"":0.907413482755206},{""real"":0.9045060443788231,""imag"":-0.0725812948913625,""abs"":0.907413482755206},{""real"":0.8678542758237214,""imag"":0.0,""abs"":0.8678542758237214},{""real"":0.9308474204613463,""imag"":0.0,""abs"":0.9308474204613463},{""real"":0.9745773955380825,""imag"":0.0,""abs"":0.9745773955380825},{""real"":0.968850190278809,""imag"":0.0,""abs"":0.968850190278809},{""real"":0.9146707743835243,""imag"":0.044288017038438876,""abs"":0.9157423513000549},{""real"":0.9146707743835243,""imag"":-0.044288017038438876,""abs"":0.9157423513000549}]",True,0.9877495142882182,2.240625585753056e-10,True,True,1.181329991306514,0.08656111512802836,0.07253428922922588,0.19970044658152847,0.04860959535910232
34,80.0,4.0,20.0,3.0,1.0,"[80.0,4.0,8.0,2.0,4.0,1.0,20.0,20.0,20.0,20.0,20.0,3.0,3.0,3.0,3.0,3.0]",[[1.0]],"[8.042254850424754,8.637664007631374,6.867692044402027e-15,-2.554768111961985e-16,33.72207899459097,5.955029716563236,-6.210241351866096,2.430775064265446,4.697414706412275,3.760822092771352,2.0024020335030506,3.052306405548326,2.4153063951818625,1.7572156797805871,1.1360028035406833,0.5705572663315578]","[{""real"":0.20180169992231384,""imag"":0.0,""abs"":0.20180169992231384},{""real"":0.01656770313362832,""imag"":0.0,""abs"":0.01656770313362832},{""real"":0.007417870564642238,""imag"":0.0,""abs"":0.007417870564642238},{""real"":0.006183726331599372,""imag"":0.0,""abs"":0.006183726331599372},{""real"":0.7884560428880409,""imag"":0.21724171044938562,""abs"":0.8178367149533231},{""real"":0.7884560428880409,""imag"":-0.21724171044938562,""abs"":0.8178367149533231},{""real"":0.9831293639283466,""imag"":0.09241570411205319,""abs"":0.9874634213907277},{""real"":0.9831293639283466,""imag"":-0.09241570411205319,""abs"":0.9874634213907277},{""real"":0.8712549641733115,""imag"":0.0,""abs"":0.8712549641733115},{""real"":0.9152848235202817,""imag"":0.06467327194892006,""abs"":0.9175668587471608},{""real"":0.9152848235202817,""imag"":-0.06467327194892006,""abs"":0.9175668587471608},{""real"":0.9309821048304437,""imag"":0.0,""abs"":0.9309821048304437},{""real"":0.9745778612370464,""imag"":0.0,""abs"":0.9745778612370464},{""real"":0.9688501928449726,""imag"":0.0,""abs"":0.9688501928449726},{""real"":0.9146707743835241,""imag"":0.044288017038439,""abs"":0.9157423513000545},{""real"":0.9146707743835241,""imag"":-0.044288017038439,""abs"":0.9157423513000545}]",True,0.9874634213907278,2.6518031797506205e-10,True,True,1.130532335709073,0.10120374549945473,0.0880122938053385,0.172819608601252,0.048400388289679595
35,80.0,4.0,20.0,12.0,0.5,"[80.0,4.0,8.0,2.0,4.0,1.0,20.0,20.0,20.0,20.0,20.0,12.0,12.0,12.0,12.0,12.0]",[[0.5]],"[10.787853292454646,10.855228534480903,-3.3454837857010434e-14,-5.451078601143816e-15,41.1217144263628,6.641784548421181,-6.479902331456556,2.202161859724698,4.557710517907235,3.6537480178888413,1.936983251462502,2.8045831918181663,2.1423588934671676,1.4995140615602638,0.9356127110764724,0.45305422282398156]","[{""real"":0.19713409951192948,""imag"":0.0,""abs"":0.19713409951192948},{""real"":0.016596463965806555,""imag"":0.0,""abs"":0.016596463965806555},{""real"":0.00742312986290006,""imag"":0.0,""abs"":0.00742312986290006},{""real"":0.0061845433596885825,""imag"":0.0,""abs"":0.0061845433596885825},{""real"":0.766449049471796,""imag"":0.20021079509119308,""abs"":0.7921669697148874},{""real"":0.766449049471796,""imag"":-0.20021079509119308,""abs"":0.7921669697148874},{""real"":0.9825840036628881,""imag"":0.09397359931492721,""abs"":0.9870675567672119},{""real"":0.9825840036628881,""imag"":-0.09397359931492721,""abs"":0.9870675567672119},{""real"":0.9063031006979325,""imag"":0.07239582551929642,""abs"":0.9091900053824322},{""real"":0.9063031006979325,""imag"":-0.07239582551929642,""abs"":0.9091900053824322},{""real"":0.8696622321220644,""imag"":0.0,""abs"":0.8696622321220644},{""real"":0.9308493053863696,""imag"":0.0,""abs"":0.9308493053863696},{""real"":0.9745773956669995,""imag"":0.0,""abs"":0.9745773956669995},{""real"":0.968850190281422,""imag"":0.0,""abs"":0.968850190281422},{""real"":0.9146707743835245,""imag"":0.04428801703843838,""abs"":0.915742351300055},{""real"":0.9146707743835245,""imag"":-0.04428801703843838,""abs"":0.915742351300055}]",True,0.9870675567672118,1.345619872419155e-10,True,True,1.1544529075668823,0.09273566972242313,0.07832664525584958,0.19036937457110753,0.04850882368725105
36,80.0,4.0,20.0,12.0,1.0,"[80.0,4.0,8.0,2.0,4.0,1.0,20.0,20.0,20.0,20.0,20.0,12.0,12.0,12.0,12.0,12.0]",[[1.0]],"[7.90258751934753,8.647457316859201,-3.2715453407411976e-14,-4.8118786356167605e-15,34.66562891136841,6.452545462270949,-6.495942713745882,2.119376134141175,4.388268592826068,3.5149139873052437,1.8672026437150246,3.226935822484342,2.5205480720645013,1.8128752060037883,1.1617692483495834,0.5789454489010761]","[{""real"":0.19983908771227038,""imag"":0.0,""abs"":0.19983908771227038},{""real"":0.01658008232563146,""imag"":0.0,""abs"":0.01658008232563146},{""real"":0.007420127476320113,""imag"":0.0,""abs"":0.007420127476320113},{""real"":0.0061840778664628854,""imag"":0.0,""abs"":0.0061840778664628854},{""real"":0.7786097129676275,""imag"":0.20996613296094596,""abs"":0.8064235004748466},{""real"":0.7786097129676275,""imag"":-0.20996613296094596,""abs"":0.8064235004748466},{""real"":0.982752280229142,""imag"":0.09173045987845327,""abs"":0.9870240734475986},{""real"":0.982752280229142,""imag"":-0.09173045987845327,""abs"":0.9870240734475986},{""real"":0.8723226502665405,""imag"":0.0,""abs"":0.8723226502665405},{""real"":0.9159364770012248,""imag"":0.06454868087066673,""abs"":0.9182081257011171},{""real"":0.9159364770012248,""imag"":-0.06454868087066673,""abs"":0.9182081257011171},{""real"":0.9309839399729157,""imag"":0.0,""abs"":0.9309839399729157},{""real"":0.9745778613658844,""imag"":0.0,""abs"":0.9745778613658844},{""real"":0.9688501928475828,""imag"":0.0,""abs"":0.9688501928475828},{""real"":0.914670774383525,""imag"":0.044288017038438626,""abs"":0.9157423513000555},{""real"":0.914670774383525,""imag"":-0.044288017038438626,""abs"":0.9157423513000555}]",True,0.9870240734475986,5.6427351036554464e-11,True,True,1.1218171609085839,0.1053850611809452,0.09192348874717145,0.16885907613861284,0.048362613519622184
37,80.0,4.0,80.0,3.0,0.5,"[80.0,4.0,8.0,2.0,4.0,1.0,80.0,80.0,80.0,80.0,80.0,3.0,3.0,3.0,3.0,3.0]",[[0.5]],"[11.077335041779408,11.064802342075646,-4.9743649145850546e-14,-2.7865390204268016e-15,41.68473567264925,6.424340268222596,-5.562476134819377,3.108717838704883,5.403288387778369,4.317439710560961,2.2985103945654073,2.97479650927414,2.328936897246467,1.6714301621497734,1.0654459953329722,0.5267677215747465]","[{""real"":0.20107333918672637,""imag"":0.0,""abs"":0.20107333918672637},{""real"":0.016571553472327954,""imag"":0.0,""abs"":0.016571553472327954},{""real"":0.00741860157290487,""imag"":0.0,""abs"":0.00741860157290487},{""real"":0.006183840359528151,""imag"":0.0,""abs"":0.006183840359528151},{""real"":0.7812946974906383,""imag"":0.21641421014417853,""abs"":0.8107135836282235},{""real"":0.7812946974906383,""imag"":-0.21641421014417853,""abs"":0.8107135836282235},{""real"":0.9817672404988866,""imag"":0.09347670310948133,""abs"":0.9862072847738537},{""real"":0.9817672404988866,""imag"":-0.09347670310948133,""abs"":0.9862072847738537},{""real"":0.8661935665865993,""imag"":0.0,""abs"":0.8661935665865993},{""real"":0.9041041241792998,""imag"":0.07062776429300203,""abs"":0.9068586154671777},{""real"":0.9041041241792998,""imag"":-0.07062776429300203,""abs"":0.9068586154671777},{""real"":0.9308411767893513,""imag"":0.0,""abs"":0.9308411767893513},{""real"":0.9745773935195576,""imag"":0.0,""abs"":0.9745773935195576},{""real"":0.9688501902643627,""imag"":0.0,""abs"":0.9688501902643627},{""real"":0.9146707743835243,""imag"":0.04428801703843834,""abs"":0.9157423513000549},{""real"":0.9146707743835243,""imag"":-0.04428801703843834,""abs"":0.9157423513000549}]",True,0.9862072847738537,9.408826451349704e-11,True,True,1.1606338650781423,0.09168329097338454,0.07657448291686189,0.18681249139605932,0.04816159105618363
38,80.0,4.0,80.0,3.0,1.0,"[80.0,4.0,8.0,2.0,4.0,1.0,80.0,80.0,80.0,80.0,80.0,3.0,3.0,3.0,3.0,3.0]",[[1.0]],"[8.01509112959029,8.746501738218798,-3.727533056331926e-14,-6.653653375336602e-16,35.040839597011825,6.385062203439588,-5.991904441382542,2.6127059972481828,4.846483764773488,3.876349162795006,2.0647718228125647,3.373320850186559,2.666703493897008,1.9413147046145578,1.2568044938745582,0.632349445030702]","[{""real"":0.20182162789582636,""imag"":0.0,""abs"":0.20182162789582636},{""real"":0.016567679910243587,""imag"":0.0,""abs"":0.016567679910243587},{""real"":0.007417865425838293,""imag"":0.0,""abs"":0.007417865425838293},{""real"":0.006183725504728237,""imag"":0.0,""abs"":0.006183725504728237},{""real"":0.7869798438388143,""imag"":0.2184009493347476,""abs"":0.8167228717740697},{""real"":0.7869798438388143,""imag"":-0.2184009493347476,""abs"":0.8167228717740697},{""real"":0.9821482926401828,""imag"":0.09136708330262687,""abs"":0.9863889763411061},{""real"":0.9821482926401828,""imag"":-0.09136708330262687,""abs"":0.9863889763411061},{""real"":0.8702479621078226,""imag"":0.0,""abs"":0.8702479621078226},{""real"":0.9149796193587871,""imag"":0.06379989958557236,""abs"":0.9172012489247275},{""real"":0.9149796193587871,""imag"":-0.06379989958557236,""abs"":0.9172012489247275},{""real"":0.9309759938475997,""imag"":0.0,""abs"":0.9309759938475997},{""real"":0.9745778592194462,""imag"":0.0,""abs"":0.9745778592194462},{""real"":0.9688501928305369,""imag"":0.0,""abs"":0.9688501928305369},{""real"":0.9146707743835248,""imag"":0.04428801703843877,""abs"":0.9157423513000554},{""real"":0.9146707743835248,""imag"":-0.04428801703843877,""abs"":0.9157423513000554}]",True,0.9863889763411061,2.011795226389858e-10,True,True,1.123964180686007,0.1050522051911434,0.09099523304245884,0.1668587038721841,0.04813740883328107
39,80.0,4.0,80.0,12.0,0.5,"[80.0,4.0,8.0,2.0,4.0,1.0,80.0,80.0,80.0,80.0,80.0,12.0,12.0,12.0,12.0,12.0]",[[0.5]],"[10.737760310115474,11.038855308885877,-3.399059446084754e-14,-5.504655072058237e-15,43.220433079137635,7.250444516746481,-6.070408130001076,2.5521884410559292,4.831285019023764,3.8546687663043713,2.0441057511280643,3.2663979123234896,2.506124815497156,1.7673443400130666,1.112216944697313,0.5438524032729251]","[{""real"":0.19717235542533912,""imag"":0.0,""abs"":0.19717235542533912},{""real"":0.016596416768525534,""imag"":0.0,""abs"":0.016596416768525534},{""real"":0.007423119545410337,""imag"":0.0,""abs"":0.007423119545410337},{""real"":0.006184541715528127,""imag"":0.0,""abs"":0.006184541715528127},{""real"":0.7644442918934725,""imag"":0.2021894176409783,""abs"":0.7907310769247093},{""real"":0.7644442918934725,""imag"":-0.2021894176409783,""abs"":0.7907310769247093},{""real"":0.9814189362816346,""imag"":0.09259321498704241,""abs"":0.9857771715523806},{""real"":0.9814189362816346,""imag"":-0.09259321498704241,""abs"":0.9857771715523806},{""real"":0.8680993015087597,""imag"":0.0,""abs"":0.8680993015087597},{""real"":0.9057812600430188,""imag"":0.07064606429095982,""abs"":0.9085320893864571},{""real"":0.9057812600430188,""imag"":-0.07064606429095982,""abs"":0.9085320893864571},{""real"":0.9308430567794349,""imag"":0.0,""abs"":0.9308430567794349},{""real"":0.974577393648474,""imag"":0.0,""abs"":0.974577393648474},{""real"":0.9688501902669765,""imag"":0.0,""abs"":0.9688501902669765},{""real"":0.9146707743835248,""imag"":0.044288017038438036,""abs"":0.9157423513000554},{""real"":0.9146707743835248,""imag"":-0.044288017038438036,""abs"":0.9157423513000554}]",True,0.9857771715523809,1.9120567670037263e-10,True,True,1.1400252523793193,0.09731087892434438,0.08188944879237658,0.180483183550445,0.04814997065228478
40,80.0,4.0,80.0,12.0,1.0,"[80.0,4.0,8.0,2.0,4.0,1.0,80.0,80.0,80.0,80.0,80.0,12.0,12.0,12.0,12.0,12.0]",[[1.0]],"[7.878699808654894,8.744134708968385,-3.373806224765726e-14,-5.0091073812022875e-15,35.858974709981865,6.85568886043378,-6.315127747086782,2.2668777348017994,4.509100034920622,3.6102879944617308,1.9190387109207667,3.5319037043856603,2.759926431569654,1.9886255583601904,1.2773780825067742,0.6382337445013038]","[{""real"":0.1998586763755084,""imag"":0.0,""abs"":0.1998586763755084},{""real"":0.01658005894234909,""imag"":0.0,""abs"":0.01658005894234909},{""real"":0.007420122329059289,""imag"":0.0,""abs"":0.007420122329059289},{""real"":0.006184077041669029,""imag"":0.0,""abs"":0.006184077041669029},{""real"":0.7773691210156812,""imag"":0.21106252143421872,""abs"":0.8055123451958156},{""real"":0.7773691210156812,""imag"":-0.21106252143421872,""abs"":0.8055123451958156},{""real"":0.9818822605783276,""imag"":0.09076055565220922,""abs"":0.9860680768084445},{""real"":0.9818822605783276,""imag"":-0.09076055565220922,""abs"":0.9860680768084445},{""real"":0.8713457989161265,""imag"":0.0,""abs"":0.8713457989161265},{""real"":0.9156148979417323,""imag"":0.06372427393114166,""abs"":0.9178297360735814},{""real"":0.9156148979417323,""imag"":-0.06372427393114166,""abs"":0.9178297360735814},{""real"":0.9309778245438982,""imag"":0.0,""abs"":0.9309778245438982},{""real"":0.9745778593482846,""imag"":0.0,""abs"":0.9745778593482846},{""real"":0.968850192833147,""imag"":0.0,""abs"":0.968850192833147},{""real"":0.9146707743835245,""imag"":0.044288017038438966,""abs"":0.915742351300055},{""real"":0.9146707743835245,""imag"":-0.044288017038438966,""abs"":0.915742351300055}]",True,0.9860680768084445,1.9431903096822504e-10,False,True,1.1170559239836424,0.10896140062219269,0.09467589150151857,0.1638572095658721,0.04813232647153997
41,80.0,8.0,20.0,3.0,0.5,"[80.0,8.0,8.0,2.0,4.0,1.0,20.0,20.0,20.0,20.0,20.0,3.0,3.0,3.0,3.0,3.0]",[[0.5]],"[11.117200574355154,11.168307759858346,-1.9851833676223975e-15,8.425804055968987e-16,39.769395783138606,5.6980987914430825,-6.235612027995512,2.520771737376408,4.957749123739071,4.006560758705856,2.1352307942630664,2.387367421723691,1.865871036148583,1.329794122522447,0.8396343824434985,0.41033818651921966]","[{""real"":0.20103625328551694,""imag"":0.0,""abs"":0.20103625328551694},{""real"":0.01657160893206326,""imag"":0.0,""abs"":0.01657160893206326},{""real"":0.007418612376588635,""imag"":0.0,""abs"":0.007418612376588635},{""real"":0.006183842103715323,""imag"":0.0,""abs"":0.006183842103715323},{""real"":0.7845803698423992,""imag"":0.2153989565449721,""abs"":0.8136111277647933},{""real"":0.7845803698423992,""imag"":-0.2153989565449721,""abs"":0.8136111277647933},{""real"":0.9832213125987808,""imag"":0.09571093038476655,""abs"":0.9878687826546534},{""real"":0.9832213125987808,""imag"":-0.09571093038476655,""abs"":0.9878687826546534},{""real"":0.8997103380427145,""imag"":0.06756208514846247,""abs"":0.9022434969178462},{""real"":0.8997103380427145,""imag"":-0.06756208514846247,""abs"":0.9022434969178462},{""real"":0.8723133508200063,""imag"":0.0,""abs"":0.8723133508200063},{""real"":0.9308654071858521,""imag"":0.0,""abs"":0.9308654071858521},{""real"":0.9745774018944235,""imag"":0.0,""abs"":0.9745774018944235},{""real"":0.9688501903324176,""imag"":0.0,""abs"":0.9688501903324176},{""real"":0.9146707743835245,""imag"":0.044288017038439105,""abs"":0.915742351300055},{""real"":0.9146707743835245,""imag"":-0.044288017038439105,""abs"":0.915742351300055}]",True,0.9878687826546535,5.3629755742502916e-11,True,True,1.191530653906582,0.08627861080732747,0.07326918354938747,0.20255544604836778,0.048465848150536485
42,80.0,8.0,20.0,3.0,1.0,"[80.0,8.0,8.0,2.0,4.0,1.0,20.0,20.0,20.0,20.0,20.0,3.0,3.0,3.0,3.0,3.0]",[[1.0]],"[8.03075438747156,8.859988010325155,7.025335478008524e-15,-1.9060828945004717e-16,34.19653463642167,5.90800036443133,-6.245527305762551,2.4064418006136443,4.695043236013933,3.766401061309993,2.006034683843543,2.9796982208827423,2.3565749018442532,1.7124273527194722,1.1054185618398107,0.5542367163375647]","[{""real"":0.20180298255764428,""imag"":0.0,""abs"":0.20180298255764428},{""real"":0.016567707581434814,""imag"":0.0,""abs"":0.016567707581434814},{""real"":0.00741787082466589,""imag"":0.0,""abs"":0.00741787082466589},{""real"":0.0061837263775237775,""imag"":0.0,""abs"":0.0061837263775237775},{""real"":0.7887093129104616,""imag"":0.21785883949878782,""abs"":0.8182449842311599},{""real"":0.7887093129104616,""imag"":-0.21785883949878782,""abs"":0.8182449842311599},{""real"":0.983067155168,""imag"":0.09308050152495374,""abs"":0.9874639291307007},{""real"":0.983067155168,""imag"":-0.09308050152495374,""abs"":0.9874639291307007},{""real"":0.8742798374360784,""imag"":0.0,""abs"":0.8742798374360784},{""real"":0.9121547916269879,""imag"":0.061005845211559044,""abs"":0.9141925820296566},{""real"":0.9121547916269879,""imag"":-0.061005845211559044,""abs"":0.9141925820296566},{""real"":0.9310143352531116,""imag"":0.0,""abs"":0.9310143352531116},{""real"":0.9745778739261772,""imag"":0.0,""abs"":0.9745778739261772},{""real"":0.9688501929518936,""imag"":0.0,""abs"":0.9688501929518936},{""real"":0.914670774383525,""imag"":0.044288017038438016,""abs"":0.9157423513000555},{""real"":0.914670774383525,""imag"":-0.044288017038438016,""abs"":0.9157423513000555}]",True,0.9874639291307009,2.2355804480209715e-10,True,True,1.1369744284671985,0.10087058507028979,0.08876958373625948,0.17474543211557722,0.04823072935258798
43,80.0,8.0,20.0,12.0,0.5,"[80.0,8.0,8.0,2.0,4.0,1.0,20.0,20.0,20.0,20.0,20.0,12.0,12.0,12.0,12.0,12.0]",[[0.5]],"[10.769007016579716,11.16273621383711,-3.4467338584796035e-15,1.2181925616455346e-15,41.66287360786728,6.575627246281989,-6.596297143859517,2.1013573070955642,4.493810411415393,3.6175075189639583,1.9189688285895485,2.709954454341563,2.0665174285612182,1.4421548532283757,0.8967262373152488,0.43245266421022194]","[{""real"":0.19713644410130998,""imag"":0.0,""abs"":0.19713644410130998},{""real"":0.016596472938591934,""imag"":0.0,""abs"":0.016596472938591934},{""real"":0.007423130382514779,""imag"":0.0,""abs"":0.007423130382514779},{""real"":0.006184543450731513,""imag"":0.0,""abs"":0.006184543450731513},{""real"":0.7671730682087349,""imag"":0.20103658048699666,""abs"":0.7930764296577656},{""real"":0.7671730682087349,""imag"":-0.20103658048699666,""abs"":0.7930764296577656},{""real"":0.9826194043263968,""imag"":0.09467516318603171,""abs"":0.9871698335560425},{""real"":0.9826194043263968,""imag"":-0.09467516318603171,""abs"":0.9871698335560425},{""real"":0.9015736350627352,""imag"":0.06786979886795254,""abs"":0.9041246203033133},{""real"":0.9015736350627352,""imag"":-0.06786979886795254,""abs"":0.9041246203033133},{""real"":0.8741460888579373,""imag"":0.0,""abs"":0.8741460888579373},{""real"":0.9308675264758172,""imag"":0.0,""abs"":0.9308675264758172},{""real"":0.974577402025096,""imag"":0.0,""abs"":0.974577402025096},{""real"":0.9688501903350853,""imag"":0.0,""abs"":0.9688501903350853},{""real"":0.9146707743835247,""imag"":0.044288017038438626,""abs"":0.9157423513000552},{""real"":0.9146707743835247,""imag"":-0.044288017038438626,""abs"":0.9157423513000552}]",True,0.9871698335560426,1.867750713332922e-10,True,True,1.163051444078774,0.0923568560970184,0.07902993651486069,0.1928956066379132,0.04835947968601095
44,80.0,8.0,20.0,12.0,1.0,"[80.0,8.0,8.0,2.0,4.0,1.0,20.0,20.0,20.0,20.0,20.0,12.0,12.0,12.0,12.0,12.0]",[[1.0]],"[7.892052606928943,8.863043839873713,-4.777477382942767e-15,2.731839574395134e-16,35.14086594424344,6.404694993203292,-6.517615258240662,2.1077233819641474,4.3948552538192525,3.52598940546034,1.8736281984133645,3.1560160988338706,2.4634504968331528,1.7695239980863846,1.132276368469089,0.5632628255005373]","[{""real"":0.1998403229768883,""imag"":0.0,""abs"":0.1998403229768883},{""real"":0.016580086789780436,""imag"":0.0,""abs"":0.016580086789780436},{""real"":0.007420127736246247,""imag"":0.0,""abs"":0.007420127736246247},{""real"":0.006184077912212903,""imag"":0.0,""abs"":0.006184077912212903},{""real"":0.7789248048819548,""imag"":0.2104877967286958,""abs"":0.8068636590106734},{""real"":0.7789248048819548,""imag"":-0.2104877967286958,""abs"":0.8068636590106734},{""real"":0.9826830831576576,""imag"":0.09240675677403067,""abs"":0.9870182625573525},{""real"":0.9826830831576576,""imag"":-0.09240675677403067,""abs"":0.9870182625573525},{""real"":0.8753809640831075,""imag"":0.0,""abs"":0.8753809640831075},{""real"":0.9128296107263738,""imag"":0.06103650153299602,""abs"":0.9148679427864169},{""real"":0.9128296107263738,""imag"":-0.06103650153299602,""abs"":0.9148679427864169},{""real"":0.9310163890522851,""imag"":0.0,""abs"":0.9310163890522851},{""real"":0.97457787405677,""imag"":0.0,""abs"":0.97457787405677},{""real"":0.968850192954558,""imag"":0.0,""abs"":0.968850192954558},{""real"":0.914670774383525,""imag"":0.044288017038438966,""abs"":0.9157423513000555},{""real"":0.914670774383525,""imag"":-0.044288017038438966,""abs"":0.9157423513000555}]",True,0.9870182625573525,2.2070835006200243e-10,True,True,1.1274404970122773,0.10501866301958138,0.0926733291483308,0.1706111893167267,0.04819293455085581
45,80.0,8.0,80.0,3.0,0.5,"[80.0,8.0,8.0,2.0,4.0,1.0,80.0,80.0,80.0,80.0,80.0,3.0,3.0,3.0,3.0,3.0]",[[0.5]],"[11.056964222691425,11.378823174337013,-5.1105245019641223e-14,-2.6328915592091703e-15,42.204359984174566,6.3567976359145035,-5.69549930646556,2.9921413338940477,5.326310832814159,4.271759436935735,2.275461960144183,2.8763367762254983,2.2496610765849763,1.611207313030323,1.0244660176318001,0.5049850336982962]","[{""real"":0.20107587078250924,""imag"":0.0,""abs"":0.20107587078250924},{""real"":0.01657156237915306,""imag"":0.0,""abs"":0.01657156237915306},{""real"":0.007418602092914877,""imag"":0.0,""abs"":0.007418602092914877},{""real"":0.006183840451267163,""imag"":0.0,""abs"":0.006183840451267163},{""real"":0.781779247843227,""imag"":0.21749486672674617,""abs"":0.8114695369579852},{""real"":0.781779247843227,""imag"":-0.21749486672674617,""abs"":0.8114695369579852},{""real"":0.9818206382707375,""imag"":0.09421997813807662,""abs"":0.9863311665027614},{""real"":0.9818206382707375,""imag"":-0.09421997813807662,""abs"":0.9863311665027614},{""real"":0.8996098639873955,""imag"":0.06552936565970259,""abs"":0.9019933509439985},{""real"":0.8996098639873955,""imag"":-0.06552936565970259,""abs"":0.9019933509439985},{""real"":0.8704749193006212,""imag"":0.0,""abs"":0.8704749193006212},{""real"":0.930858383539834,""imag"":0.0,""abs"":0.930858383539834},{""real"":0.974577399848413,""imag"":0.0,""abs"":0.974577399848413},{""real"":0.9688501903176704,""imag"":0.0,""abs"":0.9688501903176704},{""real"":0.9146707743835248,""imag"":0.04428801703843834,""abs"":0.9157423513000554},{""real"":0.9146707743835248,""imag"":-0.04428801703843834,""abs"":0.9157423513000554}]",True,0.9863311665027613,8.712348074194733e-11,True,True,1.1697911256518214,0.09129003187889757,0.07724212343749783,0.1893659224041303,0.04803031947048952
46,80.0,8.0,80.0,3.0,1.0,"[80.0,8.0,8.0,2.0,4.0,1.0,80.0,80.0,80.0,80.0,80.0,3.0,3.0,3.0,3.0,3.0]",[[1.0]],"[8.004219094212026,8.96378630744919,-3.768665783056007e-14,-7.18560596920401e-16,35.50222856085372,6.334049163090985,-6.019902017788531,2.5952649556100797,4.848408668579549,3.884048363907393,2.069386875306739,3.298724278592741,2.606519908597632,1.8955385216220324,1.225618326842373,0.6157474383107487]","[{""real"":0.2018229111418705,""imag"":0.0,""abs"":0.2018229111418705},{""real"":0.016567684358003876,""imag"":0.0,""abs"":0.016567684358003876},{""real"":0.007417865685861634,""imag"":0.0,""abs"":0.007417865685861634},{""real"":0.006183725550652753,""imag"":0.0,""abs"":0.006183725550652753},{""real"":0.7872190995160546,""imag"":0.21899537330107768,""abs"":0.8171125284623572},{""real"":0.7872190995160546,""imag"":-0.21899537330107768,""abs"":0.8171125284623572},{""real"":0.9820920714140392,""imag"":0.09206777457371168,""abs"":0.9863981507734461},{""real"":0.9820920714140392,""imag"":-0.09206777457371168,""abs"":0.9863981507734461},{""real"":0.8731821106175348,""imag"":0.0,""abs"":0.8731821106175348},{""real"":0.9119761605717973,""imag"":0.06009193889323603,""abs"":0.9139538054908601},{""real"":0.9119761605717973,""imag"":-0.06009193889323603,""abs"":0.9139538054908601},{""real"":0.9310074887633096,""imag"":0.0,""abs"":0.9310074887633096},{""real"":0.9745778718811201,""imag"":0.0,""abs"":0.9745778718811201},{""real"":0.9688501929371566,""imag"":0.0,""abs"":0.9688501929371566},{""real"":0.914670774383525,""imag"":0.04428801703843881,""abs"":0.9157423513000555},{""real"":0.914670774383525,""imag"":-0.04428801703843881,""abs"":0.9157423513000555}]",True,0.9863981507734462,1.22464998681671e-10,True,True,1.129747342805374,0.10464134491437695,0.09171190017969813,0.16859774995633472,0.04797977569615816
47,80.0,8.0,80.0,12.0,0.5,"[80.0,8.0,8.0,2.0,4.0,1.0,80.0,80.0,80.0,80.0,80.0,12.0,12.0,12.0,12.0,12.0]",[[0.5]],"[10.720267281883272,11.33728828368739,-4.597003445432504e-15,8.799947454395568e-16,43.74178992979264,7.1773562473135355,-6.171218774484088,2.46636853093518,4.777988763564386,3.824586314976806,2.0291233417982326,3.1679536305826144,2.427426839238945,1.707991194892793,1.0720823924066545,0.5226466773539922]","[{""real"":0.1971747022191635,""imag"":0.0,""abs"":0.1971747022191635},{""real"":0.016596425741124823,""imag"":0.0,""abs"":0.016596425741124823},{""real"":0.007423120065025086,""imag"":0.0,""abs"":0.007423120065025086},{""real"":0.006184541806572609,""imag"":0.0,""abs"":0.006184541806572609},{""real"":0.7651137126118583,""imag"":0.20298171415425875,""abs"":0.7915810568145897},{""real"":0.7651137126118583,""imag"":-0.20298171415425875,""abs"":0.7915810568145897},{""real"":0.9814479404417034,""imag"":0.09335075412823872,""abs"":0.9858774888867137},{""real"":0.9814479404417034,""imag"":-0.09335075412823872,""abs"":0.9858774888867137},{""real"":0.9013005436275657,""imag"":0.06600719714590433,""abs"":0.9037143464714964},{""real"":0.9013005436275657,""imag"":-0.06600719714590433,""abs"":0.9037143464714964},{""real"":0.8724414168791608,""imag"":0.0,""abs"":0.8724414168791608},{""real"":0.9308604967548335,""imag"":0.0,""abs"":0.9308604967548335},{""real"":0.9745773999790848,""imag"":0.0,""abs"":0.9745773999790848},{""real"":0.9688501903203387,""imag"":0.0,""abs"":0.9688501903203387},{""real"":0.9146707743835245,""imag"":0.04428801703843908,""abs"":0.915742351300055},{""real"":0.9146707743835245,""imag"":-0.04428801703843908,""abs"":0.915742351300055}]",True,0.9858774888867136,1.4583117614892703e-10,True,True,1.147858166186226,0.09684502537635743,0.08254086971389527,0.18275093796525801,0.04801132239486714
48,80.0,8.0,80.0,12.0,1.0,"[80.0,8.0,8.0,2.0,4.0,1.0,80.0,80.0,80.0,80.0,80.0,12.0,12.0,12.0,12.0,12.0]",[[1.0]],"[7.868679475706268,8.95541388646346,-3.867909889052514e-15,1.980199641912185e-17,36.32333002770733,6.804415772695751,-6.33003139729094,2.261635138173208,4.519778716384671,3.6234614836011376,1.9264508376070737,3.459211743633007,2.7015207439696955,1.944372689884956,1.2473278910474825,0.6222858414364698]","[{""real"":0.199859912225043,""imag"":0.0,""abs"":0.199859912225043},{""real"":0.016580063406451618,""imag"":0.0,""abs"":0.016580063406451618},{""real"":0.007420122588985467,""imag"":0.0,""abs"":0.007420122588985467},{""real"":0.006184077087419152,""imag"":0.0,""abs"":0.006184077087419152},{""real"":0.7776690995536386,""imag"":0.21156904668959378,""abs"":0.8059346685170645},{""real"":0.7776690995536386,""imag"":-0.21156904668959378,""abs"":0.8059346685170645},{""real"":0.9818160740106903,""imag"":0.09146785251659764,""abs"":0.9860675287371363},{""real"":0.9818160740106903,""imag"":-0.09146785251659764,""abs"":0.9860675287371363},{""real"":0.8743212880503587,""imag"":0.0,""abs"":0.8743212880503587},{""real"":0.9126225919667061,""imag"":0.06016620065314385,""abs"":0.9146037213291138},{""real"":0.9126225919667061,""imag"":-0.06016620065314385,""abs"":0.9146037213291138},{""real"":0.9310095371658103,""imag"":0.0,""abs"":0.9310095371658103},{""real"":0.9745778720117104,""imag"":0.0,""abs"":0.9745778720117104},{""real"":0.9688501929398207,""imag"":0.0,""abs"":0.9688501929398207},{""real"":0.9146707743835243,""imag"":0.04428801703843923,""abs"":0.9157423513000549},{""real"":0.9146707743835243,""imag"":-0.04428801703843923,""abs"":0.9157423513000549}]",True,0.9860675287371363,3.0495915023209255e-10,False,True,1.1221838672902817,0.10852313234021949,0.09539074013653802,0.1654395611132968,0.04797331689294553
49,160.0,4.0,20.0,3.0,0.5,"[160.0,4.0,8.0,2.0,4.0,1.0,20.0,20.0,20.0,20.0,20.0,3.0,3.0,3.0,3.0,3.0]",[[0.5]],"[15.568245440356968,13.215573818133024,-1.4507625178501752e-15,3.957098242509425e-16,43.3073806957849,5.097500122027433,-6.435593909320676,2.4435859698592113,5.065443035151193,4.144500037729341,2.2139506496888512,1.6436210787324315,1.274589490479254,0.8870486724902602,0.5421721588807318,0.25407429931489034]","[{""real"":0.2010336687708854,""imag"":0.0,""abs"":0.2010336687708854},{""real"":0.01657159997472817,""imag"":0.0,""abs"":0.01657159997472817},{""real"":0.007418611854171807,""imag"":0.0,""abs"":0.007418611854171807},{""real"":0.00618384201156958,""imag"":0.0,""abs"":0.00618384201156958},{""real"":0.784600794988355,""imag"":0.21413043611060606,""abs"":0.8132959185716334},{""real"":0.784600794988355,""imag"":-0.21413043611060606,""abs"":0.8132959185716334},{""real"":0.9840584034819131,""imag"":0.09751109118426039,""abs"":0.988877825804238},{""real"":0.9840584034819131,""imag"":-0.09751109118426039,""abs"":0.988877825804238},{""real"":0.8946935360511076,""imag"":0.08484007655469498,""abs"":0.8987070501790008},{""real"":0.8946935360511076,""imag"":-0.08484007655469498,""abs"":0.8987070501790008},{""real"":0.8610768151550501,""imag"":0.0,""abs"":0.8610768151550501},{""real"":0.9307712994180328,""imag"":0.0,""abs"":0.9307712994180328},{""real"":0.9745771612820636,""imag"":0.0,""abs"":0.9745771612820636},{""real"":0.9688501889823571,""imag"":0.0,""abs"":0.9688501889823571},{""real"":0.9146707743835247,""imag"":0.044288017038439036,""abs"":0.9157423513000552},{""real"":0.9146707743835247,""imag"":-0.044288017038439036,""abs"":0.9157423513000552}]",True,0.988877825804238,8.546634207068853e-11,False,False,1.2794251711316533,0.07167672219821658,0.057070182061882316,0.23933163905882152,0.04927510575038867
50,160.0,4.0,20.0,3.0,1.0,"[160.0,4.0,8.0,2.0,4.0,1.0,20.0,20.0,20.0,20.0,20.0,3.0,3.0,3.0,3.0,3.0]",[[1.0]],"[11.250152320583288,10.621549647227068,5.994503055377222e-15,-7.121079710330462e-16,37.998134208546524,5.482390711007305,-6.05253692452259,2.703239553397765,5.10435213122765,4.108372386362228,2.190237969772029,2.3969655042537914,1.8920346387750204,1.3634584994749162,0.8701290452059811,0.4301438022843108]","[{""real"":0.20180167173421282,""imag"":0.0,""abs"":0.20180167173421282},{""real"":0.01656770310850238,""imag"":0.0,""abs"":0.01656770310850238},{""real"":0.0074178705634394375,""imag"":0.0,""abs"":0.0074178705634394375},{""real"":0.006183726331395377,""imag"":0.0,""abs"":0.006183726331395377},{""real"":0.7887521380067958,""imag"":0.21720925129320165,""abs"":0.818113558167596},{""real"":0.7887521380067958,""imag"":-0.21720925129320165,""abs"":0.818113558167596},{""real"":0.9836536109270774,""imag"":0.09514530677667672,""abs"":0.988244431146215},{""real"":0.9836536109270774,""imag"":-0.09514530677667672,""abs"":0.988244431146215},{""real"":0.9063555052077109,""imag"":0.07527435734359976,""abs"":0.9094759648796755},{""real"":0.9063555052077109,""imag"":-0.07527435734359976,""abs"":0.9094759648796755},{""real"":0.865874612072914,""imag"":0.0,""abs"":0.865874612072914},{""real"":0.9308405746752008,""imag"":0.0,""abs"":0.9308405746752008},{""real"":0.9745773927831989,""imag"":0.0,""abs"":0.9745773927831989},{""real"":0.9688501902551532,""imag"":0.0,""abs"":0.9688501902551532},{""real"":0.9146707743835245,""imag"":0.04428801703843927,""abs"":0.9157423513000551},{""real"":0.9146707743835245,""imag"":-0.04428801703843927,""abs"":0.9157423513000551}]",True,0.9882444311462149,2.7829249805344544e-10,True,True,1.1884512235217926,0.08437226576230242,0.0700448907121591,0.20315075316712866,0.04882961417558728
51,160.0,4.0,20.0,12.0,0.5,"[160.0,4.0,8.0,2.0,4.0,1.0,20.0,20.0,20.0,20.0,20.0,12.0,12.0,12.0,12.0,12.0]",[[0.5]],"[15.083175754007742,13.26145590350074,-3.84030421851001e-14,-5.874518318308365e-15,45.53154940913373,5.930415609287923,-6.658246705523027,2.156124636430258,4.700144776260976,3.8189533516473317,2.0302234170017828,1.9339262942861914,1.451883743502778,0.9835266695509081,0.5895220134180104,0.2715508155665298]","[{""real"":0.197134049428891,""imag"":0.0,""abs"":0.197134049428891},{""real"":0.01659646391504449,""imag"":0.0,""abs"":0.01659646391504449},{""real"":0.007423129860491967,""imag"":0.0,""abs"":0.007423129860491967},{""real"":0.0061845433592831,""imag"":0.0,""abs"":0.0061845433592831},{""real"":0.7668189834982301,""imag"":0.19993286623539694,""abs"":0.7924547333787337},{""real"":0.7668189834982301,""imag"":-0.19993286623539694,""abs"":0.7924547333787337},{""real"":0.9834902490361122,""imag"":0.09661928447316018,""abs"":0.9882248509733093},{""real"":0.9834902490361122,""imag"":-0.09661928447316018,""abs"":0.9882248509733093},{""real"":0.8972165887381331,""imag"":0.08454986171634879,""abs"":0.9011915924059357},{""real"":0.8972165887381331,""imag"":-0.08454986171634879,""abs"":0.9011915924059357},{""real"":0.8626092552803606,""imag"":0.0,""abs"":0.8626092552803606},{""real"":0.9307722039691041,""imag"":0.0,""abs"":0.9307722039691041},{""real"":0.9745771613461128,""imag"":0.0,""abs"":0.9745771613461128},{""real"":0.968850188983651,""imag"":0.0,""abs"":0.968850188983651},{""real"":0.9146707743835248,""imag"":0.04428801703843837,""abs"":0.9157423513000554},{""real"":0.9146707743835248,""imag"":-0.04428801703843837,""abs"":0.9157423513000554}]",True,0.9882248509733093,3.4150238999889743e-10,False,False,1.2355290199463738,0.07644521794424346,0.06171357361673655,0.2268344271411741,0.04909268283524748
52,160.0,4.0,20.0,12.0,1.0,"[160.0,4.0,8.0,2.0,4.0,1.0,20.0,20.0,20.0,20.0,20.0,12.0,12.0,12.0,12.0,12.0]",[[1.0]],"[11.056879726099165,10.646824952912855,-3.552667239534892e-14,-4.3688616847486565e-15,39.12009944410729,5.96927979443562,-6.249631796768443,2.47417424111133,4.852983972859519,3.8981387595848225,2.0731505478318684,2.5691218786530485,1.9968929028722866,1.4198878128040138,0.8970160382703659,0.43943049423638214]","[{""real"":0.19983906088555375,""imag"":0.0,""abs"":0.19983906088555375},{""real"":0.016580082300397616,""imag"":0.0,""abs"":0.016580082300397616},{""real"":0.0074201274751168,""imag"":0.0,""abs"":0.0074201274751168},{""real"":0.0061840778662596895,""imag"":0.0,""abs"":0.0061840778662596895},{""real"":0.778858410497959,""imag"":0.2098753403146869,""abs"":0.8066399953359694},{""real"":0.778858410497959,""imag"":-0.2098753403146869,""abs"":0.8066399953359694},{""real"":0.9832933082258197,""imag"":0.09454654846348762,""abs"":0.9878283149556079},{""real"":0.9832933082258197,""imag"":-0.09454654846348762,""abs"":0.9878283149556079},{""real"":0.9073009933627363,""imag"":0.07508119174028734,""abs"":0.9104022615910782},{""real"":0.9073009933627363,""imag"":-0.07508119174028734,""abs"":0.9104022615910782},{""real"":0.8667930811247887,""imag"":0.0,""abs"":0.8667930811247887},{""real"":0.9308414681976745,""imag"":0.0,""abs"":0.9308414681976745},{""real"":0.9745773928472289,""imag"":0.0,""abs"":0.9745773928472289},{""real"":0.9688501902564468,""imag"":0.0,""abs"":0.9688501902564468},{""real"":0.9146707743835248,""imag"":0.04428801703843866,""abs"":0.9157423513000554},{""real"":0.9146707743835248,""imag"":-0.04428801703843866,""abs"":0.9157423513000554}]",True,0.9878283149556077,5.964661811300608e-11,True,True,1.1711522641694214,0.08775348624975281,0.0732320448598244,0.19743934721323395,0.048756125925294075
53,160.0,4.0,80.0,3.0,0.5,"[160.0,4.0,8.0,2.0,4.0,1.0,80.0,80.0,80.0,80.0,80.0,3.0,3.0,3.0,3.0,3.0]",[[0.5]],"[15.487893185415505,13.486197527040149,-5.260604320974718e-14,-3.0250802097376404e-15,45.89122360055534,5.6142438042407115,-5.757705721910622,3.0551678997574583,5.543012053635528,4.478188639234197,2.388567119209035,2.009316271761092,1.5613196623216907,1.0966513427265774,0.6793590710651121,0.3240582373965677]","[{""real"":0.20107328379577186,""imag"":0.0,""abs"":0.20107328379577186},{""real"":0.016571553422002543,""imag"":0.0,""abs"":0.016571553422002543},{""real"":0.007418601570498491,""imag"":0.0,""abs"":0.007418601570498491},{""real"":0.006183840359120024,""imag"":0.0,""abs"":0.006183840359120024},{""real"":0.7817984437424377,""imag"":0.2163211694451787,""abs"":0.8111742445296369},{""real"":0.7817984437424377,""imag"":-0.2163211694451787,""abs"":0.8111742445296369},{""real"":0.9828344070311903,""imag"":0.09625896599301857,""abs"":0.9875369664870255},{""real"":0.9828344070311903,""imag"":-0.09625896599301857,""abs"":0.9875369664870255},{""real"":0.8943800157902246,""imag"":0.08267445293309507,""abs"":0.8981930069938805},{""real"":0.8943800157902246,""imag"":-0.08267445293309507,""abs"":0.8981930069938805},{""real"":0.859823675522098,""imag"":0.0,""abs"":0.859823675522098},{""real"":0.9307683093010921,""imag"":0.0,""abs"":0.9307683093010921},{""real"":0.9745771602792893,""imag"":0.0,""abs"":0.9745771602792893},{""real"":0.9688501889752034,""imag"":0.0,""abs"":0.9688501889752034},{""real"":0.9146707743835245,""imag"":0.044288017038438196,""abs"":0.915742351300055},{""real"":0.9146707743835245,""imag"":-0.044288017038438196,""abs"":0.915742351300055}]",True,0.9875369664870255,8.117686595657192e-11,False,False,1.246417446369433,0.07533516149197116,0.06008131859750212,0.22297339967481364,0.048747676556410845
54,160.0,4.0,80.0,3.0,1.0,"[160.0,4.0,8.0,2.0,4.0,1.0,80.0,80.0,80.0,80.0,80.0,3.0,3.0,3.0,3.0,3.0]",[[1.0]],"[11.214754563907631,10.75411063362786,-4.09432428762652e-14,-6.304425190184821e-16,39.39705167931414,5.840110396256681,-5.736804221160696,2.9812703746011264,5.324155375761693,4.266845901058985,2.2739859121758133,2.657561406533579,2.0961275020534864,1.5127150588776512,0.9679026558728744,0.4800676335349085]","[{""real"":0.20182159969091873,""imag"":0.0,""abs"":0.20182159969091873},{""real"":0.016567679885117693,""imag"":0.0,""abs"":0.016567679885117693},{""real"":0.007417865424635539,""imag"":0.0,""abs"":0.007417865424635539},{""real"":0.006183725504524194,""imag"":0.0,""abs"":0.006183725504524194},{""real"":0.7872605015072216,""imag"":0.21837221409163046,""abs"":0.8169856309144506},{""real"":0.7872605015072216,""imag"":-0.21837221409163046,""abs"":0.8169856309144506},{""real"":0.98280378236834,""imag"":0.09427054582281309,""abs"":0.9873146461221197},{""real"":0.98280378236834,""imag"":-0.09427054582281309,""abs"":0.9873146461221197},{""real"":0.8650825588124567,""imag"":0.0,""abs"":0.8650825588124567},{""real"":0.9060558108804415,""imag"":0.0742674148748253,""abs"":0.9090944842767466},{""real"":0.9060558108804415,""imag"":-0.0742674148748253,""abs"":0.9090944842767466},{""real"":0.9308376129707567,""imag"":0.0,""abs"":0.9308376129707567},{""real"":0.9745773917806536,""imag"":0.0,""abs"":0.9745773917806536},{""real"":0.9688501902480039,""imag"":0.0,""abs"":0.9688501902480039},{""real"":0.9146707743835245,""imag"":0.04428801703843846,""abs"":0.915742351300055},{""real"":0.9146707743835245,""imag"":-0.04428801703843846,""abs"":0.915742351300055}]",True,0.9873146461221196,2.607534611752658e-10,True,True,1.1746279311220593,0.0871806816415842,0.07230366606337711,0.19508142312180213,0.0485365957882536
55,160.0,4.0,80.0,12.0,0.5,"[160.0,4.0,8.0,2.0,4.0,1.0,80.0,80.0,80.0,80.0,80.0,12.0,12.0,12.0,12.0,12.0]",[[0.5]],"[15.018028728017386,13.486519565152529,-3.8760872697456985e-14,-6.046465717473008e-15,47.75380459543725,6.415954039507286,-6.099277664694741,2.6559275941112515,5.0887865262474925,4.09200458268225,2.1735859646424274,2.2908110689028245,1.7331960697180544,1.1904626935664127,0.7257882988277543,0.34150461260046405]","[{""real"":0.19717230528343202,""imag"":0.0,""abs"":0.19717230528343202},{""real"":0.01659641671776487,""imag"":0.0,""abs"":0.01659641671776487},{""real"":0.007423119543002392,""imag"":0.0,""abs"":0.007423119543002392},{""real"":0.00618454171512267,""imag"":0.0,""abs"":0.00618454171512267},{""real"":0.7647925717488331,""imag"":0.20194042789590885,""abs"":0.7910041809124505},{""real"":0.7647925717488331,""imag"":-0.20194042789590885,""abs"":0.7910041809124505},{""real"":0.98245744392309,""imag"":0.09549902347206292,""abs"":0.9870879862524967},{""real"":0.98245744392309,""imag"":-0.09549902347206292,""abs"":0.9870879862524967},{""real"":0.8967195744285974,""imag"":0.08262341877005235,""abs"":0.9005179756632603},{""real"":0.8967195744285974,""imag"":-0.08262341877005235,""abs"":0.9005179756632603},{""real"":0.8614183921223478,""imag"":0.0,""abs"":0.8614183921223478},{""real"":0.9307692126712508,""imag"":0.0,""abs"":0.9307692126712508},{""real"":0.9745771603433371,""imag"":0.0,""abs"":0.9745771603433371},{""real"":0.9688501889764989,""imag"":0.0,""abs"":0.9688501889764989},{""real"":0.9146707743835251,""imag"":0.044288017038439036,""abs"":0.9157423513000557},{""real"":0.9146707743835251,""imag"":-0.044288017038439036,""abs"":0.9157423513000557}]",True,0.9870879862524967,2.2775422717034974e-10,False,False,1.2113063689972061,0.07978902872301356,0.06439320568050892,0.21402039421725652,0.04867020702754726
56,160.0,4.0,80.0,12.0,1.0,"[160.0,4.0,8.0,2.0,4.0,1.0,80.0,80.0,80.0,80.0,80.0,12.0,12.0,12.0,12.0,12.0]",[[1.0]],"[11.025659774286517,10.764988171367381,-3.646300478833573e-14,-4.704682306761425e-15,40.391880051955866,6.309025229372122,-5.975241366062633,2.7136929664796736,5.041749037855226,4.035031199187269,2.1457063159472285,2.8209748759666944,2.1946817629562276,1.5649935659010032,0.9923624051869178,0.4882710646193407]","[{""real"":0.19985864953289653,""imag"":0.0,""abs"":0.19985864953289653},{""real"":0.01658005891711532,""imag"":0.0,""abs"":0.01658005891711532},{""real"":0.007420122327855928,""imag"":0.0,""abs"":0.007420122327855928},{""real"":0.006184077041465095,""imag"":0.0,""abs"":0.006184077041465095},{""real"":0.7776072977609638,""imag"":0.21097832057771934,""abs"":0.8057201507253638},{""real"":0.7776072977609638,""imag"":-0.21097832057771934,""abs"":0.8057201507253638},{""real"":0.9825342807656816,""imag"":0.09373336401366965,""abs"":0.9869952160010981},{""real"":0.9825342807656816,""imag"":-0.09373336401366965,""abs"":0.9869952160010981},{""real"":0.8660228418304106,""imag"":0.0,""abs"":0.8660228418304106},{""real"":0.9069725179120796,""imag"":0.07413748917397488,""abs"":0.9099975360124876},{""real"":0.9069725179120796,""imag"":-0.07413748917397488,""abs"":0.9099975360124876},{""real"":0.930838505371828,""imag"":0.0,""abs"":0.930838505371828},{""real"":0.9745773918446827,""imag"":0.0,""abs"":0.9745773918446827},{""real"":0.9688501902492965,""imag"":0.0,""abs"":0.9688501902492965},{""real"":0.9146707743835238,""imag"":0.04428801703843955,""abs"":0.9157423513000544},{""real"":0.9146707743835238,""imag"":-0.04428801703843955,""abs"":0.9157423513000544}]",True,0.9869952160010981,4.4404028909541265e-10,True,True,1.1599663346574802,0.0903846056855451,0.07532561099207491,0.1905648521269697,0.04850128794838505
57,160.0,8.0,20.0,3.0,0.5,"[160.0,8.0,8.0,2.0,4.0,1.0,20.0,20.0,20.0,20.0,20.0,3.0,3.0,3.0,3.0,3.0]",[[0.5]],"[15.543262724625535,13.4751161788875,4.490445008109238e-15,-1.1460861710219533e-15,43.67896978967571,5.0754939051256,-6.605709658514641,2.286093076846693,4.948696459607551,4.069722282599348,2.1756730598784464,1.5917789887132352,1.2324373425878776,0.8545892607820946,0.519800368153793,0.24203502309888306]","[{""real"":0.20103619795479066,""imag"":0.0,""abs"":0.20103619795479066},{""real"":0.016571608881736626,""imag"":0.0,""abs"":0.016571608881736626},{""real"":0.007418612374182279,""imag"":0.0,""abs"":0.007418612374182279},{""real"":0.006183842103307074,""imag"":0.0,""abs"":0.006183842103307074},{""real"":0.7851339069330898,""imag"":0.21531419769796017,""abs"":0.8141225064732789},{""real"":0.7851339069330898,""imag"":-0.21531419769796017,""abs"":0.8141225064732789},{""real"":0.9841255014688379,""imag"":0.09785343935263699,""abs"":0.9889784114096889},{""real"":0.9841255014688379,""imag"":-0.09785343935263699,""abs"":0.9889784114096889},{""real"":0.8913261863884611,""imag"":0.08117989134072935,""abs"":0.8950153883034024},{""real"":0.8913261863884611,""imag"":-0.08117989134072935,""abs"":0.8950153883034024},{""real"":0.8634633865366592,""imag"":0.0,""abs"":0.8634633865366592},{""real"":0.9307753303416835,""imag"":0.0,""abs"":0.9307753303416835},{""real"":0.9745771628447165,""imag"":0.0,""abs"":0.9745771628447165},{""real"":0.9688501889953947,""imag"":0.0,""abs"":0.9688501889953947},{""real"":0.9146707743835247,""imag"":0.0442880170384387,""abs"":0.9157423513000552},{""real"":0.9146707743835247,""imag"":-0.0442880170384387,""abs"":0.9157423513000552}]",True,0.988978411409689,1.2894494274177858e-10,False,False,1.2873701167998535,0.07166074681978418,0.05750346959776029,0.2412545420300502,0.04920515636001247
58,160.0,8.0,20.0,3.0,1.0,"[160.0,8.0,8.0,2.0,4.0,1.0,20.0,20.0,20.0,20.0,20.0,3.0,3.0,3.0,3.0,3.0]",[[1.0]],"[11.23784204573627,10.79449996359458,8.173397435706115e-15,-2.2224302812916557e-15,38.292138066748784,5.452179909785846,-6.132742406474496,2.632208414404432,5.057652477964225,4.081178336937121,2.1766146149983743,2.3470885166038906,1.8515771123785842,1.3324928770125188,0.848917414190586,0.41879397487652603]","[{""real"":0.20180295436808607,""imag"":0.0,""abs"":0.20180295436808607},{""real"":0.016567707556308417,""imag"":0.0,""abs"":0.016567707556308417},{""real"":0.007417870823462899,""imag"":0.0,""abs"":0.007417870823462899},{""real"":0.0061837263773196,""imag"":0.0,""abs"":0.0061837263773196},{""real"":0.7890039160066195,""imag"":0.21783329895591877,""abs"":0.8185221595093192},{""real"":0.7890039160066195,""imag"":-0.21783329895591877,""abs"":0.8185221595093192},{""real"":0.9836599937679398,""imag"":0.09550907512520691,""abs"":0.9882858729997185},{""real"":0.9836599937679398,""imag"":-0.09550907512520691,""abs"":0.9882858729997185},{""real"":0.9041046320059551,""imag"":0.0727383096808548,""abs"":0.9070259353016602},{""real"":0.9041046320059551,""imag"":-0.0727383096808548,""abs"":0.9070259353016602},{""real"":0.8677017875219523,""imag"":0.0,""abs"":0.8677017875219523},{""real"":0.9308482369138119,""imag"":0.0,""abs"":0.9308482369138119},{""real"":0.9745773959002306,""imag"":0.0,""abs"":0.9745773959002306},{""real"":0.9688501902811703,""imag"":0.0,""abs"":0.9688501902811703},{""real"":0.9146707743835245,""imag"":0.04428801703843868,""abs"":0.915742351300055},{""real"":0.9146707743835245,""imag"":-0.04428801703843868,""abs"":0.915742351300055}]",True,0.9882858729997184,2.9112855872271345e-10,True,True,1.194014984680343,0.08424637948299708,0.07044355132389206,0.20469935538543685,0.04874434725379321
59,160.0,8.0,20.0,12.0,0.5,"[160.0,8.0,8.0,2.0,4.0,1.0,20.0,20.0,20.0,20.0,20.0,12.0,12.0,12.0,12.0,12.0]",[[0.5]],"[15.062317938125855,13.504411524687345,3.4095663870904086e-14,7.145920283100694e-15,45.883943103754696,5.898980456287504,-6.805693883521053,2.0207563592597033,4.600986163143867,3.7559184339607765,1.9980441585763031,1.8786585337043233,1.4075112258203026,0.9498197437566059,0.5665669275263061,0.25933626801684717]","[{""real"":0.19713639401342706,""imag"":0.0,""abs"":0.19713639401342706},{""real"":0.016596472887830123,""imag"":0.0,""abs"":0.016596472887830123},{""real"":0.0074231303801068575,""imag"":0.0,""abs"":0.0074231303801068575},{""real"":0.006184543450326242,""imag"":0.0,""abs"":0.006184543450326242},{""real"":0.7675544990733278,""imag"":0.2007726145932318,""abs"":0.7933785677835705},{""real"":0.7675544990733278,""imag"":-0.2007726145932318,""abs"":0.7933785677835705},{""real"":0.9835489036177227,""imag"":0.09698378564462672,""abs"":0.9883189265037817},{""real"":0.9835489036177227,""imag"":-0.09698378564462672,""abs"":0.9883189265037817},{""real"":0.8938582981413485,""imag"":0.08132199128486486,""abs"":0.8975499559482378},{""real"":0.8938582981413485,""imag"":-0.08132199128486486,""abs"":0.8975499559482378},{""real"":0.8650219510705534,""imag"":0.0,""abs"":0.8650219510705534},{""real"":0.930776285951531,""imag"":0.0,""abs"":0.930776285951531},{""real"":0.9745771629091968,""imag"":0.0,""abs"":0.9745771629091968},{""real"":0.9688501889967022,""imag"":0.0,""abs"":0.9688501889967022},{""real"":0.9146707743835252,""imag"":0.04428801703843817,""abs"":0.9157423513000557},{""real"":0.9146707743835252,""imag"":-0.04428801703843817,""abs"":0.9157423513000557}]",True,0.9883189265037815,9.744178941057219e-11,False,False,1.2427079346294327,0.07634449111237286,0.06211290882277621,0.22863213541010388,0.04901987030477938
60,160.0,8.0,20.0,12.0,1.0,"[160.0,8.0,8.0,2.0,4.0,1.0,20.0,20.0,20.0,20.0,20.0,12.0,12.0,12.0,12.0,12.0]",[[1.0]],"[11.04571125214646,10.813989120678558,1.1117092609355347e-14,7.563886415742764e-15,39.410902912270004,5.9365927561968865,-6.319595260681246,2.4129208706744474,4.813627595090713,3.8756466999900137,2.0619424347344304,2.519023367435033,1.95648427027895,1.389134083150048,0.8760525272256826,0.4282655530126162]","[{""real"":0.19984029614882332,""imag"":0.0,""abs"":0.19984029614882332},{""real"":0.016580086764546174,""imag"":0.0,""abs"":0.016580086764546174},{""real"":0.007420127735042945,""imag"":0.0,""abs"":0.007420127735042945},{""real"":0.0061840779120095534,""imag"":0.0,""abs"":0.0061840779120095534},{""real"":0.7791746691490546,""imag"":0.21040261378959896,""abs"":0.807082663011066},{""real"":0.7791746691490546,""imag"":-0.21040261378959896,""abs"":0.807082663011066},{""real"":0.9832950154546252,""imag"":0.09491954165391259,""abs"":0.9878657838014739},{""real"":0.9832950154546252,""imag"":-0.09491954165391259,""abs"":0.9878657838014739},{""real"":0.9050643209731584,""imag"":0.07267783634159619,""abs"":0.907977694105918},{""real"":0.9050643209731584,""imag"":-0.07267783634159619,""abs"":0.907977694105918},{""real"":0.8686364233522091,""imag"":0.0,""abs"":0.8686364233522091},{""real"":0.9308491799596729,""imag"":0.0,""abs"":0.9308491799596729},{""real"":0.9745773959646893,""imag"":0.0,""abs"":0.9745773959646893},{""real"":0.9688501902824768,""imag"":0.0,""abs"":0.9688501902824768},{""real"":0.9146707743835241,""imag"":0.04428801703843852,""abs"":0.9157423513000545},{""real"":0.9146707743835241,""imag"":-0.04428801703843852,""abs"":0.9157423513000545}]",True,0.9878657838014739,1.5815877121054825e-10,True,True,1.1760953464277148,0.08760095722735713,0.07361908165864732,0.19888663226326947,0.04866974135385675
61,160.0,8.0,80.0,3.0,0.5,"[160.0,8.0,8.0,2.0,4.0,1.0,80.0,80.0,80.0,80.0,80.0,3.0,3.0,3.0,3.0,3.0]",[[0.5]],"[15.464968940668538,13.735450519157814,-3.3634207277037016e-15,5.770905057493538e-16,46.23503825029343,5.586244369910406,-5.91848326295044,2.9067664516883824,5.432716591667618,4.407086530892328,2.3520935200855315,1.9546910833126798,1.5171437899215514,1.0628397661196474,0.6561826284536266,0.31165303462028854]","[{""real"":0.20107581538588065,""imag"":0.0,""abs"":0.20107581538588065},{""real"":0.01657156232882792,""imag"":0.0,""abs"":0.01657156232882792},{""real"":0.0074186020905086135,""imag"":0.0,""abs"":0.0074186020905086135},{""real"":0.006183840450859118,""imag"":0.0,""abs"":0.006183840450859118},{""real"":0.7822803538006513,""imag"":0.21742301129544025,""abs"":0.811933074694737},{""real"":0.7822803538006513,""imag"":-0.21742301129544025,""abs"":0.811933074694737},{""real"":0.9829042658184954,""imag"":0.09664466578660792,""abs"":0.987644160206094},{""real"":0.9829042658184954,""imag"":-0.09664466578660792,""abs"":0.987644160206094},{""real"":0.8912229018441055,""imag"":0.07902912989788294,""abs"":0.8947199920331749},{""real"":0.8912229018441055,""imag"":-0.07902912989788294,""abs"":0.8947199920331749},{""real"":0.8621322511807961,""imag"":0.0,""abs"":0.8621322511807961},{""real"":0.9307721710786379,""imag"":0.0,""abs"":0.9307721710786379},{""real"":0.9745771618352057,""imag"":0.0,""abs"":0.9745771618352057},{""real"":0.9688501889881685,""imag"":0.0,""abs"":0.9688501889881685},{""real"":0.9146707743835246,""imag"":0.0442880170384384,""abs"":0.9157423513000551},{""real"":0.9146707743835246,""imag"":-0.0442880170384384,""abs"":0.9157423513000551}]",True,0.987644160206094,1.3342773406554354e-10,False,False,1.2542128435464734,0.0752556785851511,0.060472122787719976,0.224827683051173,0.04868607042176976
62,160.0,8.0,80.0,3.0,1.0,"[160.0,8.0,8.0,2.0,4.0,1.0,80.0,80.0,80.0,80.0,80.0,3.0,3.0,3.0,3.0,3.0]",[[1.0]],"[11.203082227979696,10.923036373250085,4.473134358843941e-16,7.141704526604726e-17,39.680649320863715,5.807282488511472,-5.812311011779456,2.9147373679007154,5.28044375117952,4.241238911150942,2.2611210470956586,2.6064755109516797,2.0547992509949977,1.4811708113958788,0.9463481908916799,0.4685630985321548]","[{""real"":0.20182288293550452,""imag"":0.0,""abs"":0.20182288293550452},{""real"":0.01656768433287841,""imag"":0.0,""abs"":0.01656768433287841},{""real"":0.0074178656846588835,""imag"":0.0,""abs"":0.0074178656846588835},{""real"":0.006183725550448437,""imag"":0.0,""abs"":0.006183725550448437},{""real"":0.7874983095114791,""imag"":0.2189728642555161,""abs"":0.8173754967967306},{""real"":0.7874983095114791,""imag"":-0.2189728642555161,""abs"":0.8173754967967306},{""real"":0.982812483054307,""imag"":0.0946565835494076,""abs"":0.9873602410754742},{""real"":0.982812483054307,""imag"":-0.0946565835494076,""abs"":0.9873602410754742},{""real"":0.8668697240283614,""imag"":0.0,""abs"":0.8668697240283614},{""real"":0.9038894229852019,""imag"":0.07172138412796546,""abs"":0.9067304152424537},{""real"":0.9038894229852019,""imag"":-0.07172138412796546,""abs"":0.9067304152424537},{""real"":0.9308451102516427,""imag"":0.0,""abs"":0.9308451102516427},{""real"":0.9745773948909515,""imag"":0.0,""abs"":0.9745773948909515},{""real"":0.9688501902739471,""imag"":0.0,""abs"":0.9688501902739471},{""real"":0.9146707743835247,""imag"":0.04428801703843868,""abs"":0.9157423513000552},{""real"":0.9146707743835247,""imag"":-0.04428801703843868,""abs"":0.9157423513000552}]",True,0.9873602410754742,4.3323740234330553e-10,True,True,1.1798230660336875,0.0870219790589425,0.07267940571300686,0.19654637120953047,0.048457055657062466
63,160.0,8.0,80.0,12.0,0.5,"[160.0,8.0,8.0,2.0,4.0,1.0,80.0,80.0,80.0,80.0,80.0,12.0,12.0,12.0,12.0,12.0]",[[0.5]],"[14.99861703722255,13.721694354116254,3.697570797927213e-14,7.880809669553326e-15,48.086427139921895,6.3796178965485755,-6.238073405009742,2.528979609995097,4.995733002292257,4.032555947982365,2.1431801340205276,2.2329634021386013,1.6868911827306894,1.155413986236135,0.7019994844201013,0.3288897524298058]","[{""real"":0.19717465207240215,""imag"":0.0,""abs"":0.19717465207240215},{""real"":0.016596425690364146,""imag"":0.0,""abs"":0.016596425690364146},{""real"":0.007423120062617227,""imag"":0.0,""abs"":0.007423120062617227},{""real"":0.006184541806167448,""imag"":0.0,""abs"":0.006184541806167448},{""real"":0.7654713377690745,""imag"":0.2027452446276816,""abs"":0.7918661523042357},{""real"":0.7654713377690745,""imag"":-0.2027452446276816,""abs"":0.7918661523042357},{""real"":0.9825149190159846,""imag"":0.09589811889983427,""abs"":0.9871838811981857},{""real"":0.9825149190159846,""imag"":-0.09589811889983427,""abs"":0.9871838811981857},{""real"":0.8935409022771019,""imag"":0.07936665628416688,""abs"":0.8970587551392085},{""real"":0.8935409022771019,""imag"":-0.07936665628416688,""abs"":0.8970587551392085},{""real"":0.8637659070739737,""imag"":0.0,""abs"":0.8637659070739737},{""real"":0.9307731253832278,""imag"":0.0,""abs"":0.9307731253832278},{""real"":0.9745771618996852,""imag"":0.0,""abs"":0.9745771618996852},{""real"":0.9688501889894753,""imag"":0.0,""abs"":0.9688501889894753},{""real"":0.9146707743835253,""imag"":0.04428801703843797,""abs"":0.9157423513000558},{""real"":0.9146707743835253,""imag"":-0.04428801703843797,""abs"":0.9157423513000558}]",True,0.9871838811981857,8.7820987220878e-11,False,False,1.2179969746100636,0.07964608157807858,0.06475982417870718,0.21574683623081,0.04860362603099867
64,160.0,8.0,80.0,12.0,1.0,"[160.0,8.0,8.0,2.0,4.0,1.0,80.0,80.0,80.0,80.0,80.0,12.0,12.0,12.0,12.0,12.0]",[[1.0]],"[11.015010246429279,10.928735584357801,1.2688870861426323e-14,8.325613593870016e-15,40.67415402738016,6.274062299310115,-6.040781394934336,2.656678226604185,5.005265886417458,4.014112091640975,2.1352574290666384,2.7697602950882536,2.1534558333277305,1.5336849276025677,0.9710619350005271,0.4769490931456167]","[{""real"":0.19985988538108143,""imag"":0.0,""abs"":0.19985988538108143},{""real"":0.016580063381217914,""imag"":0.0,""abs"":0.016580063381217914},{""real"":0.007420122587782295,""imag"":0.0,""abs"":0.007420122587782295},{""real"":0.006184077087215708,""imag"":0.0,""abs"":0.006184077087215708},{""real"":0.7779082329175799,""imag"":0.21149000505194238,""abs"":0.8061446775100748},{""real"":0.7779082329175799,""imag"":-0.21149000505194238,""abs"":0.8061446775100748},{""real"":0.9825367030885312,""imag"":0.09412561447885452,""abs"":0.987034955924613},{""real"":0.9825367030885312,""imag"":-0.09412561447885452,""abs"":0.987034955924613},{""real"":0.9048125050403757,""imag"":0.07171770024454253,""abs"":0.907650316920457},{""real"":0.9048125050403757,""imag"":-0.07171770024454253,""abs"":0.907650316920457},{""real"":0.8678295680545801,""imag"":0.0,""abs"":0.8678295680545801},{""real"":0.9308460520621309,""imag"":0.0,""abs"":0.9308460520621309},{""real"":0.9745773949554116,""imag"":0.0,""abs"":0.9745773949554116},{""real"":0.9688501902752541,""imag"":0.0,""abs"":0.9688501902752541},{""real"":0.9146707743835247,""imag"":0.044288017038438134,""abs"":0.9157423513000552},{""real"":0.9146707743835247,""imag"":-0.044288017038438134,""abs"":0.9157423513000552}]",True,0.9870349559246129,1.977741837016841e-10,True,True,1.1646736705766134,0.09020730888481136,0.07569306170832543,0.19194201715679002,0.048419885539871345
