time,scenario,candidate,K_e,rho,epsilon,x_ref,vx_ref,ax_ref,y_ref,z_ref,yaw_ref,uav_x,uav_vx,uav_y,uav_z,uav_vy,uav_vz,protocol_mode,controller,controller_mode,tip_x,tip_y,tip_z,tip_displacement,alpha_eq,alpha_dot_eq,u_ae,passivity_slack,passivity_residual,ax_cmd_raw,ax_cmd_limited,ax_slew_limited,ax_saturated,solve_time_ms,acados_status,qp_iterations,anchor_active,roll_rad,pitch_rad,yaw_rad,thrust_cmd_raw_N,thrust_cmd_limited_N,mx_cmd_raw_Nm,my_cmd_raw_Nm,mz_cmd_raw_Nm,mx_cmd_limited_Nm,my_cmd_limited_Nm,mz_cmd_limited_Nm,rotor_motor_max_abs_cmd,joint_1_angle,joint_2_angle,joint_3_angle,joint_4_angle,joint_5_angle,joint_1_velocity,joint_2_velocity,joint_3_velocity,joint_4_velocity,joint_5_velocity,wind_x,wind_force_total_x
0,approach_stop,40,40,0.20000000000000001,0.0050000000000000001,0,0,0,0,3.2000000000000002,0,0,0,0,3.2000000000000002,0,0,free_flight_controlled,sep_nmpc_adapted,formal_acados,0.22500000000000001,0,0.38999999999999996,0,0,0,0,1.9999999999799999e-10,-1.9999999999799999e-10,0,0,false,false,6.0589570000000004,0,0,false,0,-0,0,129.8844,129.8844,0,0,0,0,0,0,0,0,0,0,0,0,0,0,0,0,0,0,0
0.0050000000000000001,approach_stop,40,40,0.20000000000000001,0.0050000000000000001,0,0,0,0,3.2000000000000002,0,0,0,0,3.2000000000000002,0,-1.0733273954080062e-17,free_flight_controlled,sep_nmpc_adapted,formal_acados,0.22500000000000001,0,0.38999999999999996,0,0,0,0,1.9999999999799999e-10,-1.9999999999799999e-10,0,0,false,false,6.0589570000000004,0,0,false,0,-0,0,129.8844,129.8844,0,0,0,0,0,0,0,0,0,0,0,0,0,0,0,0,0,0,0
0.01,approach_stop,40,40,0.20000000000000001,0.0050000000000000001,0,0,0,0,3.2000000000000002,0,0,0,0,3.2000000000000002,0,-2.1466547908160123e-17,free_flight_controlled,sep_nmpc_adapted,formal_acados,0.22500000000000001,0,0.38999999999999996,0,0,0,0,1.9999999999799999e-10,-1.9999999999799999e-10,0,0,false,false,6.0589570000000004,0,0,false,0,-0,0,129.8844,129.8844,0,0,0,0,0,0,0,0,0,0,0,0,0,0,0,0,0,0,0
0.014999999999999999,approach_stop,40,40,0.20000000000000001,0.0050000000000000001,0,0,0,0,3.2000000000000002,0,0,0,0,3.2000000000000002,0,-3.219982186224018e-17,free_flight_controlled,sep_nmpc_adapted,formal_acados,0.22500000000000001,0,0.38999999999999996,0,0,0,0,1.9999999999799999e-10,-1.9999999999799999e-10,0,0,false,false,6.0589570000000004,0,0,false,0,-0,0,129.8844,129.8844,0,0,0,0,0,0,0,0,0,0,0,0,0,0,0,0,0,0,0
0.02,approach_stop,40,40,0.20000000000000001,0.0050000000000000001,0,0,0,0,3.2000000000000002,0,0,0,0,3.2000000000000002,0,-4.2933095816320228e-17,free_flight_controlled,sep_nmpc_adapted,formal_acados,0.22500000000000001,0,0.38999999999999996,0,0,0,0,1.9999999999799999e-10,-1.9999999999799999e-10,0,0,false,false,6.0589570000000004,0,0,false,0,-0,0,129.8844,129.8844,0,0,0,0,0,0,0,0,0,0,0,0,0,0,0,0,0,0,0
0.025000000000000001,approach_stop,40,40,0.20000000000000001,0.0050000000000000001,0,0,0,0,3.2000000000000002,0,0,0,0,3.2000000000000002,0,-5.3666369770400276e-17,free_flight_controlled,sep_nmpc_adapted,formal_acados,0.22500000000000001,0,0.38999999999999996,0,0,0,0,1.9999999999799999e-10,-1.9999999999799999e-10,0,0,false,false,6.0589570000000004,0,0,false,0,-0,0,129.8844,129.8844,0,0,0,0,0,0,0,0,0,0,0,0,0,0,0,0,0,0,0
0.029999999999999999,approach_stop,40,40,0.20000000000000001,0.0050000000000000001,0,0,0,0,3.2000000000000002,0,0,0,0,3.2000000000000002,0,-6.4399643724480324e-17,free_flight_controlled,sep_nmpc_adapted,formal_acados,0.22500000000000001,0,0.38999999999999996,0,0,0,0,1.9999999999799999e-10,-1.9999999999799999e-10,0,0,false,false,6.0589570000000004,0,0,false,0,-0,0,129.8844,129.8844,0,0,0,0,0,0,0,0,0,0,0,0,0,0,0,0,0,0,0
0.035000000000000003,approach_stop,40,40,0.20000000000000001,0.0050000000000000001,0,0,0,0,3.2000000000000002,0,0,0,0,3.2000000000000002,0,-7.5132917678560372e-17,free_flight_controlled,sep_nmpc_adapted,formal_acados,0.22500000000000001,0,0.38999999999999996,0,0,0,0,1.9999999999799999e-10,-1.9999999999799999e-10,0,0,false,false,6.0589570000000004,0,0,false,0,-0,0,129.8844,129.8844,0,0,0,0,0,0,0,0,0,0,0,0,0,0,0,0,0,0,0
0.040000000000000001,approach_stop,40,40,0.20000000000000001,0.0050000000000000001,0,0,0,0,3.2000000000000002,0,0,0,0,3.2000000000000002,0,-8.5866191632640419e-17,free_flight_controlled,sep_nmpc_adapted,formal_acados,0.22500000000000001,0,0.38999999999999996,0,0,0,0,1.9999999999799999e-10,-1.9999999999799999e-10,0,0,false,false,6.0589570000000004,0,0,false,0,-0,0,129.8844,129.8844,0,0,0,0,0,0,0,0,0,0,0,0,0,0,0,0,0,0,0
0.044999999999999998,approach_stop,40,40,0.20000000000000001,0.0050000000000000001,0,0,0,0,3.2000000000000002,0,0,0,0,3.2000000000000002,0,-9.6599465586720467e-17,free_flight_controlled,sep_nmpc_adapted,formal_acados,0.22500000000000001,0,0.38999999999999996,0,0,0,0,1.9999999999799999e-10,-1.9999999999799999e-10,0,0,false,false,6.0589570000000004,0,0,false,0,-0,0,129.8844,129.8844,0,0,0,0,0,0,0,0,0,0,0,0,0,0,0,0,0,0,0
0.050000000000000003,approach_stop,40,40,0.20000000000000001,0.0050000000000000001,0,0,0,0,3.2000000000000002,0,0,0,0,3.2000000000000002,0,-1.0733273954080052e-16,free_flight_controlled,sep_nmpc_adapted,formal_acados,0.22500000000000001,0,0.38999999999999996,0,0,0,0,1.9999999999799999e-10,-1.9999999999799999e-10,0,0,false,false,5.8599410000000001,0,0,false,0,-0,0,129.8844,129.8844,0,0,0,0,0,0,0,0,0,0,0,0,0,0,0,0,0,0,0
0.055,approach_stop,40,40,0.20000000000000001,0.0050000000000000001,0,0,0,0,3.2000000000000002,0,0,0,0,3.2000000000000002,0,-1.1806601349488058e-16,free_flight_controlled,sep_nmpc_adapted,formal_acados,0.22500000000000001,0,0.38999999999999996,0,0,0,0,1.9999999999799999e-10,-1.9999999999799999e-10,0,0,false,false,5.8599410000000001,0,0,false,0,-0,0,129.8844,129.8844,0,0,0,0,0,0,0,0,0,0,0,0,0,0,0,0,0,0,0
0.059999999999999998,approach_stop,40,40,0.20000000000000001,0.0050000000000000001,0,0,0,0,3.2000000000000002,0,0,0,0,3.2000000000000002,0,-1.2879928744896062e-16,free_flight_controlled,sep_nmpc_adapted,formal_acados,0.22500000000000001,0,0.38999999999999996,0,0,0,0,1.9999999999799999e-10,-1.9999999999799999e-10,0,0,false,false,5.8599410000000001,0,0,false,0,-0,0,129.8844,129.8844,0,0,0,0,0,0,0,0,0,0,0,0,0,0,0,0,0,0,0
0.065000000000000002,approach_stop,40,40,0.20000000000000001,0.0050000000000000001,0,0,0,0,3.2000000000000002,0,0,0,0,3.2000000000000002,0,-1.3953256140304067e-16,free_flight_controlled,sep_nmpc_adapted,formal_acados,0.22500000000000001,0,0.38999999999999996,0,0,0,0,1.9999999999799999e-10,-1.9999999999799999e-10,0,0,false,false,5.8599410000000001,0,0,false,0,-0,0,129.8844,129.8844,0,0,0,0,0,0,0,0,0,0,0,0,0,0,0,0,0,0,0
0.070000000000000007,approach_stop,40,40,0.20000000000000001,0.0050000000000000001,0,0,0,0,3.2000000000000002,0,0,0,0,3.2000000000000002,0,-1.5026583535712072e-16,free_flight_controlled,sep_nmpc_adapted,formal_acados,0.22500000000000001,0,0.38999999999999996,0,0,0,0,1.9999999999799999e-10,-1.9999999999799999e-10,0,0,false,false,5.8599410000000001,0,0,false,0,-0,0,129.8844,129.8844,0,0,0,0,0,0,0,0,0,0,0,0,0,0,0,0,0,0,0
0.074999999999999997,approach_stop,40,40,0.20000000000000001,0.0050000000000000001,0,0,0,0,3.2000000000000002,0,0,0,0,3.2000000000000002,0,-1.6099910931120077e-16,free_flight_controlled,sep_nmpc_adapted,formal_acados,0.22500000000000001,0,0.38999999999999996,0,0,0,0,1.9999999999799999e-10,-1.9999999999799999e-10,0,0,false,false,5.8599410000000001,0,0,false,0,-0,0,129.8844,129.8844,0,0,0,0,0,0,0,0,0,0,0,0,0,0,0,0,0,0,0
0.080000000000000002,approach_stop,40,40,0.20000000000000001,0.0050000000000000001,0,0,0,0,3.2000000000000002,0,0,0,0,3.2000000000000002,0,-1.7173238326528081e-16,free_flight_controlled,sep_nmpc_adapted,formal_acados,0.22500000000000001,0,0.38999999999999996,0,0,0,0,1.9999999999799999e-10,-1.9999999999799999e-10,0,0,false,false,5.8599410000000001,0,0,false,0,-0,0,129.8844,129.8844,0,0,0,0,0,0,0,0,0,0,0,0,0,0,0,0,0,0,0
0.085000000000000006,approach_stop,40,40,0.20000000000000001,0.0050000000000000001,0,0,0,0,3.2000000000000002,0,0,0,0,3.2000000000000002,0,-1.8246565721936086e-16,free_flight_controlled,sep_nmpc_adapted,formal_acados,0.22500000000000001,0,0.38999999999999996,0,0,0,0,1.9999999999799999e-10,-1.9999999999799999e-10,0,0,false,false,5.8599410000000001,0,0,false,0,-0,0,129.8844,129.8844,0,0,0,0,0,0,0,0,0,0,0,0,0,0,0,0,0,0,0
0.089999999999999997,approach_stop,40,40,0.20000000000000001,0.0050000000000000001,0,0,0,0,3.2000000000000002,0,0,0,0,3.2000000000000002,0,-1.9319893117344091e-16,free_flight_controlled,sep_nmpc_adapted,formal_acados,0.22500000000000001,0,0.38999999999999996,0,0,0,0,1.9999999999799999e-10,-1.9999999999799999e-10,0,0,false,false,5.8599410000000001,0,0,false,0,-0,0,129.8844,129.8844,0,0,0,0,0,0,0,0,0,0,0,0,0,0,0,0,0,0,0
0.095000000000000001,approach_stop,40,40,0.20000000000000001,0.0050000000000000001,0,0,0,0,3.2000000000000002,0,0,0,0,3.2000000000000002,0,-2.0393220512752096e-16,free_flight_controlled,sep_nmpc_adapted,formal_acados,0.22500000000000001,0,0.38999999999999996,0,0,0,0,1.9999999999799999e-10,-1.9999999999799999e-10,0,0,false,false,5.8599410000000001,0,0,false,0,-0,0,129.8844,129.8844,0,0,0,0,0,0,0,0,0,0,0,0,0,0,0,0,0,0,0
0.10000000000000001,approach_stop,40,40,0.20000000000000001,0.0050000000000000001,0,0,0,0,3.2000000000000002,0,0,0,0,3.2000000000000002,0,-2.1466547908160101e-16,free_flight_controlled,sep_nmpc_adapted,formal_acados,0.22500000000000001,0,0.38999999999999996,0,0,0,0,1.9999999999799999e-10,-1.9999999999799999e-10,0,0,false,false,5.79671,0,0,false,0,-0,0,129.8844,129.8844,0,0,0,0,0,0,0,0,0,0,0,0,0,0,0,0,0,0,0
0.105,approach_stop,40,40,0.20000000000000001,0.0050000000000000001,0,0,0,0,3.2000000000000002,0,0,0,0,3.2000000000000002,0,-2.2539875303568108e-16,free_flight_controlled,sep_nmpc_adapted,formal_acados,0.22500000000000001,0,0.38999999999999996,0,0,0,0,1.9999999999799999e-10,-1.9999999999799999e-10,0,0,false,false,5.79671,0,0,false,0,-0,0,129.8844,129.8844,0,0,0,0,0,0,0,0,0,0,0,0,0,0,0,0,0,0,0
0.11,approach_stop,40,40,0.20000000000000001,0.0050000000000000001,0,0,0,0,3.2000000000000002,0,0,0,0,3.2000000000000002,0,-2.3613202698976125e-16,free_flight_controlled,sep_nmpc_adapted,formal_acados,0.22500000000000001,0,0.38999999999999996,0,0,0,0,1.9999999999799999e-10,-1.9999999999799999e-10,0,0,false,false,5.79671,0,0,false,0,-0,0,129.8844,129.8844,0,0,0,0,0,0,0,0,0,0,0,0,0,0,0,0,0,0,0
0.115,approach_stop,40,40,0.20000000000000001,0.0050000000000000001,0,0,0,0,3.2000000000000002,0,0,0,0,3.2000000000000002,0,-2.4686530094384142e-16,free_flight_controlled,sep_nmpc_adapted,formal_acados,0.22500000000000001,0,0.38999999999999996,0,0,0,0,1.9999999999799999e-10,-1.9999999999799999e-10,0,0,false,false,5.79671,0,0,false,0,-0,0,129.8844,129.8844,0,0,0,0,0,0,0,0,0,0,0,0,0,0,0,0,0,0,0
0.12,approach_stop,40,40,0.20000000000000001,0.0050000000000000001,0,0,0,0,3.2000000000000002,0,0,0,0,3.2000000000000002,0,-2.5759857489792159e-16,free_flight_controlled,sep_nmpc_adapted,formal_acados,0.22500000000000001,0,0.38999999999999996,0,0,0,0,1.9999999999799999e-10,-1.9999999999799999e-10,0,0,false,false,5.79671,0,0,false,0,-0,0,129.88440000000003,129.88440000000003,0,0,0,0,0,0,0,0,0,0,0,0,0,0,0,0,0,0,0
0.125,approach_stop,40,40,0.20000000000000001,0.0050000000000000001,0,0,0,0,3.2000000000000002,0,0,0,0,3.2000000000000002,0,-2.5759857489792159e-16,free_flight_controlled,sep_nmpc_adapted,formal_acados,0.22500000000000001,0,0.38999999999999996,0,0,0,0,1.9999999999799999e-10,-1.9999999999799999e-10,0,0,false,false,5.79671,0,0,false,0,-0,0,129.88440000000003,129.88440000000003,0,0,0,0,0,0,0,0,0,0,0,0,0,0,0,0,0,0,0
0.13,approach_stop,40,40,0.20000000000000001,0.0050000000000000001,0,0,0,0,3.2000000000000002,0,0,0,0,3.2000000000000002,0,-2.5759857489792159e-16,free_flight_controlled,sep_nmpc_adapted,formal_acados,0.22500000000000001,0,0.38999999999999996,0,0,0,0,1.9999999999799999e-10,-1.9999999999799999e-10,0,0,false,false,5.79671,0,0,false,0,-0,0,129.88440000000003,129.88440000000003,0,0,0,0,0,0,0,0,0,0,0,0,0,0,0,0,0,0,0
0.13500000000000001,approach_stop,40,40,0.20000000000000001,0.0050000000000000001,0,0,0,0,3.2000000000000002,0,0,0,0,3.2000000000000002,0,-2.5759857489792159e-16,free_flight_controlled,sep_nmpc_adapted,formal_acados,0.22500000000000001,0,0.38999999999999996,0,0,0,0,1.9999999999799999e-10,-1.9999999999799999e-10,0,0,false,false,5.79671,0,0,false,0,-0,0,129.88440000000003,129.88440000000003,0,0,0,0,0,0,0,0,0,0,0,0,0,0,0,0,0,0,0
0.14000000000000001,approach_stop,40,40,0.20000000000000001,0.0050000000000000001,0,0,0,0,3.2000000000000002,0,0,0,0,3.2000000000000002,0,-2.5759857489792159e-16,free_flight_controlled,sep_nmpc_adapted,formal_acados,0.22500000000000001,0,0.38999999999999996,0,0,0,0,1.9999999999799999e-10,-1.9999999999799999e-10,0,0,false,false,5.79671,0,0,false,0,-0,0,129.88440000000003,129.88440000000003,0,0,0,0,0,0,0,0,0,0,0,0,0,0,0,0,0,0,0
0.14499999999999999,approach_stop,40,40,0.20000000000000001,0.0050000000000000001,0,0,0,0,3.2000000000000002,0,0,0,0,3.2000000000000002,0,-2.5759857489792159e-16,free_flight_controlled,sep_nmpc_adapted,formal_acados,0.22500000000000001,0,0.38999999999999996,0,0,0,0,1.9999999999799999e-10,-1.9999999999799999e-10,0,0,false,false,5.79671,0,0,false,0,-0,0,129.88440000000003,129.88440000000003,0,0,0,0,0,0,0,0,0,0,0,0,0,0,0,0,0,0,0
0.14999999999999999,approach_stop,40,40,0.20000000000000001,0.0050000000000000001,0,0,0,0,3.2000000000000002,0,0,0,0,3.2000000000000002,0,-2.5759857489792159e-16,free_flight_controlled,sep_nmpc_adapted,formal_acados,0.22500000000000001,0,0.38999999999999996,0,0,0,0,1.9999999999799999e-10,-1.9999999999799999e-10,0,0,false,false,6.0406969999999998,0,0,false,0,-0,0,129.88440000000003,129.88440000000003,0,0,0,0,0,0,0,0,0,0,0,0,0,0,0,0,0,0,0
0.155,approach_stop,40,40,0.20000000000000001,0.0050000000000000001,0,0,0,0,3.2000000000000002,0,0,0,0,3.2000000000000002,0,-2.5759857489792159e-16,free_flight_controlled,sep_nmpc_adapted,formal_acados,0.22500000000000001,0,0.38999999999999996,0,0,0,0,1.9999999999799999e-10,-1.9999999999799999e-10,0,0,false,false,6.0406969999999998,0,0,false,0,-0,0,129.88440000000003,129.88440000000003,0,0,0,0,0,0,0,0,0,0,0,0,0,0,0,0,0,0,0
0.16,approach_stop,40,40,0.20000000000000001,0.0050000000000000001,0,0,0,0,3.2000000000000002,0,0,0,0,3.2000000000000002,0,-2.5759857489792159e-16,free_flight_controlled,sep_nmpc_adapted,formal_acados,0.22500000000000001,0,0.38999999999999996,0,0,0,0,1.9999999999799999e-10,-1.9999999999799999e-10,0,0,false,false,6.0406969999999998,0,0,false,0,-0,0,129.88440000000003,129.88440000000003,0,0,0,0,0,0,0,0,0,0,0,0,0,0,0,0,0,0,0
0.16500000000000001,approach_stop,40,40,0.20000000000000001,0.0050000000000000001,0,0,0,0,3.2000000000000002,0,0,0,0,3.2000000000000002,0,-2.5759857489792159e-16,free_flight_controlled,sep_nmpc_adapted,formal_acados,0.22500000000000001,0,0.38999999999999996,0,0,0,0,1.9999999999799999e-10,-1.9999999999799999e-10,0,0,false,false,6.0406969999999998,0,0,false,0,-0,0,129.88440000000003,129.88440000000003,0,0,0,0,0,0,0,0,0,0,0,0,0,0,0,0,0,0,0
0.17000000000000001,approach_stop,40,40,0.20000000000000001,0.0050000000000000001,0,0,0,0,3.2000000000000002,0,0,0,0,3.2000000000000002,0,-2.5759857489792159e-16,free_flight_controlled,sep_nmpc_adapted,formal_acados,0.22500000000000001,0,0.38999999999999996,0,0,0,0,1.9999999999799999e-10,-1.9999999999799999e-10,0,0,false,false,6.0406969999999998,0,0,false,0,-0,0,129.88440000000003,129.88440000000003,0,0,0,0,0,0,0,0,0,0,0,0,0,0,0,0,0,0,0
0.17500000000000002,approach_stop,40,40,0.20000000000000001,0.0050000000000000001,0,0,0,0,3.2000000000000002,0,0,0,0,3.2000000000000002,0,-2.5759857489792159e-16,free_flight_controlled,sep_nmpc_adapted,formal_acados,0.22500000000000001,0,0.38999999999999996,0,0,0,0,1.9999999999799999e-10,-1.9999999999799999e-10,0,0,false,false,6.0406969999999998,0,0,false,0,-0,0,129.88440000000003,129.88440000000003,0,0,0,0,0,0,0,0,0,0,0,0,0,0,0,0,0,0,0
0.17999999999999999,approach_stop,40,40,0.20000000000000001,0.0050000000000000001,0,0,0,0,3.2000000000000002,0,0,0,0,3.2000000000000002,0,-2.5759857489792159e-16,free_flight_controlled,sep_nmpc_adapted,formal_acados,0.22500000000000001,0,0.38999999999999996,0,0,0,0,1.9999999999799999e-10,-1.9999999999799999e-10,0,0,false,false,6.0406969999999998,0,0,false,0,-0,0,129.88440000000003,129.88440000000003,0,0,0,0,0,0,0,0,0,0,0,0,0,0,0,0,0,0,0
0.185,approach_stop,40,40,0.20000000000000001,0.0050000000000000001,0,0,0,0,3.2000000000000002,0,0,0,0,3.2000000000000002,0,-2.5759857489792159e-16,free_flight_controlled,sep_nmpc_adapted,formal_acados,0.22500000000000001,0,0.38999999999999996,0,0,0,0,1.9999999999799999e-10,-1.9999999999799999e-10,0,0,false,false,6.0406969999999998,0,0,false,0,-0,0,129.88440000000003,129.88440000000003,0,0,0,0,0,0,0,0,0,0,0,0,0,0,0,0,0,0,0
0.19,approach_stop,40,40,0.20000000000000001,0.0050000000000000001,0,0,0,0,3.2000000000000002,0,0,0,0,3.2000000000000002,0,-2.5759857489792159e-16,free_flight_controlled,sep_nmpc_adapted,formal_acados,0.22500000000000001,0,0.38999999999999996,0,0,0,0,1.9999999999799999e-10,-1.9999999999799999e-10,0,0,false,false,6.0406969999999998,0,0,false,0,-0,0,129.88440000000003,129.88440000000003,0,0,0,0,0,0,0,0,0,0,0,0,0,0,0,0,0,0,0
0.19500000000000001,approach_stop,40,40,0.20000000000000001,0.0050000000000000001,0,0,0,0,3.2000000000000002,0,0,0,0,3.2000000000000002,0,-2.5759857489792159e-16,free_flight_controlled,sep_nmpc_adapted,formal_acados,0.22500000000000001,0,0.38999999999999996,0,0,0,0,1.9999999999799999e-10,-1.9999999999799999e-10,0,0,false,false,6.0406969999999998,0,0,false,0,-0,0,129.88440000000003,129.88440000000003,0,0,0,0,0,0,0,0,0,0,0,0,0,0,0,0,0,0,0
0.20000000000000001,approach_stop,40,40,0.20000000000000001,0.0050000000000000001,0,0,0,0,3.2000000000000002,0,0,0,0,3.2000000000000002,0,-2.5759857489792159e-16,free_flight_controlled,sep_nmpc_adapted,formal_acados,0.22500000000000001,0,0.38999999999999996,0,0,0,0,1.9999999999799999e-10,-1.9999999999799999e-10,0,0,false,false,5.7758710000000004,0,0,false,0,-0,0,129.88440000000003,129.88440000000003,0,0,0,0,0,0,0,0,0,0,0,0,0,0,0,0,0,0,0
0.20500000000000002,approach_stop,40,40,0.20000000000000001,0.0050000000000000001,0,0,0,0,3.2000000000000002,0,0,0,0,3.2000000000000002,0,-2.5759857489792159e-16,free_flight_controlled,sep_nmpc_adapted,formal_acados,0.22500000000000001,0,0.38999999999999996,0,0,0,0,1.9999999999799999e-10,-1.9999999999799999e-10,0,0,false,false,5.7758710000000004,0,0,false,0,-0,0,129.88440000000003,129.88440000000003,0,0,0,0,0,0,0,0,0,0,0,0,0,0,0,0,0,0,0
0.20999999999999999,approach_stop,40,40,0.20000000000000001,0.0050000000000000001,0,0,0,0,3.2000000000000002,0,0,0,0,3.2000000000000002,0,-2.5759857489792159e-16,free_flight_controlled,sep_nmpc_adapted,formal_acados,0.22500000000000001,0,0.38999999999999996,0,0,0,0,1.9999999999799999e-10,-1.9999999999799999e-10,0,0,false,false,5.7758710000000004,0,0,false,0,-0,0,129.88440000000003,129.88440000000003,0,0,0,0,0,0,0,0,0,0,0,0,0,0,0,0,0,0,0
0.215,approach_stop,40,40,0.20000000000000001,0.0050000000000000001,0,0,0,0,3.2000000000000002,0,0,0,0,3.2000000000000002,0,-2.5759857489792159e-16,free_flight_controlled,sep_nmpc_adapted,formal_acados,0.22500000000000001,0,0.38999999999999996,0,0,0,0,1.9999999999799999e-10,-1.9999999999799999e-10,0,0,false,false,5.7758710000000004,0,0,false,0,-0,0,129.88440000000003,129.88440000000003,0,0,0,0,0,0,0,0,0,0,0,0,0,0,0,0,0,0,0
0.22,approach_stop,40,40,0.20000000000000001,0.0050000000000000001,0,0,0,0,3.2000000000000002,0,0,0,0,3.2000000000000002,0,-2.5759857489792159e-16,free_flight_controlled,sep_nmpc_adapted,formal_acados,0.22500000000000001,0,0.38999999999999996,0,0,0,0,1.9999999999799999e-10,-1.9999999999799999e-10,0,0,false,false,5.7758710000000004,0,0,false,0,-0,0,129.88440000000003,129.88440000000003,0,0,0,0,0,0,0,0,0,0,0,0,0,0,0,0,0,0,0
0.22500000000000001,approach_stop,40,40,0.20000000000000001,0.0050000000000000001,0,0,0,0,3.2000000000000002,0,0,0,0,3.2000000000000002,0,-2.5759857489792159e-16,free_flight_controlled,sep_nmpc_adapted,formal_acados,0.22500000000000001,0,0.38999999999999996,0,0,0,0,1.9999999999799999e-10,-1.9999999999799999e-10,0,0,false,false,5.7758710000000004,0,0,false,0,-0,0,129.88440000000003,129.88440000000003,0,0,0,0,0,0,0,0,0,0,0,0,0,0,0,0,0,0,0
0.23000000000000001,approach_stop,40,40,0.20000000000000001,0.0050000000000000001,0,0,0,0,3.2000000000000002,0,0,0,0,3.2000000000000002,0,-2.5759857489792159e-16,free_flight_controlled,sep_nmpc_adapted,formal_acados,0.22500000000000001,0,0.38999999999999996,0,0,0,0,1.9999999999799999e-10,-1.9999999999799999e-10,0,0,false,false,5.7758710000000004,0,0,false,0,-0,0,129.88440000000003,129.88440000000003,0,0,0,0,0,0,0,0,0,0,0,0,0,0,0,0,0,0,0
0.23500000000000001,approach_stop,40,40,0.20000000000000001,0.0050000000000000001,0,0,0,0,3.2000000000000002,0,0,0,0,3.2000000000000002,0,-2.5759857489792159e-16,free_flight_controlled,sep_nmpc_adapted,formal_acados,0.22500000000000001,0,0.38999999999999996,0,0,0,0,1.9999999999799999e-10,-1.9999999999799999e-10,0,0,false,false,5.7758710000000004,0,0,false,0,-0,0,129.88440000000003,129.88440000000003,0,0,0,0,0,0,0,0,0,0,0,0,0,0,0,0,0,0,0
0.23999999999999999,approach_stop,40,40,0.20000000000000001,0.0050000000000000001,0,0,0,0,3.2000000000000002,0,0,0,0,3.2000000000000002,0,-2.5759857489792159e-16,free_flight_controlled,sep_nmpc_adapted,formal_acados,0.22500000000000001,0,0.38999999999999996,0,0,0,0,1.9999999999799999e-10,-1.9999999999799999e-10,0,0,false,false,5.7758710000000004,0,0,false,0,-0,0,129.88440000000003,129.88440000000003,0,0,0,0,0,0,0,0,0,0,0,0,0,0,0,0,0,0,0
0.245,approach_stop,40,40,0.20000000000000001,0.0050000000000000001,0,0,0,0,3.2000000000000002,0,0,0,0,3.2000000000000002,0,-2.5759857489792159e-16,free_flight_controlled,sep_nmpc_adapted,formal_acados,0.22500000000000001,0,0.38999999999999996,0,0,0,0,1.9999999999799999e-10,-1.9999999999799999e-10,0,0,false,false,5.7758710000000004,0,0,false,0,-0,0,129.88440000000003,129.88440000000003,0,0,0,0,0,0,0,0,0,0,0,0,0,0,0,0,0,0,0
0.25,approach_stop,40,40,0.20000000000000001,0.0050000000000000001,0,0,0,0,3.2000000000000002,0,0,0,0,3.2000000000000002,0,-2.5759857489792159e-16,free_flight_controlled,sep_nmpc_adapted,formal_acados,0.22500000000000001,0,0.38999999999999996,0,0,0,0,1.9999999999799999e-10,-1.9999999999799999e-10,0,0,false,false,5.802136,0,0,false,0,-0,0,129.88440000000003,129.88440000000003,0,0,0,0,0,0,0,0,0,0,0,0,0,0,0,0,0,0,0
0.255,approach_stop,40,40,0.20000000000000001,0.0050000000000000001,0,0,0,0,3.2000000000000002,0,0,0,0,3.2000000000000002,0,-2.5759857489792159e-16,free_flight_controlled,sep_nmpc_adapted,formal_acados,0.22500000000000001,0,0.38999999999999996,0,0,0,0,1.9999999999799999e-10,-1.9999999999799999e-10,0,0,false,false,5.802136,0,0,false,0,-0,0,129.88440000000003,129.88440000000003,0,0,0,0,0,0,0,0,0,0,0,0,0,0,0,0,0,0,0
0.26000000000000001,approach_stop,40,40,0.20000000000000001,0.0050000000000000001,0,0,0,0,3.2000000000000002,0,0,0,0,3.2000000000000002,0,-2.5759857489792159e-16,free_flight_controlled,sep_nmpc_adapted,formal_acados,0.22500000000000001,0,0.38999999999999996,0,0,0,0,1.9999999999799999e-10,-1.9999999999799999e-10,0,0,false,false,5.802136,0,0,false,0,-0,0,129.88440000000003,129.88440000000003,0,0,0,0,0,0,0,0,0,0,0,0,0,0,0,0,0,0,0
0.26500000000000001,approach_stop,40,40,0.20000000000000001,0.0050000000000000001,0,0,0,0,3.2000000000000002,0,0,0,0,3.2000000000000002,0,-2.5759857489792159e-16,free_flight_controlled,sep_nmpc_adapted,formal_acados,0.22500000000000001,0,0.38999999999999996,0,0,0,0,1.9999999999799999e-10,-1.9999999999799999e-10,0,0,false,false,5.802136,0,0,false,0,-0,0,129.88440000000003,129.88440000000003,0,0,0,0,0,0,0,0,0,0,0,0,0,0,0,0,0,0,0
0.27000000000000002,approach_stop,40,40,0.20000000000000001,0.0050000000000000001,0,0,0,0,3.2000000000000002,0,0,0,0,3.2000000000000002,0,-2.5759857489792159e-16,free_flight_controlled,sep_nmpc_adapted,formal_acados,0.22500000000000001,0,0.38999999999999996,0,0,0,0,1.9999999999799999e-10,-1.9999999999799999e-10,0,0,false,false,5.802136,0,0,false,0,-0,0,129.88440000000003,129.88440000000003,0,0,0,0,0,0,0,0,0,0,0,0,0,0,0,0,0,0,0
0.27500000000000002,approach_stop,40,40,0.20000000000000001,0.0050000000000000001,0,0,0,0,3.2000000000000002,0,0,0,0,3.2000000000000002,0,-2.5759857489792159e-16,free_flight_controlled,sep_nmpc_adapted,formal_acados,0.22500000000000001,0,0.38999999999999996,0,0,0,0,1.9999999999799999e-10,-1.9999999999799999e-10,0,0,false,false,5.802136,0,0,false,0,-0,0,129.88440000000003,129.88440000000003,0,0,0,0,0,0,0,0,0,0,0,0,0,0,0,0,0,0,0
0.28000000000000003,approach_stop,40,40,0.20000000000000001,0.0050000000000000001,0,0,0,0,3.2000000000000002,0,0,0,0,3.2000000000000002,0,-2.5759857489792159e-16,free_flight_controlled,sep_nmpc_adapted,formal_acados,0.22500000000000001,0,0.38999999999999996,0,0,0,0,1.9999999999799999e-10,-1.9999999999799999e-10,0,0,false,false,5.802136,0,0,false,0,-0,0,129.88440000000003,129.88440000000003,0,0,0,0,0,0,0,0,0,0,0,0,0,0,0,0,0,0,0
0.28500000000000003,approach_stop,40,40,0.20000000000000001,0.0050000000000000001,0,0,0,0,3.2000000000000002,0,0,0,0,3.2000000000000002,0,-2.5759857489792159e-16,free_flight_controlled,sep_nmpc_adapted,formal_acados,0.22500000000000001,0,0.38999999999999996,0,0,0,0,1.9999999999799999e-10,-1.9999999999799999e-10,0,0,false,false,5.802136,0,0,false,0,-0,0,129.88440000000003,129.88440000000003,0,0,0,0,0,0,0,0,0,0,0,0,0,0,0,0,0,0,0
0.28999999999999998,approach_stop,40,40,0.20000000000000001,0.0050000000000000001,0,0,0,0,3.2000000000000002,0,0,0,0,3.2000000000000002,0,-2.5759857489792159e-16,free_flight_controlled,sep_nmpc_adapted,formal_acados,0.22500000000000001,0,0.38999999999999996,0,0,0,0,1.9999999999799999e-10,-1.9999999999799999e-10,0,0,false,false,5.802136,0,0,false,0,-0,0,129.88440000000003,129.88440000000003,0,0,0,0,0,0,0,0,0,0,0,0,0,0,0,0,0,0,0
0.29499999999999998,approach_stop,40,40,0.20000000000000001,0.0050000000000000001,0,0,0,0,3.2000000000000002,0,0,0,0,3.2000000000000002,0,-2.5759857489792159e-16,free_flight_controlled,sep_nmpc_adapted,formal_acados,0.22500000000000001,0,0.38999999999999996,0,0,0,0,1.9999999999799999e-10,-1.9999999999799999e-10,0,0,false,false,5.802136,0,0,false,0,-0,0,129.88440000000003,129.88440000000003,0,0,0,0,0,0,0,0,0,0,0,0,0,0,0,0,0,0,0
0.29999999999999999,approach_stop,40,40,0.20000000000000001,0.0050000000000000001,0,0,0,0,3.2000000000000002,0,0,0,0,3.2000000000000002,0,-2.5759857489792159e-16,free_flight_controlled,sep_nmpc_adapted,formal_acados,0.22500000000000001,0,0.38999999999999996,0,0,0,0,1.9999999999799999e-10,-1.9999999999799999e-10,0,0,false,false,5.7206609999999998,0,0,false,0,-0,0,129.88440000000003,129.88440000000003,0,0,0,0,0,0,0,0,0,0,0,0,0,0,0,0,0,0,0
0.30499999999999999,approach_stop,40,40,0.20000000000000001,0.0050000000000000001,0,0,0,0,3.2000000000000002,0,0,0,0,3.2000000000000002,0,-2.5759857489792159e-16,free_flight_controlled,sep_nmpc_adapted,formal_acados,0.22500000000000001,0,0.38999999999999996,0,0,0,0,1.9999999999799999e-10,-1.9999999999799999e-10,0,0,false,false,5.7206609999999998,0,0,false,0,-0,0,129.88440000000003,129.88440000000003,0,0,0,0,0,0,0,0,0,0,0,0,0,0,0,0,0,0,0
0.31,approach_stop,40,40,0.20000000000000001,0.0050000000000000001,0,0,0,0,3.2000000000000002,0,0,0,0,3.2000000000000002,0,-2.5759857489792159e-16,free_flight_controlled,sep_nmpc_adapted,formal_acados,0.22500000000000001,0,0.38999999999999996,0,0,0,0,1.9999999999799999e-10,-1.9999999999799999e-10,0,0,false,false,5.7206609999999998,0,0,false,0,-0,0,129.88440000000003,129.88440000000003,0,0,0,0,0,0,0,0,0,0,0,0,0,0,0,0,0,0,0
0.315,approach_stop,40,40,0.20000000000000001,0.0050000000000000001,0,0,0,0,3.2000000000000002,0,0,0,0,3.2000000000000002,0,-2.5759857489792159e-16,free_flight_controlled,sep_nmpc_adapted,formal_acados,0.22500000000000001,0,0.38999999999999996,0,0,0,0,1.9999999999799999e-10,-1.9999999999799999e-10,0,0,false,false,5.7206609999999998,0,0,false,0,-0,0,129.88440000000003,129.88440000000003,0,0,0,0,0,0,0,0,0,0,0,0,0,0,0,0,0,0,0
0.32000000000000001,approach_stop,40,40,0.20000000000000001,0.0050000000000000001,0,0,0,0,3.2000000000000002,0,0,0,0,3.2000000000000002,0,-2.5759857489792159e-16,free_flight_controlled,sep_nmpc_adapted,formal_acados,0.22500000000000001,0,0.38999999999999996,0,0,0,0,1.9999999999799999e-10,-1.9999999999799999e-10,0,0,false,false,5.7206609999999998,0,0,false,0,-0,0,129.88440000000003,129.88440000000003,0,0,0,0,0,0,0,0,0,0,0,0,0,0,0,0,0,0,0
0.32500000000000001,approach_stop,40,40,0.20000000000000001,0.0050000000000000001,0,0,0,0,3.2000000000000002,0,0,0,0,3.2000000000000002,0,-2.5759857489792159e-16,free_flight_controlled,sep_nmpc_adapted,formal_acados,0.22500000000000001,0,0.38999999999999996,0,0,0,0,1.9999999999799999e-10,-1.9999999999799999e-10,0,0,false,false,5.7206609999999998,0,0,false,0,-0,0,129.88440000000003,129.88440000000003,0,0,0,0,0,0,0,0,0,0,0,0,0,0,0,0,0,0,0
0.33000000000000002,approach_stop,40,40,0.20000000000000001,0.0050000000000000001,0,0,0,0,3.2000000000000002,0,0,0,0,3.2000000000000002,0,-2.5759857489792159e-16,free_flight_controlled,sep_nmpc_adapted,formal_acados,0.22500000000000001,0,0.38999999999999996,0,0,0,0,1.9999999999799999e-10,-1.9999999999799999e-10,0,0,false,false,5.7206609999999998,0,0,false,0,-0,0,129.88440000000003,129.88440000000003,0,0,0,0,0,0,0,0,0,0,0,0,0,0,0,0,0,0,0
0.33500000000000002,approach_stop,40,40,0.20000000000000001,0.0050000000000000001,0,0,0,0,3.2000000000000002,0,0,0,0,3.2000000000000002,0,-2.5759857489792159e-16,free_flight_controlled,sep_nmpc_adapted,formal_acados,0.22500000000000001,0,0.38999999999999996,0,0,0,0,1.9999999999799999e-10,-1.9999999999799999e-10,0,0,false,false,5.7206609999999998,0,0,false,0,-0,0,129.88440000000003,129.88440000000003,0,0,0,0,0,0,0,0,0,0,0,0,0,0,0,0,0,0,0
0.34000000000000002,approach_stop,40,40,0.20000000000000001,0.0050000000000000001,0,0,0,0,3.2000000000000002,0,0,0,0,3.2000000000000002,0,-2.5759857489792159e-16,free_flight_controlled,sep_nmpc_adapted,formal_acados,0.22500000000000001,0,0.38999999999999996,0,0,0,0,1.9999999999799999e-10,-1.9999999999799999e-10,0,0,false,false,5.7206609999999998,0,0,false,0,-0,0,129.88440000000003,129.88440000000003,0,0,0,0,0,0,0,0,0,0,0,0,0,0,0,0,0,0,0
0.34500000000000003,approach_stop,40,40,0.20000000000000001,0.0050000000000000001,0,0,0,0,3.2000000000000002,0,0,0,0,3.2000000000000002,0,-2.5759857489792159e-16,free_flight_controlled,sep_nmpc_adapted,formal_acados,0.22500000000000001,0,0.38999999999999996,0,0,0,0,1.9999999999799999e-10,-1.9999999999799999e-10,0,0,false,false,5.7206609999999998,0,0,false,0,-0,0,129.88440000000003,129.88440000000003,0,0,0,0,0,0,0,0,0,0,0,0,0,0,0,0,0,0,0
0.35000000000000003,approach_stop,40,40,0.20000000000000001,0.0050000000000000001,0,0,0,0,3.2000000000000002,0,0,0,0,3.2000000000000002,0,-2.5759857489792159e-16,free_flight_controlled,sep_nmpc_adapted,formal_acados,0.22500000000000001,0,0.38999999999999996,0,0,0,0,1.9999999999799999e-10,-1.9999999999799999e-10,0,0,false,false,5.714791,0,0,false,0,-0,0,129.88440000000003,129.88440000000003,0,0,0,0,0,0,0,0,0,0,0,0,0,0,0,0,0,0,0
0.35499999999999998,approach_stop,40,40,0.20000000000000001,0.0050000000000000001,0,0,0,0,3.2000000000000002,0,0,0,0,3.2000000000000002,0,-2.5759857489792159e-16,free_flight_controlled,sep_nmpc_adapted,formal_acados,0.22500000000000001,0,0.38999999999999996,0,0,0,0,1.9999999999799999e-10,-1.9999999999799999e-10,0,0,false,false,5.714791,0,0,false,0,-0,0,129.88440000000003,129.88440000000003,0,0,0,0,0,0,0,0,0,0,0,0,0,0,0,0,0,0,0
0.35999999999999999,approach_stop,40,40,0.20000000000000001,0.0050000000000000001,0,0,0,0,3.2000000000000002,0,0,0,0,3.2000000000000002,0,-2.5759857489792159e-16,free_flight_controlled,sep_nmpc_adapted,formal_acados,0.22500000000000001,0,0.38999999999999996,0,0,0,0,1.9999999999799999e-10,-1.9999999999799999e-10,0,0,false,false,5.714791,0,0,false,0,-0,0,129.88440000000003,129.88440000000003,0,0,0,0,0,0,0,0,0,0,0,0,0,0,0,0,0,0,0
0.36499999999999999,approach_stop,40,40,0.20000000000000001,0.0050000000000000001,0,0,0,0,3.2000000000000002,0,0,0,0,3.2000000000000002,0,-2.5759857489792159e-16,free_flight_controlled,sep_nmpc_adapted,formal_acados,0.22500000000000001,0,0.38999999999999996,0,0,0,0,1.9999999999799999e-10,-1.9999999999799999e-10,0,0,false,false,5.714791,0,0,false,0,-0,0,129.88440000000003,129.88440000000003,0,0,0,0,0,0,0,0,0,0,0,0,0,0,0,0,0,0,0
0.37,approach_stop,40,40,0.20000000000000001,0.0050000000000000001,0,0,0,0,3.2000000000000002,0,0,0,0,3.2000000000000002,0,-2.5759857489792159e-16,free_flight_controlled,sep_nmpc_adapted,formal_acados,0.22500000000000001,0,0.38999999999999996,0,0,0,0,1.9999999999799999e-10,-1.9999999999799999e-10,0,0,false,false,5.714791,0,0,false,0,-0,0,129.88440000000003,129.88440000000003,0,0,0,0,0,0,0,0,0,0,0,0,0,0,0,0,0,0,0
0.375,approach_stop,40,40,0.20000000000000001,0.0050000000000000001,0,0,0,0,3.2000000000000002,0,0,0,0,3.2000000000000002,0,-2.5759857489792159e-16,free_flight_controlled,sep_nmpc_adapted,formal_acados,0.22500000000000001,0,0.38999999999999996,0,0,0,0,1.9999999999799999e-10,-1.9999999999799999e-10,0,0,false,false,5.714791,0,0,false,0,-0,0,129.88440000000003,129.88440000000003,0,0,0,0,0,0,0,0,0,0,0,0,0,0,0,0,0,0,0
0.38,approach_stop,40,40,0.20000000000000001,0.0050000000000000001,0,0,0,0,3.2000000000000002,0,0,0,0,3.2000000000000002,0,-2.5759857489792159e-16,free_flight_controlled,sep_nmpc_adapted,formal_acados,0.22500000000000001,0,0.38999999999999996,0,0,0,0,1.9999999999799999e-10,-1.9999999999799999e-10,0,0,false,false,5.714791,0,0,false,0,-0,0,129.88440000000003,129.88440000000003,0,0,0,0,0,0,0,0,0,0,0,0,0,0,0,0,0,0,0
0.38500000000000001,approach_stop,40,40,0.20000000000000001,0.0050000000000000001,0,0,0,0,3.2000000000000002,0,0,0,0,3.2000000000000002,0,-2.5759857489792159e-16,free_flight_controlled,sep_nmpc_adapted,formal_acados,0.22500000000000001,0,0.38999999999999996,0,0,0,0,1.9999999999799999e-10,-1.9999999999799999e-10,0,0,false,false,5.714791,0,0,false,0,-0,0,129.88440000000003,129.88440000000003,0,0,0,0,0,0,0,0,0,0,0,0,0,0,0,0,0,0,0
0.39000000000000001,approach_stop,40,40,0.20000000000000001,0.0050000000000000001,0,0,0,0,3.2000000000000002,0,0,0,0,3.2000000000000002,0,-2.5759857489792159e-16,free_flight_controlled,sep_nmpc_adapted,formal_acados,0.22500000000000001,0,0.38999999999999996,0,0,0,0,1.9999999999799999e-10,-1.9999999999799999e-10,0,0,false,false,5.714791,0,0,false,0,-0,0,129.88440000000003,129.88440000000003,0,0,0,0,0,0,0,0,0,0,0,0,0,0,0,0,0,0,0
0.39500000000000002,approach_stop,40,40,0.20000000000000001,0.0050000000000000001,0,0,0,0,3.2000000000000002,0,0,0,0,3.2000000000000002,0,-2.5759857489792159e-16,free_flight_controlled,sep_nmpc_adapted,formal_acados,0.22500000000000001,0,0.38999999999999996,0,0,0,0,1.9999999999799999e-10,-1.9999999999799999e-10,0,0,false,false,5.714791,0,0,false,0,-0,0,129.88440000000003,129.88440000000003,0,0,0,0,0,0,0,0,0,0,0,0,0,0,0,0,0,0,0
0.40000000000000002,approach_stop,40,40,0.20000000000000001,0.0050000000000000001,0,0,0,0,3.2000000000000002,0,0,0,0,3.2000000000000002,0,-2.5759857489792159e-16,free_flight_controlled,sep_nmpc_adapted,formal_acados,0.22500000000000001,0,0.38999999999999996,0,0,0,0,1.9999999999799999e-10,-1.9999999999799999e-10,0,0,false,false,5.7604800000000003,0,0,false,0,-0,0,129.88440000000003,129.88440000000003,0,0,0,0,0,0,0,0,0,0,0,0,0,0,0,0,0,0,0
0.40500000000000003,approach_stop,40,40,0.20000000000000001,0.0050000000000000001,0,0,0,0,3.2000000000000002,0,0,0,0,3.2000000000000002,0,-2.5759857489792159e-16,free_flight_controlled,sep_nmpc_adapted,formal_acados,0.22500000000000001,0,0.38999999999999996,0,0,0,0,1.9999999999799999e-10,-1.9999999999799999e-10,0,0,false,false,5.7604800000000003,0,0,false,0,-0,0,129.88440000000003,129.88440000000003,0,0,0,0,0,0,0,0,0,0,0,0,0,0,0,0,0,0,0
0.41000000000000003,approach_stop,40,40,0.20000000000000001,0.0050000000000000001,0,0,0,0,3.2000000000000002,0,0,0,0,3.2000000000000002,0,-2.5759857489792159e-16,free_flight_controlled,sep_nmpc_adapted,formal_acados,0.22500000000000001,0,0.38999999999999996,0,0,0,0,1.9999999999799999e-10,-1.9999999999799999e-10,0,0,false,false,5.7604800000000003,0,0,false,0,-0,0,129.88440000000003,129.88440000000003,0,0,0,0,0,0,0,0,0,0,0,0,0,0,0,0,0,0,0
0.41500000000000004,approach_stop,40,40,0.20000000000000001,0.0050000000000000001,0,0,0,0,3.2000000000000002,0,0,0,0,3.2000000000000002,0,-2.5759857489792159e-16,free_flight_controlled,sep_nmpc_adapted,formal_acados,0.22500000000000001,0,0.38999999999999996,0,0,0,0,1.9999999999799999e-10,-1.9999999999799999e-10,0,0,false,false,5.7604800000000003,0,0,false,0,-0,0,129.88440000000003,129.88440000000003,0,0,0,0,0,0,0,0,0,0,0,0,0,0,0,0,0,0,0
0.41999999999999998,approach_stop,40,40,0.20000000000000001,0.0050000000000000001,0,0,0,0,3.2000000000000002,0,0,0,0,3.2000000000000002,0,-2.5759857489792159e-16,free_flight_controlled,sep_nmpc_adapted,formal_acados,0.22500000000000001,0,0.38999999999999996,0,0,0,0,1.9999999999799999e-10,-1.9999999999799999e-10,0,0,false,false,5.7604800000000003,0,0,false,0,-0,0,129.88440000000003,129.88440000000003,0,0,0,0,0,0,0,0,0,0,0,0,0,0,0,0,0,0,0
0.42499999999999999,approach_stop,40,40,0.20000000000000001,0.0050000000000000001,0,0,0,0,3.2000000000000002,0,0,0,0,3.2000000000000002,0,-2.5759857489792159e-16,free_flight_controlled,sep_nmpc_adapted,formal_acados,0.22500000000000001,0,0.38999999999999996,0,0,0,0,1.9999999999799999e-10,-1.9999999999799999e-10,0,0,false,false,5.7604800000000003,0,0,false,0,-0,0,129.88440000000003,129.88440000000003,0,0,0,0,0,0,0,0,0,0,0,0,0,0,0,0,0,0,0
0.42999999999999999,approach_stop,40,40,0.20000000000000001,0.0050000000000000001,0,0,0,0,3.2000000000000002,0,0,0,0,3.2000000000000002,0,-2.5759857489792159e-16,free_flight_controlled,sep_nmpc_adapted,formal_acados,0.22500000000000001,0,0.38999999999999996,0,0,0,0,1.9999999999799999e-10,-1.9999999999799999e-10,0,0,false,false,5.7604800000000003,0,0,false,0,-0,0,129.88440000000003,129.88440000000003,0,0,0,0,0,0,0,0,0,0,0,0,0,0,0,0,0,0,0
0.435,approach_stop,40,40,0.20000000000000001,0.0050000000000000001,0,0,0,0,3.2000000000000002,0,0,0,0,3.2000000000000002,0,-2.5759857489792159e-16,free_flight_controlled,sep_nmpc_adapted,formal_acados,0.22500000000000001,0,0.38999999999999996,0,0,0,0,1.9999999999799999e-10,-1.9999999999799999e-10,0,0,false,false,5.7604800000000003,0,0,false,0,-0,0,129.88440000000003,129.88440000000003,0,0,0,0,0,0,0,0,0,0,0,0,0,0,0,0,0,0,0
0.44,approach_stop,40,40,0.20000000000000001,0.0050000000000000001,0,0,0,0,3.2000000000000002,0,0,0,0,3.2000000000000002,0,-2.5759857489792159e-16,free_flight_controlled,sep_nmpc_adapted,formal_acados,0.22500000000000001,0,0.38999999999999996,0,0,0,0,1.9999999999799999e-10,-1.9999999999799999e-10,0,0,false,false,5.7604800000000003,0,0,false,0,-0,0,129.88440000000003,129.88440000000003,0,0,0,0,0,0,0,0,0,0,0,0,0,0,0,0,0,0,0
0.44500000000000001,approach_stop,40,40,0.20000000000000001,0.0050000000000000001,0,0,0,0,3.2000000000000002,0,0,0,0,3.2000000000000002,0,-2.5759857489792159e-16,free_flight_controlled,sep_nmpc_adapted,formal_acados,0.22500000000000001,0,0.38999999999999996,0,0,0,0,1.9999999999799999e-10,-1.9999999999799999e-10,0,0,false,false,5.7604800000000003,0,0,false,0,-0,0,129.88440000000003,129.88440000000003,0,0,0,0,0,0,0,0,0,0,0,0,0,0,0,0,0,0,0
0.45000000000000001,approach_stop,40,40,0.20000000000000001,0.0050000000000000001,0,0,0,0,3.2000000000000002,0,0,0,0,3.2000000000000002,0,-2.5759857489792159e-16,free_flight_controlled,sep_nmpc_adapted,formal_acados,0.22500000000000001,0,0.38999999999999996,0,0,0,0,1.9999999999799999e-10,-1.9999999999799999e-10,0,0,false,false,5.7445940000000002,0,0,false,0,-0,0,129.88440000000003,129.88440000000003,0,0,0,0,0,0,0,0,0,0,0,0,0,0,0,0,0,0,0
0.45500000000000002,approach_stop,40,40,0.20000000000000001,0.0050000000000000001,0,0,0,0,3.2000000000000002,0,0,0,0,3.2000000000000002,0,-2.5759857489792159e-16,free_flight_controlled,sep_nmpc_adapted,formal_acados,0.22500000000000001,0,0.38999999999999996,0,0,0,0,1.9999999999799999e-10,-1.9999999999799999e-10,0,0,false,false,5.7445940000000002,0,0,false,0,-0,0,129.88440000000003,129.88440000000003,0,0,0,0,0,0,0,0,0,0,0,0,0,0,0,0,0,0,0
0.46000000000000002,approach_stop,40,40,0.20000000000000001,0.0050000000000000001,0,0,0,0,3.2000000000000002,0,0,0,0,3.2000000000000002,0,-2.5759857489792159e-16,free_flight_controlled,sep_nmpc_adapted,formal_acados,0.22500000000000001,0,0.38999999999999996,0,0,0,0,1.9999999999799999e-10,-1.9999999999799999e-10,0,0,false,false,5.7445940000000002,0,0,false,0,-0,0,129.88440000000003,129.88440000000003,0,0,0,0,0,0,0,0,0,0,0,0,0,0,0,0,0,0,0
0.46500000000000002,approach_stop,40,40,0.20000000000000001,0.0050000000000000001,0,0,0,0,3.2000000000000002,0,0,0,0,3.2000000000000002,0,-2.5759857489792159e-16,free_flight_controlled,sep_nmpc_adapted,formal_acados,0.22500000000000001,0,0.38999999999999996,0,0,0,0,1.9999999999799999e-10,-1.9999999999799999e-10,0,0,false,false,5.7445940000000002,0,0,false,0,-0,0,129.88440000000003,129.88440000000003,0,0,0,0,0,0,0,0,0,0,0,0,0,0,0,0,0,0,0
0.47000000000000003,approach_stop,40,40,0.20000000000000001,0.0050000000000000001,0,0,0,0,3.2000000000000002,0,0,0,0,3.2000000000000002,0,-2.5759857489792159e-16,free_flight_controlled,sep_nmpc_adapted,formal_acados,0.22500000000000001,0,0.38999999999999996,0,0,0,0,1.9999999999799999e-10,-1.9999999999799999e-10,0,0,false,false,5.7445940000000002,0,0,false,0,-0,0,129.88440000000003,129.88440000000003,0,0,0,0,0,0,0,0,0,0,0,0,0,0,0,0,0,0,0
0.47500000000000003,approach_stop,40,40,0.20000000000000001,0.0050000000000000001,0,0,0,0,3.2000000000000002,0,0,0,0,3.2000000000000002,0,-2.5759857489792159e-16,free_flight_controlled,sep_nmpc_adapted,formal_acados,0.22500000000000001,0,0.38999999999999996,0,0,0,0,1.9999999999799999e-10,-1.9999999999799999e-10,0,0,false,false,5.7445940000000002,0,0,false,0,-0,0,129.88440000000003,129.88440000000003,0,0,0,0,0,0,0,0,0,0,0,0,0,0,0,0,0,0,0
0.47999999999999998,approach_stop,40,40,0.20000000000000001,0.0050000000000000001,0,0,0,0,3.2000000000000002,0,0,0,0,3.2000000000000002,0,-2.5759857489792159e-16,free_flight_controlled,sep_nmpc_adapted,formal_acados,0.22500000000000001,0,0.38999999999999996,0,0,0,0,1.9999999999799999e-10,-1.9999999999799999e-10,0,0,false,false,5.7445940000000002,0,0,false,0,-0,0,129.88440000000003,129.88440000000003,0,0,0,0,0,0,0,0,0,0,0,0,0,0,0,0,0,0,0
0.48499999999999999,approach_stop,40,40,0.20000000000000001,0.0050000000000000001,0,0,0,0,3.2000000000000002,0,0,0,0,3.2000000000000002,0,-2.5759857489792159e-16,free_flight_controlled,sep_nmpc_adapted,formal_acados,0.22500000000000001,0,0.38999999999999996,0,0,0,0,1.9999999999799999e-10,-1.9999999999799999e-10,0,0,false,false,5.7445940000000002,0,0,false,0,-0,0,129.88440000000003,129.88440000000003,0,0,0,0,0,0,0,0,0,0,0,0,0,0,0,0,0,0,0
0.48999999999999999,approach_stop,40,40,0.20000000000000001,0.0050000000000000001,0,0,0,0,3.2000000000000002,0,0,0,0,3.2000000000000002,0,-2.5759857489792159e-16,free_flight_controlled,sep_nmpc_adapted,formal_acados,0.22500000000000001,0,0.38999999999999996,0,0,0,0,1.9999999999799999e-10,-1.9999999999799999e-10,0,0,false,false,5.7445940000000002,0,0,false,0,-0,0,129.88440000000003,129.88440000000003,0,0,0,0,0,0,0,0,0,0,0,0,0,0,0,0,0,0,0
0.495,approach_stop,40,40,0.20000000000000001,0.0050000000000000001,0,0,0,0,3.2000000000000002,0,0,0,0,3.2000000000000002,0,-2.5759857489792159e-16,free_flight_controlled,sep_nmpc_adapted,formal_acados,0.22500000000000001,0,0.38999999999999996,0,0,0,0,1.9999999999799999e-10,-1.9999999999799999e-10,0,0,false,false,5.7445940000000002,0,0,false,0,-0,0,129.88440000000003,129.88440000000003,0,0,0,0,0,0,0,0,0,0,0,0,0,0,0,0,0,0,0
0.5,approach_stop,40,40,0.20000000000000001,0.0050000000000000001,0,0,0,0,3.2000000000000002,0,0,0,0,3.2000000000000002,0,-2.5759857489792159e-16,free_flight_controlled,sep_nmpc_adapted,formal_acados,0.22500000000000001,0,0.38999999999999996,0,0,0,0,1.9999999999799999e-10,-1.9999999999799999e-10,0,0,false,false,5.7872190000000003,0,0,false,0,-0,0,129.88440000000003,129.88440000000003,0,0,0,0,0,0,0,0,0,0,0,0,0,0,0,0,0,0,0
0.505,approach_stop,40,40,0.20000000000000001,0.0050000000000000001,0,0,0,0,3.2000000000000002,0,0,0,0,3.2000000000000002,0,-2.5759857489792159e-16,free_flight_controlled,sep_nmpc_adapted,formal_acados,0.22500000000000001,0,0.38999999999999996,0,0,0,0,1.9999999999799999e-10,-1.9999999999799999e-10,0,0,false,false,5.7872190000000003,0,0,false,0,-0,0,129.88440000000003,129.88440000000003,0,0,0,0,0,0,0,0,0,0,0,0,0,0,0,0,0,0,0
0.51000000000000001,approach_stop,40,40,0.20000000000000001,0.0050000000000000001,0,0,0,0,3.2000000000000002,0,0,0,0,3.2000000000000002,0,-2.5759857489792159e-16,free_flight_controlled,sep_nmpc_adapted,formal_acados,0.22500000000000001,0,0.38999999999999996,0,0,0,0,1.9999999999799999e-10,-1.9999999999799999e-10,0,0,false,false,5.7872190000000003,0,0,false,0,-0,0,129.88440000000003,129.88440000000003,0,0,0,0,0,0,0,0,0,0,0,0,0,0,0,0,0,0,0
0.51500000000000001,approach_stop,40,40,0.20000000000000001,0.0050000000000000001,0,0,0,0,3.2000000000000002,0,0,0,0,3.2000000000000002,0,-2.5759857489792159e-16,free_flight_controlled,sep_nmpc_adapted,formal_acados,0.22500000000000001,0,0.38999999999999996,0,0,0,0,1.9999999999799999e-10,-1.9999999999799999e-10,0,0,false,false,5.7872190000000003,0,0,false,0,-0,0,129.88440000000003,129.88440000000003,0,0,0,0,0,0,0,0,0,0,0,0,0,0,0,0,0,0,0
0.52000000000000002,approach_stop,40,40,0.20000000000000001,0.0050000000000000001,0,0,0,0,3.2000000000000002,0,0,0,0,3.2000000000000002,0,-2.5759857489792159e-16,free_flight_controlled,sep_nmpc_adapted,formal_acados,0.22500000000000001,0,0.38999999999999996,0,0,0,0,1.9999999999799999e-10,-1.9999999999799999e-10,0,0,false,false,5.7872190000000003,0,0,false,0,-0,0,129.88440000000003,129.88440000000003,0,0,0,0,0,0,0,0,0,0,0,0,0,0,0,0,0,0,0
0.52500000000000002,approach_stop,40,40,0.20000000000000001,0.0050000000000000001,0,0,0,0,3.2000000000000002,0,0,0,0,3.2000000000000002,0,-2.5759857489792159e-16,free_flight_controlled,sep_nmpc_adapted,formal_acados,0.22500000000000001,0,0.38999999999999996,0,0,0,0,1.9999999999799999e-10,-1.9999999999799999e-10,0,0,false,false,5.7872190000000003,0,0,false,0,-0,0,129.88440000000003,129.88440000000003,0,0,0,0,0,0,0,0,0,0,0,0,0,0,0,0,0,0,0
0.53000000000000003,approach_stop,40,40,0.20000000000000001,0.0050000000000000001,0,0,0,0,3.2000000000000002,0,0,0,0,3.2000000000000002,0,-2.5759857489792159e-16,free_flight_controlled,sep_nmpc_adapted,formal_acados,0.22500000000000001,0,0.38999999999999996,0,0,0,0,1.9999999999799999e-10,-1.9999999999799999e-10,0,0,false,false,5.7872190000000003,0,0,false,0,-0,0,129.88440000000003,129.88440000000003,0,0,0,0,0,0,0,0,0,0,0,0,0,0,0,0,0,0,0
0.53500000000000003,approach_stop,40,40,0.20000000000000001,0.0050000000000000001,0,0,0,0,3.2000000000000002,0,0,0,0,3.2000000000000002,0,-2.5759857489792159e-16,free_flight_controlled,sep_nmpc_adapted,formal_acados,0.22500000000000001,0,0.38999999999999996,0,0,0,0,1.9999999999799999e-10,-1.9999999999799999e-10,0,0,false,false,5.7872190000000003,0,0,false,0,-0,0,129.88440000000003,129.88440000000003,0,0,0,0,0,0,0,0,0,0,0,0,0,0,0,0,0,0,0
0.54000000000000004,approach_stop,40,40,0.20000000000000001,0.0050000000000000001,0,0,0,0,3.2000000000000002,0,0,0,0,3.2000000000000002,0,-2.5759857489792159e-16,free_flight_controlled,sep_nmpc_adapted,formal_acados,0.22500000000000001,0,0.38999999999999996,0,0,0,0,1.9999999999799999e-10,-1.9999999999799999e-10,0,0,false,false,5.7872190000000003,0,0,false,0,-0,0,129.88440000000003,129.88440000000003,0,0,0,0,0,0,0,0,0,0,0,0,0,0,0,0,0,0,0
0.54500000000000004,approach_stop,40,40,0.20000000000000001,0.0050000000000000001,0,0,0,0,3.2000000000000002,0,0,0,0,3.2000000000000002,0,-2.5759857489792159e-16,free_flight_controlled,sep_nmpc_adapted,formal_acados,0.22500000000000001,0,0.38999999999999996,0,0,0,0,1.9999999999799999e-10,-1.9999999999799999e-10,0,0,false,false,5.7872190000000003,0,0,false,0,-0,0,129.88440000000003,129.88440000000003,0,0,0,0,0,0,0,0,0,0,0,0,0,0,0,0,0,0,0
0.55000000000000004,approach_stop,40,40,0.20000000000000001,0.0050000000000000001,0,0,0,0,3.2000000000000002,0,0,0,0,3.2000000000000002,0,-2.5759857489792159e-16,free_flight_controlled,sep_nmpc_adapted,formal_acados,0.22500000000000001,0,0.38999999999999996,0,0,0,0,1.9999999999799999e-10,-1.9999999999799999e-10,0,0,false,false,5.7389150000000004,0,0,false,0,-0,0,129.88440000000003,129.88440000000003,0,0,0,0,0,0,0,0,0,0,0,0,0,0,0,0,0,0,0
0.55500000000000005,approach_stop,40,40,0.20000000000000001,0.0050000000000000001,0,0,0,0,3.2000000000000002,0,0,0,0,3.2000000000000002,0,-2.5759857489792159e-16,free_flight_controlled,sep_nmpc_adapted,formal_acados,0.22500000000000001,0,0.38999999999999996,0,0,0,0,1.9999999999799999e-10,-1.9999999999799999e-10,0,0,false,false,5.7389150000000004,0,0,false,0,-0,0,129.88440000000003,129.88440000000003,0,0,0,0,0,0,0,0,0,0,0,0,0,0,0,0,0,0,0
0.56000000000000005,approach_stop,40,40,0.20000000000000001,0.0050000000000000001,0,0,0,0,3.2000000000000002,0,0,0,0,3.2000000000000002,0,-2.5759857489792159e-16,free_flight_controlled,sep_nmpc_adapted,formal_acados,0.22500000000000001,0,0.38999999999999996,0,0,0,0,1.9999999999799999e-10,-1.9999999999799999e-10,0,0,false,false,5.7389150000000004,0,0,false,0,-0,0,129.88440000000003,129.88440000000003,0,0,0,0,0,0,0,0,0,0,0,0,0,0,0,0,0,0,0
0.56500000000000006,approach_stop,40,40,0.20000000000000001,0.0050000000000000001,0,0,0,0,3.2000000000000002,0,0,0,0,3.2000000000000002,0,-2.5759857489792159e-16,free_flight_controlled,sep_nmpc_adapted,formal_acados,0.22500000000000001,0,0.38999999999999996,0,0,0,0,1.9999999999799999e-10,-1.9999999999799999e-10,0,0,false,false,5.7389150000000004,0,0,false,0,-0,0,129.88440000000003,129.88440000000003,0,0,0,0,0,0,0,0,0,0,0,0,0,0,0,0,0,0,0
0.57000000000000006,approach_stop,40,40,0.20000000000000001,0.0050000000000000001,0,0,0,0,3.2000000000000002,0,0,0,0,3.2000000000000002,0,-2.5759857489792159e-16,free_flight_controlled,sep_nmpc_adapted,formal_acados,0.22500000000000001,0,0.38999999999999996,0,0,0,0,1.9999999999799999e-10,-1.9999999999799999e-10,0,0,false,false,5.7389150000000004,0,0,false,0,-0,0,129.88440000000003,129.88440000000003,0,0,0,0,0,0,0,0,0,0,0,0,0,0,0,0,0,0,0
0.57500000000000007,approach_stop,40,40,0.20000000000000001,0.0050000000000000001,0,0,0,0,3.2000000000000002,0,0,0,0,3.2000000000000002,0,-2.5759857489792159e-16,free_flight_controlled,sep_nmpc_adapted,formal_acados,0.22500000000000001,0,0.38999999999999996,0,0,0,0,1.9999999999799999e-10,-1.9999999999799999e-10,0,0,false,false,5.7389150000000004,0,0,false,0,-0,0,129.88440000000003,129.88440000000003,0,0,0,0,0,0,0,0,0,0,0,0,0,0,0,0,0,0,0
0.57999999999999996,approach_stop,40,40,0.20000000000000001,0.0050000000000000001,0,0,0,0,3.2000000000000002,0,0,0,0,3.2000000000000002,0,-2.5759857489792159e-16,free_flight_controlled,sep_nmpc_adapted,formal_acados,0.22500000000000001,0,0.38999999999999996,0,0,0,0,1.9999999999799999e-10,-1.9999999999799999e-10,0,0,false,false,5.7389150000000004,0,0,false,0,-0,0,129.88440000000003,129.88440000000003,0,0,0,0,0,0,0,0,0,0,0,0,0,0,0,0,0,0,0
0.58499999999999996,approach_stop,40,40,0.20000000000000001,0.0050000000000000001,0,0,0,0,3.2000000000000002,0,0,0,0,3.2000000000000002,0,-2.5759857489792159e-16,free_flight_controlled,sep_nmpc_adapted,formal_acados,0.22500000000000001,0,0.38999999999999996,0,0,0,0,1.9999999999799999e-10,-1.9999999999799999e-10,0,0,false,false,5.7389150000000004,0,0,false,0,-0,0,129.88440000000003,129.88440000000003,0,0,0,0,0,0,0,0,0,0,0,0,0,0,0,0,0,0,0
0.58999999999999997,approach_stop,40,40,0.20000000000000001,0.0050000000000000001,0,0,0,0,3.2000000000000002,0,0,0,0,3.2000000000000002,0,-2.5759857489792159e-16,free_flight_controlled,sep_nmpc_adapted,formal_acados,0.22500000000000001,0,0.38999999999999996,0,0,0,0,1.9999999999799999e-10,-1.9999999999799999e-10,0,0,false,false,5.7389150000000004,0,0,false,0,-0,0,129.88440000000003,129.88440000000003,0,0,0,0,0,0,0,0,0,0,0,0,0,0,0,0,0,0,0
0.59499999999999997,approach_stop,40,40,0.20000000000000001,0.0050000000000000001,0,0,0,0,3.2000000000000002,0,0,0,0,3.2000000000000002,0,-2.5759857489792159e-16,free_flight_controlled,sep_nmpc_adapted,formal_acados,0.22500000000000001,0,0.38999999999999996,0,0,0,0,1.9999999999799999e-10,-1.9999999999799999e-10,0,0,false,false,5.7389150000000004,0,0,false,0,-0,0,129.88440000000003,129.88440000000003,0,0,0,0,0,0,0,0,0,0,0,0,0,0,0,0,0,0,0
0.59999999999999998,approach_stop,40,40,0.20000000000000001,0.0050000000000000001,0,0,0,0,3.2000000000000002,0,0,0,0,3.2000000000000002,0,-2.5759857489792159e-16,free_flight_controlled,sep_nmpc_adapted,formal_acados,0.22500000000000001,0,0.38999999999999996,0,0,0,0,1.9999999999799999e-10,-1.9999999999799999e-10,0,0,false,false,5.7039859999999996,0,0,false,0,-0,0,129.88440000000003,129.88440000000003,0,0,0,0,0,0,0,0,0,0,0,0,0,0,0,0,0,0,0
0.60499999999999998,approach_stop,40,40,0.20000000000000001,0.0050000000000000001,0,0,0,0,3.2000000000000002,0,0,0,0,3.2000000000000002,0,-2.5759857489792159e-16,free_flight_controlled,sep_nmpc_adapted,formal_acados,0.22500000000000001,0,0.38999999999999996,0,0,0,0,1.9999999999799999e-10,-1.9999999999799999e-10,0,0,false,false,5.7039859999999996,0,0,false,0,-0,0,129.88440000000003,129.88440000000003,0,0,0,0,0,0,0,0,0,0,0,0,0,0,0,0,0,0,0
0.60999999999999999,approach_stop,40,40,0.20000000000000001,0.0050000000000000001,0,0,0,0,3.2000000000000002,0,0,0,0,3.2000000000000002,0,-2.5759857489792159e-16,free_flight_controlled,sep_nmpc_adapted,formal_acados,0.22500000000000001,0,0.38999999999999996,0,0,0,0,1.9999999999799999e-10,-1.9999999999799999e-10,0,0,false,false,5.7039859999999996,0,0,false,0,-0,0,129.88440000000003,129.88440000000003,0,0,0,0,0,0,0,0,0,0,0,0,0,0,0,0,0,0,0
0.61499999999999999,approach_stop,40,40,0.20000000000000001,0.0050000000000000001,0,0,0,0,3.2000000000000002,0,0,0,0,3.2000000000000002,0,-2.5759857489792159e-16,free_flight_controlled,sep_nmpc_adapted,formal_acados,0.22500000000000001,0,0.38999999999999996,0,0,0,0,1.9999999999799999e-10,-1.9999999999799999e-10,0,0,false,false,5.7039859999999996,0,0,false,0,-0,0,129.88440000000003,129.88440000000003,0,0,0,0,0,0,0,0,0,0,0,0,0,0,0,0,0,0,0
0.62,approach_stop,40,40,0.20000000000000001,0.0050000000000000001,0,0,0,0,3.2000000000000002,0,0,0,0,3.2000000000000002,0,-2.5759857489792159e-16,free_flight_controlled,sep_nmpc_adapted,formal_acados,0.22500000000000001,0,0.38999999999999996,0,0,0,0,1.9999999999799999e-10,-1.9999999999799999e-10,0,0,false,false,5.7039859999999996,0,0,false,0,-0,0,129.88440000000003,129.88440000000003,0,0,0,0,0,0,0,0,0,0,0,0,0,0,0,0,0,0,0
0.625,approach_stop,40,40,0.20000000000000001,0.0050000000000000001,0,0,0,0,3.2000000000000002,0,0,0,0,3.2000000000000002,0,-2.5759857489792159e-16,free_flight_controlled,sep_nmpc_adapted,formal_acados,0.22500000000000001,0,0.38999999999999996,0,0,0,0,1.9999999999799999e-10,-1.9999999999799999e-10,0,0,false,false,5.7039859999999996,0,0,false,0,-0,0,129.88440000000003,129.88440000000003,0,0,0,0,0,0,0,0,0,0,0,0,0,0,0,0,0,0,0
0.63,approach_stop,40,40,0.20000000000000001,0.0050000000000000001,0,0,0,0,3.2000000000000002,0,0,0,0,3.2000000000000002,0,-2.5759857489792159e-16,free_flight_controlled,sep_nmpc_adapted,formal_acados,0.22500000000000001,0,0.38999999999999996,0,0,0,0,1.9999999999799999e-10,-1.9999999999799999e-10,0,0,false,false,5.7039859999999996,0,0,false,0,-0,0,129.88440000000003,129.88440000000003,0,0,0,0,0,0,0,0,0,0,0,0,0,0,0,0,0,0,0
0.63500000000000001,approach_stop,40,40,0.20000000000000001,0.0050000000000000001,0,0,0,0,3.2000000000000002,0,0,0,0,3.2000000000000002,0,-2.5759857489792159e-16,free_flight_controlled,sep_nmpc_adapted,formal_acados,0.22500000000000001,0,0.38999999999999996,0,0,0,0,1.9999999999799999e-10,-1.9999999999799999e-10,0,0,false,false,5.7039859999999996,0,0,false,0,-0,0,129.88440000000003,129.88440000000003,0,0,0,0,0,0,0,0,0,0,0,0,0,0,0,0,0,0,0
0.64000000000000001,approach_stop,40,40,0.20000000000000001,0.0050000000000000001,0,0,0,0,3.2000000000000002,0,0,0,0,3.2000000000000002,0,-2.5759857489792159e-16,free_flight_controlled,sep_nmpc_adapted,formal_acados,0.22500000000000001,0,0.38999999999999996,0,0,0,0,1.9999999999799999e-10,-1.9999999999799999e-10,0,0,false,false,5.7039859999999996,0,0,false,0,-0,0,129.88440000000003,129.88440000000003,0,0,0,0,0,0,0,0,0,0,0,0,0,0,0,0,0,0,0
0.64500000000000002,approach_stop,40,40,0.20000000000000001,0.0050000000000000001,0,0,0,0,3.2000000000000002,0,0,0,0,3.2000000000000002,0,-2.5759857489792159e-16,free_flight_controlled,sep_nmpc_adapted,formal_acados,0.22500000000000001,0,0.38999999999999996,0,0,0,0,1.9999999999799999e-10,-1.9999999999799999e-10,0,0,false,false,5.7039859999999996,0,0,false,0,-0,0,129.88440000000003,129.88440000000003,0,0,0,0,0,0,0,0,0,0,0,0,0,0,0,0,0,0,0
0.65000000000000002,approach_stop,40,40,0.20000000000000001,0.0050000000000000001,0,0,0,0,3.2000000000000002,0,0,0,0,3.2000000000000002,0,-2.5759857489792159e-16,free_flight_controlled,sep_nmpc_adapted,formal_acados,0.22500000000000001,0,0.38999999999999996,0,0,0,0,1.9999999999799999e-10,-1.9999999999799999e-10,0,0,false,false,5.7331899999999996,0,0,false,0,-0,0,129.88440000000003,129.88440000000003,0,0,0,0,0,0,0,0,0,0,0,0,0,0,0,0,0,0,0
0.65500000000000003,approach_stop,40,40,0.20000000000000001,0.0050000000000000001,0,0,0,0,3.2000000000000002,0,0,0,0,3.2000000000000002,0,-2.5759857489792159e-16,free_flight_controlled,sep_nmpc_adapted,formal_acados,0.22500000000000001,0,0.38999999999999996,0,0,0,0,1.9999999999799999e-10,-1.9999999999799999e-10,0,0,false,false,5.7331899999999996,0,0,false,0,-0,0,129.88440000000003,129.88440000000003,0,0,0,0,0,0,0,0,0,0,0,0,0,0,0,0,0,0,0
0.66000000000000003,approach_stop,40,40,0.20000000000000001,0.0050000000000000001,0,0,0,0,3.2000000000000002,0,0,0,0,3.2000000000000002,0,-2.5759857489792159e-16,free_flight_controlled,sep_nmpc_adapted,formal_acados,0.22500000000000001,0,0.38999999999999996,0,0,0,0,1.9999999999799999e-10,-1.9999999999799999e-10,0,0,false,false,5.7331899999999996,0,0,false,0,-0,0,129.88440000000003,129.88440000000003,0,0,0,0,0,0,0,0,0,0,0,0,0,0,0,0,0,0,0
0.66500000000000004,approach_stop,40,40,0.20000000000000001,0.0050000000000000001,0,0,0,0,3.2000000000000002,0,0,0,0,3.2000000000000002,0,-2.5759857489792159e-16,free_flight_controlled,sep_nmpc_adapted,formal_acados,0.22500000000000001,0,0.38999999999999996,0,0,0,0,1.9999999999799999e-10,-1.9999999999799999e-10,0,0,false,false,5.7331899999999996,0,0,false,0,-0,0,129.88440000000003,129.88440000000003,0,0,0,0,0,0,0,0,0,0,0,0,0,0,0,0,0,0,0
0.67000000000000004,approach_stop,40,40,0.20000000000000001,0.0050000000000000001,0,0,0,0,3.2000000000000002,0,0,0,0,3.2000000000000002,0,-2.5759857489792159e-16,free_flight_controlled,sep_nmpc_adapted,formal_acados,0.22500000000000001,0,0.38999999999999996,0,0,0,0,1.9999999999799999e-10,-1.9999999999799999e-10,0,0,false,false,5.7331899999999996,0,0,false,0,-0,0,129.88440000000003,129.88440000000003,0,0,0,0,0,0,0,0,0,0,0,0,0,0,0,0,0,0,0
0.67500000000000004,approach_stop,40,40,0.20000000000000001,0.0050000000000000001,0,0,0,0,3.2000000000000002,0,0,0,0,3.2000000000000002,0,-2.5759857489792159e-16,free_flight_controlled,sep_nmpc_adapted,formal_acados,0.22500000000000001,0,0.38999999999999996,0,0,0,0,1.9999999999799999e-10,-1.9999999999799999e-10,0,0,false,false,5.7331899999999996,0,0,false,0,-0,0,129.88440000000003,129.88440000000003,0,0,0,0,0,0,0,0,0,0,0,0,0,0,0,0,0,0,0
0.68000000000000005,approach_stop,40,40,0.20000000000000001,0.0050000000000000001,0,0,0,0,3.2000000000000002,0,0,0,0,3.2000000000000002,0,-2.5759857489792159e-16,free_flight_controlled,sep_nmpc_adapted,formal_acados,0.22500000000000001,0,0.38999999999999996,0,0,0,0,1.9999999999799999e-10,-1.9999999999799999e-10,0,0,false,false,5.7331899999999996,0,0,false,0,-0,0,129.88440000000003,129.88440000000003,0,0,0,0,0,0,0,0,0,0,0,0,0,0,0,0,0,0,0
0.68500000000000005,approach_stop,40,40,0.20000000000000001,0.0050000000000000001,0,0,0,0,3.2000000000000002,0,0,0,0,3.2000000000000002,0,-2.5759857489792159e-16,free_flight_controlled,sep_nmpc_adapted,formal_acados,0.22500000000000001,0,0.38999999999999996,0,0,0,0,1.9999999999799999e-10,-1.9999999999799999e-10,0,0,false,false,5.7331899999999996,0,0,false,0,-0,0,129.88440000000003,129.88440000000003,0,0,0,0,0,0,0,0,0,0,0,0,0,0,0,0,0,0,0
0.69000000000000006,approach_stop,40,40,0.20000000000000001,0.0050000000000000001,0,0,0,0,3.2000000000000002,0,0,0,0,3.2000000000000002,0,-2.5759857489792159e-16,free_flight_controlled,sep_nmpc_adapted,formal_acados,0.22500000000000001,0,0.38999999999999996,0,0,0,0,1.9999999999799999e-10,-1.9999999999799999e-10,0,0,false,false,5.7331899999999996,0,0,false,0,-0,0,129.88440000000003,129.88440000000003,0,0,0,0,0,0,0,0,0,0,0,0,0,0,0,0,0,0,0
0.69500000000000006,approach_stop,40,40,0.20000000000000001,0.0050000000000000001,0,0,0,0,3.2000000000000002,0,0,0,0,3.2000000000000002,0,-2.5759857489792159e-16,free_flight_controlled,sep_nmpc_adapted,formal_acados,0.22500000000000001,0,0.38999999999999996,0,0,0,0,1.9999999999799999e-10,-1.9999999999799999e-10,0,0,false,false,5.7331899999999996,0,0,false,0,-0,0,129.88440000000003,129.88440000000003,0,0,0,0,0,0,0,0,0,0,0,0,0,0,0,0,0,0,0
0.70000000000000007,approach_stop,40,40,0.20000000000000001,0.0050000000000000001,0,0,0,0,3.2000000000000002,0,0,0,0,3.2000000000000002,0,-2.5759857489792159e-16,free_flight_controlled,sep_nmpc_adapted,formal_acados,0.22500000000000001,0,0.38999999999999996,0,0,0,0,1.9999999999799999e-10,-1.9999999999799999e-10,0,0,false,false,5.7389510000000001,0,0,false,0,-0,0,129.88440000000003,129.88440000000003,0,0,0,0,0,0,0,0,0,0,0,0,0,0,0,0,0,0,0
0.70499999999999996,approach_stop,40,40,0.20000000000000001,0.0050000000000000001,0,0,0,0,3.2000000000000002,0,0,0,0,3.2000000000000002,0,-2.5759857489792159e-16,free_flight_controlled,sep_nmpc_adapted,formal_acados,0.22500000000000001,0,0.38999999999999996,0,0,0,0,1.9999999999799999e-10,-1.9999999999799999e-10,0,0,false,false,5.7389510000000001,0,0,false,0,-0,0,129.88440000000003,129.88440000000003,0,0,0,0,0,0,0,0,0,0,0,0,0,0,0,0,0,0,0
0.70999999999999996,approach_stop,40,40,0.20000000000000001,0.0050000000000000001,0,0,0,0,3.2000000000000002,0,0,0,0,3.2000000000000002,0,-2.5759857489792159e-16,free_flight_controlled,sep_nmpc_adapted,formal_acados,0.22500000000000001,0,0.38999999999999996,0,0,0,0,1.9999999999799999e-10,-1.9999999999799999e-10,0,0,false,false,5.7389510000000001,0,0,false,0,-0,0,129.88440000000003,129.88440000000003,0,0,0,0,0,0,0,0,0,0,0,0,0,0,0,0,0,0,0
0.71499999999999997,approach_stop,40,40,0.20000000000000001,0.0050000000000000001,0,0,0,0,3.2000000000000002,0,0,0,0,3.2000000000000002,0,-2.5759857489792159e-16,free_flight_controlled,sep_nmpc_adapted,formal_acados,0.22500000000000001,0,0.38999999999999996,0,0,0,0,1.9999999999799999e-10,-1.9999999999799999e-10,0,0,false,false,5.7389510000000001,0,0,false,0,-0,0,129.88440000000003,129.88440000000003,0,0,0,0,0,0,0,0,0,0,0,0,0,0,0,0,0,0,0
0.71999999999999997,approach_stop,40,40,0.20000000000000001,0.0050000000000000001,0,0,0,0,3.2000000000000002,0,0,0,0,3.2000000000000002,0,-2.5759857489792159e-16,free_flight_controlled,sep_nmpc_adapted,formal_acados,0.22500000000000001,0,0.38999999999999996,0,0,0,0,1.9999999999799999e-10,-1.9999999999799999e-10,0,0,false,false,5.7389510000000001,0,0,false,0,-0,0,129.88440000000003,129.88440000000003,0,0,0,0,0,0,0,0,0,0,0,0,0,0,0,0,0,0,0
0.72499999999999998,approach_stop,40,40,0.20000000000000001,0.0050000000000000001,0,0,0,0,3.2000000000000002,0,0,0,0,3.2000000000000002,0,-2.5759857489792159e-16,free_flight_controlled,sep_nmpc_adapted,formal_acados,0.22500000000000001,0,0.38999999999999996,0,0,0,0,1.9999999999799999e-10,-1.9999999999799999e-10,0,0,false,false,5.7389510000000001,0,0,false,0,-0,0,129.88440000000003,129.88440000000003,0,0,0,0,0,0,0,0,0,0,0,0,0,0,0,0,0,0,0
0.72999999999999998,approach_stop,40,40,0.20000000000000001,0.0050000000000000001,0,0,0,0,3.2000000000000002,0,0,0,0,3.2000000000000002,0,-2.5759857489792159e-16,free_flight_controlled,sep_nmpc_adapted,formal_acados,0.22500000000000001,0,0.38999999999999996,0,0,0,0,1.9999999999799999e-10,-1.9999999999799999e-10,0,0,false,false,5.7389510000000001,0,0,false,0,-0,0,129.88440000000003,129.88440000000003,0,0,0,0,0,0,0,0,0,0,0,0,0,0,0,0,0,0,0
0.73499999999999999,approach_stop,40,40,0.20000000000000001,0.0050000000000000001,0,0,0,0,3.2000000000000002,0,0,0,0,3.2000000000000002,0,-2.5759857489792159e-16,free_flight_controlled,sep_nmpc_adapted,formal_acados,0.22500000000000001,0,0.38999999999999996,0,0,0,0,1.9999999999799999e-10,-1.9999999999799999e-10,0,0,false,false,5.7389510000000001,0,0,false,0,-0,0,129.88440000000003,129.88440000000003,0,0,0,0,0,0,0,0,0,0,0,0,0,0,0,0,0,0,0
0.73999999999999999,approach_stop,40,40,0.20000000000000001,0.0050000000000000001,0,0,0,0,3.2000000000000002,0,0,0,0,3.2000000000000002,0,-2.5759857489792159e-16,free_flight_controlled,sep_nmpc_adapted,formal_acados,0.22500000000000001,0,0.38999999999999996,0,0,0,0,1.9999999999799999e-10,-1.9999999999799999e-10,0,0,false,false,5.7389510000000001,0,0,false,0,-0,0,129.88440000000003,129.88440000000003,0,0,0,0,0,0,0,0,0,0,0,0,0,0,0,0,0,0,0
0.745,approach_stop,40,40,0.20000000000000001,0.0050000000000000001,0,0,0,0,3.2000000000000002,0,0,0,0,3.2000000000000002,0,-2.5759857489792159e-16,free_flight_controlled,sep_nmpc_adapted,formal_acados,0.22500000000000001,0,0.38999999999999996,0,0,0,0,1.9999999999799999e-10,-1.9999999999799999e-10,0,0,false,false,5.7389510000000001,0,0,false,0,-0,0,129.88440000000003,129.88440000000003,0,0,0,0,0,0,0,0,0,0,0,0,0,0,0,0,0,0,0
0.75,approach_stop,40,40,0.20000000000000001,0.0050000000000000001,0,0,0,0,3.2000000000000002,0,0,0,0,3.2000000000000002,0,-2.5759857489792159e-16,free_flight_controlled,sep_nmpc_adapted,formal_acados,0.22500000000000001,0,0.38999999999999996,0,0,0,0,1.9999999999799999e-10,-1.9999999999799999e-10,0,0,false,false,5.7129050000000001,0,0,false,0,-0,0,129.88440000000003,129.88440000000003,0,0,0,0,0,0,0,0,0,0,0,0,0,0,0,0,0,0,0
0.755,approach_stop,40,40,0.20000000000000001,0.0050000000000000001,0,0,0,0,3.2000000000000002,0,0,0,0,3.2000000000000002,0,-2.5759857489792159e-16,free_flight_controlled,sep_nmpc_adapted,formal_acados,0.22500000000000001,0,0.38999999999999996,0,0,0,0,1.9999999999799999e-10,-1.9999999999799999e-10,0,0,false,false,5.7129050000000001,0,0,false,0,-0,0,129.88440000000003,129.88440000000003,0,0,0,0,0,0,0,0,0,0,0,0,0,0,0,0,0,0,0
0.76000000000000001,approach_stop,40,40,0.20000000000000001,0.0050000000000000001,0,0,0,0,3.2000000000000002,0,0,0,0,3.2000000000000002,0,-2.5759857489792159e-16,free_flight_controlled,sep_nmpc_adapted,formal_acados,0.22500000000000001,0,0.38999999999999996,0,0,0,0,1.9999999999799999e-10,-1.9999999999799999e-10,0,0,false,false,5.7129050000000001,0,0,false,0,-0,0,129.88440000000003,129.88440000000003,0,0,0,0,0,0,0,0,0,0,0,0,0,0,0,0,0,0,0
0.76500000000000001,approach_stop,40,40,0.20000000000000001,0.0050000000000000001,0,0,0,0,3.2000000000000002,0,0,0,0,3.2000000000000002,0,-2.5759857489792159e-16,free_flight_controlled,sep_nmpc_adapted,formal_acados,0.22500000000000001,0,0.38999999999999996,0,0,0,0,1.9999999999799999e-10,-1.9999999999799999e-10,0,0,false,false,5.7129050000000001,0,0,false,0,-0,0,129.88440000000003,129.88440000000003,0,0,0,0,0,0,0,0,0,0,0,0,0,0,0,0,0,0,0
0.77000000000000002,approach_stop,40,40,0.20000000000000001,0.0050000000000000001,0,0,0,0,3.2000000000000002,0,0,0,0,3.2000000000000002,0,-2.5759857489792159e-16,free_flight_controlled,sep_nmpc_adapted,formal_acados,0.22500000000000001,0,0.38999999999999996,0,0,0,0,1.9999999999799999e-10,-1.9999999999799999e-10,0,0,false,false,5.7129050000000001,0,0,false,0,-0,0,129.88440000000003,129.88440000000003,0,0,0,0,0,0,0,0,0,0,0,0,0,0,0,0,0,0,0
0.77500000000000002,approach_stop,40,40,0.20000000000000001,0.0050000000000000001,0,0,0,0,3.2000000000000002,0,0,0,0,3.2000000000000002,0,-2.5759857489792159e-16,free_flight_controlled,sep_nmpc_adapted,formal_acados,0.22500000000000001,0,0.38999999999999996,0,0,0,0,1.9999999999799999e-10,-1.9999999999799999e-10,0,0,false,false,5.7129050000000001,0,0,false,0,-0,0,129.88440000000003,129.88440000000003,0,0,0,0,0,0,0,0,0,0,0,0,0,0,0,0,0,0,0
0.78000000000000003,approach_stop,40,40,0.20000000000000001,0.0050000000000000001,0,0,0,0,3.2000000000000002,0,0,0,0,3.2000000000000002,0,-2.5759857489792159e-16,free_flight_controlled,sep_nmpc_adapted,formal_acados,0.22500000000000001,0,0.38999999999999996,0,0,0,0,1.9999999999799999e-10,-1.9999999999799999e-10,0,0,false,false,5.7129050000000001,0,0,false,0,-0,0,129.88440000000003,129.88440000000003,0,0,0,0,0,0,0,0,0,0,0,0,0,0,0,0,0,0,0
0.78500000000000003,approach_stop,40,40,0.20000000000000001,0.0050000000000000001,0,0,0,0,3.2000000000000002,0,0,0,0,3.2000000000000002,0,-2.5759857489792159e-16,free_flight_controlled,sep_nmpc_adapted,formal_acados,0.22500000000000001,0,0.38999999999999996,0,0,0,0,1.9999999999799999e-10,-1.9999999999799999e-10,0,0,false,false,5.7129050000000001,0,0,false,0,-0,0,129.88440000000003,129.88440000000003,0,0,0,0,0,0,0,0,0,0,0,0,0,0,0,0,0,0,0
0.79000000000000004,approach_stop,40,40,0.20000000000000001,0.0050000000000000001,0,0,0,0,3.2000000000000002,0,0,0,0,3.2000000000000002,0,-2.5759857489792159e-16,free_flight_controlled,sep_nmpc_adapted,formal_acados,0.22500000000000001,0,0.38999999999999996,0,0,0,0,1.9999999999799999e-10,-1.9999999999799999e-10,0,0,false,false,5.7129050000000001,0,0,false,0,-0,0,129.88440000000003,129.88440000000003,0,0,0,0,0,0,0,0,0,0,0,0,0,0,0,0,0,0,0
0.79500000000000004,approach_stop,40,40,0.20000000000000001,0.0050000000000000001,0,0,0,0,3.2000000000000002,0,0,0,0,3.2000000000000002,0,-2.5759857489792159e-16,free_flight_controlled,sep_nmpc_adapted,formal_acados,0.22500000000000001,0,0.38999999999999996,0,0,0,0,1.9999999999799999e-10,-1.9999999999799999e-10,0,0,false,false,5.7129050000000001,0,0,false,0,-0,0,129.88440000000003,129.88440000000003,0,0,0,0,0,0,0,0,0,0,0,0,0,0,0,0,0,0,0
0.80000000000000004,approach_stop,40,40,0.20000000000000001,0.0050000000000000001,0,0,0,0,3.2000000000000002,0,0,0,0,3.2000000000000002,0,-2.5759857489792159e-16,free_flight_controlled,sep_nmpc_adapted,formal_acados,0.22500000000000001,0,0.38999999999999996,0,0,0,0,1.9999999999799999e-10,-1.9999999999799999e-10,0,0,false,false,5.7494860000000001,0,0,false,0,-0,0,129.88440000000003,129.88440000000003,0,0,0,0,0,0,0,0,0,0,0,0,0,0,0,0,0,0,0
0.80500000000000005,approach_stop,40,40,0.20000000000000001,0.0050000000000000001,0,0,0,0,3.2000000000000002,0,0,0,0,3.2000000000000002,0,-2.5759857489792159e-16,free_flight_controlled,sep_nmpc_adapted,formal_acados,0.22500000000000001,0,0.38999999999999996,0,0,0,0,1.9999999999799999e-10,-1.9999999999799999e-10,0,0,false,false,5.7494860000000001,0,0,false,0,-0,0,129.88440000000003,129.88440000000003,0,0,0,0,0,0,0,0,0,0,0,0,0,0,0,0,0,0,0
0.81000000000000005,approach_stop,40,40,0.20000000000000001,0.0050000000000000001,0,0,0,0,3.2000000000000002,0,0,0,0,3.2000000000000002,0,-2.5759857489792159e-16,free_flight_controlled,sep_nmpc_adapted,formal_acados,0.22500000000000001,0,0.38999999999999996,0,0,0,0,1.9999999999799999e-10,-1.9999999999799999e-10,0,0,false,false,5.7494860000000001,0,0,false,0,-0,0,129.88440000000003,129.88440000000003,0,0,0,0,0,0,0,0,0,0,0,0,0,0,0,0,0,0,0
0.81500000000000006,approach_stop,40,40,0.20000000000000001,0.0050000000000000001,0,0,0,0,3.2000000000000002,0,0,0,0,3.2000000000000002,0,-2.5759857489792159e-16,free_flight_controlled,sep_nmpc_adapted,formal_acados,0.22500000000000001,0,0.38999999999999996,0,0,0,0,1.9999999999799999e-10,-1.9999999999799999e-10,0,0,false,false,5.7494860000000001,0,0,false,0,-0,0,129.88440000000003,129.88440000000003,0,0,0,0,0,0,0,0,0,0,0,0,0,0,0,0,0,0,0
0.82000000000000006,approach_stop,40,40,0.20000000000000001,0.0050000000000000001,0,0,0,0,3.2000000000000002,0,0,0,0,3.2000000000000002,0,-2.5759857489792159e-16,free_flight_controlled,sep_nmpc_adapted,formal_acados,0.22500000000000001,0,0.38999999999999996,0,0,0,0,1.9999999999799999e-10,-1.9999999999799999e-10,0,0,false,false,5.7494860000000001,0,0,false,0,-0,0,129.88440000000003,129.88440000000003,0,0,0,0,0,0,0,0,0,0,0,0,0,0,0,0,0,0,0
0.82500000000000007,approach_stop,40,40,0.20000000000000001,0.0050000000000000001,0,0,0,0,3.2000000000000002,0,0,0,0,3.2000000000000002,0,-2.5759857489792159e-16,free_flight_controlled,sep_nmpc_adapted,formal_acados,0.22500000000000001,0,0.38999999999999996,0,0,0,0,1.9999999999799999e-10,-1.9999999999799999e-10,0,0,false,false,5.7494860000000001,0,0,false,0,-0,0,129.88440000000003,129.88440000000003,0,0,0,0,0,0,0,0,0,0,0,0,0,0,0,0,0,0,0
0.83000000000000007,approach_stop,40,40,0.20000000000000001,0.0050000000000000001,0,0,0,0,3.2000000000000002,0,0,0,0,3.2000000000000002,0,-2.5759857489792159e-16,free_flight_controlled,sep_nmpc_adapted,formal_acados,0.22500000000000001,0,0.38999999999999996,0,0,0,0,1.9999999999799999e-10,-1.9999999999799999e-10,0,0,false,false,5.7494860000000001,0,0,false,0,-0,0,129.88440000000003,129.88440000000003,0,0,0,0,0,0,0,0,0,0,0,0,0,0,0,0,0,0,0
0.83499999999999996,approach_stop,40,40,0.20000000000000001,0.0050000000000000001,0,0,0,0,3.2000000000000002,0,0,0,0,3.2000000000000002,0,-2.5759857489792159e-16,free_flight_controlled,sep_nmpc_adapted,formal_acados,0.22500000000000001,0,0.38999999999999996,0,0,0,0,1.9999999999799999e-10,-1.9999999999799999e-10,0,0,false,false,5.7494860000000001,0,0,false,0,-0,0,129.88440000000003,129.88440000000003,0,0,0,0,0,0,0,0,0,0,0,0,0,0,0,0,0,0,0
0.83999999999999997,approach_stop,40,40,0.20000000000000001,0.0050000000000000001,0,0,0,0,3.2000000000000002,0,0,0,0,3.2000000000000002,0,-2.5759857489792159e-16,free_flight_controlled,sep_nmpc_adapted,formal_acados,0.22500000000000001,0,0.38999999999999996,0,0,0,0,1.9999999999799999e-10,-1.9999999999799999e-10,0,0,false,false,5.7494860000000001,0,0,false,0,-0,0,129.88440000000003,129.88440000000003,0,0,0,0,0,0,0,0,0,0,0,0,0,0,0,0,0,0,0
0.84499999999999997,approach_stop,40,40,0.20000000000000001,0.0050000000000000001,0,0,0,0,3.2000000000000002,0,0,0,0,3.2000000000000002,0,-2.5759857489792159e-16,free_flight_controlled,sep_nmpc_adapted,formal_acados,0.22500000000000001,0,0.38999999999999996,0,0,0,0,1.9999999999799999e-10,-1.9999999999799999e-10,0,0,false,false,5.7494860000000001,0,0,false,0,-0,0,129.88440000000003,129.88440000000003,0,0,0,0,0,0,0,0,0,0,0,0,0,0,0,0,0,0,0
0.84999999999999998,approach_stop,40,40,0.20000000000000001,0.0050000000000000001,0,0,0,0,3.2000000000000002,0,0,0,0,3.2000000000000002,0,-2.5759857489792159e-16,free_flight_controlled,sep_nmpc_adapted,formal_acados,0.22500000000000001,0,0.38999999999999996,0,0,0,-0.0026264583681107965,1.9999999999799999e-10,3.4291417797098148e-08,-0.00019837298852800578,-0.00019837298852800578,false,false,5.8818919999999997,0,0,false,0,-0,0,129.88440000000003,129.88440000000003,0,-0.00031271596095000959,0,0,-0.00031271596095000959,0,0,0,0,0,0,0,0,0,0,0,0,0,0
0.85499999999999998,approach_stop,40,40,0.20000000000000001,0.0050000000000000001,0,0,0,0,3.2000000000000002,0,-7.1752907399666998e-11,-2.9431072616043334e-08,0,3.2000000000000002,0,-8.8971014223580515e-16,free_flight_controlled,sep_nmpc_adapted,formal_acados,0.22499999998329157,0,0.38999999994207957,5.5044468982856642e-11,-2.9580185706371957e-10,0,-0.0026264583681107965,1.9999999999799999e-10,3.4291417797098148e-08,-0.00019837298852800578,-0.00019837298852800578,false,false,5.8818919999999997,0,0,false,0,-3.3968968333262044e-09,0,129.88440000000895,129.88440000000895,0,-0.00030327471514301406,0,0,-0.00030327471514301406,0,0,1.5267123194118055e-09,3.0232191131036819e-09,2.2293076326807547e-10,-8.0665457044119104e-10,-3.1197054660788273e-10,5.8927612623072756e-07,1.1964633671087907e-06,1.1503878019419239e-07,-3.1015972649887173e-07,-1.2484647745029268e-07,0,-1.2124558579429983e-14
0.85999999999999999,approach_stop,40,40,0.20000000000000001,0.0050000000000000001,0,0,0,0,3.2000000000000002,0,-2.9916287531394308e-10,-6.2183244037568353e-08,0,3.2000000000000002,0,-1.812339536811912e-15,free_flight_controlled,sep_nmpc_adapted,formal_acados,0.22499999992709752,0,0.38999999970951338,2.2626039930528918e-10,-1.1538315975345475e-09,0,-0.0026264583681107965,1.9999999999799999e-10,3.4291417797098148e-08,-0.00019837298852800578,-0.00019837298852800578,false,false,5.8818919999999997,0,0,false,0,-1.3298364859984569e-08,0,129.88440000003501,129.88440000003501,0,-0.00029439387355778307,0,0,-0.00029439387355778307,0,0,5.6644298073495568e-09,1.1740231504288145e-08,1.3612346758690483e-09,-2.9475286438539662e-09,-1.2290310623181838e-09,1.0509631930662896e-06,2.2772095613142469e-06,3.5767983393009203e-07,-5.3340623753571564e-07,-2.4012837912081344e-07,0,-5.1268867700915051e-14
0.86499999999999999,approach_stop,40,40,0.20000000000000001,0.0050000000000000001,0,0,0,0,3.2000000000000002,0,-6.9784904230095537e-10,-9.7886175327985206e-08,0,3.2000000000000002,0,2.2306721065120769e-16,free_flight_controlled,sep_nmpc_adapted,formal_acados,0.22499999982555738,0,0.38999999922255463,5.2340640155357221e-10,-2.5285186272276357e-09,0,-0.0026264583681107965,1.9999999999799999e-10,3.4291417797098148e-08,-0.00019837298852800578,-0.00019837298852800578,false,false,5.8818919999999997,0,0,false,0,-2.9257080387351893e-08,0,129.88440000007682,129.88440000007682,0,-0.0002860051500646541,0,0,-0.0002860051500646541,0,0,1.1865321499299132e-08,2.5579304046991549e-08,3.9394395510195738e-09,-5.9913735878485436e-09,-2.6803640329998611e-09,1.4190303976819387e-06,3.2460227637065509e-06,6.8503331819451154e-07,-6.7213056303468791e-07,-3.375806286264808e-07,0,-1.2029360370405189e-13
0.87,approach_stop,40,40,0.20000000000000001,0.0050000000000000001,0,0,0,0,3.2000000000000002,0,-1.2819610276108431e-09,-1.3632005245372299e-07,0,3.2000000000000002,0,8.3815519970288243e-15,free_flight_controlled,sep_nmpc_adapted,formal_acados,0.22499999967653714,0,0.38999999841333444,9.5849816972304325e-10,-4.3780001600013097e-09,0,-0.0026264583681107965,1.9999999999799999e-10,3.4291417797098148e-08,-0.00019837298852800578,-0.00019837298852800578,false,false,5.8818919999999997,0,0,false,0,-5.0874826572499935e-08,0,129.88440000013313,129.88440000013313,0,-0.00027805330276738267,0,0,-0.00027805330276738267,0,0,1.9723714609034943e-08,4.3999513237952973e-08,8.3011236530810707e-09,-9.5317852203965798e-09,-4.5659492693494028e-09,1.717074436758315e-06,4.1108875382205379e-06,1.0668556636543373e-06,-7.3335484304955993e-07,-4.1345221258729169e-07,0,-2.2052245208690305e-13
0.875,approach_stop,40,40,0.20000000000000001,0.0050000000000000001,0,0,0,0,3.2000000000000002,0,-2.0648310207441989e-09,-1.7737149322528474e-07,0,3.2000000000000002,0,2.5691786498369231e-14,free_flight_controlled,sep_nmpc_adapted,formal_acados,0.22499999948117924,0,0.38999999722607098,1.5460102642528284e-09,-6.6632054786452398e-09,0,-0.0026264583681107965,1.9999999999799999e-10,3.4291417797098148e-08,-0.00019837298852800578,-0.00019837298852800578,false,false,5.8818919999999997,0,0,false,0,-7.7793534344813089e-08,0,129.88440000020279,129.88440000020279,0,-0.00027049312567593912,0,0,-0.00027049312567593912,0,0,2.8933492169773219e-08,6.6504876938004153e-08,1.4662061976482129e-08,-1.320365942713732e-08,-6.7746934178895031e-09,1.961776099617641e-06,4.8814813088756044e-06,1.4817428515543793e-06,-7.2625990415107326e-07,-4.6683678881550586e-07,0,-3.5197900417748647e-13
0.88,approach_stop,40,40,0.20000000000000001,0.0050000000000000001,0,0,0,0,3.2000000000000002,0,-3.0594252021460872e-09,-2.2100313946788645e-07,0,3.2000000000000002,0,5.5056782006365508e-14,free_flight_controlled,sep_nmpc_adapted,formal_acados,0.22499999924348188,0,0.3899999956165951,2.3029070872482293e-09,-9.3472102965279724e-09,0,-0.0026264583681107965,1.9999999999799999e-10,3.4291417797098148e-08,-0.00019837298852800578,-0.00019837298852800578,false,false,5.8818919999999997,0,0,false,0,-1.0968848986011464e-07,0,129.88440000028481,129.88440000028481,0,-0.00026328725160042551,0,0,-0.00026328725160042551,0,0,3.9259531213504053e-08,9.2648986826540825e-08,2.3147388864903225e-08,-1.6689972170206166e-08,-9.1956448892266039e-09,2.1651489009232843e-06,5.567784081229028e-06,1.9144763180559748e-06,-6.6071063424216144e-07,-4.9854452195482944e-07,0,-5.1360747447007836e-13
0.88500000000000001,approach_stop,40,40,0.20000000000000001,0.0050000000000000001,0,0,0,0,3.2000000000000002,0,-4.2786675269253391e-09,-2.672323918170829e-07,0,3.2000000000000002,0,9.9286648006697211e-14,free_flight_controlled,sep_nmpc_adapted,formal_acados,0.22499999896990525,0,0.38999999355150722,3.2485727718967183e-09,-1.2394763001309351e-08,0,-0.0026264583681107965,1.9999999999799999e-10,3.4291417797098148e-08,-0.00019837298852800578,-0.00019837298852800578,false,false,5.8818919999999997,0,0,false,0,-1.4626297352828876e-07,0,129.88440000037824,129.88440000037824,0,-0.0002564045208530959,0,0,-0.0002564045208530959,0,0,5.0518304259266634e-08,1.2203447991283071e-07,3.3817631856580183e-08,-1.9722874141838761e-08,-1.1724571421969339e-08,2.3360123758907829e-06,6.179345405541773e-06,2.3541774060109799e-06,-5.4640741715858795e-07,-5.1035232885252224e-07,0,-7.0347310108047671e-13
0.89000000000000001,approach_stop,40,40,0.20000000000000001,0.0050000000000000001,0,0,0,0,3.2000000000000002,0,-5.7356736104104314e-09,-3.1611630877084032e-07,0,3.2000000000000002,0,1.6107998353472783e-13,free_flight_controlled,sep_nmpc_adapted,formal_acados,0.22499999866901349,0,0.38999999100713428,4.4046870872893606e-09,-1.5771932552562087e-08,0,-0.0026264583681107965,1.9999999999799999e-10,3.4291417797098148e-08,-0.00019837298852800578,-0.00019837298852800578,false,false,5.8818919999999997,0,0,false,0,-1.8724397391620839e-07,0,129.88440000048212,129.88440000048212,0,-0.00024981874856315353,0,0,-0.00024981874856315353,0,0,6.2564507573797552e-08,1.5430988699764612e-07,4.6687012598851516e-08,-2.2081593158904997e-08,-1.426748316742968e-08,2.4809655877032036e-06,6.7249329069153584e-06,2.7930257023154698e-06,-3.9242655528792087e-07,-5.0451545184321466e-07,0,-9.1894268996709531e-13
0.89500000000000002,approach_stop,40,40,0.20000000000000001,0.0050000000000000001,0,0,0,0,3.2000000000000002,0,-7.4439202848885076e-09,-3.677407067115098e-07,0,3.2000000000000006,0,2.4300982532398272e-13,free_flight_controlled,sep_nmpc_adapted,formal_acados,0.22499999835115447,0,0.38999998796842106,5.7950747534007974e-09,-1.9445843795563295e-08,0,-0.0026264583681107965,1.9999999999799999e-10,3.4291417797098148e-08,-0.00019837298852800578,-0.00019837298852800578,false,false,5.8818919999999997,0,0,false,0,-2.3237872272908371e-07,0,129.88440000059563,129.88440000059563,0,-0.00024350777730721649,0,0,-0.00024350777730721649,0,0,7.5281689823772677e-08,1.8916531910437929e-07,6.1736377998314324e-08,-2.3588683927521074e-08,-1.6742188234882609e-08,2.6050368603321995e-06,7.212397924048448e-06,3.2253689211062479e-06,-2.0699897367177359e-07,-4.834573233920385e-07,0,-1.1568461851759851e-12
0.90000000000000002,approach_stop,40,40,0.20000000000000001,0.0050000000000000001,0,0,0,0,3.2000000000000002,0,-9.4173683523018451e-09,-4.2221215862930955e-07,0,3.2000000000000028,0,3.4757080934737837e-13,free_flight_controlled,sep_nmpc_adapted,formal_acados,0.22499999802817455,0,0.38999998442784772,7.4455429044384402e-09,-2.3384476594516043e-08,-4.6768953189032085e-07,0.015722908191041968,1.4144375544994077e-10,1.2292693988095742e-06,0.0011875592814030258,0.0011875592814030258,false,false,5.8033679999999999,0,0,false,0,-2.8143186726383885e-07,0,129.88439999555368,129.88439999555368,0,0.0019473363417858247,0,0,0.0019473363417858247,0,0,8.8575564916392629e-08,2.2632781226899061e-07,7.892239998303776e-08,-2.4105559879423043e-08,-1.9078617914775534e-08,2.7121225330671559e-06,7.6486607853052221e-06,3.6471038286216304e-06,2.5681651026427278e-09,-4.4957952840099595e-07,0,-1.4136198606041648e-12
0.90500000000000003,approach_stop,40,40,0.20000000000000001,0.0050000000000000001,0,0,0,0,3.2000000000000002,0,-1.1169249241352113e-08,-2.7403192480519261e-07,0,3.2000000000000011,0,-1.0121087632713606e-12,free_flight_controlled,sep_nmpc_adapted,formal_acados,0.22499999782990035,0,0.38999998078905218,8.9991495921815101e-09,-2.5489893570508438e-08,-4.6768953189032085e-07,0.015722908191041968,1.4144375544994077e-10,1.2292693988095742e-06,0.0011875592814030258,0.0011875592814030258,false,false,5.8033679999999999,0,0,false,0,-3.1045073611563329e-07,0,129.88439999515936,129.88439999515936,0,0.0018871903836596518,0,0,0.0018871903836596518,0,0,9.1702777859373591e-08,2.4443506207882554e-07,9.6626671824959103e-08,-1.7892170406946058e-08,-1.9038833713742591e-08,-1.3116885221215642e-06,-3.1932905999433782e-07,3.2515263626843796e-06,2.3968168582604953e-06,4.6708800505039343e-07,0,-3.70037860800468e-13
0.91000000000000003,approach_stop,40,40,0.20000000000000001,0.0050000000000000001,0,0,0,0,3.2000000000000002,0,-1.212853389474748e-08,-1.0574886506344159e-07,0,3.1999999999999922,0,-2.4858564982764218e-12,free_flight_controlled,sep_nmpc_adapted,formal_acados,0.22499999792958325,0,0.38999997787208551,1.0058117144717826e-08,-2.386997517161814e-08,-4.6768953189032085e-07,0.015722908191041968,1.4144375544994077e-10,1.2292693988095742e-06,0.0011875592814030258,0.0011875592814030258,false,false,5.8033679999999999,0,0,false,0,-2.9751647594812062e-07,0,129.88439999543209,129.88439999543209,0,0.0018307338593644283,0,0,0.0018307338593644283,0,0,7.7024631771033976e-08,2.2461665483337191e-07,1.0993775724784432e-07,-1.1880651026604086e-09,-1.4527488382442258e-08,-4.4555781665906741e-06,-7.5187957320299215e-06,1.9486904516800729e-06,4.1960793497095187e-06,1.3254037858259125e-06,0,7.1544248160269408e-14
0.91500000000000004,approach_stop,40,40,0.20000000000000001,0.0050000000000000001,0,0,0,0,3.2000000000000002,0,-1.2201942608690439e-08,7.9911274210184444e-08,0,3.1999999999999758,0,-3.9574475619871057e-12,free_flight_controlled,sep_nmpc_adapted,formal_acados,0.22499999838311791,0,0.38999997624337623,1.0585060494783249e-08,-1.8812858417283064e-08,-4.6768953189032085e-07,0.015722908191041968,1.4144375544994077e-10,1.2292693988095742e-06,0.0011875592814030258,0.0011875592814030258,false,false,5.8033679999999999,0,0,false,0,-2.4555878195234456e-07,0,129.8843999963199,129.8843999963199,0,0.0017775017717022959,0,0,0.0017775017717022959,0,0,4.8316228324676663e-08,1.7067886896623988e-07,1.151080763421374e-07,2.3042886777900083e-08,-6.0017417201361984e-09,-6.9549056394568692e-06,-1.3971665600066995e-05,3.6676074182875241e-08,5.4123379781774417e-06,2.0657601257902109e-06,0,1.0331541642979894e-12
0.92000000000000004,approach_stop,40,40,0.20000000000000001,0.0050000000000000001,0,0,0,0,3.2000000000000002,0,-1.1307165517605692e-08,2.8127034493657868e-07,0,3.1999999999999527,0,-5.3126933194024352e-12,free_flight_controlled,sep_nmpc_adapted,formal_acados,0.22499999922102917,0,0.38999997639032302,1.052819467717292e-08,-1.0581199569368438e-08,-4.6768953189032085e-07,0.015722908191041968,1.4144375544994077e-10,1.2292693988095742e-06,0.0011875592814030258,0.0011875592814030258,false,false,5.8033679999999999,0,0,false,0,-1.5717449389148642e-07,0,129.884399997776,129.884399997776,0,0.0017271187166140577,0,0,0.0017271187166140577,0,0,8.368355027617127e-09,8.6233679755579505e-08,1.0964758195425903e-07,5.1988599514836768e-08,5.86845346349341e-09,-8.9729317922945187e-06,-1.9729842124855706e-05,-2.2743399007177985e-06,6.090645124397391e-06,2.6603065077804148e-06,0,3.0480681173580221e-12
0.92500000000000004,approach_stop,40,40,0.20000000000000001,0.0050000000000000001,0,0,0,0,3.2000000000000002,0,-9.3683214071723704e-09,4.9739188701362304e-07,0,3.1999999999999234,0,-6.4406114797554581e-12,free_flight_controlled,sep_nmpc_adapted,formal_acados,0.22500000045146001,0,0.38999997871924663,9.8197814046852017e-09,5.8148075951363715e-10,-4.6768953189032085e-07,0.015722908191041968,1.4144375544994077e-10,1.2292693988095742e-06,0.0011875592814030258,0.0011875592814030258,false,false,5.8033679999999999,0,0,false,0,-3.4689069187825664e-08,0,129.88439999975719,129.88439999975719,0,0.0016792781218701014,0,0,0.0016792781218701014,0,0,-4.0716514344446978e-08,-2.5402918706799744e-08,9.1954417251290516e-08,8.3107105926736724e-08,2.0328095671329074e-08,-1.0624890569883569e-05,-2.4857604388796053e-05,-4.835596673158828e-06,6.291767471764448e-06,3.1012785094788761e-06,0,6.2651907356454161e-12
0.93000000000000005,approach_stop,40,40,0.20000000000000001,0.0050000000000000001,0,0,0,0,3.2000000000000002,0,-6.3128089175081101e-09,7.278703911646054e-07,0,3.1999999999998892,0,-7.2345475771504777e-12,free_flight_controlled,sep_nmpc_adapted,formal_acados,0.22500000206299303,0,0.38999998355800081,8.3758019409074791e-09,1.4446326370150859e-08,-4.6768953189032085e-07,0.015722908191041968,1.4144375544994077e-10,1.2292693988095742e-06,0.0011875592814030258,0.0011875592814030258,false,false,5.8033679999999999,0,0,false,0,1.197969011386484e-07,0,129.88440000222386,129.88440000222386,0,0.0016337271093517455,0,0,0.0016337271093517455,0,0,-9.7325975484568275e-08,-1.6124582947179105e-07,6.1056779074568394e-08,1.1417689123551171e-07,3.6616512254396823e-08,-1.1993640723895882e-05,-2.9421818727222223e-05,-7.5412854431636408e-06,6.0818052345817821e-06,3.3931012607748455e-06,0,1.0695889406962369e-11
0.93500000000000005,approach_stop,40,40,0.20000000000000001,0.0050000000000000001,0,0,0,0,3.2000000000000002,0,-2.0690418341284649e-09,9.7268409611481313e-07,0,3.1999999999998523,0,-7.5924170858770874e-12,free_flight_controlled,sep_nmpc_adapted,formal_acados,0.22500000402728298,0,0.38999999116143552,6.0963248060819097e-09,3.0795864555416083e-08,-4.6768953189032085e-07,0.015722908191041968,1.4144375544994077e-10,1.2292693988095742e-06,0.0011875592814030258,0.0011875592814030258,false,false,5.8033679999999999,0,0,false,0,3.0437102922664515e-07,0,129.88440000513944,129.88440000513944,0,0.001590255274677047,0,0,0.001590255274677047,0,0,-1.6020321356309392e-07,-3.1863935636346612e-07,1.643219399608144e-08,1.4330712942017487e-07,5.4014255650536141e-08,-1.313991450543418e-05,-3.3486750465800429e-05,-1.0315713335429715e-05,5.526191505816016e-06,3.5471334285707101e-06,0,1.6303916999413552e-11
0.94000000000000006,approach_stop,40,40,0.20000000000000001,0.0050000000000000001,0,0,0,0,3.2000000000000002,0,3.4351936817536008e-09,1.2320905837450564e-06,0,3.1999999999998145,0,-7.4166703602834875e-12,free_flight_controlled,sep_nmpc_adapted,formal_acados,0.22500000630145547,0,0.39000000171825888,2.8662617834740445e-09,4.9421566641373895e-08,-4.6768953189032085e-07,0.015722908191041968,1.4144375544994077e-10,1.2292693988095742e-06,0.0011875592814030258,0.0011875592814030258,false,false,5.8033679999999999,0,0,false,0,5.1727985248911058e-07,0,129.88440000846956,129.88440000846956,0,0.0015486862225401522,0,0,0.0015486862225401522,0,0,-2.2835443309432809e-07,-4.9523706779679302e-07,-4.2119429712239071e-08,1.6892527365433438e-07,7.1868566945137568e-08,-1.4109084563594459e-05,-3.7111549688297515e-05,-1.3104392144489695e-05,4.6864163761760514e-06,3.5782359396182141e-06,0,2.3019388462572343e-11
0.94500000000000006,approach_stop,40,40,0.20000000000000001,0.0050000000000000001,0,0,0,0,3.2000000000000002,0,1.02739373618461e-08,1.5065515095050704e-06,0,3.1999999999997799,0,-6.6139483280617484e-12,free_flight_controlled,sep_nmpc_adapted,formal_acados,0.22500000883026378,0,0.39000001535836759,-1.4436735973344383e-09,7.0122012425321754e-08,-4.6768953189032085e-07,0.015722908191041968,1.4144375544994077e-10,1.2292693988095742e-06,0.0011875592814030258,0.0011875592814030258,false,false,5.8033679999999999,0,0,false,0,7.5690518827891692e-07,0,129.88440001218206,129.88440001218206,0,0.0015088710713280391,0,0,0.0015088710713280391,0,0,-3.0098408314003559e-07,-6.8897326808562318e-07,-1.1456542190245148e-07,1.8975279363133713e-07,8.9604999123986999e-08,-1.4935676097845439e-05,-4.0349261524654068e-05,-1.5867852098478666e-05,3.6184230751023079e-06,3.5025866342185749e-06,0,3.0745706425882986e-11
0.95000000000000007,approach_stop,40,40,0.20000000000000001,0.0050000000000000001,0,0,0,0,3.2000000000000002,0,1.8523930067956489e-08,1.7966774106666423e-06,0,3.199999999999751,0,-5.0944816907475859e-12,free_flight_controlled,sep_nmpc_adapted,formal_acados,0.22500001154800472,0,0.39000003216010926,-6.9759253373824492e-09,9.2701494963868631e-08,2.3217194311676935e-06,0.05947040461341753,8.1242058407444014e-06,9.6662890618556406e-06,0.0044916664392911487,0.0044916664392911487,false,false,5.8144099999999996,0,0,false,0,1.021744855184134e-06,0,129.88440006094436,129.88440006094436,0,0.0066792902089941267,0,0,0.0066792902089941267,0,0,-3.7744871381980695e-07,-8.9803184459854675e-07,-2.0070404391607986e-07,2.0477562583765944e-07,1.0673035415898846e-07,-1.5646410463598432e-05,-4.3246679255071182e-05,-1.8577341686204675e-05,2.3720095423296191e-06,3.3363350363323598e-06,0,3.9365765023452955e-11
0.95500000000000007,approach_stop,40,40,0.20000000000000001,0.0050000000000000001,0,0,0,0,3.2000000000000002,0,2.9460368914299846e-08,2.5933914121979815e-06,0,3.199999999999763,0,9.160982529017356e-12,free_flight_controlled,sep_nmpc_adapted,formal_acados,0.22500001465850705,0,0.39000005312196218,-1.4801861875080036e-08,1.2189583668434432e-07,2.3217194311676935e-06,0.05947040461341753,8.1242058407444014e-06,9.6662890618556406e-06,0.0044916664392911487,0.0044916664392911487,false,false,5.8144099999999996,0,0,false,0,1.3669756504906034e-06,0,129.88440008076034,129.88440008076034,0,0.0064853683225328702,0,0,0.0064853683225328702,0,0,-4.8265244533363423e-07,-1.1711704453511819e-06,-3.0392328059333385e-07,2.2664889742368652e-07,1.2802657842877011e-07,-2.6077287391355628e-05,-6.5772970883689247e-05,-2.3127919766426183e-05,6.156846067104454e-06,5.174262564279785e-06,0,7.6784771958811078e-11
0.95999999999999996,approach_stop,40,40,0.20000000000000001,0.0050000000000000001,0,0,0,0,3.2000000000000002,0,4.4564637102966644e-08,3.4625997515429224e-06,0,3.1999999999998532,0,2.6039493037398884e-11,free_flight_controlled,sep_nmpc_adapted,formal_acados,0.22500001845940096,0,0.39000008018358312,-2.6105236139439825e-08,1.6195539653841292e-07,2.3217194311676935e-06,0.05947040461341753,8.1242058407444014e-06,9.6662890618556406e-06,0.0044916664392911487,0.0044916664392911487,false,false,5.8144099999999996,0,0,false,0,1.8430441298785414e-06,0,129.88440010818584,129.88440010818584,0,0.0063022072741123706,0,0,0.0063022072741123706,0,0,-6.3422425258785324e-07,-1.5514634023813199e-06,-4.3534094854743705e-07,2.6358263045178423e-07,1.5803533719807321e-07,-3.4304896932260792e-05,-8.6107801944359125e-05,-2.9713436320443139e-05,8.3970676144660342e-06,6.7917128890016841e-06,0,1.2915845638748949e-10
0.96499999999999997,approach_stop,40,40,0.20000000000000001,0.0050000000000000001,0,0,0,0,3.2000000000000002,0,6.4184874925443457e-08,4.3989813219887069e-06,0,3.2000000000000388,0,4.7126845545652241e-11,free_flight_controlled,sep_nmpc_adapted,formal_acados,0.22500002296057217,0,0.3900001146360671,-4.1224302749220954e-08,2.1193709412479087e-07,2.3217194311676935e-06,0.05947040461341753,8.1242058407444014e-06,9.6662890618556406e-06,0.0044916664392911487,0.0044916664392911487,false,false,5.8144099999999996,0,0,false,0,2.4412608564977175e-06,0,129.88440014260809,129.88440014260809,0,0.0061285895710747216,0,0,0.0061285895710747216,0,0,-8.2268350577839232e-07,-2.0281456097890538e-06,-6.0321191274882288e-07,3.0799215164611966e-07,1.9530352834592179e-07,-4.0908490103002455e-05,-0.00010434471989728445,-3.7608254315100469e-05,9.1649226260281493e-06,8.0636974737449994e-06,0,1.9661335650739019e-10
0.96999999999999997,approach_stop,40,40,0.20000000000000001,0.0050000000000000001,0,0,0,0,3.2000000000000002,0,8.8649074383501386e-08,5.3997559190459137e-06,0,3.2000000000003448,0,7.395599206469489e-11,free_flight_controlled,sep_nmpc_adapted,formal_acados,0.22500002810500347,0,0.39000015754511147,-6.0544070923373994e-08,2.7096230306949331e-07,2.3217194311676935e-06,0.05947040461341753,8.1242058407444014e-06,9.6662890618556406e-06,0.0044916664392911487,0.0044916664392911487,false,false,5.8144099999999996,0,0,false,0,3.1538213952509627e-06,0,129.88440018346546,129.88440018346546,0,0.005963525498719589,0,0,0.005963525498719589,0,0,-1.0409780940362894e-06,-2.5911068001040124e-06,-8.1272893464800741e-07,3.5285641415219447e-07,2.379513575587441e-07,-4.6292025885266698e-05,-0.00012064295558122949,-4.6300470717652167e-05,8.6049653034310464e-06,8.9389488357996587e-06,0,2.7871265451213782e-10
0.97499999999999998,approach_stop,40,40,0.20000000000000001,0.0050000000000000001,0,0,0,0,3.2000000000000002,0,1.1827607071083091e-07,6.4639350339660085e-06,0,3.2000000000008031,0,1.0800398360171688e-10,free_flight_controlled,sep_nmpc_adapted,formal_acados,0.22500003377724212,0,0.39000020975220712,-8.4498828600843012e-08,3.382012233850474e-07,2.3217194311676935e-06,0.05947040461341753,8.1242058407444014e-06,9.6662890618556406e-06,0.0044916664392911487,0.0044916664392911487,false,false,5.8144099999999996,0,0,false,0,3.9736494795930501e-06,0,129.88440023023884,129.88440023023884,0,0.0058062012651719551,0,0,0.0058062012651719551,0,0,-1.2837636097617923e-06,-3.2311069398518603e-06,-1.0669213855529813e-06,3.9196930909750918e-07,2.8396706297832729e-07,-5.0742281020410653e-05,-0.00013518621528777977,-5.5427761036353704e-05,6.8934241882265762e-06,9.4121602236365407e-06,0,3.7456284686628123e-10
0.97999999999999998,approach_stop,40,40,0.20000000000000001,0.0050000000000000001,0,0,0,0,3.2000000000000002,0,1.5338312545488853e-07,7.5918035968784602e-06,0,3.2000000000014541,0,1.5069171957580318e-10,free_flight_controlled,sep_nmpc_adapted,formal_acados,0.22500003981130198,0,0.3900002718861626,-1.135718234734906e-07,4.1286184337995449e-07,2.3217194311676935e-06,0.05947040461341753,8.1242058407444014e-06,9.6662890618556406e-06,0.0044916664392911487,0.0044916664392911487,false,false,5.8144099999999996,0,0,false,0,4.8942774866644344e-06,0,129.88440028244543,129.88440028244543,0,0.0056559409583895291,0,0,0.0056559409583895291,0,0,-1.5469187162896638e-06,-3.9398360737272784e-06,-1.3672845317603134e-06,4.2003251765183442e-07,3.3138682984849126e-07,-5.4466704076850875e-05,-0.00014816003241570089,-6.4732629222912736e-05,4.2141666295149513e-06,9.5052884374294785e-06,0,4.829080567499965e-10
0.98499999999999999,approach_stop,40,40,0.20000000000000001,0.0050000000000000001,0,0,0,0,3.2000000000000002,0,1.9429133079442308e-07,8.7845563305554464e-06,0,3.2000000000023436,0,2.0338670653422941e-10,free_flight_controlled,sep_nmpc_adapted,formal_acados,0.22500004599796317,0,0.39000034438073961,-1.4829336764110579e-07,4.9418183703222372e-07,2.3217194311676935e-06,0.05947040461341753,8.1242058407444014e-06,9.6662890618556406e-06,0.0044916664392911487,0.0044916664392911487,false,false,5.8144099999999996,0,0,false,0,5.9097517723430718e-06,0,129.88440033963383,129.88440033963383,0,0.0055121781705546047,0,0,0.0055121781705546047,0,0,-1.8272148908974637e-06,-4.7098906118614659e-06,-1.7142211253721038e-06,4.3265620169392522e-07,3.7839800033055651e-07,-5.7618259657263006e-05,-0.00015974001082737899,-7.403126979373123e-05,7.4505093568969189e-07,9.2551831750882536e-06,0,6.0221279707083288e-10
0.98999999999999999,approach_stop,40,40,0.20000000000000001,0.0050000000000000001,0,0,0,0,3.2000000000000002,0,2.4132947402159114e-07,1.0044038611268258e-05,0,3.2000000000035249,0,2.6740787391745917e-10,free_flight_controlled,sep_nmpc_adapted,formal_acados,0.22500005209138993,0,0.39000042749499247,-1.8923808409176957e-07,5.8142254607265859e-07,2.3217194311676935e-06,0.05947040461341753,8.1242058407444014e-06,9.6662890618556406e-06,0.0044916664392911487,0.0044916664392911487,false,false,5.8144099999999996,0,0,false,0,7.0145567564318936e-06,0,129.88440040137968,129.88440040137968,0,0.0053744344606847308,0,0,0.0053744344606847308,0,0,-2.1220878937792491e-06,-5.5347080531849302e-06,-2.107352473659024e-06,4.2630883752941679e-07,4.2339201978114215e-07,-6.0311879365500501e-05,-0.00017008636840573919,-8.3191924304453881e-05,-3.3492895401385259e-06,8.7055772707806315e-06,0,7.3073444823429436e-10
0.995,approach_stop,40,40,0.20000000000000001,0.0050000000000000001,0,0,0,0,3.2000000000000002,0,2.9483679627882454e-07,1.1372558766756926e-05,0,3.2000000000050588,0,3.4403120925645853e-10,free_flight_controlled,sep_nmpc_adapted,formal_acados,0.22500005781505431,0,0.39000052133420854,-2.3702174198336756e-07,6.7386446532107533e-07,2.3217194311676935e-06,0.05947040461341753,8.1242058407444014e-06,9.6662890618556406e-06,0.0044916664392911487,0.0044916664392911487,false,false,5.8144099999999996,0,0,false,0,8.2035533921684266e-06,0,129.88440046728181,129.88440046728181,0,0.0052423027334314604,0,0,0.0052423027334314604,0,0,-2.4294769167868431e-06,-6.4084842110749482e-06,-2.5457387808980803e-06,3.9824159596876012e-07,4.6498523907037311e-07,-6.2635469703137901e-05,-0.00017934204491453211,-9.2119832160797468e-05,-7.9207420472841778e-06,7.9020453644082222e-06,0,8.6658642266740268e-10
1,approach_stop,40,40,0.20000000000000001,0.0050000000000000001,0,0,0,0,3.2000000000000002,0,3.5516494403879596e-07,1.277274984045441e-05,0,3.2000000000070106,0,4.3449503254949192e-10,free_flight_controlled,sep_nmpc_adapted,formal_acados,0.22500006286699176,0,0.39000062587019185,-2.9229795228680189e-07,7.7080382928438762e-07,1.3562046686410378e-05,0.064597580866769408,2.1501618605046741e-05,1.8774003348479229e-07,0.0048778983586863943,0.0048778983586863943,false,false,6.0128190000000004,0,0,false,0,9.4719288472211324e-06,0,129.88440058539695,129.88440058539695,0,0.0057242915281031101,0,0,0.0057242915281031101,0,0,-2.7477092717820645e-06,-7.3260863579030451e-06,-3.0280363609729455e-06,3.4640259761567794e-07,5.0201983125623706e-07,-6.4657368448355309e-05,-0.00018763275544072812,-0.00010074674818634997,-1.2838676643427147e-05,6.8889563313278921e-06,0,1.0077927115045671e-09
1.0050000000000001,approach_stop,40,40,0.20000000000000001,0.0050000000000000001,9.3515625000006476e-08,5.6062500000002582e-05,0.022387500000000511,0,3.2000000000000002,0,4.2281902417017811e-07,1.4304768349165578e-05,0,3.2000000000094877,0,5.5393495998337702e-10,free_flight_controlled,sep_nmpc_adapted,formal_acados,0.22500006695696811,0,0.39000074107306898,-3.5586205607285315e-07,8.721259440345695e-07,1.3562046686410378e-05,0.064597580866769408,2.1501618605046741e-05,1.8774003348479229e-07,0.0048778983586863943,0.0048778983586863943,false,false,6.0128190000000004,0,0,false,0,1.0821768800415143e-05,0,129.88440066512919,129.88440066512919,0,0.0055840033268040497,0,0,0.0055840033268040497,0,0,-3.0783886309570342e-06,-8.2888556329561117e-06,-3.5530448616510491e-06,2.7092058153233314e-07,5.3416040548230792e-07,-6.7578786295198544e-05,-0.00019739755314597486,-0.00010924759757223558,-1.7385690092910605e-05,5.9508204646779512e-06,0,1.1661344198676009e-09
1.01,approach_stop,40,40,0.20000000000000001,0.0050000000000000001,7.4625000000000196e-07,0.00022350000000000039,0.044550000000000041,0,3.2000000000000002,0,4.983424600654616e-07,1.5920775082919033e-05,0,3.2000000000126043,0,6.9042540007937433e-10,free_flight_controlled,sep_nmpc_adapted,formal_acados,0.22500006978983617,0,0.39000086693023933,-4.2855262391561233e-07,9.7767009280099492e-07,1.3562046686410378e-05,0.064597580866769408,2.1501618605046741e-05,1.8774003348479229e-07,0.0048778983586863943,0.0048778983586863943,false,false,6.0128190000000004,0,0,false,0,1.225484621917227e-05,0,129.88440074904443,129.88440074904443,0,0.0054495074821953246,0,0,0.0054495074821953246,0,0,-3.4224983502062817e-06,-9.2979570045040406e-06,-4.120269697841843e-06,1.7190795617035543e-07,5.6123276191868311e-07,-7.0047008130436742e-05,-0.00020617649539907449,-0.00011761183262823042,-2.2237371187071406e-05,4.8635677191326138e-06,0,1.3288253511122709e-09
1.0150000000000001,approach_stop,40,40,0.20000000000000001,0.0050000000000000001,2.5122656250000625e-06,0.00050118750000000825,0.066487500000000546,0,3.2000000000000002,0,5.821609369900503e-07,1.7623127782787529e-05,0,3.2000000000164497,0,8.4541263663037871e-10,free_flight_controlled,sep_nmpc_adapted,formal_acados,0.22500007102435238,0,0.39000100327529835,-5.1113658461332534e-07,1.0866777748639564e-06,1.3562046686410378e-05,0.064597580866769408,2.1501618605046741e-05,1.8774003348479229e-07,0.0048778983586863943,0.0048778983586863943,false,false,6.0128190000000004,0,0,false,0,1.3766234290622774e-05,0,129.88440083671517,129.88440083671517,0,0.0053204427812050476,0,0,0.0053204427812050476,0,0,-3.7780374523850247e-06,-1.0348683830495276e-05,-4.7287416077477751e-06,4.8060823466773476e-08,5.8253197842875738e-07,-7.2162859355595261e-05,-0.00021405879403528497,-0.00012573134885132456,-2.7306127836949874e-05,3.6445985879583634e-06,0,1.493496353749889e-09
1.02,approach_stop,40,40,0.20000000000000001,0.0050000000000000001,5.9400000000000151e-06,0.00088800000000000153,0.088200000000000084,0,3.2000000000000002,0,6.7471277813221936e-07,1.9414511900399389e-05,0,3.2000000000211197,0,1.0202988759023642e-09,free_flight_controlled,sep_nmpc_adapted,formal_acados,0.22500007030198182,0,0.39000114985069745,-6.0441079630102479e-07,1.1984062514051028e-06,1.3562046686410378e-05,0.064597580866769408,2.1501618605046741e-05,1.8774003348479229e-07,0.0048778983586863943,0.0048778983586863943,false,false,6.0128190000000004,0,0,false,0,1.5351299687615868e-05,0,129.88440092773521,129.88440092773521,0,0.0051965007660355065,0,0,0.0051965007660355065,0,0,-4.1434383156383174e-06,-1.1436769556460533e-05,-5.3770364897699081e-06,-1.0149485243286411e-07,5.9745336430250301e-07,-7.400047481765241e-05,-0.00022113043475287041,-0.00013353048372479159,-3.2508374011214287e-05,2.3159711445147922e-06,0,1.6578134560347871e-09
1.0249999999999999,approach_stop,40,40,0.20000000000000001,0.0050000000000000001,1.1572265624999877e-05,0.0013828124999999904,0.10968749999999962,0,3.2000000000000002,0,7.7645029045263015e-07,2.1297817495507987e-05,0,3.2000000000267175,0,1.2164431668428252e-09,free_flight_controlled,sep_nmpc_adapted,formal_acados,0.22500006725050381,0,0.3900013063194136,-7.091997866470745e-07,1.3121259223712585e-06,1.3562046686410378e-05,0.064597580866769408,2.1501618605046741e-05,1.8774003348479229e-07,0.0048778983586863943,0.0048778983586863943,false,false,6.0128190000000004,0,0,false,0,1.7005665067015718e-05,0,129.88440102171768,129.88440102171768,0,0.0050774153136537532,0,0,0.0050774153136537532,0,0,-4.5174547992421053e-06,-1.2558362040326537e-05,-6.0634130634932949e-06,-2.7723245829975027e-07,6.0550753772315108e-07,-7.5615383800359861e-05,-0.00022747080881827851,-0.00014095674003880514,-3.7767807904987314e-05,9.0134900558371767e-07,0,1.819509160933835e-09
1.03,approach_stop,40,40,0.20000000000000001,0.0050000000000000001,1.9946250000000053e-05,0.0019845000000000036,0.13095000000000012,0,3.2000000000000002,0,8.8784055367860419e-07,2.3276050481239427e-05,0,3.2000000000333522,0,1.4351611405070567e-09,free_flight_controlled,sep_nmpc_adapted,formal_acados,0.22500006148722235,0,0.39000147227635773,-8.2635333134573052e-07,1.4271184588734313e-06,1.3562046686410378e-05,0.064597580866769408,2.1501618605046741e-05,1.8774003348479229e-07,0.0048778983586863943,0.0048778983586863943,false,false,6.0128190000000004,0,0,false,0,1.872517898056672e-05,0,129.88440111829291,129.88440111829291,0,0.0049629545757502152,0,0,0.0049629545757502152,0,0,-4.899083592424898e-06,-1.3709986599084333e-05,-6.7859114276705263e-06,-4.7926530333559777e-07,6.0632332112622297e-07,-7.7049906901126598e-05,-0.00023315137507628448,-0.00014797426016802486,-4.3016835167836414e-05,-5.7589324556337424e-07,0,1.976395411843204e-09
1.0349999999999999,approach_stop,40,40,0.20000000000000001,0.0050000000000000001,3.1593515624999783e-05,0.0026919374999999877,0.15198749999999966,0,3.2000000000000002,0,1.0093658286791226e-06,2.5352267675937572e-05,0,3.2000000000411406,0,1.6777233934483148e-09,free_flight_controlled,sep_nmpc_adapted,formal_acados,0.22500005262182135,0,0.39000164725917558,-9.567440073243727e-07,1.5426754534502038e-06,1.3562046686410378e-05,0.064597580866769408,2.1501618605046741e-05,1.8774003348479229e-07,0.0048778983586863943,0.0048778983586863943,false,false,6.0128190000000004,0,0,false,0,2.050589122828131e-05,0,129.88440121710769,129.88440121710769,0,0.0048529146551102853,0,0,0.0048529146551102853,0,0,-5.2875078693336914e-06,-1.4888505464724827e-05,-7.542424101216295e-06,-7.0739131835238259e-07,5.9964325133844708e-07,-7.8336804834732663e-05,-0.00023823544615293656,-0.00015455923057525263,-4.8196896034941527e-05,-2.0937818606384731e-06,0,2.1263855909575643e-09
1.04,approach_stop,40,40,0.20000000000000001,0.0050000000000000001,4.7040000000000126e-05,0.0035040000000000062,0.17280000000000018,0,3.2000000000000002,0,1.1415236854422002e-06,2.7529528612207443e-05,0,3.2000000000502036,0,1.9453530377415091e-09,free_flight_controlled,sep_nmpc_adapted,formal_acados,0.225000040258892,0,0.39000183075816153,-1.1012647934405262e-06,1.6580974540119177e-06,1.3562046686410378e-05,0.064597580866769408,2.1501618605046741e-05,1.8774003348479229e-07,0.0048778983586863943,0.0048778983586863943,false,false,6.0128190000000004,0,0,false,0,2.2344032519219639e-05,0,129.88440131782406,129.88440131782406,0,0.0047471145786969786,0,0,0.0047471145786969786,0,0,-5.6820561268192694e-06,-1.6091077818493408e-05,-8.3307476628758583e-06,-9.6113768244850574e-07,5.8531491964391989e-07,-7.9501781877279443e-05,-0.00024277856588168206,-0.00016069663620527018,-5.3258171015692043e-05,-3.6323366692906753e-06,0,2.267507635358726e-09
1.0449999999999999,approach_stop,40,40,0.20000000000000001,0.0050000000000000001,6.6806015624999677e-05,0.0044195624999999869,0.19338749999999971,0,3.2000000000000002,0,1.2848269217564719e-06,2.9810859342185587e-05,0,3.2000000000606708,0,2.2392222751967693e-09,free_flight_controlled,sep_nmpc_adapted,formal_acados,0.22500002400016231,0,0.39000202222523611,-1.2608267594416134e-06,1.772693285903315e-06,1.3562046686410378e-05,0.064597580866769408,2.1501618605046741e-05,1.8774003348479229e-07,0.0048778983586863943,0.0048778983586863943,false,false,6.0128190000000004,0,0,false,0,2.4235997582471054e-05,0,129.88440142011805,129.88440142011805,0,0.0046453922564055512,0,0,0.0046453922564055512,0,0,-6.0821715188436984e-06,-1.7315122514713882e-05,-9.1486206599144318e-06,-1.2398030637119413e-06,5.6328025130254334e-07,-8.0565232108217072e-05,-0.00024682916862479854,-0.00016637795730434397,-5.8158958808448105e-05,-5.1738276977638936e-06,0,2.397913063572682e-09
1.05,approach_stop,40,40,0.20000000000000001,0.0050000000000000001,9.1406250000000233e-05,0.0054375000000000092,0.21375000000000016,0,3.2000000000000002,0,1.439803323929347e-06,3.2199224986627942e-05,0,3.2000000000726749,0,2.5604481638823671e-09,free_flight_controlled,sep_nmpc_adapted,formal_acados,0.22500000344646226,0,0.39000222108189309,-1.4363568616726496e-06,1.8857795929148662e-06,2.2299515272609572e-05,0.0098165584165326308,1.4142138367756896e-10,-4.6736312848833598e-05,0.21476323385827625,0.21476323385827625,false,false,5.7621089999999997,0,0,false,0,2.617833106980006e-05,0,129.88447427016879,129.88447427016879,0,0.33533066899162267,0,0,0.33533066899162267,0,0,-6.4873885745661138e-06,-1.8558284421298289e-05,-9.9937517437470203e-06,-1.5424963198535749e-06,5.3356407217776508e-07,-8.1543479740112072e-05,-0.00025042934459392402,-0.00017159952407663716,-6.2864905261444107e-05,-6.7028207736907819e-06,0,2.5158825341916564e-09
1.0549999999999999,approach_stop,40,40,0.20000000000000001,0.0050000000000000001,0.00012134976562499958,0.0065566874999999853,0.23388749999999975,0,3.2000000000000002,0,1.6260556435931184e-06,4.2449177564400744e-05,0,3.2000000001497124,0,2.7910317613184493e-08,free_flight_controlled,sep_nmpc_adapted,formal_acados,0.22499998159570128,0,0.39000241678036507,-1.6444599423293127e-06,2.3824189852467665e-06,2.2299515272609572e-05,0.0098165584165326308,1.4142138367756896e-10,-4.6736312848833598e-05,0.21476323385827625,0.21476323385827625,false,false,5.7621089999999997,0,0,false,0,3.2363599002899441e-05,0,129.88449065545475,129.88449065545475,0,0.32349410900025616,0,0,0.32349410900025616,0,0,-1.2155514136360924e-05,-1.9507791691150013e-05,-1.0343721359237366e-05,-1.6245348680458805e-06,5.2878814868257612e-07,-0.002180489590966454,-0.00013356418609889397,2.7584094244606909e-05,3.171134754449818e-05,6.1002607176662901e-06,0,6.7411246324512076e-09
1.0600000000000001,approach_stop,40,40,0.20000000000000001,0.0050000000000000001,0.00015714000000000044,0.0077760000000000147,0.25380000000000019,0,3.2000000000000002,0,1.8656992957711719e-06,5.363857269573528e-05,0,3.2000000003614253,0,5.5940730504540116e-08,free_flight_controlled,sep_nmpc_adapted,formal_acados,0.22499996433303074,0,0.39000260186071239,-1.9013662650446683e-06,3.6331879688620066e-06,2.2299515272609572e-05,0.0098165584165326308,1.4142138367756896e-10,-4.6736312848833598e-05,0.21476323385827625,0.21476323385827625,false,false,5.7621089999999997,0,0,false,0,4.6827684642383846e-05,0,129.8845303990505,129.8845303990505,0,0.31196661426191291,0,0,0.31196661426191291,0,0,-2.8045302820155358e-05,-1.9951202838654807e-05,-9.7755734237425632e-06,-1.2207990714168274e-06,6.0501361364792702e-07,-0.0041711592210488006,-4.66020696737984e-05,0.00019638848415245839,0.00013038242733959379,2.5198958595840545e-05,0,1.4711547490857991e-08
1.0649999999999999,approach_stop,40,40,0.20000000000000001,0.0050000000000000001,0.00019927476562499953,0.0090943124999999844,0.27348749999999983,0,3.2000000000000002,0,2.164672990022201e-06,6.6261922998278375e-05,0,3.2000000007363925,0,9.2785552217976038e-08,free_flight_controlled,sep_nmpc_adapted,formal_acados,0.22499995543616305,0,0.39000278262385529,-2.2092368269777118e-06,5.6082458501720959e-06,2.2299515272609572e-05,0.0098165584165326308,1.4142138367756896e-10,-4.6736312848833598e-05,0.21476323385827625,0.21476323385827625,false,false,5.7621089999999997,0,0,false,0,6.92600478590426e-05,0,129.8845922883302,129.8845922883302,0,0.300743288918492,0,0,0.300743288918492,0,0,-5.3633284330629211e-05,-2.0018932516405318e-05,-8.4304763221119653e-06,-3.2475815389812796e-07,7.8689216159864782e-07,-0.0060604261292258295,1.7664950971484497e-05,0.00033892640040611828,0.00022791158778005224,4.798789112477165e-05,0,2.631946457219948e-08
1.0700000000000001,approach_stop,40,40,0.20000000000000001,0.0050000000000000001,0.00024824625000000066,0.01051050000000002,0.29295000000000021,0,3.2000000000000002,0,2.5313599868611072e-06,8.0802529368119371e-05,0,3.200000001333708,0,1.4450854018915515e-07,free_flight_controlled,sep_nmpc_adapted,formal_acados,0.22499995841083625,0,0.39000296726094752,-2.5729491506254476e-06,8.2773373325803402e-06,2.2299515272609572e-05,0.0098165584165326308,1.4142138367756896e-10,-4.6736312848833598e-05,0.21476323385827625,0.21476323385827625,false,false,5.7621089999999997,0,0,false,0,9.9357027514439909e-05,0,129.88467510999473,129.88467510999473,0,0.28981938269636626,0,0,0.28981938269636626,0,0,-8.8426399861729784e-05,-1.981110624427387e-05,-6.4314803994493068e-06,1.048482143607658e-06,1.0877855817487323e-06,-0.0078536726370533761,6.4282360672378647e-05,0.00045837764677477132,0.00032077695306933287,7.2529236727669161e-05,0,4.1386098242066626e-08
1.075,approach_stop,40,40,0.20000000000000001,0.0050000000000000001,0.00030454101562499947,0.012023437499999986,0.31218749999999984,0,3.2000000000000002,0,2.9765265932228645e-06,9.7729975431230809e-05,0,3.2000000022425068,0,2.1705690416682854e-07,free_flight_controlled,sep_nmpc_adapted,formal_acados,0.22499997642311487,0,0.39000316512738287,-3.000103478367766e-06,1.1609774649559744e-05,2.2299515272609572e-05,0.0098165584165326308,1.4142138367756896e-10,-4.6736312848833598e-05,0.21476323385827625,0.21476323385827625,false,false,5.7621089999999997,0,0,false,0,0.0001368216759709339,0,129.88477765476614,129.88477765476614,0,0.2791902382012868,0,0,0.2791902382012868,0,0,-0.00013195576636047842,-1.940654655346482e-05,-3.8875570194587428e-06,2.8693683465733123e-06,1.5127175782271289e-06,-0.0095552497107037927,9.6819067414633835e-05,0.00055722882754868615,0.00040664971477495215,9.7402925803758959e-05,0,5.9676665799552768e-08
1.0800000000000001,approach_stop,40,40,0.20000000000000001,0.0050000000000000001,0.00036864000000000097,0.013632000000000023,0.33120000000000027,0,3.2000000000000002,0,3.5132492562069158e-06,0.00011749852440232173,0,3.2000000035812852,0,3.1622237349950755e-07,free_flight_controlled,sep_nmpc_adapted,formal_acados,0.22500001225054986,0,0.39000338620967478,-3.5009987063572279e-06,1.5574435054631301e-05,2.2299515272609572e-05,0.0098165584165326308,1.4142138367756896e-10,-4.6736312848833598e-05,0.21476323385827625,0.21476323385827625,false,false,5.7621089999999997,0,0,false,0,0.00018136363196072478,0,129.88489872163802,129.88489872163802,0,0.26885125551561267,0,0,0.26885125551561267,0,0,-0.00018377236104479908,-1.8868919124250877e-05,-8.9658663672683816e-07,5.0989097785087349e-06,2.0606455377887098e-06,-0.011168793931426215,0.0001178321950587954,0.00063745601435720477,0.00048403432881752019,0.00012158433947425426,0,8.0908824213006244e-08
1.085,approach_stop,40,40,0.20000000000000001,0.0050000000000000001,0.00044101851562499946,0.015335062499999988,0.34998749999999984,0,3.2000000000000002,0,4.1568353019052019e-06,0.00014054614209919753,0,3.2000000054970417,0,4.4760792896782617e-07,free_flight_controlled,sep_nmpc_adapted,formal_acados,0.22500006824926108,0,0.39000364073448007,-4.0885860408401697e-06,2.013976905038594e-05,2.2299515272609572e-05,0.0098165584165326308,1.4142138367756896e-10,-4.6736312848833598e-05,0.21476323385827625,0.21476323385827625,false,false,5.7621089999999997,0,0,false,0,0.00023269901561380704,0,129.88503712173238,129.88503712173238,0,0.25879786883857703,0,0,0.25879786883857703,0,0,-0.00024344402977027711,-1.8250950885565742e-05,2.4524482523185976e-06,7.692184282208588e-06,2.7261858216536862e-06,-0.012697446160093896,0.00012918326057873852,0.00070066195502767358,0.00055201942359648455,0.00014434748908537275,0,1.0475519669146632e-07
1.0900000000000001,approach_stop,40,40,0.20000000000000001,0.0050000000000000001,0.0005221462500000013,0.017131500000000029,0.36855000000000032,0,3.2000000000000002,0,4.924739942602718e-06,0.00016729395480894361,0,3.200000008164257,0,6.1659918220484216e-07,free_flight_controlled,sep_nmpc_adapted,formal_acados,0.2250001463326948,0,0.3900039388821977,-4.7784072478018746e-06,2.5273815987565318e-05,2.2299515272609572e-05,0.0098165584165326308,1.4142138367756896e-10,-4.6736312848833598e-05,0.21476323385827625,0.21476323385827625,false,false,5.7621089999999997,0,0,false,0,0.00029055033819123184,0,129.88519168179667,129.88519168179667,0,0.24902553146868064,0,0,0.24902553146868064,0,0,-0.00031055340895705212,-1.7597334356677166e-05,6.0778640218237358e-06,1.0600800198691475e-05,3.5009111164118582e-06,-0.014144002463814113,0.00013225401426926895,0.00074817795010604109,0.00061010465993164046,0.00016518999169327168,0,1.3084224897179847e-07
1.095,approach_stop,40,40,0.20000000000000001,0.0050000000000000001,0.00061248726562499953,0.019020187499999987,0.38688749999999988,0,3.2000000000000002,0,5.8364813742977587e-06,0.00019814600913898206,0,3.2000000117837444,0,8.2833980375377011e-07,free_flight_controlled,sep_nmpc_adapted,formal_acados,0.22500024795902659,0,0.39000429057740071,-5.5885223477214474e-06,3.0944224663737958e-05,2.2299515272609572e-05,0.0098165584165326308,1.4142138367756896e-10,-4.6736312848833598e-05,0.21476323385827625,0.21476323385827625,false,false,5.7621089999999997,0,0,false,0,0.00035464642136926274,0,129.88536124736527,129.88536124736527,0,0.23952970655949921,0,0,0.23952970655949921,0,0,-0.00038469647799113871,-1.6946733785618093e-05,9.90411565235339e-06,1.3774631461846785e-05,4.3743187600200798e-06,-0.015511018238469957,0.00012809425109861216,0.00078113875021537129,0.00065807988801632497,0.00018377582870629064,0,1.5874702198535479e-07
1.1000000000000001,approach_stop,40,40,0.20000000000000001,0.0050000000000000001,0.00071250000000000176,0.021000000000000036,0.40500000000000036,0,3.2000000000000002,0,6.9135552292075632e-06,0.0002334892413207796,0,3.2000000165813902,0,1.0877106116071581e-06,free_flight_controlled,sep_nmpc_adapted,formal_acados,0.22500037412503432,0,0.39000470533580084,-6.5394301949073252e-06,3.7118277251967545e-05,0.00070464995318105352,0.13217682540699588,1.4142136852484827e-10,-0.0025712484485923928,0.41711482501494201,0.41711482501494201,false,false,5.7791699999999997,0,0,false,0,0.00042472232251733596,0,129.88668257403089,129.88668257403089,0,0.54878568234132075,0,0,0.54878568234132075,0,0,-0.00046548154627522147,-1.6333175367626376e-05,1.38609576996919e-05,1.7163044343837106e-05,5.3345494705416822e-06,-0.016800879914828183,0.00011752331244253501,0.00080053712954554859,0.00069594043977597153,0.00019989216994140715,0,1.8799222636151944e-07
1.105,approach_stop,40,40,0.20000000000000001,0.0050000000000000001,0.00082263726562499973,0.023069812499999995,0.42288749999999992,0,3.2000000000000002,0,8.1935046361849165e-06,0.0002795109253219843,0,3.2000000237361981,0,1.7662205437536476e-06,free_flight_controlled,sep_nmpc_adapted,formal_acados,0.22500052758003641,0,0.39000517869018358,-7.6659245997756642e-06,4.4139687271859878e-05,0.00070464995318105352,0.13217682540699588,1.4142136852484827e-10,-0.0025712484485923928,0.41711482501494201,0.41711482501494201,false,false,5.7791699999999997,0,0,false,0,0.00050460361535800127,0,129.88708708433745,129.88708708433745,0,0.52840049795304789,0,0,0.52840049795304789,0,0,-0.00055786003072469934,-1.5229365108462194e-05,1.8439591591856334e-05,2.0905520865824583e-05,6.3783051547180851e-06,-0.020139444210229746,0.00031374324621584584,0.0010267068473845912,0.00080330704948403141,0.00021894896176742666,0,2.5101825332429164e-07
1.1100000000000001,approach_stop,40,40,0.20000000000000001,0.0050000000000000001,0.00094334625000000254,0.025228500000000043,0.44055000000000039,0,3.2000000000000002,0,9.7186070174655208e-06,0.00033164307134709263,0,3.2000000345491078,0,2.5498848417123842e-06,free_flight_controlled,sep_nmpc_adapted,formal_acados,0.22500071333246444,0,0.39000570661263539,-9.0052745530255773e-06,5.2337367622086808e-05,0.00070464995318105352,0.13217682540699588,1.4142136852484827e-10,-0.0025712484485923928,0.41711482501494201,0.41711482501494201,false,false,5.7791699999999997,0,0,false,0,0.00059796769786688595,0,129.887559123937,129.887559123937,0,0.50857800265541209,0,0,0.50857800265541209,0,0,-0.00066643455475110522,-1.3325585838530841e-05,2.4070519541163564e-05,2.5189083966623817e-05,7.5326992342402451e-06,-0.023282518554470236,0.0004376098358744616,0.0012315335590870459,0.00090593900033266123,0.000242686365421355,0,3.2242715602526039e-07
1.115,approach_stop,40,40,0.20000000000000001,0.0050000000000000001,0.0010750685156249997,0.027474937499999998,0.45798749999999994,0,3.2000000000000002,0,1.1520958043510399e-05,0.00039053499227785792,0,3.2000000495962957,0,3.4590437108996729e-06,free_flight_controlled,sep_nmpc_adapted,formal_acados,0.22500093379416994,0,0.39000630273650561,-1.0587163873587713e-05,6.1648748035325051e-05,0.00070464995318105352,0.13217682540699588,1.4142136852484827e-10,-0.0025712484485923928,0.41711482501494201,0.41711482501494201,false,false,5.7791699999999997,0,0,false,0,0.00070426822938187621,0,129.88809426201325,129.88809426201325,0,0.48930607384827562,0,0,0.48930607384827562,0,0,-0.00079027917885872694,-1.0964606913221401e-05,3.07442252052418e-05,2.9925832978749838e-05,8.8042736565720419e-06,-0.026249243349429002,0.00050005296423743194,0.0014424595820838795,0.00098460667847568846,0.00026546024656615901,0,4.0002187533728019e-07
1.1200000000000001,approach_stop,40,40,0.20000000000000001,0.0050000000000000001,0.001218240000000003,0.02980800000000005,0.47520000000000034,0,3.2000000000000002,0,1.363637156818462e-05,0.00045700442432496926,0,3.2000000695538522,0,4.5132778698997037e-06,free_flight_controlled,sep_nmpc_adapted,formal_acados,0.22500119030923488,0,0.39000698177616644,-1.2446062333304475e-05,7.2010639082771251e-05,0.00070464995318105352,0.13217682540699588,1.4142136852484827e-10,-0.0025712484485923928,0.41711482501494201,0.41711482501494201,false,false,5.7791699999999997,0,0,false,0,0.00082297218066458978,0,129.88868813282934,129.88868813282934,0,0.47057612545845162,0,0,0.47057612545845162,0,0,-0.00092854094126920586,-8.3967731813954922e-06,3.8443863169932019e-05,3.5011696329351263e-05,1.0186354774199724e-05,-0.029050106809540184,0.00052348756968394162,0.0016382553761090201,0.0010469468707631259,0.00028693437449470968,0,4.8219146847106042e-07
1.125,approach_stop,40,40,0.20000000000000001,0.0050000000000000001,0.001373291015625,0.0322265625,0.4921875,0,3.2000000000000002,0,1.6104776283520725e-05,0.0005318631689344819,0,3.2000000951936447,0,5.7312985006683367e-06,free_flight_controlled,sep_nmpc_adapted,formal_acados,0.22500148404151332,0,0.39000775802922744,-1.4620734770209864e-05,8.3359277446898883e-05,0.00070464995318105352,0.13217682540699588,1.4142136852484827e-10,-0.0025712484485923928,0.41711482501494201,0.41711482501494201,false,false,5.7791699999999997,0,0,false,0,0.00095355827349007441,0,129.88933644047898,129.88933644047898,0,0.45238004875327403,0,0,0.45238004875327403,0,0,-0.0010804086069365006,-5.7761348163295913e-06,4.7048326167201294e-05,4.0382241559213381e-05,1.1673061615479012e-05,-0.031691942489029783,0.00052309601993369567,0.0018020512191740867,0.0010993073082179096,0.00030736040915568526,0,5.6731373723314012e-07
1.1300000000000001,approach_stop,40,40,0.20000000000000001,0.0050000000000000001,0.0015406462500000041,0.034729500000000059,0.50895000000000035,0,3.2000000000000002,0,1.897008643203124e-05,0.00061589305012801291,0,3.2000001273787761,0,7.1308741845178829e-06,free_flight_controlled,sep_nmpc_adapted,formal_acados,0.22500181600419553,0,0.39000864557272441,-1.7154082236514601e-05,9.5630367071921081e-05,0.00070464995318105352,0.13217682540699588,1.4142136852484827e-10,-0.0025712484485923928,0.41711482501494201,0.41711482501494201,false,false,5.7791699999999997,0,0,false,0,0.0010955167593790476,0,129.89003496864186,129.89003496864186,0,0.43470977975558023,0,0,0.43470977975558023,0,0,-0.0012450999512207703,-3.1965292011881923e-06,5.6369213097679146e-05,4.5997886099864267e-05,1.3259769052496857e-05,-0.034179686616320912,0.00050824288535091064,0.0019233235972152404,0.0011454843876490164,0.00032697686466914838,0,6.5365358550534458e-07
1.135,approach_stop,40,40,0.20000000000000001,0.0050000000000000001,0.0017207247656250003,0.0373156875,0.5254875,0,3.2000000000000002,0,2.2280071198253798e-05,0.00070986081992147347,0,3.2000001670587359,0,8.7287841391653463e-06,free_flight_controlled,sep_nmpc_adapted,formal_acados,0.22500218687786966,0,0.39000965757405764,-2.0093193328601933e-05,0.0001087590403452215,0.00070464995318105352,0.13217682540699588,1.4142136852484827e-10,-0.0025712484485923928,0.41711482501494201,0.41711482501494201,false,false,5.7791699999999997,0,0,false,0,0.0012483492178593917,0,129.89077958865008,129.89077958865008,0,0.4175575381558444,0,0,0.4175575381558444,0,0,-0.0014218505603811862,-7.1273912924904074e-07,6.6150049971146208e-05,5.1861771798607077e-05,1.4939122470763877e-05,-0.036514603667559112,0.00048593819987925333,0.0019782337166592895,0.0012061422160983294,0.00034353856520225414,0,7.396352901638278e-07
1.1400000000000001,approach_stop,40,40,0.20000000000000001,0.0050000000000000001,0.001913940000000005,0.039984000000000068,0.54180000000000039,0,3.2000000000000002,0,2.6086325035940367e-05,0.00081451525162024691,0,3.2000002152643989,0,1.054078412591788e-05,free_flight_controlled,sep_nmpc_adapted,formal_acados,0.22500259606311193,0,0.3900108018925782,-2.3490261924025146e-05,0.00012267946076739814,0.00070464995318105352,0.13217682540699588,1.4142136852484827e-10,-0.0025712484485923928,0.41711482501494201,0.41711482501494201,false,false,5.7791699999999997,0,0,false,0,0.0014115681264482544,0,129.89156626519701,129.89156626519701,0,0.40091575671899005,0,0,0.40091575671899005,0,0,-0.0016098889638261732,1.6532214066534722e-06,7.5949398003115234e-05,5.8154436368599254e-05,1.6684648107087137e-05,-0.038694733158945498,0.00046122666228533288,0.0019311344750292266,0.0013160058197186674,0.00035397084457658131,0,8.2388296048629917e-07
1.145,approach_stop,40,40,0.20000000000000001,0.0050000000000000001,0.0021206997656250007,0.042733312500000002,0.55788750000000009,0,3.2000000000000002,0,3.0443982750653279e-05,0.00093053051655721665,0,3.2000002731026127,0,1.2581488659653801e-05,free_flight_controlled,sep_nmpc_adapted,formal_acados,0.22500304236914948,0,0.39001208398593551,-2.7401613601180097e-05,0.00013732522072226316,0.00070464995318105352,0.13217682540699588,1.4142136852484827e-10,-0.0025712484485923928,0.41711482501494201,0.41711482501494201,false,false,5.7791699999999997,0,0,false,0,0.0015846970633455848,0,129.89239106881351,129.89239106881351,0,0.38477611304475023,0,0,0.38477611304475023,0,0,-0.0018084494186721019,3.8910609779635899e-06,8.5268689487518536e-05,6.510449131974405e-05,1.8472750327804882e-05,-0.04072341949492405,0.00043472481604376961,0.0017869783454243302,0.0014679653933186176,0.00036091872082728339,0,9.0419693395157518e-07
1.1500000000000001,approach_stop,40,40,0.20000000000000001,0.0050000000000000001,0.0023414062500000058,0.045562500000000075,0.57375000000000043,0,3.2000000000000002,0,3.541113385786364e-05,0.0010583774105324356,0,3.2000003417497438,0,1.4864000035434582e-05,free_flight_controlled,sep_nmpc_adapted,formal_acados,0.22500352473146784,0,0.39001351296215003,-3.1886402390018942e-05,0.00015262993492782211,0.002310233153517091,0.18048873751987221,1.4142135778544611e-10,-0.0074734887346747398,0.59434883248984616,0.59434883248984616,false,false,5.8446680000000004,0,0,false,0,0.001767271630913186,0,129.89739724242312,129.89739724242312,0,0.647424896126648,0,0,0.647424896126648,0,0,-0.0020168037076943035,5.965333494236152e-06,9.3788521706169914e-05,7.2777754529147859e-05,2.0298184311776668e-05,-0.042614825170079189,0.00039333168507506679,0.0016286756107151237,0.0015902617125281096,0.00036979018915833602,0,9.7596274232417773e-07
1.155,approach_stop,40,40,0.20000000000000001,0.0050000000000000001,0.0025764560156250013,0.048470437500000019,0.58938750000000006,0,3.2000000000000002,0,4.1058550293016076e-05,0.0012028426719105298,0,3.2000004258515689,0,1.875298408277345e-05,free_flight_controlled,sep_nmpc_adapted,formal_acados,0.22500404222722153,0,0.39001510838517028,-3.7016323071487056e-05,0.00016885730225342106,0.002310233153517091,0.18048873751987221,1.4142135778544611e-10,-0.0074734887346747398,0.59434883248984616,0.59434883248984616,false,false,5.8446680000000004,0,0,false,0,0.0019624143414056932,0,129.89870091736867,129.89870091736867,0,0.62225923914571202,0,0,0.62225923914571202,0,0,-0.0022390353212427346,8.1086865276562395e-06,0.00010269056635370396,8.0661987723024795e-05,2.2166679879047931e-05,-0.046267580533849648,0.00045738727264972698,0.0019260756347619663,0.001567569776571155,0.00037712635651119739,0,1.0909665225679878e-06
1.1599999999999999,approach_stop,40,40,0.20000000000000001,0.0050000000000000001,0.0028262399999999964,0.051455999999999953,0.60479999999999978,0,3.2000000000000002,0,4.7462152630551251e-05,0.0013610221539218242,0,3.2000005303125993,0,2.3006560927047804e-05,free_flight_controlled,sep_nmpc_adapted,formal_acados,0.22500459325373884,0,0.39001688267608647,-4.2868898891712526e-05,0.0001862572509150819,0.002310233153517091,0.18048873751987221,1.4142135778544611e-10,-0.0074734887346747398,0.59434883248984616,0.59434883248984616,false,false,5.8446680000000004,0,0,false,0,0.0021731245391286638,0,129.90009979724053,129.90009979724053,0,0.59782889090597968,0,0,0.59782889090597968,0,0,-0.0024789456880285297,1.0465155792545664e-05,0.00011283093701950763,8.8556014426246571e-05,2.4064356818035248e-05,-0.049687097549478525,0.00048169571636946183,0.0021208383531106036,0.0015949355315662171,0.00038168846567194001,0,1.1983995245385848e-06
1.165,approach_stop,40,40,0.20000000000000001,0.0050000000000000001,0.0030911435156250021,0.05451806250000002,0.61998750000000014,0,3.2000000000000002,0,5.4693051755070186e-05,0.0015339241796544628,0,3.2000006570341353,0,2.7656305810821488e-05,free_flight_controlled,sep_nmpc_adapted,formal_acados,0.22500517598164438,0,0.39001884197680431,-4.951707011069395e-05,0.00020473669532872059,0.002310233153517091,0.18048873751987221,1.4142135778544611e-10,-0.0074734887346747398,0.59434883248984616,0.59434883248984616,false,false,5.8446680000000004,0,0,false,0,0.0023987093651359828,0,129.90158580353057,129.90158580353057,0,0.57412206879114946,0,0,0.57412206879114946,0,0,-0.0027353909550200859,1.2876791040166515e-05,0.00012366097466311708,9.6716517217121427e-05,2.598044599876348e-05,-0.05288196360858026,0.00048134621272728464,0.0022002571228772337,0.0016742916031744712,0.00038465565906540373,0,1.2935949452491136e-06
1.1699999999999999,approach_stop,40,40,0.20000000000000001,0.0050000000000000001,0.003371546249999996,0.057655499999999957,0.63494999999999979,0,3.2000000000000002,0,6.2827287340167827e-05,0.0017225117478760711,0,3.2000008080702802,0,3.2731657863803427e-05,free_flight_controlled,sep_nmpc_adapted,formal_acados,0.22500578846648731,0,0.39002099267609736,-5.7038820852867156e-05,0.00022420208747291599,0.002310233153517091,0.18048873751987221,1.4142135778544611e-10,-0.0074734887346747398,0.59434883248984616,0.59434883248984616,false,false,5.8446680000000004,0,0,false,0,0.0026384920276534608,0,129.90315106179168,129.90315106179168,0,0.55112698145943062,0,0,0.55112698145943062,0,0,-0.0030072657236556587,1.5245240723236853e-05,0.00013458827739901141,0.00010540125856946527,2.7909248965972086e-05,-0.055859144820803758,0.00046555319793621289,0.0021591038595516763,0.0018042795211617654,0.0003868948296494818,0,1.3713855578788106e-06
1.175,approach_stop,40,40,0.20000000000000001,0.0050000000000000001,0.0036678222656250027,0.060867187500000031,0.6496875000000002,0,3.2000000000000002,0,7.1945595402049769e-05,0.0019277001401252032,0,3.2000009856167635,0,3.8259798904824091e-05,free_flight_controlled,sep_nmpc_adapted,formal_acados,0.22500642866386619,0,0.39002334178056108,-6.5516931535863909e-05,0.00024455949870717,0.002310233153517091,0.18048873751987221,1.4142135778544611e-10,-0.0074734887346747398,0.59434883248984616,0.59434883248984616,false,false,5.8446680000000004,0,0,false,0,0.0028918116466352881,0,129.90478791711362,129.90478791711362,0,0.52883177600306364,0,0,0.52883177600306364,0,0,-0.0032934971492632322,1.7508386023696755e-05,0.00014500836172911136,0.00011485452414289365,2.9848813010809377e-05,-0.058624800672165238,0.00043988504678671219,0.0019974880551418906,0.0019809669523693976,0.00038904949766237733,0,1.4260162579544221e-06
1.1799999999999999,approach_stop,40,40,0.20000000000000001,0.0050000000000000001,0.0039803399999999954,0.064151999999999959,0.66419999999999979,0,3.2000000000000002,0,8.2133037742158866e-05,0.0021502604337473763,0,3.2000011919989872,0,4.426524828824339e-05,free_flight_controlled,sep_nmpc_adapted,formal_acados,0.22500709451890299,0,0.39002589855584247,-7.5038518839165569e-05,0.00026571481661969245,0.002310233153517091,0.18048873751987221,1.4142135778544611e-10,-0.0074734887346747398,0.59434883248984616,0.59434883248984616,false,false,5.8446680000000004,0,0,false,0,0.0031580234441333354,0,129.90648896438589,129.90648896438589,0,0.50722290199059561,0,0,0.50722290199059561,0,0,-0.0035930501530172789,1.9614504125107154e-05,0.00015438841721035064,0.00012524462899702197,3.1803147442716585e-05,-0.061190739792394436,0.00039948447268774932,0.0017642956624888742,0.0021607282966671962,0.00039387433922852749,0,1.4493763440853307e-06
1.1850000000000001,approach_stop,40,40,0.20000000000000001,0.0050000000000000001,0.0043094622656250038,0.067508812500000029,0.67848750000000013,0,3.2000000000000002,0,9.3477780847330046e-05,0.00239074798081974,0,3.2000014296568282,0,5.0769509002431032e-05,free_flight_controlled,sep_nmpc_adapted,formal_acados,0.22500778453803788,0,0.39002868484808462,-8.5693242809464776e-05,0.00028757465099252467,0.002310233153517091,0.18048873751987221,1.4142135778544611e-10,-0.0074734887346747398,0.59434883248984616,0.59434883248984616,false,false,5.8446680000000004,0,0,false,0,0.0034365009699053404,0,129.90824709044875,129.90824709044875,0,0.48628394310059542,0,0,0.48628394310059542,0,0,-0.0039049907267246016,2.1442248023670963e-05,0.00016272332231483515,0.00013628415986195381,3.3800907214001447e-05,-0.063580667819522096,0.00033061842959593014,0.0015782521746016706,0.002241020018748068,0.00040587324572309119,0,1.4292123861751571e-06
1.1899999999999999,approach_stop,40,40,0.20000000000000001,0.0050000000000000001,0.0046555462499999955,0.070936499999999958,0.69254999999999989,0,3.2000000000000002,0,0.00010607142684693538,0.0026499484289146473,0,3.2000017011340089,0,5.7792522895203026e-05,free_flight_controlled,sep_nmpc_adapted,formal_acados,0.22500849733853934,0,0.39003172900672989,-9.7574088307600393e-05,0.00031004588169935985,0.002310233153517091,0.18048873751987221,1.4142135778544611e-10,-0.0074734887346747398,0.59434883248984616,0.59434883248984616,false,false,5.8446680000000004,0,0,false,0,0.0037266345163538602,0,129.91005540259235,129.91005540259235,0,0.46600322709595937,0,0,0.46600322709595937,0,0,-0.0042284578773228764,2.2881069113924826e-05,0.00017021397314248508,0.00014749761837287842,3.5869698700869302e-05,-0.065801582515998089,0.00024545580019151673,0.0014241505536553734,0.002231946153238741,0.00042186701369362331,0,1.3570324872666198e-06
1.1950000000000001,approach_stop,40,40,0.20000000000000001,0.0050000000000000001,0.005018943515625005,0.074433937500000047,0.70638750000000017,0,3.2000000000000002,0,0.00012000943631887843,0.0029286134130740373,0,3.2000020090682142,0,6.5351896890051395e-05,free_flight_controlled,sep_nmpc_adapted,formal_acados,0.22500923122101127,0,0.39003505902981173,-0.00011077821530761089,0.00033303516345274578,0.002310233153517091,0.18048873751987221,1.4142135778544611e-10,-0.0074734887346747398,0.59434883248984616,0.59434883248984616,false,false,5.8446680000000004,0,0,false,0,0.0040278293597739191,0,129.91190725847105,129.91190725847105,0,0.44636920494936122,0,0,0.44636920494936122,0,0,-0.0045626198248398262,2.3870137441938598e-05,0.00017698922658385653,0.00015846072129126556,3.802401064191238e-05,-0.067858628293799475,0.00015159427531074194,0.0012905380890405396,0.0021419887194106466,0.00043982987607107737,0,1.223897021991269e-06
1.2,approach_stop,40,40,0.20000000000000001,0.0050000000000000001,0.0053999999999999968,0.077999999999999972,0.71999999999999986,0,3.2000000000000002,0,0.00013539092515971806,0.0032274533559634409,0,3.2000023561792701,0,7.3462864991044919e-05,free_flight_controlled,sep_nmpc_adapted,formal_acados,0.22500998414828388,0,0.39003870231119919,-0.00012540677687583601,0.00035644898099079504,0.0040763809212594586,0.21781023151339762,1.414213569500358e-10,-0.014930832605718753,0.7523560871984144,0.7523560871984144,false,false,6.7172289999999997,0,0,false,0,0.0043395055921401603,0,129.92287456008651,129.92287456008651,0,0.67477376742906259,0,0,0.67477376742906259,0,0,-0.0049066682155298382,2.4378096447456076e-05,0.00018313210998451834,0.0001687847530729306,4.027035097414648e-05,-0.069756113191092095,5.3490626892591661e-05,0.001170194434982508,0.0019771129521431079,0.00045852628242279582,0,1.020227205719965e-06
1.2050000000000001,approach_stop,40,40,0.20000000000000001,0.0050000000000000001,0.0057990560156250051,0.081633562500000062,0.73338750000000019,0,3.2000000000000002,0,0.00015232920060161703,0.003551533935971702,0,3.2000027527723987,0,8.512998802860368e-05,free_flight_controlled,sep_nmpc_adapted,formal_acados,0.22501075263409342,0,0.39004267848534685,-0.00014157656650820583,0.00038048545938568863,0.0040763809212594586,0.21781023151339762,1.414213569500358e-10,-0.014930832605718753,0.7523560871984144,0.7523560871984144,false,false,6.7172289999999997,0,0,false,0,0.0046642714995131151,0,129.92535803877351,129.92535803877351,0,0.64752447667591284,0,0,0.64752447667591284,0,0,-0.0052639350222227262,2.4791973101192158e-05,0.00018901702001184622,0.0001784550619417431,4.2569080556787056e-05,-0.073138598013710088,0.00010487975081502041,0.0011813483004595299,0.0018899115387581704,0.00046119155843090705,0,8.1976835613610513e-07
1.21,approach_stop,40,40,0.20000000000000001,0.0050000000000000001,0.0062164462499999977,0.085333499999999965,0.74654999999999994,0,3.2000000000000002,0,0.00017094272291274352,0.0038977068536369666,0,3.2000032094892923,0,9.7511215209169301e-05,free_flight_controlled,sep_nmpc_adapted,formal_acados,0.22501153257496234,0,0.39004700109177715,-0.00015941014795040065,0.00040533073023721404,0.0040763809212594586,0.21781023151339762,1.414213569500358e-10,-0.014930832605718753,0.7523560871984144,0.7523560871984144,false,false,6.7172289999999997,0,0,false,0,0.0050046310051453952,0,129.92793674919048,129.92793674919048,0,0.62111880542546638,0,0,0.62111880542546638,0,0,-0.0056374860815534521,2.5322523225786051e-05,0.00019488651815821375,0.0001876271252058986,4.4889224658025252e-05,-0.076271695658674296,0.00010334226037902692,0.0011647443428577939,0.0017754364798946611,0.0004670573650388287,0,5.3292889101939843e-07
1.2150000000000001,approach_stop,40,40,0.20000000000000001,0.0050000000000000001,0.0066524997656250071,0.089098687500000065,0.7594875000000002,0,3.2000000000000002,0,0.00019134428277922831,0.0042668984991737812,0,3.2000037299793895,0,0.00011063832575175262,free_flight_controlled,sep_nmpc_adapted,formal_acados,0.22501232065131654,0,0.39005169037100884,-0.00017902363146268807,0.00043086781423152723,0.0040763809212594586,0.21781023151339762,1.414213569500358e-10,-0.014930832605718753,0.7523560871984144,0.7523560871984144,false,false,6.7172289999999997,0,0,false,0,0.0053598152964291967,0,129.9305998339083,129.9305998339083,0,0.59554082793849838,0,0,0.59554082793849838,0,0,-0.0060261136593863533,2.5748780543282621e-05,0.00020061381547356607,0.00019613313480061281,4.7245881639648113e-05,-0.079170491793669459,6.5307638595907968e-05,0.0011251781412108749,0.0016217264914451747,0.00047572172730432779,0,1.4411062071523532e-07
1.22,approach_stop,40,40,0.20000000000000001,0.0050000000000000001,0.0071075399999999964,0.092927999999999983,0.7722,0,3.2000000000000002,0,0.00021365117152194094,0.0046599650039961136,0,3.2000043180418265,0,0.00012453913334674522,free_flight_controlled,sep_nmpc_adapted,formal_acados,0.22501311284335759,0,0.39005676750241142,-0.0002005383281643569,0.00045697956115002975,0.0040763809212594586,0.21781023151339762,1.414213569500358e-10,-0.014930832605718753,0.7523560871984144,0.7523560871984144,false,false,6.7172289999999997,0,0,false,0,0.0057290754019502241,0,129.93333684740597,129.93333684740597,0,0.5707743507611972,0,0,0.5707743507611972,0,0,-0.006428673205932268,2.5912380663394451e-05,0.00020607476048998096,0.00020379100594871154,4.964256449748517e-05,-0.08184421331638686,-2.0199442167217883e-06,0.0010527787387272941,0.0014458218725499794,0.0004803772244136767,0,-3.6346727005445554e-07
1.2250000000000001,approach_stop,40,40,0.20000000000000001,0.0050000000000000001,0.0075818847656250075,0.096820312500000075,0.78468750000000032,0,3.2000000000000002,0,0.00023798463917887728,0.0050776571496466017,0,3.2000049776038799,0,0.0001392372804244716,free_flight_controlled,sep_nmpc_adapted,formal_acados,0.22501390138037092,0,0.3900622463341365,-0.00022408325880796109,0.00048354771389752722,0.0040763809212594586,0.21781023151339762,1.414213569500358e-10,-0.014930832605718753,0.7523560871984144,0.7523560871984144,false,false,6.7172289999999997,0,0,false,0,0.0061116826287920464,0,129.93613778025269,129.93613778025269,0,0.5468022970860571,0,0,0.5468022970860571,0,0,-0.0068440514258452908,2.5664045885322082e-05,0.00021103946252145424,0.00021061512276031202,5.2026705417275123e-05,-0.084299009176178705,-9.8456995271215561e-05,0.00092831104493089768,0.0012862859730122782,0.00047137052903647075,0,-1.0086404143343277e-06
1.23,approach_stop,40,40,0.20000000000000001,0.0050000000000000001,0.0080758462499999992,0.10077449999999999,0.79694999999999994,0,3.2000000000000002,0,0.00026446973730169033,0.0055207396004022073,0,3.2000057127034198,0,0.00015475327587694015,free_flight_controlled,sep_nmpc_adapted,formal_acados,0.22501467628330621,0,0.3900681362126262,-0.00024979345399547825,0.00051045352412881632,0.0040763809212594586,0.21781023151339762,1.414213569500358e-10,-0.014930832605718753,0.7523560871984144,0.7523560871984144,false,false,6.7172289999999997,0,0,false,0,0.0065069280714473614,0,129.93899301560464,129.93899301560464,0,0.52360874246150857,0,0,0.52360874246150857,0,0,-0.007271182260361185,2.4874541487148248e-05,0.00021527462028974589,0.00021665627513487213,5.4339974027529405e-05,-0.08654612073232773,-0.00021765406092490467,0.00076241745261931013,0.0011309281575675881,0.00045252670934678495,0,-1.8113455102220639e-06
1.2350000000000001,approach_stop,40,40,0.20000000000000001,0.0050000000000000001,0.0085897310156250097,0.10478943750000008,0.80898750000000019,0,3.2000000000000002,0,0.00029323525714273303,0.0059899421014826867,0,3.2000065274719827,0,0.00017110405179090877,free_flight_controlled,sep_nmpc_adapted,formal_acados,0.22501542672550764,0,0.39007444512348799,-0.00027780853163508756,0.00053757823959350447,0.0040763809212594586,0.21781023151339762,1.414213569500358e-10,-0.014930832605718753,0.7523560871984144,0.7523560871984144,false,false,6.7172289999999997,0,0,false,0,0.0069141219007895502,0,129.94189335126131,129.94189335126131,0,0.501178048858128,0,0,0.501178048858128,0,0,-0.0077090522788415515,2.3442878193324776e-05,0.00021859400657929813,0.00022191393668676918,5.6539432193747704e-05,-0.088595343319265343,-0.00035471169343302569,0.00056302824684330082,0.00097187561754085404,0.00042612513716410984,0,-2.7926934116915231e-06
1.24,approach_stop,40,40,0.20000000000000001,0.0050000000000000001,0.0091238399999999994,0.108864,0.82079999999999997,0,3.2000000000000002,0,0.00032441354459955465,0.0064859565519597203,0,3.2000074261169837,0,0.00018830301549321157,free_flight_controlled,sep_nmpc_adapted,formal_acados,0.2250161410081942,0,0.39008117953367893,-0.0003082725364053629,0.00056480313089709059,0.0040763809212594586,0.21781023151339762,1.414213569500358e-10,-0.014930832605718753,0.7523560871984144,0.7523560871984144,false,false,6.7172289999999997,0,0,false,0,0.0073325929818846966,0,129.94483000088746,129.94483000088746,0,0.47949479318004251,0,0,0.47949479318004251,0,0,-0.0081566940713655896,2.1289486965725026e-05,0.00022084539023150987,0.00022635722652357418,5.8590801457364775e-05,-0.09045535023516417,-0.00050589968520734223,0.00033596391702185629,0.00080460480465455674,0.00039345056752025897,0,-3.9750422410842843e-06
1.2450000000000001,approach_stop,40,40,0.20000000000000001,0.0050000000000000001,0.0096784685156250123,0.11299706250000008,0.83238750000000028,0,3.2000000000000002,0,0.00035814030847588363,0.0070094361286493715,0,3.2000084129042854,0,0.00020636012766109016,free_flight_controlled,sep_nmpc_adapted,formal_acados,0.22501680656166725,0,0.39008834422991295,-0.00034133374680864192,0.00059200953414549715,0.0040763809212594586,0.21781023151339762,1.414213569500358e-10,-0.014930832605718753,0.7523560871984144,0.7523560871984144,false,false,6.7172289999999997,0,0,false,0,0.0077616885269409155,0,129.94779459340461,129.94779459340461,0,0.45854373328400511,0,0,0.45854373328400511,0,0,-0.008613181449775454,1.8351211333815767e-05,0.00022190196576521169,0.0002299383529306051,6.0464753651479774e-05,-0.092133998995928251,-0.00066833787117287946,8.5670487495387209e-05,0.00062671460458470121,0.00035525523405033132,0,-5.3820488835785056e-06
1.25,approach_stop,40,40,0.20000000000000001,0.0050000000000000001,0.01025390625,0.1171875,0.84375,0,3.2000000000000002,0,0.00039455472942693317,0.0075612448832821479,0,3.200009492141898,0,0.00022528258594585232,free_flight_controlled,sep_nmpc_adapted,formal_acados,0.22501741008898068,0,0.39009594153544924,-0.00037714464044624751,0.00061907876579139038,0.0052525956960119066,0.25456620281101816,1.4142135664941962e-10,-0.025179536714624924,0.89276361507809221,0.89276361507809221,false,false,5.7479459999999998,0,0,false,0,0.0082007730400102327,0,129.96602416778805,129.96602416778805,0,0.65749501743437155,0,0,0.65749501743437155,0,0,-0.0090775852096613274,1.4501611546480857e-05,0.00022168431753958378,0.00023261162476928684,6.2135789172757606e-05,-0.093604847974062599,-0.00090249749588679911,-0.00016179991177689797,0.00044586788325498854,0.00031275971261780213,0,-7.0331987195884261e-06
1.2550000000000001,approach_stop,40,40,0.20000000000000001,0.0050000000000000001,0.010850437265625013,0.1214341875000001,0.85488750000000024,0,3.2000000000000002,0,0.00043380904659250558,0.0081454690159750102,0,3.2000106808589703,0,0.00025013395077219772,free_flight_controlled,sep_nmpc_adapted,formal_acados,0.22501793924513888,0,0.39010398064274421,-0.00041586980145363883,0.00064615152382952812,0.0052525956960119066,0.25456620281101816,1.4142135664941962e-10,-0.025179536714624924,0.89276361507809221,0.89276361507809221,false,false,5.7479459999999998,0,0,false,0,0.0086520391389621545,0,129.96964966362953,129.96964966362953,0,0.63010812159400442,0,0,0.63010812159400442,0,0,-0.0095526624867652652,9.9834596943944284e-06,0.00022051162103542174,0.00023446478960129029,6.3589410892004236e-05,-0.096414166065367041,-0.0009122075181243279,-0.00030867660774756524,0.00029666693900596452,0.00026905969981032426,0,-8.8851109204889655e-06
1.26,approach_stop,40,40,0.20000000000000001,0.0050000000000000001,0.01146834,0.12573599999999999,0.86580000000000001,0,3.2000000000000002,0,0.00047605904239860538,0.0087597381578432484,0,3.2000119964050455,0,0.00027601288854195677,free_flight_controlled,sep_nmpc_adapted,formal_acados,0.22501838222121759,0,0.39011247311219083,-0.00045767682118103004,0.00067335933907212205,0.0052525956960119066,0.25456620281101816,1.4142135664941962e-10,-0.025179536714624924,0.89276361507809221,0.89276361507809221,false,false,5.7479459999999998,0,0,false,0,0.0091175938541845931,0,129.97334635079187,129.97334635079187,0,0.6036188827976624,0,0,0.6036188827976624,0,0,-0.010041130537799923,5.222452322019857e-06,0.00021855088154332784,0.00023557709133450243,6.4829146526042993e-05,-0.098951018567477692,-0.001018919258366169,-0.00046903482134597057,0.00015159856068563041,0.00022719900270571267,0,-1.1034456129604737e-05
1.2650000000000001,approach_stop,40,40,0.20000000000000001,0.0050000000000000001,0.012107887265625016,0.13009181250000013,0.8764875000000002,0,3.2000000000000002,0,0.00052145901721702571,0.0094056232539040715,0,3.2000134439731616,0,0.00030294156054157381,free_flight_controlled,sep_nmpc_adapted,formal_acados,0.22501872754297267,0,0.39012141484893786,-0.00050273147424437226,0.00070056327777904561,0.0052525956960119066,0.25456620281101816,1.4142135664941962e-10,-0.025179536714624924,0.89276361507809221,0.89276361507809221,false,false,5.7479459999999998,0,0,false,0,0.0095966403443770356,0,129.97710190925815,129.97710190925815,0,0.57802162894497489,0,0,0.57802162894497489,0,0,-0.010541397387442005,-7.1969654314064529e-07,0.00021590669192151786,0.00023602717976421893,6.5868143133322632e-05,-0.1011323028505096,-0.0013859497515960144,-0.00058264512311275449,3.2073279494147426e-05,0.00018904121387189034,0,-1.3497936602597426e-05
1.27,approach_stop,40,40,0.20000000000000001,0.0050000000000000001,0.012769346250000002,0.13450050000000002,0.88695000000000013,0,3.2000000000000002,0,0.00057016918858645627,0.010083940568004346,0,3.2000150288517464,0,0.00033093575114092824,free_flight_controlled,sep_nmpc_adapted,formal_acados,0.22501896479099534,0,0.39013079941043732,-0.00055120439759112627,0.00072762412861897741,0.0052525956960119066,0.25456620281101816,1.4142135664941962e-10,-0.025179536714624924,0.89276361507809221,0.89276361507809221,false,false,5.7479459999999998,0,0,false,0,0.01008839907244124,0,129.98090461592517,129.98090461592517,0,0.55329851811728914,0,0,0.55329851811728914,0,0,-0.011051717172597252,-9.0934879974656426e-06,0.00021278286775619509,0.00023593726432734539,6.6727595634149032e-05,-0.10297445033312669,-0.0019864759438713584,-0.00066327413076336351,-6.5181915666229903e-05,0.00015542783408510261,0,-1.6309953973183376e-05
1.2750000000000001,approach_stop,40,40,0.20000000000000001,0.0050000000000000001,0.013452978515625017,0.13896093750000013,0.89718750000000025,0,3.2000000000000002,0,0.00062235354190418371,0.010795409666893479,0,3.200016756395323,0,0.00036000614015606661,free_flight_controlled,sep_nmpc_adapted,formal_acados,0.2250190839250249,0,0.39014062224650836,-0.00060326961687928726,0.00075440339005810664,0.0052525956960119066,0.25456620281101816,1.4142135664941962e-10,-0.025179536714624924,0.89276361507809221,0.89276361507809221,false,false,5.7479459999999998,0,0,false,0,0.010592112231031297,0,129.98474334131964,129.98474334131964,0,0.5294310580758872,0,0,0.5294310580758872,0,0,-0.011570444888465247,-2.0986365481495744e-05,0.00020931169884221801,0.0002354065921719751,6.7430258350916394e-05,-0.10449760189141842,-0.0027891148335545003,-0.00072331151685379221,-0.00014503215815012707,0.00012625919487401836,0,-1.9508139204613369e-05
1.28,approach_stop,40,40,0.20000000000000001,0.0050000000000000001,0.014159040000000003,0.14347200000000004,0.90720000000000001,0,3.2000000000000002,0,0.00067817950936833408,0.011540690044875054,0,3.2000186319993924,0,0.00039015841547295404,free_flight_controlled,sep_nmpc_adapted,formal_acados,0.22501907508561422,0,0.39015088052513719,-0.00065910442375410883,0.00078076330248092417,0.0052525956960119066,0.25456620281101816,1.4142135664941962e-10,-0.025179536714624924,0.89276361507809221,0.89276361507809221,false,false,5.7479459999999998,0,0,false,0,0.011107043573576343,0,129.98860754917732,129.98860754917732,0,0.50640073025043664,0,0,0.50640073025043664,0,0,-0.012096034152821686,-3.7337491557237065e-05,0.00020557223332438952,0.00023451000494848292,6.799696269720241e-05,-0.10572111117973776,-0.0037657577955414394,-0.00077187651834407687,-0.00021232569174800368,0.00010091433700937916,0,-2.3132618989167321e-05
1.2849999999999999,approach_stop,40,40,0.20000000000000001,0.0050000000000000001,0.014887781015624988,0.14803256249999994,0.91698749999999984,0,3.2000000000000002,0,0.00073781767487545162,0.012320383257035824,0,3.2000206610757158,0,0.00042139338042503381,free_flight_controlled,sep_nmpc_adapted,formal_acados,0.22501892841769139,0,0.3901615727992937,-0.00071888925718407992,0.00080656687330806854,0.0052525956960119066,0.25456620281101816,1.4142135664941962e-10,-0.025179536714624924,0.89276361507809221,0.89276361507809221,false,false,5.7479459999999998,0,0,false,0,0.011632478187493444,0,129.99248729448504,129.99248729448504,0,0.48418901142870574,0,0,0.48418901142870574,0,0,-0.012627033850037935,-5.8951783837391761e-05,0.00020160386239795534,0.00023329863291419184,6.844464721926055e-05,-0.10666375792693064,-0.0048907010810273072,-0.00081584865267852579,-0.00027167222175683564,7.8488665865154083e-05,0,-2.7226011078641121e-05
1.29,approach_stop,40,40,0.20000000000000001,0.0050000000000000001,0.015639446250000005,0.15264150000000004,0.9265500000000001,0,3.2000000000000002,0,0.00080144148995648246,0.013135035189039902,0,3.2000228490282896,0,0.0004537071217712744,free_flight_controlled,sep_nmpc_adapted,formal_acados,0.22501863391146595,0,0.39017269861101445,-0.00078280757849052973,0.00083167790325555408,0.0052525956960119066,0.25456620281101816,1.4142135664941962e-10,-0.025179536714624924,0.89276361507809221,0.89276361507809221,false,false,5.7479459999999998,0,0,false,0,0.012167722253571754,0,129.99637321747406,129.99637321747406,0,0.46277739767858139,0,0,0.46277739767858139,0,0,-0.01316208559680674,-8.6510450066627084e-05,0.00019741574255437391,0.00023180141414191625,6.8785352250591163e-05,-0.10734386996324388,-0.0061400917750691715,-0.00086053000160435454,-0.00032732543715715835,5.7947795067981076e-05,0,-3.1833469968948122e-05
1.2949999999999999,approach_stop,40,40,0.20000000000000001,0.0050000000000000001,0.016414274765624987,0.15729768749999992,0.93588749999999987,0,3.2000000000000002,0,0.00086922700127214664,0.013985138402880163,0,3.2000252012302828,0,0.0004870912266967125,free_flight_controlled,sep_nmpc_adapted,formal_acados,0.22501818126123405,0,0.39018425807168833,-0.00085104574003810884,0.00085596101365488031,0.0052525956960119066,0.25456620281101816,1.4142135664941962e-10,-0.025179536714624924,0.89276361507809221,0.89276361507809221,false,false,5.7479459999999998,0,0,false,0,0.012712102790558536,0,130.00025653416031,130.00025653416031,0,0.44214742928894424,0,0,0.44214742928894424,0,0,-0.013699921660003904,-0.00012057929724732895,0.00019299353377293693,0.00023002703416841077,6.9025835026274957e-05,-0.10777938632593982,-0.007491576627729664,-0.00091007422223207625,-0.00038312687484634019,3.822569915140079e-05,0,-3.7002642879452407e-05
1.3,approach_stop,40,40,0.20000000000000001,0.0050000000000000001,0.017212500000000006,0.16200000000000003,0.94500000000000006,0,3.2000000000000002,0,0.0009413525899391493,0.014871134517883378,0,3.2000277230021719,0,0.00052153303880872524,free_flight_controlled,sep_nmpc_adapted,formal_acados,0.22501755974213244,0,0.39019625144291803,-0.00092379284780672033,0.00087928167472659923,0.0052040581787041766,0.29102298534986848,1.4142135650568399e-10,-0.038065029303545453,1.0161381330628627,1.0161381330628627,false,false,5.7274570000000002,0,0,false,0,0.01326496738469324,0,130.02579642910976,130.02579642910976,0,0.61430345250083496,0,0,0.61430345250083496,0,0,-0.014239363088065471,-0.00016161563574136354,0.00018830439048783006,0.00022796604885306422,6.9167577215020854e-05,-0.10798788233197604,-0.0089240817044441423,-0.00096776758737696924,-0.00044248552757213675,1.8286082686016522e-05,0,-4.2783618627133529e-05
1.3049999999999999,approach_stop,40,40,0.20000000000000001,0.0050000000000000001,0.018034349765624989,0.16674731249999994,0.95388749999999989,0,3.2000000000000002,0,0.001018003011580081,0.015795187484707547,0,3.2000304377322628,0,0.00056425542130055396,free_flight_controlled,sep_nmpc_adapted,formal_acados,0.22501675734928958,0,0.39020870616297992,-0.0010012456622905119,0.0009017352298146458,0.0052040581787041766,0.29102298534986848,1.4142135650568399e-10,-0.038065029303545453,1.0161381330628627,1.0161381330628627,false,false,5.7274570000000002,0,0,false,0,0.013828157311441269,0,130.03025868077978,130.03025868077978,0,0.58827530210189294,0,0,0.58827530210189294,0,0,-0.014783149552104021,-0.00020849274894284823,0.00018323109343698626,0.00022554641758379502,6.9197680735214734e-05,-0.10951536051384217,-0.0098322505524708302,-0.0010613746196010887,-0.00052595340093230213,-6.5553074491112891e-06,0,-4.9207825570109269e-05
1.3100000000000001,approach_stop,40,40,0.20000000000000001,0.0050000000000000001,0.018880046250000011,0.17153850000000007,0.96255000000000002,0,3.2000000000000002,0,0.0010993661662198496,0.016756340744164461,0,3.2000333690329783,0,0.00060815880958896534,free_flight_controlled,sep_nmpc_adapted,formal_acados,0.2250157613325672,0,0.39022164875977472,-0.0010836048336526627,0.00092340875333455676,0.0052040581787041766,0.29102298534986848,1.4142135650568399e-10,-0.038065029303545453,1.0161381330628627,1.0161381330628627,false,false,5.7274570000000002,0,0,false,0,0.014403441585141745,0,130.03475361769765,130.03475361769765,0,0.56315441089524887,0,0,0.56315441089524887,0,0,-0.015333888422743901,-0.00026018461631740694,0.00017769874471152539,0.00022270609586968877,6.910022800932282e-05,-0.11077034311086428,-0.01084715089770495,-0.0011523337502844996,-0.0006110813553758793,-3.2737662433195518e-05,0,-5.6355284513322669e-05
1.3149999999999999,approach_stop,40,40,0.20000000000000001,0.0050000000000000001,0.019749806015624989,0.17637243749999995,0.9709875,0,3.2000000000000002,0,0.0011856292213380118,0.017755250958747838,0,3.2000365228046257,0,0.00065324139338040566,free_flight_controlled,sep_nmpc_adapted,formal_acados,0.22501455919816948,0,0.39023507771676347,-0.0011710700231685467,0.00094415223826295718,0.0052040581787041766,0.29102298534986848,1.4142135650568399e-10,-0.038065029303545453,1.0161381330628627,1.0161381330628627,false,false,5.7274570000000002,0,0,false,0,0.014990046162010702,0,130.03926939391008,130.03926939391008,0,0.53892089184387937,0,0,0.53892089184387937,0,0,-0.015890257715799973,-0.00031717653381278669,0.00017170745777249794,0.00021943169331777336,6.8868230428554268e-05,-0.11176899592164471,-0.011949683033016334,-0.0012456250650740321,-0.00069990955231560349,-6.0414119276579005e-05,0,-6.4286337217591498e-05
1.3200000000000001,approach_stop,40,40,0.20000000000000001,0.0050000000000000001,0.020643840000000014,0.18124800000000008,0.97920000000000007,0,3.2000000000000002,0,0.001276982441186024,0.018792483188523237,0,3.2000399049279444,0,0.00069949775167400048,free_flight_controlled,sep_nmpc_adapted,formal_acados,0.22501313827363786,0,0.39024899091242382,-0.001263844167548156,0.00096381653089388489,0.0052040581787041766,0.29102298534986848,1.4142135650568399e-10,-0.038065029303545453,1.0161381330628627,1.0161381330628627,false,false,5.7274570000000002,0,0,false,0,0.015587219794348931,0,130.04379477617354,130.04379477617354,0,0.51555434936304556,0,0,0.51555434936304556,0,0,-0.016451041186439027,-0.00037978650206317355,0.00016516609105265284,0.00021571589389198591,6.8497249679799098e-05,-0.11254840158817732,-0.01306001286986775,-0.0014023498113752146,-0.00078128533084154182,-8.6795509952554195e-05,0,-7.3064065288356011e-05
1.325,approach_stop,40,40,0.20000000000000001,0.0050000000000000001,0.021562353515624993,0.18616406249999995,0.98718749999999988,0,3.2000000000000002,0,0.0013736185988255671,0.019868510513564582,0,3.2000435212548921,0,0.00074692088436510554,free_flight_controlled,sep_nmpc_adapted,formal_acados,0.225011487812353,0,0.39026338678743483,-0.0013621307864725707,0.00098225441648430918,0.0052040581787041766,0.29102298534986848,1.4142135650568399e-10,-0.038065029303545453,1.0161381330628627,1.0161381330628627,false,false,5.7274570000000002,0,0,false,0,0.01619423443219728,0,130.04831905688448,130.04831905688448,0,0.49303393904194304,0,0,0.49303393904194304,0,0,-0.017015328614681597,-0.00044758475184789325,0.00015736485086839127,0.00021167101511104103,6.8013122231321704e-05,-0.11317413265642504,-0.014016965411712675,-0.0017538658461758686,-0.0008322046894298058,-0.00010563640211670639,0,-8.2753449370024168e-05
1.3300000000000001,approach_stop,40,40,0.20000000000000001,0.0050000000000000001,0.022505546250000015,0.19111950000000005,0.99495000000000011,0,3.2000000000000002,0,0.0014757329600665657,0.02098384627621646,0,3.2000473775862308,0,0.00079549738355980646,free_flight_controlled,sep_nmpc_adapted,formal_acados,0.22500959831902398,0,0.39027826606781613,-0.0014661346410425879,0.00099932027043285595,0.0052040581787041766,0.29102298534986848,1.4142135650568399e-10,-0.038065029303545453,1.0161381330628627,1.0161381330628627,false,false,5.7274570000000002,0,0,false,0,0.016810384222949462,0,130.05283226839774,130.05283226839774,0,0.4713405619633132,0,0,0.4713405619633132,0,0,-0.017582397531912541,-0.0005197471144462631,0.00014732716509744583,0.0002074269727317674,6.7450475030069479e-05,-0.11366178527832795,-0.014805402226605912,-0.0022946204774499917,-0.00086264972865473068,-0.00011855141503470856,0,-9.3421485785736018e-05
1.335,approach_stop,40,40,0.20000000000000001,0.0050000000000000001,0.023473612265624996,0.19611318749999998,1.0024875,0,3.2000000000000002,0,0.0015835232747943616,0.022138966716400307,0,3.2000514796445549,0,0.00084520949963056661,free_flight_controlled,sep_nmpc_adapted,formal_acados,0.22500746031172353,0,0.39029363109584497,-0.0015760629630708345,0.0010148694921311369,0.0052040581787041766,0.29102298534986848,1.4142135650568399e-10,-0.038065029303545453,1.0161381330628627,1.0161381330628627,false,false,5.7274570000000002,0,0,false,0,0.017434984569540332,0,130.05732507814824,130.05732507814824,0,0.45045545122968123,0,0,0.45045545122968123,0,0,-0.018151584903054449,-0.00059542213551877434,0.00013413939976754627,0.00020306315806550561,6.6833841895048849e-05,-0.1140219938010282,-0.015422371999605737,-0.0030116238835820224,-0.00088136444828390353,-0.00012755669153736906,0,-0.00010513743024070693
1.3400000000000001,approach_stop,40,40,0.20000000000000001,0.0050000000000000001,0.024466740000000015,0.20114400000000004,1.0098000000000003,0,3.2000000000000002,0,0.0016971895723834692,0.023334307651792462,0,3.2000558330534701,0,0.00089603535357930418,free_flight_controlled,sep_nmpc_adapted,formal_acados,0.22500506413115176,0,0.39030948480894911,-0.0016921254412317066,0.0010287584714646109,0.0052040581787041766,0.29102298534986848,1.4142135650568399e-10,-0.038065029303545453,1.0161381330628627,1.0161381330628627,false,false,5.7274570000000002,0,0,false,0,0.018067371714705432,0,130.06178877461917,130.06178877461917,0,0.4303600893748184,0,0,0.4303600893748184,0,0,-0.018722275814250403,-0.00067375312195393678,0.00011695330251087563,0.00019862119966302606,6.6178073356370785e-05,-0.11426336851005413,-0.015868789023818858,-0.0038915512060981351,-0.00089485014388203117,-0.00013449829733822128,0,-0.00011797279788390492
1.345,approach_stop,40,40,0.20000000000000001,0.0050000000000000001,0.025485112265624995,0.20621081249999998,1.0168874999999999,0,3.2000000000000002,0,0.0018169339631965604,0.024570265862891353,0,3.2000604433170632,0,0.00094794898759670277,free_flight_controlled,sep_nmpc_adapted,formal_acados,0.22500239979273287,0,0.39032582987205533,-0.0018145341704637052,0.0010408445702898565,0.0052040581787041766,0.29102298534986848,1.4142135650568399e-10,-0.038065029303545453,1.0161381330628627,1.0161381330628627,false,false,5.7274570000000002,0,0,false,0,0.018706902332823346,0,130.06621526013964,130.06621526013964,0,0.41103620853204859,0,0,0.41103620853204859,0,0,-0.019293893380935213,-0.00075389805924638213,9.4989695852231869e-05,0.0001941143442671087,6.5489307186839302e-05,-0.11439252259044193,-0.016149614595177428,-0.0049200124852058829,-0.0009080487443621642,-0.00014101227119765774,0,-0.0001320013812144174
1.3500000000000001,approach_stop,40,40,0.20000000000000001,0.0050000000000000001,0.026528906250000015,0.2113125000000001,1.0237500000000002,0,3.2000000000000002,0,0.0019429604461722984,0.025847200152668753,0,3.2000653157996823,0,0.0010009204394355248,free_flight_controlled,sep_nmpc_adapted,formal_acados,0.22499945686595352,0,0.39034266794032874,-0.001943503580218775,0.0010509861126969302,0.0034340887594066193,0.32501762937821255,1.4142135642810543e-10,-0.052871834443195077,1.1225759412032721,1.1225759412032721,false,false,5.7521230000000001,0,0,false,0,0.019352953128002909,0,130.0978682290189,130.0978682290189,0,0.55768384094857815,0,0,0.55768384094857815,0,0,-0.019865889009392568,-0.00083504968765960627,6.754478271541031e-05,0.00018953407015934919,6.4766041860391777e-05,-0.11441418354278785,-0.016273751908313122,-0.0060812154619208341,-0.00092478420836158602,-0.00014851900024001794,0,-0.00014729928126956402
1.355,approach_stop,40,40,0.20000000000000001,0.0050000000000000001,0.027598293515625,0.21644793749999999,1.0303874999999998,0,3.2000000000000002,0,0.0020754786261323118,0.027167045999857583,0,3.2000704787165204,0,0.0010641043052550851,free_flight_controlled,sep_nmpc_adapted,formal_acados,0.22499622460806187,0,0.39036003320358009,-0.0020792540180704366,0.0010592396563423481,0.0034340887594066193,0.32501762937821255,1.4142135642810543e-10,-0.052871834443195077,1.1225759412032721,1.1225759412032721,false,false,5.7521230000000001,0,0,false,0,0.020007048637360865,0,130.10271617783101,130.10271617783101,0,0.53391195967904725,0,0,0.53391195967904725,0,0,-0.020441118276599696,-0.00091492073773452977,3.3698719280505194e-05,0.00018486803211098984,6.4004989955780076e-05,-0.11568063016000797,-0.015650705989826357,-0.0074702259834049422,-0.00094371982600523522,-0.00015660067742803019,0,-0.00016394905819499625
1.3600000000000001,approach_stop,40,40,0.20000000000000001,0.0050000000000000001,0.028693440000000028,0.22161600000000012,1.0368000000000002,0,3.2000000000000002,0,0.0022147008392156735,0.028528909722314172,0,3.2000759603730913,0,0.0011284128384322768,free_flight_controlled,sep_nmpc_adapted,formal_acados,0.22499269146089268,0,0.39037795850009682,-0.0022220093783230088,0.0010656547394257891,0.0034340887594066193,0.32501762937821255,1.4142135642810543e-10,-0.052871834443195077,1.1225759412032721,1.1225759412032721,false,false,5.7521230000000001,0,0,false,0,0.020670653110081715,0,130.10755535412443,130.10755535412443,0,0.51101384251959425,0,0,0.51101384251959425,0,0,-0.021022226669078211,-0.00099156966145703268,-7.2211188403616601e-06,0.00018007304197738608,6.3191609128308257e-05,-0.11676403768825511,-0.014989804874600743,-0.0089069765452225516,-0.00097643029781711724,-0.00016955109835117141,0,-0.0001820388027090451
1.365,approach_stop,40,40,0.20000000000000001,0.0050000000000000001,0.029814506015624995,0.22681556250000001,1.0429875,0,3.2000000000000002,0,0.0023608385928146495,0.029933349560694284,0,3.2000817663289194,0,0.0011938204926957667,free_flight_controlled,sep_nmpc_adapted,formal_acados,0.22498884479445488,0,0.39039643992687662,-0.0023719937983597839,0.0010700766755452041,0.0034340887594066193,0.32501762937821255,1.4142135642810543e-10,-0.052871834443195077,1.1225759412032721,1.1225759412032721,false,false,5.7521230000000001,0,0,false,0,0.021343044533930006,0,130.11237546127217,130.11237546127217,0,0.48897058970295937,0,0,0.48897058970295937,0,0,-0.021608290479911866,-0.0010648716374196494,-5.5399501180085567e-05,0.00017507948009396927,6.230025694776055e-05,-0.11766109203672294,-0.014316662497035382,-0.010370019348108911,-0.0010231846368581631,-0.00018785591106637326,0,-0.00020165793422140447
1.3700000000000001,approach_stop,40,40,0.20000000000000001,0.0050000000000000001,0.030961646250000023,0.2320455000000001,1.04895,0,3.2000000000000002,0,0.0025141060515602521,0.031380870297450035,0,3.2000879020039843,0,0.0012602969019840091,free_flight_controlled,sep_nmpc_adapted,formal_acados,0.22498467122394455,0,0.39041547018335532,-0.0025294348276156953,0.0010723514488587156,0.0034340887594066193,0.32501762937821255,1.4142135642810543e-10,-0.052871834443195077,1.1225759412032721,1.1225759412032721,false,false,5.7521230000000001,0,0,false,0,0.022023522309604398,0,130.11716691107713,130.11716691107713,0,0.4677633363027105,0,0,0.4677633363027105,0,0,-0.02219837065781536,-0.0011348269526802036,-0.0001109161960091365,0.00016981684207997865,6.1303336305553588e-05,-0.11836902004036017,-0.013655586188177698,-0.011838881428089806,-0.0010840634614858052,-0.00021181751681118653,0,-0.00022289931547231687
1.375,approach_stop,40,40,0.20000000000000001,0.0050000000000000001,0.032135009765625,0.2373046875,1.0546875,0,3.2000000000000002,0,0.0026747197831049553,0.032871932565036996,0,3.2000943726554949,0,0.0013278074196131379,free_flight_controlled,sep_nmpc_adapted,formal_acados,0.22498015702471397,0,0.39043504033477117,-0.0026945627583910003,0.0010723259482863826,0.0034340887594066193,0.32501762937821255,1.4142135642810543e-10,-0.052871834443195077,1.1225759412032721,1.1225759412032721,false,false,5.7521230000000001,0,0,false,0,0.022711406961928231,0,130.12192079490725,130.12192079490725,0,0.44737339346563287,0,0,0.44737339346563287,0,0,-0.02279150887135158,-0.0012015978656305674,-0.00017365838328897286,0.00016414225495660996,6.0180600984649561e-05,-0.11888023756745157,-0.013063770237920179,-0.01322194027106224,-0.0012151199192992161,-0.00023516466552347026,0,-0.00024585932960105735
1.3800000000000001,approach_stop,40,40,0.20000000000000001,0.0050000000000000001,0.033334740000000029,0.24259200000000011,1.0602000000000003,0,3.2000000000000002,0,0.0028428985612466992,0.034406948167654113,0,3.2001011833604869,0,0.0013963149791621249,free_flight_controlled,sep_nmpc_adapted,formal_acados,0.22497529103538219,0,0.39045515398489167,-0.0028676075258645128,0.001069849143117472,0.0034340887594066193,0.32501762937821255,1.4142135642810543e-10,-0.052871834443195077,1.1225759412032721,1.1225759412032721,false,false,5.7521230000000001,0,0,false,0,0.023406039735989013,0,130.12662879113023,130.12662879113023,0,0.42778213752818284,0,0,0.42778213752818284,0,0,-0.023386684598223118,-0.0012658108896924933,-0.00024266100906443646,0.00015732419009046144,5.8972202241079566e-05,-0.1191832763012452,-0.012636745005682216,-0.014335987357503643,-0.0015449279011515804,-0.00024666726847291605,0,-0.00027063750727185192
1.385,approach_stop,40,40,0.20000000000000001,0.0050000000000000001,0.034560974765625002,0.2479063125,1.0654875000000001,0,3.2000000000000002,0,0.0030188630037212569,0.035986247708563526,0,3.2001083390063649,0,0.0014657805603665857,free_flight_controlled,sep_nmpc_adapted,formal_acados,0.2249700633825773,0,0.39047582174801954,-0.0030487996211439605,0.0010647717273092328,0.0034340887594066193,0.32501762937821255,1.4142135642810543e-10,-0.052871834443195077,1.1225759412032721,1.1225759412032721,false,false,5.7521230000000001,0,0,false,0,0.024106782609779564,0,130.13128314097614,130.13128314097614,0,0.4089704654706936,0,0,0.4089704654706936,0,0,-0.023982869356609406,-0.0013283123465298557,-0.00031653758989377162,0.00014836117511067093,5.7725367693033011e-05,-0.11928410373842158,-0.01237903056147208,-0.015171965469491001,-0.0020716270711188737,-0.00025130017988810483,0,-0.0002973355190437795
1.3900000000000001,approach_stop,40,40,0.20000000000000001,0.0050000000000000001,0.035813846250000038,0.2532465000000001,1.0705500000000001,0,3.2000000000000002,0,0.0032028352438624843,0.037610108150884211,0,3.2001158442788902,0,0.0015361624615199826,free_flight_controlled,sep_nmpc_adapted,formal_acados,0.22496446394453035,0,0.39049705298280141,-0.0032383712993321323,0.001056945638368385,0.0034340887594066193,0.32501762937821255,1.4142135642810543e-10,-0.052871834443195077,1.1225759412032721,1.1225759412032721,false,false,5.7521230000000001,0,0,false,0,0.024813018214264945,0,130.13587667791992,130.13587667791992,0,0.39091927723091413,0,0,0.39091927723091413,0,0,-0.024579074483599445,-0.0013899314903389763,-0.00039391585023658236,0.00013629486442130696,5.6464324433669342e-05,-0.11919215578434038,-0.012282166593227757,-0.015738948563530867,-0.0027840504037128476,-0.00025287144937071685,0,-0.00032605731778553366
1.395,approach_stop,40,40,0.20000000000000001,0.0050000000000000001,0.037093481015624999,0.25861143750000004,1.0753875000000002,0,3.2000000000000002,0,0.003395038674558119,0.039278756906851293,0,3.2001237036484671,0,0.0016074161876335298,free_flight_controlled,sep_nmpc_adapted,formal_acados,0.22495848229691964,0,0.39051885447529522,-0.0034365563776384833,0.0010462241114380555,0.0034340887594066193,0.32501762937821255,1.4142135642810543e-10,-0.052871834443195077,1.1225759412032721,1.1225759412032721,false,false,5.7521230000000001,0,0,false,0,0.02552414957802835,0,130.14040282588456,130.14040282588456,0,0.37360953646258188,0,0,0.37360953646258188,0,0,-0.025174364852738457,-0.0014514336179684037,-0.00047349527258589504,0.00012023341312027829,5.5197412992899279e-05,-0.11891932278807349,-0.012329293739764505,-0.016056298000245196,-0.0036668136410010215,-0.00025401037945963661,0,-0.00035690894277529638
1.4000000000000001,approach_stop,40,40,0.20000000000000001,0.0050000000000000001,0.038400000000000038,0.26400000000000012,1.0800000000000001,0,3.2000000000000002,0,0.0035956977089773292,0.040992375260857125,0,3.2001319213559594,0,0.0016794943710619083,free_flight_controlled,sep_nmpc_adapted,formal_acados,0.22495210767903104,0,0.39054122943608838,-0.0036435900299462975,0.0010324617319051703,-0.00037048761583519801,0.35499387951393774,1.4142135638290935e-10,-0.06858975859793745,1.2119611760690971,1.2119611760690971,false,false,5.7159820000000003,0,0,false,0,0.026239599840950235,0,130.17590556189103,130.17590556189103,0,0.49545797466458652,0,0,0.49545797466458652,0,0,-0.025767869753096855,-0.001513482259644521,-0.00055409415099220874,9.9371492567092604e-05,5.3921915447335003e-05,-0.11847937975689593,-0.012496871000677664,-0.016151842725836436,-0.004700804701465602,-0.00025656185490298308,0,-0.00039000195932172927
1.405,approach_stop,40,40,0.20000000000000001,0.0050000000000000001,0.039733518515625003,0.26941106250000008,1.0843875000000001,0,3.2000000000000002,0,0.0038050412872676583,0.042752637869536356,0,3.2001405277550674,0,0.0017628755071819656,free_flight_controlled,sep_nmpc_adapted,formal_acados,0.22494532888971491,0,0.39056421369527594,-0.0038597123975527559,0.0010156794339793382,-0.00037048761583519801,0.35499387951393774,1.4142135638290935e-10,-0.06858975859793745,1.2119611760690971,1.2119611760690971,false,false,5.7159820000000003,0,0,false,0,0.026960594818009317,0,130.18066363871125,130.18066363871125,0,0.47460521200127892,0,0,0.47460521200127892,0,0,-0.026361631158216089,-0.0015752961826420633,-0.00063499675206215851,7.3063778478539568e-05,5.2626187247864513e-05,-0.11901929147730017,-0.012241108269044728,-0.016175004037205482,-0.0058441869395462042,-0.00026215727240100345,0,-0.00042555966874461898
1.4099999999999999,approach_stop,40,40,0.20000000000000001,0.0050000000000000001,0.041094146249999984,0.27484349999999996,1.0885499999999999,0,3.2000000000000002,0,0.0040232999870668685,0.04455848069811745,0,3.2001495531264763,0,0.0018470792902083926,free_flight_controlled,sep_nmpc_adapted,formal_acados,0.22493813441029673,0,0.39058783968571975,-0.0040851655767701611,0.00099589297457246154,-0.00037048761583519801,0.35499387951393774,1.4142135638290935e-10,-0.06858975859793745,1.2119611760690971,1.2119611760690971,false,false,5.7159820000000003,0,0,false,0,0.027688313153150991,0,130.1853776124934,130.1853776124934,0,0.45456792978269633,0,0,0.45456792978269633,0,0,-0.026957576585961669,-0.0016362064091427272,-0.00071547751572245959,4.0720261992752061e-05,5.1295352768248304e-05,-0.11935388336065089,-0.012131941106098372,-0.015988962777301021,-0.0071109123166653533,-0.00027079009137108434,0,-0.00046371440570316822
1.415,approach_stop,40,40,0.20000000000000001,0.0050000000000000001,0.042481987265625014,0.28029618750000007,1.0924875000000001,0,3.2000000000000002,0,0.0042507025359990232,0.046410226088495356,0,3.2001590014748049,0,0.0019320622723655492,free_flight_controlled,sep_nmpc_adapted,formal_acados,0.22493051246259624,0,0.39061209832589966,-0.0043201900734027854,0.00097294805506398284,-0.00037048761583519801,0.35499387951393774,1.4142135638290935e-10,-0.06858975859793745,1.2119611760690971,1.2119611760690971,false,false,5.7159820000000003,0,0,false,0,0.028422105262827242,0,130.19003935775004,130.19003935775004,0,0.43532648953571385,0,0,0.43532648953571385,0,0,-0.027554711014223573,-0.0016968822241374881,-0.00079458481586355432,1.7897370579623464e-06,4.9911733638559107e-05,-0.11949602498133996,-0.012143179965175221,-0.015632293240363079,-0.0084744348959990973,-0.00028339875207845434,0,-0.0005046046803690987
1.4199999999999999,approach_stop,40,40,0.20000000000000001,0.0050000000000000001,0.04389713999999998,0.28576799999999991,1.0961999999999998,0,3.2000000000000002,0,0.0044874791524103647,0.048308148621198602,0,3.2001688765779761,0,0.0020177771065602455,free_flight_controlled,sep_nmpc_adapted,formal_acados,0.22492245091266105,0,0.39063697481747844,-0.0045650282397493303,0.00094669162683551312,-0.00037048761583519801,0.35499387951393774,1.4142135638290935e-10,-0.06858975859793745,1.2119611760690971,1.2119611760690971,false,false,5.7159820000000003,0,0,false,0,0.029161342668550957,0,130.19464143280328,130.19464143280328,0,0.41686138700543873,0,0,0.41686138700543873,0,0,-0.028152106417625323,-0.0017578531506991062,-0.00087157013137023512,-4.4142069702021585e-05,4.8453763869041796e-05,-0.11945954078242015,-0.012245443417684597,-0.015147262713228405,-0.009906711446021229,-0.00030061225263946167,0,-0.0005483729723267317
1.425,approach_stop,40,40,0.20000000000000001,0.0050000000000000001,0.045339697265625013,0.29125781250000005,1.0996875000000002,0,3.2000000000000002,0,0.0047338613151483066,0.050252478460277937,0,3.2001791819680978,0,0.0021041728231210154,free_flight_controlled,sep_nmpc_adapted,formal_acados,0.22491393729897605,0,0.39066244841406994,-0.0048199240161722612,0.00091697195920185026,-0.00037048761583519801,0.35499387951393774,1.4142135638290935e-10,-0.06858975859793745,1.2119611760690971,1.2119611760690971,false,false,5.7159820000000003,0,0,false,0,0.029905417652298476,0,130.19917705840712,130.19917705840712,0,0.39915329304138658,0,0,0.39915329304138658,0,0,-0.028748904999433268,-0.0018194979204667293,-0.00094590058501079855,-9.7347752999054564e-05,4.6897373204382845e-05,-0.11925859907144194,-0.012408111889404503,-0.014577480800854418,-0.011379291873429133,-0.0003228117445721754,0,-0.00059516576297746011
1.4299999999999999,approach_stop,40,40,0.20000000000000001,0.0050000000000000001,0.046809746249999978,0.29676449999999993,1.1029500000000001,0,3.2000000000000002,0,0.0049900815494559551,0.052243404504862159,0,3.2001899209141964,0,0.0021911951816612476,free_flight_controlled,sep_nmpc_adapted,formal_acados,0.22490495887474479,0,0.3906884923505759,-0.0050851226747111733,0.00088363870458430134,-0.00037048761583519801,0.35499387951393774,1.4142135638290935e-10,-0.06858975859793745,1.2119611760690971,1.2119611760690971,false,false,5.7159820000000003,0,0,false,0,0.030653742890121859,0,130.20364009200745,130.20364009200745,0,0.38218308931834089,0,0,0.38218308931834089,0,0,-0.029344319482409009,-0.0018820428647570078,-0.0010172601162079637,-0.00015795879775670887,4.5217111908396955e-05,-0.11890715112420709,-0.012601127917207362,-0.013965721033236296,-0.012864345096141049,-0.00035017413876158607,0,-0.00064513350549115598
1.4350000000000001,approach_stop,40,40,0.20000000000000001,0.0050000000000000001,0.048307368515625018,0.30228693750000007,1.1059874999999999,0,3.2000000000000002,0,0.0052563732279794174,0.054281077271889785,0,3.2002010964068384,0,0.0022787870654817567,free_flight_controlled,sep_nmpc_adapted,formal_acados,0.2248955026630069,0,0.3907150739151225,-0.0053608705649725308,0.00084654296108755713,-0.00037048761583519801,0.35499387951393774,1.4142135638290935e-10,-0.06858975859793745,1.2119611760690971,1.2119611760690971,false,false,5.7159820000000003,0,0,false,0,0.031405751066503361,0,130.20802499925514,130.20802499925514,0,0.36593189788900027,0,0,0.36593189788900027,0,0,-0.02993763077170588,-0.0019455687613599531,-0.0010855403891075358,-0.00022597100877427045,4.3387084406691654e-05,-0.11841844437151114,-0.012796567206477672,-0.013352006605523674,-0.014335570450428487,-0.00038270598294456618,0,-0.00069843052717304696
1.4399999999999999,approach_stop,40,40,0.20000000000000001,0.0050000000000000001,0.049832639999999977,0.30782399999999999,1.1088,0,3.2000000000000002,0,0.0055329703853997051,0.056365611456038849,0,3.2002127111447534,0,0.0023668888841538857,free_flight_controlled,sep_nmpc_adapted,formal_acados,0.22488555552307546,0,0.39074215464385964,-0.005647414862324257,0.00080553733293523054,-0.00037048761583519801,0.35499387951393774,1.4142135638290935e-10,-0.06858975859793745,1.2119611760690971,1.2119611760690971,false,false,5.7159820000000003,0,0,false,0,0.032160894474321987,0,130.21232682448806,130.21232682448806,0,0.35038110396398681,0,0,0.35038110396398681,0,0,-0.030528183406714673,-0.00201002484378508,-0.0011508229341361371,-0.00030125413526490148,4.1381727580277652e-05,-0.11780462716482717,-0.012969925026001304,-0.012772027092889908,-0.015768959540392331,-0.00042027228471235397,0,-0.00075521486390064117
1.4450000000000001,approach_stop,40,40,0.20000000000000001,0.0050000000000000001,0.051385631015625016,0.31337456250000012,1.1113875,0,3.2000000000000002,0,0.0058201075437751626,0.058497086825353296,0,3.2002247675237245,0,0.0024554393040960598,free_flight_controlled,sep_nmpc_adapted,formal_acados,0.22487510423625093,0,0.39076969246289911,-0.0059450033075242326,0.00076047599506871041,-0.00037048761583519801,0.35499387951393774,1.4142135638290935e-10,-0.06858975859793745,1.2119611760690971,1.2119611760690971,false,false,5.7159820000000003,0,0,false,0,0.032918644608441391,0,130.21654114551563,130.21654114551563,0,0.3355123499580539,0,0,0.3355123499580539,0,0,-0.031115380017491985,-0.0020752439959519572,-0.0012133727462934534,-0.00038352938329128382,3.9147692707909272e-05,-0.11707727228887017,-0.01309603554296525,-0.012277042348926829,-0.017102601363564722,-0.00049572247041098586,0,-0.00081564858079125101
1.45,approach_stop,40,40,0.20000000000000001,0.0050000000000000001,0.052966406249999987,0.31893749999999998,1.11375,0,3.2000000000000002,0,0.0061180195322059058,0.06067554876013407,0,3.2002372676349897,0,0.0025443780556638437,free_flight_controlled,sep_nmpc_adapted,formal_acados,0.22486413580948575,0,0.39079767748516303,-0.0062538837227201494,0.00071121487256367382,-0.0064249371868299295,0.37918106865605539,1.414213563554035e-10,-0.08386930429997147,1.2839249650579925,1.2839249650579925,false,false,5.7151860000000001,0,0,false,0,0.033678491792087192,0,130.25274675216394,130.25274675216394,0,0.4325702396151847,0,0,0.4325702396151847,0,0,-0.031698685483081204,-0.0021408892826856457,-0.0012739557193427804,-0.00047169522907232708,3.6038044744244357e-05,-0.11624856290932797,-0.013138040935333658,-0.011997053862577635,-0.018101946390269168,-0.00078866859718650074,0,-0.0008799095897102714
1.4550000000000001,approach_stop,40,40,0.20000000000000001,0.0050000000000000001,0.054575024765625021,0.32451168750000009,1.1158874999999999,0,3.2000000000000002,0,0.0064269448745174233,0.062902465998206758,0,3.2002502406399245,0,0.0026445817371696313,free_flight_controlled,sep_nmpc_adapted,formal_acados,0.22485263762284544,0,0.39082616920393926,-0.0065743072516719903,0.00065774403761882931,-0.0064249371868299295,0.37918106865605539,1.414213563554035e-10,-0.08386930429997147,1.2839249650579925,1.2839249650579925,false,false,5.7151860000000001,0,0,false,0,0.034441377258862461,0,130.25700946779455,130.25700946779455,0,0.41502222335308803,0,0,0.41502222335308803,0,0,-0.032279888833595421,-0.0022054759285699754,-0.0013339562064159248,-0.00056389463546948617,3.0855001416583351e-05,-0.11623254308209367,-0.012683126982850469,-0.012033227633130866,-0.018722154327021144,-0.0013222269653632914,0,-0.00094826413605216984
1.46,approach_stop,40,40,0.20000000000000001,0.0050000000000000001,0.05621153999999999,0.330096,1.1177999999999999,0,3.2000000000000002,0,0.0067471230027712709,0.065176694899950718,0,3.2002637154861602,0,0.0027451100833605921,free_flight_controlled,sep_nmpc_adapted,formal_acados,0.22484059757987326,0,0.39085522324896332,-0.0069065254228980189,0.00060005007627590473,-0.0064249371868299295,0.37918106865605539,1.414213563554035e-10,-0.08386930429997147,1.2839249650579925,1.2839249650579925,false,false,5.7151860000000001,0,0,false,0,0.035208206621493765,0,130.26120404828089,130.26120404828089,0,0.39820769291362468,0,0,0.39820769291362468,0,0,-0.032860639086437618,-0.0022677795004119386,-0.0013945160922653986,-0.00065839405977400549,2.2455274226953646e-05,-0.11606605681904882,-0.012228976211986313,-0.012215263627416656,-0.01902667613250441,-0.0020723693548551064,0,-0.0010209065708493119
1.4650000000000001,approach_stop,40,40,0.20000000000000001,0.0050000000000000001,0.057875999765625026,0.33568931250000011,1.1194875,0,3.2000000000000002,0,0.0070787909286525782,0.067498409633542547,0,3.2002776936546904,0,0.0028459061655573188,free_flight_controlled,sep_nmpc_adapted,formal_acados,0.22482800430798341,0,0.39088485025242287,-0.007250786620669164,0.00053798389581498969,-0.0064249371868299295,0.37918106865605539,1.414213563554035e-10,-0.08386930429997147,1.2839249650579925,1.2839249650579925,false,false,5.7151860000000001,0,0,false,0,0.035978418705088007,0,130.26532496473084,130.26532496473084,0,0.38210847570345674,0,0,0.38210847570345674,0,0,-0.033440180544923079,-0.0023278592930127918,-0.0014562791645185576,-0.00075369235724011578,9.8046614787005358e-06,-0.11574786972709404,-0.011797766670333925,-0.012508211466426552,-0.019047727029687902,-0.0030188034225996068,0,-0.0010980278901885189
1.47,approach_stop,40,40,0.20000000000000001,0.0050000000000000001,0.05956844624999999,0.34129049999999994,1.1209500000000001,0,3.2000000000000002,0,0.0074221864270840772,0.069867741407091871,0,3.2002921763352457,0,0.0029469102931741005,free_flight_controlled,sep_nmpc_adapted,formal_acados,0.22481484716336109,0,0.39091505334618237,-0.0076073392637230064,0.00047139817085628413,-0.0064249371868299295,0.37918106865605539,1.414213563554035e-10,-0.08386930429997147,1.2839249650579925,1.2839249650579925,false,false,5.7151860000000001,0,0,false,0,0.036751471427067084,0,130.26936728462124,130.26936728462124,0,0.36670649616062967,0,0,0.36670649616062967,0,0,-0.034017753041949858,-0.0023858839653165178,-0.0015197057592869101,-0.00084846674055673223,-8.0185587925703397e-06,-0.11527750652612662,-0.011410772907513146,-0.012874125789277864,-0.018823989432882323,-0.0041370409569845791,0,-0.001179822135014731
1.4750000000000001,approach_stop,40,40,0.20000000000000001,0.0050000000000000001,0.061288916015625028,0.3468984375000001,1.1221875000000001,0,3.2000000000000002,0,0.0077775478222241977,0.072284778786756751,0,3.200307164412552,0,0.0030480601490484255,free_flight_controlled,sep_nmpc_adapted,formal_acados,0.22480111633462649,0,0.39094582738511802,-0.0079764314875977183,0.00040014743995145277,-0.0064249371868299295,0.37918106865605539,1.414213563554035e-10,-0.08386930429997147,1.2839249650579925,1.2839249650579925,false,false,5.7151860000000001,0,0,false,0,0.03752684151971613,0,130.27332665549244,130.27332665549244,0,0.35198376815479615,0,0,0.35198376815479615,0,0,-0.034592596840407518,-0.0024421228400489511,-0.0015850648265504489,-0.00094159855642214467,-3.1805789485140129e-05,-0.11465567733617908,-0.011086738329415544,-0.013274831464706652,-0.018398017084274319,-0.00539964621556638,0,-0.0012664865014875269
1.48,approach_stop,40,40,0.20000000000000001,0.0050000000000000001,0.06303744,0.35251199999999994,1.1232,0,3.2000000000000002,0,0.0081451137757798664,0.074749568367507596,0,3.2003226584537603,0,0.0031492910306149366,free_flight_controlled,sep_nmpc_adapted,formal_acados,0.22478680293256301,0,0.39097715841203973,-0.0083583108432168651,0.00032408819667937644,-0.0064249371868299295,0.37918106865605539,1.414213563554035e-10,-0.08386930429997147,1.2839249650579925,1.2839249650579925,false,false,5.7151860000000001,0,0,false,0,0.038304024260203559,0,130.27719928346272,130.27719928346272,0,0.33792239437639271,0,0,0.33792239437639271,0,0,-0.035163959413885691,-0.002496929808411332,-0.001652438958402539,-0.0010321865899506285,-6.2206361982858652e-05,-0.11388460055157558,-0.010840556066238728,-0.013674324894895461,-0.017813858839938967,-0.0067774147642203327,0,-0.0013582214697921327
1.4850000000000001,approach_stop,40,40,0.20000000000000001,0.0050000000000000001,0.064814043515625031,0.35813006250000012,1.1239874999999999,0,3.2000000000000002,0,0.0085251230796169683,0.077262115823723082,0,3.2003386586972824,0,0.0032505361670911921,free_flight_controlled,sep_nmpc_adapted,formal_acados,0.2247718990667463,0,0.39100902334939414,-0.0087532240128706806,0.00024307897420606486,-0.0064249371868299295,0.37918106865605539,1.414213563554035e-10,-0.08386930429997147,1.2839249650579925,1.2839249650579925,false,false,5.7151860000000001,0,0,false,0,0.039082533201518492,0,130.28098190789362,130.28098190789362,0,0.3245045728081779,0,0,0.3245045728081779,0,0,-0.035731103553616042,-0.0025507215265855392,-0.001721740314288783,-0.0011195492217795028,-9.9721419564964697e-05,-0.11296820894353002,-0.010682311287948179,-0.01404071949693823,-0.017114987703413076,-0.0082404434322164762,0,-0.0014552309355254302
1.49,approach_stop,40,40,0.20000000000000001,0.0050000000000000001,0.066618746249999999,0.36375150000000001,1.1245499999999999,0,3.2000000000000002,0,0.0089178144545797051,0.079822387340177325,0,3.2003551650433359,0,0.0033517270782494365,free_flight_controlled,sep_nmpc_adapted,formal_acados,0.22475639791036864,0,0.39104138989817089,-0.0091614165442110707,0.0001569804226272276,-0.0064249371868299295,0.37918106865605539,1.414213563554035e-10,-0.08386930429997147,1.2839249650579925,1.2839249650579925,false,false,5.7151860000000001,0,0,false,0,0.039861899899399984,0,130.28467177377243,130.28467177377243,0,0.31171260988659166,0,0,0.31171260988659166,0,0,-0.036293316202155507,-0.0026039517850496726,-0.0017927350163677996,-0.0012032171153086011,-0.0001447028190408869,-0.1119122341106578,-0.010616709922525372,-0.0143476826640574,-0.016342590656587955,-0.0097590640833084708,0,-0.0015577223244793961
1.4950000000000001,approach_stop,40,40,0.20000000000000001,0.0050000000000000001,0.068451562265625043,0.36937518750000009,1.1248875,0,3.2000000000000002,0,0.0093234263573711753,0.082430311399809275,0,3.2003721770463125,0,0.0034527939431938364,free_flight_controlled,sep_nmpc_adapted,formal_acados,0.22474029375487775,0,0.39107421662091657,-0.0095831326024934382,6.5655378601074069e-05,-0.0064249371868299295,0.37918106865605539,1.414213563554035e-10,-0.08386930429997147,1.2839249650579925,1.2839249650579925,false,false,5.7151860000000001,0,0,false,0,0.040641673630794704,0,130.28826660325916,130.28826660325916,0,0.29952893956631521,0,0,0.29952893956631521,0,0,-0.036849917409863535,-0.0026570839901992899,-0.0018650734182578954,-0.0012829183170412393,-0.00019735632560205079,-0.11072417223478902,-0.010642892653497655,-0.014575348405810653,-0.015534246339912804,-0.011304625404241337,0,-0.0016659070052856004
1.5,approach_stop,40,40,0.20000000000000001,0.0050000000000000001,0.0703125,0.375,1.125,0,3.2000000000000002,0,0.0097421967971761461,0.085085780883886936,0,3.200389693908968,0,0.0035536659546661202,free_flight_controlled,sep_nmpc_adapted,formal_acados,0.22472358205622098,0,0.39110745318386941,-0.010018614740955167,-3.1031073021885273e-05,-0.014844918911711181,0.3961987634482339,1.414213563384747e-10,-0.097268737071355013,1.3379162304804524,1.3379162304804524,false,false,5.7591239999999999,0,0,false,0,0.041421421100094155,0,130.3213659701664,130.3213659701664,0,0.37131885427879441,0,0,0.37131885427879441,0,0,-0.037400268842705704,-0.0027105636323904391,-0.0019383236561933076,-0.0013585577235894302,-0.00025774832260649715,-0.109413141042375,-0.010754609408680298,-0.014710723281889812,-0.014722992621081116,-0.012850116672505095,0,-0.0017800609277729116
1.5050000000000001,approach_stop,40,40,0.20000000000000001,0.0050000000000000001,0.072201562265625047,0.38062481250000008,1.1248875,0,3.2000000000000002,0,0.01017436629852189,0.08778993698790491,0,3.2004077398468245,0,0.0036644108801950487,free_flight_controlled,sep_nmpc_adapted,formal_acados,0.22470625938076152,0,0.39114107586415181,-0.010468106917760372,-0.00013311266411646964,-0.014844918911711181,0.3961987634482339,1.414213563384747e-10,-0.097268737071355013,1.3379162304804524,1.3379162304804524,false,false,5.7591239999999999,0,0,false,0,0.042201799390860127,0,130.3248646033889,130.3248646033889,0,0.35731302438818568,0,0,0.35731302438818568,0,0,-0.037945491676295955,-0.0027639992393403423,-0.002012197862921851,-0.001430148061008463,-0.00032582491887117333,-0.10867121049426573,-0.010629725016290441,-0.014818658477061456,-0.013921339021600945,-0.014373857884301487,0,-0.0019004688293358359
1.51,approach_stop,40,40,0.20000000000000001,0.0050000000000000001,0.074118746250000006,0.38624849999999999,1.1245500000000002,0,3.2000000000000002,0,0.010620175246135571,0.090541554536636148,0,3.2004263387351872,0,0.0037748406710344279,free_flight_controlled,sep_nmpc_adapted,formal_acados,0.22468832356048474,0,0.39117505287415405,-0.010931851685650834,-0.00024062476764252845,-0.014844918911711181,0.3961987634482339,1.414213563384747e-10,-0.097268737071355013,1.3379162304804524,1.3379162304804524,false,false,5.7591239999999999,0,0,false,0,0.042983442331502406,0,130.32828493748974,130.32828493748974,0,0.34394200257974505,0,0,0.34394200257974505,0,0,-0.038486646818463699,-0.0028170927107456258,-0.0020862698086507453,-0.0014978793495905689,-0.00040140088336252299,-0.10778682815619303,-0.01061608541534897,-0.014789965437638669,-0.013182525439776429,-0.015846453153055537,0,-0.0020273695849085437
1.5150000000000001,approach_stop,40,40,0.20000000000000001,0.0050000000000000001,0.076064043515625068,0.39186993750000015,1.1239874999999999,0,3.2000000000000002,0,0.011079860853110187,0.093340589860755288,0,3.2004454888296299,0,0.0038848879456082467,free_flight_controlled,sep_nmpc_adapted,formal_acados,0.22466977379776409,0,0.39120930981532226,-0.011410087055346102,-0.00035370321610016334,-0.014844918911711181,0.3961987634482339,1.414213563384747e-10,-0.097268737071355013,1.3379162304804524,1.3379162304804524,false,false,5.7591239999999999,0,0,false,0,0.04376588821858686,0,130.33162425439502,130.33162425439502,0,0.33118821041889257,0,0,0.33118821041889257,0,0,-0.03902304801130782,-0.0028703642811336557,-0.0021598670320072235,-0.001562107011362804,-0.00048417200053036042,-0.10677066282149893,-0.010698401726552247,-0.014630234004711834,-0.012521933809963673,-0.017249024664947318,0,-0.0021610114729247458
1.52,approach_stop,40,40,0.20000000000000001,0.0050000000000000001,0.07803744,0.39748800000000001,1.1232000000000002,0,3.2000000000000002,0,0.011553660026328913,0.096186964673501754,0,3.2004651880471959,0,0.0039944846068565888,free_flight_controlled,sep_nmpc_adapted,formal_acados,0.22465061058170999,0,0.39124376561468477,-0.011903049444618924,-0.00047248158873064027,-0.014844918911711181,0.3961987634482339,1.414213563384747e-10,-0.097268737071355013,1.3379162304804524,1.3379162304804524,false,false,5.7591239999999999,0,0,false,0,0.044548692893888527,0,130.3348802833676,130.3348802833676,0,0.31903425088694259,0,0,0.31903425088694259,0,0,-0.039554065614108673,-0.0029242456445237172,-0.0022323635212478338,-0.0016232473618491674,-0.00057374733533408157,-0.10563461350016685,-0.010856776817279245,-0.014352201766299063,-0.011948661652080587,-0.018565744089116317,0,-0.0023016462927416301
1.5250000000000001,approach_stop,40,40,0.20000000000000001,0.0050000000000000001,0.080038916015625072,0.40310156250000018,1.1221874999999999,0,3.2000000000000002,0,0.01204180920077947,0.099080568988017148,0,3.2004854339630442,0,0.0041035619937833242,free_flight_controlled,sep_nmpc_adapted,formal_acados,0.22463083571520087,0,0.39127833321632288,-0.012410973485578597,-0.0005970911668935953,-0.014844918911711181,0.3961987634482339,1.414213563384747e-10,-0.097268737071355013,1.3379162304804524,1.3379162304804524,false,false,5.7591239999999999,0,0,false,0,0.045331429408897797,0,130.33805118158205,130.33805118158205,0,0.30746294351289505,0,0,0.30746294351289505,0,0,-0.04007913154888601,-0.0029790604585655284,-0.0023032114989418907,-0.0016817481797291316,-0.00066966412897155982,-0.10439132355173883,-0.011068139183157282,-0.01397414294448765,-0.011466348057920921,-0.019783677663006219,0,-0.0024495290292872759
1.53,approach_stop,40,40,0.20000000000000001,0.0050000000000000001,0.082068446250000024,0.40870950000000006,1.1209499999999999,0,3.2000000000000002,0,0.012544544188284884,0.1020212639957392,0,3.2005062238079725,0,0.0042120510161630436,free_flight_controlled,sep_nmpc_adapted,formal_acados,0.22461045234448671,0,0.39131292028149278,-0.012934091843798179,-0.00072766089564744248,-0.014844918911711181,0.3961987634482339,1.414213563384747e-10,-0.097268737071355013,1.3379162304804524,1.3379162304804524,false,false,5.7591239999999999,0,0,false,0,0.046113687669698769,0,130.34113551514915,130.34113551514915,0,0.29645735727038791,0,0,0.29645735727038791,0,0,-0.040597741786766443,-0.0030350121759026177,-0.0023719648115704804,-0.0017380637731851838,-0.0007714017331401519,-0.1030536876431412,-0.011307724698090476,-0.013518141691691554,-0.011074132086386303,-0.020892561774321368,0,-0.002604917522342212
1.5350000000000001,approach_stop,40,40,0.20000000000000001,0.0050000000000000001,0.084125999765625056,0.41431068750000016,1.1194875,0,3.2000000000000002,0,0.013062100040344436,0.10500888481855357,0,3.2005275544665812,0,0.0043198822795523159,free_flight_controlled,sep_nmpc_adapted,formal_acados,0.22458946499201707,0,0.39134742988513599,-0.01347263504832738,-0.00086431735104497789,-0.014844918911711181,0.3961987634482339,1.414213563384747e-10,-0.097268737071355013,1.3379162304804524,1.3379162304804524,false,false,5.7591239999999999,0,0,false,0,0.046895074063434475,0,130.344132240335,130.344132240335,0,0.28600083986305891,0,0,0.28600083986305891,0,0,-0.041109456408147622,-0.0030921792212307555,-0.002438293639216087,-0.0017926349974975715,-0.00087839431158111075,-0.10163437851856991,-0.011550519607748645,-0.013008364849632312,-0.010767662083072987,-0.021884538990787999,0,-0.0027680720347733469
1.54,approach_stop,40,40,0.20000000000000001,0.0050000000000000001,0.086211540000000017,0.41990400000000005,1.1177999999999999,0,3.2000000000000002,0,0.01359471092426285,0.10804324306090046,0,3.2005494224760462,0,0.0044269862016676495,free_flight_controlled,sep_nmpc_adapted,formal_acados,0.22456787959278304,0,0.39138176120092966,-0.014026831331479805,-0.0010071847124109752,-0.014844918911711181,0.3961987634482339,1.414213563384747e-10,-0.097268737071355013,1.3379162304804524,1.3379162304804524,false,false,5.7591239999999999,0,0,false,0,0.047675211069545635,0,130.34704068500577,130.34704068500577,0,0.27607704231077546,0,0,0.27607704231077546,0,0,-0.041613897395306562,-0.0031505171281587551,-0.0025019907788499276,-0.0018458742965648787,-0.00099004217798824025,-0.10014541669470881,-0.011772590184255614,-0.012469433713112597,-0.010540085196872998,-0.022753880515619752,0,-0.0029392548909512716
1.5449999999999999,approach_stop,40,40,0.20000000000000001,0.0050000000000000001,0.088325024765624968,0.42548831249999991,1.1158874999999999,0,3.2000000000000002,0,0.014142610011415851,0.1111241291039792,0,3.2005718240254413,0,0.0045332931172168004,free_flight_controlled,sep_nmpc_adapted,formal_acados,0.22454570353416758,0,0.39141581017011151,-0.014596906477248262,-0.0011563847388024627,-0.014844918911711181,0.3961987634482339,1.414213563384747e-10,-0.097268737071355013,1.3379162304804524,1.3379162304804524,false,false,5.7591239999999999,0,0,false,0,0.048453736859594011,0,130.34986053052108,130.34986053052108,0,0.26666993808185313,0,0,0.26666993808185313,0,0,-0.042110744420232715,-0.003209866912949143,-0.0025629702056375807,-0.0018981555202179268,-0.0011057217571488935,-0.098597801512072397,-0.011952239184911905,-0.01192497504099245,-0.010382959963318478,-0.023496716064788203,0,-0.0031187481256176003
1.55,approach_stop,40,40,0.20000000000000001,0.0050000000000000001,0.09046640625000002,0.43106250000000002,1.11375,0,3.2000000000000002,0,0.01470602937625389,0.11425131410149668,0,3.2005947549555551,0,0.0046387333668891978,free_flight_controlled,sep_nmpc_adapted,formal_acados,0.22452294569902767,0,0.39144947015222925,-0.015183083677226233,-0.0013120367488251589,-0.025620113516065472,0.40477575166828778,1.41421356328542e-10,-0.10734440350263336,1.3732055004998589,1.3732055004998589,false,false,5.7231829999999997,0,0,false,0,0.049230304889856441,0,130.37558437632902,130.37558437632902,0,0.31223822270124657,0,0,0.31223822270124657,0,0,-0.042599728969807127,-0.0032699687037546356,-0.0026212589622511225,-0.0019498080241275098,-0.0012247942471043912,-0.097001216813405747,-0.012070945682632391,-0.011396409279592741,-0.01028705098610916,-0.024110786538448108,0,-0.0033068581667217586
1.5549999999999999,approach_stop,40,40,0.20000000000000001,0.0050000000000000001,0.09263563101562497,0.43662543749999994,1.1113875000000002,0,3.2000000000000002,0,0.015285202342412695,0.11742554496602454,0,3.2006182305452215,0,0.0047511469181311565,free_flight_controlled,sep_nmpc_adapted,formal_acados,0.22449961644580982,0,0.39148265947905786,-0.015785585896602894,-0.0014741932019949721,-0.025620113516065472,0.40477575166828778,1.41421356328542e-10,-0.10734440350263336,1.3732055004998589,1.3732055004998589,false,false,5.7231829999999997,0,0,false,0,0.050005284415380311,0,130.37822978567272,130.37822978567272,0,0.30186836256927663,0,0,0.30186836256927663,0,0,-0.043081744358766112,-0.0033299611493597639,-0.0026771087954582597,-0.0020010851986745938,-0.001346619263942772,-0.095809003933546855,-0.011910841510254304,-0.010948348278216408,-0.01023292448694552,-0.024597258385310423,0,-0.0035038721670962577
1.5600000000000001,approach_stop,40,40,0.20000000000000001,0.0050000000000000001,0.094832640000000037,0.44217600000000007,1.1087999999999998,0,3.2000000000000002,0,0.015880361378687063,0.12064571411193069,0,3.2006422656950058,0,0.0048625517952379091,free_flight_controlled,sep_nmpc_adapted,formal_acados,0.22447572774235861,0,0.39151529500793847,-0.016404633636328464,-0.0016429066863879512,-0.025620113516065472,0.40477575166828778,1.41421356328542e-10,-0.10734440350263336,1.3732055004998589,1.3732055004998589,false,false,5.7231829999999997,0,0,false,0,0.050779033019298973,0,130.38080022423486,130.38080022423486,0,0.29202013752775735,0,0,0.29202013752775735,0,0,-0.043557645127746049,-0.0033890246305161805,-0.0027307729052845862,-0.002052227488279941,-0.0014705467727433592,-0.094555353277647788,-0.011698850315278774,-0.010523934487299057,-0.010231529198664661,-0.024952014791233434,0,-0.0037100685633883173
1.5649999999999999,approach_stop,40,40,0.20000000000000001,0.0050000000000000001,0.097057368515624978,0.44771306249999993,1.1059875000000001,0,3.2000000000000002,0,0.016491735744519613,0.12391164527758722,0,3.2006668551924244,0,0.0049728803590160806,free_flight_controlled,sep_nmpc_adapted,formal_acados,0.22445129326717389,0,0.39154726582865174,-0.017040442477345735,-0.0018182942871064604,-0.025620113516065472,0.40477575166828778,1.41421356328542e-10,-0.10734440350263336,1.3732055004998589,1.3732055004998589,false,false,5.7231829999999997,0,0,false,0,0.051551196150925072,0,130.38329540388463,130.38329540388463,0,0.28267837233834259,0,0,0.28267837233834259,0,0,-0.044027133856804498,-0.0034468891960399784,-0.0027823961739867351,-0.0021034744689687897,-0.0015959228404690265,-0.093244014959709937,-0.011431223667868386,-0.010133427940955338,-0.010273203202788564,-0.025177128189298424,0,-0.0039257316531272129
1.5700000000000001,approach_stop,40,40,0.20000000000000001,0.0050000000000000001,0.099309746250000039,0.45323550000000012,1.1029499999999999,0,3.2000000000000002,0,0.017119553766510646,0.12722314174421337,0,3.2006919934861995,0,0.0050820646849261009,free_flight_controlled,sep_nmpc_adapted,formal_acados,0.2244263283806737,0,0.39157846097841004,-0.017693225385836953,-0.0020004706912531275,-0.025620113516065472,0.40477575166828778,1.41421356328542e-10,-0.10734440350263336,1.3732055004998589,1.3732055004998589,false,false,5.7231829999999997,0,0,false,0,0.052321433875572317,0,130.38571537479555,130.38571537479555,0,0.27382816798594223,0,0,0.27382816798594223,0,0,-0.044489929212208179,-0.0035032732120994217,-0.0028321685492488043,-0.0021550172690551496,-0.0017221069577199708,-0.091877677300935837,-0.011107039802651507,-0.0097845570130840592,-0.010348286215861435,-0.025275864682684352,0,-0.0041511469905157784
1.575,approach_stop,40,40,0.20000000000000001,0.0050000000000000001,0.10158969726562497,0.45874218750000001,1.0996874999999999,0,3.2000000000000002,0,0.017764042737967601,0.130579987009626,0,3.2007176746849439,0,0.0051900366463421693,free_flight_controlled,sep_nmpc_adapted,formal_acados,0.22440085017566369,0,0.39160877001343231,-0.018363192562303926,-0.0021895481592593374,-0.025620113516065472,0.40477575166828778,1.41421356328542e-10,-0.10734440350263336,1.3732055004998589,1.3732055004998589,false,false,5.7231829999999997,0,0,false,0,0.053089420518491789,0,130.38806050950768,130.38806050950768,0,0.26545489470084482,0,0,0.26545489470084482,0,0,-0.044945760742909249,-0.0035578974126440725,-0.0028803119645342203,-0.0022069993512394675,-0.0018484775606494527,-0.090458016911553252,-0.010728146349511743,-0.0094823782591220845,-0.010447413520456878,-0.025252508915283901,0,-0.0043866011273035795
1.5800000000000001,approach_stop,40,40,0.20000000000000001,0.0050000000000000001,0.10389714000000004,0.46423200000000003,1.0961999999999998,0,3.2000000000000002,0,0.018425428821321692,0.13398194529634044,0,3.2007438925563712,0,0.0052967280048393864,free_flight_controlled,sep_nmpc_adapted,formal_acados,0.22437487752963495,0,0.39163808354831209,-0.019050551291686757,-0.0023856364955370606,-0.025620113516065472,0.40477575166828778,1.41421356328542e-10,-0.10734440350263336,1.3732055004998589,1.3732055004998589,false,false,5.7231829999999997,0,0,false,0,0.053854844319245088,0,130.39033148687972,130.39033148687972,0,0.25754418269973733,0,0,0.25754418269973733,0,0,-0.04539436404059749,-0.003610498316449255,-0.0029270669698202626,-0.0022595185357210941,-0.0019744367282892397,-0.088985792926382701,-0.010298967348228683,-0.0092292975842779221,-0.010561719786157787,-0.025112209189120289,0,-0.0046323813716055455
1.585,approach_stop,40,40,0.20000000000000001,0.0050000000000000001,0.10623198726562498,0.46970381249999998,1.0924875000000001,0,3.2000000000000002,0,0.019103936952730723,0.13742876192312775,0,3.2007706405269771,0,0.0054020705104302199,free_flight_controlled,sep_nmpc_adapted,formal_acados,0.22434843115858968,0,0.39166629376222006,-0.019755505794141037,-0.0025888430182857297,-0.025620113516065472,0.40477575166828778,1.41421356328542e-10,-0.10734440350263336,1.3732055004998589,1.3732055004998589,false,false,5.7231829999999997,0,0,false,0,0.054617407097097705,0,130.392529275816,130.392529275816,0,0.25008191127186286,0,0,0.25008191127186286,0,0,-0.045835476466061169,-0.0036608403828660417,-0.0029726798267532672,-0.0023126298376698741,-0.002099414152614536,-0.087460977939232548,-0.0098261955896325991,-0.0090252306862982322,-0.010682963027471324,-0.024860841032205434,0,-0.0048887755668811407
1.5900000000000001,approach_stop,40,40,0.20000000000000001,0.0050000000000000001,0.10859414625000004,0.47515650000000009,1.0885499999999999,0,3.2000000000000002,0,0.019799790748265763,0.14092016357265419,0,3.2007979116822574,0,0.0055059960134438302,free_flight_controlled,sep_nmpc_adapted,formal_acados,0.22432153367212201,0,0.39169329487122284,-0.020478257076143758,-0.0027992725282833192,-0.025620113516065472,0.40477575166828778,1.41421356328542e-10,-0.10734440350263336,1.3732055004998589,1.3732055004998589,false,false,5.7231829999999997,0,0,false,0,0.055376823928274754,0,130.39465511870591,130.39465511870591,0,0.2430541968536688,0,0,0.2430541968536688,0,0,-0.046268833604181457,-0.0037087263937345396,-0.0030173906986710546,-0.0023663487526794664,-0.0022228704666427688,-0.085882917020228669,-0.0093183950970524114,-0.0088678757634339678,-0.01080358230524831,-0.024504886291623725,0,-0.0051560718973434373
1.595,approach_stop,40,40,0.20000000000000001,0.0050000000000000001,0.11098351851562498,0.48058893749999992,1.0843875000000001,0,3.2000000000000002,0,0.020513212411247532,0.14445585848949405,0,3.200825698767507,0,0.0056084365882198631,free_flight_controlled,sep_nmpc_adapted,formal_acados,0.22429420962952218,0,0.39171898356591428,-0.021219002781725366,-0.0030170272765858612,-0.025620113516065472,0.40477575166828778,1.41421356328542e-10,-0.10734440350263336,1.3732055004998589,1.3732055004998589,false,false,5.7231829999999997,0,0,false,0,0.05613282283545204,0,130.39671051457782,130.39671051457782,0,0.23644738073065596,0,0,0.23644738073065596,0,0,-0.046694166565048954,-0.0037540056788169375,-0.003061423423134672,-0.0024206546970876523,-0.0023442999995439834,-0.084250505586934768,-0.0087855406131687498,-0.0087530687351349921,-0.010916704625972027,-0.02405132423672544,0,-0.0054345587688823856
1.6000000000000001,approach_stop,40,40,0.20000000000000001,0.0050000000000000001,0.11340000000000003,0.4860000000000001,1.0800000000000001,0,3.2000000000000002,0,0.021244422640470276,0.14803553664273159,0,3.2008539941892731,0,0.005709324667190493,free_flight_controlled,sep_nmpc_adapted,formal_acados,0.22426648559670775,0,0.39174325941348609,-0.021977937043762524,-0.0032422069311538477,-0.038603403646573775,0.40627117247020111,1.4142135632326502e-10,-0.11363594189646629,1.389100775441948,1.389100775441948,false,false,5.8046030000000002,0,0,false,0,0.056885144489405827,0,130.41066242087209,130.41066242087209,0,0.25478938115955274,0,0,0.25478938115955274,0,0,-0.047111200202097588,-0.00379657993815528,-0.00310497720336064,-0.0024754943889846587,-0.0024632330097217985,-0.082562376803257995,-0.0082385213887997237,-0.0086751905585845356,-0.011016116935716589,-0.023507531056079629,0,-0.0057245244851601585
1.605,approach_stop,40,40,0.20000000000000001,0.0050000000000000001,0.115843481015625,0.49138856250000001,1.0753874999999999,0,3.2000000000000002,0,0.021993641834657268,0.1516593962814578,0,3.20088280035365,0,0.0058127256411849397,free_flight_controlled,sep_nmpc_adapted,formal_acados,0.22423839018234273,0,0.39176603903810792,-0.02275525165231454,-0.0034748796246646574,-0.038603403646573775,0.40627117247020111,1.4142135632326502e-10,-0.11363594189646629,1.389100775441948,1.389100775441948,false,false,5.8046030000000002,0,0,false,0,0.057633857583308377,0,130.41255131895443,130.41255131895443,0,0.24810663718894244,0,0,0.24810663718894244,0,0,-0.047520155503790629,-0.0038361728343613583,-0.0031482768792718751,-0.0025307719236561774,-0.002579239917905294,-0.081017625636321283,-0.0075970020166784688,-0.0086485115021921345,-0.011091704366419756,-0.022881987878041601,0,-0.0060262678185317858
1.6100000000000001,approach_stop,40,40,0.20000000000000001,0.0050000000000000001,0.11831384625000006,0.49675350000000018,1.0705499999999999,0,3.2000000000000002,0,0.02276108889411492,0.15532663119372311,0,3.2009121192958063,0,0.005914429500148255,free_flight_controlled,sep_nmpc_adapted,formal_acados,0.22420995412802341,0,0.39178724251929276,-0.023551134766091525,-0.0037151120075880032,-0.038603403646573775,0.40627117247020111,1.4142135632326502e-10,-0.11363594189646629,1.389100775441948,1.389100775441948,false,false,5.8046030000000002,0,0,false,0,0.058379031131207668,0,130.41438082661548,130.41438082661548,0,0.24182797388051869,0,0,0.24182797388051869,0,0,-0.047921212445580397,-0.0038726115537282349,-0.0031914760282784082,-0.0025863797935715784,-0.0026919262953258687,-0.079402158692101432,-0.0069791809764846629,-0.0086335945171137039,-0.011147413850418401,-0.022180679377021811,0,-0.0063400946643900188
1.615,approach_stop,40,40,0.20000000000000001,0.0050000000000000001,0.12081097476562501,0.50209368750000005,1.0654874999999999,0,3.2000000000000002,0,0.023546979908487,0.15903692330933183,0,3.2009419423666245,0,0.0060143708363473705,free_flight_controlled,sep_nmpc_adapted,formal_acados,0.22418121038100144,0,0.39180677988902124,-0.024365769527485565,-0.0039629981224712819,-0.038603403646573775,0.40627117247020111,1.4142135632326502e-10,-0.11363594189646629,1.389100775441948,1.389100775441948,false,false,5.8046030000000002,0,0,false,0,0.05912041893049251,0,130.41615281863449,130.41615281863449,0,0.23594029150382179,0,0,0.23594029150382179,0,0,-0.048314013285146999,-0.003906044304092143,-0.0032346143809381476,-0.0026422058165179317,-0.0028009339561161665,-0.077714433310941577,-0.0063966825498337687,-0.008622944061764358,-0.011178137704430907,-0.02141189315216915,0,-0.0066663076769639187
1.6200000000000001,approach_stop,40,40,0.20000000000000001,0.0050000000000000001,0.12333474000000005,0.50740800000000008,1.0601999999999998,0,3.2000000000000002,0,0.024351529326640153,0.16278993447218293,0,3.2009722605919473,0,0.0061124850385142647,free_flight_controlled,sep_nmpc_adapted,formal_acados,0.2241521941244117,0,0.39182456533887144,-0.025199335202228446,-0.0042186293355418562,-0.038603403646573775,0.40627117247020111,1.4142135632326502e-10,-0.11363594189646629,1.389100775441948,1.389100775441948,false,false,5.8046030000000002,0,0,false,0,0.059857786766771615,0,130.41786936605197,130.41786936605197,0,0.23043064153983894,0,0,0.23043064153983894,0,0,-0.048698194234165354,-0.0039366733514727761,-0.003277696385628236,-0.0026981124793821584,-0.0029059465057693586,-0.075953592143848628,-0.0058594568194899003,-0.0086099767601695767,-0.011178864174541919,-0.020584035137930463,0,-0.0070052021627428863
1.625,approach_stop,40,40,0.20000000000000001,0.0050000000000000001,0.125885009765625,0.5126953125,1.0546875,0,3.2000000000000002,0,0.02517494985745404,0.16658530693479418,0,3.201003064676879,0,0.0062087084318886085,free_flight_controlled,sep_nmpc_adapted,formal_acados,0.22412294283579223,0,0.3918405174358352,-0.026052007021661799,-0.0044820942949957291,-0.038603403646573775,0.40627117247020111,1.4142135632326502e-10,-0.11363594189646629,1.389100775441948,1.389100775441948,false,false,5.8046030000000002,0,0,false,0,0.060590912175062801,0,130.4195327199854,130.4195327199854,0,0.22528622462276759,0,0,0.22528622462276759,0,0,-0.049073389135222356,-0.0039647459909087773,-0.0033206962068289131,-0.002753937637597063,-0.0030066895857932163,-0.074119557548038562,-0.0053755318071351289,-0.0085891820433700583,-0.01114477036271959,-0.01970549053441395,0,-0.0073570731992484272
1.6300000000000001,approach_stop,40,40,0.20000000000000001,0.0050000000000000001,0.12846164625000006,0.5179545000000001,1.0489499999999998,0,3.2000000000000002,0,0.026017452373361435,0.17042266397792638,0,3.201034345010779,0,0.0063029783996495651,free_flight_controlled,sep_nmpc_adapted,formal_acados,0.2240934963463953,0,0.39185455929357493,-0.02692395602696615,-0.0047534788899588074,-0.038603403646573775,0.40627117247020111,1.4142135632326502e-10,-0.11363594189646629,1.389100775441948,1.389100775441948,false,false,5.8046030000000002,0,0,false,0,0.061319584204544343,0,130.42114529647179,130.42114529647179,0,0.2204943909320547,0,0,0.2204943909320547,0,0,-0.049439233524360034,-0.0039905445082218998,-0.0033635633155954538,-0.0028094957483410592,-0.0031029304225020206,-0.072213091476160673,-0.0049508573993148142,-0.0085561993522646675,-0.011071341507734589,-0.018784485262131369,0,-0.0077222155002921906
1.635,approach_stop,40,40,0.20000000000000001,0.0050000000000000001,0.131064506015625,0.52318443749999999,1.0429875,0,3.2000000000000002,0,0.026879245817294894,0.17430161065276931,0,3.2010660916728089,0,0.0063952334851754321,free_flight_controlled,sep_nmpc_adapted,formal_acados,0.22406389690112702,0,0.39186661870071382,-0.027815348916167881,-0.0050328662106530649,-0.038603403646573775,0.40627117247020111,1.4142135632326502e-10,-0.11363594189646629,1.389100775441948,1.389100775441948,false,false,5.8046030000000002,0,0,false,0,0.062043603184800233,0,130.42270966235623,130.42270966235623,0,0.21604264287335861,0,0,0.21604264287335861,0,0,-0.049795368908377068,-0.004014375583869887,-0.0034062282729357216,-0.002864579747975438,-0.0031944766942456309,-0.070235821736955348,-0.004589237347018861,-0.0085078196969188939,-0.010954507787980067,-0.017828952707927632,0,-0.0081009232657156469
1.6400000000000001,approach_stop,40,40,0.20000000000000001,0.0050000000000000001,0.13369344000000008,0.52838400000000008,1.0367999999999997,0,3.2000000000000002,0,0.027760537113636956,0.17822173463867541,0,3.2010982944379518,0,0.006485413476010231,free_flight_controlled,sep_nmpc_adapted,formal_acados,0.22403418921887347,0,0.39187662820898128,-0.028726347894763499,-0.0053203365102521532,-0.038603403646573775,0.40627117247020111,1.4142135632326502e-10,-0.11363594189646629,1.389100775441948,1.389100775441948,false,false,5.8046030000000002,0,0,false,0,0.062762780491979905,0,130.42422852217905,130.42422852217905,0,0.21191863981386638,0,0,0.21191863981386638,0,0,-0.050141447093399218,-0.0040365595630872204,-0.0034486083542590424,-0.0029189636363769031,-0.0032811747558540946,-0.068190236662501222,-0.0042923423973188256,-0.0084419225659273355,-0.010790788536473517,-0.016846410667102966,0,-0.0084934900116836135
1.645,approach_stop,40,40,0.20000000000000001,0.0050000000000000001,0.136348293515625,0.53355206249999998,1.0303875,0,3.2000000000000002,0,0.028661531083726211,0.182182607205714,0,3.2011309427834047,0,0.0065734594715744724,free_flight_controlled,sep_nmpc_adapted,formal_acados,0.22400442055291309,0,0.39188452518472883,-0.02965711053081313,-0.0056159671688972741,-0.038603403646573775,0.40627117247020111,1.4142135632326502e-10,-0.11363594189646629,1.389100775441948,1.389100775441948,false,false,5.8046030000000002,0,0,false,0,0.063476938313498238,0,130.42570470596789,130.42570470596789,0,0.20811020458570462,0,0,0.20811020458570462,0,0,-0.050477134413809403,-0.0040574199753433092,-0.0034906127237439369,-0.0029724057790068616,-0.0033629072829790101,-0.06607965113919044,-0.0040597951602019625,-0.0083573612880781037,-0.010577433382754809,-0.015843853086624383,0,-0.0089002083786100996
1.6500000000000001,approach_stop,40,40,0.20000000000000001,0.0050000000000000001,0.13902890625000006,0.53868750000000021,1.0237499999999997,0,3.2000000000000002,0,0.029582430366410249,0.18618378426840609,0,3.2011640258952778,0,0.0066593139374502503,free_flight_controlled,sep_nmpc_adapted,formal_acados,0.22397464075104037,0,0.39189025182825366,-0.03060778961536989,-0.0059198326603187674,-0.053552514583298391,0.39998589855204325,1.4142135632190558e-10,-0.11534479810513852,1.384614420989096,1.384614420989096,false,false,5.7348400000000002,0,0,false,0,0.064185909410136133,0,130.4233311749357,130.4233311749357,0,0.19767297623345603,0,0,0.19767297623345603,0,0,-0.050802115727216858,-0.0040772736346372154,-0.0035321469360827936,-0.0030246528857773985,-0.0034395904206824214,-0.063908147640718338,-0.0038893156300954506,-0.0082538110210474101,-0.010312550212529836,-0.014827660628755037,0,-0.0093213699148924217
1.655,approach_stop,40,40,0.20000000000000001,0.0050000000000000001,0.14173511226562505,0.54378918750000016,1.0168874999999999,0,3.2000000000000002,0,0.030523434918937723,0.19022463514025359,0,3.2011975293725983,0,0.0067416000531234461,free_flight_controlled,sep_nmpc_adapted,formal_acados,0.2239449023139824,0,0.39189375082117112,-0.031578532604955328,-0.0062320126635341698,-0.053552514583298391,0.39998589855204325,1.4142135632190558e-10,-0.11534479810513852,1.384614420989096,1.384614420989096,false,false,5.7348400000000002,0,0,false,0,0.064889447739344949,0,130.42474959888887,130.42474959888887,0,0.19470761670042114,0,0,0.19470761670042114,0,0,-0.051115955959537454,-0.0040964875913583054,-0.0035731006681818684,-0.0030754483067281439,-0.0035111698847295515,-0.061623869757820672,-0.0038027906084316708,-0.0081256886281893172,-0.0099964965438661072,-0.013803325468985066,0,-0.0097572593526363167
1.6600000000000001,approach_stop,40,40,0.20000000000000001,0.0050000000000000001,0.14446674000000009,0.54885600000000012,1.0097999999999998,0,3.2000000000000002,0,0.031484742321765798,0.19430484243689758,0,3.2012314385547702,0,0.0068215899138754131,free_flight_controlled,sep_nmpc_adapted,formal_acados,0.22391526045106996,0,0.39189496968934162,-0.032569481870695832,-0.0065525835641150835,-0.053552514583298391,0.39998589855204325,1.4142135632190558e-10,-0.11534479810513852,1.384614420989096,1.384614420989096,false,false,5.7348400000000002,0,0,false,0,0.065587320665692977,0,130.4261331681513,130.4261331681513,0,0.19201589394719998,0,0,0.19201589394719998,0,0,-0.051418255012441107,-0.0041153918630223579,-0.0036133767178171653,-0.0031245290974871802,-0.00357761915811859,-0.059292257153552554,-0.0037645413298367969,-0.0079828707987223482,-0.0096268351761004053,-0.012776339146894727,0,-0.010208167371789652
1.665,approach_stop,40,40,0.20000000000000001,0.0050000000000000001,0.147223612265625,0.55388681250000005,1.0024875,0,3.2000000000000002,0,0.032466548121218117,0.19842391010718585,0,3.2012657418276209,0,0.0068992303839993368,free_flight_controlled,sep_nmpc_adapted,formal_acados,0.22388577314025296,0,0.39189386509224527,-0.03358077498096515,-0.0068816102909639828,-0.053552514583298391,0.39998589855204325,1.4142135632190558e-10,-0.11534479810513852,1.384614420989096,1.384614420989096,false,false,5.7348400000000002,0,0,false,0,0.066279397736417736,0,130.4274852199639,130.4274852199639,0,0.18958643807408271,0,0,0.18958643807408271,0,0,-0.051708790975628326,-0.0041342108211935291,-0.0036529043170533187,-0.0031716301008810344,-0.0036389356933076967,-0.056919288720490568,-0.0037676119087383889,-0.0078264369419252192,-0.0092049196824147955,-0.011750855812756903,0,-0.010674379474862071
1.6699999999999999,approach_stop,40,40,0.20000000000000001,0.0050000000000000001,0.15000554624999995,0.55888049999999989,0.99495000000000011,0,3.2000000000000002,0,0.033469045358372536,0.20258133230446801,0,3.201300427315156,0,0.0069744698741052973,free_flight_controlled,sep_nmpc_adapted,formal_acados,0.22385650118393344,0,0.39189039836665512,-0.034612544174439097,-0.0072191547531461229,-0.053552514583298391,0.39998589855204325,1.4142135632190558e-10,-0.11534479810513852,1.384614420989096,1.384614420989096,false,false,5.7348400000000002,0,0,false,0,0.066965557960291813,0,130.42880915826723,130.42880915826723,0,0.18740809712628859,0,0,0.18740809712628859,0,0,-0.051987372605737867,-0.004153132083861831,-0.0036916178920083161,-0.0032164959184000598,-0.0036951357974610438,-0.054511233140165184,-0.003804298452354278,-0.0076573644937964506,-0.0087332919662655804,-0.010730268608845003,0,-0.011156178242293728
1.675,approach_stop,40,40,0.20000000000000001,0.0050000000000000001,0.152812353515625,0.56383593749999994,0.9871875,0,3.2000000000000002,0,0.034492424523152987,0.2067765946165728,0,3.2013354828873748,0,0.0070472583727111456,free_flight_controlled,sep_nmpc_adapted,formal_acados,0.22382750826117379,0,0.39188453546040114,-0.035664916261979207,-0.0075652758263525166,-0.053552514583298391,0.39998589855204325,1.4142135632190558e-10,-0.11534479810513852,1.384614420989096,1.384614420989096,false,false,5.7348400000000002,0,0,false,0,0.067645689545045892,0,130.43010844417006,130.43010844417006,0,0.18546994650846338,0,0,0.18546994650846338,0,0,-0.052253840491183777,-0.0041723033925951938,-0.0037294562673822087,-0.0032588866955465452,-0.0037462509289869703,-0.052074535219047285,-0.0038663946354820502,-0.0074764198503409138,-0.0082156125950180302,-0.0097172542759401039,0,-0.011653844827549206
1.6799999999999999,approach_stop,40,40,0.20000000000000001,0.0050000000000000001,0.15564383999999995,0.56875199999999992,0.97920000000000018,0,3.2000000000000002,0,0.035536873514541725,0.21100917527767668,0,3.2013708961682452,0,0.0071175474795840471,free_flight_controlled,sep_nmpc_adapted,formal_acados,0.22379886097677451,0,0.39187624686579731,-0.036738012537767234,-0.0079200293435807909,-0.053552514583298391,0.39998589855204325,1.4142135632190558e-10,-0.11534479810513852,1.384614420989096,1.384614420989096,false,false,5.7348400000000002,0,0,false,0,0.068319689631048314,0,130.43138658652154,130.43138658652154,0,0.18376129782383954,0,0,0.18376129782383954,0,0,-0.052508067650864909,-0.0041918306930009775,-0.0037663614047792398,-0.0032985834551701293,-0.0037923242738924514,-0.049615703550346849,-0.0039454265035253422,-0.0072840811741719941,-0.0076565504221887013,-0.0087138398794566266,0,-0.012167656941913822
1.6850000000000001,approach_stop,40,40,0.20000000000000001,0.0050000000000000001,0.15849980601562502,0.57362756250000002,0.97098749999999978,0,3.2000000000000002,0,0.036602577606778472,0.21527854634910534,0,3.2014066545438391,0,0.0071852904409882143,free_flight_controlled,sep_nmpc_adapted,formal_acados,0.22377062890689078,0,0.39186550755625699,-0.03783194869988768,-0.0082834680900577481,-0.053552514583298391,0.39998589855204325,1.4142135632190558e-10,-0.11534479810513852,1.384614420989096,1.384614420989096,false,false,5.7348400000000002,0,0,false,0,0.068987464021863593,0,130.43264713259333,130.43264713259333,0,0.18227170693930417,0,0,0.18227170693930417,0,0,-0.052749959579755985,-0.0042117773516237786,-0.0038022768357802565,-0.0033353927880729987,-0.0038334077030470091,-0.047141201985483855,-0.0040328715294880432,-0.0070804933709099878,-0.0070616369065520726,-0.0077214877381569496,0,-0.012697888897178749
1.6899999999999999,approach_stop,40,40,0.20000000000000001,0.0050000000000000001,0.16138004624999996,0.57846149999999996,0.96255000000000024,0,3.2000000000000002,0,0.037689719421361241,0.21958417485745602,0,3.20144274517066,0,0.0072504421864457557,free_flight_controlled,sep_nmpc_adapted,formal_acados,0.22374288464090777,0,0.39185229692900048,-0.038946834780453465,-0.0086556418023774496,-0.053552514583298391,0.39998589855204325,1.4142135632190558e-10,-0.11534479810513852,1.384614420989096,1.384614420989096,false,false,5.7348400000000002,0,0,false,0,0.069648926912339704,0,130.43389365889277,130.43389365889277,0,0.18099098111066714,0,0,0.18099098111066714,0,0,-0.052979453765784772,-0.0042321644209295187,-0.0038371459473722164,-0.0033691507409614545,-0.0038695591903205417,-0.044657346990701174,-0.0041203582907094012,-0.0068654536538526054,-0.0064370919682307324,-0.0067411940625828164,0,-0.01324481132656974
1.6950000000000001,approach_stop,40,40,0.20000000000000001,0.0050000000000000001,0.16428434976562503,0.58325268750000014,0.95388749999999978,0,3.2000000000000002,0,0.038798478904609739,0.22392552387984782,0,3.2014791549841486,0,0.0073129593661903558,free_flight_controlled,sep_nmpc_adapted,formal_acados,0.22371570381938644,0,0.39183659875564464,-0.040082775085223316,-0.0090365971717708202,-0.053552514583298391,0.39998589855204325,1.4142135632190558e-10,-0.11534479810513852,1.384614420989096,1.384614420989096,false,false,5.7348400000000002,0,0,false,0,0.070304000614976089,0,130.43512976215348,130.43512976215348,0,0.1799091850337935,0,0,0.1799091850337935,0,0,-0.05319651871178533,-0.0042529718489424323,-0.0038709102654751796,-0.0033997257787002013,-0.0039008407481892901,-0.042170212571178853,-0.0041998443411487606,-0.0066384245952374587,-0.0057896292197171855,-0.0057735964849965982,0,-0.013808690823698328
1.7,approach_stop,40,40,0.20000000000000001,0.0050000000000000001,0.16721249999999999,0.58799999999999997,0.94499999999999995,0,3.2000000000000002,0,0.039929033310504111,0.22830205356755401,0,3.2015158707073779,0,0.007372800388223597,free_flight_controlled,sep_nmpc_adapted,formal_acados,0.22368916516797524,0,0.39181840114162558,-0.041239868142528863,-0.0094263778513636824,-0.070130903820898288,0.38348524458627625,1.4142135632502984e-10,-0.11132702790862846,1.3585063377768964,1.3585063377768964,false,false,5.8551770000000003,0,0,false,0,0.070952615285399784,0,130.41185336101535,130.41185336101535,0,0.13861709636593555,0,0,0.13861709636593555,0,0,-0.053401152503801549,-0.0042741405206675577,-0.0039035078638120068,-0.0034270207385858017,-0.0039273169129513848,-0.039685544079368883,-0.0042637709003936295,-0.0063985704345785582,-0.0051262489641408834,-0.0048190855551340723,0,-0.014389789582233083
1.7050000000000001,approach_stop,40,40,0.20000000000000001,0.0050000000000000001,0.17016427476562504,0.59270231250000005,0.93588749999999987,0,3.2000000000000002,0,0.041081554365485023,0.23271207941640537,0,3.2015528575374317,0,0.007421398532153246,free_flight_controlled,sep_nmpc_adapted,formal_acados,0.2236633504396946,0,0.3917976688567647,-0.042418203925790432,-0.0098250717803409267,-0.070130903820898288,0.38348524458627625,1.4142135632502984e-10,-0.11132702790862846,1.3585063377768964,1.3585063377768964,false,false,5.8551770000000003,0,0,false,0,0.071594189356485843,0,130.41324880037737,130.41324880037737,0,0.13934810950129162,0,0,0.13934810950129162,0,0,-0.053592553127233669,-0.004295959400088061,-0.0039347792772219487,-0.0034509956396112317,-0.0039490500096034248,-0.036878787753756727,-0.0044559005870451951,-0.0061104796528139889,-0.0044615874386504904,-0.0038767170044356055,0,-0.014988308210381558
1.71,approach_stop,40,40,0.20000000000000001,0.0050000000000000001,0.17313944625,0.59735850000000001,0.9265500000000001,0,3.2000000000000002,0,0.04225621078684378,0.23715609655970837,0,3.2015900806183883,0,0.0074672957322669976,free_flight_controlled,sep_nmpc_adapted,formal_acados,0.22363834450330303,0,0.39177437133481124,-0.043617866283540752,-0.010232761970932796,-0.070130903820898288,0.38348524458627625,1.4142135632502984e-10,-0.11132702790862846,1.3585063377768964,1.3585063377768964,false,false,5.8551770000000003,0,0,false,0,0.07222816789581242,0,130.41463800228871,130.41463800228871,0,0.14021220890508956,0,0,0.14021220890508956,0,0,-0.053770000031471206,-0.0043186071093311365,-0.0039646190368361148,-0.0034716209785904946,-0.0039661096976359852,-0.034104806040519464,-0.0045940557555586041,-0.0058257933403925172,-0.0037876626054254995,-0.0029496999619929611,0,-0.015604527207707471
1.7150000000000001,approach_stop,40,40,0.20000000000000001,0.0050000000000000001,0.17613778101562502,0.60196743750000004,0.91698749999999996,0,3.2000000000000002,0,0.043453170983341755,0.24163348633374654,0,3.2016275263585663,0,0.0075104572517450214,free_flight_controlled,sep_nmpc_adapted,formal_acados,0.2236142354725445,0,0.39174851057975801,-0.044838935510797262,-0.010649479222929416,-0.070130903820898288,0.38348524458627625,1.4142135632502984e-10,-0.11132702790862846,1.3585063377768964,1.3585063377768964,false,false,5.8551770000000003,0,0,false,0,0.072854540989177513,0,130.41602507027102,130.41602507027102,0,0.14120089196553143,0,0,0.14120089196553143,0,0,-0.053933670417577524,-0.0043417948244692727,-0.003993044316284119,-0.0034888639782550994,-0.0039785765597303673,-0.031369007932548744,-0.0046695839132215857,-0.005550142848949057,-0.0030988228590999459,-0.002048537982943245,0,-0.01623868693299679
1.72,approach_stop,40,40,0.20000000000000001,0.0050000000000000001,0.17915903999999996,0.60652799999999996,0.90720000000000012,0,3.2000000000000002,0,0.044672600305319062,0.24614365691411313,0,3.2016651809888592,0,0.0075508438608972647,free_flight_controlled,sep_nmpc_adapted,formal_acados,0.22359111633614728,0,0.39172013256572058,-0.046081483969171777,-0.011075250695315024,-0.070130903820898288,0.38348524458627625,1.4142135632502984e-10,-0.11132702790862846,1.3585063377768964,1.3585063377768964,false,false,5.8551770000000003,0,0,false,0,0.073473304725326732,0,130.41741435573721,130.41741435573721,0,0.14230633492148093,0,0,0.14230633492148093,0,0,-0.054083752379880418,-0.0043652757941922988,-0.0040200904182033179,-0.0035023087900991254,-0.0039870419191016951,-0.028662059102226595,-0.0047586907484827258,-0.0051872324243527343,-0.0023067708723098503,-0.0013792310948390184,0,-0.016891075316426425
1.7250000000000001,approach_stop,40,40,0.20000000000000001,0.0050000000000000001,0.18220297851562506,0.61103906250000006,0.89718750000000003,0,3.2000000000000002,0,0.045914661256380454,0.25068602843642857,0,3.20170303052529,0,0.0075884159802913015,free_flight_controlled,sep_nmpc_adapted,formal_acados,0.22356909326797994,0,0.39168938202952458,-0.047345567988400533,-0.011510096941699103,-0.070130903820898288,0.38348524458627625,1.4142135632502984e-10,-0.11132702790862846,1.3585063377768964,1.3585063377768964,false,false,5.8551770000000003,0,0,false,0,0.074084460477551003,0,130.4188102599866,130.4188102599866,0,0.14352107406739112,0,0,0.14352107406739112,0,0,-0.054220308740399563,-0.0043896998301153527,-0.0040441019380335419,-0.0035122936957371152,-0.0039927008546305461,-0.025962496558261321,-0.0050330301245879311,-0.0043513636727294134,-0.0017184215168810784,-0.00091183663535709914,0,-0.017561944743230598
1.73,approach_stop,40,40,0.20000000000000001,0.0050000000000000001,0.18526934624999997,0.61549949999999998,0.88694999999999991,0,3.2000000000000002,0,0.047179513167506903,0.25525991055233105,0,3.2017410608455443,0,0.0076231548243800278,free_flight_controlled,sep_nmpc_adapted,formal_acados,0.22354827716101697,0,0.39165639194977736,-0.048631236006489942,-0.011954034915381774,-0.070130903820898288,0.38348524458627625,1.4142135632502984e-10,-0.11132702790862846,1.3585063377768964,1.3585063377768964,false,false,5.8551770000000003,0,0,false,0,0.074688015521481521,0,130.4202162561125,130.4202162561125,0,0.14483597781299418,0,0,0.14483597781299418,0,0,-0.054343456994832937,-0.0044156841456297535,-0.0040631196429844734,-0.0035197493272905822,-0.0039963879959766333,-0.023316389720708271,-0.0053257007525761785,-0.0032524009573721029,-0.0012775521254798188,-0.00058007398976820507,0,-0.018251511727679002
1.7350000000000001,approach_stop,40,40,0.20000000000000001,0.0050000000000000001,0.18835788726562505,0.61990818750000021,0.87648749999999975,0,3.2000000000000002,0,0.048467311430494556,0.25986444582584217,0,3.2017792577573312,0,0.0076550493896521488,free_flight_controlled,sep_nmpc_adapted,formal_acados,0.22352878324237332,0,0.39162126349228638,-0.049938528188121251,-0.012407077633254717,-0.070130903820898288,0.38348524458627625,1.4142135632502984e-10,-0.11132702790862846,1.3585063377768964,1.3585063377768964,false,false,5.8551770000000003,0,0,false,0,0.075283984612022223,0,130.42163549754446,130.42163549754446,0,0.14623951464028573,0,0,0.14623951464028573,0,0,-0.054453874419397162,-0.0044420537332888086,-0.004077120470623463,-0.0035250859231268287,-0.0039986181544695524,-0.02088757172427206,-0.0051332060530076455,-0.0023982935110486159,-0.00085927886542496064,-0.0003214766716839937,0,-0.018960050850636241
1.74,approach_stop,40,40,0.20000000000000001,0.0050000000000000001,0.19146833999999999,0.62426400000000004,0.8657999999999999,0,3.2000000000000002,0,0.049778207866383602,0.26449910323320225,0,3.2018176069809954,0,0.0076840742078878189,free_flight_controlled,sep_nmpc_adapted,formal_acados,0.22351073263809654,0,0.39158408239998244,-0.051267475228287063,-0.012869233845463336,-0.070130903820898288,0.38348524458627625,1.4142135632502984e-10,-0.11132702790862846,1.3585063377768964,1.3585063377768964,false,false,5.8551770000000003,0,0,false,0,0.075872388665144411,0,130.42307183351292,130.42307183351292,0,0.14772610737451441,0,0,0.14772610737451441,0,0,-0.054552686333901403,-0.0044662308600409793,-0.0040875164058843082,-0.00352838785085746,-0.0039996860816394865,-0.018665705587613674,-0.0044704818448734552,-0.0017937717721615055,-0.0004676913241827798,-0.00011301729288934153,0,-0.019687742508173907
1.7450000000000001,approach_stop,40,40,0.20000000000000001,0.0050000000000000001,0.19460043726562506,0.6285658125000001,0.8548874999999998,0,3.2000000000000002,0,0.051112351934749826,0.26916342111191632,0,3.2018560940994734,0,0.0077102019220872554,free_flight_controlled,sep_nmpc_adapted,formal_acados,0.22349424696652251,0,0.39154492455567469,-0.052618104968227331,-0.013340510906530059,-0.070130903820898288,0.38348524458627625,1.4142135632502984e-10,-0.11132702790862846,1.3585063377768964,1.3585063377768964,false,false,5.8551770000000003,0,0,false,0,0.076453251607794925,0,130.42452920295744,130.42452920295744,0,0.14929140722561796,0,0,0.14929140722561796,0,0,-0.054640810374051205,-0.0044861630435837499,-0.0040953361974642504,-0.0035298340536957617,-0.003999813389149902,-0.01660552067333395,-0.0034519383467882365,-0.0013568259853569346,-0.00011837916464617153,5.6322084267767142e-05,0,-0.020434739369191535
1.75,approach_stop,40,40,0.20000000000000001,0.0050000000000000001,0.19775390625,0.6328125,0.84375,0,3.2000000000000002,0,0.052469892185483723,0.27385787204892437,0,3.2018947044470587,0,0.0077333296420061572,free_flight_controlled,sep_nmpc_adapted,formal_acados,0.22347944897841657,0,0.39150385450635505,-0.053990443207067168,-0.013820915416172077,-0.087890751296167899,0.38970989961498648,1.4142135632352091e-10,-0.11335911815178122,1.3121087962383413,1.3121087962383413,false,false,5.7867540000000002,0,0,false,0,0.07702659680858831,0,130.37874408563152,130.37874408563152,0,0.079015245641438803,0,0,0.079015245641438803,0,0,-0.054718768777512507,-0.0045006570545527936,-0.0041011445747525842,-0.0035295995781882876,-0.0039991703762979336,-0.014543571429477098,-0.0024008818504527019,-0.00094961692429003071,0.00021775709021203951,0.00019762326877402253,0,-0.021200899829420618
1.7550000000000001,approach_stop,40,40,0.20000000000000001,0.0050000000000000001,0.20092846851562504,0.63700293750000003,0.83238749999999984,0,3.2000000000000002,0,0.053850974700220815,0.27858015029311262,0,3.2019333814798943,0,0.007736878308659571,free_flight_controlled,sep_nmpc_adapted,formal_acados,0.22346646533108344,0,0.39146086680460007,-0.055384509369137386,-0.014310538490454825,-0.087890751296167899,0.38970989961498648,1.4142135632352091e-10,-0.11335911815178122,1.3121087962383413,1.3121087962383413,false,false,5.7867540000000002,0,0,false,0,0.077591513157621736,0,130.38067575859282,130.38067575859282,0,0.083333833314195971,0,0,0.083333833314195971,0,0,-0.054784764494296923,-0.0045107699823861798,-0.0041048325464030557,-0.0035276538073148369,-0.003997859270744134,-0.011829760576619382,-0.0016803403133451246,-0.00051817175626429955,0.00056046666927364293,0.00033101133154144478,0,-0.021986043181497921
1.76,approach_stop,40,40,0.20000000000000001,0.0050000000000000001,0.20412384,0.64113599999999993,0.82080000000000009,0,3.2000000000000002,0,0.055255743172780758,0.28333203755040615,0,3.2019720688184847,0,0.0077374581672881703,free_flight_controlled,sep_nmpc_adapted,formal_acados,0.22345542264364068,0,0.39141592946985382,-0.05680032052914008,-0.014809466815717967,-0.087890751296167899,0.38970989961498648,1.4142135632352091e-10,-0.11335911815178122,1.3121087962383413,1.3121087962383413,false,false,5.7867540000000002,0,0,false,0,0.078147126341884754,0,130.38263550433476,130.38263550433476,0,0.087675301093977809,0,0,0.087675301093977809,0,0,-0.05483690292914354,-0.0045177665167249375,-0.0041063526768050727,-0.0035239236279858742,-0.0039957646165362983,-0.0090038056321594881,-0.001148106343079091,-0.00010680327598236733,0.00097291285522263342,0.00049045461241156165,0,-0.022790273992918639
1.7650000000000001,approach_stop,40,40,0.20000000000000001,0.0050000000000000001,0.20733973101562508,0.64521056250000008,0.80898749999999953,0,3.2000000000000002,0,0.056684342453006457,0.28811230245965536,0,3.2020107517258309,0,0.0077351069809887775,free_flight_controlled,sep_nmpc_adapted,formal_acados,0.22344644162065569,0,0.39136905793057974,-0.058237900832350781,-0.015317699948612299,-0.087890751296167899,0.38970989961498648,1.4142135632352091e-10,-0.11335911815178122,1.3121087962383413,1.3121087962383413,false,false,5.7867540000000002,0,0,false,0,0.078693526659220789,0,130.38462500174194,130.38462500174194,0,0.09202440274870638,0,0,0.09202440274870638,0,0,-0.054874688652187052,-0.0045224983904073434,-0.0041060618157389419,-0.0035175099977754337,-0.0039931409608080616,-0.0060947084212655076,-0.00076578268053928151,0.00020873372216973524,0.0016259650890007294,0.00054455378342512938,0,-0.023613883790917632
1.77,approach_stop,40,40,0.20000000000000001,0.0050000000000000001,0.21057584625,0.64922550000000001,0.79695000000000016,0,3.2000000000000002,0,0.058136904590487211,0.29291581591873878,0,3.2020494158428825,0,0.0077299829222229688,free_flight_controlled,sep_nmpc_adapted,formal_acados,0.22343964328147201,0,0.39132027573155792,-0.059697261309015204,-0.015835224184459807,-0.087890751296167899,0.38970989961498648,1.4142135632352091e-10,-0.11335911815178122,1.3121087962383413,1.3121087962383413,false,false,5.7867540000000002,0,0,false,0,0.079230891886689581,0,130.38664090779255,130.38664090779255,0,0.096054604132826182,0,0,0.096054604132826182,0,0,-0.054898292956501574,-0.0045250947764263671,-0.0041042204513599464,-0.0035075853858762031,-0.0039904462083283788,-0.0034145621647245559,-0.00021345594067891975,0.00054506377393670068,0.0023331464804609361,0.00052828254181570789,0,-0.024457776411571465
1.7750000000000001,approach_stop,40,40,0.20000000000000001,0.0050000000000000001,0.21383188476562512,0.65317968750000022,0.78468749999999954,0,3.2000000000000002,0,0.059613544245813485,0.29774445682626677,0,3.2020880472744175,0,0.0077219866182106555,free_flight_controlled,sep_nmpc_adapted,formal_acados,0.22343515050405582,0,0.39126957509083826,-0.061178393741757681,-0.01636200396192283,-0.087890751296167899,0.38970989961498648,1.4142135632352091e-10,-0.11335911815178122,1.3121087962383413,1.3121087962383413,false,false,5.7867540000000002,0,0,false,0,0.079759552542722115,0,130.38869274115785,130.38869274115785,0,0.09994207658956189,0,0,0.09994207658956189,0,0,-0.054908793518486612,-0.0045248301590619889,-0.0041006738442468322,-0.0034939727664104305,-0.0039878651048490818,-0.0007698114991480905,0.00029949436780883556,0.00086095304980543768,0.0031311834556206827,0.00050465509677563635,0,-0.025321607412833992
1.78,approach_stop,40,40,0.20000000000000001,0.0050000000000000001,0.21710754000000002,0.6570720000000001,0.77219999999999989,0,3.2000000000000002,0,0.061114391717375892,0.3025986804349774,0,3.2021266315195347,0,0.0077111180679664704,free_flight_controlled,sep_nmpc_adapted,formal_acados,0.22343309037429435,0,0.39121696013687202,-0.062681301343081558,-0.016898028344177241,-0.087890751296167899,0.38970989961498648,1.4142135632352091e-10,-0.11335911815178122,1.3121087962383413,1.3121087962383413,false,false,5.7867540000000002,0,0,false,0,0.080279622672447051,0,130.39078383859052,130.39078383859052,0,0.1038199585139794,0,0,0.1038199585139794,0,0,-0.054906083438040931,-0.0045219586798084183,-0.0040957900120171444,-0.0034762050872232542,-0.0039853834551690885,0.0018482832203837948,0.00086623801244407471,0.0010764677182391518,0.0039780026393246033,0.00048973528570676558,0,-0.026205451688885502
1.7850000000000001,approach_stop,40,40,0.20000000000000001,0.0050000000000000001,0.22040249976562509,0.66090131250000006,0.75948749999999965,0,3.2000000000000002,0,0.062639572232011984,0.30747757085511895,0,3.2021651543013827,0,0.007697398475245097,free_flight_controlled,sep_nmpc_adapted,formal_acados,0.22343359437050614,0,0.39116245553200402,-0.064205977861505864,-0.017443283663662219,-0.087890751296167899,0.38970989961498648,1.4142135632352091e-10,-0.11335911815178122,1.3121087962383413,1.3121087962383413,false,false,5.7867540000000002,0,0,false,0,0.080791206516019884,0,130.39291641844619,130.39291641844619,0,0.10767894341000239,0,0,0.10767894341000239,0,0,-0.054890434249470231,-0.0045159962511267058,-0.0040900366261896375,-0.0034541896257294941,-0.0039829524387916398,0.0044077303848209393,0.001530058011773543,0.0012151395620343787,0.0048274779736259361,0.00048398576783169475,0,-0.02710952770764511
1.79,approach_stop,40,40,0.20000000000000001,0.0050000000000000001,0.22371644625000003,0.66466650000000005,0.74654999999999994,0,3.2000000000000002,0,0.064189207581492935,0.31238051166616299,0,3.2022036013632098,0,0.0076808274561155042,free_flight_controlled,sep_nmpc_adapted,formal_acados,0.2234367973791532,0,0.39110609281168912,-0.065752410202339739,-0.017997753347882953,-0.087890751296167899,0.38970989961498648,1.4142135632352091e-10,-0.11335911815178122,1.3121087962383413,1.3121087962383413,false,false,5.7867540000000002,0,0,false,0,0.081294410986713167,0,130.39509365751553,130.39509365751553,0,0.11151496771064329,0,0,0.11151496771064329,0,0,-0.054862112904653586,-0.004506535305043728,-0.0040837153369731429,-0.003427949021994235,-0.0039805319576176473,0.0069185733117519922,0.0022615816413785288,0.0013076296675803136,0.0056663995066074434,0.00048520024712939776,0,-0.028033942246003724
1.7949999999999999,approach_stop,40,40,0.20000000000000001,0.0050000000000000001,0.22704905601562492,0.66836643749999991,0.73338750000000019,0,3.2000000000000002,0,0.06576341650795367,0.31730690557236357,0,3.2022419584509785,0,0.0076614059746910844,free_flight_controlled,sep_nmpc_adapted,formal_acados,0.22344283758635394,0,0.39104790868978856,-0.067320578921599733,-0.018561418208645479,-0.087890751296167899,0.38970989961498648,1.4142135632352091e-10,-0.11335911815178122,1.3121087962383413,1.3121087962383413,false,false,5.7867540000000002,0,0,false,0,0.081789344639558753,0,130.39731862578489,130.39731862578489,0,0.11532429951130108,0,0,0.11532429951130108,0,0,-0.054821327808618689,-0.004493343796821106,-0.0040769369569820775,-0.0033975929437111236,-0.0039780899302679995,0.0093981447887024547,0.0030057353217544961,0.0014185677902310858,0.0064632177585449493,0.00049276470925599728,0,-0.028978785362013752
1.8,approach_stop,40,40,0.20000000000000001,0.0050000000000000001,0.23039999999999999,0.67199999999999993,0.71999999999999997,0,3.2000000000000002,0,0.067362314813635443,0.32225616145265701,0,3.2022802113194402,0,0.0076391378111041333,free_flight_controlled,sep_nmpc_adapted,formal_acados,0.2234518565966731,0,0.39098794547836191,-0.068910458216962345,-0.019134256472812469,-0.10626682113280782,0.4319617637051274,1.4142135631461548e-10,-0.12567886013845073,1.2451864932900083,1.2451864932900083,false,false,5.7064159999999999,0,0,false,0,0.082276117392911782,0,130.32677557793457,130.32677557793457,0,0.015120745085064669,0,0,0.015120745085064669,0,0,-0.054768178032474246,-0.0044765492634708803,-0.004069363628129854,-0.003363481089313539,-0.0039755656409350268,0.011865519975198175,0.0036989179776292587,0.0016354987275000832,0.0071515698647409663,0.00053152552815526489,0,-0.029944132724665763
1.8049999999999999,approach_stop,40,40,0.20000000000000001,0.0050000000000000001,0.23376894351562497,0.67556606249999984,0.70638750000000028,0,3.2000000000000002,0,0.068986006439556879,0.32722409730139329,0,3.2023182818823535,0,0.007588483819372346,free_flight_controlled,sep_nmpc_adapted,formal_acados,0.22346399779171172,0,0.3909261499015968,-0.070522008647845164,-0.019716365235487227,-0.10626682113280782,0.4319617637051274,1.4142135631461548e-10,-0.12567886013845073,1.2451864932900083,1.2451864932900083,false,false,5.7064159999999999,0,0,false,0,0.082753504637406841,0,130.32985723076351,130.32985723076351,0,0.022583773036892518,0,0,0.022583773036892518,0,0,-0.054700580324062879,-0.0044574449238200834,-0.0040600898717307772,-0.0033264680348686392,-0.0039725861166706794,0.015174430396022176,0.0039370598663552555,0.0020923905720203954,0.0076236770619919738,0.00067727651917545608,0,-0.030929709039456792
1.8100000000000001,approach_stop,40,40,0.20000000000000001,0.0050000000000000001,0.23715554625000004,0.67906350000000004,0.69254999999999967,0,3.2000000000000002,0,0.070634591553465326,0.33221342184388819,0,3.2023560926924177,0,0.0075352372384646362,free_flight_controlled,sep_nmpc_adapted,formal_acados,0.22347940718193146,0,0.39086246115880319,-0.07215518437153387,-0.020307834243894988,-0.10626682113280782,0.4319617637051274,1.4142135631461548e-10,-0.12567886013845073,1.2451864932900083,1.2451864932900083,false,false,5.7064159999999999,0,0,false,0,0.083220333147384001,0,130.33298270654424,130.33298270654424,0,0.029911775604324786,0,0,0.029911775604324786,0,0,-0.054616581856222299,-0.0044371530248862225,-0.0040482925008264526,-0.0032875255656296563,-0.0039686293746049126,0.01842525951931194,0.0041759256770056768,0.0026413951357634395,0.0079261970682906659,0.00092121575075961807,0,-0.031935788419706769
1.8149999999999999,approach_stop,40,40,0.20000000000000001,0.0050000000000000001,0.24055946226562497,0.68249118749999993,0.67848750000000035,0,3.2000000000000002,0,0.072308175093681384,0.33722333584707598,0,3.2023936308435745,0,0.007479420996497798,free_flight_controlled,sep_nmpc_adapted,formal_acados,0.2234982346360142,0,0.39079690318029203,-0.073809940457667172,-0.020908624563306992,-0.10626682113280782,0.4319617637051274,1.4142135631461548e-10,-0.12567886013845073,1.2451864932900083,1.2451864932900083,false,false,5.7064159999999999,0,0,false,0,0.083676815475656086,0,130.33615473262969,130.33615473262969,0,0.037101837920513803,0,0,0.037101837920513803,0,0,-0.054516478447534357,-0.0044156413653920323,-0.0040335661419394157,-0.0032474551474537534,-0.003963224521119817,0.021615901684663548,0.0044269465842842765,0.0032600315863769783,0.0080783971671721539,0.0012549230248819652,0,-0.032962411451031987
1.8200000000000001,approach_stop,40,40,0.20000000000000001,0.0050000000000000001,0.24398034000000007,0.68584800000000012,0.66419999999999968,0,3.2000000000000002,0,0.074006858044759496,0.34225305707016812,0,3.2024308835496784,0,0.0074210601123307846,free_flight_controlled,sep_nmpc_adapted,formal_acados,0.22352063284327034,0,0.3907295034265158,-0.075486225201489149,-0.021518694651133062,-0.10626682113280782,0.4319617637051274,1.4142135631461548e-10,-0.12567886013845073,1.2451864932900083,1.2451864932900083,false,false,5.7064159999999999,0,0,false,0,0.084123163844017135,0,130.33937583929819,130.33937583929819,0,0.044151266313149362,0,0,0.044151266313149362,0,0,-0.054400575273581907,-0.0043928214947878191,-0.0040156224616510298,-0.0032069530044834568,-0.003955948205381977,0.024744762811151639,0.0047010245302267035,0.0039242455588564332,0.0081028529867505014,0.0016679158235532923,0,-0.034009611332910882
1.825,approach_stop,40,40,0.20000000000000001,0.0050000000000000001,0.247417822265625,0.68913281250000002,0.64968750000000008,0,3.2000000000000002,0,0.075730737523436453,0.3473018206795434,0,3.2024678381545151,0,0.007360181531043038,free_flight_controlled,sep_nmpc_adapted,formal_acados,0.22354675728619627,0,0.39066029323243656,-0.077183980237240185,-0.022138000421332321,-0.10626682113280782,0.4319617637051274,1.4142135631461548e-10,-0.12567886013845073,1.2451864932900083,1.2451864932900083,false,false,5.7064159999999999,0,0,false,0,0.084559589990346573,0,130.34264836891373,130.34264836891373,0,0.051057588857491676,0,0,0.051057588857491676,0,0,-0.054269183711033252,-0.0043685537299767074,-0.0039942939654157902,-0.0031665973026834887,-0.0039464332390704909,0.027810990542423607,0.0050076107195694743,0.0046100057192682512,0.0080239766923604194,0.0021483203552244783,0,-0.035077413686711814
1.8300000000000001,approach_stop,40,40,0.20000000000000001,0.0050000000000000001,0.25087154625000008,0.69234450000000003,0.63494999999999979,0,3.2000000000000002,0,0.07747990686625178,0.35236887944444617,0,3.2025044821411468,0,0.0072968140166760958,free_flight_controlled,sep_nmpc_adapted,formal_acados,0.223576766220555,0,0.39058930803606207,-0.078903140645696784,-0.022766495306501922,-0.10626682113280782,0.4319617637051274,1.4142135631461548e-10,-0.12567886013845073,1.2451864932900083,1.2451864932900083,false,false,5.7064159999999999,0,0,false,0,0.084986305017053371,0,130.34597448246797,130.34597448246797,0,0.057818551945734376,0,0,0.057818551945734376,0,0,-0.054122617175899571,-0.0043426563450529622,-0.0039695303335071401,-0.003126842369079846,-0.0039343739679557344,0.030814644804993852,0.0053539641234015547,0.0052946820321964185,0.0078666837223636231,0.0026834956863732089,0,-0.036165836427096032
1.835,approach_stop,40,40,0.20000000000000001,0.0050000000000000001,0.25434114351562498,0.69548193749999998,0.61998750000000014,0,3.2000000000000002,0,0.079254455717567271,0.35745350369995227,0,3.2025408031408409,0,0.0072309880935705773,free_flight_controlled,sep_nmpc_adapted,formal_acados,0.22361082066196919,0,0.39051658749903156,-0.080643635055598101,-0.023404130317016585,-0.10626682113280782,0.4319617637051274,1.4142135631461548e-10,-0.12567886013845073,1.2451864932900083,1.2451864932900083,false,false,5.7064159999999999,0,0,false,0,0.085403519245067352,0,130.34935616390911,130.34935616390911,0,0.064432112839477917,0,0,0.064432112839477917,0,0,-0.053961186274085755,-0.0043149179546330841,-0.0039413885212130238,-0.0030880191304676267,-0.0039195286852423501,0.03375680152977658,0.0057446190228544912,0.0059581552889348801,0.0076552445528081754,0.0032605899987013954,0,-0.037274889718646273
1.8400000000000001,approach_stop,40,40,0.20000000000000001,0.0050000000000000001,0.25782624000000004,0.69854399999999994,0.60479999999999989,0,3.2000000000000002,0,0.081054470116819544,0.36255498107865214,0,3.2025767889418066,0,0.0071627360251854868,free_flight_controlled,sep_nmpc_adapted,formal_acados,0.22364908437788905,0,0.39044217552989768,-0.082405385738930498,-0.024050854096837302,-0.10626682113280782,0.4319617637051274,1.4142135631461548e-10,-0.12567886013845073,1.2451864932900083,1.2451864932900083,false,false,5.7064159999999999,0,0,false,0,0.085811442076132435,0,130.35279522277045,130.35279522277045,0,0.070896428455804572,0,0,0.070896428455804572,0,0,-0.053785193606407856,-0.0042851120065219997,-0.0039100180459571993,-0.003050340766437766,-0.0039017194638616163,0.03663958712235077,0.0061810746206706927,0.0065836299706463269,0.0074123506656414125,0.003867014986733119,0,-0.038404576033342554
1.845,approach_stop,40,40,0.20000000000000001,0.0050000000000000001,0.26132645601562493,0.70152956249999987,0.58938750000000018,0,3.2000000000000002,0,0.08288003258388163,0.36767261602611612,0,3.2026124274978955,0,0.0070920918192928862,free_flight_controlled,sep_nmpc_adapted,formal_acados,0.2236917238836878,0,0.39036612022296147,-0.084188308700193837,-0.024706612975717742,-0.10626682113280782,0.4319617637051274,1.4142135631461548e-10,-0.12567886013845073,1.2451864932900083,1.2451864932900083,false,false,5.7064159999999999,0,0,false,0,0.086210281865858704,0,130.3562932956095,130.3562932956095,0,0.077209840859924328,0,0,0.077209840859924328,0,0,-0.05359492857099224,-0.0042530122720608179,-0.00387564297018189,-0.0030139124670308876,-0.003880829838147581,0.03946614571610866,0.0066617049107726622,0.0071581435709880655,0.0071584076041816052,0.0044908309864662762,0,-0.039554890317840138
1.8500000000000001,approach_stop,40,40,0.20000000000000001,0.0050000000000000001,0.26484140625000008,0.70443750000000005,0.57374999999999987,0,3.2000000000000002,0,0.084731222201514744,0.37280572912679194,0,3.2026477069373724,0,0.0070190912499196968,free_flight_controlled,sep_nmpc_adapted,formal_acados,0.2237389084416159,0,0.39028847372655867,-0.085992313759898853,-0.02537135101764957,-0.12474189089674202,0.27091764795584672,1.4142135638972477e-10,-0.067481991343453548,1.1383515868500951,1.1383515868500951,false,false,5.7381779999999996,0,0,false,0,0.086600245809556622,0,130.23750935854946,130.23750935854946,0,-0.083071451803562402,0,0,-0.083071451803562402,0,0,-0.053390662485891006,-0.0042184082648532659,-0.0038385420755744143,-0.0029787441580180524,-0.0038568007873601802,0.042240545092327074,0.0071818740376038059,0.0076727840713952077,0.0069110535093454611,0.0051210412937597117,0,-0.040725820272787157
1.855,approach_stop,40,40,0.20000000000000001,0.0050000000000000001,0.268370699765625,0.70726668749999999,0.55788749999999987,0,3.2000000000000002,0,0.086608099582700368,0.37794755820672227,0,3.2026825077613257,0,0.0069006463864516006,free_flight_controlled,sep_nmpc_adapted,formal_acados,0.2237908074369197,0,0.39020915847949694,-0.087817292145780684,-0.026045204285009765,-0.12474189089674202,0.27091764795584672,1.4142135638972477e-10,-0.067481991343453548,1.1383515868500951,1.1383515868500951,false,false,5.7381779999999996,0,0,false,0,0.086979401286411587,0,130.24258087466447,130.24258087466447,0,-0.071106813161646187,0,0,-0.071106813161646187,0,0,-0.053169235569186894,-0.0041827020692946915,-0.0037986501511703668,-0.0029448500184822116,-0.0038296130072954728,0.04632600947963602,0.0071137838540132571,0.008262729827547147,0.0066558240172396796,0.0057515152525014126,0,-0.04191662982897696
1.8600000000000001,approach_stop,40,40,0.20000000000000001,0.0050000000000000001,0.27191394000000008,0.7100160000000002,0.54179999999999962,0,3.2000000000000002,0,0.088510720955609842,0.38310316572722153,0,3.2027167117598974,0,0.0067803666216523246,free_flight_controlled,sep_nmpc_adapted,formal_acados,0.22384759288030132,0,0.3901281033862094,-0.089663128075308546,-0.026728298856800458,-0.12474189089674202,0.27091764795584672,1.4142135638972477e-10,-0.067481991343453548,1.1383515868500951,1.1383515868500951,false,false,5.7381779999999996,0,0,false,0,0.087345894015601944,0,130.24770247604857,130.24770247604857,0,-0.059452052943442857,0,0,-0.059452052943442857,0,0,-0.052927692638473321,-0.0041470200155696675,-0.003756162420039154,-0.0029120784452896964,-0.0037993182715833533,0.050286767134691553,0.0071721616263621746,0.0087106218388567826,0.0064632910242793905,0.0063627586818795672,0,-0.043127731061288761
1.865,approach_stop,40,40,0.20000000000000001,0.0050000000000000001,0.27547072476562501,0.71268431250000008,0.52548749999999989,0,3.2000000000000002,0,0.090439152839103976,0.3882716076438163,0,3.2027503099051211,0,0.0066583107701408935,free_flight_controlled,sep_nmpc_adapted,formal_acados,0.22390944212882335,0,0.39004537657160876,-0.091529710710280626,-0.027420556656338066,-0.12474189089674202,0.27091764795584672,1.4142135638972477e-10,-0.067481991343453548,1.1383515868500951,1.1383515868500951,false,false,5.7381779999999996,0,0,false,0,0.087700083964038333,0,130.25287506063623,130.25287506063623,0,-0.048106746883446849,0,0,-0.048106746883446849,0,0,-0.052666651716947226,-0.0041107393685266922,-0.0037117883066752366,-0.0028801022079339815,-0.0037660268441276619,0.054125379918368938,0.0073520611957233282,0.0090182148629329717,0.0063379819890984103,0.0069494808942779382,0,-0.044359038190549628
1.8700000000000001,approach_stop,40,40,0.20000000000000001,0.0050000000000000001,0.27904064625000002,0.71527050000000003,0.50894999999999968,0,3.2000000000000002,0,0.092393457108977978,0.39345197043850905,0,3.202783293466553,0,0.0065345389913483067,free_flight_controlled,sep_nmpc_adapted,formal_acados,0.22397653531330264,0,0.3899610489377956,-0.093416921795675345,-0.028121897176107399,-0.12474189089674202,0.27091764795584672,1.4142135638972477e-10,-0.067481991343453548,1.1383515868500951,1.1383515868500951,false,false,5.7381779999999996,0,0,false,0,0.088042326750789893,0,130.2580993067497,130.2580993067497,0,-0.037070211757417482,0,0,-0.037070211757417482,0,0,-0.052386712965054129,-0.0040732777491585158,-0.0036662083824332468,-0.0028485852402389046,-0.0037298703970513047,0.057846368500669557,0.0076424798348308934,0.0091950515293841607,0.006279064693284756,0.0075083547636312165,0,-0.045610456728660917
1.875,approach_stop,40,40,0.20000000000000001,0.0050000000000000001,0.282623291015625,0.7177734375,0.4921875,0,3.2000000000000002,0,0.09437369114639424,0.39864336949511403,0,3.2028156540176473,0,0.0064091126849523923,free_flight_controlled,sep_nmpc_adapted,formal_acados,0.22404905533863723,0,0.38987519384459129,-0.095324635807757019,-0.028832237549236545,-0.12474189089674202,0.27091764795584672,1.4142135638972477e-10,-0.067481991343453548,1.1383515868500951,1.1383515868500951,false,false,5.7381779999999996,0,0,false,0,0.088372973524612555,0,130.26337568372298,130.26337568372298,0,-0.026341539569479877,0,0,-0.026341539569479877,0,0,-0.052088449875018393,-0.0040341203659985669,-0.0036200392796286035,-0.002817206886214002,-0.0036909930605783826,0.061455808921891592,0.0080276048849565792,0.0092568861087590961,0.0062813927722109248,0.0080376608705845839,0,-0.046881884216128947
1.8800000000000001,approach_stop,40,40,0.20000000000000001,0.0050000000000000001,0.28621824000000007,0.72019200000000005,0.47519999999999968,0,3.2000000000000002,0,0.096379907978091955,0.40384494736934917,0,3.2028473834417666,0,0.0062820944216567375,free_flight_controlled,sep_nmpc_adapted,formal_acados,0.22412718787858404,0,0.38978788683487553,-0.097252720099507917,-0.02955149261771095,-0.12474189089674202,0.27091764795584672,1.4142135638972477e-10,-0.067481991343453548,1.1383515868500951,1.1383515868500951,false,false,5.7381779999999996,0,0,false,0,0.088692370865285614,0,130.26870446076558,130.26870446076558,0,-0.015919631806630807,0,0,-0.015919631806630807,0,0,-0.05177240257819176,-0.0039928407000213145,-0.0035738069042792237,-0.0027856806278072593,-0.0036495443541760559,0.064960895605363597,0.0084881704651577541,0.0092239620217617474,0.0063366522117160318,0.008536896678534793,0,-0.048173211083202966
1.885,approach_stop,40,40,0.20000000000000001,0.0050000000000000001,0.28982506851562495,0.72252506249999993,0.45798750000000005,0,3.2000000000000002,0,0.098412156407867935,0.40905587204105737,0,3.2028784739379494,0,0.0061535479118201243,free_flight_controlled,sep_nmpc_adapted,formal_acados,0.22421112136478771,0,0.38969920540675529,-0.099201035043080227,-0.030279574997165094,-0.12474189089674202,0.27091764795584672,1.4142135638972477e-10,-0.067481991343453548,1.1383515868500951,1.1383515868500951,false,false,5.7381779999999996,0,0,false,0,0.089000860710105295,0,130.27408571394375,130.27408571394375,0,-0.0058032323037748301,0,0,-0.0058032323037748301,0,0,-0.051439073364340004,-0.0039491143151663159,-0.0035279283769578031,-0.0027537670103693077,-0.0036056740897376675,0.068369497851404976,0.0090028366527094231,0.0091192618033216332,0.0064345221964204917,0.0090063836543114902,0,-0.049484321594031988
1.8900000000000001,approach_stop,40,40,0.20000000000000001,0.0050000000000000001,0.29344334625000007,0.72477150000000001,0.44054999999999939,0,3.2000000000000002,0,0.10047048113943695,0.41427533522561749,0,3.2029089180265942,0,0.0060235380056213291,free_flight_controlled,sep_nmpc_adapted,formal_acados,0.22430104697032177,0,0.38960922882964077,-0.10116943416911518,-0.031016395138398243,-0.12474189089674202,0.27091764795584672,1.4142135638972477e-10,-0.067481991343453548,1.1383515868500951,1.1383515868500951,false,false,5.7381779999999996,0,0,false,0,0.089298780303822087,0,130.27951933155597,130.27951933155597,0,0.0040090425220642989,0,0,0.0040090425220642989,0,0,-0.051088924384108406,-0.0039027258806114675,-0.0034827025721641232,-0.0027212808869686812,-0.0035595291848561574,0.071689733755332608,0.009549513720258784,0.0089668336319434841,0.006563775372775171,0.0094469002977709878,0,-0.050815094832572953
1.895,approach_stop,40,40,0.20000000000000001,0.0050000000000000001,0.29707263726562499,0.72693018750000005,0.42288750000000014,0,3.2000000000000002,0,0.10255492289113315,0.41950255080855431,0,3.2029387085552066,0,0.0058921307120870965,free_flight_controlled,sep_nmpc_adapted,formal_acados,0.22439715858825054,0,0.38951803799800266,-0.10315776430288261,-0.031761861385841667,-0.12474189089674202,0.27091764795584672,1.4142135638972477e-10,-0.067481991343453548,1.1383515868500951,1.1383515868500951,false,false,5.7381779999999996,0,0,false,0,0.089586462169535058,0,130.28500501846912,130.28500501846912,0,0.013518677026152781,0,0,0.013518677026152781,0,0,-0.050722377395858852,-0.0038535698461474067,-0.0034383086512176086,-0.0026880934420079419,-0.0035112521990441183,0.074929581504125473,0.010106567149419158,0.0087902799497859615,0.0067132571074505695,0.0098593630642327575,0,-0.052165405690633701
1.9000000000000001,approach_stop,40,40,0.20000000000000001,0.0050000000000000001,0.3007125000000001,0.7290000000000002,0.40499999999999942,0,3.2000000000000002,0,0.1046655185031987,0.4247367534526863,0,3.2029678387042524,0,0.0057593932213910407,free_flight_controlled,sep_nmpc_adapted,formal_acados,0.22449965280588394,0,0.38942571531421155,-0.10516586569731477,-0.032515880033269273,-0.14289058031239407,0.18452485316570308,1.4142135651874543e-10,-0.037458659287203142,1.0112238756070808,1.0112238756070808,false,false,5.998373,0,0,false,0,0.089864234097498608,0,130.13948893560124,130.13948893560124,0,-0.1758913781929515,0,0,-0.1758913781929515,0,0,-0.050339815329500763,-0.00380164549657024,-0.0033948116077663812,-0.0026541297168291224,-0.0034609813119825662,0.078096543459797649,0.010653854083733849,0.0086114727462279148,0.0068726994288569477,0.010244570658680044,0,-0.053535125822050215
1.905,approach_stop,40,40,0.20000000000000001,0.0050000000000000001,0.30436248726562504,0.7309798125000001,0.38688750000000022,0,3.2000000000000002,0,0.10680228223049772,0.42996961163943592,0,3.202996168155309,0,0.0055718517123941333,free_flight_controlled,sep_nmpc_adapted,formal_acados,0.22460872440243221,0,0.38933218165258299,-0.10719355782806551,-0.033278587381578066,-0.14289058031239407,0.18452485316570308,1.4142135651874543e-10,-0.037458659287203142,1.0112238756070808,1.0112238756070808,false,false,5.998373,0,0,false,0,0.09012986690032615,0,130.14710143120956,130.14710143120956,0,-0.15986388973768814,0,0,-0.15986388973768814,0,0,-0.0499375185263915,-0.0037489343865245842,-0.0033517211731649765,-0.0026194643745477229,-0.0034088361903478687,0.082818005707109746,0.010433691557457497,0.0086170045290303292,0.0069984568539782953,0.010607600030709019,0,-0.054923053841198999
1.9100000000000001,approach_stop,40,40,0.20000000000000001,0.0050000000000000001,0.30802214625000013,0.73286850000000003,0.36854999999999949,0,3.2000000000000002,0,0.10896522339206743,0.43520754465875511,0,3.2030235584248232,0,0.0053837321689087954,free_flight_controlled,sep_nmpc_adapted,formal_acados,0.22472457065934445,0,0.38923736311674412,-0.10924065273272299,-0.034050108500200744,-0.14289058031239407,0.18452485316570308,1.4142135651874543e-10,-0.037458659287203142,1.0112238756070808,1.0112238756070808,false,false,5.998373,0,0,false,0,0.090381221837000258,0,130.15475709873715,130.15475709873715,0,-0.14431932889046151,0,0,-0.14431932889046151,0,0,-0.049512010894701933,-0.0036971198719499224,-0.0033087528909587706,-0.0025840911933893095,-0.0033549646942056172,0.08738025267847746,0.01029512086056485,0.0085641903797578668,0.0071544138560477432,0.01093539617761808,0,-0.056329709041230192
1.915,approach_stop,40,40,0.20000000000000001,0.0050000000000000001,0.31169101851562497,0.73466493750000006,0.34998750000000028,0,3.2000000000000002,0,0.11115436465575317,0.44044947667620338,0,3.2030500068630396,0,0.0051951309850760147,free_flight_controlled,sep_nmpc_adapted,formal_acados,0.22484739591894728,0,0.38914135307721331,-0.11130696873680589,-0.034830325266551436,-0.14289058031239407,0.18452485316570308,1.4142135651874543e-10,-0.037458659287203142,1.0112238756070808,1.0112238756070808,false,false,5.998373,0,0,false,0,0.090618799826102742,0,130.16245386168299,130.16245386168299,0,-0.12925416188529179,0,0,-0.12925416188529179,0,0,-0.049064086855252931,-0.0036458026414682896,-0.0032661712410221432,-0.0025478819991139258,-0.0032995383298262152,0.091784138511385366,0.010234219325555856,0.0084643555825751685,0.0073312314149369994,0.011229905285983662,0,-0.057754886396286696
1.9199999999999999,approach_stop,40,40,0.20000000000000001,0.0050000000000000001,0.31536863999999998,0.73636799999999991,0.33120000000000027,0,3.2000000000000002,0,0.11336972340843327,0.44569437088578889,0,3.2030755113023441,0,0.0050061445296270823,free_flight_controlled,sep_nmpc_adapted,formal_acados,0.2249774071177609,0,0.38904424567430917,-0.11339231629067237,-0.035619117325134807,-0.14289058031239407,0.18452485316570308,1.4142135651874543e-10,-0.037458659287203142,1.0112238756070808,1.0112238756070808,false,false,5.998373,0,0,false,0,0.090843093678557474,0,130.17018946840753,130.17018946840753,0,-0.11466461789337368,0,0,-0.11466461789337368,0,0,-0.048594533918866333,-0.003594609338485732,-0.0032241785563111571,-0.0025107577913653497,-0.00324271789377061,0.096031539759977635,0.010244643306091481,0.0083308639127181745,0.0075187102830082493,0.011493414977400349,0,-0.059198376178104806
1.925,approach_stop,40,40,0.20000000000000001,0.0050000000000000001,0.31905454101562503,0.73797656249999999,0.31218749999999951,0,3.2000000000000002,0,0.11561131194837411,0.45094122847389578,0,3.2031000700566006,0,0.0048168690177961436,free_flight_controlled,sep_nmpc_adapted,formal_acados,0.22511481375319514,0,0.38894613566375119,-0.11549649819517897,-0.036416362182908418,-0.14289058031239407,0.18452485316570308,1.4142135651874543e-10,-0.037458659287203142,1.0112238756070808,1.0112238756070808,false,false,5.998373,0,0,false,0,0.091054588027244282,0,130.17796150781871,130.17796150781871,0,-0.1005467086800792,0,0,-0.1005467086800792,0,0,-0.048104128083017651,-0.0035432029292123295,-0.00318290735016151,-0.0024726911180472265,-0.0031846524930411514,0.10012515142312226,0.01031832180046955,0.0081781167760117731,0.007706551844990325,0.011728268639107328,0,-0.060659964562582526
1.9299999999999999,approach_stop,40,40,0.20000000000000001,0.0050000000000000001,0.32274824624999993,0.73948949999999991,0.29295000000000032,0,3.2000000000000002,0,0.1178791376725488,0.45618908756104365,0,3.203123681920097,0,0.0046274003989858412,free_flight_controlled,sep_nmpc_adapted,formal_acados,0.22525982784658441,0,0.38884711829630547,-0.1176193098259644,-0.03722193530315427,-0.14289058031239407,0.18452485316570308,1.4142135651874543e-10,-0.037458659287203142,1.0112238756070808,1.0112238756070808,false,false,5.998373,0,0,false,0,0.091253759268803136,0,130.18576742386676,130.18576742386676,0,-0.086896247698567242,0,0,-0.086896247698567242,0,0,-0.047593630245516584,-0.0034912896511715098,-0.0031424174988886134,-0.0024337048249046204,-0.0031254799027065636,0.10406828595591415,0.010446124561377751,0.0080206202591953518,0.0078850411137980653,0.011936618362550814,0,-0.062139434261556652
1.9350000000000001,approach_stop,40,40,0.20000000000000001,0.0050000000000000001,0.32644927476562507,0.74090568749999997,0.27348749999999961,0,3.2000000000000002,0,0.12017320325867625,0.46143702215290522,0,3.2031463461659659,0,0.0044378342557788103,free_flight_controlled,sep_nmpc_adapted,formal_acados,0.22541266390293266,0,0.38874728922434276,-0.1197605393557436,-0.038035710197443375,-0.14289058031239407,0.18452485316570308,1.4142135651874543e-10,-0.037458659287203142,1.0112238756070808,1.0112238756070808,false,false,5.998373,0,0,false,0,0.091441075519360066,0,130.19360452907264,130.19360452907264,0,-0.07370886816385086,0,0,-0.07370886816385086,0,0,-0.047063783594422127,-0.003438622754309212,-0.0031026978253824635,-0.0023938676522767769,-0.0030653280376496659,0.10786468523323849,0.010618472202366365,0.0078721639811194528,0.0080456204801797378,0.012120227895156941,0,-0.06363656515904545
1.9399999999999999,approach_stop,40,40,0.20000000000000001,0.0050000000000000001,0.33015713999999996,0.74222399999999999,0.25380000000000041,0,3.2000000000000002,0,0.1224935068420909,0.46668414112506623,0,3.2031680625441128,0,0.0042482657096730358,free_flight_controlled,sep_nmpc_adapted,formal_acados,0.22557353886800774,0,0.38864674442665059,-0.12191996797408317,-0.038857558515526788,-0.14289058031239407,0.18452485316570308,1.4142135651874543e-10,-0.037458659287203142,1.0112238756070808,1.0112238756070808,false,false,5.998373,0,0,false,0,0.091616996583160845,0,130.20147001731473,130.20147001731473,0,-0.06098003975613292,0,0,-0.06098003975613292,0,0,-0.046515311889442558,-0.0033850033888778476,-0.0030636714406653072,-0.0023532872824586506,-0.003004317268907505,0.11151835305458804,0.010825864040778579,0.0077451432597676617,0.0081813330483247997,0.012280332668813764,0,-0.065151134933799384
1.9450000000000001,approach_stop,40,40,0.20000000000000001,0.0050000000000000001,0.33387134976562505,0.74344331250000006,0.23388749999999964,0,3.2000000000000002,0,0.12484004218765807,0.47192958725887829,0,3.2031888312786849,0,0.0040587893296099367,free_flight_controlled,sep_nmpc_adapted,formal_acados,0.22574267208343066,0,0.38854558014246648,-0.12409737010422742,-0.039687350133016747,-0.14289058031239407,0.18452485316570308,1.4142135651874543e-10,-0.037458659287203142,1.0112238756070808,1.0112238756070808,false,false,5.998373,0,0,false,0,0.091781973932907823,0,130.20936097606548,130.20936097606548,0,-0.048705083742476701,0,0,-0.048705083742476701,0,0,-0.045948918518243308,-0.0033302790945203748,-0.0030252040741263505,-0.0023121015214589277,-0.0029425632904307845,0.1150334133341034,0.011059307821339055,0.0076500436288385373,0.0082871245207191881,0.012417559737568775,0,-0.066682919653540493
1.95,approach_stop,40,40,0.20000000000000001,0.0050000000000000001,0.33759140624999995,0.74456250000000013,0.2137500000000005,0,3.2000000000000002,0,0.12721279885701978,0.47717253633888901,0,3.203208653065083,0,0.0038694990406685564,free_flight_controlled,sep_nmpc_adapted,formal_acados,0.22592028524037094,0,0.38844389280588887,-0.12629251361664884,-0.040524953236749719,-0.16018146406960893,0.17168335142342941,1.4142135655521947e-10,-0.031459550840631942,0.86230193709536573,0.86230193709536573,false,false,5.7622260000000001,0,0,false,0,0.091936450700503047,0,130.03625612066585,130.03625612066585,0,-0.27012689376992927,0,0,-0.27012689376992927,0,0,-0.045365286191327056,-0.0032743404038519598,-0.0029871145580148001,-0.0022704683300509656,-0.0028801802378400332,0.11841399676080488,0.011310643533483461,0.0075950948817206541,0.0083600020751551877,0.01253190656484289,0,-0.068231694330266421
1.9550000000000001,approach_stop,40,40,0.20000000000000001,0.0050000000000000001,0.34131680601562503,0.74558043750000003,0.19338749999999971,0,3.2000000000000002,0,0.12961173988672117,0.48240313074970981,0,3.2032273675985805,0,0.0036158849580591322,free_flight_controlled,sep_nmpc_adapted,formal_acados,0.22610659535755176,0,0.38834158650295159,-0.12850514452916942,-0.041370507487928983,-0.16018146406960893,0.17168335142342941,1.4142135655521947e-10,-0.031459550840631942,0.86230193709536573,0.86230193709536573,false,false,5.7622260000000001,0,0,false,0,0.092077863669726645,0,130.0468965486518,130.0468965486518,0,-0.25037251972013758,0,0,-0.25037251972013758,0,0,-0.044760301540801663,-0.0032193292162590128,-0.0029486572029043707,-0.0022286744132163369,-0.0028172648936006729,0.12356723813638247,0.01070505728913324,0.0077820228171209919,0.0083583206567737784,0.012628560985056686,0,-0.069795750147817123
1.96,approach_stop,40,40,0.20000000000000001,0.0050000000000000001,0.34504704000000003,0.74649600000000005,0.17279999999999973,0,3.2000000000000002,0,0.13203682302828523,0.48762918357090229,0,3.2032448169807148,0,0.0033634563382222891,free_flight_controlled,sep_nmpc_adapted,formal_acados,0.22630182159587708,0,0.38823857059333622,-0.13073500143240815,-0.042224140139762265,-0.16018146406960893,0.17168335142342941,1.4142135655521947e-10,-0.031459550840631942,0.86230193709536573,0.86230193709536573,false,false,5.7622260000000001,0,0,false,0,0.09220375316205616,0,130.05755482662349,130.05755482662349,0,-0.23127511883643231,0,0,-0.23127511883643231,0,0,-0.044130154104839135,-0.0031669741349170336,-0.0029094073362026449,-0.0021868651215801653,-0.0027539532046303812,0.12847786467961447,0.010249847581450216,0.0079116058354279928,0.0083659524920828652,0.012690570705217024,0,-0.071375740064816742
1.9650000000000001,approach_stop,40,40,0.20000000000000001,0.0050000000000000001,0.34878159351562504,0.74730806249999993,0.15198749999999978,0,3.2000000000000002,0,0.13448802264978349,0.4928495346750888,0,3.2032610074587105,0,0.0031123413082542188,free_flight_controlled,sep_nmpc_adapted,formal_acados,0.22650619232466651,0,0.38813495090045047,-0.13298183032511698,-0.04308569300758,-0.16018146406960893,0.17168335142342941,1.4142135655521947e-10,-0.031459550840631942,0.86230193709536573,0.86230193709536573,false,false,5.7622260000000001,0,0,false,0,0.092314757494178598,0,130.06822515322023,130.06822515322023,0,-0.21282739153481056,0,0,-0.21282739153481056,0,0,-0.043476059935517265,-0.0031165102944383915,-0.0028696526699951725,-0.0021449994208235738,-0.0026904157346668502,0.13314510603885155,0.009949183894646588,0.0079843581621477089,0.0083802876860681313,0.012719127885848232,0,-0.072971347461059294
1.97,approach_stop,40,40,0.20000000000000001,0.0050000000000000001,0.35251994624999994,0.74801549999999983,0.13094999999999979,0,3.2000000000000002,0,0.13696530745776886,0.49806307926901572,0,3.2032759459147213,0,0.0028626655250508959,free_flight_controlled,sep_nmpc_adapted,formal_acados,0.22671993810984714,0,0.38803083260777538,-0.13524536934792172,-0.043955006081647971,-0.16018146406960893,0.17168335142342941,1.4142135655521947e-10,-0.031459550840631942,0.86230193709536573,0.86230193709536573,false,false,5.7622260000000001,0,0,false,0,0.092411502637382098,0,130.07890168703463,130.07890168703463,0,-0.19502170523962342,0,0,-0.19502170523962342,0,0,-0.042799232931868159,-0.0030671667491943728,-0.0028296654511418551,-0.002103054725032142,-0.002626815381001563,0.13757056082104066,0.0098014370862853813,0.00800580084484806,0.0083966701296086591,0.012716062926667528,0,-0.074582251165209779
1.9750000000000001,approach_stop,40,40,0.20000000000000001,0.0050000000000000001,0.35626157226562505,0.74861718749999995,0.10968749999999984,0,3.2000000000000002,0,0.13946864077012375,0.50326876641054141,0,3.2032896398526183,0,0.0026145519963777343,free_flight_controlled,sep_nmpc_adapted,formal_acados,0.22694329166930408,0,0.38792632004478123,-0.13752534910081968,-0.044831917656267387,-0.16018146406960893,0.17168335142342941,1.4142135655521947e-10,-0.031459550840631942,0.86230193709536573,0.86230193709536573,false,false,5.7622260000000001,0,0,false,0,0.092494602128387698,0,130.08957856830375,130.08957856830375,0,-0.17785012348944007,0,0,-0.17785012348944007,0,0,-0.04210087354740482,-0.0030181936992074387,-0.0027896798299065907,-0.0020610353672749085,-0.0025633048534500591,0.14175796598501345,0.0097999125585853195,0.0079854752675826944,0.0084091117601803357,0.012683575163918253,0,-0.076208126032438248
1.98,approach_stop,40,40,0.20000000000000001,0.0050000000000000001,0.36000593999999997,0.749112,0.088199999999999862,0,3.2000000000000002,0,0.14199798078115575,0.50846559731445784,0,3.2033020973843604,0,0.0023681209307395801,free_flight_controlled,sep_nmpc_adapted,formal_acados,0.22717648782553179,0,0.38782151651303987,-0.13982149295562396,-0.045716264455287245,-0.16018146406960893,0.17168335142342941,1.4142135655521947e-10,-0.031459550840631942,0.86230193709536573,0.86230193709536573,false,false,5.7622260000000001,0,0,false,0,0.092564656999984216,0,130.10024993845678,130.10024993845678,0,-0.16130443733276834,0,0,-0.16130443733276834,0,0,-0.041382158779455579,-0.0029688857071889351,-0.0027498744734825971,-0.0020189773973494588,-0.0025000254997223216,0.14571291787704091,0.0099337105170020749,0.0079358451996252265,0.0084110377166945749,0.012623967255948486,0,-0.077848643668380513
1.9850000000000001,approach_stop,40,40,0.20000000000000001,0.0050000000000000001,0.36375251226562511,0.74949881250000006,0.066487499999999908,0,3.2000000000000002,0,0.14455328081782429,0.51365262350937457,0,3.2033133272156968,0,0.0021234896218036738,free_flight_controlled,sep_nmpc_adapted,formal_acados,0.22741976345566078,0,0.38771652414895097,-0.14213351736216351,-0.046607881753249841,-0.16018146406960893,0.17168335142342941,1.4142135655521947e-10,-0.031459550840631942,0.86230193709536573,0.86230193709536573,false,false,5.7622260000000001,0,0,false,0,0.09262225573529595,0,130.1109099572958,130.1109099572958,0,-0.14537619790471168,0,0,-0.14537619790471168,0,0,-0.040644233635396938,-0.0029186004203210049,-0.0027103607840613612,-0.0019769496926991745,-0.0024371074067415779,0.14944256343599052,0.010188654321132955,0.0078711653043334953,0.0083960073414460247,0.012539403503185435,0,-0.07950347326634162
1.99,approach_stop,40,40,0.20000000000000001,0.0050000000000000001,0.36750074625000007,0.74977650000000007,0.04454999999999993,0,3.2000000000000002,0,0.14713448958650308,0.51882894490440135,0,3.2033233386313822,0,0.0018807723689690894,free_flight_controlled,sep_nmpc_adapted,formal_acados,0.22767335743935263,0,0.38761144381663193,-0.14446113214715045,-0.047506603491703735,-0.16018146406960893,0.17168335142342941,1.4142135655521947e-10,-0.031459550840631942,0.86230193709536573,0.86230193709536573,false,false,5.7622260000000001,0,0,false,0,0.09266797424589919,0,130.12155281775523,130.12155281775523,0,-0.13005674914617463,0,0,-0.13005674914617463,0,0,-0.039888204181226246,-0.0028667725938585588,-0.002671176711572867,-0.0019350516245544348,-0.0023746706153268448,0.15295527876913559,0.010548232951818922,0.0078063854387128585,0.0083583640396267481,0.012431708574808353,0,-0.081172282523677794
1.9950000000000001,approach_stop,40,40,0.20000000000000001,0.0050000000000000001,0.3712500935156251,0.74994393749999999,0.022387499999999082,0,3.2000000000000002,0,0.14974155140996176,0.52399370781864496,0,3.2033321414800815,0,0.0016400804319313179,free_flight_controlled,sep_nmpc_adapted,formal_acados,0.22793751060511591,0,0.38750637502264706,-0.14680404080484585,-0.048412262390319413,-0.16018146406960893,0.17168335142342941,1.4142135655521947e-10,-0.031459550840631942,0.86230193709536573,0.86230193709536573,false,false,5.7622260000000001,0,0,false,0,0.09270237587331176,0,130.13217275836095,130.13217275836095,0,-0.11533725977462447,0,0,-0.11533725977462447,0,0,-0.039115132196691285,-0.002812923466300671,-0.0026322858320977811,-0.0018934077320742434,-0.0023128272141217268,0.15626035029102417,0.010994510802856391,0.0077561486847220907,0.0082937769391623947,0.012302218706106123,0,-0.082854738604415834
2,approach_stop,40,40,0.20000000000000001,0.0050000000000000001,0.375,0.75,0,0,3.2000000000000002,0,0.15237440645449957,0.52914610301926424,0,3.203339746159124,0,0.0014015220143875373,free_flight_controlled,sep_nmpc_adapted,formal_acados,0.22821246567561948,0,0.38740141584331567,-0.14916194077888009,-0.049324690052543342,-0.17599473631587245,0.1465960726397289,1.414213566943962e-10,-0.022513573261094048,0.68365708568427086,0.68365708568427086,false,false,5.7630030000000003,0,0,false,0,0.092726011412805259,0,129.92375730478446,129.92375730478446,0,-0.38156444629967312,0,0,-0.38156444629967312,0,0,-0.038326031391278562,-0.0027566657487010766,-0.0025935811056011881,-0.0018521600153628807,-0.0022516840300328862,0.15936767113799261,0.011508966644259513,0.007733927903356942,0.0081996482768831435,0.012151692728765158,0,-0.084550509117824607
2.0049999999999999,approach_stop,40,40,0.20000000000000001,0.0050000000000000001,0.37874999999999992,0.75,0,0,3.2000000000000002,0,0.15503296411837747,0.53427454813580844,0,3.2033459666098154,0,0.0010863781577844787,free_flight_controlled,sep_nmpc_adapted,formal_acados,0.22849845672870367,0,0.38729643419354953,-0.15153450738967381,-0.050244046442414599,-0.17599473631587245,0.1465960726397289,1.414213566943962e-10,-0.022513573261094048,0.68365708568427086,0.68365708568427086,false,false,5.7630030000000003,0,0,false,0,0.092735814178434697,0,129.93794097175581,129.93794097175581,0,-0.35793639239828795,0,0,-0.35793639239828795,0,0,-0.037516122847441137,-0.0027003634500491714,-0.0025542583960245762,-0.001811600396610017,-0.0021913216650564366,0.16457577436213025,0.011030776124956052,0.0079859798915252241,0.0080268738647967554,0.011987743478951093,0,-0.086257274346097881
2.0100000000000002,approach_stop,40,40,0.20000000000000001,0.0050000000000000001,0.38250000000000017,0.75,0,0,3.2000000000000002,0,0.15771712845525448,0.53938856694087212,0,3.2033506198501236,0,0.00077466188951760329,free_flight_controlled,sep_nmpc_adapted,formal_acados,0.22879571956703831,0,0.38719130343910246,-0.15392140888821618,-0.051170477529317963,-0.17599473631587245,0.1465960726397289,1.414213566943962e-10,-0.022513573261094048,0.68365708568427086,0.68365708568427086,false,false,5.7630030000000003,0,0,false,0,0.092728839705522856,0,129.95209934547043,129.95209934547043,0,-0.33514376013874936,0,0,-0.33514376013874936,0,0,-0.036680964322014641,-0.0026459351205068878,-0.0025138739957964906,-0.0017718496399854225,-0.0021318632294114511,0.16946704392017639,0.010759621284152133,0.0081588997993469661,0.0078758844137675078,0.011790427116588849,0,-0.087975821770493443
2.0150000000000001,approach_stop,40,40,0.20000000000000001,0.0050000000000000001,0.38625000000000009,0.75,0,0,3.2000000000000002,0,0.16042682429469698,0.5444869555218691,0,3.2033537233982559,0,0.00046652541022088734,free_flight_controlled,sep_nmpc_adapted,formal_acados,0.22910450230046919,0,0.38708612927196911,-0.1563223219942278,-0.052103785943943007,-0.17599473631587245,0.1465960726397289,1.414213566943962e-10,-0.022513573261094048,0.68365708568427086,0.68365708568427086,false,false,5.7630030000000003,0,0,false,0,0.09270586655091323,0,129.96622216998227,129.96622216998227,0,-0.31317471076125369,0,0,-0.31317471076125369,0,0,-0.035822129424763094,-0.0025923564981752863,-0.0024728112985787881,-0.0017328052046136173,-0.0020734700560112716,0.17404621128906833,0.01068991215637323,0.0082586753685286139,0.0077436504383629375,0.011562094492942493,0,-0.089705710148932138
2.02,approach_stop,40,40,0.20000000000000001,0.0050000000000000001,0.39000000000000001,0.75,0,0,3.2000000000000002,0,0.16316197061705326,0.54956857760824673,0,3.203355295520574,0,0.00016211547152543681,free_flight_controlled,sep_nmpc_adapted,formal_acados,0.22942505475790148,0,0.38698101506205479,-0.15873691585915178,-0.05304377301957356,-0.17599473631587245,0.1465960726397289,1.414213566943962e-10,-0.022513573261094048,0.68365708568427086,0.68365708568427086,false,false,5.7630030000000003,0,0,false,0,0.092667656134837018,0,129.98029935382175,129.98029935382175,0,-0.29201707475265914,0,0,-0.29201707475265914,0,0,-0.034941161047698566,-0.0025386485513370564,-0.0024314087585070869,-0.0016943860351944162,-0.0020162897679984271,0.1783207674529847,0.010809342025033962,0.0082970532445844677,0.0076247674269320333,0.011305820506180878,0,-0.091446495992295221
2.0249999999999999,approach_stop,40,40,0.20000000000000001,0.0050000000000000001,0.39374999999999993,0.75,0,0,3.2000000000000002,0,0.16592248088516531,0.55463236202335664,0,3.2033553552032865,0,-0.00013842676557060976,free_flight_controlled,sep_nmpc_adapted,formal_acados,0.22975762843623818,0,0.38687606164861343,-0.16116485244892714,-0.053990238937122174,-0.17599473631587245,0.1465960726397289,1.414213566943962e-10,-0.022513573261094048,0.68365708568427086,0.68365708568427086,false,false,5.7630030000000003,0,0,false,0,0.092614952711754933,0,129.99432099333544,129.99432099333544,0,-0.27165839630201216,0,0,-0.27165839630201216,0,0,-0.034039558589137403,-0.0024839080083194119,-0.0023899348257724021,-0.0016565420001364887,-0.0019604535294907581,0.18230054592236902,0.011100130581670378,0.008290028620177357,0.007512434918972897,0.011025056878995075,0,-0.09319773467302557
2.0300000000000002,approach_stop,40,40,0.20000000000000001,0.0050000000000000001,0.39750000000000019,0.75,0,0,3.2000000000000002,0,0.16870826336309142,0.5596772999639289,0,3.2033539221242728,0,-0.00043496581118578997,free_flight_controlled,sep_nmpc_adapted,formal_acados,0.23010247644773785,0,0.38677136718526844,-0.16360578691535357,-0.054942982863650874,-0.17599473631587245,0.1465960726397289,1.414213566943962e-10,-0.022513573261094048,0.68365708568427086,0.68365708568427086,false,false,5.7630030000000003,0,0,false,0,0.092548483370361936,0,130.00827739188725,130.00827739188725,0,-0.25208597876114458,0,0,-0.25208597876114458,0,0,-0.03311876736532194,-0.0024273314161314314,-0.0023485706197981971,-0.001619258431912438,-0.001906074992436846,0.18599726896027624,0.011540355803234204,0.0082562779932948797,0.0073994245021644801,0.010723305278864463,0,-0.094958981693397074
2.0350000000000001,approach_stop,40,40,0.20000000000000001,0.0050000000000000001,0.40125000000000011,0.75,0,0,3.2000000000000002,0,0.17151922142097173,0.56470244219129495,0,3.2033510166246595,0,-0.00072737186366110919,free_flight_controlled,sep_nmpc_adapted,formal_acados,0.23045985346588896,0,0.38666702703180839,-0.16605936795508278,-0.055901803083715951,-0.17599473631587245,0.1465960726397289,1.414213566943962e-10,-0.022513573261094048,0.68365708568427086,0.68365708568427086,false,false,5.7630030000000003,0,0,false,0,0.092468958065961976,0,130.02215907488485,130.02215907488485,0,-0.23328692970127116,0,0,-0.23328692970127116,0,0,-0.032180170331381153,-0.0023682324792791169,-0.0023074003737156793,-0.0015825559959977403,-0.0018532507770683444,0.18942408148267034,0.012105298007092377,0.0082156330311666526,0.0072789703493646146,0.010403834205722927,0,-0.096729794058104668
2.04,approach_stop,40,40,0.20000000000000001,0.0050000000000000001,0.40500000000000003,0.75,0,0,3.2000000000000002,0,0.17435525382578837,0.5697068962096502,0,3.2033466596804678,0,-0.001015520768921443,free_flight_controlled,sep_nmpc_adapted,formal_acados,0.23083001567037453,0,0.38656313368305084,-0.16852523815541384,-0.056866497123233231,-0.17599473631587245,0.1465960726397289,1.414213566943962e-10,-0.022513573261094048,0.68365708568427086,0.68365708568427086,false,false,5.7630030000000003,0,0,false,0,0.092377069684129814,0,130.03595680093571,130.03595680093571,0,-0.21524820432030442,0,0,-0.21524820432030442,0,0,-0.031225082117975568,-0.0023060527886642392,-0.0022664092313510521,-0.0015464864146000183,-0.0018020622203999775,0.19259509419838475,0.012768729660544455,0.0081876779888651,0.0071455291008504646,0.010069457318523541,0,-0.098509731697584688
2.0449999999999999,approach_stop,40,40,0.20000000000000001,0.0050000000000000001,0.40874999999999995,0.75,0,0,3.2000000000000002,0,0.17721625501812066,0.57468982349559983,0,3.2033408728745769,0,-0.0012992939332974634,free_flight_controlled,sep_nmpc_adapted,formal_acados,0.23121322069173555,0,0.38645977672344989,-0.17100303432638511,-0.057836861865697732,-0.17599473631587245,0.1465960726397289,1.414213566943962e-10,-0.022513573261094048,0.68365708568427086,0.68365708568427086,false,false,5.7630030000000003,0,0,false,0,0.092273494133780692,0,130.04966156970002,130.04966156970002,0,-0.19795664620068898,0,0,-0.19795664620068898,0,0,-0.030254745290880271,-0.0022403663526639403,-0.0022254876102944694,-0.0015111248008010392,-0.0017525780543478423,0.19552495397035305,0.013504096762372755,0.0081905349747829707,0.0069953706956335446,0.0097223846393672333,0,-0.10029835889299199
2.0499999999999998,approach_stop,40,40,0.20000000000000001,0.0050000000000000001,0.41249999999999987,0.75,0,0,3.2000000000000002,0,0.18010211537528698,0.57965043683094153,0,3.2033336783692099,0,-0.001578578203787623,free_flight_controlled,sep_nmpc_adapted,formal_acados,0.23160972755631548,0,0.38635704279560379,-0.1734923878189715,-0.05881269366072351,-0.18976007216360335,0.087924180327975471,1.4142135772794429e-10,-0.0091353978104799609,0.7087492118819102,0.7087492118819102,false,false,5.7359080000000002,0,0,false,0,0.092158890467163718,0,130.09383830946766,130.09383830946766,0,-0.14201980685375667,0,0,-0.14201980685375667,0,0,-0.029270328660681882,-0.0021708785802195107,-0.0021844410713661149,-0.0014765595124082826,-0.0017048576335935623,0.19822845540600942,0.014285550998479973,0.008239881981035849,0.0068269770799750185,0.0093641518015365622,0,-0.10209524566013464
2.0550000000000002,approach_stop,40,40,0.20000000000000001,0.0050000000000000001,0.41625000000000012,0.75,0,0,3.2000000000000002,0,0.18301272511121486,0.5845894692294763,0,3.203325126661051,0,-0.001842147783297035,free_flight_controlled,sep_nmpc_adapted,formal_acados,0.23201979838178932,0,0.38625504675719102,-0.17599292672942554,-0.059793741954835042,-0.18976007216360335,0.087924180327975471,1.4142135772794429e-10,-0.0091353978104799609,0.7087492118819102,0.7087492118819102,false,false,5.7359080000000002,0,0,false,0,0.092034407654712783,0,130.10677400349479,130.10677400349479,0,-0.12760016589482259,0,0,-0.12760016589482259,0,0,-0.028273734481137448,-0.002097047150348863,-0.0021430932844918099,-0.0014428606499894026,-0.0016589578375327736,0.20039858017851819,0.015235200823863366,0.0083153682992760086,0.0066480302705636124,0.0089945185562470501,0,-0.10390026396917265
2.0600000000000001,approach_stop,40,40,0.20000000000000001,0.0050000000000000001,0.42000000000000004,0.75,0,0,3.2000000000000002,0,0.18594797108344582,0.58950483408601595,0,3.2033152683813069,0,-0.0021011860700473643,free_flight_controlled,sep_nmpc_adapted,formal_acados,0.23244369656882333,0,0.38615389938647926,-0.1785042745146225,-0.060779757691739142,-0.18976007216360335,0.087924180327975471,1.4142135772794429e-10,-0.0091353978104799609,0.7087492118819102,0.7087492118819102,false,false,5.7359080000000002,0,0,false,0,0.091901159188261444,0,130.11959029930941,130.11959029930941,0,-0.11385094102445034,0,0,-0.11385094102445034,0,0,-0.027266738507437716,-0.0020185211063762725,-0.0021011563366340764,-0.0014101114821230176,-0.001614926841746786,0.20239071101334222,0.016160023281405596,0.0084767157019959519,0.0064479704539638742,0.008616569835002124,0,-0.1057128485285522
2.0649999999999999,approach_stop,40,40,0.20000000000000001,0.0050000000000000001,0.42374999999999996,0.75,0,0,3.2000000000000002,0,0.18890773350068898,0.59439595647969179,0,3.2033041264113273,0,-0.002355603350830507,free_flight_controlled,sep_nmpc_adapted,formal_acados,0.23288168498245199,0,0.38605367642740496,-0.181026048518237,-0.061770539879601905,-0.18976007216360335,0.087924180327975471,1.4142135772794429e-10,-0.0091353978104799609,0.7087492118819102,0.7087492118819102,false,false,5.7359080000000002,0,0,false,0,0.091759717228187834,0,130.1322799592981,130.1322799592981,0,-0.10075922597651343,0,0,-0.10075922597651343,0,0,-0.026250194707016436,-0.0019354784670097809,-0.0020581859290299221,-0.0013784025606324705,-0.0015728075659209504,0.20421906163546938,0.017039142628665738,0.0087290645212711442,0.0062332662618583686,0.0082296769261897031,0,-0.10753261087581022
2.0699999999999998,approach_stop,40,40,0.20000000000000001,0.0050000000000000001,0.42749999999999988,0.75,0,0,3.2000000000000002,0,0.19189188979278474,0.59926229949641563,0,3.2032917240700227,0,-0.0026053142587407442,free_flight_controlled,sep_nmpc_adapted,formal_acados,0.23333402767034689,0,0.38595445058094302,-0.18355786212243785,-0.062765887431234194,-0.18976007216360335,0.087924180327975471,1.4142135772794429e-10,-0.0091353978104799609,0.7087492118819102,0.7087492118819102,false,false,5.7359080000000002,0,0,false,0,0.09161063845096834,0,130.14483597350596,130.14483597350596,0,-0.088312189599666496,0,0,-0.088312189599666496,0,0,-0.025224889146941841,-0.0018481912516573301,-0.0020137247070178971,-0.0013477855779238182,-0.0015326472277788043,0.20589656169863024,0.017855847004861675,0.0090725535758979688,0.0060128993725020912,0.0078327953473867097,0,-0.1093591737250646
2.0750000000000002,approach_stop,40,40,0.20000000000000001,0.0050000000000000001,0.43125000000000013,0.75,0,0,3.2000000000000002,0,0.19490031479654102,0.60410336257806041,0,3.2032780850925522,0,-0.0028502376593270012,free_flight_controlled,sep_nmpc_adapted,formal_acados,0.23380098981530764,0,0.38585629141609551,-0.18609932498123338,-0.063765599227950984,-0.18976007216360335,0.087924180327975471,1.4142135772794429e-10,-0.0091353978104799609,0.7087492118819102,0.7087492118819102,false,false,5.7359080000000002,0,0,false,0,0.091454464277390721,0,130.15725155939896,130.15725155939896,0,-0.076497089406492302,0,0,-0.076497089406492302,0,0,-0.024191546608859842,-0.0017570046381961721,-0.0019673262221254779,-0.0013182623103909004,-0.0014944987059032598,0.20743478975602236,0.018597565246674594,0.0095027753011586325,0.0057977413318689901,0.0074247556708293225,0,-0.11119217173031697
2.0800000000000001,approach_stop,40,40,0.20000000000000001,0.0050000000000000001,0.43500000000000005,0.75,0,0,3.2000000000000002,0,0.19793288093384429,0.60891868008921357,0,3.2032632336093951,0,-0.0030902965603979904,free_flight_controlled,sep_nmpc_adapted,formal_acados,0.23428283769017236,0,0.38575926524514015,-0.18865004324367193,-0.064769474177834852,-0.18976007216360335,0.087924180327975471,1.4142135772794429e-10,-0.0091353978104799609,0.7087492118819102,0.7087492118819102,false,false,5.7359080000000002,0,0,false,0,0.09129172110696325,0,130.1695201620922,130.1695201620922,0,-0.065301281183166915,0,0,-0.065301281183166915,0,0,-0.023150837385127621,-0.0016623166904886704,-0.0019185761143662476,-0.0012897769302284837,-0.0014584204009576648,0.20884396609600314,0.019255668482131994,0.010011422437008644,0.005599838064060841,0.0070045696118048789,0,-0.11303125208327089
2.085,approach_stop,40,40,0.20000000000000001,0.0050000000000000001,0.43874999999999997,0.75,0,0,3.2000000000000002,0,0.20098945838309279,0.61370782007428637,0,3.2032471941258276,0,-0.0033254180407390659,free_flight_controlled,sep_nmpc_adapted,formal_acados,0.23477983861515841,0,0.38566343496662275,-0.19120961976793438,-0.065777311269070118,-0.18976007216360335,0.087924180327975471,1.4142135772794429e-10,-0.0091353978104799609,0.7087492118819102,0.7087492118819102,false,false,5.7359080000000002,0,0,false,0,0.091122920555404108,0,130.18163545487329,130.18163545487329,0,-0.054712225316442847,0,0,-0.054712225316442847,0,0,-0.022103383983495019,-0.0015645594349897797,-0.0018671097097325729,-0.0012622120174570952,-0.001424474573936972,0.21013299462490806,0.019825135549140012,0.01058706502285215,0.0054316537405670381,0.006571729630967818,0,-0.11487607496382404
2.0899999999999999,approach_stop,40,40,0.20000000000000001,0.0050000000000000001,0.44249999999999989,0.75,0,0,3.2000000000000002,0,0.20406991524482876,0.61847038317522984,0,3.2032299915017139,0,-0.0035555331929752933,free_flight_controlled,sep_nmpc_adapted,formal_acados,0.23529226091750827,0,0.38556885988264056,-0.1937776543273205,-0.066788909619001982,-0.18976007216360335,0.087924180327975471,1.4142135772794429e-10,-0.0091353978104799609,0.7087492118819102,0.7087492118819102,false,false,5.7359080000000002,0,0,false,0,0.090948559693068656,0,130.19359133985182,130.19359133985182,0,-0.04471749050668708,0,0,-0.04471749050668708,0,0,-0.021049767523294322,-0.0014641818676274527,-0.0018126255331266017,-0.0012353883514794907,-0.0013927242444332778,0.21130954250001904,0.020304122033127224,0.011215997453246881,0.0053053228660397854,0.0061264822422361391,0,-0.11672631386511047
2.0950000000000002,approach_stop,40,40,0.20000000000000001,0.0050000000000000001,0.44625000000000015,0.75,0,0,3.2000000000000002,0,0.20717411770229824,0.62320600167964713,0,3.2032116509315602,0,-0.0037805770765365122,free_flight_controlled,sep_nmpc_adapted,formal_acados,0.23582037389327631,0,0.38547559549962518,-0.19635374380902193,-0.067804068519572061,-0.18976007216360335,0.087924180327975471,1.4142135772794429e-10,-0.0091353978104799609,0.7087492118819102,0.7087492118819102,false,false,5.7359080000000002,0,0,false,0,0.090769121282662207,0,130.20538194859154,130.20538194859154,0,-0.035304755504340812,0,0,-0.035304755504340812,0,0,-0.019990533662296046,-0.001361635276265655,-0.0017548945286507155,-0.0012090683295909118,-0.0013632288239974356,0.21238014643745554,0.02069347112332677,0.011883099664156141,0.0052319541118792286,0.0056700581367705449,0,-0.11858165581663398
2.1000000000000001,approach_stop,40,40,0.20000000000000001,0.0050000000000000001,0.45000000000000007,0.75,0,0,3.2000000000000002,0,0.21030193017751647,0.62791433867036184,0,3.2031921979247802,0,-0.0040004886776676381,free_flight_controlled,sep_nmpc_adapted,formal_acados,0.23636444777107754,0,0.38538369332377687,-0.19893748240643894,-0.068822587479769021,-0.20019787638091022,0.039650750458830597,3.8617493462041513e-07,-0.0018523316163986437,0.72715812261013402,0.72715812261013402,false,false,5.7355520000000002,0,0,false,0,0.090585074015042635,0,130.23905012047169,130.23905012047169,0,0.002395422534504088,0,0,0.002395422534504088,0,0,-0.018926197946989371,-0.0012573610810878298,-0.0016937650424601102,-0.0011829626596320635,-0.0013360387352932882,0.21335033541371759,0.02099620100252677,0.012572663439142989,0.0052210221946687929,0.005204845861598412,0,-0.1204418015289387
2.105,approach_stop,40,40,0.20000000000000001,0.0050000000000000001,0.45374999999999999,0.75,0,0,3.2000000000000002,0,0.21345321802801981,0.63259611359085255,0,3.2031716785518793,0,-0.0042071004757868362,free_flight_controlled,sep_nmpc_adapted,formal_acados,0.23692475514025316,0,0.38529322253737663,-0.20152846288776666,-0.069844232046538474,-0.20019787638091022,0.039650750458830597,3.8617493462041513e-07,-0.0018523316163986437,0.72715812261013402,0.72715812261013402,false,false,5.7355520000000002,0,0,false,0,0.090397244216319339,0,130.25007164334548,130.25007164334548,0,0.0096420285531940153,0,0,0.0096420285531940153,0,0,-0.017857842103505484,-0.0011515082011236061,-0.0016292285675834517,-0.0011567251846756113,-0.0013111919579279561,0.21398901362109909,0.021324045050444124,0.013245206299229699,0.0052848842402103422,0.0047336646437275264,0,-0.12230668439028013
2.1099999999999999,approach_stop,40,40,0.20000000000000001,0.0050000000000000001,0.45749999999999991,0.75,0,0,3.2000000000000002,0,0.21662784531061594,0.63725007885815488,0,3.2031501388571062,0,-0.0044085996027425495,free_flight_controlled,sep_nmpc_adapted,formal_acados,0.2375015694420359,0,0.38520424715079271,-0.20412627586858004,-0.07086876941101794,-0.20019787638091022,0.039650750458830597,3.8617493462041513e-07,-0.0018523316163986437,0.72715812261013402,0.72715812261013402,false,false,5.7355520000000002,0,0,false,0,0.090206430724891193,0,130.26091310372345,130.26091310372345,0,0.016370038155117506,0,0,0.016370038155117506,0,0,-0.016786486548946652,-0.0010442540479335296,-0.001561310186414382,-0.0011299963912843494,-0.001288700625685853,0.21455021372624447,0.021557851602049063,0.013923066253982446,0.0054182318091081233,0.0042635540022551311,0,-0.12417593696859133
2.1150000000000002,approach_stop,40,40,0.20000000000000001,0.0050000000000000001,0.46125000000000016,0.75,0,0,3.2000000000000002,0,0.21982567247809998,0.64187603907719493,0,3.2031276045145423,0,-0.004604942019351025,free_flight_controlled,sep_nmpc_adapted,formal_acados,0.23809516346612714,0,0.38511680420831079,-0.20673050901197285,-0.071896002673090431,-0.20019787638091022,0.039650750458830597,3.8617493462041513e-07,-0.0018523316163986437,0.72715812261013402,0.72715812261013402,false,false,5.7355520000000002,0,0,false,0,0.090013034080583462,0,130.27157005268523,130.27157005268523,0,0.022591071106480398,0,0,0.022591071106480398,0,0,-0.015712508739053752,-0.0009360555545777549,-0.0014900169394333035,-0.00110242080938789,-0.0012685451025868126,0.21503777686696321,0.021703160541012293,0.014592893493001561,0.0056239047635464013,0.0038004095827940186,0,-0.12604931415192464
2.1200000000000001,approach_stop,40,40,0.20000000000000001,0.0050000000000000001,0.46500000000000008,0.75,0,0,3.2000000000000002,0,0.22304655906849966,0.646473823644926,0,3.2031041014099211,0,-0.0047960870770941532,free_flight_controlled,sep_nmpc_adapted,formal_acados,0.23870581080392797,0,0.38503092620897905,-0.20934074826457169,-0.072925735358964794,-0.20019787638091022,0.039650750458830597,3.8617493462041513e-07,-0.0018523316163986437,0.72715812261013402,0.72715812261013402,false,false,5.7355520000000002,0,0,false,0,0.089817442165011557,0,130.28203824824436,130.28203824824436,0,0.028316610939167264,0,0,0.028316610939167264,0,0,-0.014636269046346441,-0.00082733862595759896,-0.0014154207404925578,-0.001073634539867845,-0.0012506735985770045,0.21545471705132263,0.021766772303049478,0.015242165155205047,0.0059024145534183363,0.0033511835334992333,0,-0.12792658536095389
2.125,approach_stop,40,40,0.20000000000000001,0.0050000000000000001,0.46875,0.75,0,0,3.2000000000000002,0,0.22629036382764578,0.65104328619408969,0,3.2030796556238044,0,-0.0049819975070818836,free_flight_controlled,sep_nmpc_adapted,formal_acados,0.23933378582037229,0,0.38494664106802984,-0.21195657800727349,-0.073957771449995643,-0.20019787638091022,0.039650750458830597,3.8617493462041513e-07,-0.0018523316163986437,0.72715812261013402,0.72715812261013402,false,false,5.7355520000000002,0,0,false,0,0.089620030436167092,0,130.29231365501184,130.29231365501184,0,0.033558008627307373,0,0,0.033558008627307373,0,0,-0.013558114568448668,-0.00071849286866584514,-0.0013376531797120428,-0.0010432771021023498,-0.00123499714168267,0.21580335130260891,0.021756341727126188,0.01585959236560372,0.006251881840606305,0.0029237733502857784,0,-0.12980753451727972
2.1299999999999999,approach_stop,40,40,0.20000000000000001,0.0050000000000000001,0.47249999999999992,0.75,0,0,3.2000000000000002,0,0.22955694482903116,0.65558430406975665,0,3.2030542934147053,0,-0.0051626394089713049,free_flight_controlled,sep_nmpc_adapted,formal_acados,0.23997936362746652,0,0.38486397213384527,-0.21457758120156464,-0.074991915411690896,-0.20019787638091022,0.039650750458830597,3.8617493462041513e-07,-0.0018523316163986437,0.72715812261013402,0.72715812261013402,false,false,5.7355520000000002,0,0,false,0,0.089421162158083781,0,130.30239244365924,130.30239244365924,0,0.038326486336357962,0,0,0.038326486336357962,0,0,-0.012478382300648233,-0.00060986824048201219,-0.0012568985637013146,-0.0010110033002847724,-0.0012213852405344719,0.21608542323136148,0.021680017743160633,0.016435417705568466,0.0066680903344047242,0.0025268579166974519,0,-0.13169195998556418
2.1350000000000002,approach_stop,40,40,0.20000000000000001,0.0050000000000000001,0.47625000000000017,0.75,0,0,3.2000000000000002,0,0.23284615959110827,0.6600967778260769,0,3.2030280412022818,0,-0.0053379822382585412,free_flight_controlled,sep_nmpc_adapted,formal_acados,0.24064282005962745,0,0.3847829382672916,-0.21720333953148083,-0.076027972223314172,-0.20019787638091022,0.039650750458830597,3.8617493462041513e-07,-0.0018523316163986437,0.72715812261013402,0.72715812261013402,false,false,5.7355520000000002,0,0,false,0,0.089221188625321218,0,130.31227099012537,130.31227099012537,0,0.042633141052816514,0,0,0.042633141052816514,0,0,-0.011397401713378439,-0.00050177337303606651,-0.0011733857437015219,-0.00097649454763811786,-0.00120966248383659,0.21630221710542524,0.02154613509649838,0.016961603118167645,0.0071446478549775797,0.0021696880934789866,0,-0.13357967449820354
2.1400000000000001,approach_stop,40,40,0.20000000000000001,0.0050000000000000001,0.48000000000000009,0.75,0,0,3.2000000000000002,0,0.23615786519209964,0.66458063073364004,0,3.2030009255505916,0,-0.0055079987909868854,free_flight_controlled,sep_nmpc_adapted,formal_acados,0.24132443165088818,0,0.38470355398819622,-0.21983343354121146,-0.077065747408394364,-0.20019787638091022,0.039650750458830597,3.8617493462041513e-07,-0.0018523316163986437,0.72715812261013402,0.72715812261013402,false,false,5.7355520000000002,0,0,false,0,0.089020449382461633,0,130.32194587453969,130.32194587453969,0,0.046488947957004118,0,0,0.046488947957004118,0,0,-0.01031549678705854,-0.00039447530044999169,-0.0010873792665543184,-0.00093946914530994568,-0.001199606281437064,0.21645466062384591,0.021362960294106715,0.017431914332441217,0.0076732407351653943,0.0018618411742089794,0,-0.13547050506843536
2.145,approach_stop,40,40,0.20000000000000001,0.0050000000000000001,0.48375000000000001,0.75,0,0,3.2000000000000002,0,0.23949191838235734,0.6690358082904635,0,3.2029729731514358,0,-0.0056726651855256559,free_flight_controlled,sep_nmpc_adapted,formal_acados,0.24202447561404214,0,0.38462582969146775,-0.2224674427683152,-0.078105047066384409,-0.20019787638091022,0.039650750458830597,3.8617493462041513e-07,-0.0018523316163986437,0.72715812261013402,0.72715812261013402,false,false,5.7355520000000002,0,0,false,0,0.088819272438893843,0,130.33141387986541,130.33141387986541,0,0.049904763451817602,0,0,0.049904763451817602,0,0,-0.0092329875631952281,-0.00028820032452511887,-0.00099917034029026576,-0.00089969109193884043,-0.0011909459014006957,0.21654341557266213,0.021138490603721156,0.017841912753126368,0.0082439639781501251,0.0016129498913606344,0,-0.13736429289515883
2.1499999999999999,approach_stop,40,40,0.20000000000000001,0.0050000000000000001,0.48749999999999993,0.75,0,0,3.2000000000000002,0,0.24284817569427566,0.67346227773181311,0,3.2029442108077952,0,-0.0058319608416309045,free_flight_controlled,sep_nmpc_adapted,formal_acados,0.24274322982179292,0,0.38454977193304685,-0.22510494587248275,-0.079145677905633677,-0.20646180851729312,0.020969303842544314,3.0938501380519522e-06,-0.00043423345927730576,0.74071316284528055,0.74071316284528055,false,false,5.7390619999999997,0,0,false,0,0.088617974479201153,0,130.35655533776034,130.35655533776034,0,0.074120040509654012,0,0,0.074120040509654012,0,0,-0.0081501912727198512,-0.00018313575971956277,-0.00090906804199906239,-0.0008569770943660114,-0.0011833629019152923,0.21656895632249903,0.020880302333135634,0.018188869295712635,0.0088457071749088647,0.00143241741546677,0,-0.1392608932605009
2.1550000000000002,approach_stop,40,40,0.20000000000000001,0.0050000000000000001,0.49125000000000019,0.75,0,0,3.2000000000000002,0,0.24622649531822732,0.67786074118460926,0,3.2029146801950437,0,-0.0059799543019501454,free_flight_controlled,sep_nmpc_adapted,formal_acados,0.24348097398114266,0,0.38447539904916123,-0.22774552133708467,-0.080187421984060661,-0.20646180851729312,0.020969303842544314,3.0938501380519522e-06,-0.00043423345927730576,0.74071316284528055,0.74071316284528055,false,false,5.7390619999999997,0,0,false,0,0.088417134492801239,0,130.36529054575374,130.36529054575374,0,0.075923871118650649,0,0,0.075923871118650649,0,0,-0.0070678583763416373,-7.9231753474859627e-05,-0.00081743882281850688,-0.00081119058640292962,-0.0011764948700223358,0.21635817551932499,0.020674080760551026,0.018453967774485412,0.0094703403050906809,0.0013285440009483944,0,-0.14116033494469465
2.1600000000000001,approach_stop,40,40,0.20000000000000001,0.0050000000000000001,0.49500000000000011,0.75,0,0,3.2000000000000002,0,0.24962673555906215,0.68223053646659348,0,3.2028844228393503,0,-0.0061226435829757689,free_flight_controlled,sep_nmpc_adapted,formal_acados,0.24423798841155836,0,0.38440272573269629,-0.23038874714750379,-0.081230063034235828,-0.20646180851729312,0.020969303842544314,3.0938501380519522e-06,-0.00043423345927730576,0.74071316284528055,0.74071316284528055,false,false,5.7390619999999997,0,0,false,0,0.088217310337254384,0,130.37381258027125,130.37381258027125,0,0.077339537526099483,0,0,0.077339537526099483,0,0,-0.00598670835593777,2.3554838456459439e-05,-0.00072462032736638556,-0.00076226829767722431,-0.0011699336269384093,0.21609539953128554,0.020434424088716603,0.018664717241932284,0.010098039792379098,0.0013109341263458836,0,-0.14306244564100498
2.165,approach_stop,40,40,0.20000000000000001,0.0050000000000000001,0.49875000000000003,0.75,0,0,3.2000000000000002,0,0.25304875324107307,0.686571732555874,0,3.2028534652801954,0,-0.0062600215806241435,free_flight_controlled,sep_nmpc_adapted,formal_acados,0.24501455283659057,0,0.38433174841292306,-0.2330342004044825,-0.082273411800125956,-0.20646180851729312,0.020969303842544314,3.0938501380519522e-06,-0.00043423345927730576,0.74071316284528055,0.74071316284528055,false,false,5.7390619999999997,0,0,false,0,0.08801876583655116,0,130.38211934040712,130.38211934040712,0,0.078377248526579346,0,0,0.078377248526579346,0,0,-0.0049069994096315314,0.00012506932769782971,-0.00063088093322937302,-0.00071022436295722533,-0.0011632303422578257,0.21578131384771893,0.020166322582421525,0.018822522108360492,0.010717127582599219,0.0013863800478110006,0,-0.14496713167758388
2.1699999999999999,approach_stop,40,40,0.20000000000000001,0.0050000000000000001,0.50249999999999995,0.75,0,0,3.2000000000000002,0,0.25649240557710618,0.69088441582402027,0,3.2028218340852468,0,-0.0063920841052001508,free_flight_controlled,sep_nmpc_adapted,formal_acados,0.24581094758375971,0,0.38426246150571186,-0.23568145799334647,-0.083317279823050344,-0.20646180851729312,0.020969303842544314,3.0938501380519522e-06,-0.00043423345927730576,0.74071316284528055,0.74071316284528055,false,false,5.7390619999999997,0,0,false,0,0.087821754662646759,0,130.39020890100107,130.39020890100107,0,0.079047081278626502,0,0,0.079047081278626502,0,0,-0.0038289868608197036,0.00022518194901170716,-0.00053648126719116644,-0.00065512941947878304,-0.0011559055708038955,0.21541639149207414,0.019874742708551225,0.018929057972494365,0.011316729818701517,0.0015603061088633363,0,-0.14687431345396382
2.1750000000000003,approach_stop,40,40,0.20000000000000001,0.0050000000000000001,0.5062500000000002,0.75,0,0,3.2000000000000002,0,0.2599575502544213,0.69516868959112998,0,3.2027895558358894,0,-0.0065188298711903458,free_flight_controlled,sep_nmpc_adapted,formal_acados,0.24662745357569898,0,0.3841948579785055,-0.23833009667872232,-0.084361479476111875,-0.20646180851729312,0.020969303842544314,3.0938501380519522e-06,-0.00043423345927730576,0.74071316284528055,0.74071316284528055,false,false,5.7390619999999997,0,0,false,0,0.08762652053958439,0,130.39807951092774,130.39807951092774,0,0.079358984064494903,0,0,0.079358984064494903,0,0,-0.0027529240881966075,0.0003237875472611816,-0.00044167312833561797,-0.00059710589593777634,-0.0011474564984517179,0.21500094594341171,0.01956454863870772,0.018986165085030846,0.011887043460511155,0.0018366130440420289,0,-0.1487839252328344
2.1800000000000002,approach_stop,40,40,0.20000000000000001,0.0050000000000000001,0.51000000000000012,0.75,0,0,3.2000000000000002,0,0.26344404551835426,0.69942467369554084,0,3.2027566571127237,0,-0.0066402604889288846,free_flight_controlled,sep_nmpc_adapted,formal_acados,0.24746435232288921,0,0.38412892993691861,-0.24097969319546506,-0.085405823999733621,-0.20646180851729312,0.020969303842544314,3.0938501380519522e-06,-0.00043423345927730576,0.74071316284528055,0.74071316284528055,false,false,5.7390619999999997,0,0,false,0,0.087433297443654953,0,130.40572959145601,130.40572959145601,0,0.079322778997761967,0,0,0.079322778997761967,0,0,-0.0016790631923032408,0.00042080486068084332,-0.00034669886715957336,-0.00053632211208596637,-0.0011373648625126298,0.21453518338533162,0.019240419688590631,0.018995772502523541,0.012419544934491702,0.0022175641626839457,0,-0.15069591488931861
2.1850000000000001,approach_stop,40,40,0.20000000000000001,0.0050000000000000001,0.51375000000000004,0.75,0,0,3.2000000000000002,0,0.26695175025384976,0.70365250407129565,0,3.2027231644811058,0,-0.0067563804568811087,free_flight_controlled,sep_nmpc_adapted,formal_acados,0.24832192591769117,0,0.38406466922172244,-0.2436298243361586,-0.086450127538160101,-0.20646180851729312,0.020969303842544314,3.0938501380519522e-06,-0.00043423345927730576,0.74071316284528055,0.74071316284528055,false,false,5.7390619999999997,0,0,false,0,0.087242309799461557,0,130.41315773462648,130.41315773462648,0,0.078948164571771895,0,0,0.078948164571771895,0,0,-0.00060765540536303797,0.0005161753871164472,-0.00025179106874810613,-0.00047298548387353389,-0.0011251053338446912,0.21401925290490489,0.018906766614545361,0.01895985197719529,0.012907139217467816,0.0027037145399846198,0,-0.15261024362282324
2.1899999999999999,approach_stop,40,40,0.20000000000000001,0.0050000000000000001,0.51749999999999996,0.75,0,0,3.2000000000000002,0,0.27048052406488721,0.70785233232682887,0,3.2026891044767285,0,-0.0068671971527602144,free_flight_controlled,sep_nmpc_adapted,formal_acados,0.24920045702926666,0,0.38400206800494463,-0.24628006703562055,-0.087494205176737283,-0.20646180851729312,0.020969303842544314,3.0938501380519522e-06,-0.00043423345927730576,0.74071316284528055,0.74071316284528055,false,false,5.7390619999999997,0,0,false,0,0.087053772672085056,0,130.42036270157382,130.42036270157382,0,0.078244717948640213,0,0,0.078244717948640213,0,0,0.00046104874175973407,0.00060986183618929528,-0.00015717239777546742,-0.00040733513071271598,-0.001110154145805848,0.21345329320530479,0.018567650313414435,0.018880398725063408,0.013344250241391383,0.0032938829315357823,0,-0.15452688563737033
2.1949999999999998,approach_stop,40,40,0.20000000000000001,0.0050000000000000001,0.52124999999999988,0.75,0,0,3.2000000000000002,0,0.27403022735179067,0.71202432531901616,0,3.2026545035912539,0,-0.0069727208212918244,free_flight_controlled,sep_nmpc_adapted,formal_acados,0.25010022889891526,0,0.38394111937408915,-0.24892999845287542,-0.088537872979763482,-0.20646180851729312,0.020969303842544314,3.0938501380519522e-06,-0.00043423345927730576,0.74071316284528055,0.74071316284528055,false,false,5.7390619999999997,0,0,false,0,0.086867891955609844,0,130.42734342069855,130.42734342069855,0,0.07722189690430975,0,0,0.07722189690430975,0,0,0.0015267994745155466,0.00070184618897331844,-6.3055481197130413e-05,-0.00033963417155248501,-0.0010919977597816583,0.21283747443344503,0.018226706778579189,0.018759434768495096,0.013726855619803486,0.0039851648785287613,0,-0.15644582779681246
2.2000000000000002,approach_stop,40,40,0.20000000000000001,0.0050000000000000001,0.52500000000000013,0.75,0,0,3.2000000000000002,0,0.27760072138638725,0.71616866471765672,0,3.2026193882580176,0,-0.0070729645562312114,free_flight_controlled,sep_nmpc_adapted,formal_acados,0.25102152533528549,0,0.38388181789397419,-0.25157919605110179,-0.089580948028688975,-0.20870540246110597,0.0098015110922825572,9.3393725801361156e-06,-0.00011154538312102829,0.74817014015383665,0.74817014015383665,false,false,5.7026779999999997,0,0,false,0,0.086684864558322153,0,130.44264670080585,130.44264670080585,0,0.087559436849193983,0,0,0.087559436849193983,0,0,0.0025893480238705583,0.00079212740613814287,3.0357271370306598e-05,-0.00027016197702071985,-0.0010701413674198716,0.2121720338540081,0.017887082153600596,0.018599029585255281,0.014052470397888631,0.0047729844089521994,0,-0.15836706926152286
2.2050000000000001,approach_stop,40,40,0.20000000000000001,0.0050000000000000001,0.52875000000000005,0.75,0,0,3.2000000000000002,0,0.28119186930441464,0.72028591782300799,0,3.2025837928907843,0,-0.0071647214379223084,free_flight_controlled,sep_nmpc_adapted,formal_acados,0.2519646314192498,0,0.38382416807164454,-0.25422723788516488,-0.09062323449346453,-0.20870540246110597,0.0098015110922825572,9.3393725801361156e-06,-0.00011154538312102829,0.74817014015383665,0.74817014015383665,false,false,5.7026779999999997,0,0,false,0,0.08650502897239834,0,130.44900924559676,130.44900924559676,0,0.085505702486012913,0,0,0.085505702486012913,0,0,0.0036482076445323698,0.00088082912766348793,0.00012284763868208892,-0.00019920061541808557,-0.0010441179325685714,0.21136190411118419,0.017594620842100384,0.018391583701521542,0.014322144122345191,0.0056509151218772325,0,-0.16029070756884473
2.21,approach_stop,40,40,0.20000000000000001,0.0050000000000000001,0.53249999999999997,0.75,0,0,3.2000000000000002,0,0.28480353532447655,0.72437594715019604,0,3.2025477516904064,0,-0.0072512872719124868,free_flight_controlled,sep_nmpc_adapted,formal_acados,0.25292983277522529,0,0.38376817660942825,-0.25687370254925124,-0.091664538187099492,-0.20870540246110597,0.0098015110922825572,9.3393725801361156e-06,-0.00011154538312102829,0.74817014015383665,0.74817014015383665,false,false,5.7026779999999997,0,0,false,0,0.08632870944649694,0,130.45514689193587,130.45514689193587,0,0.083171235021325202,0,0,0.083171235021325202,0,0,0.0047029096952184756,0.00096806434807038472,0.00021422555522062644,-0.00012704074361817258,-0.0010134931834060758,0.21050874811106121,0.017300850851233979,0.018154427498598,0.014532085162832661,0.0066121034499875483,0,-0.16221674372136757
2.2149999999999999,approach_stop,40,40,0.20000000000000001,0.0050000000000000001,0.53624999999999989,0.75,0,0,3.2000000000000002,0,0.28843558393555568,0.72843899780100796,0,3.2025112905546198,0,-0.0073326854476732381,free_flight_controlled,sep_nmpc_adapted,formal_acados,0.2539174148507331,0,0.38371384500460265,-0.25951816908482261,-0.092704680573333323,-0.20870540246110597,0.0098015110922825572,9.3393725801361156e-06,-0.00011154538312102829,0.74817014015383665,0.74817014015383665,false,false,5.7026779999999997,0,0,false,0,0.086156065953869501,0,130.46105936798037,130.46105936798037,0,0.08056491815172212,0,0,0.08056491815172212,0,0,0.0057532410271276787,0.0010538291003589699,0.0003043486801002383,-5.3976882739813402e-05,-0.00097787300496352718,0.20961337086578996,0.01700675923735645,0.017890010993620822,0.014684179435607729,0.0076474639098711421,0,-0.16414521673585031
2.2200000000000002,approach_stop,40,40,0.20000000000000001,0.0050000000000000001,0.54000000000000015,0.75,0,0,3.2000000000000002,0,0.29208788088142046,0.73247532651226532,0,3.2024744352578742,0,-0.0074089418753360003,free_flight_controlled,sep_nmpc_adapted,formal_acados,0.25492766362778424,0,0.38366117810938005,-0.26216021725363625,-0.093743484308251204,-0.20870540246110597,0.0098015110922825572,9.3393725801361156e-06,-0.00011154538312102829,0.74817014015383665,0.74817014015383665,false,false,5.7026779999999997,0,0,false,0,0.085987250399379295,0,130.46674654471991,130.46674654471991,0,0.077695507136869985,0,0,0.077695507136869985,0,0,0.0067989925212434263,0.0011381237680180454,0.00039308645925978023,1.970914304991234e-05,-0.00093691179542926327,0.2086765806760697,0.016713095456031338,0.01760061373911459,0.014781584208065636,0.0087467094586343788,0,-0.16607617669325384
2.2250000000000001,approach_stop,40,40,0.20000000000000001,0.0050000000000000001,0.54375000000000007,0.75,0,0,3.2000000000000002,0,0.29576029321763259,0.7364852011857107,0,3.2024372114389315,0,-0.0074800849168860225,free_flight_controlled,sep_nmpc_adapted,formal_acados,0.25596086560795372,0,0.38361018445654144,-0.26479942760967889,-0.094780773274080674,-0.20870540246110597,0.0098015110922825572,9.3393725801361156e-06,-0.00011154538312102829,0.74817014015383665,0.74817014015383665,false,false,5.7026779999999997,0,0,false,0,0.085822406799326775,0,130.47220843162884,130.47220843162884,0,0.074571629285791752,0,0,0.074571629285791752,0,0,0.0078399591249713671,0.0012209518479161434,0.00048031949832606487,9.3754012492779405e-05,-0.00089031796922295521,0.20769919649249372,0.016420353326857252,0.017288435078237289,0.014828504767040247,0.0098985559010551435,0,-0.16800968434331409
2.23,approach_stop,40,40,0.20000000000000001,0.0050000000000000001,0.54749999999999999,0.75,0,0,3.2000000000000002,0,0.29945268936619718,0.74046890041802071,0,3.2023996445888065,0,-0.0075461453052311361,free_flight_controlled,sep_nmpc_adapted,formal_acados,0.25701730779335891,0,0.38356087651657811,-0.2674353815728383,-0.095816372612222006,-0.20870540246110597,0.0098015110922825572,9.3393725801361156e-06,-0.00011154538312102829,0.74817014015383665,0.74817014015383665,false,false,5.7026779999999997,0,0,false,0,0.085661671459153391,0,130.47744517179223,130.47744517179223,0,0.071201784292700993,0,0,0.071201784292700993,0,0,0.008875939914413258,0.0013023186496532047,0.00056593938260496009,0.00016791756042244363,-0.00083785840571570899,0.20668205073856039,0.016128764121038506,0.016955681414432652,0.014829958430389926,0.01109093813828623,0,-0.1699458107065068
2.2349999999999999,approach_stop,40,40,0.20000000000000001,0.0050000000000000001,0.55124999999999991,0.75,0,0,3.2000000000000002,0,0.30316493916786186,0.74442671303102359,0,3.2023617600391372,0,-0.0076071560523658212,free_flight_controlled,sep_nmpc_adapted,formal_acados,0.25809727766289409,0,0.38351327088365661,-0.27006766150496775,-0.096850108755436273,-0.20870540246110597,0.0098015110922825572,9.3393725801361156e-06,-0.00011154538312102829,0.74817014015383665,0.74817014015383665,false,false,5.7026779999999997,0,0,false,0,0.08550517314901325,0,130.4824570365619,130.4824570365619,0,0.067594344441009757,0,0,0.067594344441009757,0,0,0.0099067381588318713,0.0013822299930639245,0.00064984891062406559,0.00024198624085030581,-0.00077936180034166589,0.20562598735352147,0.015838303010765852,0.016604643293560713,0.014791536098901263,0.01231123194952212,0,-0.17188463667858092
2.2400000000000002,approach_stop,40,40,0.20000000000000001,0.0050000000000000001,0.55500000000000016,0.75,0,0,3.2000000000000002,0,0.30689691393207091,0.7483589376032217,0,3.2023235829510339,0,-0.0076631523486097959,free_flight_controlled,sep_nmpc_adapted,formal_acados,0.25920106314310676,0,0.38346738838922795,-0.27269585078896419,-0.097881809459136521,-0.20870540246110597,0.0098015110922825572,9.3393725801361156e-06,-0.00011154538312102829,0.74817014015383665,0.74817014015383665,false,false,5.7026779999999997,0,0,false,0,0.085353033277323367,0,130.48724441983362,130.48724441983362,0,0.063757554709463926,0,0,0.063757554709463926,0,0,0.01093216136355043,0.0014606909738239687,0.00073196267568349544,0.00031577541057229976,-0.00071472090516711494,0.20453185517229974,0.015548709936951496,0.01623775674562605,0.014719170284035517,0.013546475511953013,0,-0.17382625264168516
2.2450000000000001,approach_stop,40,40,0.20000000000000001,0.0050000000000000001,0.55875000000000008,0.75,0,0,3.2000000000000002,0,0.31064848648458321,0.75226588200463762,0,3.2022851383044544,0,-0.007714171455515755,free_flight_controlled,sep_nmpc_adapted,formal_acados,0.26032895257315292,0,0.3834232541435455,-0.27531953391143027,-0.098911303831755906,-0.20870540246110597,0.0098015110922825572,9.3393725801361156e-06,-0.00011154538312102829,0.74817014015383665,0.74817014015383665,false,false,5.7026779999999997,0,0,false,0,0.085205366062369295,0,130.49180783206467,130.49180783206467,0,0.059699532828978857,0,0,0.059699532828978857,0,0,0.011952021268990212,0.0015377048694051631,0.00081220790652071408,0.00038913048498053859,-0.0006438936733989838,0.20340049710494443,0.01525952476278469,0.01585764510910901,0.01461891707643545,0.014783585504538049,0,-0.17577075808483841
2.25,approach_stop,40,40,0.20000000000000001,0.0050000000000000001,0.5625,0.75,0,0,3.2000000000000002,0,0.31441953121277921,0.75614786293775771,0,3.2022464508881239,0,-0.0077602525954732129,free_flight_controlled,sep_nmpc_adapted,formal_acados,0.26148123466334589,0,0.38338089750655879,-0.27793829654943336,-0.099938422364195367,-0.20714948671012784,0.0014575628694785386,3.009975744685861e-05,-1.3568994514256344e-05,0.74959790893944955,0.74959790893944955,false,false,5.730137,0,0,false,0,0.085062278702004404,0,130.49775394403619,130.49775394403619,0,0.057661788208911741,0,0,0.057661788208911741,0,0,0.012966133786652241,0.0016132722541315257,0.0008905254637793336,0.00046192705117265021,-0.00056690334630815306,0.20223273588616406,0.014970135466604147,0.015467139339338064,0.014496757944524027,0.016009563362578857,0,-0.1777182612352374
2.2549999999999999,approach_stop,40,40,0.20000000000000001,0.0050000000000000001,0.56624999999999992,0.75,0,0,3.2000000000000002,0,0.3182099242762737,0.76000527319600986,0,3.2022075468220339,0,-0.0078008237284541062,free_flight_controlled,sep_nmpc_adapted,formal_acados,0.26265819859249939,0,0.38334035343056688,-0.28055172568377429,-0.10096299427467673,-0.20714948671012784,0.0014575628694785386,3.009975744685861e-05,-1.3568994514256344e-05,0.74959790893944955,0.74959790893944955,false,false,5.730137,0,0,false,0,0.08492390033538709,0,130.50184035119204,130.50184035119204,0,0.053104754959066969,0,0,0.053104754959066969,0,0,0.013974273015549992,0.0016874115076764946,0.00096686582886477274,0.00053407118242019592,-0.00048383769765052647,0.20101108892573788,0.014688119560977929,0.015067405798685445,0.01435881357097399,0.017211642308298032,0,-0.17966889515837689
2.2600000000000002,approach_stop,40,40,0.20000000000000001,0.0050000000000000001,0.57000000000000017,0.75,0,0,3.2000000000000002,0,0.32201954349347811,0.76383838279123772,0,3.2021684519920983,0,-0.0078365511944207492,free_flight_controlled,sep_nmpc_adapted,formal_acados,0.26386013380431694,0,0.38330166080563211,-0.2831594096891612,-0.10198485032569421,-0.20714948671012784,0.0014575628694785386,3.009975744685861e-05,-1.3568994514256344e-05,0.74959790893944955,0.74959790893944955,false,false,5.730137,0,0,false,0,0.084790352338789884,0,130.50570530393762,130.50570530393762,0,0.048352180943250556,0,0,0.048352180943250556,0,0,0.014976219948152077,0.0017601331326834778,0.0010411984232414325,0.00060549533758869512,-0.00039484671019716249,0.19975566888002333,0.014403073354182051,0.014664554240071914,0.01420963156259173,0.018377696341104983,0,-0.18162278190915734
2.2650000000000001,approach_stop,40,40,0.20000000000000001,0.0050000000000000001,0.57375000000000009,0.75,0,0,3.2000000000000002,0,0.32584826822000013,0.76764753644446271,0,3.202129190505365,0,-0.0078674798126794621,free_flight_controlled,sep_nmpc_adapted,formal_acados,0.26508732979897282,0,0.38326486081630196,-0.28576093842102734,-0.10300382553511508,-0.20714948671012784,0.0014575628694785386,3.009975744685861e-05,-1.3568994514256344e-05,0.74959790893944955,0.74959790893944955,false,false,5.730137,0,0,false,0,0.084661719729705459,0,130.50934974530887,130.50934974530887,0,0.043411656043428559,0,0,0.043411656043428559,0,0,0.015971807493312489,0.001831419996569175,0.0011135160592649323,0.0006761557344208656,-0.00030013999379620055,0.1984671782113106,0.014114224690938794,0.014261954229464141,0.014054086194049414,0.019496043724255483,0,-0.18358005482253678
2.27,approach_stop,40,40,0.20000000000000001,0.0050000000000000001,0.57750000000000001,0.75,0,0,3.2000000000000002,0,0.32969597955240953,0.77143308575663194,0,3.2020897862409567,0,-0.0078936559237632337,free_flight_controlled,sep_nmpc_adapted,formal_acados,0.2663400762110894,0,0.38322999814809106,-0.28835590334132011,-0.10401975641726792,-0.20714948671012784,0.0014575628694785386,3.009975744685861e-05,-1.3568994514256344e-05,0.74959790893944955,0.74959790893944955,false,false,5.730137,0,0,false,0,0.084538081202905208,0,130.51277470443537,130.51277470443537,0,0.038290642293962757,0,0,0.038290642293962757,0,0,0.016960871794751507,0.0019012515387470911,0.0011838284654692548,0.00074603157050958865,-0.00019998377017263786,0.19714620602017066,0.013820985189183703,0.013862994241578452,0.013896480812052851,0.020555743325427655,0,-0.18554085465494133
2.2749999999999999,approach_stop,40,40,0.20000000000000001,0.0050000000000000001,0.58124999999999993,0.75,0,0,3.2000000000000002,0,0.33356256036170795,0.77519538884029415,0,3.2020502628426755,0,-0.0079151273101618364,free_flight_controlled,sep_nmpc_adapted,formal_acados,0.26761866273189489,0,0.38319712066302236,-0.2909438976298131,-0.10503248100812133,-0.20714948671012784,0.0014575628694785386,3.009975744685861e-05,-1.3568994514256344e-05,0.74959790893944955,0.74959790893944955,false,false,5.730137,0,0,false,0,0.084419509290691488,0,130.51598129207676,130.51598129207676,0,0.032996475157028665,0,0,0.032996475157028665,0,0,0.017943251634351901,0.0019696048425419574,0.0012521622487416941,0.0008151219754460252,-9.4696858863309969e-05,0.19579321675905018,0.013523010232782236,0.013471027576698805,0.013740474868959105,0.021546715539505816,0,-0.18750532925309055
2.2800000000000002,approach_stop,40,40,0.20000000000000001,0.0050000000000000001,0.58500000000000019,0.75,0,0,3.2000000000000002,0,0.33744789532502334,0.77893480997909337,0,3.2020106437119611,0,-0.0079319431303023474,free_flight_controlled,sep_nmpc_adapted,formal_acados,0.26892337902387575,0,0.38316627903164946,-0.29352451630114762,-0.10604183889003094,-0.20714948671012784,0.0014575628694785386,3.009975744685861e-05,-1.3568994514256344e-05,0.74959790893944955,0.74959790893944955,false,false,5.730137,0,0,false,0,0.084306070520385593,0,130.51897069682144,130.51897069682144,0,0.027536365161252241,0,0,0.027536365161252241,0,0,0.018918787789793626,0.0020364559863095479,0.0013185605717303875,0.00088344266203399958,1.5353888666143809e-05,0.19440854339242336,0.013220250198914953,0.013089313076160951,0.013589036318404371,0.02245984203438001,0,-0.18947363322305577
2.2850000000000001,approach_stop,40,40,0.20000000000000001,0.0050000000000000001,0.58875000000000011,0.75,0,0,3.2000000000000002,0,0.34135187095567371,0.78265171931586108,0,3.2019709520011483,0,-0.0079441538667980715,free_flight_controlled,sep_nmpc_adapted,formal_acados,0.27025451462808719,0,0.38313752632793491,-0.29609735632758649,-0.10704767121617872,-0.20714948671012784,0.0014575628694785386,3.009975744685861e-05,-1.3568994514256344e-05,0.74959790893944955,0.74959790893944955,false,false,5.730137,0,0,false,0,0.084197825568790408,0,130.52174418199655,130.52174418199655,0,0.021917399902151191,0,0,0.021917399902151191,0,0,0.01988732237066175,0.0021017816233505414,0.0013830825275782234,0.00095102239991611773,0.0001297586003642882,0.19299238572980681,0.012912990359433822,0.012720953872438172,0.013444417890669604,0.023287044210327956,0,-0.19144592759844289
2.29,approach_stop,40,40,0.20000000000000001,0.0050000000000000001,0.59250000000000003,0.75,0,0,3.2000000000000002,0,0.34527437563174262,0.78634649256916533,0,3.2019312106069426,0,-0.0079518112893285833,free_flight_controlled,sep_nmpc_adapted,formal_acados,0.27161235886436569,0,0.38311091759356192,-0.29866201676737691,-0.10804982073482713,-0.20714948671012784,0.0014575628694785386,3.009975744685861e-05,-1.3568994514256344e-05,0.74959790893944955,0.74959790893944955,false,false,5.730137,0,0,false,0,0.084094829413405139,0,130.5243030833108,130.5243030833108,0,0.016146546385489666,0,0,0.016146546385489666,0,0,0.020848698160248234,0.002165560728604778,0.0014458022100330608,0.00101789942623047,0.00024806973463497754,0.19154481443440405,0.012601877395534082,0.012368837289417694,0.013308155265441214,0.024021340709964058,0,-0.19342237950704988
2.2949999999999999,approach_stop,40,40,0.20000000000000001,0.0050000000000000001,0.59624999999999995,0.75,0,0,3.2000000000000002,0,0.34921529962330661,0.7900195107772231,0,3.2018914421640479,0,-0.0079549684318800332,free_flight_controlled,sep_nmpc_adapted,formal_acados,0.27299720072478312,0,0.38308650937823135,-0.30121809889852347,-0.109048131813498,-0.20714948671012784,0.0014575628694785386,3.009975744685861e-05,-1.3568994514256344e-05,0.74959790893944955,0.74959790893944955,false,false,5.730137,0,0,false,0,0.083997131480189238,0,130.52664880722031,130.52664880722031,0,0.010230653677875706,0,0,0.010230653677875706,0,0,0.021802757992167795,0.0022277764412746677,0.001506807491902942,0.0010841178970699807,0.00036980766797916118,0.19006578096124849,0.012287931065019769,0.012035578719729186,0.013181084809377484,0.024656884696739812,0,-0.19540316183593529
2.3000000000000003,approach_stop,40,40,0.20000000000000001,0.0050000000000000001,0.6000000000000002,0.75,0,0,3.2000000000000002,0,0.35317453511844676,0.79367116006712535,0,3.2018516690388732,0,-0.0079536795834954446,free_flight_controlled,sep_nmpc_adapted,formal_acados,0.27440932876075919,0,0.38306435926248322,-0.30376520635768756,-0.11004245046317723,-0.20208056197963731,-0.1347977509095839,1.4142137102628486e-10,-0.0054144880855091938,0.73551516951303275,0.73551516951303275,false,false,5.7626580000000001,0,0,false,0,0.083904775787708372,0,130.51315667536397,130.51315667536397,0,-0.017850998781506755,0,0,-0.017850998781506755,0,0,0.022749344191526601,0.0022884179268621682,0.0015661985379569823,0.0011497244712607554,0.00049446642054874854,0.18855513341739399,0.01197254022456315,0.01172347188660911,0.013063378329573343,0.025188981937073345,0,-0.19738845289550702
2.3050000000000002,approach_stop,40,40,0.20000000000000001,0.0050000000000000001,0.60375000000000012,0.75,0,0,3.2000000000000002,0,0.35715197465772519,0.79730118850398102,0,3.2018118982387826,0,-0.0079540367833423366,free_flight_controlled,sep_nmpc_adapted,formal_acados,0.27584902943836553,0,0.38304451181937138,-0.30630294521935963,-0.11103265092248296,-0.20208056197963731,-0.1347977509095839,1.4142137102628486e-10,-0.0054144880855091938,0.73551516951303275,0.73551516951303275,false,false,5.7626580000000001,0,0,false,0,0.08381751701211744,0,130.51537658650983,130.51537658650983,0,-0.023244044558807506,0,0,-0.023244044558807506,0,0,0.023688750498455334,0.0023472736402288959,0.0016241359837439922,0.0012147539415665453,0.00062152115031699365,0.1871929204941607,0.011575678119789472,0.011452913925228937,0.01295077269905953,0.025614615606681091,0,-0.1993782717132605
2.3100000000000001,approach_stop,40,40,0.20000000000000001,0.0050000000000000001,0.60750000000000004,0.75,0,0,3.2000000000000002,0,0.36114751261392897,0.8009105874073521,0,3.2017721367321785,0,-0.0079499573968110342,free_flight_controlled,sep_nmpc_adapted,formal_acados,0.27731658856858876,0,0.38302701215882118,-0.30883092404534018,-0.11201860807816098,-0.20208056197963731,-0.1347977509095839,1.4142137102628486e-10,-0.0054144880855091938,0.73551516951303275,0.73551516951303275,false,false,5.7626580000000001,0,0,false,0,0.083735115316307424,0,130.51738443356518,130.51738443356518,0,-0.0287829831114437,0,0,-0.0287829831114437,0,0,0.024621238824554612,0.0024041835455981047,0.0016807567455145618,0.0012792507240738976,0.0007504289078032072,0.18578759130781475,0.011194880671981274,0.011196923607554553,0.012850048089069794,0.025929918221700814,0,-0.20137281970065066
2.3149999999999999,approach_stop,40,40,0.20000000000000001,0.0050000000000000001,0.61124999999999996,0.75,0,0,3.2000000000000002,0,0.36516104673451244,0.80449971595899228,0,3.2017324065663346,0,-0.0079414960055016245,free_flight_controlled,sep_nmpc_adapted,formal_acados,0.27881229270265961,0,0.38301191881766622,-0.3113487540318528,-0.11300017092669609,-0.20208056197963731,-0.1347977509095839,1.4142137102628486e-10,-0.0054144880855091938,0.73551516951303275,0.73551516951303275,false,false,5.7626580000000001,0,0,false,0,0.083657620217541501,0,130.51918166548842,130.51918166548842,0,-0.034461202440891125,0,0,-0.034461202440891125,0,0,0.025546591603931496,0.0024592360917211403,0.0017361361983762496,0.0013432695823620479,0.0008806349286090391,0.18433840185730915,0.010833317395908299,0.01095656857525267,0.012759209093962078,0.026133844492755531,0,-0.2033722796894159
2.3199999999999998,approach_stop,40,40,0.20000000000000001,0.0050000000000000001,0.61499999999999988,0.75,0,0,3.2000000000000002,0,0.36919247657991722,0.80806894012554031,0,3.2016927295117266,0,-0.0079287087855143146,free_flight_controlled,sep_nmpc_adapted,formal_acados,0.28033642744519921,0,0.3829992893352312,-0.31385604913471798,-0.11397719016271665,-0.20208056197963731,-0.1347977509095839,1.4142137102628486e-10,-0.0054144880855091938,0.73551516951303275,0.73551516951303275,false,false,5.7626580000000001,0,0,false,0,0.08358507598048201,0,130.52076981875155,130.52076981875155,0,-0.040272169796139734,0,0,-0.040272169796139734,0,0,0.02646458817648709,0.0025125344305412019,0.0017903557363223362,0.0014068533677355473,0.0010115821244329048,0.18284486111669565,0.010493700736250486,0.010733169149596274,0.012675515253759616,0.026226495139966076,0,-0.2053768380371484
2.3250000000000002,approach_stop,40,40,0.20000000000000001,0.0050000000000000001,0.61875000000000013,0.75,0,0,3.2000000000000002,0,0.37324170355687369,0.81161863241268484,0,3.2016531270539326,0,-0.0079116535291656777,free_flight_controlled,sep_nmpc_adapted,formal_acados,0.28188927731793961,0,0.38298917977298852,-0.31635242623893411,-0.11494951820963747,-0.20208056197963731,-0.1347977509095839,1.4142137102628486e-10,-0.0054144880855091938,0.73551516951303275,0.73551516951303275,false,false,5.7626580000000001,0,0,false,0,0.0835175217312394,0,130.5221505180937,130.5221505180937,0,-0.046209430815434133,0,0,-0.046209430815434133,0,0,0.027375006089804751,0.0025641941514052565,0.0018435037311004508,0.0014700297422076524,0.0011427165771706249,0.18130674498324184,0.010178295755097454,0.010528174675584784,0.012595662547256224,0.026209020505340498,0,-0.20738668437581054
2.3300000000000001,approach_stop,40,40,0.20000000000000001,0.0050000000000000001,0.62250000000000005,0.75,0,0,3.2000000000000002,0,0.37730863095042855,0.8151491715941207,0,3.2016136203854995,0,-0.0078903896673933761,free_flight_controlled,sep_nmpc_adapted,formal_acados,0.28347112562105448,0,0.38298164425576264,-0.31883750532937405,-0.11591700925034709,-0.20208056197963731,-0.1347977509095839,1.4142137102628486e-10,-0.0054144880855091938,0.73551516951303275,0.73551516951303275,false,false,5.7626580000000001,0,0,false,0,0.083454991569461567,0,130.52332547736316,130.52332547736316,0,-0.052266609203978256,0,0,-0.052266609203978256,0,0,0.028277622458806415,0.0026143410875640364,0.0018956758533315906,0.0015328088333324448,0.0012734925251197396,0.17972410561386309,0.0098889385555985167,0.01034303368655036,0.012515972967642255,0.0260835146087166,0,-0.2094020114012077
2.335,approach_stop,40,40,0.20000000000000001,0.0050000000000000001,0.62624999999999997,0.75,0,0,3.2000000000000002,0,0.3813931639545578,0.81866094241683318,0,3.2015742303976942,0,-0.0078649782909562208,free_flight_controlled,sep_nmpc_adapted,formal_acados,0.28508225429282819,0,0.3829767345378926,-0.32131090966172959,-0.11687951925779408,-0.20208056197963731,-0.1347977509095839,1.4142137102628486e-10,-0.0054144880855091938,0.73551516951303275,0.73551516951303275,false,false,5.7626580000000001,0,0,false,0,0.083397514679123888,0,130.52429650036299,130.52429650036299,0,-0.058437406906169651,0,0,-0.058437406906169651,0,0,0.029172215362675089,0.0026631092270650641,0.001946974748226742,0.0015951818370414281,0.0014033768055677145,0.17809727714748985,0.0096270589177648736,0.010179066996172003,0.012432582651709505,0.025852904398316362,0,-0.21142301469913602
2.3399999999999999,approach_stop,40,40,0.20000000000000001,0.0050000000000000001,0.62999999999999989,0.75,0,0,3.2000000000000002,0,0.3854952097012494,0.82215433528402548,0,3.2015349776721607,0,-0.0078354821686093135,free_flight_controlled,sep_nmpc_adapted,formal_acados,0.2867229437684119,0,0.38297449959689489,-0.32377226593283748,-0.11783690602532815,-0.20208056197963731,-0.1347977509095839,1.4142137102628486e-10,-0.0054144880855091938,0.73551516951303275,0.73551516951303275,false,false,5.7626580000000001,0,0,false,0,0.083345115438372794,0,130.52506548161352,130.52506548161352,0,-0.064715604733158599,0,0,-0.064715604733158599,0,0,0.030058565263105731,0.0027106387393041192,0.0019975091006060198,0.0016571205398860584,0.0015318527405630907,0.17642687863254827,0.0093937033687691712,0.010037351496112833,0.01234162024282183,0.025520838428422926,0,-0.21344989260423614
2.3450000000000002,approach_stop,40,40,0.20000000000000001,0.0050000000000000001,0.63375000000000015,0.75,0,0,3.2000000000000002,0,0.38961467728794691,0.82562974591669869,0,3.2014958824724884,0,-0.0078019657605316664,free_flight_controlled,sep_nmpc_adapted,formal_acados,0.28839347283839711,0,0.38297498525627138,-0.32622120444954983,-0.11878902919663542,-0.20208056197963731,-0.1347977509095839,1.4142137102628486e-10,-0.0054144880855091938,0.73551516951303275,0.73551516951303275,false,false,5.7626580000000001,0,0,false,0,0.083297813528749459,0,130.5256344069517,130.5256344069517,0,-0.071095063414167298,0,0,-0.071095063414167298,0,0,0.030936456431506699,0.0027570741118312309,0.0020473921588834818,0.001718577694078124,0.0016584234722762476,0.1747138147596661,0.0091895558170838262,0.0099186208290549145,0.012239368637540398,0.025091578558956225,0,-0.2154828460882125
2.3500000000000001,approach_stop,40,40,0.20000000000000001,0.0050000000000000001,0.63750000000000007,0.75,0,0,3.2000000000000002,0,0.39375147780324998,0.82908757499455543,0,3.20145696473574,0,-0.0077644952253973273,free_flight_controlled,sep_nmpc_adapted,formal_acados,0.29009411850791561,0,0.38297823383850083,-0.32865735929533435,-0.11973575029509716,-0.19386599663839849,-0.16660941835637569,1.414213571513757e-10,-0.011786972615351344,0.72381657624725282,0.72381657624725282,false,false,5.7209320000000004,0,0,false,0,0.083255624044094714,0,130.51312483458764,130.51312483458764,0,-0.095869808330976219,0,0,-0.095869808330976219,0,0,0.03180567837518837,0.00280256238009344,0.002096739814176568,0.0017794881484750893,0.0017826147705786383,0.17295927476443207,0.0090149538611058351,0.0098231873519024748,0.012122404883796907,0.024569897563119433,0,-0.2175220786748307
2.355,approach_stop,40,40,0.20000000000000001,0.0050000000000000001,0.64124999999999999,0.75,0,0,3.2000000000000002,0,0.39790552306431315,0.83252770750393734,0,3.20141823149237,0,-0.0077281690554474418,free_flight_controlled,sep_nmpc_adapted,formal_acados,0.29182515451863045,0,0.38298427302590504,-0.33108036854568268,-0.1206769548850718,-0.19386599663839849,-0.16660941835637569,1.414213571513757e-10,-0.011786972615351344,0.72381657624725282,0.72381657624725282,false,false,5.7209320000000004,0,0,false,0,0.083218321521069047,0,130.51353896981468,130.51353896981468,0,-0.10177502377325728,0,0,-0.10177502377325728,0,0,0.032666403357248096,0.0028470779400111856,0.0021457098349337788,0.0018397613120693956,0.001903979024551129,0.17131461153377489,0.0088018776865385201,0.0097662425614863935,0.011984530566023789,0.023961517584060354,0,-0.21956765515090509
2.3599999999999999,approach_stop,40,40,0.20000000000000001,0.0050000000000000001,0.64499999999999991,0.75,0,0,3.2000000000000002,0,0.4020767268113199,0.83595103316463359,0,3.2013796896335349,0,-0.0076879398103965489,free_flight_controlled,sep_nmpc_adapted,formal_acados,0.29358685257493244,0,0.38299312677300912,-0.33348987423638743,-0.12161252959698636,-0.19386599663839849,-0.16660941835637569,1.414213571513757e-10,-0.011786972615351344,0.72381657624725282,0.72381657624725282,false,false,5.7209320000000004,0,0,false,0,0.083185684950490654,0,130.51375667900595,130.51375667900595,0,-0.10778079816989103,0,0,-0.10778079816989103,0,0,0.033518786333128069,0.0028906292975713782,0.0021944309817039142,0.0018993037679862377,0.0020220927079453474,0.16962256594855124,0.0086294253456863021,0.0097234074499062111,0.011829707628530311,0.023270639954155559,0,-0.22161978798358165
2.3650000000000002,approach_stop,40,40,0.20000000000000001,0.0050000000000000001,0.64875000000000016,0.75,0,0,3.2000000000000002,0,0.40626500595560594,0.83935793112455215,0,3.2013413585050996,0,-0.0076438757228393696,free_flight_controlled,sep_nmpc_adapted,formal_acados,0.2953794835436766,0,0.38300482573978517,-0.33588552241192937,-0.12254234001930289,-0.19386599663839849,-0.16660941835637569,1.414213571513757e-10,-0.011786972615351344,0.72381657624725282,0.72381657624725282,false,false,5.7209320000000004,0,0,false,0,0.083157733680846668,0,130.51378012556756,130.51378012556756,0,-0.11388115986781236,0,0,-0.11388115986781236,0,0,0.034362594323920768,0.0029334200895291232,0.0022429707082237136,0.0019580246929160414,0.0021365581741714297,0.16788479867513939,0.0084976489941268486,0.0096934626992113988,0.011655546575608957,0.022503253027806473,0,-0.22367868009084013
2.3700000000000001,approach_stop,40,40,0.20000000000000001,0.0050000000000000001,0.65250000000000008,0.75,0,0,3.2000000000000002,0,0.41047027931784197,0.8427487858780347,0,3.201303257107154,0,-0.0075960468913941698,free_flight_controlled,sep_nmpc_adapted,formal_acados,0.29720331595892607,0,0.38301939594520779,-0.33826696335891593,-0.12346625369197604,-0.19386599663839849,-0.16660941835637569,1.414213571513757e-10,-0.011786972615351344,0.72381657624725282,0.72381657624725282,false,false,5.7209320000000004,0,0,false,0,0.083134482591356085,0,130.51361157512716,130.51361157512716,0,-0.12007020889963216,0,0,-0.12007020889963216,0,0,0.035197603823350049,0.0029756519919065202,0.0022913905804283251,0.0020158220430220608,0.0022470084153842374,0.16610343362627766,0.0084057215138583184,0.0096752616279754643,0.011459965082871016,0.021665608562831718,0,-0.22574453634242433
2.375,approach_stop,40,40,0.20000000000000001,0.0050000000000000001,0.65625,0.75,0,0,3.2000000000000002,0,0.41469246765344314,0.84612398673699551,0,3.2012654040847441,0,-0.0075445252336788574,free_flight_controlled,sep_nmpc_adapted,formal_acados,0.29905861589299459,0,0.38303685856577357,-0.34063385176044858,-0.12438414013471297,-0.19386599663839849,-0.16660941835637569,1.414213571513757e-10,-0.011786972615351344,0.72381657624725282,0.72381657624725282,false,false,5.7209320000000004,0,0,false,0,0.083115942193918255,0,130.51325339354469,130.51325339354469,0,-0.12634212200058959,0,0,-0.12634212200058959,0,0,0.036023603040783829,0.0030175204771183436,0.0023397464761097352,0.0020725843232582693,0.0023531081552505451,0.16428102721146806,0.0083520006089156124,0.0096676648466510196,0.011241278779888347,0.020764133401525813,0,-0.22781756364435252
2.3799999999999999,approach_stop,40,40,0.20000000000000001,0.0050000000000000001,0.65999999999999992,0.75,0,0,3.2000000000000002,0,0.41893149367525356,0.84948392726374489,0,3.2012278177189191,0,-0.0074893844260426412,free_flight_controlled,sep_nmpc_adapted,formal_acados,0.30094564683182673,0,0.38305722976700318,-0.34298584684342681,-0.12529587087344449,-0.19386599663839849,-0.16660941835637569,1.414213571513757e-10,-0.011786972615351344,0.72381657624725282,0.72381657624725282,false,false,5.7209320000000004,0,0,false,0,0.08310211873750345,0,130.51270804433292,130.51270804433292,0,-0.13269115816085239,0,0,-0.13269115816085239,0,0,0.036840393969913704,0.0030592109284684221,0.0023880884630854398,0.0021281927684465179,0.0024545545223151563,0.1624205296027221,0.0083341069580614869,0.00966947782596741,0.010998274585157846,0.019805350305664368,0,-0.2298979710689131
2.3850000000000002,approach_stop,40,40,0.20000000000000001,0.0050000000000000001,0.66375000000000017,0.75,0,0,3.2000000000000002,0,0.42318728207331346,0.85282900467248668,0,3.2011905159181198,0,-0.0074306998301580905,free_flight_controlled,sep_nmpc_adapted,formal_acados,0.30286466955516622,0,0.38308052056668385,-0.34532261251814722,-0.1262013194647785,-0.19386599663839849,-0.16660941835637569,1.414213571513757e-10,-0.011786972615351344,0.72381657624725282,0.72381657624725282,false,false,5.7209320000000004,0,0,false,0,0.083093014315522726,0,130.51197808548829,130.51197808548829,0,-0.1391116645744101,0,0,-0.1391116645744101,0,0,0.037647794246917235,0.0031008951720488949,0.0024364603819508313,0.0021825238410504919,0.002551077353384135,0.16052523950696057,0.0083490123784509644,0.0096793958192887674,0.010730263659605515,0.018795809304349379,0,-0.23198597002317273
2.3900000000000001,approach_stop,40,40,0.20000000000000001,0.0050000000000000001,0.66750000000000009,0.75,0,0,3.2000000000000002,0,0.4274597595315705,0.85615961920665795,0,3.2011535162099558,0,-0.0073685484069306098,free_flight_controlled,sep_nmpc_adapted,formal_acados,0.30481594202194034,0,0.3831067367282433,-0.34764381750963014,-0.1271003615182448,-0.19386599663839849,-0.16660941835637569,1.414213571513757e-10,-0.011786972615351344,0.72381657624725282,0.72381657624725282,false,false,5.7209320000000004,0,0,false,0,0.083088626976381016,0,130.51106616575009,130.51106616575009,0,-0.14559808284507786,0,0,-0.14559808284507786,0,0,0.038445638769271283,0.0031427284667727724,0.0024848991791613759,0.0022354519388885596,0.0026424391816285129,0.158598753887848,0.0083931343440422322,0.009695959550544607,0.010437112238959691,0.017742030310555167,0,-0.23408177444899905
2.395,approach_stop,40,40,0.20000000000000001,0.0050000000000000001,0.67125000000000001,0.75,0,0,3.2000000000000002,0,0.43174885474143293,0.8594761734992975,0,3.2011168357334538,0,-0.0073030086185341923,free_flight_controlled,sep_nmpc_adapted,formal_acados,0.30679971926123167,0,0.38313587868254079,-0.34994913548020123,-0.12799287471616891,-0.19386599663839849,-0.16660941835637569,1.414213571513757e-10,-0.011786972615351344,0.72381657624725282,0.72381657624725282,false,false,5.7209320000000004,0,0,false,0,0.083088950837317932,0,130.5099750203195,130.5099750203195,0,-0.15214495531566402,0,0,-0.15214495531566402,0,0,0.039233781053401563,0.0031848469761534205,0.0025334340505336647,0.0022868522003167725,0.0027284349664172727,0.15664491399632594,0.0084624336787122133,0.0097175239895222216,0.01011924979393793,0.016650457178279971,0,-0.2361856010477994
2.3999999999999999,approach_stop,40,40,0.20000000000000001,0.0050000000000000001,0.67499999999999993,0.75,0,0,3.2000000000000002,0,0.43605449841209531,0.86277907192351022,0,3.2010804912318154,0,-0.0072341603197249712,free_flight_controlled,sep_nmpc_adapted,formal_acados,0.30881625326916373,0,0.38316794147623545,-0.35223824514293156,-0.12887873883103834,-0.1828597707188237,-0.19534762029186142,1.4142135677411958e-10,-0.019296496183849633,0.70713538090818151,0.70713538090818151,false,false,5.8740560000000004,0,0,false,0,0.083093976201545891,0,130.49037652308419,130.49037652308419,0,-0.18484738492657593,0,0,-0.18484738492657593,0,0,0.040012094315891887,0.0032273657308291397,0.0025820854641490708,0.0023366032944998772,0.0028088916213793781,0.15466774896308133,0.0085525127613319072,0.0097422414579541976,0.0097776550879792746,0.015527422834495539,0,-0.23829766952345194
2.4050000000000002,approach_stop,40,40,0.20000000000000001,0.0050000000000000001,0.67875000000000019,0.75,0,0,3.2000000000000002,0,0.44037662147062095,0.86606798894847525,0,3.2010444809789353,0,-0.0071693137984843247,free_flight_controlled,sep_nmpc_adapted,formal_acados,0.31086579090967059,0,0.38320289979946909,-0.35451083056095034,-0.12975786739003903,-0.1828597707188237,-0.19534762029186142,1.4142135677411958e-10,-0.019296496183849633,0.70713538090818151,0.70713538090818151,false,false,5.8740560000000004,0,0,false,0,0.083103352884308423,0,130.48926860865163,130.48926860865163,0,-0.19055980422466592,0,0,-0.19055980422466592,0,0,0.040781009051379422,0.0032701292717553557,0.0026309234116976814,0.0023845768019455874,0.0028836700040753655,0.1528853320144101,0.0085615483897218611,0.0097899995736667033,0.0094092748852247152,0.014379970079475122,0,-0.24041799033080388
2.4100000000000001,approach_stop,40,40,0.20000000000000001,0.0050000000000000001,0.68250000000000011,0.75,0,0,3.2000000000000002,0,0.44471515670825323,0.86934400376985044,0,3.2010088031387305,0,-0.0071011969030656784,free_flight_controlled,sep_nmpc_adapted,formal_acados,0.3129485758653901,0,0.38324072342237525,-0.35676658084286317,-0.1306301747937432,-0.1828597707188237,-0.19534762029186142,1.4142135677411958e-10,-0.019296496183849633,0.70713538090818151,0.70713538090818151,false,false,5.8740560000000004,0,0,false,0,0.08311673971924928,0,130.48798619720336,130.48798619720336,0,-0.1963415327184477,0,0,-0.1963415327184477,0,0,0.041540940561046576,0.0033130082414795825,0.0026799686769410414,0.0024306687205715213,0.0029526576565982168,0.15107495668902737,0.0085981550769428667,0.0098246832819975406,0.0090253213280649808,0.013212164025747496,0,-0.24254679028282203
2.415,approach_stop,40,40,0.20000000000000001,0.0050000000000000001,0.68625000000000003,0.75,0,0,3.2000000000000002,0,0.44907004050597549,0.87260747357845503,0,3.2009734738664655,0,-0.0070298886451669197,free_flight_controlled,sep_nmpc_adapted,formal_acados,0.31506485054952926,0,0.3832813919768705,-0.35900518995644626,-0.13149554467410499,-0.1828597707188237,-0.19534762029186142,1.4142135677411958e-10,-0.019296496183849633,0.70713538090818151,0.70713538090818151,false,false,5.8740560000000004,0,0,false,0,0.083134141071403947,0,130.48653205923171,130.48653205923171,0,-0.20218733337665934,0,0,-0.20218733337665934,0,0,0.042291758255486117,0.00335613111339314,0.0027291494020990469,0.0024748055795197187,0.0030157682951822279,0.14924035868539268,0.0086584332370653883,0.0098438184435259701,0.0086275362919569915,0.012030191590286399,0,-0.24468428836373496
2.4199999999999999,approach_stop,40,40,0.20000000000000001,0.0050000000000000001,0.68999999999999995,0.75,0,0,3.2000000000000002,0,0.45344121103620039,0.87585875762818033,0,3.2009385089192834,0,-0.0069554692709242602,free_flight_controlled,sep_nmpc_adapted,formal_acados,0.3172148539902952,0,0.38332487965854389,-0.36122635704590522,-0.13235386274469885,-0.1828597707188237,-0.19534762029186142,1.4142135677411958e-10,-0.019296496183849633,0.70713538090818151,0.70713538090818151,false,false,5.8740560000000004,0,0,false,0,0.083155557534279112,0,130.48490904280865,130.48490904280865,0,-0.208092072002731,0,0,-0.208092072002731,0,0,0.043033350871986106,0.0033996048451957589,0.0027783830738368699,0.0025169223957821132,0.0030729464378702596,0.14738551984838558,0.0087377035825787017,0.0098456013915160668,0.0082175778834113842,0.010840178679767722,0,-0.24683070683972569
2.4250000000000003,approach_stop,40,40,0.20000000000000001,0.0050000000000000001,0.6937500000000002,0.75,0,0,3.2000000000000002,0,0.45782860827130506,0.87909821653351872,0,3.2009039236503183,0,-0.006878020120006976,free_flight_controlled,sep_nmpc_adapted,formal_acados,0.31939882176054263,0,0.38337115527900179,-0.36342978651076241,-0.13320501681116728,-0.1828597707188237,-0.19534762029186142,1.4142135677411958e-10,-0.019296496183849633,0.70713538090818151,0.70713538090818151,false,false,5.8740560000000004,0,0,false,0,0.083180986047486097,0,130.48312006724331,130.48312006724331,0,-0.21405072453154395,0,0,-0.21405072453154395,0,0,0.043765627504894343,0.0034435114065206863,0.0028275796256507653,0.0025569623337363141,0.0031241669814716685,0.14551458705163475,0.0088306804674827023,0.0098287959859948652,0.0077970527652983989,0.0096481431726085365,0,-0.24898627157914355
2.4300000000000002,approach_stop,40,40,0.20000000000000001,0.0050000000000000001,0.69750000000000012,0.75,0,0,3.2000000000000002,0,0.4622321739886735,0.88232621156609847,0,3.2008697330035796,0,-0.0067976234823844996,free_flight_controlled,sep_nmpc_adapted,formal_acados,0.32161698591491628,0,0.38342018234402475,-0.36561518807375726,-0.13404889677887866,-0.1828597707188237,-0.19534762029186142,1.4142135677411958e-10,-0.019296496183849633,0.70713538090818151,0.70713538090818151,false,false,5.8740560000000004,0,0,false,0,0.083210420017926764,0,130.48116811661163,130.48116811661163,0,-0.22005838408738071,0,0,-0.22005838408738071,0,0,0.044488518218754228,0.0034879052088109229,0.0028766439895983481,0.0025948765361306324,0.0031694345477691599,0.14363178697232579,0.0089316579120759937,0.0097926179501113351,0.0073675514789769926,0.0084599499578228484,0,-0.25115121238924887
2.4350000000000001,approach_stop,40,40,0.20000000000000001,0.0050000000000000001,0.70125000000000004,0.75,0,0,3.2000000000000002,0,0.46665185177224544,0.88554310396330393,0,3.200835951509561,0,-0.0067143624552343352,free_flight_controlled,sep_nmpc_adapted,formal_acados,0.32386957493453938,0,0.38347191915634637,-0.36778227683770603,-0.1348853946577861,-0.1828597707188237,-0.19534762029186142,1.4142135677411958e-10,-0.019296496183849633,0.70713538090818151,0.70713538090818151,false,false,5.8740560000000004,0,0,false,0,0.083243849444573609,0,130.47905623327395,130.47905623327395,0,-0.22611026758926517,0,0,-0.22611026758926517,0,0,0.045201974231749605,0.0035328114783590697,0.0029254780578404542,0.0026306241281564939,0.0032087826137800982,0.14174133995439014,0.0090346994223716118,0.0097366159487751666,0.0069306815619118896,0.007281269776457204,0,-0.25332576335433615
2.4399999999999999,approach_stop,40,40,0.20000000000000001,0.0050000000000000001,0.70499999999999996,0.75,0,0,3.2000000000000002,0,0.47108758701066544,0.88874925426108553,0,3.2008025932815571,0,-0.0066283208024760622,free_flight_controlled,sep_nmpc_adapted,formal_acados,0.32615681367927873,0,0.38352631894153677,-0.36993077333138669,-0.13571440456454051,-0.1828597707188237,-0.19534762029186142,1.4142135677411958e-10,-0.019296496183849633,0.70713538090818151,0.70713538090818151,false,false,5.8740560000000004,0,0,false,0,0.083281261046409205,0,130.47678751149476,130.47678751149476,0,-0.23220172171176215,0,0,-0.23220172171176215,0,0,0.045905967672362352,0.0035782255709509983,0.0029739820589805223,0.0026641723725057938,0.0032422724485989696,0.13984737589237137,0.0091338235572901438,0.009660557692254405,0.0064880942045471611,0.0061175431965984862,0,-0.25551016316079078
2.4449999999999998,approach_stop,40,40,0.20000000000000001,0.0050000000000000001,0.70874999999999988,0.75,0,0,3.2000000000000002,0,0.47553932689217787,0.89194502166174461,0,3.2007696720126662,0,-0.0065395828193255462,free_flight_controlled,sep_nmpc_adapted,formal_acados,0.3284789233475443,0,0.38358332999532674,-0.37206040354463354,-0.136535822721949,-0.1828597707188237,-0.19534762029186142,1.4142135677411958e-10,-0.019296496183849633,0.70713538090818151,0.70713538090818151,false,false,5.8740560000000004,0,0,false,0,0.083322638392970938,0,130.4743650912763,130.4743650912763,0,-0.23832822804100129,0,0,-0.23832822804100129,0,0,0.046600490925944663,0.0036241131890273059,0.0030220553919573408,0.0026954969347919608,0.0032699918848527482,0.1379538547094491,0.009223178318913134,0.0095643278473336417,0.0060415013170899284,0.0049739505879051148,0,-0.25770465539591281
2.4500000000000002,approach_stop,40,40,0.20000000000000001,0.0050000000000000001,0.71250000000000013,0.75,0,0,3.2000000000000002,0,0.4800070203964687,0.89513076344592934,0,3.2007372009734594,0,-0.0064482332040640446,free_flight_controlled,sep_nmpc_adapted,formal_acados,0.33083612144355501,0,0.38364289585055533,-0.37417089895291367,-0.13734954745589842,-0.16941617249720153,-0.22161286198361141,1.414213566047529e-10,-0.027704694987877757,0.68565757720223897,0.68565757720223897,false,false,5.7373519999999996,0,0,false,0,0.083367962036848361,0,130.44811258047403,130.44811258047403,0,-0.2781040618618621,0,0,-0.2781040618618621,0,0,0.047285555599735817,0.0036704114308642251,0.0030695969899860705,0.0027245822060769139,0.0032920539559362664,0.13606449357887113,0.0092971987486004902,0.0094478428480245409,0.0055926810869043886,0.0038553884849577107,0,-0.25990948880897302
2.4550000000000001,approach_stop,40,40,0.20000000000000001,0.0050000000000000001,0.71625000000000005,0.75,0,0,3.2000000000000002,0,0.48449061596774295,0.89830589742406497,0,3.2007051694771151,0,-0.0063637727924865861,free_flight_controlled,sep_nmpc_adapted,formal_acados,0.33322861906280143,0,0.38370493669573352,-0.37626199690494155,-0.13815552004854381,-0.16941617249720153,-0.22161286198361141,1.414213566047529e-10,-0.027704694987877757,0.68565757720223897,0.68565757720223897,false,false,5.7373519999999996,0,0,false,0,0.083416775743123062,0,130.44581521691947,130.44581521691947,0,-0.28307761029809342,0,0,-0.28307761029809342,0,0,0.047961882911552234,0.0037167110166637504,0.003116581895936455,0.002751404433246586,0.0033085988380206566,0.13445837869375801,0.0092254461363017598,0.0093393386265097217,0.0051375863872625801,0.0027675573216428668,0,-0.26212462366210104
2.46,approach_stop,40,40,0.20000000000000001,0.0050000000000000001,0.71999999999999997,0.75,0,0,3.2000000000000002,0,0.48899006361050207,0.9014716423199679,0,3.2006735668062731,0,-0.0062767070406246003,free_flight_controlled,sep_nmpc_adapted,formal_acados,0.33565662191949386,0,0.3837693578893373,-0.37833344169100824,-0.13895368230287369,-0.16941617249720153,-0.22161286198361141,1.414213566047529e-10,-0.027704694987877757,0.68565757720223897,0.68565757720223897,false,false,5.7373519999999996,0,0,false,0,0.083468636730387638,0,130.44336912281022,130.44336912281022,0,-0.28810506103202316,0,0,-0.28810506103202316,0,0,0.048630167893720655,0.0037626157657656006,0.0031630476496798702,0.0027757509332527628,0.0033199613987405668,0.13284910780164078,0.009130538389871979,0.0092766835921225272,0.0045305149116464626,0.0018421766819032798,0,-0.26435027673442135
2.4649999999999999,approach_stop,40,40,0.20000000000000001,0.0050000000000000001,0.72374999999999989,0.75,0,0,3.2000000000000002,0,0.49350531710359252,0.90462828337441015,0,3.2006424057841856,0,-0.006187116728942222,free_flight_controlled,sep_nmpc_adapted,formal_acados,0.33812032389959845,0,0.38383601069413353,-0.3803849932039941,-0.13974393589161746,-0.16941617249720153,-0.22161286198361141,1.414213566047529e-10,-0.027704694987877757,0.68565757720223897,0.68565757720223897,false,false,5.7373519999999996,0,0,false,0,0.083523549140504652,0,130.44077728604663,130.44077728604663,0,-0.29318217595768287,0,0,-0.29318217595768287,0,0,0.049290408461502962,0.003807933930913332,0.0032095868186293726,0.0027961039420678221,0.0033276023609777805,0.13123951315037191,0.008996890690725623,0.0093507517488944578,0.0035677878122054823,0.0012599575481980028,0,-0.26658666414520316
2.4700000000000002,approach_stop,40,40,0.20000000000000001,0.0050000000000000001,0.72750000000000015,0.75,0,0,3.2000000000000002,0,0.49803633157140109,0.90777606813047018,0,3.2006116988366236,0,-0.0060950817036262549,free_flight_controlled,sep_nmpc_adapted,formal_acados,0.3406199128751442,0,0.38390473917205947,-0.38241641869625687,-0.14052618502192202,-0.16941617249720153,-0.22161286198361141,1.414213566047529e-10,-0.027704694987877757,0.68565757720223897,0.68565757720223897,false,false,5.7373519999999996,0,0,false,0,0.083581514254992259,0,130.43804267397368,130.43804267397368,0,-0.29830544706258311,0,0,-0.29830544706258311,0,0,0.049942566308605538,0.0038526971002328732,0.0032563204607691885,0.0028113509734740798,0.0033328969416848118,0.12960829303501678,0.0089572342427424647,0.0092468617351405547,0.0025844863978259965,0.00087819843135971125,0,-0.26883430065853164
2.4750000000000001,approach_stop,40,40,0.20000000000000001,0.0050000000000000001,0.73125000000000007,0.75,0,0,3.2000000000000002,0,0.5025830633462437,0.91091526375456366,0,3.2005814579802743,0,-0.0060006844807934927,free_flight_controlled,sep_nmpc_adapted,formal_acados,0.34315556455770635,0,0.38397538038130719,-0.38442749878853733,-0.14130033871405814,-0.16941617249720153,-0.22161286198361141,1.414213566047529e-10,-0.027704694987877757,0.68565757720223897,0.68565757720223897,false,false,5.7373519999999996,0,0,false,0,0.083642530899171799,0,130.43516839977849,130.43516839977849,0,-0.30347107117840016,0,0,-0.30347107117840016,0,0,0.050586461078833619,0.0038978841830278462,0.0033011805598643982,0.0028224739275774483,0.0033365513642687494,0.12793841765376707,0.009149353354285919,0.0086262615141283559,0.0019080865997238793,0.00059811611495419372,0,-0.27109375220749582
2.48,approach_stop,40,40,0.20000000000000001,0.0050000000000000001,0.73499999999999999,0.75,0,0,3.2000000000000002,0,0.50714547034172219,0.91404621311344914,0,3.200551694825311,0,-0.0059040056996213057,free_flight_controlled,sep_nmpc_adapted,formal_acados,0.34572745274949018,0,0.38404778435182763,-0.38641801759223204,-0.14206630821807051,-0.16941617249720153,-0.22161286198361141,1.414213566047529e-10,-0.027704694987877757,0.68565757720223897,0.68565757720223897,false,false,5.7373519999999996,0,0,false,0,0.083706594620179667,0,130.43215751398213,130.43215751398213,0,-0.308674080303526,0,0,-0.308674080303526,0,0,0.051221967337673611,0.0039443633623380478,0.0033420335784921608,0.0028307888633627965,0.0033390043200745316,0.12625699865893114,0.0094561357531460447,0.0076720989486287932,0.0014471191670254616,0.00039396566466217504,0,-0.27336513603167278
2.4849999999999999,approach_stop,40,40,0.20000000000000001,0.0050000000000000001,0.73874999999999991,0.75,0,0,3.2000000000000002,0,0.51172351215348322,0.91716924424345692,0,3.2005224205765144,0,-0.0058051268914313097,free_flight_controlled,sep_nmpc_adapted,formal_acados,0.34833575456279386,0,0.38412182526706706,-0.38838775759068933,-0.14282400572506629,-0.16941617249720153,-0.22161286198361141,1.414213566047529e-10,-0.027704694987877757,0.68565757720223897,0.68565757720223897,false,false,5.7373519999999996,0,0,false,0,0.083773697583179679,0,130.42901313257912,130.42901313257912,0,-0.31390991975559296,0,0,-0.31390991975559296,0,0,0.051849084728407512,0.0039924625584871918,0.0033775915542249655,0.0028371848636812268,0.0033405845416101445,0.12458599691221295,0.0097839979150643845,0.0065285513527175891,0.0011308685583770245,0.00024611847079980727,0,-0.27564860866071739
2.4900000000000002,approach_stop,40,40,0.20000000000000001,0.0050000000000000001,0.74250000000000016,0.75,0,0,3.2000000000000002,0,0.51631714997739475,0.92028466938567666,0,3.2004936460297198,0,-0.0057041300051323554,free_flight_controlled,sep_nmpc_adapted,formal_acados,0.35098064843374865,0,0.38419739435860412,-0.39033650154364607,-0.14357334469615915,-0.16941617249720153,-0.22161286198361141,1.414213566047529e-10,-0.027704694987877757,0.68565757720223897,0.68565757720223897,false,false,5.7373519999999996,0,0,false,0,0.083843828914081014,0,130.42573841483596,130.42573841483596,0,-0.31917444204177164,0,0,-0.31917444204177164,0,0,0.052467908551517006,0.0040421053022078983,0.0034071819971699131,0.0028422574000822516,0.0033415333827332481,0.12294184638695867,0.010063804882342632,0.0052996897584877056,0.00091116590448662223,0.0001391690188206087,0,-0.27794436850716264
2.4950000000000001,approach_stop,40,40,0.20000000000000001,0.0050000000000000001,0.74625000000000008,0.75,0,0,3.2000000000000002,0,0.52092634653321113,0.9233927860135529,0,3.2004653815711532,0,-0.0056010968566804677,free_flight_controlled,sep_nmpc_adapted,formal_acados,0.35366231269309545,0,0.38427439468017432,-0.39226403384011566,-0.14431424007714316,-0.16941617249720153,-0.22161286198361141,1.414213566047529e-10,-0.027704694987877757,0.68565757720223897,0.68565757720223897,false,false,5.7373519999999996,0,0,false,0,0.083916975010004335,0,130.42233653748869,130.42233653748869,0,-0.32446386867353266,0,0,-0.32446386867353266,0,0,0.053078603934515606,0.004092919991819181,0.0034305749573376198,0.0028464020189066849,0.0033420245296118659,0.12133614279920196,0.010245945367771989,0.0040599074622693744,0.00075524105211585224,6.1347419083490655e-05,0,-0.28025264751502382
2.5,approach_stop,40,40,0.20000000000000001,0.0050000000000000001,0.75,0.75,0,0,3.2000000000000002,0,0.52555106608335822,0.92649394596734214,0,3.2004376371713135,0,-0.0054961146307940792,free_flight_controlled,sep_nmpc_adapted,formal_acados,0.35638092399987098,0,0.38435273728471908,-0.39417014208348722,-0.14504660869748692,-0.15394122483177008,-0.24598435695281079,1.4142135651065871e-10,-0.036882185834310084,0.65951457701758764,0.65951457701758764,false,false,5.7177439999999997,0,0,false,0,0.083993119604292413,0,130.38977230358631,130.38977230358631,0,-0.37071537434336505,0,0,-0.37071537434336505,0,0,0.053681438108952359,0.0041441668801657817,0.0034480038137104452,0.0028498438852953122,0.0033421723922462724,0.11981849385175504,0.010173064947237197,0.0029757123819741894,0.00061482779861699499,-2.3438300198962092e-06,0,-0.28257372156553257
2.5049999999999999,approach_stop,40,40,0.20000000000000001,0.0050000000000000001,0.75374999999999992,0.75,0,0,3.2000000000000002,0,0.53019127200156957,0.92958735150417771,0,3.2004103932900736,0,-0.0054008960826570848,free_flight_controlled,sep_nmpc_adapted,formal_acados,0.35913664938615186,0,0.38443231402240641,-0.39605462261541768,-0.14577042084047517,-0.15394122483177008,-0.24598435695281079,1.4142135651065871e-10,-0.036882185834310084,0.65951457701758764,0.65951457701758764,false,false,5.7177439999999997,0,0,false,0,0.08407171443847114,0,130.38663872542415,130.38663872542415,0,-0.37456738885837326,0,0,-0.37456738885837326,0,0,0.054277913668257814,0.0041935238801483511,0.0034609612085201901,0.0028525088255508708,0.0033420009435893637,0.11878615266149513,0.0095072692727759742,0.0022562127233344666,0.00044878016105250426,-6.6058125836757488e-05,0,-0.28490756839808384
2.5100000000000002,approach_stop,40,40,0.20000000000000001,0.0050000000000000001,0.75750000000000017,0.75,0,0,3.2000000000000002,0,0.53484692859398708,0.93267422877706396,0,3.2003836305025439,0,-0.0053036796199358817,free_flight_controlled,sep_nmpc_adapted,formal_acados,0.36192965203849276,0,0.38451301656652337,-0.39791727655549436,-0.1464856468250734,-0.15394122483177008,-0.24598435695281079,1.4142135651065871e-10,-0.036882185834310084,0.65951457701758764,0.65951457701758764,false,false,5.7177439999999997,0,0,false,0,0.084152229525861239,0,130.38338244511732,130.38338244511732,0,-0.37847279529855771,0,0,-0.37847279529855771,0,0,0.054869481048181089,0.0042386934941527074,0.0034709638207976235,0.0028543304300613116,0.0033415169409795006,0.11784747088640793,0.0085186958493371264,0.0017766088318240114,0.00028122965808249673,-0.00012678723910391283,0,-0.28725455043860909
2.5150000000000001,approach_stop,40,40,0.20000000000000001,0.0050000000000000001,0.76125000000000009,0.75,0,0,3.2000000000000002,0,0.53951800342421286,0.93575466290800557,0,3.200357358638358,0,-0.0052045298246541673,free_flight_controlled,sep_nmpc_adapted,formal_acados,0.36476009702705336,0,0.38459475991911352,-0.39975790639715947,-0.14719220609206904,-0.15394122483177008,-0.24598435695281079,1.4142135651065871e-10,-0.036882185834310084,0.65951457701758764,0.65951457701758764,false,false,5.7177439999999997,0,0,false,0,0.0842346819709925,0,130.38000583112037,130.38000583112037,0,-0.38243014409242715,0,0,-0.38243014409242715,0,0,0.055456502555157654,0.0042783406571482952,0.00347898612026385,0.0028553451387761195,0.0033407424249747141,0.1169617705062119,0.0073133938916604092,0.0014529191709086815,0.00012758822709100278,-0.0001819789559046189,0,-0.28961501245180005
2.52,approach_stop,40,40,0.20000000000000001,0.0050000000000000001,0.76500000000000001,0.75,0,0,3.2000000000000002,0,0.54420446452526061,0.9388287559079298,0,3.2003315871974252,0,-0.0051035139539293206,free_flight_controlled,sep_nmpc_adapted,formal_acados,0.36762814794399629,0,0.38467746086822147,-0.40157631658126436,-0.14789001900488943,-0.15394122483177008,-0.24598435695281079,1.4142135651065871e-10,-0.036882185834310084,0.65951457701758764,0.65951457701758764,false,false,5.7177439999999997,0,0,false,0,0.084319087524893976,0,130.37651139374438,130.37651139374438,0,-0.38643767932282885,0,0,-0.38643767932282885,0,0,0.056039160194003033,0.0043115877613329051,0.0034856611010457431,0.0028556392859597456,0.0033397082338517117,0.11609711935545983,0.0059700265417409861,0.001230357140770887,-6.624133105333304e-06,-0.0002305801124330202,0,-0.2919892956305441
2.5249999999999999,approach_stop,40,40,0.20000000000000001,0.0050000000000000001,0.76874999999999993,0.75,0,0,3.2000000000000002,0,0.54890628047621037,0.94189662384170059,0,3.200306325337829,0,-0.0050007014056256292,free_flight_controlled,sep_nmpc_adapted,formal_acados,0.37053396676035494,0,0.38476103867756917,-0.40337231371585547,-0.14857900699634061,-0.15394122483177008,-0.24598435695281079,1.4142135651065871e-10,-0.036882185834310084,0.65951457701758764,0.65951457701758764,false,false,5.7177439999999997,0,0,false,0,0.08440546040726396,0,130.37290176154897,130.37290176154897,0,-0.39049340726160459,0,0,-0.39049340726160459,0,0,0.05661749296963732,0.0043379003405460198,0.0034913980015107795,0.0028553120473142888,0.0033384477403251662,0.1152279291835261,0.0045483064580229861,0.0010728361451895754,-0.00012121710605544932,-0.00027255762507882072,0,-0.29437773954206714
2.5300000000000002,approach_stop,40,40,0.20000000000000001,0.0050000000000000001,0.77250000000000019,0.75,0,0,3.2000000000000002,0,0.55362342025552191,0.94495814289795044,0,3.2002815818843193,0,-0.0048961418623966061,free_flight_controlled,sep_nmpc_adapted,formal_acados,0.37347771361556098,0,0.38484541575904613,-0.40514570663996097,-0.14925909260213435,-0.15394122483177008,-0.24598435695281079,1.4142135651065871e-10,-0.036882185834310084,0.65951457701758764,0.65951457701758764,false,false,5.7177439999999997,0,0,false,0,0.084493813684103719,0,130.36917867088093,130.36917867088093,0,-0.39459939084977064,0,0,-0.39459939084977064,0,0,0.057191396259353496,0.004357059686314323,0.003496438691655787,0.0028544488706484911,0.0033369922290878789,0.11429902384215097,0.0031586905402944962,0.00093299808760398373,-0.00022748915027829127,-0.00030919737193086581,0,-0.29678100891001108
2.5350000000000001,approach_stop,40,40,0.20000000000000001,0.0050000000000000001,0.77625000000000011,0.75,0,0,3.2000000000000002,0,0.55835584884283629,0.94801207443635616,0,3.2002573657000037,0,-0.0047897898624860939,free_flight_controlled,sep_nmpc_adapted,formal_acados,0.37645954600214704,0,0.38493052749245921,-0.40689630284068923,-0.14993019767206897,-0.15394122483177008,-0.24598435695281079,1.4142135651065871e-10,-0.036882185834310084,0.65951457701758764,0.65951457701758764,false,false,5.7177439999999997,0,0,false,0,0.084584169855312114,0,130.36533943918417,130.36533943918417,0,-0.39877631928939006,0,0,-0.39877631928939006,0,0,0.057760047681328343,0.0043702021556881153,0.0035005260258620134,0.0028529563860453951,0.0033353523848027619,0.11311497425746084,0.0021616822852156244,0.00068754995039750752,-0.00037653533533868569,-0.00034747798393661421,0,-0.29920128320727946
2.54,approach_stop,40,40,0.20000000000000001,0.0050000000000000001,0.78000000000000003,0.75,0,0,3.2000000000000002,0,0.56310352886983717,0.95105882497240968,0,3.2002336855491973,0,-0.0046817398456943339,free_flight_controlled,sep_nmpc_adapted,formal_acados,0.37947961686363463,0,0.38501631587647583,-0.40862391200620252,-0.15059224479317057,-0.15394122483177008,-0.24598435695281079,1.4142135651065871e-10,-0.036882185834310084,0.65951457701758764,0.65951457701758764,false,false,5.7177439999999997,0,0,false,0,0.084676556377220574,0,130.36138783513093,130.36138783513093,0,-0.40301635131904595,0,0,-0.40301635131904595,0,0,0.058322209286107589,0.004379184602503027,0.0035032162225601725,0.0028506256329216099,0.0033335084057345738,0.11171379995317676,0.0014731025525312302,0.00038375561634924129,-0.00055994685056626225,-0.00039107180857305936,0,-0.30163868947381856
2.5449999999999999,approach_stop,40,40,0.20000000000000001,0.0050000000000000001,0.78374999999999995,0.75,0,0,3.2000000000000002,0,0.56786642591909564,0.95409897250451592,0,3.2002105496473581,0,-0.0045721004012713156,free_flight_controlled,sep_nmpc_adapted,formal_acados,0.38253807460941325,0,0.38510271638071292,-0.41032835130968237,-0.15124515976703698,-0.15394122483177008,-0.24598435695281079,1.4142135651065871e-10,-0.036882185834310084,0.65951457701758764,0.65951457701758764,false,false,5.7177439999999997,0,0,false,0,0.084770992661817951,0,130.35732832541609,130.35732832541609,0,-0.40730903608948765,0,0,-0.40730903608948765,0,0,0.058876937816880685,0.0043852678050337792,0.0035043381389633526,0.0028473253105056173,0.0033314303936741144,0.1101486204701649,0.00098824354177057716,6.6176927120139569e-05,-0.00076056827306033724,-0.00044450061652642081,0,-0.30409309649143113
2.5500000000000003,approach_stop,40,40,0.20000000000000001,0.0050000000000000001,0.7875000000000002,0.75,0,0,3.2000000000000002,0,0.57264450826035895,0.95713302511202281,0,3.2001879656882646,0,-0.0044609724640746673,free_flight_controlled,sep_nmpc_adapted,formal_acados,0.38563506800160552,0,0.38518967573131324,-0.41200944025875341,-0.15188887062244477,-0.13684523849915697,-0.26894330053651849,1.4142135645151863e-10,-0.046764569052233376,0.62879730884056884,0.62879730884056884,false,false,5.7179190000000002,0,0,false,0,0.084867491032211015,0,130.318691159878,130.318691159878,0,-0.4597789695245349,0,0,-0.4597789695245349,0,0,0.059423496089975131,0.0043892940109764109,0.0035039162967662658,0.00284306220890877,0.0033289230731266477,0.10844949487344947,0.00064204377079850924,-0.00022829245871446312,-0.00094017463188766914,-0.00057322026313104608,0,-0.30656430987494937
2.5550000000000002,approach_stop,40,40,0.20000000000000001,0.0050000000000000001,0.79125000000000012,0.75,0,0,3.2000000000000002,0,0.57743774236282341,0.9601597631733424,0,3.2001659062414203,0,-0.0043623100400110477,free_flight_controlled,sep_nmpc_adapted,formal_acados,0.388770745042328,0,0.38527712792555519,-0.41366699732049539,-0.15252336458677471,-0.13684523849915697,-0.26894330053651849,1.4142135645151863e-10,-0.046764569052233376,0.62879730884056884,0.62879730884056884,false,false,5.7179190000000002,0,0,false,0,0.084965438274965194,0,130.31503156109349,130.31503156109349,0,-0.46242369048986498,0,0,-0.46242369048986498,0,0,0.059962076519058612,0.0043917916449638479,0.0035021188640848343,0.0028376526331818073,0.0033257887566045426,0.10695965411945386,0.00037533292348038399,-0.00047579305574630294,-0.0012454559178894521,-0.00067216661815288703,0,-0.30905197085248176
2.5600000000000001,approach_stop,40,40,0.20000000000000001,0.0050000000000000001,0.79500000000000004,0.75,0,0,3.2000000000000002,0,0.58224609724479914,0.96318139543933767,0,3.2001443439386912,0,-0.0042621229086485645,free_flight_controlled,sep_nmpc_adapted,formal_acados,0.39194525012242565,0,0.38536498377592088,-0.41530084712237347,-0.15314862828271381,-0.13684523849915697,-0.26894330053651849,1.4142135645151863e-10,-0.046764569052233376,0.62879730884056884,0.62879730884056884,false,false,5.7179190000000002,0,0,false,0,0.085064237326860026,0,130.31127178800091,130.31127178800091,0,-0.46513877067711817,0,0,-0.46513877067711817,0,0,0.060492928503512081,0.0043931961692076906,0.0034992825582761343,0.0028304382123545808,0.0033222616782149707,0.10536204066974118,0.00019926164747669769,-0.00064788265397938065,-0.0016516910901804784,-0.00073540984168932687,0,-0.3115554322637577
2.5649999999999999,approach_stop,40,40,0.20000000000000001,0.0050000000000000001,0.79874999999999996,0.75,0,0,3.2000000000000002,0,0.58706954820141188,0.96619824365994822,0,3.200123286186217,0,-0.0041604975895684756,free_flight_controlled,sep_nmpc_adapted,formal_acados,0.3951587288769367,0,0.38545318026132552,-0.41691081932447516,-0.15376459045494145,-0.13684523849915697,-0.26894330053651849,1.4142135645151863e-10,-0.046764569052233376,0.62879730884056884,0.62879730884056884,false,false,5.7179190000000002,0,0,false,0,0.08516392705328997,0,130.30741530737183,130.30741530737183,0,-0.46791731042190465,0,0,-0.46791731042190465,0,0,0.061015567169340881,0.0043938865613570958,0.0034957290648102157,0.0028210555502343588,0.0033184513405274791,0.1036771167155512,8.5815704850392263e-05,-0.00076569129889871045,-0.0021051270745795188,-0.00078919586345172106,0,-0.31407473445430956
2.5699999999999998,approach_stop,40,40,0.20000000000000001,0.0050000000000000001,0.80249999999999988,0.75,0,0,3.2000000000000002,0,0.5919080720335711,0.9692105909983576,0,3.200102739966042,0,-0.0040575174417180927,free_flight_controlled,sep_nmpc_adapted,formal_acados,0.39841132416549407,0,0.38554165690687525,-0.418496747868077,-0.15437118209465328,-0.13684523849915697,-0.26894330053651849,1.4142135645151863e-10,-0.046764569052233376,0.62879730884056884,0.62879730884056884,false,false,5.7179190000000002,0,0,false,0,0.085264541272050368,0,130.30346547412114,130.30346547412114,0,-0.47075329089369411,0,0,-0.47075329089369411,0,0,0.061529594639150788,0.0043941241139734922,0.003491688526742451,0.0028093717312998724,0.0033143547543722663,0.10191955635114437,1.5426719935856984e-05,-0.00084493151803004068,-0.0025666359641399418,-0.0008525855236530905,0,-0.31660996186975038
2.5750000000000002,approach_stop,40,40,0.20000000000000001,0.0050000000000000001,0.80625000000000013,0.75,0,0,3.2000000000000002,0,0.59676164688887767,0.97221869475192668,0,3.2000827118490403,0,-0.0039532637121206908,free_flight_controlled,sep_nmpc_adapted,formal_acados,0.4017031760227604,0,0.38563035501920051,-0.42005847086611725,-0.15496833629631582,-0.13684523849915697,-0.26894330053651849,1.4142135645151863e-10,-0.046764569052233376,0.62879730884056884,0.62879730884056884,false,false,5.7179190000000002,0,0,false,0,0.085366109345132682,0,130.299425577677,130.299425577677,0,-0.47364132450203678,0,0,-0.47364132450203678,0,0,0.062034675640077128,0.0043940878865175587,0.0034873234464112084,0.0027954206035557066,0.0033098881334128138,0.10009996578580312,-2.5580501091414455e-05,-0.00089713280524003115,-0.0030081257230235737,-0.00093906793460374631,0,-0.31916122850976603
2.5800000000000001,approach_stop,40,40,0.20000000000000001,0.0050000000000000001,0.81000000000000005,0.75,0,0,3.2000000000000002,0,0.6016302521561856,0.97522279539025913,0,3.2000632080035327,0,-0.0038478162746930209,free_flight_controlled,sep_nmpc_adapted,formal_acados,0.4050344216163756,0,0.38571921706219925,-0.42159583053980998,-0.15555598815483407,-0.13684523849915697,-0.26894330053651849,1.4142135645151863e-10,-0.046764569052233376,0.62879730884056884,0.62879730884056884,false,false,5.7179190000000002,0,0,false,0,0.085468656612448665,0,130.29529887467243,130.29529887467243,0,-0.47657647693122085,0,0,-0.47657647693122085,0,0,0.062530520380122995,0.0043938994936844082,0.0034827470054092638,0.0027793546237527699,0.0033049115959012231,0.098226100087430809,-4.6751525842166001e-05,-0.00093064221883861007,-0.0034098611463419435,-0.0010577651510471347,0,-0.32172866746265555
2.585,approach_stop,40,40,0.20000000000000001,0.0050000000000000001,0.81374999999999997,0.75,0,0,3.2000000000000002,0,0.60651386839838617,0.97822312295116653,0,3.2000442342007704,0,-0.0037412541553699967,free_flight_controlled,sep_nmpc_adapted,formal_acados,0.40840519521033725,0,0.38580818612610385,-0.4231086731880489,-0.15613407469102089,-0.13684523849915697,-0.26894330053651849,1.4142135645151863e-10,-0.046764569052233376,0.62879730884056884,0.62879730884056884,false,false,5.7179190000000002,0,0,false,0,0.08557220471270767,0,130.2910886122246,130.2910886122246,0,-0.47955414050495843,0,0,-0.47955414050495843,0,0,0.063016872571798069,0.0043936405050391718,0.0034780369200001077,0.0027614083123320031,0.0032992486310350851,0.09630372587353106,-5.4728189688356712e-05,-0.00095141468853465706,-0.0037584656225871987,-0.0012143373426541451,0,-0.3243124233655158
2.5899999999999999,approach_stop,40,40,0.20000000000000001,0.0050000000000000001,0.81749999999999989,0.75,0,0,3.2000000000000002,0,0.61141247731215598,0.98121990153544925,0,3.2000257958181901,0,-0.0036336559056922048,free_flight_controlled,sep_nmpc_adapted,formal_acados,0.41181562813335804,0,0.38589720547263129,-0.42459684917879792,-0.15670253479722754,-0.13684523849915697,-0.26894330053651849,1.4142135645151863e-10,-0.046764569052233376,0.62879730884056884,0.62879730884056884,false,false,5.7179190000000002,0,0,false,0,0.085676771823989098,0,130.28679804454367,130.28679804454367,0,-0.4825699444362464,0,0,-0.4825699444362464,0,0,0.063493501107986738,0.0043933646945613211,0.003473245802541108,0.0027418703727109502,0.0032927016134521843,0.094337233814633381,-5.4105634042733861e-05,-0.00096362602504990213,-0.0040454282864361649,-0.0014116700213440128,0,-0.32691264697250066
2.5950000000000002,approach_stop,40,40,0.20000000000000001,0.0050000000000000001,0.82125000000000015,0.75,0,0,3.2000000000000002,0,0.61632606170656568,0.98421335242965147,0,3.2000078978410915,0,-0.0035250998661175577,free_flight_controlled,sep_nmpc_adapted,formal_acados,0.41526584875202777,0,0.38598621814459833,-0.42606021295453789,-0.1572613091972829,-0.13684523849915697,-0.26894330053651849,1.4142135645151863e-10,-0.046764569052233376,0.62879730884056884,0.62879730884056884,false,false,5.7179190000000002,0,0,false,0,0.085782372847411789,0,130.28243044467976,130.28243044467976,0,-0.48561969164736385,0,0,-0.48561969164736385,0,0,0.063960194331302914,0.0043931066806141006,0.0034684088306334345,0.0027210622949466389,0.0032850642970217985,0.092330073550452363,-4.8034641281649502e-05,-0.00097014220137803199,-0.0042659840772627114,-0.001650403681210159,0,-0.32952949124999692
2.6000000000000001,approach_stop,40,40,0.20000000000000001,0.0050000000000000001,0.82500000000000007,0.75,0,0,3.2000000000000002,0,0.62125460549468337,0.98720369623594229,0,3.1999905448632111,0,-0.0034156643471536731,free_flight_controlled,sep_nmpc_adapted,formal_acados,0.41875598244876833,0,0.38607516663215241,-0.42749862304591502,-0.15781034041652625,-0.1184293958816296,-0.29080360727003407,1.4142135641127409e-10,-0.057303738273013813,0.59358097982950409,0.59358097982950409,false,false,5.7231629999999996,0,0,false,0,0.085889019550764278,0,130.23799135707293,130.23799135707293,0,-0.54391716360125497,0,0,-0.54391716360125497,0,0,0.06441675614392349,0.0043928880232077467,0.0034635493653273936,0.0026993218391254082,0.0032761319593658644,0.090285062026740137,-3.864700699058509e-05,-0.00097287510067705404,-0.0044182676172695003,-0.0019293501369463126,0,-0.33216310858350312
2.605,approach_stop,40,40,0.20000000000000001,0.0050000000000000001,0.82874999999999999,0.75,0,0,3.2000000000000002,0,0.62619808853122605,0.99018906800826234,0,3.1999737007475919,0,-0.0033215649590483259,free_flight_controlled,sep_nmpc_adapted,formal_acados,0.4222861466851987,0,0.38616396172404616,-0.42891194184602732,-0.15834963937385921,-0.1184293958816296,-0.29080360727003407,1.4142135641127409e-10,-0.057303738273013813,0.59358097982950409,0.59358097982950409,false,false,5.7231629999999996,0,0,false,0,0.085996010674394344,0,130.2341791275598,130.2341791275598,0,-0.54504269467340061,0,0,-0.54504269467340061,0,0,0.064863928621185007,0.0043926360876853036,0.0034586204188504937,0.0026768440444444553,0.0032657968847579718,0.088573169989574013,-5.9457839298398213e-05,-0.00099698001139503375,-0.0045638290009111689,-0.002209963445301335,0,-0.33481361475215027
2.6099999999999999,approach_stop,40,40,0.20000000000000001,0.0050000000000000001,0.83249999999999991,0.75,0,0,3.2000000000000002,0,0.63115649142940899,0.99317166579177829,0,3.1999573296940635,0,-0.0032264464219197114,free_flight_controlled,sep_nmpc_adapted,formal_acados,0.42585645601387845,0,0.38625251382245746,-0.43030003541553052,-0.15887921610320649,-0.1184293958816296,-0.29080360727003407,1.4142135641127409e-10,-0.057303738273013813,0.59358097982950409,0.59358097982950409,false,false,5.7231629999999996,0,0,false,0,0.086102668527554674,0,130.23029457540011,130.23029457540011,0,-0.54624169210345586,0,0,-0.54624169210345586,0,0,0.06530240376182754,0.0043923135062430285,0.0034535932142231917,0.0026537746595029789,0.0032539811606113896,0.086806855554357701,-6.7748187335273449e-05,-0.0010125784146515315,-0.0046541793737412893,-0.0025215371549299004,0,-0.33748059400956343
2.6150000000000002,approach_stop,40,40,0.20000000000000001,0.0050000000000000001,0.83625000000000016,0.75,0,0,3.2000000000000002,0,0.63612980068529168,0.996151636040702,0,3.1999414366216161,0,-0.0031303796361193052,free_flight_controlled,sep_nmpc_adapted,formal_acados,0.42946702699278944,0,0.38634076383637689,-0.43166277369250228,-0.15939901322067337,-0.1184293958816296,-0.29080360727003407,1.4142135641127409e-10,-0.057303738273013813,0.59358097982950409,0.59358097982950409,false,false,5.7231629999999996,0,0,false,0,0.086209047966350399,0,130.22634054540725,130.22634054540725,0,-0.54750944654986922,0,0,-0.54750944654986922,0,0,0.0657319207905563,0.0043919716116757133,0.0034485047439145014,0.0026303978668415673,0.0032405327268191951,0.084990498450713339,-6.7747000757911597e-05,-0.0010217796681077874,-0.0046865529332903114,-0.0028626801420088615,0,-0.34016413928619621
2.6200000000000001,approach_stop,40,40,0.20000000000000001,0.0050000000000000001,0.84000000000000008,0.75,0,0,3.2000000000000002,0,0.64111800352895765,0.99912912613223026,0,3.1999260260941735,0,-0.0030334357806212947,free_flight_controlled,sep_nmpc_adapted,formal_acados,0.43311797318160095,0,0.38642865165444218,-0.43300003034735668,-0.15990897504618989,-0.1184293958816296,-0.29080360727003407,1.4142135641127409e-10,-0.057303738273013813,0.59358097982950409,0.59358097982950409,false,false,5.7231629999999996,0,0,false,0,0.086315199912702936,0,130.22231992416476,130.22231992416476,0,-0.54884139159692458,0,0,-0.54884139159692458,0,0,0.066152238713167069,0.0043916443013610872,0.0034433829606679615,0.0026070049870173841,0.0032253105677305938,0.083127684621785783,-6.2288985879128142e-05,-0.0010261103145948372,-0.0046607501842498315,-0.0032304272908927926,0,-0.3428643446628617
2.625,approach_stop,40,40,0.20000000000000001,0.0050000000000000001,0.84375,0.75,0,0,3.2000000000000002,0,0.6461210879329925,1.0021042858889773,0,3.1999111023188069,0,-0.002935686434383133,free_flight_controlled,sep_nmpc_adapted,formal_acados,0.43680940513746824,0,0.38651611594758234,-0.43431168279552423,-0.16040904758231272,-0.1184293958816296,-0.29080360727003407,1.4142135641127409e-10,-0.057303738273013813,0.59358097982950409,0.59358097982950409,false,false,5.7231629999999996,0,0,false,0,0.086421171488233819,0,130.21823564555385,130.21823564555385,0,-0.55023307063866167,0,0,-0.55023307063866167,0,0,0.066563133058665278,0.0043913538215249615,0.0034382493905009181,0.0025838831803988173,0.0032081917132172227,0.081221473900876778,-5.326059697290543e-05,-0.0010266340865427762,-0.004578547079583219,-0.003620576786015686,0,-0.34558130318325808
2.6299999999999999,approach_stop,40,40,0.20000000000000001,0.0050000000000000001,0.84749999999999992,0.75,0,0,3.2000000000000002,0,0.65113904262723921,1.0050772685074125,0,3.1998966691435644,0,-0.002837203638448256,free_flight_controlled,sep_nmpc_adapted,formal_acados,0.4405414304169194,0,0.38660309402479659,-0.43559761221031978,-0.16089917849849891,-0.1184293958816296,-0.29080360727003407,1.4142135641127409e-10,-0.057303738273013813,0.59358097982950409,0.59358097982950409,false,false,5.7231629999999996,0,0,false,0,0.086527006126213085,0,130.21409069362505,130.21409069362505,0,-0.55168011513798321,0,0,-0.55168011513798321,0,0,0.066964393735619715,0.0043911147016682771,0.0034331211633167953,0.0025613067920569601,0.0031890766942074089,0.07927458315170334,-4.1903529110385485e-05,-0.0010240629663825264,-0.0044432236729142005,-0.0040279734966055924,0,-0.34831510535843391
2.6350000000000002,approach_stop,40,40,0.20000000000000001,0.0050000000000000001,0.85125000000000017,0.75,0,0,3.2000000000000002,0,0.65617185711708104,1.0080482310637688,0,3.1998827300550938,0,-0.002738059913500276,free_flight_controlled,sep_nmpc_adapted,formal_acados,0.4443141535838056,0,0.38668952173894694,-0.43685770353327547,-0.16137931711890913,-0.1184293958816296,-0.29080360727003407,1.4142135641127409e-10,-0.057303738273013813,0.59358097982950409,0.59358097982950409,false,false,5.7231629999999996,0,0,false,0,0.086632743669758192,0,130.20988810345671,130.20988810345671,0,-0.55317823094690433,0,0,-0.55317823094690433,0,0,0.067355823648397012,0.0043909364261943869,0.0034280125268723685,0.0025395308117704936,0.0031678936885254955,0.077289510590265828,-2.9022620432257203e-05,-0.0010188521838608196,-0.0042591854265191581,-0.0044467513107022648,0,-0.35106583816900472
2.6400000000000001,approach_stop,40,40,0.20000000000000001,0.0050000000000000001,0.85500000000000009,0.75,0,0,3.2000000000000002,0,0.6612195217034591,1.0110173347194567,0,3.1998692881762798,0,-0.0026383282438040877,free_flight_controlled,sep_nmpc_adapted,formal_acados,0.44812767622330185,0,0.3867753334402283,-0.43809184548015723,-0.16184941441249545,-0.1184293958816296,-0.29080360727003407,1.4142135641127409e-10,-0.057303738273013813,0.59358097982950409,0.59358097982950409,false,false,5.7231629999999996,0,0,false,0,0.08673842046131397,0,130.20563096047846,130.20563096047846,0,-0.55472319032069306,0,0,-0.55472319032069306,0,0,0.067737237826114016,0.0043908252385572947,0.0034229359297605969,0.0025187860412236229,0.0031446015373194926,0.075268618974064602,-1.5129097066655281e-05,-0.0010112776465096679,-0.0040316559139589089,-0.00487054390472822,0,-0.353833584426479
2.645,approach_stop,40,40,0.20000000000000001,0.0050000000000000001,0.85875000000000001,0.75,0,0,3.2000000000000002,0,0.6662820275033533,1.0139847447134587,0,3.1998563462640162,0,-0.0025380820358907874,free_flight_controlled,sep_nmpc_adapted,formal_acados,0.45198209696187519,0,0.38686046197508173,-0.43929993054147809,-0.16230942298449957,-0.1184293958816296,-0.29080360727003407,1.4142135641127409e-10,-0.057303738273013813,0.59358097982950409,0.59358097982950409,false,false,5.7231629999999996,0,0,false,0,0.086844069426951373,0,130.2013223986304,130.2013223986304,0,-0.55631082793257336,0,0,-0.55631082793257336,0,0,0.068108462891136382,0.0043907853463691481,0.0034179027590849004,0.002499275654224092,0.0031191917718865697,0.073214189919061132,-5.3971800984922178e-07,-0.001001496943769358,-0.0037664245415014591,-0.0052926707621262182,0,-0.35661842239398311
2.6499999999999999,approach_stop,40,40,0.20000000000000001,0.0050000000000000001,0.86249999999999993,0.75,0,0,3.2000000000000002,0,0.6713593664698283,1.0169506302049143,0,3.1998439067072377,0,-0.0024373950585440292,free_flight_controlled,sep_nmpc_adapted,formal_acados,0.45587751149310085,0,0.38694483872849428,-0.44048185497672743,-0.16275929706874306,-0.098979133044336254,-0.31196378956271575,1.4142135638217491e-10,-0.068539795542949755,0.55390192988248865,0.55390192988248865,false,false,5.721152,0,0,false,0,0.086949720157948246,0,130.15134404396989,130.15134404396989,0,-0.62019072913021012,0,0,-0.62019072913021012,0,0,0.068469336745440493,0.0043908197112737975,0.003412923809704131,0.0024811729072128034,0.0030916897620226146,0.071128457912690957,1.4554410424811136e-05,-0.00098959611578946843,-0.0034696369427288046,-0.0057063031946746863,0,-0.3594204255939274
2.6550000000000002,approach_stop,40,40,0.20000000000000001,0.0050000000000000001,0.86625000000000019,0.75,0,0,3.2000000000000002,0,0.6764515255250908,1.0199127858085693,0,3.1998319253542609,0,-0.0023548105822966126,free_flight_controlled,sep_nmpc_adapted,formal_acados,0.45981400691666058,0,0.38702835902902805,-0.44163751860843026,-0.16319906771469622,-0.098979133044336254,-0.31196378956271575,1.4142135638217491e-10,-0.068539795542949755,0.55390192988248865,0.55390192988248865,false,false,5.721152,0,0,false,0,0.087054598407004885,0,130.14774517583288,130.14774517583288,0,-0.6196184697184105,0,0,-0.6196184697184105,0,0,0.068820751934725893,0.0043908341313509793,0.0034079389271365859,0.0024644545492698224,0.0030622535692299293,0.069429341816999599,-6.1879917044649206e-06,-0.0010026212363039104,-0.003216756094103193,-0.0060641116682899473,0,-0.36223956954347752
2.6600000000000001,approach_stop,40,40,0.20000000000000001,0.0050000000000000001,0.87000000000000011,0.75,0,0,3.2000000000000002,0,0.68155849207080388,1.0228736418978868,0,3.1998203585456513,0,-0.0022715848844245259,free_flight_controlled,sep_nmpc_adapted,formal_acados,0.46379166758417389,0,0.38711091765697547,-0.44276682448662996,-0.16362876459885659,-0.098979133044336254,-0.31196378956271575,1.4142135638217491e-10,-0.068539795542949755,0.55390192988248865,0.55390192988248865,false,false,5.721152,0,0,false,0,0.087157956630109265,0,130.14409955792516,130.14409955792516,0,-0.61913478925135101,0,0,-0.61913478925135101,0,0,0.069163542736157144,0.0043907802412905036,0.0034029137414928658,0.0024490173611677016,0.0030310900006833897,0.067679497723328472,-1.3595000874771097e-05,-0.0010060716543511604,-0.0029568635279732061,-0.0063969065143494996,0,-0.36507530055282689
2.665,approach_stop,40,40,0.20000000000000001,0.0050000000000000001,0.87375000000000003,0.75,0,0,3.2000000000000002,0,0.68668025983571945,1.025833289095065,0,3.1998092093246115,0,-0.0021877833025778799,free_flight_controlled,sep_nmpc_adapted,formal_acados,0.46781058083827198,0,0.3871924439504445,-0.44386967899744745,-0.16404834093343235,-0.098979133044336254,-0.31196378956271575,1.4142135638217491e-10,-0.068539795542949755,0.55390192988248865,0.55390192988248865,false,false,5.721152,0,0,false,0,0.087259873392423415,0,130.14040979138551,130.14040979138551,0,-0.61873477358791562,0,0,-0.61873477358791562,0,0,0.069497468098095816,0.0043907136008584308,0.003397891035051526,0.0024348991769902123,0.00299833009137345,0.065883804782618266,-1.1850464921707358e-05,-0.0010019177224738212,-0.002689146824143715,-0.0067021850336392713,0,-0.36792762336510498
2.6699999999999999,approach_stop,40,40,0.20000000000000001,0.0050000000000000001,0.87749999999999995,0.75,0,0,3.2000000000000002,0,0.69181682300363068,1.0287918189545202,0,3.1997984804073329,0,-0.0021034713425951341,free_flight_controlled,sep_nmpc_adapted,formal_acados,0.47187083127347368,0,0.38727286676984418,-0.44494599173015703,-0.16445775149664565,-0.098979133044336254,-0.31196378956271575,1.4142135638217491e-10,-0.068539795542949755,0.55390192988248865,0.55390192988248865,false,false,5.721152,0,0,false,0,0.087360422925784595,0,130.13667851479613,130.13667851479613,0,-0.61841367315069007,0,0,-0.61841367315069007,0,0,0.069822309199780011,0.0043906723415409934,0.0033929047104769555,0.0024221378975162961,0.0029641188599493617,0.06404632469902069,-3.8275508366393002e-06,-0.00099174734429388666,-0.0024143040336723491,-0.0069769064730151433,0,-0.37079654586234884
2.6750000000000003,approach_stop,40,40,0.20000000000000001,0.0050000000000000001,0.8812500000000002,0.75,0,0,3.2000000000000002,0,0.69696817622120244,1.0317493252362369,0,3.1997881741818825,0,-0.0020187147603096972,free_flight_controlled,sep_nmpc_adapted,formal_acados,0.47597250077688402,0,0.38735211460700791,-0.4459956754443184,-0.16485695261346264,-0.098979133044336254,-0.31196378956271575,1.4142135638217491e-10,-0.068539795542949755,0.55390192988248865,0.55390192988248865,false,false,5.721152,0,0,false,0,0.08745967528395375,0,130.13290840781178,130.13290840781178,0,-0.61816687320537711,0,0,-0.61816687320537711,0,0,0.070137866011392089,0.0043906825876006139,0.0033879815844539514,0.0024107651556829761,0.0029286173018132763,0.062170545225393191,8.4866497224642485e-06,-0.00097681698560276881,-0.002134075249204882,-0.0072177607886274057,0,-0.37368207712081936
2.6800000000000002,approach_stop,40,40,0.20000000000000001,0.0050000000000000001,0.88500000000000012,0.75,0,0,3.2000000000000002,0,0.70213431461109288,1.0347059046724958,0,3.1997782927068532,0,-0.0019335795931013033,free_flight_controlled,sep_nmpc_adapted,formal_acados,0.48011566857316079,0,0.3874301157316854,-0.44701864603793207,-0.16524590214126655,-0.098979133044336254,-0.31196378956271575,1.4142135638217491e-10,-0.068539795542949755,0.55390192988248865,0.55390192988248865,false,false,5.721152,0,0,false,0,0.087557696477404107,0,130.12910219253428,130.12910219253428,0,-0.61798987392410731,0,0,-0.61798987392410731,0,0,0.07044395486604596,0.0043907621269791098,0.0033831428908847644,0.0024008020617842523,0.0028920031795872715,0.060259546316620956,2.3706058002337054e-05,-0.00095811367904134206,-0.001850875618878204,-0.0074213829218916011,0,-0.37658422606846964
2.6850000000000001,approach_stop,40,40,0.20000000000000001,0.0050000000000000001,0.88875000000000004,0.75,0,0,3.2000000000000002,0,0.7073152338215517,1.0376616847371569,0,3.1997688377059732,0,-0.0018481353924053425,free_flight_controlled,sep_nmpc_adapted,formal_acados,0.48430041117724965,0,0.38750679695319967,-0.44801482264430204,-0.16562455942225957,-0.098979133044336254,-0.31196378956271575,1.4142135638217491e-10,-0.068539795542949755,0.55390192988248865,0.55390192988248865,false,false,5.721152,0,0,false,0,0.08765454851314744,0,130.12526278322238,130.12526278322238,0,-0.6178778132707623,0,0,-0.6178778132707623,0,0,0.070740405897847664,0.0043909263672604988,0.0033784157119315858,0.002392222083516088,0.0028544987439509746,0.058315508406888629,4.36058308524287e-05,-0.00092835946231703884,-0.0015950105666230777,-0.0075621848889387625,0,-0.37950292238068922
2.6899999999999999,approach_stop,40,40,0.20000000000000001,0.0050000000000000001,0.89249999999999996,0.75,0,0,3.2000000000000002,0,0.71251093032127544,1.0406168416411985,0,3.1997598105346348,0,-0.0017624569738687445,free_flight_controlled,sep_nmpc_adapted,formal_acados,0.48852680177746582,0,0.38758207379440035,-0.44898412854380965,-0.16599288503387369,-0.098979133044336254,-0.31196378956271575,1.4142135638217491e-10,-0.068539795542949755,0.55390192988248865,0.55390192988248865,false,false,5.721152,0,0,false,0,0.087750288837384088,0,130.12139337146877,130.12139337146877,0,-0.61782516252588104,0,0,-0.61782516252588104,0,0,0.071027059213069954,0.0043912131508335632,0.0033738979645965622,0.0023847131123766515,0.0028165669246376628,0.056341260786086221,7.2215680541762008e-05,-0.00087609127136928594,-0.0014197998771000731,-0.0075937331161898772,0,-0.38243798881029362
2.6949999999999998,approach_stop,40,40,0.20000000000000001,0.0050000000000000001,0.89624999999999988,0.75,0,0,3.2000000000000002,0,0.71772140127322781,1.0435714828753417,0,3.1997512121976643,0,-0.0016766105594408769,free_flight_controlled,sep_nmpc_adapted,formal_acados,0.49279491096322847,0,0.3876558601860407,-0.44992649030999932,-0.16635084105538639,-0.098979133044336254,-0.31196378956271575,1.4142135638217491e-10,-0.068539795542949755,0.55390192988248865,0.55390192988248865,false,false,5.721152,0,0,false,0,0.087844970814886889,0,130.11749678395915,130.11749678395915,0,-0.61782774360881121,0,0,-0.61782774360881121,0,0,0.071303776290760054,0.0043916562459406774,0.0033696718568458762,0.0023779332715535323,0.0027787134001280504,0.054341635114377111,0.00010552409441140399,-0.00081336820738893813,-0.0012994085179264833,-0.00753377397873921,0,-0.38538945836207578
2.7000000000000002,approach_stop,40,40,0.20000000000000001,0.0050000000000000001,0.90000000000000013,0.75,0,0,3.2000000000000002,0,0.72294664435093769,1.0465257088758328,0,3.19974304337202,0,-0.0015906614988560621,free_flight_controlled,sep_nmpc_adapted,formal_acados,0.49710480725378847,0,0.38772807548414379,-0.4508418370971492,-0.16669839120532734,-0.078781882731685515,-0.33271955537983255,1.4142135636017819e-10,-0.080520891439754327,0.50977452194733119,0.50977452194733119,false,false,5.7337800000000003,0,0,false,0,0.087938644338858632,0,130.06226415054297,130.06226415054297,0,-0.6871542879165855,0,0,-0.6871542879165855,0,0,0.071570439461912605,0.0043922709992615955,0.0033657685960202474,0.0023716598022857811,0.0027413566440464263,0.052320127349882943,0.00014047198075865222,-0.00074789095974616955,-0.0012147428717794613,-0.007397099156286161,0,-0.38835737181495666
2.7050000000000001,approach_stop,40,40,0.20000000000000001,0.0050000000000000001,0.90375000000000005,0.75,0,0,3.2000000000000002,0,0.7281866509566709,1.0494768770924365,0,3.1997352523708313,0,-0.0015254889436681789,free_flight_controlled,sep_nmpc_adapted,formal_acados,0.50145655102596298,0,0.3877986111203448,-0.4517300999307079,-0.16703558468220484,-0.078781882731685515,-0.33271955537983255,1.4142135636017819e-10,-0.080520891439754327,0.50977452194733119,0.50977452194733119,false,false,5.7337800000000003,0,0,false,0,0.088030465417591311,0,130.0592354376285,130.0592354376285,0,-0.68477117252244324,0,0,-0.68477117252244324,0,0,0.071828110445253918,0.004392938285622516,0.0033620695159915595,0.0023657081982131848,0.00270484263168196,0.050742962988646403,0.00012861591588372571,-0.00073120627990196942,-0.0011692272682491576,-0.0072001117820674702,0,-0.39134178951196058
2.71,approach_stop,40,40,0.20000000000000001,0.0050000000000000001,0.90749999999999997,0.75,0,0,3.2000000000000002,0,0.73344141241773553,1.0524276530521,0,3.1997277882049477,0,-0.0014599347634966444,free_flight_controlled,sep_nmpc_adapted,formal_acados,0.50585020089078914,0,0.38786736634809044,-0.45259121152694637,-0.16736246893266174,-0.078781882731685515,-0.33271955537983255,1.4142135636017819e-10,-0.080520891439754327,0.50977452194733119,0.50977452194733119,false,false,5.7337800000000003,0,0,false,0,0.08811962047504858,0,130.05618338191513,130.05618338191513,0,-0.68249723409789032,0,0,-0.68249723409789032,0,0,0.072077780291185806,0.0043935784178789775,0.0033584644909924865,0.0023599422850618941,0.0026694334276565384,0.049120357571703924,0.00012871035398982747,-0.00071053102700322575,-0.0011391959062945001,-0.0069562012569542612,0,-0.39434197484269795
2.7149999999999999,approach_stop,40,40,0.20000000000000001,0.0050000000000000001,0.91124999999999989,0.75,0,0,3.2000000000000002,0,0.73871092680006334,1.0553780481618176,0,3.1997206526433741,0,-0.0013940547980794472,free_flight_controlled,sep_nmpc_adapted,formal_acados,0.510285819588431,0,0.38793427809626285,-0.45342510721163232,-0.16767900579166317,-0.078781882731685515,-0.33271955537983255,1.4142135636017819e-10,-0.080520891439754327,0.50977452194733119,0.50977452194733119,false,false,5.7337800000000003,0,0,false,0,0.088206215387443707,0,130.05311005907896,130.05311005907896,0,-0.68032764934987067,0,0,-0.68032764934987067,0,0,0.072319232981157125,0.0043942391387162818,0.003354969835086805,0.0023543010859310679,0.0026353497183851881,0.047456612139000584,0.00013626509531846183,-0.00068723052553218487,-0.0011185391372029714,-0.0066706742981997953,0,-0.39735787555282664
2.7200000000000002,approach_stop,40,40,0.20000000000000001,0.0050000000000000001,0.91500000000000015,0.75,0,0,3.2000000000000002,0,0.74399519223404031,1.0583280768848518,0,3.1997138471750306,0,-0.0013279052665878181,free_flight_controlled,sep_nmpc_adapted,formal_acados,0.51476346773546688,0,0.38799928597019318,-0.45423172449857341,-0.16798515851512821,-0.078781882731685515,-0.33271955537983255,1.4142135636017819e-10,-0.080520891439754327,0.50977452194733119,0.50977452194733119,false,false,5.7337800000000003,0,0,false,0,0.088290351455664898,0,130.05001759132895,130.05001759132895,0,-0.67825773835304759,0,0,-0.67825773835304759,0,0,0.072552271643725533,0.0043949498650488255,0.0033515962235883558,0.0023487480954192505,0.0026027890328899021,0.045755145005240028,0.0001483313181448238,-0.0006622266835922384,-0.0011034054252691268,-0.0063475966523464092,0,-0.40038944055789749
2.7250000000000001,approach_stop,40,40,0.20000000000000001,0.0050000000000000001,0.91875000000000007,0.75,0,0,3.2000000000000002,0,0.74929420693276594,1.0612777580035402,0,3.1997073730066239,0,-0.0012615428461163532,free_flight_controlled,sep_nmpc_adapted,formal_acados,0.5192832038509404,0,0.38806233219046943,-0.45501100308182552,-0.16828089176187441,-0.078781882731685515,-0.33271955537983255,1.4142135636017819e-10,-0.080520891439754327,0.50977452194733119,0.50977452194733119,false,false,5.7337800000000003,0,0,false,0,0.088372125548668717,0,130.04690815105235,130.04690815105235,0,-0.67628293531992734,0,0,-0.67628293531992734,0,0,0.072776714936606965,0.0043957279697558072,0.0033483504996647605,0.0023432622318213803,0.0025719305315873185,0.044018788972194398,0.00016296942530318262,-0.00063615022666969651,-0.0010913676510527978,-0.0059903180019897665,0,-0.40343661852504548
2.73,approach_stop,40,40,0.20000000000000001,0.0050000000000000001,0.92249999999999999,0.75,0,0,3.2000000000000002,0,0.75460796921564965,1.0642271153479363,0,3.1997012310602777,0,-0.0011950246970453082,free_flight_controlled,sep_nmpc_adapted,formal_acados,0.52384508438537836,0,0.38812336159919936,-0.45576288483027128,-0.16856617158277265,-0.078781882731685515,-0.33271955537983255,1.4142135636017819e-10,-0.080520891439754327,0.50977452194733119,0.50977452194733119,false,false,5.7337800000000003,0,0,false,0,0.088451630226606681,0,130.04378396207269,130.04378396207269,0,-0.67439876966767665,0,0,-0.67439876966767665,0,0,0.072992394638639171,0.0043965828993529389,0.0033452368732817526,0.0023378321334509831,0.0025429377103703943,0.04224998548147977,0.00017890231286402566,-0.00060943623159561691,-0.0010808959260311119,-0.0056017961561286638,0,-0.40649935686404504
2.7349999999999999,approach_stop,40,40,0.20000000000000001,0.0050000000000000001,0.92624999999999991,0.75,0,0,3.2000000000000002,0,0.75993647753471671,1.0671761781762459,0,3.1996954219711307,0,-0.0011284084530266167,free_flight_controlled,sep_nmpc_adapted,formal_acados,0.52844916375074047,0,0.3881823217064917,-0.45648731378397622,-0.16884096541433993,-0.078781882731685515,-0.33271955537983255,1.4142135636017819e-10,-0.080520891439754327,0.50977452194733119,0.50977452194733119,false,false,5.7337800000000003,0,0,false,0,0.088528953851628761,0,130.04064729929584,130.04064729929584,0,-0.67260085383388846,0,0,-0.67260085383388846,0,0,0.073199154033321154,0.0043975188809403532,0.0033422577357367488,0.0023324525685663251,0.0025159598255842797,0.040450911877684945,0.00019528918491685014,-0.00058238518601261117,-0.0010710246154029483,-0.0051847941711881751,0,-0.40957760099886009
2.7400000000000002,approach_stop,40,40,0.20000000000000001,0.0050000000000000001,0.93000000000000016,0.75,0,0,3.2000000000000002,0,0.76527973050220688,1.0701249813274232,0,3.1996899460850403,0,-0.0010617521871626463,free_flight_controlled,sep_nmpc_adapted,formal_acados,0.53309549434980164,0,0.38823916275752801,-0.45718423615240522,-0.1691052420751176,-0.078781882731685515,-0.33271955537983255,1.4142135636017819e-10,-0.080520891439754327,0.50977452194733119,0.50977452194733119,false,false,5.7337800000000003,0,0,false,0,0.088604180690445483,0,130.03750048725362,130.03750048725362,0,-0.67088487552461773,0,0,-0.67088487552461773,0,0,0.0733968468121899,0.0043985367081263663,0.0033394142259064214,0.0023271221792639362,0.0024911325494298424,0.038623565175335321,0.00021157772119116948,-0.00055520294669386423,-0.0010611423973035362,-0.004741997202527163,0,-0.41267129383510709
2.7450000000000001,approach_stop,40,40,0.20000000000000001,0.0050000000000000001,0.93375000000000008,0.75,0,0,3.2000000000000002,0,0.77063772691853571,1.0730735652240324,0,3.1996848034565128,0,-0.00099511436199126451,free_flight_controlled,sep_nmpc_adapted,formal_acados,0.53778412660397867,0,0.3882938378079368,-0.45785360031455702,-0.16935897176377443,-0.078781882731685515,-0.33271955537983255,1.4142135636017819e-10,-0.080520891439754327,0.50977452194733119,0.50977452194733119,false,false,5.7337800000000003,0,0,false,0,0.088677391011337328,0,130.03434589788176,130.03434589788176,0,-0.66924659288999,0,0,-0.66924659288999,0,0,0.073585336321118411,0.0043996349242335963,0.0033367066318784173,0.0023218420654908404,0.0024685781772103023,0.036769817463336636,0.00022740717976278487,-0.00052802765506873876,-0.0010508602399860493,-0.0042760788177325058,0,-0.41578037536782408
2.75,approach_stop,40,40,0.20000000000000001,0.0050000000000000001,0.9375,0.75,0,0,3.2000000000000002,0,0.77601046580000577,1.0760219757761795,0,3.1996799938469009,0,-0.00092855376834943381,free_flight_controlled,sep_nmpc_adapted,formal_acados,0.54251510897893862,0,0.38834630279976412,-0.45849535682106712,-0.16960212605826686,-0.058074697058790314,-0.35327829364366181,1.4142135634299375e-10,-0.093294393932365674,0.46120113854653377,0.46120113854653377,false,false,5.8177490000000001,0,0,false,0,0.088748661177394078,0,129.97418554902822,129.97418554902822,0,-0.743971690435005,0,0,-0.743971690435005,0,0,0.073764495033977223,0.0044008106097573703,0.0033341346799989242,0.0023166148965185172,0.0024484055883525432,0.034891452742775449,0.0002425446305904377,-0.00050094847701702395,-0.0010399286883290976,-0.003789735650203623,0,-0.41890478239273521
2.7549999999999999,approach_stop,40,40,0.20000000000000001,0.0050000000000000001,0.94124999999999992,0.75,0,0,3.2000000000000002,0,0.78139793888185838,1.078967217342957,0,3.1996754588255949,0,-0.00088528612076569551,free_flight_controlled,sep_nmpc_adapted,formal_acados,0.54728848122649487,0,0.38839648076818667,-0.45910945765536348,-0.16983477038744876,-0.058074697058790314,-0.35327829364366181,1.4142135634299375e-10,-0.093294393932365674,0.46120113854653377,0.46120113854653377,false,false,5.8177490000000001,0,0,false,0,0.088817082868461905,0,129.97205548224326,129.97205548224326,0,-0.73973892636265992,0,0,-0.73973892636265992,0,0,0.073935486940551673,0.0044019255892831103,0.0033315647934380513,0.0023114019112491523,0.0024306995225508582,0.033500979099677385,0.00020569439300485441,-0.00052610334853448425,-0.0010453496964170806,-0.0032920054755122261,0,-0.42204442104567857
2.7600000000000002,approach_stop,40,40,0.20000000000000001,0.0050000000000000001,0.94500000000000017,0.75,0,0,3.2000000000000002,0,0.78680013753868783,1.0819121990085379,0,3.1996711408446092,0,-0.00084174498096589376,free_flight_controlled,sep_nmpc_adapted,formal_acados,0.55210428153035862,0,0.38844430181609424,-0.45969585600832918,-0.17005696793846664,-0.058074697058790314,-0.35327829364366181,1.4142135634299375e-10,-0.093294393932365674,0.46120113854653377,0.46120113854653377,false,false,5.8177490000000001,0,0,false,0,0.088881781059641646,0,129.96992105705462,129.96992105705462,0,-0.73564349303665655,0,0,-0.73564349303665655,0,0,0.074099394515464517,0.0044028935805043449,0.003328890076520985,0.002306164179901201,0.002415490367002779,0.032058423228029376,0.00018293041365270553,-0.00054289118231809312,-0.0010495518022626434,-0.0027912257625078429,0,-0.42519838381224662
2.7650000000000001,approach_stop,40,40,0.20000000000000001,0.0050000000000000001,0.94875000000000009,0.75,0,0,3.2000000000000002,0,0.79221706036776007,1.0848568803215661,0,3.1996670411493113,0,-0.00079797936798108244,free_flight_controlled,sep_nmpc_adapted,formal_acados,0.55696255309697273,0,0.38848973644404178,-0.46025450727078732,-0.17026868726896363,-0.058074697058790314,-0.35327829364366181,1.4142135634299375e-10,-0.093294393932365674,0.46120113854653377,0.46120113854653377,false,false,5.8177490000000001,0,0,false,0,0.088942893169130816,0,129.96778381266131,129.96778381266131,0,-0.73168004911928475,0,0,-0.73168004911928475,0,0,0.07425596945826532,0.0044037739461340727,0.0033261515881646002,0.0023009111645032089,0.0024027898713694703,0.030568488631243486,0.00017009757548142466,-0.00055168732966250447,-0.0010513140169172194,-0.0022887401605762958,0,-0.42836650969433071
2.77,approach_stop,40,40,0.20000000000000001,0.0050000000000000001,0.95250000000000001,0.75,0,0,3.2000000000000002,0,0.79764870577555669,1.0878012253974592,0,3.1996631607389241,0,-0.00075403872827803646,free_flight_controlled,sep_nmpc_adapted,formal_acados,0.56186333714613157,0,0.38853275723726022,-0.4607853686294251,-0.17046989825002082,-0.058074697058790314,-0.35327829364366181,1.4142135634299375e-10,-0.093294393932365674,0.46120113854653377,0.46120113854653377,false,false,5.8177490000000001,0,0,false,0,0.089000551326337357,0,129.96564534037086,129.96564534037086,0,-0.72784340573345951,0,0,-0.72784340573345951,0,0,0.074404985030274734,0.0044046088438332645,0.0033233877390348551,0.0022956567990410309,0.0023926037081365608,0.029035141877931259,0.00016437277436685282,-0.00055314122077117461,-0.0010500216741462975,-0.0017856707982832655,0,-0.43154864224147849
2.7749999999999999,approach_stop,40,40,0.20000000000000001,0.0050000000000000001,0.95624999999999993,0.75,0,0,3.2000000000000002,0,0.80309507200263874,1.0907452043466204,0,3.1996595003641009,0,-0.00070997327298377092,free_flight_controlled,sep_nmpc_adapted,formal_acados,0.56680667317824251,0,0.38857333989655374,-0.46128839882439621,-0.17066057202961343,-0.058074697058790314,-0.35327829364366181,1.4142135634299375e-10,-0.093294393932365674,0.46120113854653377,0.46120113854653377,false,false,5.8177490000000001,0,0,false,0,0.089054882531810431,0,129.96350729923665,129.96350729923665,0,-0.72412849338531171,0,0,-0.72412849338531171,0,0,0.07454623215399804,0.0044054288080834095,0.0033206349851799388,0.0022904210932514994,0.0023849230005404311,0.027460587146317012,0.00016407958317184751,-0.00054551012973725601,-0.0010393183578689188,-0.0012970684474804919,0,-0.43474457950981216
2.7800000000000002,approach_stop,40,40,0.20000000000000001,0.0050000000000000001,0.96000000000000019,0.75,0,0,3.2000000000000002,0,0.80855615720084573,1.0936888194632424,0,3.1996560605131479,0,-0.00066583856943928943,free_flight_controlled,sep_nmpc_adapted,formal_acados,0.57179260813139887,0,0.38861149682062002,-0.46176354906944683,-0.170840679844666,-0.058074697058790314,-0.35327829364366181,1.4142135634299375e-10,-0.093294393932365674,0.46120113854653377,0.46120113854653377,false,false,5.8177490000000001,0,0,false,0,0.089106008677646148,0,129.96137162935761,129.96137162935761,0,-0.72052989721653393,0,0,-0.72052989721653393,0,0,0.074679486608069709,0.0044062655458644209,0.0033179902728899301,0.0022853690610560684,0.0023793874776840895,0.025837225242790123,0.00017171031971518086,-0.00050730876569740309,-0.00097272442629984211,-0.00094016573073873674,0,-0.43795367367496019
2.7850000000000001,approach_stop,40,40,0.20000000000000001,0.0050000000000000001,0.96375000000000011,0.75,0,0,3.2000000000000002,0,0.81403195963920416,1.0966321062757494,0,3.1996528413894216,0,-0.00062169149432316829,free_flight_controlled,sep_nmpc_adapted,formal_acados,0.57682119664911091,0,0.38864727527623677,-0.46221076299009323,-0.17101019291394048,-0.058074697058790314,-0.35327829364366181,1.4142135634299375e-10,-0.093294393932365674,0.46120113854653377,0.46120113854653377,false,false,5.8177490000000001,0,0,false,0,0.08915404624797553,0,129.95924036862326,129.95924036862326,0,-0.71704184832824758,0,0,-0.71704184832824758,0,0,0.074804510780805203,0.0044071638150247243,0.0033156111563524293,0.0022807573772618797,0.0023753351834671734,0.024169637598833865,0.00018867199580595702,-0.00044073765571612437,-0.00086778832164654293,-0.00069565624183991074,0,-0.44117562662725868
2.79,approach_stop,40,40,0.20000000000000001,0.0050000000000000001,0.96750000000000003,0.75,0,0,3.2000000000000002,0,0.81952247775008669,1.0995750927659547,0,3.1996498429171121,0,-0.00057758701770758536,free_flight_controlled,sep_nmpc_adapted,formal_acados,0.58189248748331379,0,0.38868070671955329,-0.46262999026677287,-0.17116908420094679,-0.058074697058790314,-0.35327829364366181,1.4142135634299375e-10,-0.093294393932365674,0.46120113854653377,0.46120113854653377,false,false,5.8177490000000001,0,0,false,0,0.089199106426516836,0,129.9571155040436,129.9571155040436,0,-0.71365893872507458,0,0,-0.71365893872507458,0,0,0.074921102010333626,0.0044081685146197943,0.0033136183567982025,0.0022767198254559683,0.0023723099617001617,0.022465039889394387,0.00021405119052165242,-0.00035402573594624681,-0.00074564889538934601,-0.00052414862431724124,0,-0.44441027929943921
2.7949999999999999,approach_stop,40,40,0.20000000000000001,0.0050000000000000001,0.97124999999999995,0.75,0,0,3.2000000000000002,0,0.82502771008504971,1.1025177991050341,0,3.1996470647488873,0,-0.00053357882625602111,free_flight_controlled,sep_nmpc_adapted,formal_acados,0.58700652386616392,0,0.38871180987164344,-0.46302118621888577,-0.17131732842669231,-0.058074697058790314,-0.35327829364366181,1.4142135634299375e-10,-0.093294393932365674,0.46120113854653377,0.46120113854653377,false,false,5.8177490000000001,0,0,false,0,0.089241295424090761,0,129.95499899891834,129.95499899891834,0,-0.71037611231045228,0,0,-0.71037611231045228,0,0,0.075029091055224068,0.0044093175907031525,0.0033120949344362365,0.0022733101887194144,0.0023700144778200831,0.020729588944162165,0.00024611722983109986,-0.00025399149408176965,-0.00061803342296344143,-0.00040043383732950413,0,-0.44765748485103896
2.8000000000000003,approach_stop,40,40,0.20000000000000001,0.0050000000000000001,0.9750000000000002,0.75,0,0,3.2000000000000002,0,0.83054765528260377,1.1054602403112315,0,3.1996445062716106,0,-0.00048971959210836788,free_flight_controlled,sep_nmpc_adapted,formal_acados,0.59216334446298158,0,0.38874059539425648,-0.46338431081962217,-0.17145490197983704,-0.037055518431403645,-0.37375140178792188,1.4142135632924357e-10,-0.10688491619749983,0.40818295973624891,0.40818295973624891,false,false,5.7246449999999998,0,0,false,0,0.089280714763624827,0,129.89030447848117,129.89030447848117,0,-0.79049157152572869,0,0,-0.79049157152572869,0,0,0.075128336957030653,0.0044106396396937893,0.0033110933671301004,0.0022705383041512046,0.0023682532169499683,0.018968459950685808,0.00028293196205539525,-0.00014607094616389229,-0.00049129925645409109,-0.00030831753412011712,0,-0.45091710663318307
2.8050000000000002,approach_stop,40,40,0.20000000000000001,0.0050000000000000001,0.97875000000000012,0.75,0,0,3.2000000000000002,0,0.83608230378365822,1.1083990818467924,0,3.1996421029799169,0,-0.0004715099420352018,free_flight_controlled,sep_nmpc_adapted,formal_acados,0.59736297627387747,0,0.38876702885452619,-0.46371932750978073,-0.1715818839027706,-0.037055518431403645,-0.37375140178792188,1.4142135632924357e-10,-0.10688491619749983,0.40818295973624891,0.40818295973624891,false,false,5.7246449999999998,0,0,false,0,0.089316390434871842,0,129.88936944692273,129.88936944692273,0,-0.78440445045622942,0,0,-0.78440445045622942,0,0,0.075220124165898558,0.0044120067858193909,0.0033104951599052294,0.0022683402506700678,0.0023668936368821613,0.017744297488873323,0.00026664023703711862,-9.2395642461575827e-05,-0.00038982451758307583,-0.00023884463143826048,0,-0.45418896048665808
2.8100000000000001,approach_stop,40,40,0.20000000000000001,0.0050000000000000001,0.98250000000000004,0.75,0,0,3.2000000000000002,0,0.84163164539525881,1.1113374675035419,0,3.1996397914530315,0,-0.00045302023825663658,free_flight_controlled,sep_nmpc_adapted,formal_acados,0.60260544213951928,0,0.38879107359921583,-0.46402620325573951,-0.17169835096870928,-0.037055518431403645,-0.37375140178792188,1.4142135632924357e-10,-0.10688491619749983,0.40818295973624891,0.40818295973624891,false,false,5.7246449999999998,0,0,false,0,0.089347384661559393,0,129.88844556228423,129.88844556228423,0,-0.77848253110063359,0,0,-0.77848253110063359,0,0,0.075305661899850884,0.0044133384934289185,0.003310185653750828,0.0022666251275798724,0.0023658369281334378,0.016469665372734754,0.00026759221089837188,-3.1081425335937887e-05,-0.00029787824341011055,-0.00018612696317450036,0,-0.45747204247158435
2.8149999999999999,approach_stop,40,40,0.20000000000000001,0.0050000000000000001,0.98624999999999996,0.75,0,0,3.2000000000000002,0,0.84719567757659764,1.1142752928807778,0,3.1996375729941557,0,-0.00043428937652131389,free_flight_controlled,sep_nmpc_adapted,formal_acados,0.60789076896289806,0,0.38881273125440752,-0.46430490861369955,-0.17180427663815934,-0.037055518431403645,-0.37375140178792188,1.4142135632924357e-10,-0.10688491619749983,0.40818295973624891,0.40818295973624891,false,false,5.7246449999999998,0,0,false,0,0.089373865221584262,0,129.8875335643325,129.8875335643325,0,-0.77272025404324263,0,0,-0.77272025404324263,0,0,0.075384714169257142,0.0044147051149471608,0.0033101957870460058,0.0022653488188481832,0.0023650130970080414,0.015150852372295477,0.00027979822310158375,3.5051020648976907e-05,-0.00021407797380686798,-0.00014499334979839744,0,-0.46076615556725847
2.8199999999999998,approach_stop,40,40,0.20000000000000001,0.0050000000000000001,0.98999999999999988,0.75,0,0,3.2000000000000002,0,0.85277439726742843,1.1172124548312332,0,3.1996354487118817,0,-0.00041535633195366592,free_flight_controlled,sep_nmpc_adapted,formal_acados,0.6132189804689816,0,0.38883200191788092,-0.46455541679844681,-0.17189963580664894,-0.037055518431403645,-0.37375140178792188,1.4142135632924357e-10,-0.10688491619749983,0.40818295973624891,0.40818295973624891,false,false,5.7246449999999998,0,0,false,0,0.089395994147971003,0,129.88663423201464,129.88663423201464,0,-0.76711229658318159,0,0,-0.76711229658318159,0,0,0.075457072912836043,0.004416151815534129,0.0033105436263839694,0.0022644736138521296,0.0023643734898395811,0.013792815512137561,0.00029906147105328491,0.00010367045928133851,-0.00013725807102502946,-0.00011196603754297669,0,-0.46407111365471854
2.8250000000000002,approach_stop,40,40,0.20000000000000001,0.0050000000000000001,0.99375000000000013,0.75,0,0,3.2000000000000002,0,0.85836780089960651,1.1201488536388431,0,3.1996334195193143,0,-0.00039626035191666232,free_flight_controlled,sep_nmpc_adapted,formal_acados,0.61859009739413962,0,0.38884888501021198,-0.46477770350546688,-0.17198440477398189,-0.037055518431403645,-0.37375140178792188,1.4142135632924357e-10,-0.10688491619749983,0.40818295973624891,0.40818295973624891,false,false,5.7246449999999998,0,0,false,0,0.089413927945152585,0,129.88574839210042,129.88574839210042,0,-0.76165352413971266,0,0,-0.76165352413971266,0,0,0.075522552339915699,0.00441770605726741,0.0033112367242802512,0.0022639669883622207,0.0023638838131246906,0.012399558125734057,0.00032242181871117463,0.00017289249146481612,-6.6510445061663425e-05,-8.4703866137814376e-05,0,-0.46738673938336417
2.8300000000000001,approach_stop,40,40,0.20000000000000001,0.0050000000000000001,0.99750000000000005,0.75,0,0,3.2000000000000002,0,0.86397588441812079,1.1230843944675051,0,3.1996314861323962,0,-0.0003770410688910341,free_flight_controlled,sep_nmpc_adapted,formal_acados,0.62400413761194029,0,0.38886337985914732,-0.46497174680618047,-0.17205856122668012,-0.037055518431403645,-0.37375140178792188,1.4142135632924357e-10,-0.10688491619749983,0.40818295973624891,0.40818295973624891,false,false,5.7246449999999998,0,0,false,0,0.089427817771440071,0,129.88487692430127,129.88487692430127,0,-0.75633895593182299,0,0,-0.75633895593182299,0,0,0.07558098486359173,0.0044193827761060461,0.0033122741907634068,0.0022638003384545871,0.002363519438161492,0.010974394965197842,0.00034777726369793573,0.00024121276343005169,-1.1701156995598544e-06,-6.1632161289728462e-05,0,-0.47071286265948425
2.835,approach_stop,40,40,0.20000000000000001,0.0050000000000000001,1.00125,0.75,0,0,3.2000000000000002,0,0.86959864330801284,1.1260189882972702,0,3.1996296490678291,0,-0.00035773855752552908,free_flight_controlled,sep_nmpc_adapted,formal_acados,0.62946111621420053,0,0.38887548610019707,-0.46513752709381229,-0.17212208422952044,-0.037055518431403645,-0.37375140178792188,1.4142135632924357e-10,-0.10688491619749983,0.40818295973624891,0.40818295973624891,false,false,5.7246449999999998,0,0,false,0,0.08943780959873103,0,129.88402076389707,129.88402076389707,0,-0.75116374074024794,0,0,-0.75116374074024794,0,0,0.075632218151021335,0.004421187984191716,0.0033136484184616453,0.0022639478513229974,0.0023632622283791542,0.0095201386414758751,0.00037362478895390489,0.00030743751084385466,5.9221242308564443e-05,-4.169526378371764e-05,0,-0.47404931956283131
2.8399999999999999,approach_stop,40,40,0.20000000000000001,0.0050000000000000001,1.0049999999999999,0.75,0,0,3.2000000000000002,0,0.87523607262502257,1.1289525525003734,0,3.1996279086407973,0,-0.00033839335275100498,free_flight_controlled,sep_nmpc_adapted,formal_acados,0.63496104556083832,0,0.38888520394955983,-0.46527502706418422,-0.17217495422332521,-0.037055518431403645,-0.37375140178792188,1.4142135632924357e-10,-0.10688491619749983,0.40818295973624891,0.40818295973624891,false,false,5.7246449999999998,0,0,false,0,0.089444044355801916,0,129.88318090260694,129.88318090260694,0,-0.74612313977774891,0,0,-0.74612313977774891,0,0,0.075676112960361308,0.0044231212913351942,0.0033153464751219017,0.0022643855761891366,0.0023630983875603541,0.0080392310961992404,0.00039888198422567683,0.00037062092179064072,0.00011495700237302081,-2.4190107529386495e-05,0,-0.47739595155825437
2.8450000000000002,approach_stop,40,40,0.20000000000000001,0.0050000000000000001,1.00875,0.75,0,0,3.2000000000000002,0,0.8808881670284463,1.1318850111645953,0,3.1996262649626828,0,-0.00031904644082961827,free_flight_controlled,sep_nmpc_adapted,formal_acados,0.64050393530803518,0,0.38889253438825672,-0.4653842317204111,-0.17221715302697579,-0.037055518431403645,-0.37375140178792188,1.4142135632924357e-10,-0.10688491619749983,0.40818295973624891,0.40818295973624891,false,false,5.7246449999999998,0,0,false,0,0.089446658059660636,0,129.8823583882189,129.8823583882189,0,-0.7412125145706091,0,0,-0.7412125145706091,0,0,0.075712541533127828,0.0044251776807968726,0.0033173512075721162,0.0022650906993509183,0.0023630169963686993,0.0065338365630784583,0.00042276365583517002,0.00043001257149965718,0.00016620472542255209,-8.6536927475104465e-06,0,-0.48075260491112504
2.8500000000000001,approach_stop,40,40,0.20000000000000001,0.0050000000000000001,1.0125000000000002,0.75,0,0,3.2000000000000002,0,0.88655492081514176,1.1348162952398531,0,3.1996247179388724,0,-0.00029973923171482136,free_flight_controlled,sep_nmpc_adapted,formal_acados,0.64608979242135978,0,0.3888974792842973,-0.46546512839378196,-0.17224866384220561,-0.015875237247371388,-0.39418078259384942,1.4142135631804419e-10,-0.1212935798906758,0.35072676622360177,0.35072676622360177,false,false,5.7168989999999997,0,0,false,0,0.08944578193811871,0,129.81360182210611,129.81360182210611,0,-0.82672574022437351,0,0,-0.82672574022437351,0,0,0.0757413863798094,0.0044273487681263882,0.0033196421088584034,0.0022660410014966187,0.0023630090153957499,0.0050059074886270394,0.00044469608724206634,0.000485015148126466,0.00021303966645555217,5.213386053151419e-06,0,-0.48411913024368597
2.855,approach_stop,40,40,0.20000000000000001,0.0050000000000000001,1.0162499999999999,0.75,0,0,3.2000000000000002,0,0.89223631898156497,1.1377427096561064,0,3.1996231981510399,0,-0.00030815492203722472,free_flight_controlled,sep_nmpc_adapted,formal_acados,0.6517186127682828,0,0.38889999800819358,-0.46551770621328215,-0.17226958081859767,-0.015875237247371388,-0.39418078259384942,1.4142135631804419e-10,-0.1212935798906758,0.35072676622360177,0.35072676622360177,false,false,5.7168989999999997,0,0,false,0,0.089440381489167983,0,129.81410810632079,129.81410810632079,0,-0.81881845420115185,0,0,-0.81881845420115185,0,0,0.075764058854972657,0.0044294643999616516,0.0033220367423691648,0.0022671599871790698,0.0023630638393427293,0.0040624686163397246,0.00040353204882190226,0.00047237813761423763,0.00023266266011421876,1.5986435071962228e-05,0,-0.48749528855936775
2.8599999999999999,approach_stop,40,40,0.20000000000000001,0.0050000000000000001,1.02,0.75,0,0,3.2000000000000002,0,0.89793234549006573,1.1406676030787382,0,3.1996216374786468,0,-0.00031609837831455715,free_flight_controlled,sep_nmpc_adapted,formal_acados,0.65739038882853107,0,0.38890005169870867,-0.46554195666153464,-0.17227999535004093,-0.015875237247371388,-0.39418078259384942,1.4142135631804419e-10,-0.1212935798906758,0.35072676622360177,0.35072676622360177,false,false,5.7168989999999997,0,0,false,0,0.089429461539244914,0,129.81463326524724,129.81463326524724,0,-0.8111131676432568,0,0,-0.8111131676432568,0,0,0.075781875850043576,0.0044314133294213499,0.0033243748473790985,0.0022683550147572402,0.0023631622991512474,0.0030644382897315556,0.00037697891279680579,0.00046232533696600038,0.00024392379638810886,2.2839133142063221e-05,0,-0.49087996377228438
2.8650000000000002,approach_stop,40,40,0.20000000000000001,0.0050000000000000001,1.0237500000000002,0.75,0,0,3.2000000000000002,0,0.90364299232689727,1.1435908664534939,0,3.1996200382040567,0,-0.00032361052950785553,free_flight_controlled,sep_nmpc_adapted,formal_acados,0.66310511834620645,0,0.38889764577119079,-0.4655378739806908,-0.17227988660532076,-0.015875237247371388,-0.39418078259384942,1.4142135631804419e-10,-0.1212935798906758,0.35072676622360177,0.35072676622360177,false,false,5.7168989999999997,0,0,false,0,0.089413224998134727,0,129.81517762921032,129.81517762921032,0,-0.80359931398573448,0,0,-0.80359931398573448,0,0,0.075794578820498101,0.0044332533293519405,0.0033266674231148389,0.0022695906246009852,0.0023632872786371901,0.0020212111273366943,0.00035542661038814828,0.00045336329303956004,0.00024993658978304903,2.7051740316864932e-05,0,-0.49427282719049681
2.8700000000000001,approach_stop,40,40,0.20000000000000001,0.0050000000000000001,1.0275000000000001,0.75,0,0,3.2000000000000002,0,0.90936825838310764,1.146515980821025,0,3.1996184011008681,0,-0.00033136372273520035,free_flight_controlled,sep_nmpc_adapted,formal_acados,0.66886279988370401,0,0.3888927949834089,-0.46550545849940361,-0.17226924513370467,-0.015875237247371388,-0.39418078259384942,1.4142135631804419e-10,-0.1212935798906758,0.35072676622360177,0.35072676622360177,false,false,5.7168989999999997,0,0,false,0,0.089391785216987832,0,129.81577136606481,129.81577136606481,0,-0.79599504145508415,0,0,-0.79599504145508415,0,0,0.075802439309060027,0.0044345295061930315,0.0033288176512417974,0.0022709269123167837,0.0023634673056182058,0.0011716954012291683,0.00011252068649266327,0.00039402838084441898,0.00028982064404585369,4.8256030399360431e-05,0,-0.49766786656775397
2.875,approach_stop,40,40,0.20000000000000001,0.0050000000000000001,1.03125,0.75,0,0,3.2000000000000002,0,0.91510815207024498,1.1494410334230984,0,3.1996167249454595,0,-0.00033908999769430661,free_flight_controlled,sep_nmpc_adapted,formal_acados,0.67466343562635678,0,0.38888553426289607,-0.46544471644388818,-0.17224807672734524,-0.015875237247371388,-0.39418078259384942,1.4142135631804419e-10,-0.1212935798906758,0.35072676622360177,0.35072676622360177,false,false,5.7168989999999997,0,0,false,0,0.08936513205521647,0,129.81640220055391,129.81640220055391,0,-0.78840918821721784,0,0,-0.78840918821721784,0,0,0.075806340192184574,0.0044343026469365237,0.0033305434144373968,0.0022724751229912764,0.002363773623916265,0.00037856972472323421,-0.00018541273973857514,0.0002941577193311474,0.00032271002628695523,7.224889710872375e-05,0,-0.50106738787692473
2.8799999999999999,approach_stop,40,40,0.20000000000000001,0.0050000000000000001,1.0349999999999999,0.75,0,0,3.2000000000000002,0,0.92086266432821273,1.1523633944651039,0,3.1996150112668165,0,-0.00034637944216943687,free_flight_controlled,sep_nmpc_adapted,formal_acados,0.68050701827875348,0,0.38887588668159079,-0.46535564604945923,-0.17221636749346325,-0.015875237247371388,-0.39418078259384942,1.4142135631804419e-10,-0.1212935798906758,0.35072676622360177,0.35072676622360177,false,false,5.7168989999999997,0,0,false,0,0.089333422847772875,0,129.81704998299972,129.81704998299972,0,-0.78102330235166151,0,0,-0.78102330235166151,0,0,0.07580601565232363,0.0044328335062838002,0.0033317594158174071,0.0022741007673748631,0.002364171095884454,-0.00051493935272054348,-0.00039081018762274357,0.00019153028725299619,0.00032279725028045152,8.5065796189383642e-05,0,-0.50447506667672926
2.8850000000000002,approach_stop,40,40,0.20000000000000001,0.0050000000000000001,1.0387500000000003,0.75,0,0,3.2000000000000002,0,0.92663178153078429,1.1552829992557829,0,3.1996132621456028,0,-0.00035327420487166124,free_flight_controlled,sep_nmpc_adapted,formal_acados,0.68639353470626918,0,0.38886386782152937,-0.46523824682451509,-0.17217409982192122,-0.015875237247371388,-0.39418078259384942,1.4142135631804419e-10,-0.1212935798906758,0.35072676622360177,0.35072676622360177,false,false,5.7168989999999997,0,0,false,0,0.089296853809360865,0,129.81771512117101,129.81771512117101,0,-0.7738299838231969,0,0,-0.7738299838231969,0,0,0.075801014037902334,0.0044305003417096948,0.0033324683475939934,0.0022756667717163709,0.0023646091225126738,-0.0014898572524459099,-0.00053519169613751392,9.197631582358716e-05,0.00030029139672400006,8.8819221839837073e-05,0,-0.50789061516574985
2.8900000000000001,approach_stop,40,40,0.20000000000000001,0.0050000000000000001,1.0425,0.75,0,0,3.2000000000000002,0,0.93241548969482002,1.1581997648633902,0,3.1996114794545409,0,-0.00035981435870349396,free_flight_controlled,sep_nmpc_adapted,formal_acados,0.69232296801886717,0,0.38884949049152356,-0.46509252167595283,-0.17212125788104354,-0.015875237247371388,-0.39418078259384942,1.4142135631804419e-10,-0.1212935798906758,0.35072676622360177,0.35072676622360177,false,false,5.7168989999999997,0,0,false,0,0.089255613769532449,0,129.8183979835888,129.8183979835888,0,-0.76682248118151075,0,0,-0.76682248118151075,0,0,0.075790963545419893,0.0044275531892155277,0.0033326926301736831,0.0022770794220512806,0.002365047445101129,-0.0025328369146995051,-0.00063912753623294148,-2.0896446454496444e-06,0.00026247826636627649,8.549460990617574e-05,0,-0.51131377745739159
2.895,approach_stop,40,40,0.20000000000000001,0.0050000000000000001,1.0462500000000001,0.75,0,0,3.2000000000000002,0,0.93821377439723097,1.1611135995042172,0,3.1996096648689787,0,-0.00036603891201121867,free_flight_controlled,sep_nmpc_adapted,formal_acados,0.69829529788793399,0,0.38883276572661662,-0.46491847650929696,-0.17205782747203935,-0.015875237247371388,-0.39418078259384942,1.4142135631804419e-10,-0.1212935798906758,0.35072676622360177,0.35072676622360177,false,false,5.7168989999999997,0,0,false,0,0.089209884818887183,0,129.81909894215704,129.81909894215704,0,-0.7599945055329228,0,0,-0.7599945055329228,0,0,0.075775549113064458,0.0044241581686086913,0.0033324617813403241,0.0022782758159953132,0.0023654550777084146,-0.003634278073941071,-0.00071612547209727855,-9.0043819944326674e-05,0.0002145101317235399,7.6802373488678408e-05,0,-0.5147443199464643
2.8999999999999999,approach_stop,40,40,0.20000000000000001,0.0050000000000000001,1.0499999999999998,0.75,0,0,3.2000000000000002,0,0.94402662074725752,1.1640244087248037,0,3.1996078198704869,0,-0.00037198645045831679,free_flight_controlled,sep_nmpc_adapted,formal_acados,0.70431050078463031,0,0.38881370356652956,-0.46471611996262718,-0.17198379594697527,0.0052973579046067254,-0.41457039530717804,1.414213563087974e-10,-0.13649967766597346,0.28884930323281827,0.28884930323281827,false,false,5.7270120000000002,0,0,false,0,0.089159842666065289,0,129.74687026006791,129.74687026006791,0,-0.85059561288991881,0,0,-0.85059561288991881,0,0,0.075754496989934555,0.0044204261241152674,0.0033318059563669611,0.0022792147415374333,0.0023658088058177533,-0.0047870915246035076,-0.00077511574226837355,-0.00017214494472323605,0.00015999483689839772,6.4140114102183383e-05,0,-0.51818202491166654
2.9050000000000002,approach_stop,40,40,0.20000000000000001,0.0050000000000000001,1.0537500000000002,0.75,0,0,3.2000000000000002,0,0.94985400380462981,1.166928255215786,0,3.1996058715286786,0,-0.00040738102428424384,free_flight_controlled,sep_nmpc_adapted,formal_acados,0.7103685411457239,0,0.38879226693219071,-0.46448546265890589,-0.17189927016556378,0.0052973579046067254,-0.41457039530717804,1.414213563087974e-10,-0.13649967766597346,0.28884930323281827,0.28884930323281827,false,false,5.7270120000000002,0,0,false,0,0.089104406305001035,0,129.74903666309197,129.74903666309197,0,-0.84061365300825741,0,0,-0.84061365300825741,0,0,0.075729207170078194,0.0044162479262938783,0.0033305856796953621,0.0022798130342019207,0.0023660887869818696,-0.0053267598505565908,-0.00090103402445168655,-0.00031171119256349125,7.8737572602153411e-05,4.7018353795687662e-05,0,-0.5216264832039621
2.9100000000000001,approach_stop,40,40,0.20000000000000001,0.0050000000000000001,1.0575000000000001,0.75,0,0,3.2000000000000002,0,0.9556958980920357,1.1698288874842881,0,3.1996037483160742,0,-0.00044194167436111697,free_flight_controlled,sep_nmpc_adapted,formal_acados,0.71646937982829595,0,0.38876841799997386,-0.46422651826373973,-0.17180435427382182,0.0052973579046067254,-0.41457039530717804,1.414213563087974e-10,-0.13649967766597346,0.28884930323281827,0.28884930323281827,false,false,5.7270120000000002,0,0,false,0,0.089042534446013177,0,129.75122326009478,129.75122326009478,0,-0.83088218080367726,0,0,-0.83088218080367726,0,0,0.075701086961634384,0.0044113814562848387,0.0033287441508577332,0.0022800053973469014,0.0023662726132080963,-0.005915573230384101,-0.0010564381856104582,-0.00041968809065976245,-9.0139834635158145e-07,2.613289323902713e-05,0,-0.52507608141230822
2.915,approach_stop,40,40,0.20000000000000001,0.0050000000000000001,1.06125,0.75,0,0,3.2000000000000002,0,0.96155228704700402,1.1727260780873869,0,3.199601454334053,0,-0.00047569237604012975,free_flight_controlled,sep_nmpc_adapted,formal_acados,0.7226129837360139,0,0.38874216493457481,-0.46393930331099009,-0.17169903155874414,0.0052973579046067254,-0.41457039530717804,1.414213563087974e-10,-0.13649967766597346,0.28884930323281827,0.28884930323281827,false,false,5.7270120000000002,0,0,false,0,0.088974474536487547,0,129.7534288746086,129.7534288746086,0,-0.82139449451936009,0,0,-0.82139449451936009,0,0,0.075669910048835401,0.0044056629097555316,0.0033264274824893092,0.0022798104903627922,0.0023663470336464133,-0.0065502594094795996,-0.0012396503520711662,-0.0005034342069145419,-7.6088315379215575e-05,3.5035569938732376e-06,0,-0.52853051194395617
2.9199999999999999,approach_stop,40,40,0.20000000000000001,0.0050000000000000001,1.0649999999999999,0.75,0,0,3.2000000000000002,0,0.96742315280867119,1.175619569060534,0,3.1995989935806319,0,-0.00050865415738181644,free_flight_controlled,sep_nmpc_adapted,formal_acados,0.72879931727131975,0,0.38871351664524906,-0.46362383553735143,-0.17158328644389254,0.0052973579046067254,-0.41457039530717804,1.414213563087974e-10,-0.13649967766597346,0.28884930323281827,0.28884930323281827,false,false,5.7270120000000002,0,0,false,0,0.088900467012418355,0,129.75565224695077,129.75565224695077,0,-0.81214473982186042,0,0,-0.81214473982186042,0,0,0.075635440744064086,0.004398981386353723,0.0033237350260034923,0.0022792512318928798,0.0023663064774687935,-0.0072331492417106093,-0.0014400004132920394,-0.00057110081716413698,-0.00014667229027619743,-1.9715822740541101e-05,0,-0.53198955055904895
2.9250000000000003,approach_stop,40,40,0.20000000000000001,0.0050000000000000001,1.0687500000000001,0.75,0,0,3.2000000000000002,0,0.97330847627137906,1.1785091203001656,0,3.1995963699428289,0,-0.00054085037504434459,free_flight_controlled,sep_nmpc_adapted,formal_acados,0.73502834235433279,0,0.38868248314414655,-0.46328013391704626,-0.17145710451172333,0.0052973579046067254,-0.41457039530717804,1.414213563087974e-10,-0.13649967766597346,0.28884930323281827,0.28884930323281827,false,false,5.7270120000000002,0,0,false,0,0.088820745471287127,0,129.75789227840843,129.75789227840843,0,-0.80312705829459574,0,0,-0.80312705829459574,0,0,0.07559743428346978,0.004391271557941427,0.0033207328174931815,0.0022783499287791797,0.0023661497672730395,-0.0079655948523834515,-0.0016497522335766487,-0.00062806488895852085,-0.00021299086532887732,-4.2883165066953205e-05,0,-0.53545297730941244
2.9300000000000002,approach_stop,40,40,0.20000000000000001,0.0050000000000000001,1.0725000000000002,0.75,0,0,3.2000000000000002,0,0.97920823717189076,1.1813945087557913,0,3.1995935871854044,0,-0.0005723065596338079,free_flight_controlled,sep_nmpc_adapted,formal_acados,0.74130001841632498,0,0.38864907567847051,-0.46290821875556576,-0.17132047254219837,0.0052973579046067254,-0.41457039530717804,1.414213563087974e-10,-0.13649967766597346,0.28884930323281827,0.28884930323281827,false,false,5.7270120000000002,0,0,false,0,0.088735536748420343,0,129.76014802556557,129.76014802556557,0,-0.79433559838666101,0,0,-0.79433559838666101,0,0,0.075555641027049342,0.0043825013287978149,0.0033174648192976354,0.0022771265674514964,0.0023658780684818028,-0.0087482298154379721,-0.001863232289059385,-0.00067790749189934098,-0.00027560151002767417,-6.5677878924436936e-05,0,-0.53892057666266757
2.9350000000000001,approach_stop,40,40,0.20000000000000001,0.0050000000000000001,1.0762499999999999,0.75,0,0,3.2000000000000002,0,0.98512241417291868,1.1842755277515133,0,3.1995906489403527,0,-0.00060305027368769007,free_flight_controlled,sep_nmpc_adapted,formal_acados,0.74761430238177073,0,0.3886133067819848,-0.46250811179114792,-0.17117337854817655,0.0052973579046067254,-0.41457039530717804,1.414213563087974e-10,-0.13649967766597346,0.28884930323281827,0.28884930323281827,false,false,5.7270120000000002,0,0,false,0,0.088645060999260061,0,129.76241869498719,129.76241869498719,0,-0.78576452355086202,0,0,-0.78576452355086202,0,0,0.075509809583343135,0.0043726630613640828,0.0033139602249305415,0.0022755981298395855,0.0023654936174644942,-0.0095811452642161135,-0.0020762530236133241,-0.00072303718427324992,-0.00033513020220142856,-8.7975454035257346e-05,0,-0.54239213737512926
2.9399999999999999,approach_stop,40,40,0.20000000000000001,0.0050000000000000001,1.0800000000000001,0.75,0,0,3.2000000000000002,0,0.9910509849434751,1.1871519863873714,0,3.1995875586970799,0,-0.00063311097774874827,free_flight_controlled,sep_nmpc_adapted,formal_acados,0.75397114864560755,0,0.38857519027943704,-0.46207983629786753,-0.17101581180771933,0.0052973579046067254,-0.41457039530717804,1.414213563087974e-10,-0.13649967766597346,0.28884930323281827,0.28884930323281827,false,false,5.7270120000000002,0,0,false,0,0.088549531785872382,0,129.76470363807778,129.76470363807778,0,-0.77740801861014719,0,0,-0.77740801861014719,0,0,0.075459689199138494,0.0043617671774639835,0.0033102382504101371,0.0022737784778390927,0.0023649989599491259,-0.010464011688385387,-0.00228572545661837,-0.00076508913535706523,-0.00039218935213626078,-0.00010976586342981258,0,-0.54586745223035305
2.9449999999999998,approach_stop,40,40,0.20000000000000001,0.0050000000000000001,1.0837499999999998,0.75,0,0,3.2000000000000002,0,0.99699392623636063,1.1900237089895735,0,3.1995843197932348,0,-0.00066251990162508794,free_flight_controlled,sep_nmpc_adapted,formal_acados,0.76037050904965242,0,0.38853474126512877,-0.46162341718670818,-0.17084776289348488,0.0052973579046067254,-0.41457039530717804,1.414213563087974e-10,-0.13649967766597346,0.28884930323281827,0.28884930323281827,false,false,5.7270120000000002,0,0,false,0,0.088449156166630183,0,129.76700234599696,129.76700234599696,0,-0.7692602950043782,0,0,-0.7692602950043782,0,0,0.075405031634753553,0.004349837368999159,0.0033063113118087491,0.0022716785373146902,0.0023643965191386968,-0.011396165403612339,-0.0024893939701521061,-0.00080518226366925612,-0.00044733642397732103,-0.00013110130105299262,0,-0.54934631771531728
2.9500000000000002,approach_stop,40,40,0.20000000000000001,0.0050000000000000001,1.0875000000000001,0.75,0,0,3.2000000000000002,0,1.0029512139629861,1.192890534590479,0,3.1995809354061766,0,-0.00069130991903768371,free_flight_controlled,sep_nmpc_adapted,formal_acados,0.76681233286041739,0,0.38849197606881636,-0.46113888110256873,-0.17066922369940291,0.026291444951447307,-0.4348051567262784,1.4142135630110762e-10,-0.15239540569907292,0.22259413026845024,0.22259413026845024,false,false,5.7238259999999999,0,0,false,0,0.088344134788391884,0,129.69191810347741,129.69191810347741,0,-0.86544313312731136,0,0,-0.86544313312731136,0,0,0.075345592668928207,0.0043369069220610002,0.0033021871594140443,0.0022693066246797615,0.0023636883731133367,-0.012376671840004202,-0.0026856505296262139,-0.00084408623097341365,-0.00050105610916659866,-0.00015206338798841871,0,-0.55282853367798634
2.9550000000000001,approach_stop,40,40,0.20000000000000001,0.0050000000000000001,1.0912500000000001,0.75,0,0,3.2000000000000002,0,1.0089228155818759,1.1957492143675654,0,3.1995773295132048,0,-0.000751123669115102,free_flight_controlled,sep_nmpc_adapted,formal_acados,0.77329655740275216,0,0.38844685711881399,-0.46062625817912373,-0.17048031485090745,0.026291444951447307,-0.4348051567262784,1.4142135630110762e-10,-0.15239540569907292,0.22259413026845024,0.22259413026845024,false,false,5.7238259999999999,0,0,false,0,0.088233317086573462,0,129.69581365423082,129.69581365423082,0,-0.85393534658924697,0,0,-0.85393534658924697,0,0,0.075283223301501875,0.0043222058511673406,0.0032979081753078906,0.0022666939865282599,0.0023628811817991663,-0.012570483725061322,-0.0031934869650698545,-0.00086867334301921084,-0.00054427448217467299,-0.00017074889490148462,0,-0.55631198342981736
2.96,approach_stop,40,40,0.20000000000000001,0.0050000000000000001,1.095,0.75,0,0,3.2000000000000002,0,1.0149086973160468,1.1986025278378429,0,3.1995734277227275,0,-0.0008096713633539476,free_flight_controlled,sep_nmpc_adapted,formal_acados,0.77982311775920743,0,0.38839934958143185,-0.46008557955683937,-0.1702811532984374,0.026291444951447307,-0.4348051567262784,1.4142135630110762e-10,-0.15239540569907292,0.22259413026845024,0.22259413026845024,false,false,5.7238259999999999,0,0,false,0,0.088115596538239818,0,129.69972351328286,129.69972351328286,0,-0.84271737848868533,0,0,-0.84271737848868533,0,0,0.075219662368398527,0.0043050760495081013,0.0032934852338291306,0.0022638571403090688,0.0023619802925963999,-0.012853477825749518,-0.003657045505288556,-0.00090136208760256166,-0.00059082479855387796,-0.00018963075747478834,0,-0.55979676268623846
2.9649999999999999,approach_stop,40,40,0.20000000000000001,0.0050000000000000001,1.0987499999999999,0.75,0,0,3.2000000000000002,0,1.020908831551715,1.2014501656876002,0,3.1995692363227906,0,-0.00086697029103889492,free_flight_controlled,sep_nmpc_adapted,formal_acados,0.78639195582477994,0,0.38834947588152657,-0.459516875726935,-0.17007172503361087,0.026291444951447307,-0.4348051567262784,1.4142135630110762e-10,-0.15239540569907292,0.22259413026845024,0.22259413026845024,false,false,5.7238259999999999,0,0,false,0,0.087991254063943231,0,129.70364545141356,129.70364545141356,0,-0.83178257736667038,0,0,-0.83178257736667038,0,0,0.075154467259528276,0.0042857380710090162,0.0032888820540911551,0.0022607784822297992,0.0023609835878629936,-0.013224295257373021,-0.0040766666718047104,-0.00094055356491246165,-0.00064103615309273586,-0.00020913074331946539,0,-0.56328265774210906
2.9700000000000002,approach_stop,40,40,0.20000000000000001,0.0050000000000000001,1.1025,0.75,0,0,3.2000000000000002,0,1.0269231891817452,1.2042918397935523,0,3.1995647615075407,0,-0.00092304070161268524,free_flight_controlled,sep_nmpc_adapted,formal_acados,0.79300301063728007,0,0.38829725922836822,-0.4589201785444651,-0.16985201732520075,0.026291444951447307,-0.4348051567262784,1.4142135630110762e-10,-0.15239540569907292,0.22259413026845024,0.22259413026845024,false,false,5.7238259999999999,0,0,false,0,0.087860562730275357,0,129.70757744762338,129.70757744762338,0,-0.82112428295973938,0,0,-0.82112428295973938,0,0,0.075087202630968672,0.0042644105977799858,0.0032840691631594492,0.0022574394069216053,0.0023598872780579328,-0.013681383705048521,-0.0044527814256213492,-0.00098508764286152546,-0.00069499525576714803,-0.00022950543225183623,0,-0.56676945687665281
2.9750000000000001,approach_stop,40,40,0.20000000000000001,0.0050000000000000001,1.1062500000000002,0.75,0,0,3.2000000000000002,0,1.0329517397103536,1.2071272827327928,0,3.1995600093627883,0,-0.00097790566934517287,free_flight_controlled,sep_nmpc_adapted,formal_acados,0.79965621837293877,0,0.38824272353064987,-0.4582955213374148,-0.16962201874842661,0.026291444951447307,-0.4348051567262784,1.4142135630110762e-10,-0.15239540569907292,0.22259413026845024,0.22259413026845024,false,false,5.7238259999999999,0,0,false,0,0.087723787832451619,0,129.71151768464799,129.71151768464799,0,-0.81073583008821426,0,0,-0.81073583008821426,0,0,0.075017441425995104,0.0042413097062869339,0.0032790221641272573,0.0022538213197856667,0.0023586865994464821,-0.014222978960254965,-0.0047860129279093128,-0.0010340720606688935,-0.00075262114464497956,-0.00025089460944529478,0,-0.5702569496010802
2.98,approach_stop,40,40,0.20000000000000001,0.0050000000000000001,1.1099999999999999,0.75,0,0,3.2000000000000002,0,1.0389944513552918,1.2099562472505492,0,3.1995549858522336,0,-0.0010315909534597569,free_flight_controlled,sep_nmpc_adapted,formal_acados,0.80635151235129632,0,0.38818589334312448,-0.45764293900399544,-0.16938171921178011,0.026291444951447307,-0.4348051567262784,1.4142135630110762e-10,-0.15239540569907292,0.22259413026845024,0.22259413026845024,false,false,5.7238259999999999,0,0,false,0,0.087581186977797709,0,129.71546454403725,129.71546454403725,0,-0.80061055321683305,0,0,-0.80061055321683305,0,0,0.074944765948517719,0.0042166477654711487,0.0032737206791015137,0.0022499063419311786,0.0023573763084711696,-0.014847101261532816,-0.0050772261364551057,-0.0010867781527782777,-0.00081371536775719895,-0.0002733551139321843,0,-0.57374492605338334
2.9849999999999999,approach_stop,40,40,0.20000000000000001,0.0050000000000000001,1.11375,0.75,0,0,3.2000000000000002,0,1.0450512911472942,1.2127785056974658,0,3.1995496968043953,0,-0.0010841248549665068,free_flight_controlled,sep_nmpc_adapted,formal_acados,0.81308882304730212,0,0.38812679383679505,-0.45696246809999208,-0.16913110998137723,0.026291444951447307,-0.4348051567262784,1.4142135630110762e-10,-0.15239540569907292,0.22259413026845024,0.22259413026845024,false,false,5.7238259999999999,0,0,false,0,0.087433010171750675,0,129.71941660085386,129.71941660085386,0,-0.79074179147098078,0,0,-0.79074179147098078,0,0,0.074868768929989282,0.0041906321739431955,0.0032681477015213478,0.0022456778055548712,0.0023559510334035545,-0.015551560832167055,-0.0053275451855723287,-0.0011425781233763512,-0.00087799679895240481,-0.00029688470339211791,0,-0.57723317651108408
2.9900000000000002,approach_stop,40,40,0.20000000000000001,0.0050000000000000001,1.1175000000000002,0.75,0,0,3.2000000000000002,0,1.0511222250266474,1.2155938494445053,0,3.1995441479002653,0,-0.0011355380710283654,free_flight_controlled,sep_nmpc_adapted,formal_acados,0.81986807810879325,0,0.38806545078634203,-0.45625414691785415,-0.16887018370302731,0.026291444951447307,-0.4348051567262784,1.4142135630110762e-10,-0.15239540569907292,0.22259413026845024,0.22259413026845024,false,false,5.7238259999999999,0,0,false,0,0.087279499906613614,0,129.72337261803574,129.72337261803574,0,-0.78112289394828227,0,0,-0.78112289394828227,0,0,0.074789054553335677,0.0041634640635108931,0.00326228919243142,0.0022411206014952174,0.002354405524869871,-0.016333969069621541,-0.0055383511129907604,-0.0012009081388111636,-0.00094512666878428654,-0.00032143906804423872,0,-0.58072149100176618
2.9950000000000001,approach_stop,40,40,0.20000000000000001,0.0050000000000000001,1.1212500000000001,0.75,0,0,3.2000000000000002,0,1.0572072179367955,1.2184020882812381,0,3.1995383446616952,0,-0.0011858635474469405,free_flight_controlled,sep_nmpc_adapted,formal_acados,0.82668920237797661,0,0.38800189057037726,-0.45551801555881888,-0.16859893442218765,0.026291444951447307,-0.4348051567262784,1.4142135630110762e-10,-0.15239540569907292,0.22259413026845024,0.22259413026845024,false,false,5.7238259999999999,0,0,false,0,0.087120891253203034,0,129.72733154045773,129.72733154045773,0,-0.77174722521400585,0,0,-0.77174722521400585,0,0,0.074705239411683319,0.0041353370460259133,0.0032561338182103641,0.0022362214186604792,0.0023527348338151163,-0.017191753143766916,-0.0057112678365019119,-0.0012612473664545616,-0.0010147272236993808,-0.0003469441330742237,0,-0.58420965899727417
3,approach_stop,40,40,0.20000000000000001,0.0050000000000000001,1.125,0.75,0,0,3.2000000000000002,0,1.0633062339149015,1.2212030498018129,0,3.1995322924405234,0,-0.0012351363297244797,free_flight_controlled,sep_nmpc_adapted,formal_acados,0.83355211791583195,0,0.38793614018123501,-0.45475411599906956,-0.16831735760195404,0.047037321948977251,-0.45471356205323638,1.4142135629468461e-10,-0.16882213242107055,0.1520420756307177,0.1520420756307177,false,false,5.7093850000000002,0,0,false,0,0.086957411955460542,0,129.6501670996862,129.6501670996862,0,-0.87345949951200808,0,0,-0.87345949951200808,0,0,0.074616953388660978,0.0041064360489335245,0.0032496727666980305,0.0022309689015179586,0.0023509344365913614,-0.018122172582591037,-0.0058481413426662533,-0.0013231067699273793,-0.0010863961140987009,-0.00037330510454922495,0,-0.58769746918132215
3.0049999999999999,approach_stop,40,40,0.20000000000000001,0.0050000000000000001,1.1287499999999999,0.75,0,0,3.2000000000000002,0,1.0694192281836488,1.2239933476544691,0,3.1995259135281673,0,-0.0013165400933701902,free_flight_controlled,sep_nmpc_adapted,formal_acados,0.84045673451769753,0,0.38786816977586225,-0.45396249366595121,-0.16802558562666497,0.047037321948977251,-0.45471356205323638,1.4142135629468461e-10,-0.16882213242107055,0.1520420756307177,0.1520420756307177,false,false,5.7093850000000002,0,0,false,0,0.086787850897435528,0,129.65583368872774,129.65583368872774,0,-0.86054583225415793,0,0,-0.86054583225415793,0,0,0.074526063095391337,0.0040760775792042618,0.0032429423758441435,0.0022253740430550248,0.002349007202946693,-0.018237254772294723,-0.0062873001747886228,-0.0013687954750025953,-0.0011570452331519457,-0.00039658683040274742,0,-0.59118261218483448
3.0100000000000002,approach_stop,40,40,0.20000000000000001,0.0050000000000000001,1.1325000000000003,0.75,0,0,3.2000000000000002,0,1.0755461545630796,1.2267758309060202,0,3.199519131995666,0,-0.0013961855070027188,free_flight_controlled,sep_nmpc_adapted,formal_acados,0.84740296199449683,0,0.38779795584938692,-0.45314319256858271,-0.16772374626089567,0.047037321948977251,-0.45471356205323638,1.4142135629468461e-10,-0.16882213242107055,0.1520420756307177,0.1520420756307177,false,false,5.7093850000000002,0,0,false,0,0.086611043608734381,0,129.6615036789253,129.6615036789253,0,-0.84796100368203131,0,0,-0.84796100368203131,0,0,0.074434259067889183,0.0040438214522089339,0.0032359293772325024,0.0022193354570435309,0.0023469826960808653,-0.018492799385963783,-0.006591778136169635,-0.0014517890529342433,-0.0012584149449703633,-0.0004123246379595973,0,-0.59466489108713338
3.0150000000000001,approach_stop,40,40,0.20000000000000001,0.0050000000000000001,1.13625,0.75,0,0,3.2000000000000002,0,1.081686973090948,1.2295501585237336,0,3.1995119565952939,0,-0.0014740898611806654,free_flight_controlled,sep_nmpc_adapted,formal_acados,0.85439071895921936,0,0.38772553607321819,-0.45229625413172858,-0.1674118272521824,0.047037321948977251,-0.45471356205323638,1.4142135629468461e-10,-0.16882213242107055,0.1520420756307177,0.1520420756307177,false,false,5.7093850000000002,0,0,false,0,0.086427302456996688,0,129.66717403461323,129.66717403461323,0,-0.83569761306223755,0,0,-0.83569761306223755,0,0,0.074340792877274062,0.0040105100577346644,0.0032282464795482025,0.0022127937204075641,0.0023448908671611091,-0.018901502747333113,-0.0067112693956537465,-0.0016347827802614262,-0.0013588025720329955,-0.00042383407972524365,0,-0.59814405394036019
3.02,approach_stop,40,40,0.20000000000000001,0.0050000000000000001,1.1400000000000001,0.75,0,0,3.2000000000000002,0,1.0878416422794306,1.2323160517583438,0,3.1995043959715326,0,-0.0015502780373806194,free_flight_controlled,sep_nmpc_adapted,formal_acados,0.86141992130896827,0,0.38765094874453987,-0.45142172097046229,-0.16708981765425837,0.047037321948977251,-0.45471356205323638,1.4142135629468461e-10,-0.16882213242107055,0.1520420756307177,0.1520420756307177,false,false,5.7093850000000002,0,0,false,0,0.086236930780347013,0,129.67284216905071,129.67284216905071,0,-0.82374758749942567,0,0,-0.82374758749942567,0,0,0.07424491718189323,0.0039770300498769883,0.0032194316935285749,0.0022057424343907349,0.0023427488208905864,-0.019455558196612228,-0.00666223025788575,-0.0019014316145804775,-0.0014632606669972238,-0.00043260384589446455,0,-0.60161980321966813
3.0249999999999999,approach_stop,40,40,0.20000000000000001,0.0050000000000000001,1.1437499999999998,0.75,0,0,3.2000000000000002,0,1.0940101193198601,1.2350732604629873,0,3.1994964586345072,0,-0.0016247788494224598,free_flight_controlled,sep_nmpc_adapted,formal_acados,0.86849048244524274,0,0.38757423386068263,-0.45051963687461738,-0.1667577079043597,0.047037321948977251,-0.45471356205323638,1.4142135629468461e-10,-0.16882213242107055,0.1520420756307177,0.1520420756307177,false,false,5.7093850000000002,0,0,false,0,0.086040222778092784,0,129.67850577957557,129.67850577957557,0,-0.81210278207630648,0,0,-0.81210278207630648,0,0,0.074145928812724263,0.0039441723517118152,0.0032091171658132902,0.0021981445962915847,0.0023405677571552053,-0.020145251871342612,-0.0064660120150638288,-0.0022310358449239261,-0.0015786374734459085,-0.00043956450173621717,0,-0.60509183504136177
3.0300000000000002,approach_stop,40,40,0.20000000000000001,0.0050000000000000001,1.1475000000000002,0.75,0,0,3.2000000000000002,0,1.1001923602192183,1.2378215606536045,0,3.199488152941147,0,-0.0016976247217374834,free_flight_controlled,sep_nmpc_adapted,formal_acados,0.87560231323145088,0,0.38749543294252242,-0.44959004698776739,-0.16641548987441054,0.047037321948977251,-0.45471356205323638,1.4142135629468461e-10,-0.16882213242107055,0.1520420756307177,0.1520420756307177,false,false,5.7093850000000002,0,0,false,0,0.085837463575104384,0,129.68416283455684,129.68416283455684,0,-0.80075502010277477,0,0,-0.80075502010277477,0,0,0.074043176754908097,0.0039126125197526231,0.0031970451047969709,0.0021899268872491583,0.0023383550913632762,-0.020959517030044415,-0.0061471703177231113,-0.0026005425128283353,-0.0017124675723308924,-0.00044532913480100288,0,-0.60855984220657511
3.0350000000000001,approach_stop,40,40,0.20000000000000001,0.0050000000000000001,1.1512500000000001,0.75,0,0,3.2000000000000002,0,1.1063883199251261,1.2405607521849902,0,3.1994794870779999,0,-0.0017688513390126826,free_flight_controlled,sep_nmpc_adapted,formal_acados,0.88275532194748318,0,0.38741458885801583,-0.44863299797764289,-0.16606315691650733,0.047037321948977251,-0.45471356205323638,1.4142135629468461e-10,-0.16882213242107055,0.1520420756307177,0.1520420756307177,false,false,5.7093850000000002,0,0,false,0,0.085628929311933694,0,129.68981155849261,129.68981155849261,0,-0.78969612961047164,0,0,-0.78969612961047164,0,0,0.073936067705634323,0.0038828982702549552,0.0031830755684778157,0.0021809782786413349,0.0023361156585360219,-0.021886413999697544,-0.005732057240695072,-0.0029861148503992092,-0.0018721795573192841,-0.00045033482771843078,0,-0.61202351699441215
3.04,approach_stop,40,40,0.20000000000000001,0.0050000000000000001,1.155,0.75,0,0,3.2000000000000002,0,1.1125979524393599,1.243290656496904,0,3.1994704690458593,0,-0.0018384972690842255,free_flight_controlled,sep_nmpc_adapted,formal_acados,0.88994941423840124,0,0.38733174562629413,-0.44764853820095862,-0.16570070390270716,0.047037321948977251,-0.45471356205323638,1.4142135629468461e-10,-0.16882213242107055,0.1520420756307177,0.1520420756307177,false,false,5.7093850000000002,0,0,false,0,0.08541488725907756,0,129.69545041536168,129.69545041536168,0,-0.77891797701387944,0,0,-0.77891797701387944,0,0,0.073824069288354444,0.0038554438309795474,0.0031671867713983851,0.0021711522629941538,0.0023338523641065656,-0.022913584707025071,-0.0052475076038123536,-0.0033645478688453536,-0.0020644375508098848,-0.00045492682829283956,0,-0.61548255386615469
3.0449999999999999,approach_stop,40,40,0.20000000000000001,0.0050000000000000001,1.1587499999999999,0.75,0,0,3.2000000000000002,0,1.1188212109203961,1.2460111144866119,0,3.1994611066463099,0,-0.0019066035775872723,free_flight_controlled,sep_nmpc_adapted,formal_acados,0.89718449305733883,0,0.38724694819729788,-0.44663671786305725,-0.16532812725921886,0.047037321948977251,-0.45471356205323638,1.4142135629468461e-10,-0.16882213242107055,0.1520420756307177,0.1520420756307177,false,false,5.7093850000000002,0,0,false,0,0.085195595952789152,0,129.70107809111929,129.70107809111929,0,-0.76841249710808113,0,0,-0.76841249710808113,0,0,0.073706711092463573,0.0038305305264279997,0.0031494687848949354,0.0021602720494609132,0.0023315665117316212,-0.024028665534984006,-0.0047196662014615184,-0.0037144892711985554,-0.0022946138086533904,-0.00045940631438894563,0,-0.61893665196238057
3.0500000000000003,approach_stop,40,40,0.20000000000000001,0.0050000000000000001,1.1625000000000001,0.75,0,0,3.2000000000000002,0,1.1250580477757255,1.2487219845516353,0,3.199451407470181,0,-0.0019732134530366817,free_flight_controlled,sep_nmpc_adapted,formal_acados,0.90446045860410806,0,0.38716024220913509,-0.4455975891716174,-0.16494542499518386,0.067438652135403676,-0.47500519862212592,1.4142135628918366e-10,-0.18602266220197713,0.077241154860185651,0.077241154860185651,false,false,5.7116870000000004,0,0,false,0,0.084971305349363119,0,129.62264216688664,129.62264216688664,0,-0.87564571988374396,0,0,-0.87564571988374396,0,0,0.073583583779983572,0.003808312797252657,0.0031301116884013633,0.0021481380679105842,0.0023292579544388981,-0.025219645877277378,-0.0041729919494457096,-0.0040174336727917025,-0.0025663927551995646,-0.00046405504855309904,0,-0.62238551729710689
3.0550000000000002,approach_stop,40,40,0.20000000000000001,0.0050000000000000001,1.1662500000000002,0.75,0,0,3.2000000000000002,0,1.131308406661339,1.2514198729043773,0,3.1994412929431402,0,-0.0020727431625517652,free_flight_controlled,sep_nmpc_adapted,formal_acados,0.91177719825396542,0,0.38707161494499076,-0.44453120840737359,-0.16455274043783466,0.067438652135403676,-0.47500519862212592,1.4142135628918366e-10,-0.18602266220197713,0.077241154860185651,0.077241154860185651,false,false,5.7116870000000004,0,0,false,0,0.084740739714794677,0,129.63007710089542,129.63007710089542,0,-0.86141581976523396,0,0,-0.86141581976523396,0,0,0.073456761695561992,0.0037877043433825921,0.0031096546136705895,0.0021344871683534809,0.0023269261803631693,-0.025508704531479263,-0.0040704842705060326,-0.0041598331130442267,-0.0028990117571325589,-0.00046884684464341167,0,-0.62582676157657491
3.0600000000000001,approach_stop,40,40,0.20000000000000001,0.0050000000000000001,1.1699999999999999,0.75,0,0,3.2000000000000002,0,1.1375722299766735,1.2541077025012999,0,3.1994306863833453,0,-0.002170028452971629,free_flight_controlled,sep_nmpc_adapted,formal_acados,0.919134596545093,0,0.38698105413924788,-0.44343763343158049,-0.16415021284089373,0.067438652135403676,-0.47500519862212592,1.4142135628918366e-10,-0.18602266220197713,0.077241154860185651,0.077241154860185651,false,false,5.7116870000000004,0,0,false,0,0.084502672031626078,0,129.63750235749808,129.63750235749808,0,-0.84754650712539337,0,0,-0.84754650712539337,0,0,0.073328210366985294,0.0037677394810699161,0.003088537796691793,0.0021191042762230012,0.0023245673789707229,-0.025910684561123928,-0.0039170707507438082,-0.0042804579727022552,-0.003259032322961149,-0.00047485681404538563,0,-0.62926025884950543
3.0649999999999999,approach_stop,40,40,0.20000000000000001,0.0050000000000000001,1.1737500000000001,0.75,0,0,3.2000000000000002,0,1.1438494666292758,1.2567851581103957,0,3.1994195989513119,0,-0.0022650944244788258,free_flight_controlled,sep_nmpc_adapted,formal_acados,0.92653254520580008,0,0.38688860687294735,-0.44231692142347567,-0.16373783371135694,0.067438652135403676,-0.47500519862212592,1.4142135628918366e-10,-0.18602266220197713,0.077241154860185651,0.077241154860185651,false,false,5.7116870000000004,0,0,false,0,0.084257439600373171,0,129.64491446903668,129.64491446903668,0,-0.83402906794726472,0,0,-0.83402906794726472,0,0,0.073197382801400868,0.0037486463261726024,0.0030668834338185057,0.002101855242596643,0.0023221755434552371,-0.02641849018305216,-0.0037233306620914177,-0.0043741245518595546,-0.0036451725700022827,-0.00048206178683548337,0,-0.63268570829295334
3.0700000000000003,approach_stop,40,40,0.20000000000000001,0.0050000000000000001,1.1775000000000002,0.75,0,0,3.2000000000000002,0,1.1501400640126043,1.2594519490787774,0,3.1994080416727471,0,-0.0023579698467065561,free_flight_controlled,sep_nmpc_adapted,formal_acados,0.93397093302066581,0,0.3867943200339935,-0.44116913099193844,-0.16331559598289511,0.067438652135403676,-0.47500519862212592,1.4142135628918366e-10,-0.18602266220197713,0.077241154860185651,0.077241154860185651,false,false,5.7116870000000004,0,0,false,0,0.084005369791539511,0,129.65231026400616,129.65231026400616,0,-0.82085481959607498,0,0,-0.82085481959607498,0,0,0.073063767937716947,0.0037306002636138557,0.0030448372238840718,0.0020826144250184159,0.0023197446498946167,-0.027024868008323048,-0.0034997210748801536,-0.0044366551973482032,-0.0040553090446456327,-0.00049048732813576125,0,-0.63610281509464306
3.0750000000000002,approach_stop,40,40,0.20000000000000001,0.0050000000000000001,1.1812500000000001,0.75,0,0,3.2000000000000002,0,1.1564439681256256,1.2621078080516175,0,3.1993960254209499,0,-0.0024486868858857344,free_flight_controlled,sep_nmpc_adapted,formal_acados,0.94144964581009682,0,0.38669824020218702,-0.43999432231552871,-0.16288349405091476,0.067438652135403676,-0.47500519862212592,1.4142135628918366e-10,-0.18602266220197713,0.077241154860185651,0.077241154860185651,false,false,5.7116870000000004,0,0,false,0,0.083746780184042233,0,129.65968685548512,129.65968685548512,0,-0.80801512571255851,0,0,-0.80801512571255851,0,0,0.072926891095574695,0.0037137253531627683,0.0030225627990475654,0.0020612689151876052,0.0023172684727376042,-0.027722539913684476,-0.0032562682593170063,-0.004465082504365862,-0.004486473266873234,-0.00050018546483301778,0,-0.63951129099388182
3.0800000000000001,approach_stop,40,40,0.20000000000000001,0.0050000000000000001,1.1850000000000001,0.75,0,0,3.2000000000000002,0,1.1627611236844764,1.2647524887688057,0,3.1993835609010275,0,-0.0025372805178262977,free_flight_controlled,sep_nmpc_adapted,formal_acados,0.94896856694044296,0,0.38660041652352256,-0.43879255674403339,-0.16244152379373186,0.067438652135403676,-0.47500519862212592,1.4142135628918366e-10,-0.18602266220197713,0.077241154860185651,0.077241154860185651,false,false,5.7116870000000004,0,0,false,0,0.083481978714951569,0,129.66704161461547,129.66704161461547,0,-0.7955014261247797,0,0,-0.7955014261247797,0,0,0.072786312665624769,0.0036981042866552744,0.0030002048396850721,0.0020377819853618149,0.0023146922447963448,-0.028504977539869056,-0.0029980872787767824,-0.0044761982982810039,-0.0048987616604042579,-0.0005407200250507222,0,-0.6429108400931498
3.085,approach_stop,40,40,0.20000000000000001,0.0050000000000000001,1.18875,0.75,0,0,3.2000000000000002,0,1.1690914742275984,1.2673857671293913,0,3.1993706586365449,0,-0.0026237885731127037,free_flight_controlled,sep_nmpc_adapted,formal_acados,0.95652757907277874,0,0.38650091052670132,-0.43756389515481964,-0.16198968256042098,0.067438652135403676,-0.47500519862212592,1.4142135628918366e-10,-0.18602266220197713,0.077241154860185651,0.077241154860185651,false,false,5.7116870000000004,0,0,false,0,0.083211263837397409,0,129.67437217284203,129.67437217284203,0,-0.78330520968616557,0,0,-0.78330520968616557,0,0,0.072641625185148676,0.0036837997872652016,0.0029777909623349102,0.0020123869873423391,0.0023117536141646763,-0.029365297432025223,-0.0027314015026285426,-0.0044866683501264167,-0.0052492716143258591,-0.00064532850555794807,0,-0.64630115707041447
3.0899999999999999,approach_stop,40,40,0.20000000000000001,0.0050000000000000001,1.1924999999999999,0.75,0,0,3.2000000000000002,0,1.1754349622288744,1.2700074405862012,0,3.1993573289542097,0,-0.002708251821355874,free_flight_controlled,sep_nmpc_adapted,formal_acados,0.96412656264659213,0,0.38639978733742686,-0.43630839958228229,-0.16152796920714516,0.067438652135403676,-0.47500519862212592,1.4142135628918366e-10,-0.18602266220197713,0.077241154860185651,0.077241154860185651,false,false,5.7116870000000004,0,0,false,0,0.082934924651919359,0,129.68167642611857,129.68167642611857,0,-0.77141801869332527,0,0,-0.77141801869332527,0,0,0.072492458626010448,0.0036708251677242238,0.0029553374216695497,0.0019853972776561653,0.002308130958494871,-0.030295777222911161,-0.0024678117277888807,-0.0044912175602073003,-0.0055365336066700958,-0.0008142489932230773,0,-0.64968194968282167
3.0950000000000002,approach_stop,40,40,0.20000000000000001,0.0050000000000000001,1.19625,0.75,0,0,3.2000000000000002,0,1.1817915291961834,1.2726173250655866,0,3.199343581971041,0,-0.0027907133416552573,free_flight_controlled,sep_nmpc_adapted,formal_acados,0.97176539524715766,0,0.38629711192356775,-0.43502613394902567,-0.16105638411868387,0.067438652135403676,-0.47500519862212592,1.4142135628918366e-10,-0.18602266220197713,0.077241154860185651,0.077241154860185651,false,false,5.7116870000000004,0,0,false,0,0.082653241067491556,0,129.68895250553635,129.68895250553635,0,-0.75983149444744247,0,0,-0.75983149444744247,0,0,0.07233848079096078,0.0036591374842538803,0.0029328872588312133,0.0019571293201738481,0.0023035051062493556,-0.031289034065697781,-0.0022181437121275979,-0.0044844982972889391,-0.0057607012414197609,-0.0010463028671844577,0,-0.65305293115337704
3.1000000000000001,approach_stop,40,40,0.20000000000000001,0.0050000000000000001,1.2000000000000002,0.75,0,0,3.2000000000000002,0,1.1881611157606511,1.2752152537452264,0,3.1993294275834181,0,-0.0028712182858879358,free_flight_controlled,sep_nmpc_adapted,formal_acados,0.97944395157196951,0,0.3861929487390427,-0.43371716418868156,-0.16057492921696664,0.087409915564344298,-0.54022271939258215,1.41421356279648e-10,-0.2271037973000605,-0.0050352983246690743,-0.0050352983246690769,true,true,5.7423109999999999,0,0,false,0,0.082366483977597243,0,129.60657505859049,129.60657505859049,0,-0.87766648218108778,0,0,-0.87766648218108778,0,0,0.072179395239216751,0.0036486424572019951,0.0029105094750363847,0.0019278953967467496,0.002297566024672223,-0.032338170141272965,-0.0019920458720913514,-0.0044615415603212289,-0.0059232485031929238,-0.0013390338507096404,0,-0.65641382110507485
3.105,approach_stop,40,40,0.20000000000000001,0.0050000000000000001,1.2037499999999999,0.75,0,0,3.2000000000000002,0,1.1945436532648355,1.2777976402315874,0,3.1993147837297609,0,-0.0029864968383752299,free_flight_controlled,sep_nmpc_adapted,formal_acados,0.98716209293440049,0,0.38608729815052517,-0.43238156033043496,-0.16008376574761832,0.087409915564344298,-0.54022271939258215,1.41421356279648e-10,-0.2271037973000605,-0.0050352983246690743,-0.0050352983246690769,true,true,5.7423109999999999,0,0,false,0,0.082073247833576016,0,129.61582352018385,129.61582352018385,0,-0.86198823167337668,0,0,-0.86198823167337668,0,0,0.072017604008743422,0.0036379640753593273,0.0028885948663823009,0.0018979278760221144,0.0022900323036456663,-0.032374699005883377,-0.0022827419833774138,-0.0043074908268062543,-0.0060507786447480637,-0.0016844699668005334,0,-0.6597621259589469
3.1099999999999999,approach_stop,40,40,0.20000000000000001,0.0050000000000000001,1.2075,0.75,0,0,3.2000000000000002,0,1.2009390716086188,1.2803675282697906,0,3.1992995704649099,0,-0.0030989836310727184,free_flight_controlled,sep_nmpc_adapted,formal_acados,0.9949196779401982,0,0.38598016073202029,-0.43101939366842057,-0.1595830502317051,0.087409915564344298,-0.54022271939258215,1.41421356279648e-10,-0.2271037973000605,-0.0050352983246690743,-0.0050352983246690769,true,true,5.7423109999999999,0,0,false,0,0.08177218105287852,0,129.62504596387856,129.62504596387856,0,-0.84670892334725978,0,0,-0.84670892334725978,0,0,0.071855358521538404,0.0036259384682946995,0.002867360941406718,0.0018675233098690313,0.0022806233767866542,-0.032520089313372406,-0.0025304305557822997,-0.0041893059236789492,-0.006098975068117172,-0.0020880772290561311,0,-0.6630975614198652
3.1150000000000002,approach_stop,40,40,0.20000000000000001,0.0050000000000000001,1.2112500000000002,0.75,0,0,3.2000000000000002,0,1.2073473073903487,1.2829245588240055,0,3.1992838016835119,0,-0.0032087048496478292,free_flight_controlled,sep_nmpc_adapted,formal_acados,1.0027165729015042,0,0.38587159996556275,-0.42963073448884448,-0.15907277671630909,0.087409915564344298,-0.54022271939258215,1.41421356279648e-10,-0.2271037973000605,-0.0050352983246690743,-0.0050352983246690769,true,true,5.7423109999999999,0,0,false,0,0.081463651757308977,0,129.63423803044995,129.63423803044995,0,-0.83181943246929613,0,0,-0.83181943246929613,0,0,0.071692120151642572,0.0036127824345692497,0.0028466314607980209,0.0018370620617322471,0.0022690652691039121,-0.032771936567394591,-0.0027347706144446506,-0.0041052504882190186,-0.006074820958502535,-0.0025428653058168389,0,-0.66641983228629265
3.1200000000000001,approach_stop,40,40,0.20000000000000001,0.0050000000000000001,1.2150000000000001,0.75,0,0,3.2000000000000002,0,1.2137682954828326,1.285468400506633,0,3.1992674911384311,0,-0.0033156909646899963,free_flight_controlled,sep_nmpc_adapted,formal_acados,1.0105526411419787,0,0.3857616774218493,-0.42821565434085385,-0.15855294055297103,0.087409915564344298,-0.54022271939258215,1.41421356279648e-10,-0.2271037973000605,-0.0050352983246690743,-0.0050352983246690769,true,true,5.7423109999999999,0,0,false,0,0.08114801749885564,0,129.64339571353787,129.64339571353787,0,-0.81731063554516736,0,0,-0.81731063554516736,0,0,0.071527363994955476,0.0035987094510154774,0.0028262457729251156,0.0018068832469929604,0.0022551222262031886,-0.03312717551281797,-0.0028973634920575874,-0.0040509431236700373,-0.0059877151719721945,-0.0030405969805501029,0,-0.66972864612348815
3.125,approach_stop,40,40,0.20000000000000001,0.0050000000000000001,1.21875,0.75,0,0,3.2000000000000002,0,1.2202019691688508,1.2879987485125188,0,3.1992506524200661,0,-0.0034199764685511947,free_flight_controlled,sep_nmpc_adapted,formal_acados,1.018427742992601,0,0.38565045253628821,-0.42677422617624983,-0.15802353842931233,0.087409915564344298,-0.54022271939258215,1.41421356279648e-10,-0.2271037973000605,-0.0050352983246690743,-0.0050352983246690769,true,true,5.7423109999999999,0,0,false,0,0.080825625382794225,0,129.65251534864692,129.65251534864692,0,-0.80317342284227822,0,0,-0.80317342284227822,0,0,0.071360581877536508,0.0035839210183234056,0.002806070239643476,0.0017772744385710006,0.0022386020292413768,-0.03358220013416352,-0.0030213246573198901,-0.0040200834079898292,-0.005848754811822246,-0.003572157160669851,0,-0.67302371403912731
3.1299999999999999,approach_stop,40,40,0.20000000000000001,0.0050000000000000001,1.2224999999999999,0.75,0,0,3.2000000000000002,0,1.2266482602713562,1.290515323532917,0,3.1992332989369157,0,-0.0035215996035144787,free_flight_controlled,sep_nmpc_adapted,formal_acados,1.0263417357970415,0,0.3855379824608951,-0.42530652447431472,-0.15748456839952155,0.087409915564344298,-0.54022271939258215,1.41421356279648e-10,-0.2271037973000605,-0.0050352983246690743,-0.0050352983246690769,true,true,5.7423109999999999,0,0,false,0,0.080496812196693635,0,129.66159360134,129.66159360134,0,-0.78939871077975066,0,0,-0.78939871077975066,0,0,0.071191284745040162,0.0035686001997331622,0.0027860059799601185,0.0017484649820295947,0.0022193594618783305,-0.034132989666703979,-0.0031108399952771322,-0.0040051905928070574,-0.0056700157133227633,-0.0041279200793778014,0,-0.67630475150437019
3.1350000000000002,approach_stop,40,40,0.20000000000000001,0.0050000000000000001,1.2262500000000003,0.75,0,0,3.2000000000000002,0,1.2331070992782458,1.2930178706741513,0,3.1992154438975184,0,-0.0036206020847084183,free_flight_controlled,sep_nmpc_adapted,formal_acados,1.034294473926149,0,0.38542432199027366,-0.42381262535209674,-0.15693602991348934,0.087409915564344298,-0.54022271939258215,1.41421356279648e-10,-0.2271037973000605,-0.0050352983246690743,-0.0050352983246690769,true,true,5.7423109999999999,0,0,false,0,0.080161904546683746,0,129.6706274547831,129.6706274547831,0,-0.77597745379146255,0,0,-0.77597745379146255,0,0,0.071019004425163554,0.0035529073541672286,0.0027659929844005967,0.0017206228327921844,0.0021972979808512821,-0.034775232076082456,-0.0031707362931590187,-0.0039983097158874823,-0.0054638689177625753,-0.0046980981238580657,0,-0.67957147915461946
3.1400000000000001,approach_stop,40,40,0.20000000000000001,0.0050000000000000001,1.23,0.75,0,0,3.2000000000000002,0,1.2395784154617804,1.2955061584011935,0,3.1991971002937825,0,-0.0037170288221353574,free_flight_controlled,sep_nmpc_adapted,formal_acados,1.0422858088007447,0,0.38530952355675824,-0.42229260666103563,-0.15637792384456925,0.087409915564344298,-0.54022271939258215,1.41421356279648e-10,-0.2271037973000605,-0.0050352983246690743,-0.0050352983246690769,true,true,5.7423109999999999,0,0,false,0,0.079821219000409546,0,129.67961419686608,129.67961419686608,0,-0.76290065534367324,0,0,-0.76290065534367324,0,0,0.070843294793959385,0.0035369779293688412,0.0027460108594452321,0.0016938546545232204,0.0021723697172072614,-0.035504438006114296,-0.0032060903288292247,-0.0039916480202675702,-0.0052423643022537127,-0.0052730587613595489,0,-0.68282362351465509
3.145,approach_stop,40,40,0.20000000000000001,0.0050000000000000001,1.2337500000000001,0.75,0,0,3.2000000000000002,0,1.24606213699282,1.2979799775211998,0,3.1991782808856968,0,-0.0038109276464152065,free_flight_controlled,sep_nmpc_adapted,formal_acados,1.0503155889217533,0,0.38519363728780392,-0.42074654807106671,-0.15581025251593222,0.087409915564344298,-0.54022271939258215,1.41421356279648e-10,-0.2271037973000605,-0.0050352983246690743,-0.0050352983246690769,true,true,5.7423109999999999,0,0,false,0,0.0794750622359158,0,129.68855140714226,129.68855140714226,0,-0.75015937789461751,0,0,-0.75015937789461751,0,0,0.070663732407559951,0.0035209220735679374,0.0027260766242693359,0.0016682087809059972,0.0021445739946071925,-0.036316039940399711,-0.0032218949058449519,-0.0039781137505278136,-0.0050167048431869147,-0.0058435993709835786,0,-0.68606091760598542
3.1499999999999999,approach_stop,40,40,0.20000000000000001,0.0050000000000000001,1.2374999999999998,0.75,0,0,3.2000000000000002,0,1.2525581910500927,1.3004391402168016,0,3.1991589981873956,0,-0.003902349042391071,free_flight_controlled,sep_nmpc_adapted,formal_acados,1.058383659906605,0,0.38507671111736896,-0.41917453114348768,-0.1552330197254731,0.10683818982987092,-0.63548294384946324,1.4142135627040353e-10,-0.28717884310022168,-0.09349022551761163,-0.09349022551761163,false,false,5.7087000000000003,0,0,false,0,0.079123731195595959,0,129.6048683803815,129.6048683803815,0,-0.87644661784288913,0,0,-0.87644661784288913,0,0,0.070479916682598551,0.0035048257481980647,0.0027062400978851201,0.0016436805454907966,0.0021139545935305124,-0.037205473136779535,-0.0032227938860267444,-0.0039517389153159495,-0.0047968270605270227,-0.0064011732031597152,0,-0.68928310140807636
3.1550000000000002,approach_stop,40,40,0.20000000000000001,0.0050000000000000001,1.2412500000000002,0.75,0,0,3.2000000000000002,0,1.2590664953019304,1.302879989942596,0,3.19913916958971,0,-0.0040292831275927964,free_flight_controlled,sep_nmpc_adapted,formal_acados,1.0664898541504051,0,0.38495872590341379,-0.41757664115152526,-0.15464640000074664,0.10683818982987092,-0.63548294384946324,1.4142135627040353e-10,-0.28717884310022168,-0.09349022551761163,-0.09349022551761163,false,false,5.7087000000000003,0,0,false,0,0.078765722280048925,0,129.61589436576179,129.61589436576179,0,-0.85933439364310404,0,0,-0.85933439364310404,0,0,0.070294331940220223,0.0034874247737755565,0.0026868983276214578,0.001620143786866443,0.0020806107675899002,-0.037027633885046561,-0.0037336795272079251,-0.0037891324092821162,-0.0046172114800683622,-0.0069332435122636182,0,-0.6924876848020094
3.1600000000000001,approach_stop,40,40,0.20000000000000001,0.0050000000000000001,1.2450000000000001,0.75,0,0,3.2000000000000002,0,1.2655869658470256,1.3053055916659464,0,3.1991187147517337,0,-0.0041528454972942358,free_flight_controlled,sep_nmpc_adapted,formal_acados,1.0746340015024221,0,0.38483966213577536,-0.41595296434460349,-0.15405056265039002,0.10683818982987092,-0.63548294384946324,1.4142135627040353e-10,-0.28717884310022168,-0.09349022551761163,-0.09349022551761163,false,false,5.7087000000000003,0,0,false,0,0.078399589742062709,0,129.62687424552675,129.62687424552675,0,-0.84266318622211733,0,0,-0.84266318622211733,0,0,0.070109290969821284,0.0034677030771851683,0.0026682609681789099,0.0015975199139097484,0.0020446565900085175,-0.036988432810279158,-0.0041500605497749223,-0.0036701332436464215,-0.0044329314059283241,-0.0074440662021275569,0,-0.69567415852694414
3.165,approach_stop,40,40,0.20000000000000001,0.0050000000000000001,1.24875,0.75,0,0,3.2000000000000002,0,1.2721195254696838,1.307715560760973,0,3.1990976504543527,0,-0.0042730678111546228,free_flight_controlled,sep_nmpc_adapted,formal_acados,1.0828159396573189,0,0.38471956492415116,-0.41430358581236482,-0.15344550258584091,0.10683818982987092,-0.63548294384946324,1.4142135627040353e-10,-0.28717884310022168,-0.09349022551761163,-0.09349022551761163,false,false,5.7087000000000003,0,0,false,0,0.078025734604501351,0,129.6378028762978,129.6378028762978,0,-0.82642301938289164,0,0,-0.82642301938289164,0,0,0.069924103961147968,0.0034461410310817884,0.0026501113240683352,0.0015758125239536342,0.0020062167996258867,-0.037086264073700956,-0.0044694114363584524,-0.0035937102012020663,-0.0042519700174491349,-0.0079263043931251786,0,-0.69884224783875826
3.1699999999999999,approach_stop,40,40,0.20000000000000001,0.0050000000000000001,1.2524999999999999,0.75,0,0,3.2000000000000002,0,1.2786640951144044,1.3101095457029432,0,3.199075993307853,0,-0.0043899865824258881,free_flight_controlled,sep_nmpc_adapted,formal_acados,1.0910355035935768,0,0.38459847772343259,-0.41262859152082754,-0.15283121601462948,0.10683818982987092,-0.63548294384946324,1.4142135627040353e-10,-0.28717884310022168,-0.09349022551761163,-0.09349022551761163,false,false,5.7087000000000003,0,0,false,0,0.07764454633578502,0,129.64867553112992,129.64867553112992,0,-0.81060386736507828,0,0,-0.81060386736507828,0,0,0.069738092637429042,0.0034232228331235568,0.0026322447644271463,0.0015549843493349279,0.0019654516546779291,-0.037318140042877521,-0.0046926620540227925,-0.0035561681969847264,-0.0040826017524714098,-0.0083731292237915322,0,-0.70199167886989289
3.1750000000000003,approach_stop,40,40,0.20000000000000001,0.0050000000000000001,1.2562500000000001,0.75,0,0,3.2000000000000002,0,1.2852205940482642,1.3124872268281693,0,3.1990537597285216,0,-0.0045036428716647156,free_flight_controlled,sep_nmpc_adapted,formal_acados,1.0992925256249688,0,0.38447644254325686,-0.41092806842329532,-0.15220770049127919,0.10683818982987092,-0.63548294384946324,1.4142135627040353e-10,-0.28717884310022168,-0.09349022551761163,-0.09349022551761163,false,false,5.7087000000000003,0,0,false,0,0.077256402949266126,0,129.65948788661123,129.65948788661123,0,-0.79519567228174859,0,0,-0.79519567228174859,0,0,0.069550596836628037,0.0033994202840292274,0.0026144805001535342,0.0015349571190738636,0.0019225537821560075,-0.037679827615865406,-0.0048237627724016024,-0.0035517734722310171,-0.0039328677677138357,-0.0087784596949780289,0,-0.70512217914398179
3.1800000000000002,approach_stop,40,40,0.20000000000000001,0.0050000000000000001,1.2600000000000002,0.75,0,0,3.2000000000000002,0,1.2917889400168776,1.3148483149807426,0,3.1990309659166782,0,-0.0046140819779096221,free_flight_controlled,sep_nmpc_adapted,formal_acados,1.1075868354553005,0,0.38435350019873915,-0.40920210456157713,-0.15157495496569307,0.10683818982987092,-0.63548294384946324,1.4142135627040353e-10,-0.28717884310022168,-0.09349022551761163,-0.09349022551761163,false,false,5.7087000000000003,0,0,false,0,0.076861671112651922,0,129.67023600932822,129.67023600932822,0,-0.78018836279376003,0,0,-0.78018836279376003,0,0,0.069360980341492781,0.0033751789055596485,0.0025966701475798656,0.0015156139765639921,0.0018777439038075573,-0.038166010670848113,-0.0048691888317461381,-0.0035734065122680421,-0.0038100832959570776,-0.0091371702081107856,0,-0.70823347823861604
3.1850000000000001,approach_stop,40,40,0.20000000000000001,0.0050000000000000001,1.2637499999999999,0.75,0,0,3.2000000000000002,0,1.2983690493933819,1.3171925500803014,0,3.1990076278362554,0,-0.0047213531277598246,free_flight_controlled,sep_nmpc_adapted,formal_acados,1.1159182602353852,0,0.38422969059406187,-0.40745078915799671,-0.15093297982838505,0.10683818982987092,-0.63548294384946324,1.4142135627040353e-10,-0.28717884310022168,-0.09349022551761163,-0.09349022551761163,false,false,5.7087000000000003,0,0,false,0,0.076460706269812759,0,129.68091634170901,129.68091634170901,0,-0.76557187341184407,0,0,-0.76557187341184407,0,0,0.069168635852875152,0.0033509066226327573,0.0025787030446406158,0.0014968042201425834,0.0018312656273833685,-0.038770468720316725,-0.0048374152761097352,-0.0036132018129312348,-0.0037204053871077486,-0.009445255447269792,0,-0.71132530853089437
3.1899999999999999,approach_stop,40,40,0.20000000000000001,0.0050000000000000001,1.2675000000000001,0.75,0,0,3.2000000000000002,0,1.3049608373201298,1.3195196996428336,0,3.1989837611959415,0,-0.004825509163421361,free_flight_controlled,sep_nmpc_adapted,formal_acados,1.1242866246210372,0,0.38410505302873332,-0.40567421269909254,-0.15028177695219369,0.10683818982987092,-0.63548294384946324,1.4142135627040353e-10,-0.28717884310022168,-0.09349022551761163,-0.09349022551761163,false,false,5.7087000000000003,0,0,false,0,0.076053852775084058,0,129.69152568731684,129.69152568731684,0,-0.75133616385678459,0,0,-0.75133616385678459,0,0,0.068972989048287345,0.0033269650857024875,0.0025605084743212255,0.0014783500063354036,0.0017833795360369248,-0.039486262751998159,-0.0047383901859459438,-0.0036631400646648495,-0.003668483234260504,-0.0096999452789453683,0,-0.71439740596706314
3.1950000000000003,approach_stop,40,40,0.20000000000000001,0.0050000000000000001,1.2712500000000002,0.75,0,0,3.2000000000000002,0,1.3115642178429303,1.3218295572833667,0,3.198959381431878,0,-0.0049266062312830049,free_flight_controlled,sep_nmpc_adapted,formal_acados,1.1326917508309089,0,0.38397962651564843,-0.4038724670120214,-0.1496213497301799,0.10683818982987092,-0.63548294384946324,1.4142135627040353e-10,-0.28717884310022168,-0.09349022551761163,-0.09349022551761163,false,false,5.7087000000000003,0,0,false,0,0.075641444039789174,0,129.7020611956936,129.7020611956936,0,-0.73747123799013914,0,0,-0.73747123799013914,0,0,0.068773501709857687,0.0033036635817553671,0.0025420551038873138,0.0014600545616506239,0.0017343568374773536,-0.040305920434794425,-0.0045830294707028792,-0.0037155658274583025,-0.0036572063895108061,-0.0098997655269167303,0,-0.71744951080723696
3.2000000000000002,approach_stop,40,40,0.20000000000000001,0.0050000000000000001,1.2750000000000001,0.75,0,0,3.2000000000000002,0,1.3181791040378084,1.324121941225572,0,3.1989345036919077,0,-0.0050247034728773017,free_flight_controlled,sep_nmpc_adapted,formal_acados,1.1411334587030624,0,0.3838534501000283,-0.40204564533474596,-0.14895170310947986,0.12562633231986475,-0.67723255622907752,1.4142135626658591e-10,-0.32059764962940901,-0.18160096055448691,-0.18160096055448691,false,false,5.7212550000000002,0,0,false,0,0.075223802690396913,0,129.62484804053349,129.62484804053349,0,-0.86197707479964381,0,0,-0.86197707479964381,0,0,0.068569673941572248,0.0032812553782868817,0.0025233480631440997,0.0014417113899077593,0.0016844728472663617,-0.041221614242997577,-0.0043827515046293095,-0.0037636117584963122,-0.0036875591326239517,-0.010044543628361784,0,-0.72048136830697107
3.2050000000000001,approach_stop,40,40,0.20000000000000001,0.0050000000000000001,1.2787500000000001,0.75,0,0,3.2000000000000002,0,1.3248054001249969,1.3263934511213689,0,3.1989090528039545,0,-0.0051558608078911021,free_flight_controlled,sep_nmpc_adapted,formal_acados,1.1496115564137581,0,0.38372650202685127,-0.40019384371123878,-0.14827301173034682,0.12562633231986475,-0.67723255622907752,1.4142135626658591e-10,-0.32059764962940901,-0.18160096055448691,-0.18160096055448691,false,false,5.7212550000000002,0,0,false,0,0.074799459014999695,0,129.63741004420052,129.63741004420052,0,-0.84383321219805185,0,0,-0.84383321219805185,0,0,0.068363892713301649,0.0032586148793560437,0.0025047434727240225,0.001423038891495969,0.0016340147072077512,-0.041090714720615103,-0.0046671791313451401,-0.003683237377139905,-0.0037844805605809322,-0.010130787667134065,0,-0.72349070079227062
3.21,approach_stop,40,40,0.20000000000000001,0.0050000000000000001,1.2825,0.75,0,0,3.2000000000000002,0,1.3314430088042573,1.3286469145241939,0,3.1988829558015333,0,-0.0052831496653073743,free_flight_controlled,sep_nmpc_adapted,formal_acados,1.1581258501068725,0,0.38359876263770365,-0.39831715869738471,-0.14758544513598851,0.12562633231986475,-0.67723255622907752,1.4142135626658591e-10,-0.32059764962940901,-0.18160096055448691,-0.18160096055448691,false,false,5.7212550000000002,0,0,false,0,0.074366999800742309,0,129.6499024925684,129.6499024925684,0,-0.82616190111039567,0,0,-0.82616190111039567,0,0,0.068158392411067331,0.0032348251439050248,0.0024864178721870265,0.0014038496491667158,0.0015832398531034379,-0.041109139016945039,-0.0048427251163297358,-0.0036519124193556385,-0.003893942507023958,-0.010171489450843603,0,-0.72647671211661535
3.2149999999999999,approach_stop,40,40,0.20000000000000001,0.0050000000000000001,1.2862499999999999,0.75,0,0,3.2000000000000002,0,1.3380918389006844,1.3308819603026059,0,3.1988562319246703,0,-0.0054066115909117696,free_flight_controlled,sep_nmpc_adapted,formal_acados,1.1666761532403223,0,0.38347027551992907,-0.39641568566036212,-0.1468889997183076,0.12562633231986475,-0.67723255622907752,1.4142135626658591e-10,-0.32059764962940901,-0.18160096055448691,-0.18160096055448691,false,false,5.7212550000000002,0,0,false,0,0.073926848044328058,0,129.66231983669425,129.66231983669425,0,-0.80895214313681552,0,0,-0.80895214313681552,0,0,0.067952439052195196,0.0032104185471141626,0.002468131524264206,0.0013840846461748856,0.0015323719405120442,-0.041271582032417743,-0.0049148199520532539,-0.0036669093463348556,-0.0040146020094071668,-0.010168318196835538,0,-0.72943913390248027
3.2200000000000002,approach_stop,40,40,0.20000000000000001,0.0050000000000000001,1.29,0.75,0,0,3.2000000000000002,0,1.3447517974696266,1.3330982513772878,0,3.1988289001928134,0,-0.0055262931958219514,free_flight_controlled,sep_nmpc_adapted,formal_acados,1.1752622770701038,0,0.38334108512379317,-0.39448952039952279,-0.1461836732550498,0.12562633231986475,-0.67723255622907752,1.4142135626658591e-10,-0.32059764962940901,-0.18160096055448691,-0.18160096055448691,false,false,5.7212550000000002,0,0,false,0,0.073479414230828544,0,129.67465699413626,129.67465699413626,0,-0.79219292046717771,0,0,-0.79219292046717771,0,0,0.067745328528987112,0.0031858916707327941,0.002449665615063656,0.0013636898800730073,0.0014816255200890299,-0.041571436221303472,-0.0048922459004221439,-0.0037226967078913295,-0.00414574300507645,-0.010123257214925354,0,-0.73237769798108876
3.2250000000000001,approach_stop,40,40,0.20000000000000001,0.0050000000000000001,1.2937500000000002,0.75,0,0,3.2000000000000002,0,1.3514227899625673,1.3352954829829151,0,3.1988009793805081,0,-0.0056422457981684,free_flight_controlled,sep_nmpc_adapted,formal_acados,1.1838840306895904,0,0.3832112369183997,-0.39253875927297688,-0.14546946495639831,0.12562633231986475,-0.67723255622907752,1.4142135626658591e-10,-0.32059764962940901,-0.18160096055448691,-0.18160096055448691,false,false,5.7212550000000002,0,0,false,0,0.073025096467576295,0,129.68690933266416,129.68690933266416,0,-0.77587322020587379,0,0,-0.77587322020587379,0,0,0.067536392538253776,0.0031616901729090026,0.0024308345656871531,0.0013426140399194558,0.0014312043139525126,-0.042001028673246385,-0.0047864749469785691,-0.0038116312365065576,-0.0042869502489232148,-0.010038663767296634,0,-0.73529213733972343
3.23,approach_stop,40,40,0.20000000000000001,0.0050000000000000001,1.2974999999999999,0.75,0,0,3.2000000000000002,0,1.3581047203842043,1.3374733808654715,0,3.1987724879947743,0,-0.0057545250528850166,free_flight_controlled,sep_nmpc_adapted,formal_acados,1.1925412210669974,0,0.38308077754465575,-0.3905634993172068,-0.14474637550692465,0.12562633231986475,-0.67723255622907752,1.4142135626658591e-10,-0.32059764962940901,-0.18160096055448691,-0.18160096055448691,false,false,5.7212550000000002,0,0,false,0,0.07256428063225448,0,129.69907265281506,129.69907265281506,0,-0.75998205880378666,0,0,-0.75998205880378666,0,0,0.067325003276846762,0.0031381970933385072,0.0024114947901224646,0.0013208078097058675,0.0013812992218179049,-0.04255187547148305,-0.004610963279716193,-0.0039246793151523915,-0.0044377897921731684,-0.0099173157841574294,0,-0.73818218721226181
3.2349999999999999,approach_stop,40,40,0.20000000000000001,0.0050000000000000001,1.30125,0.75,0,0,3.2000000000000002,0,1.3647974914404508,1.3396316994593647,0,3.1987434442543696,0,-0.005863190573179293,free_flight_controlled,sep_nmpc_adapted,formal_acados,1.2012336530807282,0,0.38294975496157152,-0.38856383835972264,-0.14401440710253663,0.12562633231986475,-0.67723255622907752,1.4142135626658591e-10,-0.32059764962940901,-0.18160096055448691,-0.18160096055448691,false,false,5.7212550000000002,0,0,false,0,0.072097340536613014,0,129.71114316946299,129.71114316946299,0,-0.74450850585965211,0,0,-0.74450850585965211,0,0,0.067110576848336434,0.003115724715783369,0.0023915498666602195,0.0012982246960926444,0.0013320861435204816,-0.043214940906342786,-0.0043804397604925533,-0.0040521231889503262,-0.0045975227966042727,-0.0097624374588911721,0,-0.74104758623095146
3.2400000000000002,approach_stop,40,40,0.20000000000000001,0.0050000000000000001,1.3050000000000002,0.75,0,0,3.2000000000000002,0,1.3715010046773513,1.3417702200842085,0,3.1987138660709453,0,-0.0059683055490160142,free_flight_controlled,sep_nmpc_adapted,formal_acados,1.2099611295521431,0,0.38281821858075638,-0.38653987512520815,-0.14327356348239637,0.12562633231986475,-0.67723255622907752,1.4142135626658591e-10,-0.32059764962940901,-0.18160096055448691,-0.18160096055448691,false,false,5.7212550000000002,0,0,false,0,0.071624638104950469,0,129.72311749268906,129.72311749268906,0,-0.72944170663770902,0,0,-0.72944170663770902,0,0,0.066892575384851702,0.0030945099337340793,0.0023709522966088932,0.0012748231585279909,0.0012837237384311171,-0.043980890486262983,-0.004110221222319548,-0.0041842141937081844,-0.0047648737632853379,-0.0095776981883392738,0,-0.74388807756587216
3.2450000000000001,approach_stop,40,40,0.20000000000000001,0.0050000000000000001,1.3087500000000001,0.75,0,0,3.2000000000000002,0,1.3782151606111064,1.3438887491955687,0,3.1986837710321101,0,-0.0060699363690026303,free_flight_controlled,sep_nmpc_adapted,formal_acados,1.2187234512754042,0,0.38268621938396852,-0.3844917093357022,-0.14252384995586084,0.12562633231986475,-0.67723255622907752,1.4142135626658591e-10,-0.32059764962940901,-0.18160096055448691,-0.18160096055448691,false,false,5.7212550000000002,0,0,false,0,0.071146523566089512,0,129.7349926082901,129.7349926082901,0,-0.71477090277538091,0,0,-0.71477090277538091,0,0,0.066670507939237844,0.0030747129146478126,0.0023497021928348496,0.0012505697301530762,0.0012363512634568493,-0.04484032839333401,-0.0038155817617441822,-0.004311743372973644,-0.0049378678961440291,-0.0093671819288584576,0,-0.7467034099904245
3.25,approach_stop,40,40,0.20000000000000001,0.0050000000000000001,1.3125,0.75,0,0,3.2000000000000002,0,1.3849398588495445,1.3459871167177455,0,3.1986531763863559,0,-0.0061681522523084377,free_flight_controlled,sep_nmpc_adapted,formal_acados,1.2275204170440999,0,0.3825538100187324,-0.38241944180544463,-0.14176527342459211,0.14372859369775504,-0.70674773456286044,1.4142135626411719e-10,-0.34767495425008405,-0.27223127556983689,-0.27223127556983689,false,false,5.7924280000000001,0,0,false,0,0.070663335657258228,0,129.66204426369129,129.66204426369129,0,-0.84226135047800288,0,0,-0.84226135047800288,0,0,0.066443930244736146,0.0030564187378149168,0.0023278433672354248,0.0012254427606761603,0.0011900866394689315,-0.045784011941079936,-0.0035111969478179759,-0.0044265085251453265,-0.0051137457739462025,-0.0091353266182740717,0,-0.74949333882449609
3.2549999999999999,approach_stop,40,40,0.20000000000000001,0.0050000000000000001,1.3162499999999999,0.75,0,0,3.2000000000000002,0,1.391674990633567,1.3480621052830279,0,3.1986220118161119,0,-0.0062979009570937657,free_flight_controlled,sep_nmpc_adapted,formal_acados,1.2363518152071828,0,0.38242098639757427,-0.38032317542638416,-0.14099801478239932,0.14372859369775504,-0.70674773456286044,1.4142135626411719e-10,-0.34767495425008405,-0.27223127556983689,-0.27223127556983689,false,false,5.7924280000000001,0,0,false,0,0.07017357184836813,0,129.67593744861546,129.67593744861546,0,-0.82322406229247014,0,0,-0.82322406229247014,0,0,0.066215367368488362,0.0030382846110367633,0.002305785325165365,0.0011993595838101811,0.0011450388111524331,-0.04563785892051115,-0.0037427436302070265,-0.0044001825329308781,-0.0053154517579607572,-0.0088823710143233654,0,-0.75225579418229149
3.2600000000000002,approach_stop,40,40,0.20000000000000001,0.0050000000000000001,1.3200000000000003,0.75,0,0,3.2000000000000002,0,1.3984204457036691,1.350116367970994,0,3.1985902092103724,0,-0.0064233669146676027,free_flight_controlled,sep_nmpc_adapted,formal_acados,1.2452174323914775,0,0.38228774768325624,-0.37820301331219153,-0.14022224965818597,0.14372859369775504,-0.70674773456286044,1.4142135626411719e-10,-0.34767495425008405,-0.27223127556983689,-0.27223127556983689,false,false,5.7924280000000001,0,0,false,0,0.069675787310634799,0,129.68973736079849,129.68973736079849,0,-0.80468621615509106,0,0,-0.80468621615509106,0,0,0.065987189621083978,0.0030191761009306026,0.002283757182749578,0.0011723439669579514,0.0011012709380460984,-0.045629894910788289,-0.0039012320639042722,-0.0044143515554344427,-0.0054862714380811911,-0.00862395147656435,0,-0.75498963540434794
3.2650000000000001,approach_stop,40,40,0.20000000000000001,0.0050000000000000001,1.32375,0.75,0,0,3.2000000000000002,0,1.4051761194901977,1.3521495343882508,0,3.1985577898562165,0,-0.0065446013647079242,free_flight_controlled,sep_nmpc_adapted,formal_acados,1.2541170619513675,0,0.38215415452716001,-0.37605905753883018,-0.13943797607878156,0.14372859369775504,-0.70674773456286044,1.4142135626411719e-10,-0.34767495425008405,-0.27223127556983689,-0.27223127556983689,false,false,5.7924280000000001,0,0,false,0,0.069170422875863488,0,129.70343812531763,129.70343812531763,0,-0.78663621281532181,0,0,-0.78663621281532181,0,0,0.065758718278978556,0.0029994469994536841,0.0022615633349020252,0.0011445550581600699,0.0010588019272805987,-0.045755057182845983,-0.0039917114680670593,-0.0044657679632655808,-0.0056246469014843764,-0.0083633126036791738,0,-0.75769461438008268
3.27,approach_stop,40,40,0.20000000000000001,0.0050000000000000001,1.3275000000000001,0.75,0,0,3.2000000000000002,0,1.4119419056556339,1.3541612674932011,0,3.1985247747718573,0,-0.0066616605317123701,free_flight_controlled,sep_nmpc_adapted,formal_acados,1.263050495297354,0,0.38202026907874231,-0.37389141035827989,-0.13864519344077064,0.14372859369775504,-0.70674773456286044,1.4142135626411719e-10,-0.34767495425008405,-0.27223127556983689,-0.27223127556983689,false,false,5.7924280000000001,0,0,false,0,0.06865790625754449,0,129.71703436716115,129.71703436716115,0,-0.7690624716011919,0,0,-0.7690624716011919,0,0,0.065529302146364848,0.0029794196929050823,0.0022390313296378594,0.0011161551944647665,0.0010176361771569765,-0.046007429707430041,-0.0040215993371320851,-0.0045485302438338752,-0.0057307945568113314,-0.0081030318932841638,0,-0.76037048473064939
3.2749999999999999,approach_stop,40,40,0.20000000000000001,0.0050000000000000001,1.3312499999999998,0.75,0,0,3.2000000000000002,0,1.4187176962573538,1.3561512620178724,0,3.1984911846827879,0,-0.0067746052454670065,free_flight_controlled,sep_nmpc_adapted,formal_acados,1.272017521907358,0,0.38188615489556166,-0.3717001743499958,-0.13784390254778756,0.14372859369775504,-0.70674773456286044,1.4142135626411719e-10,-0.34767495425008405,-0.27223127556983689,-0.27223127556983689,false,false,5.7924280000000001,0,0,false,0,0.068138652216854848,0,129.73052119284529,129.73052119284529,0,-0.75195344996991287,0,0,-0.75195344996991287,0,0,0.065298321324353564,0.0029593747922136422,0.0022160234078809991,0.0010873020511515431,0.0009777666225488273,-0.046380444230361063,-0.0040000862480248315,-0.0046547829036417904,-0.0058062914490329409,-0.0078451377035423809,0,-0.76301700271872097
3.2800000000000002,approach_stop,40,40,0.20000000000000001,0.0050000000000000001,1.3350000000000002,0.75,0,0,3.2000000000000002,0,1.4255033819025074,1.3581192428711926,0,3.1984570399997017,0,-0.0068835005621712001,free_flight_controlled,sep_nmpc_adapted,formal_acados,1.2810179293379331,0,0.38175187686331657,-0.36948545256457421,-0.13703410564438234,0.14372859369775504,-0.70674773456286044,1.4142135626411719e-10,-0.34767495425008405,-0.27223127556983689,-0.27223127556983689,false,false,5.7924280000000001,0,0,false,0,0.067613062738822907,0,129.74389417148853,129.74389417148853,0,-0.73529766258112006,0,0,-0.73529766258112006,0,0,0.065065189952746044,0.0029395438058617768,0.0021924444636551412,0.0010581429111744842,0.00093917717206479494,-0.046867088241547734,-0.003937520089597476,-0.0047754404382578941,-0.0058536464139305414,-0.0075912325735691972,0,-0.76563392825388943
3.2850000000000001,approach_stop,40,40,0.20000000000000001,0.0050000000000000001,1.3387500000000001,0.75,0,0,3.2000000000000002,0,1.4322988518949367,1.3600649635597921,0,3.1984223607982933,0,-0.0069884153898404199,free_flight_controlled,sep_nmpc_adapted,formal_acados,1.2900515032354336,0,0.3816175011263786,-0.36724734865950304,-0.13621580644630454,0.14372859369775504,-0.70674773456286044,1.4142135626411719e-10,-0.34767495425008405,-0.27223127556983689,-0.27223127556983689,false,false,5.7924280000000001,0,0,false,0,0.067081527219820775,0,129.75714931552409,129.75714931552409,0,-0.71908369932469385,0,0,-0.71908369932469385,0,0,0.064829357917623495,0.0029201048705443477,0.0021682464188560119,0.0010288110512670615,0.00090184453872369495,-0.047460108989669653,-0.0038448040737932348,-0.0049008906272685823,-0.0058758869775110264,-0.0073426108302132526,0,-0.76822102591340513
3.29,approach_stop,40,40,0.20000000000000001,0.0050000000000000001,1.3425,0.75,0,0,3.2000000000000002,0,1.4391039943743142,1.3619882046572507,0,3.1983871668009209,0,-0.0070894221222469285,free_flight_controlled,sep_nmpc_adapted,formal_acados,1.2991180273469944,0,0.38148309502743483,-0.36498596702731978,-0.13538901016733695,0.14372859369775504,-0.70674773456286044,1.4142135626411719e-10,-0.34767495425008405,-0.27223127556983689,-0.27223127556983689,false,false,5.7924280000000001,0,0,false,0,0.066544422665335973,0,129.77028306128983,129.77028306128983,0,-0.70330024182469641,0,0,-0.70330024182469641,0,0,0.06459031156844898,0.002901181395235714,0.00214342921309213,0.00099942410013592305,0.00086573951573842931,-0.048152204261189428,-0.0037328377497719044,-0.0050216396298483849,-0.0058761873304418941,-0.0071003616750193758,0,-0.77077806590829956
3.2949999999999999,approach_stop,40,40,0.20000000000000001,0.0050000000000000001,1.3462499999999999,0.75,0,0,3.2000000000000002,0,1.4459186964477979,1.3638887723467203,0,3.198351477360061,0,-0.0071865962856963997,free_flight_controlled,sep_nmpc_adapted,formal_acados,1.308217283531129,0,0.38134872705376133,-0.36270141291666891,-0.13455372354285364,0.14372859369775504,-0.70674773456286044,1.4142135626411719e-10,-0.34767495425008405,-0.27223127556983689,-0.27223127556983689,false,false,5.7924280000000001,0,0,false,0,0.066002113896693887,0,129.78329224974746,129.78329224974746,0,-0.68793607806851675,0,0,-0.68793607806851675,0,0,0.064347573530249252,0.0028828433430568767,0.0021180387760998225,0.00097008411316393413,0.00083082778680382567,-0.048936192492305082,-0.0036120242003725689,-0.0051288697371141608,-0.0058575563639774791,-0.0068654514632962606,0,-0.77330482493873021
3.3000000000000003,approach_stop,40,40,0.20000000000000001,0.0050000000000000001,1.3500000000000001,0.75,0,0,3.2000000000000002,0,1.4527428443146237,1.3657664970554664,0,3.1983153114434915,0,-0.0072800162023731905,free_flight_controlled,sep_nmpc_adapted,formal_acados,1.3173490517677819,0,0.38121446678726317,-0.36039379254684178,-0.13370995485030812,0.16110637148567974,-0.64074885432115869,1.4142135626674907e-10,-0.31666520640830326,-0.3587962709143584,-0.3587962709143584,false,false,5.7746709999999997,0,0,false,0,0.065454953765207519,0,129.72120839737482,129.72120839737482,0,-0.80820854137007037,0,0,-0.80820854137007037,0,0,0.064100701728646098,0.002865110775566448,0.0020921624737875316,0.00094087902965298736,0.00079707038526847791,-0.0498051567774506,-0.0034918601104070835,-0.0052148895421168951,-0.0058225981280490939,-0.0066387814641423442,0,-0.77580108689729443
3.3050000000000002,approach_stop,40,40,0.20000000000000001,0.0050000000000000001,1.3537500000000002,0.75,0,0,3.2000000000000002,0,1.4595763168235347,1.3676185695236405,0,3.1982786101805365,0,-0.0074007297830877812,free_flight_controlled,sep_nmpc_adapted,formal_acados,1.3265131032251962,0,0.38108033382654771,-0.35806321359833848,-0.13285787802721064,0.16110637148567974,-0.64074885432115869,1.4142135626674907e-10,-0.31666520640830326,-0.3587962709143584,-0.3587962709143584,false,false,5.7746709999999997,0,0,false,0,0.06490153825994871,0,129.73605056615685,129.73605056615685,0,-0.7887608434530865,0,0,-0.7887608434530865,0,0,0.06385207542195552,0.0028466658021592704,0.0020662351521650271,0.00091181183855344088,0.00076443708583229838,-0.049641674291366567,-0.0038877570619318528,-0.0051576912083066999,-0.0057986402690365932,-0.0064170064219220601,0,-0.778265173344588
3.3100000000000001,approach_stop,40,40,0.20000000000000001,0.0050000000000000001,1.3574999999999999,0.75,0,0,3.2000000000000002,0,1.4664189913603858,1.3694472478218311,0,3.1982413167062989,0,-0.0075169015238089011,free_flight_controlled,sep_nmpc_adapted,formal_acados,1.3357092074186769,0,0.380946350139652,-0.35570978394170882,-0.13199766201957963,0.16110637148567974,-0.64074885432115869,1.4142135626674907e-10,-0.31666520640830326,-0.3587962709143584,-0.3587962709143584,false,false,5.7746709999999997,0,0,false,0,0.064340517410026374,0,129.75077459375919,129.75077459375919,0,-0.76982832317912053,0,0,-0.76982832317912053,0,0,0.063603916527462098,0.0028264129835466542,0.00204051781148286,0.00088295971096775852,0.0007328726145187283,-0.049618505245960461,-0.0042144419466438217,-0.0051308043391791996,-0.0057370463745291022,-0.0062111898157095275,0,-0.78069565393941831
3.3149999999999999,approach_stop,40,40,0.20000000000000001,0.0050000000000000001,1.3612500000000001,0.75,0,0,3.2000000000000002,0,1.4732707500546001,1.3712521779444342,0,3.1982034535744681,0,-0.0076285941913572042,free_flight_controlled,sep_nmpc_adapted,formal_acados,1.3449371391323686,0,0.38081259082620189,-0.35333361092223148,-0.13112930672919412,0.16110637148567974,-0.64074885432115869,1.4142135626674907e-10,-0.31666520640830326,-0.3587962709143584,-0.3587962709143584,false,false,5.7746709999999997,0,0,false,0,0.063772338470347578,0,129.76537467699751,129.76537467699751,0,-0.75139897470857475,0,0,-0.75139897470857475,0,0,0.06335553038673665,0.0028046993129431474,0.0020148640236096892,0.00085450186920715419,0.00070229877275680838,-0.049732701631335863,-0.004471992218214268,-0.0051317196370128824,-0.005641686161430925,-0.0060205774870503515,0,-0.78309231655462086
3.3200000000000003,approach_stop,40,40,0.20000000000000001,0.0050000000000000001,1.3650000000000002,0.75,0,0,3.2000000000000002,0,1.4801314733525812,1.3730330404467512,0,3.1981650430125295,0,-0.0077358754204445643,free_flight_controlled,sep_nmpc_adapted,formal_acados,1.3541966712911933,0,0.38067913161776484,-0.35093480206138794,-0.13025281340056438,0.16110637148567974,-0.64074885432115869,1.4142135626674907e-10,-0.31666520640830326,-0.3587962709143584,-0.3587962709143584,false,false,5.7746709999999997,0,0,false,0,0.063197435218132134,0,129.77984553972931,129.77984553972931,0,-0.73346080150467907,0,0,-0.73346080150467907,0,0,0.063106239498134264,0.0027818650986362894,0.0019891462354623825,0.00082659430639766868,0.00067264271246167667,-0.049980370054747272,-0.0046629339088462901,-0.0051554992752571738,-0.0055178985259223831,-0.0058438175107208426,0,-0.78545495049724601
3.3250000000000002,approach_stop,40,40,0.20000000000000001,0.0050000000000000001,1.3687500000000001,0.75,0,0,3.2000000000000002,0,1.4870010401871527,1.374789549111596,0,3.1981261068984823,0,-0.0078388173398025018,free_flight_controlled,sep_nmpc_adapted,formal_acados,1.3634875749679902,0,0.38054604877439591,-0.34851346521916249,-0.1293681846631459,0.16110637148567974,-0.64074885432115869,1.4142135626674907e-10,-0.31666520640830326,-0.3587962709143584,-0.3587962709143584,false,false,5.7746709999999997,0,0,false,0,0.062616228114618366,0,129.7941824138411,129.7941824138411,0,-0.7160018319463537,0,0,-0.7160018319463537,0,0,0.062855387907792271,0.0027582328230104118,0.0019632663240467742,0.00079936370545770482,0.00064383941007012,-0.050356809080445791,-0.0047917929344675619,-0.0051954193350530978,-0.0053719829098125664,-0.0056791663065170741,0,-0.7877833471631166
3.3300000000000001,approach_stop,40,40,0.20000000000000001,0.0050000000000000001,1.3725000000000001,0.75,0,0,3.2000000000000002,0,1.493879328140246,1.3765214495638038,0,3.1980866667392998,0,-0.0079374961989271582,free_flight_controlled,sep_nmpc_adapted,formal_acados,1.3728096193918748,0,0.38041341901138481,-0.34606970874837117,-0.1284754245713608,0.16110637148567974,-0.64074885432115869,1.4142135626674907e-10,-0.31666520640830326,-0.3587962709143584,-0.3587962709143584,false,false,5.7746709999999997,0,0,false,0,0.062029124474522156,0,129.80838101972498,129.80838101972498,0,-0.69901013523337985,0,0,-0.69901013523337985,0,0,0.062602344877858096,0.0027340983368046991,0.0019371628660626355,0.00077290391302198887,0.00061583311833609254,-0.050856659384063439,-0.0048646149996591616,-0.0052436341751676144,-0.0052106915077673758,-0.0055246892478462411,0,-0.79007730080763783
3.335,approach_stop,40,40,0.20000000000000001,0.0050000000000000001,1.37625,0.75,0,0,3.2000000000000002,0,1.5007662135985955,1.3782285178620803,0,3.1980467436512523,0,-0.0080319919975725632,free_flight_controlled,sep_nmpc_adapted,formal_acados,1.3821625719575976,0,0.38028131945445687,-0.34360364164099788,-0.12757453864209539,0.16110637148567974,-0.64074885432115869,1.4142135626674907e-10,-0.31666520640830326,-0.3587962709143584,-0.3587962709143584,false,false,5.7746709999999997,0,0,false,0,0.061436518644930507,0,129.82243754634544,129.82243754634544,0,-0.68247383709582043,0,0,-0.68247383709582043,0,0,0.062346507791249679,0.0027097244690418567,0.0019108151181659165,0.00074727488501313832,0.00058857785414741931,-0.051474057550167776,-0.0048884840919580291,-0.0052918214342873356,-0.0050407530783379605,-0.005378443860541998,0,-0.79233660936190864
3.3399999999999999,approach_stop,40,40,0.20000000000000001,0.0050000000000000001,1.3799999999999999,0.75,0,0,3.2000000000000002,0,1.507661571902386,1.3799105590939711,0,3.198006358342067,0,-0.0081223881206986155,free_flight_controlled,sep_nmpc_adapted,formal_acados,1.3915461982354895,0,0.3801498276193318,-0.34111537366689648,-0.12666553388958079,0.16110637148567974,-0.64074885432115869,1.4142135626674907e-10,-0.31666520640830326,-0.3587962709143584,-0.3587962709143584,false,false,5.7746709999999997,0,0,false,0,0.060838792193232363,0,129.83634863106033,129.83634863106033,0,-0.66638113488104855,0,0,-0.66638113488104855,0,0,0.062087304295134586,0.0026853369935810442,0.0018842438942091836,0.0007225038807440184,0.00056203703397066248,-0.052202785583567064,-0.0048710651987438191,-0.005331773102987874,-0.0048684533634273204,-0.0052386362368229359,0,-0.79456107523248953
3.3450000000000002,approach_stop,40,40,0.20000000000000001,0.0050000000000000001,1.38375,0.75,0,0,3.2000000000000002,0,1.5145652774869347,1.3815674059953353,0,3.1979655310948947,0,-0.0082087709817384204,free_flight_controlled,sep_nmpc_adapted,formal_acados,1.4009602619815684,0,0.38001902141049843,-0.33860501550536626,-0.12574841885760071,0.16110637148567974,-0.64074885432115869,1.4142135626674907e-10,-0.31666520640830326,-0.3587962709143584,-0.3587962709143584,false,false,5.7746709999999997,0,0,false,0,0.060236314103422235,0,129.8501113393684,129.8501113393684,0,-0.65072031168923061,0,0,-0.65072031168923061,0,0,0.061824193721305966,0.0026611227777479825,0.0018575096794182767,0.00069858857339522061,0.00053618240853767055,-0.053036409698461448,-0.004820191713834944,-0.0053559058988645776,-0.0046992906481445546,-0.0051037440602732667,0,-0.79675050603558051
3.3500000000000001,approach_stop,40,40,0.20000000000000001,0.0050000000000000001,1.3875000000000002,0.75,0,0,3.2000000000000002,0,1.5214772040175606,1.3831989176109287,0,3.1979242817540339,0,-0.0082912296767825803,free_flight_controlled,sep_nmpc_adapted,formal_acados,1.4104045251474076,0,0.37988897913341618,-0.33607267887015302,-0.1248232036489908,0.17773502402634644,-0.56134625753800305,1.4142135627165244e-10,-0.27368012086244059,-0.44716272041090782,-0.44716272041090782,false,false,5.7504200000000001,0,0,false,0,0.059629440979920213,0,129.79399971693414,129.79399971693414,0,-0.77332015726245373,0,0,-0.77332015726245373,0,0,0.061556667849785911,0.0026372298499872,0.0018307084347190792,0.00067550166884042717,0.00051099247434277983,-0.053968403572429116,-0.0047435124360021693,-0.0053576724395530883,-0.0045377182733373732,-0.0049726024569056336,0,-0.7989047152297355
3.355,approach_stop,40,40,0.20000000000000001,0.0050000000000000001,1.3912499999999999,0.75,0,0,3.2000000000000002,0,1.5283972185221544,1.3848025405549704,0,3.1978825573467415,0,-0.008398792474693318,free_flight_controlled,sep_nmpc_adapted,formal_acados,1.4198787419986456,0,0.3797597329428023,-0.33351847652350874,-0.1238900668816295,0.17773502402634644,-0.56134625753800305,1.4142135627165244e-10,-0.27368012086244059,-0.44716272041090782,-0.44716272041090782,false,false,5.7504200000000001,0,0,false,0,0.059016738831926978,0,129.80953859841577,129.80953859841577,0,-0.75350650150628384,0,0,-0.75350650150628384,0,0,0.06128709131527825,0.0026124515667331513,0.0018042838619665188,0.00065312194801808048,0.00048646398236352925,-0.053860422545953066,-0.0051647869031544377,-0.0052139859255289096,-0.0044127283319097725,-0.0048401483993882471,0,-0.8010223349411506
3.3599999999999999,approach_stop,40,40,0.20000000000000001,0.0050000000000000001,1.395,0.75,0,0,3.2000000000000002,0,1.535325186693659,1.386380328759977,0,3.1978403068442822,0,-0.0085016690372862191,free_flight_controlled,sep_nmpc_adapted,formal_acados,1.4293826652043333,0,0.37963131679284273,-0.33094252148932568,-0.12294918209585172,0.17773502402634644,-0.56134625753800305,1.4142135627165244e-10,-0.27368012086244059,-0.44716272041090782,-0.44716272041090782,false,false,5.7504200000000001,0,0,false,0,0.058396828523026176,0,129.82493775506705,129.82493775506705,0,-0.73422145860898114,0,0,-0.73422145860898114,0,0,0.061017668648526383,0.0025858121861099918,0.0017784972553425153,0.00063139952440994054,0.00046257527597915946,-0.053907113945068072,-0.0054873675358042984,-0.0051025416481457718,-0.0042753205154477244,-0.0047164632657813871,0,-0.80310154879318185
3.3650000000000002,approach_stop,40,40,0.20000000000000001,0.0050000000000000001,1.3987500000000002,0.75,0,0,3.2000000000000002,0,1.5422609785311192,1.387931957548276,0,3.1977975534946572,0,-0.0085999331807447652,free_flight_controlled,sep_nmpc_adapted,formal_acados,1.4389160517108663,0,0.37950381282651385,-0.32834492682025285,-0.12200055088216982,0.17773502402634644,-0.56134625753800305,1.4142135627165244e-10,-0.27368012086244059,-0.44716272041090782,-0.44716272041090782,false,false,5.7504200000000001,0,0,false,0,0.057770162224763284,0,129.84019153239458,129.84019153239458,0,-0.71545242326274006,0,0,-0.71545242326274006,0,0,0.060747634836630537,0.00255780569859921,0.0017531905484288336,0.00061038726679377045,0.00043928622948429923,-0.054104889607226959,-0.0057116341312704964,-0.0050215828191980767,-0.0041293783345232472,-0.0046000114110771543,0,-0.80514217643682939
3.3700000000000001,approach_stop,40,40,0.20000000000000001,0.0050000000000000001,1.4025000000000001,0.75,0,0,3.2000000000000002,0,1.5492044625022396,1.3894571387866288,0,3.1977543201648841,0,-0.0086936633955593152,free_flight_controlled,sep_nmpc_adapted,formal_acados,1.4484786566800421,0,0.37937730340976061,-0.32572580582219757,-0.12104417622062927,0.17773502402634644,-0.56134625753800305,1.4142135627165244e-10,-0.27368012086244059,-0.44716272041090782,-0.44716272041090782,false,false,5.7504200000000001,0,0,false,0,0.057137178148586862,0,129.85529482637028,129.85529482637028,0,-0.69718678617279994,0,0,-0.69718678617279994,0,0,0.060476246150270495,0.0025289158802208971,0.0017282213920220412,0.00059011609474727167,0.00041656495976667241,-0.054448850105221339,-0.0058412130802438893,-0.004966685119708652,-0.0039797193301462034,-0.0044890624419112171,0,-0.8071440375447001
3.375,approach_stop,40,40,0.20000000000000001,0.0050000000000000001,1.40625,0.75,0,0,3.2000000000000002,0,1.5561555057222172,1.3909556193361958,0,3.1977106293187498,0,-0.0087829424508813463,free_flight_controlled,sep_nmpc_adapted,formal_acados,1.4580702334954707,0,0.37925187109545111,-0.32308527222674643,-0.12008006253104044,0.17773502402634644,-0.56134625753800305,1.4142135627165244e-10,-0.27368012086244059,-0.44716272041090782,-0.44716272041090782,false,false,5.7504200000000001,0,0,false,0,0.056498300704800969,0,129.87024306242998,129.87024306242998,0,-0.67941195397752507,0,0,-0.67941195397752507,0,0,0.060202786288171127,0.0024996013162923206,0.0017034748516193724,0.00057059149997630337,0.00039438833931239737,-0.054932953968504734,-0.0058824632397448777,-0.0049314219385294114,-0.0038316171957913626,-0.0043818742374182734,0,-0.80910695270784361
3.3799999999999999,approach_stop,40,40,0.20000000000000001,0.0050000000000000001,1.4099999999999999,0.75,0,0,3.2000000000000002,0,1.5631139741246451,1.392427179413628,0,3.1976665029964022,0,-0.0088678569983168826,free_flight_controlled,sep_nmpc_adapted,formal_acados,1.4676905337693982,0,0.37912759861275502,-0.32042344035524695,-0.11910821572010484,0.17773502402634644,-0.56134625753800305,1.4142135627165244e-10,-0.27368012086244059,-0.44716272041090782,-0.44716272041090782,false,false,5.7504200000000001,0,0,false,0,0.055853940672510469,0,129.88503217385772,129.88503217385772,0,-0.66211536990850339,0,0,-0.66211536990850339,0,0,0.05992657161820808,0.0024702831368995344,0.00167887168127401,0.00055179244782424129,0.00037274162379148461,-0.055550207925125022,-0.0058439113474471008,-0.0049080607218323765,-0.0036903331304468608,-0.0042768620525089765,0,-0.8110307445021756
3.3850000000000002,approach_stop,40,40,0.20000000000000001,0.0050000000000000001,1.4137500000000003,0.75,0,0,3.2000000000000002,0,1.5700797326240774,1.393871630900396,0,3.1976219627959246,0,-0.0089484971762858467,free_flight_controlled,sep_nmpc_adapted,formal_acados,1.4773393073496865,0,0.37900456887821066,-0.31774042527439084,-0.11812864322494786,0.17773502402634644,-0.56134625753800305,1.4142135627165244e-10,-0.27368012086244059,-0.44716272041090782,-0.44716272041090782,false,false,5.7504200000000001,0,0,false,0,0.055204495382504944,0,129.899658579613,129.899658579613,0,-0.64528453455267676,0,0,-0.64528453455267676,0,0,0.059646955437546952,0.0024413356295371141,0.0016543731315388794,0.00053367253397031426,0.00035161729242143909,-0.056292867324793001,-0.005735671118363408,-0.0048882461192036744,-0.0035606870424893969,-0.0041727426829286695,0,-0.81291523864254267
3.3900000000000001,approach_stop,40,40,0.20000000000000001,0.0050000000000000001,1.4175,0.75,0,0,3.2000000000000002,0,1.5770526452700815,1.3952888156341623,0,3.1975770298568822,0,-0.009024956217143219,free_flight_controlled,sep_nmpc_adapted,formal_acados,1.487016302326553,0,0.37888286502286755,-0.31503634294352845,-0.11714135405285589,0.17773502402634644,-0.56134625753800305,1.4142135627165244e-10,-0.27368012086244059,-0.44716272041090782,-0.44716272041090782,false,false,5.7504200000000001,0,0,false,0,0.054550348912802006,0,129.91411916173826,129.91411916173826,0,-0.62890702613959126,0,0,-0.62890702613959126,0,0,0.059363331225667317,0.0024130797336602886,0.0016299824544790864,0.00051616313287389606,0.00033101324774957569,-0.05715263706349917,-0.0055688759655239057,-0.0048636323930358986,-0.0034466931962749857,-0.0040686453910237135,0,-0.81476026515154498
3.395,approach_stop,40,40,0.20000000000000001,0.0050000000000000001,1.4212500000000001,0.75,0,0,3.2000000000000002,0,1.5840325753927667,1.3966786037116814,0,3.1975317248458213,0,-0.0090973300599578588,free_flight_controlled,sep_nmpc_adapted,formal_acados,1.4967212650386885,0,0.37876257042902167,-0.31231131035407811,-0.11614635881708038,0.17773502402634644,-0.56134625753800305,1.4142135627165244e-10,-0.27368012086244059,-0.44716272041090782,-0.44716272041090782,false,false,5.7504200000000001,0,0,false,0,0.053891872296199773,0,129.92841124252755,129.92841124252755,0,-0.61297051987934326,0,0,-0.61297051987934326,0,0,0.059075134908931286,0.0023857792848351084,0.0016057434367746245,0.00049917816831165343,0.00031093055568630286,-0.058120864808011805,-0.0053551500984974831,-0.0048264355577232014,-0.0033512781100115572,-0.0039641842369060659,0,-0.81656565948285753
3.3999999999999999,approach_stop,40,40,0.20000000000000001,0.0050000000000000001,1.4249999999999998,0.75,0,0,3.2000000000000002,0,1.5910193857399069,1.3980408918277771,0,3.1974860679436805,0,-0.0091657169720860011,free_flight_controlled,sep_nmpc_adapted,formal_acados,1.5064539400784636,0,0.37864376876976752,-0.30956544566144328,-0.11514366976862699,0.19359067760727627,-0.57407172645049642,1.4142135627024536e-10,-0.28638276249177536,-0.54492803293404668,-0.54492803293404668,false,false,5.7488669999999997,0,0,false,0,0.053229423738893583,0,129.87366424987232,129.87366424987232,0,-0.74971172328835345,0,0,-0.74971172328835345,0,0,0.058781846192250582,0.0023596397666151821,0.001581736418242831,0.00048262006491252171,0.00029137092594390152,-0.059188719985545507,-0.0051061370110693002,-0.0047698843079071428,-0.0032760914685246623,-0.0038594894296571734,0,-0.81833126355270536
3.4050000000000002,approach_stop,40,40,0.20000000000000001,0.0050000000000000001,1.4287500000000002,0.75,0,0,3.2000000000000002,0,1.5980129327371495,1.3993732108369314,0,3.1974400069026605,0,-0.0092589794589026282,free_flight_controlled,sep_nmpc_adapted,formal_acados,1.516214065090387,0,0.37852649924493625,-0.30679886764676245,-0.11413348481963098,0.19359067760727627,-0.57407172645049642,1.4142135627024536e-10,-0.28638276249177536,-0.54492803293404668,-0.54492803293404668,false,false,5.7488669999999997,0,0,false,0,0.052561384972236204,0,129.88983632787429,129.88983632787429,0,-0.72912030510980019,0,0,-0.72912030510980019,0,0,0.058486124701440136,0.0023333549003142023,0.0015584234780732543,0.00046630432183955865,0.00027234892991641828,-0.059097787993095403,-0.0054033345938164744,-0.0045585004495330081,-0.0032497160586094703,-0.0037504609410576807,0,-0.82005597406049802
3.4100000000000001,approach_stop,40,40,0.20000000000000001,0.0050000000000000001,1.4325000000000001,0.75,0,0,3.2000000000000002,0,1.605013071557313,1.4006775669704181,0,3.1973934915503546,0,-0.0093474429228776242,free_flight_controlled,sep_nmpc_adapted,formal_acados,1.5260013761606064,0,0.37841080283359818,-0.30401169539670658,-0.11311599619301088,0.19359067760727627,-0.57407172645049642,1.4142135627024536e-10,-0.28638276249177536,-0.54492803293404668,-0.54492803293404668,false,false,5.7488669999999997,0,0,false,0,0.051886199123399354,0,129.90585270918427,129.90585270918427,0,-0.70907860736833617,0,0,-0.70907860736833617,0,0,0.058190461559328978,0.0023058565246092165,0.0015360639706250654,0.00045014157126501423,0.0002538514240795655,-0.059165349359981551,-0.0055914762980369256,-0.0043885968716509674,-0.0032149375853191132,-0.003649688070739563,0,-0.821737396669598
3.415,approach_stop,40,40,0.20000000000000001,0.0050000000000000001,1.43625,0.75,0,0,3.2000000000000002,0,1.6120196615824849,1.4019536451797747,0,3.1973465456810404,0,-0.0094311882228263356,free_flight_controlled,sep_nmpc_adapted,formal_acados,1.5358156130042815,0,0.37829676690600572,-0.30120404857820338,-0.11209120648552789,0.19359067760727627,-0.57407172645049642,1.4142135627024536e-10,-0.28638276249177536,-0.54492803293404668,-0.54492803293404668,false,false,5.7488669999999997,0,0,false,0,0.051204332417300345,0,129.92170749754513,129.92170749754513,0,-0.68957337001472618,0,0,-0.68957337001472618,0,0,0.057894077487810003,0.0022776821801729265,0.0015144536032070392,0.00043417152430916234,0.00023583764490443232,-0.059385867568731432,-0.0056742939898300811,-0.0042583619682531829,-0.0031729214941408268,-0.0035568985123249175,0,-0.82337539000841975
3.4199999999999999,approach_stop,40,40,0.20000000000000001,0.0050000000000000001,1.4399999999999999,0.75,0,0,3.2000000000000002,0,1.6190325607134062,1.4032011676465137,0,3.1972991926730634,0,-0.0095103007738425241,free_flight_controlled,sep_nmpc_adapted,formal_acados,1.5456565135892242,0,0.37818447892051188,-0.29837604712418198,-0.11105911973088553,0.19359067760727627,-0.57407172645049642,1.4142135627024536e-10,-0.28638276249177536,-0.54492803293404668,-0.54492803293404668,false,false,5.7488669999999997,0,0,false,0,0.050516236508307118,0,129.93739537678221,129.93739537678221,0,-0.67059134695906431,0,0,-0.67059134695906431,0,0,0.057596224362361385,0.0022493418291209956,0.0014934050408375028,0.00041842479421245001,0.00021826905294405921,-0.059752452952495844,-0.0056589853014617974,-0.0041629444626295172,-0.0031260649444670129,-0.0034715016562004977,0,-0.82496981385946799
3.4250000000000003,approach_stop,40,40,0.20000000000000001,0.0050000000000000001,1.4437500000000001,0.75,0,0,3.2000000000000002,0,1.6260516255509718,1.4044198919324684,0,3.1972514554672733,0,-0.0095848701222641264,free_flight_controlled,sep_nmpc_adapted,formal_acados,1.555523814137302,0,0.37807402635783116,-0.29552781141366979,-0.11001974144970185,0.19359067760727627,-0.57407172645049642,1.4142135627024536e-10,-0.28638276249177536,-0.54492803293404668,-0.54492803293404668,false,false,5.7488669999999997,0,0,false,0,0.049822348660329523,0,129.95291158733542,129.95291158733542,0,-0.65211933026132629,0,0,-0.65211933026132629,0,0,0.057296191425477039,0.0022213021193053894,0.0014727612408460987,0.00040291790767757311,0.00020111052265897928,-0.060257087973363176,-0.0055555648075175726,-0.0040952093324621618,-0.0030775257295629125,-0.003392749006340335,0,-0.82652053049302943
3.4300000000000002,approach_stop,40,40,0.20000000000000001,0.0050000000000000001,1.4475000000000002,0.75,0,0,3.2000000000000002,0,1.6330767115683427,1.4056096090558423,0,3.197203356547432,0,-0.0096549895185930965,free_flight_controlled,sep_nmpc_adapted,formal_acados,1.5654172491263076,0,0.37796549667642643,-0.292659462442035,-0.10897307869535204,0.19359067760727627,-0.57407172645049642,1.4142135627024536e-10,-0.28638276249177536,-0.54492803293404668,-0.54492803293404668,false,false,5.7488669999999997,0,0,false,0,0.049123091940383376,0,129.96825190206101,129.96825190206101,0,-0.63414417462136852,0,0,-0.63414417462136852,0,0,0.056993310320255008,0.0021939740306167292,0.0014524048972567693,0.00038765068697245192,0.00018433074531891145,-0.060890871642343192,-0.0053761670422411856,-0.0040465290014413359,-0.0030307511634427146,-0.0033198863539768962,0,-0.82802740616749326
3.4350000000000001,approach_stop,40,40,0.20000000000000001,0.0050000000000000001,1.4512499999999999,0.75,0,0,3.2000000000000002,0,1.6401076732733466,1.4067701415376419,0,3.1971549179227576,0,-0.0097207554903641913,free_flight_controlled,sep_nmpc_adapted,formal_acados,1.575336551292166,0,0.37785897728650841,-0.2897711219811806,-0.10791914009526953,0.19359067760727627,-0.57407172645049642,1.4142135627024536e-10,-0.28638276249177536,-0.54492803293404668,-0.54492803293404668,false,false,5.7488669999999997,0,0,false,0,0.048418875427370438,0,129.98341260140268,129.98341260140268,0,-0.61665282142171596,0,0,-0.61665282142171596,0,0,0.056686958881071316,0.0021677040425014168,0.001432263947849497,0.00037260591596986991,0.00016790191677754592,-0.061644270231946005,-0.0051343412691769825,-0.0040075592373337238,-0.002989040750010709,-0.0032522859120809292,0,-0.8294903126967772
3.4399999999999999,approach_stop,40,40,0.20000000000000001,0.0050000000000000001,1.4550000000000001,0.75,0,0,3.2000000000000002,0,1.6471443643611225,1.4079013414586083,0,3.1971061611125964,0,-0.0097822674186011874,free_flight_controlled,sep_nmpc_adapted,formal_acados,1.5852814516312059,0,0.37775455553798554,-0.2868629127299166,-0.10685793588762027,0.19359067760727627,-0.57407172645049642,1.4142135627024536e-10,-0.28638276249177536,-0.54492803293404668,-0.54492803293404668,false,false,5.7488669999999997,0,0,false,0,0.047710094435346913,0,129.99839044814914,129.99839044814914,0,-0.59963232166130642,0,0,-0.59963232166130642,0,0,0.056376563679024459,0.0021427687744554978,0.0014123133310288095,0.00035775104998464068,0.00015179883399861417,-0.062507362901485286,-0.0048443728364381267,-0.0039689569197971213,-0.0029551699521021399,-0.0031895494373363857,0,-0.8309091289967212
3.4450000000000003,approach_stop,40,40,0.20000000000000001,0.0050000000000000001,1.4587500000000002,0.75,0,0,3.2000000000000002,0,1.6541866378571493,1.4090030885610523,0,3.1970571071331944,0,-0.009839627122507617,free_flight_controlled,sep_nmpc_adapted,formal_acados,1.595251679402246,0,0.37765231871681992,-0.28393495845490324,-0.10578947795333957,0.19359067760727627,-0.57407172645049642,1.4142135627024536e-10,-0.28638276249177536,-0.54492803293404668,-0.54492803293404668,false,false,5.7488669999999997,0,0,false,0,0.046997130750134598,0,130.01318266205027,130.01318266205027,0,-0.58306985724885918,0,0,-0.58306985724885918,0,0,0.056061601372265048,0.0021193728922686019,0.0013925733714242618,0.00034304161085585319,0.00013599756142823662,-0.063470072691916943,-0.0045206597322854291,-0.0039220059688138608,-0.0029310950107336044,-0.003131576450488973,0,-0.83228374253780357
3.4500000000000002,approach_stop,40,40,0.20000000000000001,0.0050000000000000001,1.4625000000000001,0.75,0,0,3.2000000000000002,0,1.6612343462509533,1.4100752884235865,0,3.1970077764865135,0,-0.0098929384573024654,free_flight_controlled,sep_nmpc_adapted,formal_acados,1.605246962128319,0,0.37755235404405213,-0.28098738412263435,-0.10471377984359405,0.20859779850065874,-0.57537779648367404,1.4142135626967248e-10,-0.29099748978698192,-0.64386341741101216,-0.64386341741101216,false,false,5.8422299999999998,0,0,false,0,0.046280352877810502,0,129.96718569125488,129.96718569125488,0,-0.72073681789075006,0,0,-0.72073681789075006,0,0,0.055741598953969136,0.002097649946692183,0.0013731053172983288,0.0003284258281535855,0.00012047384992128432,-0.064522375399618873,-0.0041771661003717894,-0.0038591275402195717,-0.002917751083004154,-0.0030785947878886576,0,-0.8336140506484857
3.4550000000000001,approach_stop,40,40,0.20000000000000001,0.0050000000000000001,1.4662500000000001,0.75,0,0,3.2000000000000002,0,1.6682873364169004,1.4111157451591172,0,3.1969581253010064,0,-0.0099678358658229927,free_flight_controlled,sep_nmpc_adapted,formal_acados,1.6152670216065206,0,0.37745471072914938,-0.27802031481037981,-0.10363104226757719,0.20859779850065874,-0.57537779648367404,1.4142135626967248e-10,-0.29099748978698192,-0.64386341741101216,-0.64386341741101216,false,false,5.8422299999999998,0,0,false,0,0.045558133083614338,0,129.98375628530886,129.98375628530886,0,-0.69949949899471786,0,0,-0.69949949899471786,0,0,0.055419298683396866,0.0020761977468148965,0.0013543589696019156,0.00031376752103719614,0.00010521641281452566,-0.064392960949694808,-0.0044025422943000424,-0.0036430294750476877,-0.0029433869857523245,-0.0030263771557653397,0,-0.83489936328434222
3.46,approach_stop,40,40,0.20000000000000001,0.0050000000000000001,1.47,0.75,0,0,3.2000000000000002,0,1.6753454539818575,1.4121261945630574,0,3.196908111687268,0,-0.010037911273390019,free_flight_controlled,sep_nmpc_adapted,formal_acados,1.6253115780512206,0,0.37735943925776422,-0.27503387593063688,-0.10254146020344984,0.20859779850065874,-0.57537779648367404,1.4142135626967248e-10,-0.29099748978698192,-0.64386341741101216,-0.64386341741101216,false,false,5.8422299999999998,0,0,false,0,0.044828905335934296,0,130.00015610131192,130.00015610131192,0,-0.67882907420133587,0,0,-0.67882907420133587,0,0,0.055097276315089677,0.0020538473337902972,0.0013365819770239094,0.00029902824460088513,9.0186942440247784e-05,-0.064411125630602931,-0.0045365237209915293,-0.0034714251252132423,-0.0029501633904884068,-0.0029873415409947604,0,-0.83613689407675229
3.4649999999999999,approach_stop,40,40,0.20000000000000001,0.0050000000000000001,1.4737499999999999,0.75,0,0,3.2000000000000002,0,1.6824085481129381,1.4131063243665609,0,3.1968577595389807,0,-0.010103251684593055,free_flight_controlled,sep_nmpc_adapted,formal_acados,1.6353803540742258,0,0.37726662913447939,-0.27202819403871226,-0.10144503748669759,0.20859779850065874,-0.57537779648367404,1.4142135626967248e-10,-0.29099748978698192,-0.64386341741101216,-0.64386341741101216,false,false,5.8422299999999998,0,0,false,0,0.044093146359541299,0,130.01637907780301,130.01637907780301,0,-0.65871191842100596,0,0,-0.65871191842100596,0,0,0.054774808162085555,0.0020310461253744893,0.0013195555971766038,0.0002843000473113234,7.5321113005792487e-05,-0.064570965715038287,-0.0045834877604939844,-0.0033422794754854484,-0.0029392659340149595,-0.0029607584045635471,0,-0.83732657640125363
3.4700000000000002,approach_stop,40,40,0.20000000000000001,0.0050000000000000001,1.4775,0.75,0,0,3.2000000000000002,0,1.6894764665077169,1.414055858694413,0,3.1968070923038363,0,-0.010163948385746536,free_flight_controlled,sep_nmpc_adapted,formal_acados,1.6454730705479808,0,0.3771763694576647,-0.2690033959597361,-0.10034177939880259,0.20859779850065874,-0.57537779648367404,1.4142135626967248e-10,-0.29099748978698192,-0.64386341741101216,-0.64386341741101216,false,false,5.8422299999999998,0,0,false,0,0.043351317949397082,0,130.03241975123478,130.03241975123478,0,-0.63913445183391193,0,0,-0.63913445183391193,0,0,0.054451202911443779,0.0020082119497166857,0.0013030788086659207,0.00026966515804156338,6.0559536328052324e-05,-0.064865469602088555,-0.0045507931355876965,-0.0032506588480125049,-0.0029133576295652026,-0.0029454116195330375,0,-0.83846834824818361
3.4750000000000001,approach_stop,40,40,0.20000000000000001,0.0050000000000000001,1.4812500000000002,0.75,0,0,3.2000000000000002,0,1.6965490555715828,1.4149745562358336,0,3.1967561329633805,0,-0.010220096511479038,free_flight_controlled,sep_nmpc_adapted,formal_acados,1.6555894466083456,0,0.37708874882676113,-0.26595960896323712,-0.099231692712646577,0.20859779850065874,-0.57537779648367404,1.4142135626967248e-10,-0.29099748978698192,-0.64386341741101216,-0.64386341741101216,false,false,5.8422299999999998,0,0,false,0,0.042603867176313218,0,130.04827323090967,130.04827323090967,0,-0.62008316227912941,0,0,-0.62008316227912941,0,0,0.054125806631652264,0.0019857196863636737,0.0012869809560927302,0.00025518981019463936,4.5849750385761104e-05,-0.065286733936263372,-0.0044481516672154869,-0.0031894791216839566,-0.0028760910293224367,-0.0029397765208992086,0,-0.83956215354212915
3.48,approach_stop,40,40,0.20000000000000001,0.0050000000000000001,1.4849999999999999,0.75,0,0,3.2000000000000002,0,1.7036261605858849,1.4158622083690424,0,3.1967049040148487,0,-0.010271794614401775,free_flight_controlled,sep_nmpc_adapted,formal_acados,1.6657291996583363,0,0.3770038552763435,-0.26289696092754855,-0.098114785734042836,0.20859779850065874,-0.57537779648367404,1.4142135626967248e-10,-0.29099748978698192,-0.64386341741101216,-0.64386341741101216,false,false,5.8422299999999998,0,0,false,0,0.041851226604347154,0,130.06393517345117,130.06393517345117,0,-0.60154462754357896,0,0,-0.60154462754357896,0,0,0.05379800666058808,0.0019638911517609044,0.001271130564969468,0.0002409205253196105,3.1147324741029103e-05,-0.065826193156968235,-0.0042869653825181129,-0.0031502808511591472,-0.0028316183472179373,-0.0029421928717351066,0,-0.84060794358088586
3.4849999999999999,approach_stop,40,40,0.20000000000000001,0.0050000000000000001,1.48875,0.75,0,0,3.2000000000000002,0,1.7107076258666674,1.4167186372806408,0,3.1966534274551344,0,-0.010319144240268334,free_flight_controlled,sep_nmpc_adapted,formal_acados,1.6758920453726927,0,0.37692177623506634,-0.25981558049397468,-0.096991068339079181,0.20859779850065874,-0.57537779648367404,1.4142135626967248e-10,-0.29099748978698192,-0.64386341741101216,-0.64386341741101216,false,false,5.8422299999999998,0,0,false,0,0.041093814521456801,0,130.07940175693375,130.07940175693375,0,-0.58350553688361662,0,0,-0.58350553688361662,0,0,0.053467234337476653,0.0019429883061967347,0.0012554403169410789,0.00022688277988174439,1.6416139727479912e-05,-0.066474850464443611,-0.0040796667171460795,-0.003123982500962093,-0.0027841331746755586,-0.0029510205822664698,0,-0.84160567849692036
3.4900000000000002,approach_stop,40,40,0.20000000000000001,0.0050000000000000001,1.4925000000000002,0.75,0,0,3.2000000000000002,0,1.7177932949140688,1.4175436941159472,0,3.1966017247668659,0,-0.010362249512253435,free_flight_controlled,sep_nmpc_adapted,formal_acados,1.6860776977029732,0,0.37684259850537782,-0.2567155972110956,-0.095860552007274641,0.20859779850065874,-0.57537779648367404,1.4142135626967248e-10,-0.29099748978698192,-0.64386341741101216,-0.64386341741101216,false,false,5.8422299999999998,0,0,false,0,0.040332035182509766,0,130.09466965489423,130.09466965489423,0,-0.56595271119976442,0,0,-0.56595271119976442,0,0,0.053132966598617874,0.0019232096831909835,0.0012398684005862951,0.00021308182641952654,1.6279503528435451e-06,-0.067223499753985727,-0.0038390942356301464,-0.0031015708983864348,-0.0027374709451100146,-0.0029647687866718657,0,-0.84255532865697524
3.4950000000000001,approach_stop,40,40,0.20000000000000001,0.0050000000000000001,1.4962500000000001,0.75,0,0,3.2000000000000002,0,1.7248830105526114,1.4183372571905015,0,3.1965498169065247,0,-0.010401216728556442,free_flight_controlled,sep_nmpc_adapted,formal_acados,1.6962858688829245,0,0.37676640825890184,-0.25359714166968683,-0.094723249850602917,0.20859779850065874,-0.57537779648367404,1.4142135626967248e-10,-0.29099748978698192,-0.64386341741101216,-0.64386341741101216,false,false,5.8422299999999998,0,0,false,0,0.039566279063385126,0,130.10973601047925,130.10973601047925,0,-0.5488731214156457,0,0,-0.5488731214156457,0,0,0.052794726504264984,0.0019046897957376522,0.0012244166350181618,0.00019950532255000599,-1.3238614658542183e-05,-0.068062929961263188,-0.0035779299545647346,-0.0030746971775860578,-0.0026947880106427419,-0.0029821919053421076,0,-0.84345687593190632
3.5,approach_stop,40,40,0.20000000000000001,0.0050000000000000001,1.5,0.75,0,0,3.2000000000000002,0,1.7319766150627556,1.4190992302864924,0,3.1964977242945389,0,-0.010436153977425727,free_flight_controlled,sep_nmpc_adapted,formal_acados,1.7065162694339429,0,0.37669329104194077,-0.2504603456288127,-0.093579176638497019,0.22269206410194059,-0.57930539332617892,1.4142135626905029e-10,-0.29639606322910206,-0.74458987883960737,-0.74458987883960737,false,false,5.7536149999999999,0,0,false,0,0.038796923124647907,0,130.0728711013511,130.0728711013511,0,-0.68851023208141404,0,0,-0.68851023208141404,0,0,0.052452082801704873,0.0018875011604278695,0.0012091258978781411,0.00018612734087006418,-2.8199444071386721e-05,-0.06898410532838159,-0.0033082174895033541,-0.0030361562324947239,-0.0026583316307443941,-0.0030023493792089477,0,-0.84431031478658458
3.5049999999999999,approach_stop,40,40,0.20000000000000001,0.0050000000000000001,1.5037499999999999,0.75,0,0,3.2000000000000002,0,1.7390739456867985,1.419827649113371,0,3.196445411614413,0,-0.010489236564840982,free_flight_controlled,sep_nmpc_adapted,formal_acados,1.7167686053187521,0,0.37662330127919957,-0.24730534036804644,-0.092428536880791612,0.22269206410194059,-0.57930539332617892,1.4142135626905029e-10,-0.29639606322910206,-0.74458987883960737,-0.74458987883960737,false,false,5.7536149999999999,0,0,false,0,0.038022316442690163,0,130.08961169236903,130.08961169236903,0,-0.66669986059059894,0,0,-0.66669986059059894,0,0,0.052107863406955869,0.0018701682289091286,0.0011944290934976674,0.00017282980862414428,-4.3251391498393284e-05,-0.06869723530538685,-0.0036252876653988151,-0.0028470486946213678,-0.0026580588108996864,-0.0030197758664125027,0,-0.84511539843471639
3.5100000000000002,approach_stop,40,40,0.20000000000000001,0.0050000000000000001,1.5075000000000003,0.75,0,0,3.2000000000000002,0,1.7461748383677307,1.420523998357724,0,3.1963928454373263,0,-0.010537554345952901,free_flight_controlled,sep_nmpc_adapted,formal_acados,1.7270425809180194,0,0.37655649408169484,-0.24413225744971126,-0.091271529232624701,0.22269206410194059,-0.57930539332617892,1.4142135626905029e-10,-0.29639606322910206,-0.74458987883960737,-0.74458987883960737,false,false,5.7536149999999999,0,0,false,0,0.037240870728326082,0,130.10616792733668,130.10616792733668,0,-0.64547329626292571,0,0,-0.64547329626292571,0,0,0.051764720840584047,0.001851463783147466,0.0011805518203659088,0.00015958669649006246,-5.8412951878209795e-05,-0.068553515525088385,-0.0038564993538866645,-0.0027084423822867007,-0.0026368348201658951,-0.0030459419308948039,0,-0.8458689882892283
3.5150000000000001,approach_stop,40,40,0.20000000000000001,0.0050000000000000001,1.51125,0.75,0,0,3.2000000000000002,0,1.7532791319434913,1.4211879586480942,0,3.196340049357536,0,-0.010581199671299515,free_flight_controlled,sep_nmpc_adapted,formal_acados,1.7373379018843964,0,0.37649295560164464,-0.24094123005909487,-0.090108158484469333,0.22269206410194059,-0.57930539332617892,1.4142135626905029e-10,-0.29639606322910206,-0.74458987883960737,-0.74458987883960737,false,false,5.7536149999999999,0,0,false,0,0.036453072774124629,0,130.12253360548777,130.12253360548777,0,-0.62481672919769915,0,0,-0.62481672919769915,0,0,0.05142195046266116,0.0018318132517825346,0.0011672446047659546,0.00014649675380573604,-7.3723494722099901e-05,-0.068548279046174096,-0.0040039710090107152,-0.0026185500909585149,-0.0025973562759317058,-0.003079031522708706,0,-0.84657113030103415
3.52,approach_stop,40,40,0.20000000000000001,0.0050000000000000001,1.5150000000000001,0.75,0,0,3.2000000000000002,0,1.7603866637480841,1.4218192474714264,0,3.1962870464970394,0,-0.010620268985467416,free_flight_controlled,sep_nmpc_adapted,formal_acados,1.7476542721771091,0,0.37643277113057527,-0.23773239157097495,-0.088938430850785885,0.22269206410194059,-0.57930539332617892,1.4142135626905029e-10,-0.29639606322910206,-0.74458987883960737,-0.74458987883960737,false,false,5.7536149999999999,0,0,false,0,0.035659394206624943,0,130.13870314353207,130.13870314353207,0,-0.60471639663928545,0,0,-0.60471639663928545,0,0,0.051078873872501013,0.0018116234605419744,0.0011542749037707386,0.00013364127369006206,-8.9212213064636517e-05,-0.068675727380482748,-0.0040729333588237571,-0.0025725059460638242,-0.0025438221486649456,-0.0031168248432263302,0,-0.84722187630233059
3.5249999999999999,approach_stop,40,40,0.20000000000000001,0.0050000000000000001,1.5187499999999998,0.75,0,0,3.2000000000000002,0,1.7674972697915439,1.4224176174596159,0,3.1962338594863589,0,-0.010654862399625674,free_flight_controlled,sep_nmpc_adapted,formal_acados,1.7579913940705487,0,0.37637602504696527,-0.23450587572099515,-0.087762354016555105,0.22269206410194059,-0.57930539332617892,1.4142135626905029e-10,-0.29639606322910206,-0.74458987883960737,-0.74458987883960737,false,false,5.7536149999999999,0,0,false,0,0.034860291695042282,0,130.15467155002403,130.15467155002403,0,-0.58515860323501534,0,0,-0.58515860323501534,0,0,0.050734844091806543,0.0017912685102568237,0.0011414406498606664,0.00012107790932311566,-0.00010489662810591315,-0.068929124241767809,-0.0040711428803807837,-0.0025631152431565218,-0.0024813989029966893,-0.003156907661004123,0,-0.84782128509686205
3.5300000000000002,approach_stop,40,40,0.20000000000000001,0.0050000000000000001,1.5225000000000002,0.75,0,0,3.2000000000000002,0,1.7746107849312465,1.4229828546169023,0,3.1961805104472605,0,-0.010685083269753868,free_flight_controlled,sep_nmpc_adapted,formal_acados,1.7683489681634039,0,0.37632280079636971,-0.23126181676784255,-0.086579937180443156,0.22269206410194059,-0.57930539332617892,1.4142135626905029e-10,-0.29639606322910206,-0.74458987883960737,-0.74458987883960737,false,false,5.7536149999999999,0,0,false,0,0.034056207170234408,0,130.17043439940937,130.17043439940937,0,-0.56612974149854978,0,0,-0.56612974149854978,0,0,0.050389249731381633,0.0017710787148759902,0.0011285799367250877,0.00010883718618658933,-0.0001207821273710972,-0.069301006279212457,-0.0040082510214195623,-0.0025816391969087035,-0.0024156834008976472,-0.0031968729793910447,0,-0.84836942368179269
3.5350000000000001,approach_stop,40,40,0.20000000000000001,0.0050000000000000001,1.5262500000000001,0.75,0,0,3.2000000000000002,0,1.7817270430342891,1.4235147765281793,0,3.1961270209775678,0,-0.010711037782000108,free_flight_controlled,sep_nmpc_adapted,formal_acados,1.7787266933880825,0,0.37627318090119649,-0.22800034964620655,-0.08539119109422405,0.22269206410194059,-0.57930539332617892,1.4142135626905029e-10,-0.29639606322910206,-0.74458987883960737,-0.74458987883960737,false,false,5.7536149999999999,0,0,false,0,0.033247568055713952,0,130.18598780582238,130.18598780582238,0,-0.54761631181494064,0,0,-0.54761631181494064,0,0,0.050041518086912394,0.0017513327236895011,0.0011155768003884598,9.6921629773793921e-05,-0.00013686246394884014,-0.06978339882983213,-0.0038951672649787505,-0.0026185642651936343,-0.0023521992436921655,-0.0032345018247018193,0,-0.84886636850298414
3.54,approach_stop,40,40,0.20000000000000001,0.0050000000000000001,1.53,0.75,0,0,3.2000000000000002,0,1.7888458771309428,1.4240132305838478,0,3.1960734121380243,0,-0.01073283454784188,free_flight_controlled,sep_nmpc_adapted,formal_acados,1.7891242670200704,0,0.37622724699479715,-0.22472161011087236,-0.08419612809838796,0.22269206410194059,-0.57930539332617892,1.4142135626905029e-10,-0.29639606322910206,-0.74458987883960737,-0.74458987883960737,false,false,5.7536149999999999,0,0,false,0,0.032434787510035867,0,130.20132839681264,130.20132839681264,0,-0.52960494140277836,0,0,-0.52960494140277836,0,0,0.049691117165679075,0.0017322527735955814,0.001102363282783737,8.5307265916122823e-05,-0.00015312108531153617,-0.070368026183820098,-0.0037434490651630883,-0.0026643134834144649,-0.0022959556207851478,-0.0032679128316986258,0,-0.84931220665809914
3.5449999999999999,approach_stop,40,40,0.20000000000000001,0.0050000000000000001,1.5337499999999999,0.75,0,0,3.2000000000000002,0,1.7959671195593339,1.4244780922513431,0,3.1960197044411451,0,-0.010750584212401749,free_flight_controlled,sep_nmpc_adapted,formal_acados,1.7995413846869448,0,0.37618507987343525,-0.22142573487238906,-0.082994762153918669,0.22269206410194059,-0.57930539332617892,1.4142135626905029e-10,-0.29639606322910206,-0.74458987883960737,-0.74458987883960737,false,false,5.7536149999999999,0,0,false,0,0.03161826467952266,0,130.21645328721323,130.21645328721323,0,-0.51208240177283493,0,0,-0.51208240177283493,0,0,0.049337556694186838,0.0017140028671637974,0.0010889181552396143,7.3947124071727436e-05,-0.00016953311653546623,-0.071046507662852282,-0.0035647455191193974,-0.0027098664072537307,-0.0022510902143541051,-0.0032956735048680127,0,-0.8497070369786377
3.5500000000000003,approach_stop,40,40,0.20000000000000001,0.0050000000000000001,1.5375000000000001,0.75,0,0,3.2000000000000002,0,1.80309060210165,1.4249092634173415,0,3.1959659178419937,0,-0.010764399079314604,free_flight_controlled,sep_nmpc_adapted,formal_acados,1.8099777403768438,0,0.37614675955912236,-0.21811286172480618,-0.081787108870273711,0.23584135536446615,-0.57881462782328508,1.4142135626887994e-10,-0.29787171962459863,-0.84610564289193946,-0.84610564289193946,false,false,5.7392390000000004,0,0,false,0,0.030798384960018844,0,130.18997145148933,130.18997145148933,0,-0.65218468412225028,0,0,-0.65218468412225028,0,0,0.048980388195251537,0.0016966895546630437,0.001075262821902814,6.2776285804529657e-05,-0.00018606779531484232,-0.07181053281287321,-0.0033703148852498371,-0.002747264098542322,-0.002220609844829744,-0.0033168693001464902,0,-0.85005097094001925
3.5550000000000002,approach_stop,40,40,0.20000000000000001,0.0050000000000000001,1.5412500000000002,0.75,0,0,3.2000000000000002,0,1.8102161520478395,1.4253049993601994,0,3.195912026674034,0,-0.010792404213182491,free_flight_controlled,sep_nmpc_adapted,formal_acados,1.8204330246689628,0,0.37611234341910138,-0.21478312737887664,-0.08057337429483849,0.23584135536446615,-0.57881462782328508,1.4142135626887994e-10,-0.29787171962459863,-0.84610564289193946,-0.84610564289193946,false,false,5.7392390000000004,0,0,false,0,0.029973494564765425,0,130.20663085469656,130.20663085469656,0,-0.62993392012420979,0,0,-0.62993392012420979,0,0,0.048622435533739801,0.0016788675045445575,0.0010618162458199615,5.1634457183747329e-05,-0.00020267594607639402,-0.071364340656063702,-0.0037577390104333039,-0.0026362047691339012,-0.0022349797715731511,-0.0033262629010324223,0,-0.85034419732548583
3.5600000000000001,approach_stop,40,40,0.20000000000000001,0.0050000000000000001,1.5449999999999999,0.75,0,0,3.2000000000000002,0,1.8173435953524804,1.4256665518221672,0,3.1958580070149334,0,-0.010815797397744064,free_flight_controlled,sep_nmpc_adapted,formal_acados,1.8309069266030371,0,0.37608188938955073,-0.21143666874944325,-0.079353758588130888,0.23584135536446615,-0.57881462782328508,1.4142135626887994e-10,-0.29787171962459863,-0.84610564289193946,-0.84610564289193946,false,false,5.7392390000000004,0,0,false,0,0.029142002470348576,0,130.22309408957028,130.22309408957028,0,-0.60828263785687087,0,0,-0.60828263785687087,0,0,0.048266343281718478,0.001659343377000505,0.0010487930677392156,4.045188582388327e-05,-0.00021933188399003299,-0.071066614637068717,-0.0040507647964185614,-0.0025778710183841113,-0.0022371999262539625,-0.0033358238941708163,0,-0.85058331222564565
3.5649999999999999,approach_stop,40,40,0.20000000000000001,0.0050000000000000001,1.5487500000000001,0.75,0,0,3.2000000000000002,0,1.8244727602811834,1.4259936004875102,0,3.1958038816800141,0,-0.010834676809527204,free_flight_controlled,sep_nmpc_adapted,formal_acados,1.8413991354692651,0,0.37605547783606663,-0.2080736248119183,-0.078128267312117305,0.23584135536446615,-0.57881462782328508,1.4142135626887994e-10,-0.29787171962459863,-0.84610564289193946,-0.84610564289193946,false,false,5.7392390000000004,0,0,false,0,0.028304403913238095,0,130.23935494568175,130.23935494568175,0,-0.58721679679521732,0,0,-0.58721679679521732,0,0,0.047911379081567611,0.0016385857980259772,0.0010359347589047481,2.9283174255058788e-05,-0.00023603366035829883,-0.070913123515720447,-0.0042513520216849099,-0.0025696422755017616,-0.0022299831817109224,-0.0033443851968757354,0,-0.85076848688066842
3.5700000000000003,approach_stop,40,40,0.20000000000000001,0.0050000000000000001,1.5525000000000002,0.75,0,0,3.2000000000000002,0,1.831603473593781,1.4262858630456081,0,3.1957496729837476,0,-0.010849144501267631,free_flight_controlled,sep_nmpc_adapted,formal_acados,1.8519093389472876,0,0.37603318832972599,-0.20469413464649336,-0.076896907453795363,0.23584135536446615,-0.57881462782328508,1.4142135626887994e-10,-0.29787171962459863,-0.84610564289193946,-0.84610564289193946,false,false,5.7392390000000004,0,0,false,0,0.027461178709191684,0,130.2554078475255,130.2554078475255,0,-0.56672239555320347,0,0,-0.56672239555320347,0,0,0.047556834920140935,0.0016170449972025185,0.0010230039677103628,1.8165980751953726e-05,-0.00025277286103891395,-0.070898392106566774,-0.0043648035029950358,-0.0026057914884350204,-0.002217308073262056,-0.0033505598713641661,0,-0.85089989747492645
3.5750000000000002,approach_stop,40,40,0.20000000000000001,0.0050000000000000001,1.5562500000000001,0.75,0,0,3.2000000000000002,0,1.8387355607299816,1.4265430934601997,0,3.1956954027216331,0,-0.010859305976481048,free_flight_controlled,sep_nmpc_adapted,formal_acados,1.862437223115621,0,0.37601509963393009,-0.20129833761436058,-0.075659687474957438,0.23584135536446615,-0.57881462782328508,1.4142135626887994e-10,-0.29787171962459863,-0.84610564289193946,-0.84610564289193946,false,false,5.7392390000000004,0,0,false,0,0.026612791459061973,0,130.27124782815991,130.27124782815991,0,-0.54678549261845877,0,0,-0.54678549261845877,0,0,0.047202032855477506,0.0015951375951187791,0.0010097981443337113,7.1160042868854093e-06,-0.00026953398786664891,-0.071015902750922982,-0.004399152645883659,-0.0026782583512266877,-0.0022038909962459829,-0.0033529325889922312,0,-0.85097772612368217
3.5800000000000001,approach_stop,40,40,0.20000000000000001,0.0050000000000000001,1.5600000000000001,0.75,0,0,3.2000000000000002,0,1.8458688459862598,1.4267650801688738,0,3.1956410921539886,0,-0.010865269770716481,free_flight_controlled,sep_nmpc_adapted,formal_acados,1.8729824724607353,0,0.37600128971701791,-0.19788637352552443,-0.0744166173583896,0.23584135536446615,-0.57881462782328508,1.4142135626887994e-10,-0.29787171962459863,-0.84610564289193946,-0.84610564289193946,false,false,5.7392390000000004,0,0,false,0,0.025759691765282151,0,130.2868705025632,130.2868705025632,0,-0.52739222744065084,0,0,-0.52739222744065084,0,0,0.046846329683591106,0.0015732345888664302,0.00099615919379904901,-3.8753868128016517e-06,-0.00028629477309951706,-0.071258315640858924,-0.0043645035695291743,-0.0027774556237023696,-0.0021946629073661878,-0.0033502390398064182,0,-0.8510021620053051
3.585,approach_stop,40,40,0.20000000000000001,0.0050000000000000001,1.56375,0.75,0,0,3.2000000000000002,0,1.8530031526836581,1.4269516442547856,0,3.1955867619918181,0,-0.010867147040269583,free_flight_controlled,sep_nmpc_adapted,formal_acados,1.8835447698856125,0,0.37599183578693884,-0.19445838279804564,-0.073167708650074631,0.23584135536446615,-0.57881462782328508,1.4142135626887994e-10,-0.29787171962459863,-0.84610564289193946,-0.84610564289193946,false,false,5.7392390000000004,0,0,false,0,0.024902314460911394,0,130.30227204074956,130.30227204074956,0,-0.50852884117196484,0,0,-0.50852884117196484,0,0,0.046489120482716924,0.0015516526726122813,0.00098197912266574996,-1.4840995760309022e-05,-0.00030302733384703117,-0.07161769554697521,-0.0042723631156204641,-0.0028930574588565362,-0.0021942857849710736,-0.0033415206502089407,0,-0.850973402537889
3.5899999999999999,approach_stop,40,40,0.20000000000000001,0.0050000000000000001,1.5674999999999999,0.75,0,0,3.2000000000000002,0,1.8601383033264571,1.4271026376281517,0,3.195532432384713,0,-0.010865051160540732,free_flight_controlled,sep_nmpc_adapted,formal_acados,1.8941237967175486,0,0.37598681434201597,-0.19101450660890854,-0.071912974497288909,0.23584135536446615,-0.57881462782328508,1.4142135626887994e-10,-0.29787171962459863,-0.84610564289193946,-0.84610564289193946,false,false,5.7392390000000004,0,0,false,0,0.024041079850629223,0,130.3174491408007,130.3174491408007,0,-0.49018169643864473,0,0,-0.49018169643864473,0,0,0.04612984103112213,0.0015306488460523422,0.00096720188068899796,-2.5835380618399085e-05,-0.00031970001767027509,-0.07208573397991129,-0.0041349988796297275,-0.0030147266579088126,-0.0022067372387771815,-0.0033262450037440921,0,-0.85089165451228399
3.5950000000000002,approach_stop,40,40,0.20000000000000001,0.0050000000000000001,1.57125,0.75,0,0,3.2000000000000002,0,1.8672741197518443,1.4272179412495369,0,3.1954781229107296,0,-0.010859097337072876,free_flight_controlled,sep_nmpc_adapted,formal_acados,1.904719232715085,0,0.37598630123094068,-0.18755488703675929,-0.070652429682538501,0.23584135536446615,-0.57881462782328508,1.4142135626887994e-10,-0.29787171962459863,-0.84610564289193946,-0.84610564289193946,false,false,5.7392390000000004,0,0,false,0,0.023176393962675949,0,130.33239900201295,130.33239900201295,0,-0.47233729564893867,0,0,-0.47233729564893867,0,0,0.045767969144965885,0.0015104181082265815,0.00095182179113140338,-3.6930575726197761e-05,-0.00033627975070692152,-0.072653957650848991,-0.0039648511141884462,-0.0031327471694418633,-0.0022349839194089759,-0.0033043856598203671,0,-0.85075713511080098
3.6000000000000001,approach_stop,40,40,0.20000000000000001,0.0050000000000000001,1.5750000000000002,0.75,0,0,3.2000000000000002,0,1.8744104232708616,1.4272974634207356,0,3.1954238525681777,0,-0.010849402232505558,free_flight_controlled,sep_nmpc_adapted,formal_acados,1.9153307560740525,0,0.37599037171473787,-0.18407966719680915,-0.069386090653348567,0.24802036433850289,-0.57555588625399212,1.4142135626904442e-10,-0.29641984827588302,-0.94803420068643873,-0.94803420068643873,false,false,5.7190589999999997,0,0,false,0,0.022308648810440843,0,130.317015513093,130.317015513093,0,-0.61242417237510516,0,0,-0.61242417237510516,0,0,0.045403025023324523,0.0014910939120082278,0.000935879106815444,-4.8210430108747833e-05,-0.00035273467651503854,-0.073313916135331683,-0.0037740194612265053,-0.0032385382027199741,-0.0022807563367938022,-0.0032764583993361617,0,-0.85057007275936036
3.605,approach_stop,40,40,0.20000000000000001,0.0050000000000000001,1.5787499999999999,0.75,0,0,3.2000000000000002,0,1.881547031183832,1.4273396449544016,0,3.195369605780451,0,-0.010849668212483572,free_flight_controlled,sep_nmpc_adapted,formal_acados,1.9259580425853089,0,0.37599908793258308,-0.18058898859852315,-0.068114164316529072,0.24802036433850289,-0.57555588625399212,1.4142135626904442e-10,-0.29641984827588302,-0.94803420068643873,-0.94803420068643873,false,false,5.7190589999999997,0,0,false,0,0.021436193610548701,0,130.33334106580986,130.33334106580986,0,-0.58987285260612188,0,0,-0.58987285260612188,0,0,0.04503780624038007,0.0014712521532037825,0.00091981470465123398,-5.9847232793928961e-05,-0.00036902167889923287,-0.072767982795415326,-0.0041614958901065556,-0.0031912055049738127,-0.0023730253992151609,-0.0032386514830978009,0,-0.85033103985277292
3.6099999999999999,approach_stop,40,40,0.20000000000000001,0.0050000000000000001,1.5825,0.75,0,0,3.2000000000000002,0,1.8886837594623915,1.427345555863049,0,3.1953153685421007,0,-0.010845584826870782,free_flight_controlled,sep_nmpc_adapted,formal_acados,1.9366007665353671,0,0.37601251266000701,-0.17708299292702448,-0.066836851712060746,0.24802036433850289,-0.57555588625399212,1.4142135626904442e-10,-0.29641984827588302,-0.94803420068643873,-0.94803420068643873,false,false,5.7190589999999997,0,0,false,0,0.020557440149728684,0,130.34946146136011,130.34946146136011,0,-0.56793420812814066,0,0,-0.56793420812814066,0,0,0.044674931796994534,0.001449716763204927,0.00090386738864148091,-7.1915857841629984e-05,-0.00038512814601681945,-0.072376413236825726,-0.0044512158505595366,-0.0031916070510387912,-0.0024535473925213552,-0.0032043086349862705,0,-0.85003644403067113
3.6150000000000002,approach_stop,40,40,0.20000000000000001,0.0050000000000000001,1.5862500000000002,0.75,0,0,3.2000000000000002,0,1.8958204259559528,1.4273148837754293,0,3.1952611623409006,0,-0.010837256057434016,free_flight_controlled,sep_nmpc_adapted,formal_acados,1.9472586015738942,0,0.37603072179544239,-0.17356182438205861,-0.065554159296690645,0.24802036433850289,-0.57555588625399212,1.4142135626904442e-10,-0.29641984827588302,-0.94803420068643873,-0.94803420068643873,false,false,5.7190589999999997,0,0,false,0,0.019672889633872214,0,130.36537061076231,130.36537061076231,0,-0.5465939222819225,0,0,-0.5465939222819225,0,0,0.044313640325272539,0.0014269711681268978,0.0008878045138268776,-8.4360287151521391e-05,-0.00040107190785710565,-0.072134782215584392,-0.0046459319091368247,-0.0032367615821046018,-0.0025236696385119712,-0.0031735656271089543,0,-0.84968657834907479
3.6200000000000001,approach_stop,40,40,0.20000000000000001,0.0050000000000000001,1.5900000000000001,0.75,0,0,3.2000000000000002,0,1.9029568470498808,1.4272473551165643,0,3.1952070081355615,0,-0.010824789436764948,free_flight_controlled,sep_nmpc_adapted,formal_acados,1.9579312198110865,0,0.37605379054668875,-0.17002562723879425,-0.064266094970707774,0.24802036433850289,-0.57555588625399212,1.4142135626904442e-10,-0.29641984827588302,-0.94803420068643873,-0.94803420068643873,false,false,5.7190589999999997,0,0,false,0,0.018783027590439261,0,130.38106307047269,130.38106307047269,0,-0.52583771618492769,0,0,-0.52583771618492769,0,0,0.043953195800431138,0.0014034765054657795,0.00087141626296366014,-9.7134737934940484e-05,-0.0004168705915455832,-0.072037410675887356,-0.0047517074805819032,-0.0033206424588133198,-0.0025860581301990222,-0.0031462332157725934,0,-0.84928173890557312
3.625,approach_stop,40,40,0.20000000000000001,0.0050000000000000001,1.59375,0.75,0,0,3.2000000000000002,0,1.9100928378549735,1.4271427333299669,0,3.1951529263392331,0,-0.010808295624844927,free_flight_controlled,sep_nmpc_adapted,formal_acados,1.9686182918262785,0,0.37608179337670966,-0.16647454602869508,-0.0629726681278623,0.24802036433850289,-0.57555588625399212,1.4142135626904442e-10,-0.29641984827588302,-0.94803420068643873,-0.94803420068643873,false,false,5.7190589999999997,0,0,false,0,0.017888324076178401,0,130.39653401514866,130.39653401514866,0,-0.50565137008225736,0,0,-0.50565137008225736,0,0,0.043592893293812385,0.0013796566232072308,0.00085452896646780511,-0.00011020902207430378,-0.00043254041248650109,-0.07207757628430915,-0.0047772844472465043,-0.0034349505390752683,-0.0026442008186467452,-0.0031219633901768897,0,-0.8488222258169652
3.6299999999999999,approach_stop,40,40,0.20000000000000001,0.0050000000000000001,1.5974999999999999,0.75,0,0,3.2000000000000002,0,1.9172282123879609,1.4270008170329149,0,3.1950989368049059,0,-0.010787887993440831,free_flight_controlled,sep_nmpc_adapted,formal_acados,1.9793194866763204,0,0.37611480396962427,-0.16290872571164053,-0.061673889701415539,0.24802036433850289,-0.57555588625399212,1.4142135626904442e-10,-0.29641984827588302,-0.94803420068643873,-0.94803420068643873,false,false,5.7190589999999997,0,0,false,0,0.016989233895916975,0,130.41177921018297,130.41177921018297,0,-0.48602074497310688,0,0,-0.48602074497310688,0,0,0.0432320636231186,0.0013558863708134181,0.00083701445292706051,-0.00012357140748837415,-0.00044809578143578563,-0.072247741797487705,-0.0047334057698040161,-0.0035699199851272376,-0.0027019114200079282,-0.0031004072297001043,0,-0.84830834434860702
3.6350000000000002,approach_stop,40,40,0.20000000000000001,0.0050000000000000001,1.6012500000000003,0.75,0,0,3.2000000000000002,0,1.9243627837427031,1.4268214381476281,0,3.1950450588128665,0,-0.010763682218928603,free_flight_controlled,sep_nmpc_adapted,formal_acados,1.9900344719036371,0,0.37615289521424716,-0.15932831183906596,-0.060369772205928075,0.24802036433850289,-0.57555588625399212,1.4142135626904442e-10,-0.29641984827588302,-0.94803420068643873,-0.94803420068643873,false,false,5.7190589999999997,0,0,false,0,0.0160861968342377,0,130.42679498404752,130.42679498404752,0,-0.4669318038007233,0,0,-0.4669318038007233,0,0,0.042870076842850303,0.0013324833059273785,0.00081879539631373398,-0.00013722907363411977,-0.00046354965372960859,-0.07253978861873546,-0.004632132816559653,-0.0037151058631703254,-0.0027628685399156091,-0.0030813520937578499,0,-0.84774040609147128
3.6400000000000001,approach_stop,40,40,0.20000000000000001,0.0050000000000000001,1.605,0.75,0,0,3.2000000000000002,0,1.9314963642520648,1.4266044600465944,0,3.1949913110601726,0,-0.010735795885603694,free_flight_controlled,sep_nmpc_adapted,formal_acados,2.0007629135438987,0,0.37619613920037909,-0.15573345070816616,-0.059060329774699348,0.24802036433850289,-0.57555588625399212,1.4142135626904442e-10,-0.29641984827588302,-0.94803420068643873,-0.94803420068643873,false,false,5.7190589999999997,0,0,false,0,0.015179637899361907,0,130.44157820059831,130.44157820059831,0,-0.44837063157817592,0,0,-0.44837063157817592,0,0,0.042506344577528575,0.0013097027545611833,0.00079984686248648609,-0.00015120641096549281,-0.00047891449264310328,-0.072945244420910882,-0.004486191880679188,-0.0038601103875924706,-0.0028302181972278437,-0.0030648287851014902,0,-0.84711873009656102
3.645,approach_stop,40,40,0.20000000000000001,0.0050000000000000001,1.6087500000000001,0.75,0,0,3.2000000000000002,0,1.9386287656406207,1.4263497757445442,0,3.1949377116520683,0,-0.010704348102422613,free_flight_controlled,sep_nmpc_adapted,formal_acados,2.0115044761332932,0,0.37624460722213543,-0.15212428950732751,-0.05774557819285546,0.24802036433850289,-0.57555588625399212,1.4142135626904442e-10,-0.29641984827588302,-0.94803420068643873,-0.94803420068643873,false,false,5.7190589999999997,0,0,false,0,0.014269967578164434,0,130.45612623154113,130.45612623154113,0,-0.43032345395250515,0,0,-0.43032345395250515,0,0,0.042140321251306428,0.0012877360057967678,0.00078019445025260278,-0.00016554153582993712,-0.00049420367996195862,-0.073455495596353323,-0.0043083779666068783,-0.003995214055884995,-0.0029062602312802193,-0.0030511825139871445,0,-0.84644364389402771
3.6499999999999999,approach_stop,40,40,0.20000000000000001,0.0050000000000000001,1.6124999999999998,0.75,0,0,3.2000000000000002,0,1.9457597991684934,1.4260573061631399,0,3.1948842780952846,0,-0.010669459136329941,free_flight_controlled,sep_nmpc_adapted,formal_acados,2.0222588227155387,0,0.37629836978232734,-0.14850097645295471,-0.056425534926121824,0.25921111454453483,-0.56848401204007848,1.4142135626963919e-10,-0.29130120331501258,-1.0497640467356362,-1.0497640467356362,false,false,5.7839640000000001,0,0,false,0,0.013357582100950661,0,130.45244609471735,130.45244609471735,0,-0.56955679402448256,0,0,-0.56955679402448256,0,0,0.041771504308600778,0.0012667112989715153,0.00075990956600667655,-0.00018028147495002065,-0.0005094331840786577,-0.074061977384296179,-0.0041110369265880964,-0.0041118879829390937,-0.0029922311686738003,-0.0030411047157517753,0,-0.84571548434336363
3.6550000000000002,approach_stop,40,40,0.20000000000000001,0.0050000000000000001,1.6162500000000002,0.75,0,0,3.2000000000000002,0,1.9528892724614537,1.4257256295591225,0,3.194831005192508,0,-0.010640079913082422,free_flight_controlled,sep_nmpc_adapted,formal_acados,2.0330256147330594,0,0.37635749403889118,-0.1448636577283943,-0.055100406804292498,0.25921111454453483,-0.56848401204007848,1.4142135626963919e-10,-0.29130120331501258,-1.0497640467356362,-1.0497640467356362,false,false,5.7839640000000001,0,0,false,0,0.012440843579122578,0,130.46819137325284,130.46819137325284,0,-0.54685364631285593,0,0,-0.54685364631285593,0,0,0.041402653774042883,0.0012452060554945519,0.0007394617485193181,-0.00019555877366764593,-0.00052460816657173056,-0.073473071633282885,-0.0044902771738387125,-0.0040701279163217413,-0.0031164534152465272,-0.0030307821003717223,0,-0.84493512782662661
3.6600000000000001,approach_stop,40,40,0.20000000000000001,0.0050000000000000001,1.6200000000000001,0.75,0,0,3.2000000000000002,0,1.960016991857721,1.4253556960582585,0,3.19477788911836,0,-0.010606730621696351,free_flight_controlled,sep_nmpc_adapted,formal_acados,2.04380451216048,0,0.37642204736094753,-0.14121247969724107,-0.053770394851667,0.25921111454453483,-0.56848401204007848,1.4142135626963919e-10,-0.29130120331501258,-1.0497640467356362,-1.0497640467356362,false,false,5.7839640000000001,0,0,false,0,0.011518176059866068,0,130.48372609800069,130.48372609800069,0,-0.52477276188471378,0,0,-0.52477276188471378,0,0,0.041036352591396479,0.0012220438300275134,0.00071911898046030695,-0.0002114079439500953,-0.00053976356149419333,-0.073042474271157065,-0.0047735649813214782,-0.0040698044730167063,-0.0032210293312006791,-0.0030332842490820764,0,-0.84409889397663207
3.665,approach_stop,40,40,0.20000000000000001,0.0050000000000000001,1.62375,0.75,0,0,3.2000000000000002,0,1.9671427653128519,1.4249472083713643,0,3.194724949451631,0,-0.010569520183340288,free_flight_controlled,sep_nmpc_adapted,formal_acados,2.0545951736544015,0,0.37649209973059361,-0.13754759165845046,-0.05243550667639707,0.25921111454453483,-0.56848401204007848,1.4142135626963919e-10,-0.29130120331501258,-1.0497640467356362,-1.0497640467356362,false,false,5.7839640000000001,0,0,false,0,0.010590083478347469,0,130.49904441549003,130.49904441549003,0,-0.50329956455954505,0,0,-0.50329956455954505,0,0,0.040671819774219062,0.0011976991559464795,0.00069867958808721186,-0.00022773342125416055,-0.00055496310579631789,-0.072765722404425484,-0.0049635839656152455,-0.004108152637446183,-0.0033073125782670017,-0.0030483588098882651,0,-0.84320718781647341
3.6699999999999999,approach_stop,40,40,0.20000000000000001,0.0050000000000000001,1.6274999999999999,0.75,0,0,3.2000000000000002,0,1.9742663993949798,1.4244999084857901,0,3.1946722052184349,0,-0.010528560637816087,free_flight_controlled,sep_nmpc_adapted,formal_acados,2.0653972564180059,0,0.37656772002573058,-0.13386914297697397,-0.051095751340883074,0.25921111454453483,-0.56848401204007848,1.4142135626963919e-10,-0.29130120331501258,-1.0497640467356362,-1.0497640467356362,false,false,5.7839640000000001,0,0,false,0,0.0096570538815589635,0,130.51414111936865,130.51414111936865,0,-0.48241951699912966,0,0,-0.48241951699912966,0,0,0.040308299803193122,0.0011726248858945579,0.00067796350616142599,-0.00024445029610925697,-0.00057026796010810387,-0.072637124313135695,-0.0050662252605507526,-0.0041794161971598744,-0.0033781290516860709,-0.0030752573792019785,0,-0.842260415200483
3.6750000000000003,approach_stop,40,40,0.20000000000000001,0.0050000000000000001,1.6312500000000001,0.75,0,0,3.2000000000000002,0,1.9813876994766777,1.4240135758852688,0,3.1946196748778526,0,-0.0104839667286439,free_flight_controlled,sep_nmpc_adapted,formal_acados,2.0762104162155728,0,0.37664897592078728,-0.13017728326110492,-0.04975113941031159,0.25921111454453483,-0.56848401204007848,1.4142135626963919e-10,-0.29130120331501258,-1.0497640467356362,-1.0497640467356362,false,false,5.7839640000000001,0,0,false,0,0.0087195596388180644,0,130.52901162254255,130.52901162254255,0,-0.46211814182397593,0,0,-0.46211814182397593,0,0,0.039945068265656226,0.0011472376768584232,0.00065682534223015772,-0.00026149041337893267,-0.00058573467876739079,-0.072649965252849197,-0.0050899677718527605,-0.004275614504536682,-0.0034372684228646802,-0.0031129158839284213,0,-0.84125898379337627
3.6800000000000002,approach_stop,40,40,0.20000000000000001,0.0050000000000000001,1.6350000000000002,0.75,0,0,3.2000000000000002,0,1.9885064699178432,1.4234880257048874,0,3.1945673763094242,0,-0.010435855497941914,free_flight_controlled,sep_nmpc_adapted,formal_acados,2.0870343073871229,0,0.37673593381278403,-0.12647216253072027,-0.048401682997361667,0.25921111454453483,-0.56848401204007848,1.4142135626963919e-10,-0.29130120331501258,-1.0497640467356362,-1.0497640467356362,false,false,5.7839640000000001,0,0,false,0,0.0077780576631450776,0,130.54365192919656,130.54365192919656,0,-0.44238104298633441,0,0,-0.44238104298633441,0,0,0.039581436418167082,0.0011219066988810162,0.0006351635022589779,-0.00027880590659090264,-0.00060141407365292034,-0.072796730262020715,-0.005045215379796561,-0.0043873420879612752,-0.0034889730157421162,-0.0031601293718060783,0,-0.84020330419884659
3.6850000000000001,approach_stop,40,40,0.20000000000000001,0.0050000000000000001,1.6387499999999999,0.75,0,0,3.2000000000000002,0,1.9956225142392889,1.4229231068631309,0,3.1945153268026454,0,-0.01038434589127994,free_flight_controlled,sep_nmpc_adapted,formal_acados,2.0978685828630774,0,0.37682865877083704,-0.12275393137621152,-0.047047395802711708,0.25921111454453483,-0.56848401204007848,1.4142135626963919e-10,-0.29130120331501258,-1.0497640467356362,-1.0497640467356362,false,false,5.7839640000000001,0,0,false,0,0.0068329896453171906,0,130.55805860671697,130.55805860671697,0,-0.42319392670482503,0,0,-0.42319392670482503,0,0,0.03921675461872362,0.0010969456825354719,0.00061292534413351851,-0.00029637024507593774,-0.00061735091076338205,-0.073069331534385232,-0.004943630384326817,-0.0045045499811054027,-0.0035374594380800685,-0.0032157084151437187,0,-0.83909379113276106
3.6899999999999999,approach_stop,40,40,0.20000000000000001,0.0050000000000000001,1.6425000000000001,0.75,0,0,3.2000000000000002,0,2.0027356352870114,1.4223187002083433,0,3.1944635430484101,0,-0.010329558374085614,free_flight_controlled,sep_nmpc_adapted,formal_acados,2.108712894178824,0,0.376927214504784,-0.11902274110818736,-0.045688293151279903,0.25921111454453483,-0.56848401204007848,1.4142135626963919e-10,-0.29130120331501258,-1.0497640467356362,-1.0497640467356362,false,false,5.7839640000000001,0,0,false,0,0.0058847822999265904,0,130.57222875764936,130.57222875764936,0,-0.40454262134983687,0,0,-0.40454262134983687,0,0,0.038850414633798243,0.001072608236448034,0.00059010856196810627,-0.00031417703255211412,-0.00063358432156614467,-0.07345932944970808,-0.0047974972017341159,-0.0046172656331220164,-0.0035865017038981721,-0.0032786072239768533,0,-0.83793086455031918
3.6950000000000003,approach_stop,40,40,0.20000000000000001,0.0050000000000000001,1.6462500000000002,0.75,0,0,3.2000000000000002,0,2.009845635387296,1.4216747167111863,0,3.1944120411323347,0,-0.010271614562028365,free_flight_controlled,sep_nmpc_adapted,formal_acados,2.1195668914892276,0,0.37703166334769594,-0.11527874389806839,-0.044324392024192326,0.25921111454453483,-0.56848401204007848,1.4142135626963919e-10,-0.29130120331501258,-1.0497640467356362,-1.0497640467356362,false,false,5.7839640000000001,0,0,false,0,0.0049338476223868364,0,130.58615999186418,130.58615999186418,0,-0.38641309579841288,0,0,-0.38641309579841288,0,0,0.038481850875279021,0.001049086211773319,0.00056675919675735239,-0.00033223692074632518,-0.00065014876949373709,-0.073958138246577515,-0.0046191439146865522,-0.0047162176700505151,-0.0036390969911676897,-0.0033480167420416903,0,-0.83671495065469814
3.7000000000000002,approach_stop,40,40,0.20000000000000001,0.0050000000000000001,1.6500000000000001,0.75,0,0,3.2000000000000002,0,2.0169523164929521,1.420991095728293,0,3.194360836529897,0,-0.010210636868011229,free_flight_controlled,sep_nmpc_adapted,formal_acados,2.1304302235831889,0,0.37714206624653013,-0.11152209290976325,-0.042955711086531269,0.26939647679181111,-0.55809496599517527,1.4142135627066686e-10,-0.28287359283029162,-1.1507694581354424,-1.1507694581354424,false,false,5.7493949999999998,0,0,false,0,0.0039805831555475594,0,130.59452713296085,130.59452713296085,0,-0.52409786780520995,0,0,-0.52409786780520995,0,0,0.038110540662312301,0.0010265107698931636,0.0005429668124869115,-0.00035057308758074449,-0.00066707538643434399,-0.074557209411842643,-0.0044204422680032326,-0.0047933418581038532,-0.0036972272552245936,-0.0034234192302337769,0,-0.83544648273421074
3.7050000000000001,approach_stop,40,40,0.20000000000000001,0.0050000000000000001,1.6537500000000001,0.75,0,0,3.2000000000000002,0,2.0240554771556374,1.4202664900310527,0,3.1943099344363266,0,-0.010150605165415397,free_flight_controlled,sep_nmpc_adapted,formal_acados,2.1413025382632425,0,0.37725849070556028,-0.10775293889239493,-0.041582456330100652,0.26939647679181111,-0.55809496599517527,1.4142135627066686e-10,-0.28287359283029162,-1.1507694581354424,-1.1507694581354424,false,false,5.7493949999999998,0,0,false,0,0.0030233714613499291,0,130.60946318228298,130.60946318228298,0,-0.50138612553817286,0,0,-0.50138612553817286,0,0,0.037739191983031183,0.0010034799965553177,0.00051921278899259512,-0.00036929669075064724,-0.00068437850673510182,-0.073977623239700072,-0.0047909999922930999,-0.0047105852002154187,-0.003789500306014056,-0.0034998045127130743,0,-0.83412654338562653
3.71,approach_stop,40,40,0.20000000000000001,0.0050000000000000001,1.6575,0.75,0,0,3.2000000000000002,0,2.0311549147153372,1.4195018066484031,0,3.1942593412030074,0,-0.010087096326396603,free_flight_controlled,sep_nmpc_adapted,formal_acados,2.1521834819685477,0,0.37738100371304395,-0.10397143274678947,-0.040204828030638295,0.26939647679181111,-0.55809496599517527,1.4142135627066686e-10,-0.28287359283029162,-1.1507694581354424,-1.1507694581354424,false,false,5.7493949999999998,0,0,false,0,0.0020606560482490364,0,130.62418741157791,130.62418741157791,0,-0.47930201675254058,0,0,-0.47930201675254058,0,0,0.037370338070072798,0.00097883731959599591,0.00049577693735892894,-0.00038842576581654047,-0.00070209573024687232,-0.073559537383543636,-0.0050648747612565201,-0.0046660886036052574,-0.0038595901331183995,-0.0035888694349974362,0,-0.83275147477216005
3.7149999999999999,approach_stop,40,40,0.20000000000000001,0.0050000000000000001,1.6612499999999999,0.75,0,0,3.2000000000000002,0,2.0382504280791447,1.4186967705394264,0,3.1942090739353382,0,-0.010020222696153774,free_flight_controlled,sep_nmpc_adapted,formal_acados,2.1630726994640845,0,0.37750966365297139,-0.10017772861506016,-0.038822835172996867,0.26939647679181111,-0.55809496599517527,1.4142135627066686e-10,-0.28287359283029162,-1.1507694581354424,-1.1507694581354424,false,false,5.7493949999999998,0,0,false,0,0.0010929400223715212,0,130.63869429308147,130.63869429308147,0,-0.45783072897746102,0,0,-0.45783072897746102,0,0,0.037003182149544893,0.00095306182890580917,0.00047247226130352974,-0.00040785390153919585,-0.00072028700280317231,-0.073298416679585129,-0.0052443907684611574,-0.0046575749586056205,-0.0039095782350087776,-0.0036891401649553858,0,-0.83132178055060135
3.7200000000000002,approach_stop,40,40,0.20000000000000001,0.0050000000000000001,1.665,0.75,0,0,3.2000000000000002,0,2.0453418148787996,1.4178511462639729,0,3.1941591491702064,0,-0.0099500992286294491,free_flight_controlled,sep_nmpc_adapted,formal_acados,2.1739698342250993,0,0.37764452723297304,-0.096371980653700368,-0.037436488197744131,0.26939647679181111,-0.55809496599517527,1.4142135627066686e-10,-0.28287359283029162,-1.1507694581354424,-1.1507694581354424,false,false,5.7493949999999998,0,0,false,0,0.00012071044678701282,0,130.65297893930281,130.65297893930281,0,-0.43695748941778523,0,0,-0.43695748941778523,0,0,0.036636953326556254,0.00092661268653794569,0.00044913085619905974,-0.00042748886157447031,-0.00073900367192565987,-0.073188476052371318,-0.0053351002194013371,-0.0046798049225335054,-0.0039429686016823912,-0.0037986838965825189,0,-0.82983796271225496
3.7250000000000001,approach_stop,40,40,0.20000000000000001,0.0050000000000000001,1.6687500000000002,0.75,0,0,3.2000000000000002,0,2.0524288712975913,1.4169644616959538,0,3.1941095828674788,0,-0.00987684060883459,free_flight_controlled,sep_nmpc_adapted,formal_acados,2.1848745284608442,0,0.37778564939717657,-0.092554342836747155,-0.03604579890664554,0.26939647679181111,-0.55809496599517527,1.4142135627066686e-10,-0.28287359283029162,-1.1507694581354424,-1.1507694581354424,false,false,5.7493949999999998,0,0,false,0,-0.00085556145158119726,0,130.66703695993775,130.66703695993775,0,-0.41666755779191056,0,0,-0.41666755779191056,0,0,0.036270911430510859,0.00089991562044511211,0.00042561656661956607,-0.0004472583372083027,-0.00075828669802030394,-0.073223562658469174,-0.0053443219723161035,-0.004725545174849119,-0.0039641185845264611,-0.0039153153020578665,0,-0.82986761812385734
3.73,approach_stop,40,40,0.20000000000000001,0.0050000000000000001,1.6724999999999999,0.75,0,0,3.2000000000000002,0,2.0595113898026902,1.4160359398514268,0,3.1940603904206868,0,-0.0098005609788195929,free_flight_controlled,sep_nmpc_adapted,formal_acados,2.1957864231362643,0,0.37793308322068542,-0.088724966666425958,-0.034650779556294961,0.26939647679181111,-0.55809496599517527,1.4142135627066686e-10,-0.28287359283029162,-1.1507694581354424,-1.1507694581354424,false,false,5.7493949999999998,0,0,false,0,-0.0018354200980292207,0,130.68086443847008,130.68086443847008,0,-0.39694623454626665,0,0,-0.39694623454626665,0,0,0.035904345731348743,0.00087335881627912065,0.00040183240154479646,-0.00046711282910067624,-0.00077816587754727252,-0.073397485392840564,-0.0052804264120083089,-0.0047862725546731384,-0.0039777697522763149,-0.0040367719190187393,0,-0.83006686659609308
3.7349999999999999,approach_stop,40,40,0.20000000000000001,0.0050000000000000001,1.67625,0.75,0,0,3.2000000000000002,0,2.0665891607733937,1.4150654306773773,0,3.1940115866313703,0,-0.0097213819595385106,free_flight_controlled,sep_nmpc_adapted,formal_acados,2.2067051579974675,0,0.37808687993663537,-0.084884002775926254,-0.033251443461127086,0.26939647679181111,-0.55809496599517527,1.4142135627066686e-10,-0.28287359283029162,-1.1507694581354424,-1.1507694581354424,false,false,5.7493949999999998,0,0,false,0,-0.0028184253160747287,0,130.69445829381399,130.69445829381399,0,-0.37777897847275677,0,0,-0.37777897847275677,0,0,0.035536582502798737,0.00084727919703792259,0.00037772769578996174,-0.0004870269792806448,-0.00079865976878780334,-0.073701909881641658,-0.0051551228634071746,-0.0048522089518650878,-0.0039887263930750592,-0.0041608552359881455,0,-0.83021365172875317
3.7400000000000002,approach_stop,40,40,0.20000000000000001,0.0050000000000000001,1.6800000000000002,0.75,0,0,3.2000000000000002,0,2.0736619740235294,1.4140528396460583,0,3.1939631856892601,0,-0.0096394264542768084,free_flight_controlled,sep_nmpc_adapted,formal_acados,2.2176303715959524,0,0.37824708897864801,-0.081031602427576926,-0.031847805554649763,0.26939647679181111,-0.55809496599517527,1.4142135627066686e-10,-0.28287359283029162,-1.1507694581354424,-1.1507694581354424,false,false,5.7493949999999998,0,0,false,0,-0.0038041520601625471,0,130.70781598238278,130.70781598238278,0,-0.35915137194586255,0,0,-0.35915137194586255,0,0,0.035166991065891447,0.00082195269903457136,0.00035330094656277437,-0.00050699830766804538,-0.00081977648656311893,-0.074128034022236222,-0.0049809343694208778,-0.0049135984022887847,-0.0040012654664958293,-0.0042856080553900812,0,-0.83030736661363158
3.7450000000000001,approach_stop,40,40,0.20000000000000001,0.0050000000000000001,1.6837500000000001,0.75,0,0,3.2000000000000002,0,2.0807296189726809,1.4129981032770078,0,3.1939152011677319,0,-0.0095548180735807627,free_flight_controlled,sep_nmpc_adapted,formal_acados,2.2285617013107721,0,0.37841375800573201,-0.077167917661908808,-0.030439882426366031,0.26939647679181111,-0.55809496599517527,1.4142135627066686e-10,-0.28287359283029162,-1.1507694581354424,-1.1507694581354424,false,false,5.7493949999999998,0,0,false,0,-0.0047921901572210617,0,130.72093545983682,130.72093545983682,0,-0.34104913798716807,0,0,-0.34104913798716807,0,0,0.034794985334045847,0.0007975920377545952,0.00032859797587578093,-0.00052704364292838462,-0.00084151519255547182,-0.074666856893221265,-0.0047705333985993414,-0.0049613636983880252,-0.004018783610409052,-0.0044094203631942887,0,-0.83034743828659141
3.75,approach_stop,40,40,0.20000000000000001,0.0050000000000000001,1.6875,0.75,0,0,3.2000000000000002,0,2.0877918847968364,1.4119011873172944,0,3.1938676460211273,0,-0.0094676807943582693,free_flight_controlled,sep_nmpc_adapted,formal_acados,2.239498783370268,0,0.37858693293850593,-0.073293101426568447,-0.029027692349924489,0.27856037473213557,-0.54337592312096905,1.4142135627228547e-10,-0.27056224549127506,-1.2503815192593977,-1.2503815192593977,false,false,5.7260910000000003,0,0,false,0,-0.0057821440380827283,0,130.74144097064629,130.74144097064629,0,-0.47626910655397858,0,0,-0.47626910655397858,0,0,0.034420024320414327,0.00077434728275310705,0.00030370719132098207,-0.00054719405882372473,-0.00086386800642794179,-0.075309369427287165,-0.0045362272546750201,-0.0049876230282518844,-0.0040435497880941746,-0.004531092305198191,0,-0.83033332880029087
3.7549999999999999,approach_stop,40,40,0.20000000000000001,0.0050000000000000001,1.6912499999999999,0.75,0,0,3.2000000000000002,0,2.0948485573516691,1.4107607501494861,0,3.1938205356352447,0,-0.0093769088883322652,free_flight_controlled,sep_nmpc_adapted,formal_acados,2.2504412534251887,0,0.37876667665881802,-0.06940730392648034,-0.027611437715927355,0.27856037473213557,-0.54337592312096905,1.4142135627228547e-10,-0.27056224549127506,-1.2503815192593977,-1.2503815192593977,false,false,5.7260910000000003,0,0,false,0,-0.00677560082560218,0,130.75536106048031,130.75536106048031,0,-0.45368709818408703,0,0,-0.45368709818408703,0,0,0.034044747390437509,0.00075085809060330413,0.00027910163806450024,-0.00056756784416368204,-0.00088680740473831533,-0.074797161055811259,-0.0048583155175718788,-0.0048568349047184971,-0.0041036586562218091,-0.004645136531519942,0,-0.83026874523858796
3.7600000000000002,approach_stop,40,40,0.20000000000000001,0.0050000000000000001,1.6950000000000003,0.75,0,0,3.2000000000000002,0,2.1018994213999544,1.409577741492561,0,3.1937738863184881,0,-0.0092832574934841282,free_flight_controlled,sep_nmpc_adapted,formal_acados,2.2613887459544788,0,0.37895305113003364,-0.065510675445475647,-0.026191315333395509,0.27856037473213557,-0.54337592312096905,1.4142135627228547e-10,-0.27056224549127506,-1.2503815192593977,-1.2503815192593977,false,false,5.7260910000000003,0,0,false,0,-0.0077740881341389354,0,130.76907244507902,130.76907244507902,0,-0.43173295252395505,0,0,-0.43173295252395505,0,0,0.033671625381766754,0.00072600176783212296,0.00025505576427827469,-0.00058819237356589943,-0.00091032622397052337,-0.074447538907254557,-0.0050828668341522327,-0.0047637928297166636,-0.0041440144126381273,-0.0047626119121552991,0,-0.83015260744419184
3.7650000000000001,approach_stop,40,40,0.20000000000000001,0.0050000000000000001,1.69875,0.75,0,0,3.2000000000000002,0,2.1089442634526874,1.4083519155466457,0,3.193727712181095,0,-0.0091868416493444734,free_flight_controlled,sep_nmpc_adapted,formal_acados,2.2723408937858007,0,0.37914609865926141,-0.061603369666886648,-0.024767334057685851,0.27856037473213557,-0.54337592312096905,1.4142135627228547e-10,-0.27056224549127506,-1.2503815192593977,-1.2503815192593977,false,false,5.7260910000000003,0,0,false,0,-0.0087771078058830419,0,130.78257005571979,130.78257005571979,0,-0.41039165465141658,0,0,-0.41039165465141658,0,0,0.03329985753607511,0.00070025995476989298,0.0002313846827720596,-0.00060897315617106356,-0.00093443741268622285,-0.07425539089878623,-0.005212887964993084,-0.0047064176557786571,-0.004166582209856896,-0.0048817649423994495,0,-0.82998422994526522
3.77,approach_stop,40,40,0.20000000000000001,0.0050000000000000001,1.7025000000000001,0.75,0,0,3.2000000000000002,0,2.1159828688927833,1.4070830665223237,0,3.1936820267528137,0,-0.0090877784105466829,free_flight_controlled,sep_nmpc_adapted,formal_acados,2.2832973287010883,0,0.37934585973184654,-0.057685540191695056,-0.023339504196267818,0.27856037473213557,-0.54337592312096905,1.4142135627228547e-10,-0.27056224549127506,-1.2503815192593977,-1.2503815192593977,false,false,5.7260910000000003,0,0,false,0,-0.009784177809624487,0,130.79584944742123,130.79584944742123,0,-0.38964823690883454,0,0,-0.38964823690883454,0,0,0.032928671832293498,0.00067409103778285912,0.00020792141310330606,-0.0006298289467346627,-0.00095914424940141043,-0.074214366654894628,-0.0052545777769113762,-0.0046797441332905266,-0.004174614135881642,-0.0050005122423903365,0,-0.82976295562132041
3.7749999999999999,approach_stop,40,40,0.20000000000000001,0.0050000000000000001,1.7062499999999998,0.75,0,0,3.2000000000000002,0,2.1230150221703448,1.4057710267622312,0,3.1936368429739734,0,-0.0089861864624208743,free_flight_controlled,sep_nmpc_adapted,formal_acados,2.2942576814667222,0,0.37955237298555777,-0.053757340703622619,-0.021907837555270905,0.27856037473213557,-0.54337592312096905,1.4142135627228547e-10,-0.27056224549127506,-1.2503815192593977,-1.2503815192593977,false,false,5.7260910000000003,0,0,false,0,-0.010794832021799636,0,130.80890677043922,130.80890677043922,0,-0.36948780088014521,0,0,-0.36948780088014521,0,0,0.032557330670415573,0.00064791568697913351,0.00018452948170785845,-0.00065069694555746932,-0.00098443916055474716,-0.074317084554197665,-0.0052167173712677753,-0.0046766625312511774,-0.0041721526226865821,-0.0051166270959818842,0,-0.82948815712583024
3.7800000000000002,approach_stop,40,40,0.20000000000000001,0.0050000000000000001,1.7100000000000002,0.75,0,0,3.2000000000000002,0,2.1300405069884705,1.4044156647962134,0,3.193592173188267,0,-0.0088821857487437778,free_flight_controlled,sep_nmpc_adapted,formal_acados,2.305221581862587,0,0.37976567521407234,-0.049818925125883512,-0.02047234748198952,0.27856037473213557,-0.54337592312096905,1.4142135627228547e-10,-0.27056224549127506,-1.2503815192593977,-1.2503815192593977,false,false,5.7260910000000003,0,0,false,0,-0.011808619996069884,0,130.82173874180836,130.82173874180836,0,-0.34989553963245879,0,0,-0.34989553963245879,0,0,0.032185135471602747,0.00062210556743106521,0.00016111171689578321,-0.000671535506696629,-0.0010103034535058147,-0.074555356024623737,-0.0051100172998530613,-0.0046886902595165945,-0.0041635365087437388,-0.0052279166634190601,0,-0.82915923838811789
3.7850000000000001,approach_stop,40,40,0.20000000000000001,0.0050000000000000001,1.7137500000000001,0.75,0,0,3.2000000000000002,0,2.1370591064792772,1.4030168833719507,0,3.1935480291373599,0,-0.0087758971109558083,free_flight_controlled,sep_nmpc_adapted,formal_acados,2.3161886587098768,0,0.37998580139688337,-0.045870447769400441,-0.019033048902975108,0.27856037473213557,-0.54337592312096905,1.4142135627228547e-10,-0.27056224549127506,-1.2503815192593977,-1.2503815192593977,false,false,5.7260910000000003,0,0,false,0,-0.012825106719693443,0,130.83434261691096,130.83434261691096,0,-0.3308567595278642,0,0,-0.3308567595278642,0,0,0.031811430139447608,0.00059697534067838667,0.00013761521538394283,-0.00069232445529112297,-0.0010367078861972126,-0.074920414857310408,-0.0049464602442909527,-0.0047067239838189901,-0.0041529437719357003,-0.0053323776240578671,0,-0.82877563608667415
3.79,approach_stop,40,40,0.20000000000000001,0.0050000000000000001,1.7175,0.75,0,0,3.2000000000000002,0,2.1440706033700798,1.4015746174985517,0,3.1935044219572708,0,-0.0086674419395923498,free_flight_controlled,sep_nmpc_adapted,formal_acados,2.3271585398975878,0,0.38021278475036446,-0.041912063472492017,-0.017589958357643092,0.27856037473213557,-0.54337592312096905,1.4142135627228547e-10,-0.27056224549127506,-1.2503815192593977,-1.2503815192593977,false,false,5.7260910000000003,0,0,false,0,-0.013843872357363099,0,130.84671616116924,130.84671616116924,0,-0.31235690099266655,0,0,-0.31235690099266655,0,0,0.031435603384854141,0.00057277789375060381,0.0001140326855850527,-0.0007130632687376336,-0.0010636139410044796,-0.075403140799826546,-0.004738672369079799,-0.0047217306101940484,-0.0041439982870923944,-0.0054283209122965278,0,-0.82833682100600847
3.7949999999999999,approach_stop,40,40,0.20000000000000001,0.0050000000000000001,1.7212499999999999,0.75,0,0,3.2000000000000002,0,2.1510747801398962,1.4000888325350553,0,3.1934613621764698,0,-0.0085569418396178338,free_flight_controlled,sep_nmpc_adapted,formal_acados,2.3381308524078266,0,0.38044665679400602,-0.037943927732069588,-0.016143094027387606,0.27856037473213557,-0.54337592312096905,1.4142135627228547e-10,-0.27056224549127506,-1.2503815192593977,-1.2503815192593977,false,false,5.7260910000000003,0,0,false,0,-0.014864511983568453,0,130.85885762200144,130.85885762200144,0,-0.29438155775719421,0,0,-0.29438155775719421,0,0,0.031057089966208564,0.00054970258217994011,9.0400558310218954e-05,-0.00073376749467961766,-0.0010909756314728888,-0.075994268527028244,-0.0044993503073409305,-0.0047253447503074883,-0.0041394604516120179,-0.0055144593772778177,0,-0.82784229920890806
3.8000000000000003,approach_stop,40,40,0.20000000000000001,0.0050000000000000001,1.7250000000000001,0.75,0,0,3.2000000000000002,0,2.1580714191665606,1.3985595223495915,0,3.1934188597156039,0,-0.0084445183117055431,free_flight_controlled,sep_nmpc_adapted,formal_acados,2.3491052223401874,0,0.38068744742524441,-0.033966196826373279,-0.014692475760253646,0.28670433179341687,-0.52460197243164053,1.4142135627459907e-10,-0.25473367785187784,-1.347995373043358,-1.347995373043358,false,false,5.9351640000000003,0,0,false,0,-0.015886635304831032,0,130.8912968429637,130.8912968429637,0,-0.42631987629617063,0,0,-0.42631987629617063,0,0,0.030675370935992215,0.00052787615561145518,6.679439295259948e-05,-0.00075446385850964502,-0.0011187416478227311,-0.076684575120526746,-0.0042407639106326091,-0.0047103501382699314,-0.0041410137277475088,-0.0055899553963604043,0,-0.82729161297654208
3.8050000000000002,approach_stop,40,40,0.20000000000000001,0.0050000000000000001,1.7287500000000002,0.75,0,0,3.2000000000000002,0,2.1650602993865751,1.3969852689617377,0,3.1933769396262455,0,-0.0083239889455246907,free_flight_controlled,sep_nmpc_adapted,formal_acados,2.3600812753536706,0,0.38093521427130672,-0.02997902403290445,-0.013238303259617628,0.28670433179341687,-0.52460197243164053,1.4142135627459907e-10,-0.25473367785187784,-1.347995373043358,-1.347995373043358,false,false,5.9351640000000003,0,0,false,0,-0.016911790618583524,0,130.90403011490437,130.90403011490437,0,-0.4039915632628146,0,0,-0.4039915632628146,0,0,0.030293037395852797,0.00050594884328459362,4.3662911596734679e-05,-0.00077526116773584796,-0.0011468432263394095,-0.076243876618727655,-0.0045299594572152961,-0.0045448852811786223,-0.0041753958875206335,-0.0056498043658094821,0,-0.82668828386956994
3.8100000000000001,approach_stop,40,40,0.20000000000000001,0.0050000000000000001,1.7324999999999999,0.75,0,0,3.2000000000000002,0,2.1720411987777997,1.3953671528834932,0,3.193335627654752,0,-0.0082012759763308105,free_flight_controlled,sep_nmpc_adapted,formal_acados,2.3710586361742472,0,0.38119001405997349,-0.0259825626035525,-0.011780770803466265,0.28670433179341687,-0.52460197243164053,1.4142135627459907e-10,-0.25473367785187784,-1.347995373043358,-1.347995373043358,false,false,5.9351640000000003,0,0,false,0,-0.017941468457108801,0,130.91656266428291,130.91656266428291,0,-0.38228642356925335,0,0,-0.38228642356925335,0,0,0.029912517586014695,0.00048280229063540415,2.1258742582244914e-05,-0.00079617722164055467,-0.0011752333789381473,-0.075959185341427579,-0.0047282560798681825,-0.0044195300762679083,-0.0041886116622901004,-0.0057052097671855097,0,-0.82603139802499603
3.8149999999999999,approach_stop,40,40,0.20000000000000001,0.0050000000000000001,1.7362500000000001,0.75,0,0,3.2000000000000002,0,2.1790138974759792,1.3937049604380494,0,3.1932949344347534,0,-0.0080764932347090895,free_flight_controlled,sep_nmpc_adapted,formal_acados,2.3820369282623624,0,0.38145187330866209,-0.021976969213616832,-0.010319889105739838,0.28670433179341687,-0.52460197243164053,1.4142135627459907e-10,-0.25473367785187784,-1.347995373043358,-1.347995373043358,false,false,5.9351640000000003,0,0,false,0,-0.018975179375175111,0,130.92888985450833,130.92888985450833,0,-0.36118940332685257,0,0,-0.36118940332685257,0,0,0.029533044014097728,0.00045888496792903955,-6.1577360283102472e-07,-0.00081710950638178904,-0.0012038868010235577,-0.075825253698995385,-0.0048386323488180784,-0.0043325847712563145,-0.0041822542324032727,-0.0057548697125402786,0,-0.82532035352100885
3.8200000000000003,approach_stop,40,40,0.20000000000000001,0.0050000000000000001,1.7400000000000002,0.75,0,0,3.2000000000000002,0,2.185978174646654,1.3919985168572582,0,3.1932548700269781,0,-0.0079497559521992753,free_flight_controlled,sep_nmpc_adapted,formal_acados,2.3930157743112859,0,0.38172081696857574,-0.017962400335368139,-0.0088556703065230096,0.28670433179341687,-0.52460197243164053,1.4142135627459907e-10,-0.25473367785187784,-1.347995373043358,-1.347995373043358,false,false,5.9351640000000003,0,0,false,0,-0.020012449979031764,0,130.94100764703913,130.94100764703913,0,-0.34068551038353845,0,0,-0.34068551038353845,0,0,0.029153878412261299,0.00043462252248100129,-2.2142233070245276e-05,-0.00083796706981331941,-0.0012327708195262598,-0.075835671151493922,-0.0048671454740392859,-0.0042794384270557762,-0.0041592771065177992,-0.0057971682706457707,0,-0.82455457837220369
3.8250000000000002,approach_stop,40,40,0.20000000000000001,0.0050000000000000001,1.7437500000000001,0.75,0,0,3.2000000000000002,0,2.1929338086749133,1.3902476844103382,0,3.1932154439133362,0,-0.0078211804016963277,free_flight_controlled,sep_nmpc_adapted,formal_acados,2.4039947962785604,0,0.38199686842810943,-0.013939012396352896,-0.0073881280145360771,0.28670433179341687,-0.52460197243164053,1.4142135627459907e-10,-0.25473367785187784,-1.347995373043358,-1.347995373043358,false,false,5.9351640000000003,0,0,false,0,-0.021052822698447951,0,130.95291257308213,130.95291257308213,0,-0.320759835617765,0,0,-0.320759835617765,0,0,0.028774317056450772,0.00041040384530193798,-4.3473391521394388e-05,-0.00085867612945066552,-0.0012618442684528982,-0.075983066299066745,-0.0048223367630760043,-0.0042532905801309744,-0.0041235131169925681,-0.0058303537502105837,0,-0.82373353183069153
3.8300000000000001,approach_stop,40,40,0.20000000000000001,0.0050000000000000001,1.7475000000000001,0.75,0,0,3.2000000000000002,0,2.1998805773457675,1.3884523604724728,0,3.1931766649925755,0,-0.0076908835515836875,free_flight_controlled,sep_nmpc_adapted,formal_acados,2.4149736154154806,0,0.38228004954318612,-0.0099069619302868672,-0.0059172773457196442,0.28670433179341687,-0.52460197243164053,1.4142135627459907e-10,-0.25473367785187784,-1.347995373043358,-1.347995373043358,false,false,5.9351640000000003,0,0,false,0,-0.022095855547842901,0,130.96460170546754,130.96460170546754,0,-0.30139757442627468,0,0,-0.30139757442627468,0,0,0.028393695027989135,0.00038657023545939675,-6.4724102396655336e-05,-0.0008791832537938597,-0.0012910572438789383,-0.076259325744693615,-0.0047145937462187331,-0.0042459069156811514,-0.0040791908875727591,-0.0058527099417938003,0,-0.82285670576203762
3.835,approach_stop,40,40,0.20000000000000001,0.0050000000000000001,1.75125,0.75,0,0,3.2000000000000002,0,2.206818258014803,1.3866124755745077,0,3.1931385415776372,0,-0.0075589827325515755,free_flight_controlled,sep_nmpc_adapted,formal_acados,2.4259518522944261,0,0.38257038069183458,-0.005866405720376916,-0.0044431349575884101,0.28670433179341687,-0.52460197243164053,1.4142135627459907e-10,-0.25473367785187784,-1.347995373043358,-1.347995373043358,false,false,5.9351640000000003,0,0,false,0,-0.023141121874855706,0,130.97607263066561,130.97607263066561,0,-0.28258404772474788,0,0,-0.28258404772474788,0,0,0.028011389364346398,0.00036340778209603241,-8.5966014542656653e-05,-0.00089945619159840357,-0.001320351671460566,-0.07665581765554659,-0.0045555069427105346,-0.0042483597862383029,-0.0040304827035536634,-0.0058627080606290568,0,-0.82192362599066304
3.8399999999999999,approach_stop,40,40,0.20000000000000001,0.0050000000000000001,1.7549999999999999,0.75,0,0,3.2000000000000002,0,2.2137466277691149,1.3847279914706143,0,3.1931010813946492,0,-0.0074255953174455717,free_flight_controlled,sep_nmpc_adapted,formal_acados,2.4369291268340514,0,0.3828678808480418,-0.0018175009350635263,-0.0029657190793191358,0.28670433179341687,-0.52460197243164053,1.4142135627459907e-10,-0.25473367785187784,-1.347995373043358,-1.347995373043358,false,false,5.9351640000000003,0,0,false,0,-0.024188210097056618,0,130.98732342102173,130.98732342102173,0,-0.26430472186102927,0,0,-0.26430472186102927,0,0,0.027626821102833408,0.00034114290613369364,-0.00010722584620263053,-0.00091948257783650152,-0.0013496625650586699,-0.077163609402664438,-0.0043572542310924842,-0.0042517120128016646,-0.0039811113180940778,-0.0058591299211959765,0,-0.82093385352887682
3.8450000000000002,approach_stop,40,40,0.20000000000000001,0.0050000000000000001,1.75875,0.75,0,0,3.2000000000000002,0,2.2206654635786887,1.3827988992553033,0,3.1930642915834815,0,-0.0072908384154249557,free_flight_controlled,sep_nmpc_adapted,formal_acados,2.4479050583225344,0,0.38317256766902547,0.0022395947438456909,-0.0014850495375781437,0.28670433179341687,-0.52460197243164053,1.4142135627459907e-10,-0.25473367785187784,-1.347995373043358,-1.347995373043358,false,false,5.9351640000000003,0,0,false,0,-0.025236723427878756,0,130.99835260732968,130.99835260732968,0,-0.24654522696513537,0,0,-0.24654522696513537,0,0,0.027239456269668852,0.00031994085381454283,-0.00012848686637373293,-0.0009392668647968676,-0.0013789198153255249,-0.077773670464450634,-0.0041320396702314958,-0.0042476113972849134,-0.0039340359432111947,-0.0058411559429493321,0,-0.81994388987963229
3.8500000000000001,approach_stop,40,40,0.20000000000000001,0.0050000000000000001,1.7625000000000002,0.75,0,0,3.2000000000000002,0,2.2275745424385209,1.3808252175414666,0,3.1930281787000094,0,-0.0071548283878400572,free_flight_controlled,sep_nmpc_adapted,formal_acados,2.4588792643881319,0,0.38348445739468179,0.0063047219496109308,-1.1481872602672794e-06,0.29382655145986758,-0.50191178800678249,1.4142135627778423e-10,-0.2357709447654778,-1.4429677859174934,-1.4429677859174934,false,false,5.8549199999999999,0,0,false,0,-0.026286279593085653,0,131.04220861786084,131.04220861786084,0,-0.37432673746657352,0,0,-0.37432673746657352,0,0,0.026848805889830206,0.00029990691847768379,-0.00014969351740656207,-0.00095882414726214664,-0.0014080508663031955,-0.078477062708691994,-0.0038915493109858905,-0.0042290303568056154,-0.0038901825152861018,-0.0058087359290357925,0,-0.819544157955167
3.855,approach_stop,40,40,0.20000000000000001,0.0050000000000000001,1.7662499999999999,0.75,0,0,3.2000000000000002,0,2.2344736375590806,1.3788053666712838,0,3.1929927767833544,0,-0.007006447644418403,free_flight_controlled,sep_nmpc_adapted,formal_acados,2.4698513577054455,0,0.38380360383880779,0.010377720146364927,0.0014857869512521361,0.29382655145986758,-0.50191178800678249,1.4142135627778423e-10,-0.2357709447654778,-1.4429677859174934,-1.4429677859174934,false,false,5.8549199999999999,0,0,false,0,-0.027338378367560662,0,131.05361915354561,131.05361915354561,0,-0.35236828134605913,0,0,-0.35236828134605913,0,0,0.02645739889949535,0.00027971509624778957,-0.00017042760228339849,-0.00097824461978141268,-0.001436970203757828,-0.078079987064597067,-0.0041857784976013866,-0.0040674944883419524,-0.0038752984230663238,-0.0057575580486923725,0,-0.81912205901392598
3.8599999999999999,approach_stop,40,40,0.20000000000000001,0.0050000000000000001,1.77,0.75,0,0,3.2000000000000002,0,2.241362521315883,1.3767406389317065,0,3.1929581203486985,0,-0.0068566404567366127,free_flight_controlled,sep_nmpc_adapted,formal_acados,2.4808209490707718,0,0.3841300600313956,0.014458427754888786,0.002975562648911976,0.29382655145986758,-0.50191178800678249,1.4142135627778423e-10,-0.2357709447654778,-1.4429677859174934,-1.4429677859174934,false,false,5.8549199999999999,0,0,false,0,-0.028394463816712564,0,131.06484072877836,131.06484072877836,0,-0.33102406776827498,0,0,-0.33102406776827498,0,0,0.026067607393067523,0.00025826304894875721,-0.00019045701356913483,-0.0009975350115931723,-0.0014656143508515987,-0.077830944134246405,-0.0043954158015593273,-0.0039472775090200491,-0.0038383185963850744,-0.0056985209419723537,0,-0.81866240002232749
3.8650000000000002,approach_stop,40,40,0.20000000000000001,0.0050000000000000001,1.7737500000000002,0.75,0,0,3.2000000000000002,0,2.248240968848934,1.3746308505684501,0,3.1929242162565163,0,-0.0067055155172924298,free_flight_controlled,sep_nmpc_adapted,formal_acados,2.4917876487255781,0,0.38446383884036478,0.018546679876644129,0.0044681637519625545,0.29382655145986758,-0.50191178800678249,1.4142135627778423e-10,-0.2357709447654778,-1.4429677859174934,-1.4429677859174934,false,false,5.8549199999999999,0,0,false,0,-0.029454058421861551,0,131.07586908673247,131.07586908673247,0,-0.31027916835696412,0,0,-0.31027916835696412,0,0,0.025678703413834304,0.00023596856383793809,-0.00020998518216573596,-0.0010165892514357971,-0.0014939418218021779,-0.07772489416595077,-0.0045230342939191854,-0.003866512371580328,-0.0037812828784182816,-0.0056307249739644058,0,-0.81814738765313699
3.8700000000000001,approach_stop,40,40,0.20000000000000001,0.0050000000000000001,1.7775000000000001,0.75,0,0,3.2000000000000002,0,2.2551087544747639,1.3724758555052088,0,3.1928910708215685,0,-0.0065531823294020883,free_flight_controlled,sep_nmpc_adapted,formal_acados,2.5027510664150716,0,0.38480495199818687,0.022642311940307719,0.0059635737315515405,0.29382655145986758,-0.50191178800678249,1.4142135627778423e-10,-0.2357709447654778,-1.4429677859174934,-1.4429677859174934,false,false,5.8549199999999999,0,0,false,0,-0.030516700492606623,0,131.08670053610354,131.08670053610354,0,-0.29011872563766428,0,0,-0.29011872563766428,0,0,0.025289986599536365,0.00021322924794141463,-0.00022919832438494768,-0.0010353151298258241,-0.0015219060992464094,-0.077755808786310637,-0.0045740818327304538,-0.003820366294527696,-0.0037076018761933744,-0.0055530481301872504,0,-0.81757633711566025
3.875,approach_stop,40,40,0.20000000000000001,0.0050000000000000001,1.78125,0.75,0,0,3.2000000000000002,0,2.2619656518697155,1.3702755434368545,0,3.1928586898098317,0,-0.0063997508821559222,free_flight_controlled,sep_nmpc_adapted,formal_acados,2.5137108114180431,0,0.38515341012192877,0.026745159548327541,0.0074617746450360446,0.29382655145986758,-0.50191178800678249,1.4142135627778423e-10,-0.2357709447654778,-1.4429677859174934,-1.4429677859174934,false,false,5.8549199999999999,0,0,false,0,-0.031581943934448499,0,131.0973319237076,131.0973319237076,0,-0.27052797458630184,0,0,-0.27052797458630184,0,0,0.02490078906767609,0.00019040931185061269,-0.00024825290466425531,-0.0010536398117055789,-0.0015494547136364549,-0.077916758026085803,-0.0045563694836851581,-0.0038018937211437473,-0.0036215331467320915,-0.0054642608097570169,0,-0.81694859556442734
3.8799999999999999,approach_stop,40,40,0.20000000000000001,0.0050000000000000001,1.7849999999999999,0.75,0,0,3.2000000000000002,0,2.2688114342441601,1.3680298379682603,0,3.19282707843686,0,-0.0062453313354143376,free_flight_controlled,sep_nmpc_adapted,formal_acados,2.5246664925739912,0,0.38550922275666299,0.030855058329831125,0.0089627471008968691,0.29382655145986758,-0.50191178800678249,1.4142135627778423e-10,-0.2357709447654778,-1.4429677859174934,-1.4429677859174934,false,false,5.8549199999999999,0,0,false,0,-0.032649358006407003,0,131.10776060714849,131.10776060714849,0,-0.25149226263968782,0,0,-0.25149226263968782,0,0,0.024510479411940241,0.00016782927102128428,-0.00026726691988656444,-0.0010715128561214369,-0.0015765291341425652,-0.078200116580181819,-0.0044794610409028207,-0.0038027765337320892,-0.0035276980298030096,-0.0053631949638831607,0,-0.8162635434935297
3.8850000000000002,approach_stop,40,40,0.20000000000000001,0.0050000000000000001,1.7887500000000003,0.75,0,0,3.2000000000000002,0,2.2756458745073558,1.365738694737586,0,3.1927962413676854,0,-0.0060900337184742089,free_flight_controlled,sep_nmpc_adapted,formal_acados,2.5356177183072632,0,0.38587239844033633,0.034971843799907448,0.010466470227494376,0.29382655145986758,-0.50191178800678249,1.4142135627778423e-10,-0.2357709447654778,-1.4429677859174934,-1.4429677859174934,false,false,5.8549199999999999,0,0,false,0,-0.03371852706716328,0,131.11798442773934,131.11798442773934,0,-0.2329970692288561,0,0,-0.2329970692288561,0,0,0.024118465652513629,0.00014575872301785146,-0.00028631486065044568,-0.0010889068892186789,-0.0016030654599297868,-0.078597774167548998,-0.0043540588586605854,-0.0038140472350860284,-0.0034306311828901977,-0.0052488933187854279,0,-0.81552059613698147
3.8900000000000001,approach_stop,40,40,0.20000000000000001,0.0050000000000000001,1.7925,0.75,0,0,3.2000000000000002,0,2.282468745422956,1.363402099558904,0,3.1927661827181941,0,-0.0059339676422784137,free_flight_controlled,sep_nmpc_adapted,formal_acados,2.5465640966483645,0,0.3862429447851255,0.039095351225408498,0.011972921645715322,0.29382655145986758,-0.50191178800678249,1.4142135627778423e-10,-0.2357709447654778,-1.4429677859174934,-1.4429677859174934,false,false,5.8549199999999999,0,0,false,0,-0.034789050310396717,0,131.12800168372723,131.12800168372723,0,-0.21502802426874412,0,0,-0.21502802426874412,0,0,0.023724197145828487,0.00012441213767042854,-0.00030542616029084784,-0.0011058161640821857,-0.0016289957878232735,-0.07910133984426311,-0.0041914176561338749,-0.0038267548712817966,-0.0033343896787146549,-0.0051207294117381228,0,-0.81471920478496362
3.895,approach_stop,40,40,0.20000000000000001,0.0050000000000000001,1.7962500000000001,0.75,0,0,3.2000000000000002,0,2.2892798197553388,1.361020066613692,0,3.1927369060579021,0,-0.0057772420259066086,free_flight_controlled,sep_nmpc_adapted,formal_acados,2.557505235252703,0,0.38662086856925715,0.043225415497364222,0.01348207744548616,0.29382655145986758,-0.50191178800678249,1.4142135627778423e-10,-0.2357709447654778,-1.4429677859174934,-1.4429677859174934,false,false,5.8549199999999999,0,0,false,0,-0.035860541490342353,0,131.1378111039175,131.1378111039175,0,-0.1975709251582487,0,0,-0.1975709251582487,0,0,0.023327165505712219,0.00010394745348703479,-0.00032458676306397933,-0.0011222533574914077,-0.0016542500935573488,-0.079702331892670925,-0.0040028119496343956,-0.0038325423277950667,-0.0032422413263067094,-0.0049784922090440374,0,-0.8138588579429521
3.8999999999999999,approach_stop,40,40,0.20000000000000001,0.0050000000000000001,1.7999999999999998,0.75,0,0,3.2000000000000002,0,2.2960788704070727,1.3585926367147463,0,3.1927084144140623,0,-0.0056199648384436755,free_flight_controlled,sep_nmpc_adapted,formal_acados,2.5684407414172656,0,0.3870061758329798,0.04736187101019293,0.014993912166098628,0.29990120706717788,-0.47435880329484092,1.4142135628226243e-10,-0.21348919412348225,-1.5345554093336673,-1.5345554093336673,false,false,5.9229010000000004,0,0,false,0,-0.036932628638856629,0,131.19218689026889,131.19218689026889,0,-0.3201764335333801,0,0,-0.3201764335333801,0,0,0.022926904624939768,8.4467161672429245e-05,-0.00034374330964725177,-0.0011382450332313168,-0.0016787584403846834,-0.080392346865668748,-0.0037990762005493482,-0.0038241131093225077,-0.0031564443770698567,-0.0048224321598231206,0,-0.81293908227936718
3.9050000000000002,approach_stop,40,40,0.20000000000000001,0.0050000000000000001,1.8037500000000002,0.75,0,0,3.2000000000000002,0,2.3028656659581705,1.3561179937553096,0,3.1926807499073764,0,-0.0054463835440664611,free_flight_controlled,sep_nmpc_adapted,formal_acados,2.5793702212873422,0,0.38739892087452199,0.051504555329171614,0.01650823250900121,0.29990120706717788,-0.47435880329484092,1.4142135628226243e-10,-0.21348919412348225,-1.5345554093336673,-1.5345554093336673,false,false,5.9229010000000004,0,0,false,0,-0.03800675106390336,0,131.20216891834258,131.20216891834258,0,-0.29870755431107643,0,0,-0.29870755431107643,0,0,0.022525850556948772,6.4699662182706534e-05,-0.00036249208667605653,-0.0011538965806201047,-0.0017024396033414573,-0.080023226093317495,-0.0041084776718803978,-0.0036781263629353401,-0.0031021578155349078,-0.0046488434058205019,0,-0.81196243334858842
3.9100000000000001,approach_stop,40,40,0.20000000000000001,0.0050000000000000001,1.8075000000000001,0.75,0,0,3.2000000000000002,0,2.309639974285743,1.3535977192445743,0,3.1926539549136015,0,-0.0052721647442494088,free_flight_controlled,sep_nmpc_adapted,formal_acados,2.5902932805326082,0,0.38779915764944572,0.055653306246865236,0.018024850222604333,0.29990120706717788,-0.47435880329484092,1.4142135628226243e-10,-0.21348919412348225,-1.5345554093336673,-1.5345554093336673,false,false,5.9229010000000004,0,0,false,0,-0.039084294858155261,0,131.21197658945829,131.21197658945829,0,-0.27784005539877299,0,0,-0.27784005539877299,0,0,0.022126286342192641,4.359253474382909e-05,-0.00038060951098541914,-0.0011692318422972237,-0.0017252380850189568,-0.079796578486211051,-0.0043346000154248793,-0.0035715900470818388,-0.0030301221612268206,-0.004469385376808196,0,-0.81092845967775007
3.915,approach_stop,40,40,0.20000000000000001,0.0050000000000000001,1.81125,0.75,0,0,3.2000000000000002,0,2.3164015668330915,1.3510316598346113,0,3.1926280323617173,0,-0.005097411777423469,free_flight_controlled,sep_nmpc_adapted,formal_acados,2.6012095252531471,0,0.38820689086935156,0.059807958420055568,0.019543748354895248,0.29990120706717788,-0.47435880329484092,1.4142135628226243e-10,-0.21348919412348225,-1.5345554093336673,-1.5345554093336673,false,false,5.9229010000000004,0,0,false,0,-0.040164797474364737,0,131.22160613219341,131.22160613219341,0,-0.25755923562509486,0,0,-0.25755923562509486,0,0,0.021727510563782547,2.1558408740510479e-05,-0.0003982888935921856,-0.0011841666260218654,-0.0017471245229167779,-0.079707809764706969,-0.0044794823818332333,-0.0035024206904182339,-0.0029423992654955961,-0.0042839943786419851,0,-0.8098365622476984
3.9199999999999999,approach_stop,40,40,0.20000000000000001,0.0050000000000000001,1.8149999999999999,0.75,0,0,3.2000000000000002,0,2.323150214368682,1.348419698585134,0,3.1926029846632811,0,-0.0049222281849551483,free_flight_controlled,sep_nmpc_adapted,formal_acados,2.6121185612746864,0,0.38862212462916262,0.063968346906004475,0.021064908640756774,0.29990120706717788,-0.47435880329484092,1.4142135628226243e-10,-0.21348919412348225,-1.5345554093336673,-1.5345554093336673,false,false,5.9229010000000004,0,0,false,0,-0.041247811865414812,0,131.23105430101742,131.23105430101742,0,-0.23785046964840828,0,0,-0.23785046964840828,0,0,0.02132884755603387,-1.0077126216675124e-06,-0.00041570608933043309,-0.0011986302808987192,-0.0017680685130355451,-0.079751242006247586,-0.004548050711699593,-0.0034658274475721528,-0.0028422693430488104,-0.0040923443622273735,0,-0.80868617535326082
3.9250000000000003,approach_stop,40,40,0.20000000000000001,0.0050000000000000001,1.8187500000000001,0.75,0,0,3.2000000000000002,0,2.3298856871636633,1.3457617532139339,0,3.1925788137123394,0,-0.0047467174121534105,free_flight_controlled,sep_nmpc_adapted,formal_acados,2.6230199941701597,0,0.38904486241300801,0.068134307006496447,0.022588311463765161,0.29990120706717788,-0.47435880329484092,1.4142135628226243e-10,-0.21348919412348225,-1.5345554093336673,-1.5345554093336673,false,false,5.9229010000000004,0,0,false,0,-0.042332906253730054,0,131.24031834963233,131.24031834963233,0,-0.21869922685804144,0,0,-0.21869922685804144,0,0,0.020929652379587518,-2.374155013265055e-05,-0.00043300763671223563,-0.0012125706515461018,-0.0017880377019641579,-0.079920294588183047,-0.0045475732731404565,-0.0034549920692660383,-0.0027337729713700614,-0.0038940082341321243,0,-0.80747676772456867
3.9300000000000002,approach_stop,40,40,0.20000000000000001,0.0050000000000000001,1.8225000000000002,0.75,0,0,3.2000000000000002,0,2.3366077551606628,1.3430577742902017,0,3.1925555208866156,0,-0.0045709825256231148,free_flight_controlled,sep_nmpc_adapted,formal_acados,2.6339134292782544,0,0.38947510711939637,0.072305674117591673,0.024113935821319876,0.29990120706717788,-0.47435880329484092,1.4142135628226243e-10,-0.21348919412348225,-1.5345554093336673,-1.5345554093336673,false,false,5.9229010000000004,0,0,false,0,-0.043419663891351164,0,131.24939600473388,131.24939600473388,0,-0.20009109053011565,0,0,-0.20009109053011565,0,0,0.020529314846539568,-4.6319805695488294e-05,-0.00045030239507337373,-0.0012259567276352494,-0.0018069976711322334,-0.080207681285776544,-0.0044870750585512161,-0.003461779674417556,-0.0026212529836275389,-0.0036886113079616935,0,-0.80620784375120269
3.9350000000000001,approach_stop,40,40,0.20000000000000001,0.0050000000000000001,1.8262499999999999,0.75,0,0,3.2000000000000002,0,2.3433161881334721,1.3403077434085306,0,3.1925331070500791,0,-0.0043951259450516851,free_flight_controlled,sep_nmpc_adapted,formal_acados,2.6447984717188686,0,0.38991286110302709,0.076482283585396521,0.025641759293421985,0.29990120706717788,-0.47435880329484092,1.4142135628226243e-10,-0.21348919412348225,-1.5345554093336673,-1.5345554093336673,false,false,5.9229010000000004,0,0,false,0,-0.044507682809073912,0,131.25828544011628,131.25828544011628,0,-0.18201177661072565,0,0,-0.18201177661072565,0,0,0.020127262543272333,-6.8467463137434945e-05,-0.00046765671538208598,-0.0012387790700633889,-0.0018249125443454831,-0.080605612327538184,-0.004376746408089262,-0.0034774343242108706,-0.002508928056416226,-0.003475965472696808,0,-0.80487894470905896
3.9399999999999999,approach_stop,40,40,0.20000000000000001,0.0050000000000000001,1.8300000000000001,0.75,0,0,3.2000000000000002,0,2.3500107558376366,1.3375116713774375,0,3.1925115725568127,0,-0.0042192491887399633,free_flight_controlled,sep_nmpc_adapted,formal_acados,2.6556747264057465,0,0.39035812622841004,0.080663970568109894,0.027171758015160967,0.29990120706717788,-0.47435880329484092,1.4142135628226243e-10,-0.21348919412348225,-1.5345554093336673,-1.5345554093336673,false,false,5.9229010000000004,0,0,false,0,-0.04559657555523712,0,131.26698525114477,131.26698525114477,0,-0.16444715157294421,0,0,-0.16444715157294421,0,0,0.019722962851453623,-8.9962182738071735e-05,-0.00048509296835688514,-0.0012510482392774458,-0.0018417461991057688,-0.081105991563078461,-0.0042273765328701514,-0.0034932205785186202,-0.0024005237099267683,-0.0032561753168777433,0,-0.80348964990440097
3.9450000000000003,approach_stop,40,40,0.20000000000000001,0.0050000000000000001,1.8337500000000002,0.75,0,0,3.2000000000000002,0,2.3566912281520787,1.334669596451219,0,3.1924909172561287,0,-0.0040434526330610492,free_flight_controlled,sep_nmpc_adapted,formal_acados,2.6665417980567363,0,0.39081090392981271,0.084850569904657641,0.028703906652919341,0.29990120706717788,-0.47435880329484092,1.4142135628226243e-10,-0.21348919412348225,-1.5345554093336673,-1.5345554093336673,false,false,5.9229010000000004,0,0,false,0,-0.046685968925092851,0,131.27549442965761,131.27549442965761,0,-0.14738324890861865,0,0,-0.14738324890861865,0,0,0.019315924012799801,-0.00011063597888224864,-0.00050259108022603267,-0.0012627915628170997,-0.0018574639256496706,-0.081700600579459132,-0.0040498368873150671,-0.0035009806864352362,-0.0022989795317618755,-0.003029710366976488,0,-0.80203957766589584
3.9500000000000002,approach_stop,40,40,0.20000000000000001,0.0050000000000000001,1.8375000000000001,0.75,0,0,3.2000000000000002,0,2.3633573752120443,1.3317815826282766,0,3.1924711404988422,0,-0.003867835286460362,free_flight_controlled,sep_nmpc_adapted,formal_acados,2.6773992912022622,0,0.3912711952715876,0.089041915990217907,0.030238178384251056,0.30488532436304855,-0.44312281607349907,1.4142135628837788e-10,-0.18912494224764334,-1.6221614671114244,-1.6221614671114244,false,false,5.8096249999999996,0,0,false,0,-0.047775503681953914,0,131.33920626862374,131.33920626862374,0,-0.26403062897874463,0,0,-0.26403062897874463,0,0,0.018905695319401089,-0.00013037447943211155,-0.00052009259731440269,-0.0012740486552159013,-0.0018720343558617583,-0.0823812634686579,-0.0038546330611382408,-0.0034935861490409947,-0.0022062442335054255,-0.0027974405610880692,0,-0.80052838613326815
3.9550000000000001,approach_stop,40,40,0.20000000000000001,0.0050000000000000001,1.8412500000000001,0.75,0,0,3.2000000000000002,0,2.3700089621423022,1.3288455166233106,0,3.1924522912791096,0,-0.0036724343411887487,free_flight_controlled,sep_nmpc_adapted,formal_acados,2.6882468083500646,0,0.39173905830586775,0.093237846207762404,0.031774386158629146,0.30488532436304855,-0.44312281607349907,1.4142135628837788e-10,-0.18912494224764334,-1.6221614671114244,-1.6221614671114244,false,false,5.8096249999999996,0,0,false,0,-0.048866549898397588,0,131.34768940267762,131.34768940267762,0,-0.24316627649740341,0,0,-0.24316627649740341,0,0,0.018494596611808831,-0.00015037513932454177,-0.0005372043050747645,-0.0012849327645470571,-0.0018854182190803414,-0.082052041851097518,-0.004145937021080218,-0.0033533287491184379,-0.0021459019824511733,-0.0025563442175213528,0,-0.79895811324376342
3.96,approach_stop,40,40,0.20000000000000001,0.0050000000000000001,1.845,0.75,0,0,3.2000000000000002,0,2.3766457535101773,1.3258633350134392,0,3.1924344186377294,0,-0.0034772090451028088,free_flight_controlled,sep_nmpc_adapted,formal_acados,2.6990839516752434,0,0.39221455085450208,0.097438198165066131,0.033312347716834237,0.30488532436304855,-0.44312281607349907,1.4142135628837788e-10,-0.18912494224764334,-1.6221614671114244,-1.6221614671114244,false,false,5.8096249999999996,0,0,false,0,-0.04996042725737123,0,131.35601580293934,131.35601580293934,0,-0.22288651400691006,0,0,-0.22288651400691006,0,0,0.01808480283056078,-0.0001716274751668229,-0.00055370416924556637,-0.0012954782173075438,-0.001897603556456735,-0.081859438193813513,-0.0043550234918764991,-0.003248853472849365,-0.0020709226760061115,-0.0023181375056020737,0,-0.79732882097536528
3.9650000000000003,approach_stop,40,40,0.20000000000000001,0.0050000000000000001,1.8487500000000003,0.75,0,0,3.2000000000000002,0,2.3832675184209426,1.3228349171025273,0,3.1924175214566719,0,-0.0032822551512785014,free_flight_controlled,sep_nmpc_adapted,formal_acados,2.7099103249623799,0,0.3926976731771869,0.10164280654143729,0.034852044298198492,0.30488532436304855,-0.44312281607349907,1.4142135628837788e-10,-0.18912494224764334,-1.6221614671114244,-1.6221614671114244,false,false,5.8096249999999996,0,0,false,0,-0.051056691187867424,0,131.36418218311672,131.36418218311672,0,-0.20317694108261075,0,0,-0.20317694108261075,0,0,0.017675641870058233,-0.00019372461058307549,-0.00056976714574320537,-0.0013056155439385199,-0.0019086059855917402,-0.081798849902627507,-0.0044840901584919796,-0.0031780987517583872,-0.0019830219950275341,-0.0020832221859260953,0,-0.79564005626623546
3.9700000000000002,approach_stop,40,40,0.20000000000000001,0.0050000000000000001,1.8525,0.75,0,0,3.2000000000000002,0,2.3898740254645658,1.3197601771111016,0,3.1924015981399614,0,-0.0030876680029467579,free_flight_controlled,sep_nmpc_adapted,formal_acados,2.7207255318676991,0,0.3931884251290495,0.10585150640313321,0.036393455876715608,0.30488532436304855,-0.44312281607349907,1.4142135628837788e-10,-0.18912494224764334,-1.6221614671114244,-1.6221614671114244,false,false,5.8096249999999996,0,0,false,0,-0.052154912207517633,0,131.37218573657213,131.37218573657213,0,-0.1840232381844995,0,0,-0.1840232381844995,0,0,0.017266467339569748,-0.00021627781151928785,-0.00058555123175089887,-0.0013152869397163531,-0.0019184422670113037,-0.081864621322170483,-0.0045381132461728198,-0.0031364464667787751,-0.0018850800989651871,-0.0018516783026954822,0,-0.79389140145883941
3.9750000000000001,approach_stop,40,40,0.20000000000000001,0.0050000000000000001,1.8562500000000002,0.75,0,0,3.2000000000000002,0,2.3964650428858367,1.316639062455726,0,3.1923866466165483,0,-0.0028935422718828568,free_flight_controlled,sep_nmpc_adapted,formal_acados,2.7315291759355014,0,0.3936868061221499,0.11006413304966464,0.037936561123550705,0.30488532436304855,-0.44312281607349907,1.4142135628837788e-10,-0.18912494224764334,-1.6221614671114244,-1.6221614671114244,false,false,5.8096249999999996,0,0,false,0,-0.053254675693361814,0,131.38002411107334,131.38002411107334,0,-0.16541118506711072,0,0,-0.16541118506711072,0,0,0.016856663395156762,-0.00023892908097248851,-0.00060118629165956063,-0.0013244510157188155,-0.0019271290668751988,-0.082050220626624662,-0.0045243188291475729,-0.0031173742026151911,-0.0017807101744308689,-0.0016234126392292967,0,-0.79208247523841913
3.98,approach_stop,40,40,0.20000000000000001,0.0050000000000000001,1.8599999999999999,0.75,0,0,3.2000000000000002,0,2.4030403387459214,1.3134715519740421,0,3.1923726643442789,0,-0.0026999717139483798,free_flight_controlled,sep_nmpc_adapted,formal_acados,2.7423208606119238,0,0.39419281510384108,0.11428052186600243,0.0394813373728349,0.30488532436304855,-0.44312281607349907,1.4142135628837788e-10,-0.18912494224764334,-1.6221614671114244,-1.6221614671114244,false,false,5.8096249999999996,0,0,false,0,-0.054355581643531818,0,131.38769538405961,131.38769538405961,0,-0.14732667942375799,0,0,-0.14732667942375799,0,0,0.016445648644025913,-0.00026136099832534782,-0.00061676623588306138,-0.001333085377475614,-0.0019346824507235328,-0.082348432069530825,-0.0044516153494776672,-0.0031131363042064121,-0.0016738264414423644,-0.0013983006797165848,0,-0.79021293366015211
3.9849999999999999,approach_stop,40,40,0.20000000000000001,0.0050000000000000001,1.86375,0.75,0,0,3.2000000000000002,0,2.4095996810749889,1.3102576541320867,0,3.1923596483150556,0,-0.0025070489395155903,free_flight_controlled,sep_nmpc_adapted,formal_acados,2.7531001892560072,0,0.39470645054986608,0.11850050818101829,0.041027760591041282,0.30488532436304855,-0.44312281607349907,1.4142135628837788e-10,-0.18912494224764334,-1.6221614671114244,-1.6221614671114244,false,false,5.8096249999999996,0,0,false,0,-0.05545724442833784,0,131.39519803833022,131.39519803833022,0,-0.12975575515787896,0,0,-0.12975575515787896,0,0,0.016032879071998879,-0.00028330369610066707,-0.00063234458374111248,-0.0013411871066312873,-0.0019411180477022988,-0.082751552782791241,-0.0043300214009061684,-0.0031154296233667834,-0.0015682419554246569,-0.0011763112317077153,0,-0.78828247117113315
3.9900000000000002,approach_stop,40,40,0.20000000000000001,0.0050000000000000001,1.8675000000000002,0.75,0,0,3.2000000000000002,0,2.4161428380158965,1.3069974052466771,0,3.1923475950611011,0,-0.0023148651976765801,free_flight_controlled,sep_nmpc_adapted,formal_acados,2.7638667651483551,0,0.39522771046810246,0.12272392713245858,0.042575805349993459,0.30488532436304855,-0.44312281607349907,1.4142135628837788e-10,-0.18912494224764334,-1.6221614671114244,-1.6221614671114244,false,false,5.8096249999999996,0,0,false,0,-0.056559292531331566,0,131.40253093815562,131.40253093815562,0,-0.11268459974611256,0,0,-0.11268459974611256,0,0,0.015617849995715846,-0.00030453902636814903,-0.00064793323768551673,-0.0013487713585136308,-0.0019464517766670021,-0.083251584628824427,-0.0041701182865942531,-0.0031160067622939347,-0.0014673207182867903,-0.0009576053965697196,0,-0.78629082154737118
3.9950000000000001,approach_stop,40,40,0.20000000000000001,0.0050000000000000001,1.8712500000000001,0.75,0,0,3.2000000000000002,0,2.4226695779645651,1.3036908719188225,0,3.1923365006601352,0,-0.0021235117507880804,free_flight_controlled,sep_nmpc_adapted,formal_acados,2.7746201915599125,0,0.39575659673366725,0.1269506135953474,0.044125444902989717,0.30488532436304855,-0.44312281607349907,1.4142135628837788e-10,-0.18912494224764334,-1.6221614671114244,-1.6221614671114244,false,false,5.8096249999999996,0,0,false,0,-0.057661368294034641,0,131.40969337909004,131.40969337909004,0,-0.096099501370441098,0,0,-0.096099501370441098,0,0,0.015200100425630142,-0.00032492245167962611,-0.00066347816569790462,-0.0013558514004722525,-0.0019507459626198736,-0.083837812408443346,-0.0039985369177496068,-0.003084729799850772,-0.0013664900933449665,-0.00077201895434359294,0,-0.78423754058961825
4,approach_stop,40,40,0.20000000000000001,0.0050000000000000001,1.875,0.75,0,0,3.2000000000000002,0,2.4291796697259049,1.3003381453768268,0,3.1923263607313737,0,-0.0019330791631837598,free_flight_controlled,sep_nmpc_adapted,formal_acados,2.7853600723692695,0,0.39629313427073526,0.13118040264336459,0.045676651758936059,0.30876946749370004,-0.40669749077951722,1.4142135629723716e-10,-0.16241971385003709,-1.7049761540646311,-1.7049761540646311,false,false,5.8284479999999999,0,0,false,0,-0.058763127705059717,0,131.48107976551,131.48107976551,0,-0.20568544626063257,0,0,-0.20568544626063257,0,0,0.014779234056736095,-0.00034451816981097793,-0.00067863596437788421,-0.0013624707094595468,-0.0019542719927416524,-0.084498259432431763,-0.0038538483298031605,-0.0029628771338735169,-0.0012847830751926571,-0.00064662455308963263,0,-0.78212211010810384
4.0049999999999999,approach_stop,40,40,0.20000000000000001,0.0050000000000000001,1.8787499999999999,0.75,0,0,3.2000000000000002,0,2.4356728762844733,1.2969367668549721,0,3.1923172295444902,0,-0.0017200118304146863,free_flight_controlled,sep_nmpc_adapted,formal_acados,2.7960860081967618,0,0.39683741097254943,0.13541313191228851,0.047229247179634087,0.30876946749370004,-0.40669749077951722,1.4142135629723716e-10,-0.16241971385003709,-1.7049761540646311,-1.7049761540646311,false,false,5.8284479999999999,0,0,false,0,-0.059865858729102175,0,131.48803286859643,131.48803286859643,0,-0.18554638755987951,0,0,-0.18554638755987951,0,0,0.014357459653193069,-0.00036459842692403122,-0.00069277731772895035,-0.0013687391342048945,-0.0019572825454444872,-0.084204675333861528,-0.004182303365800299,-0.0026874776288538941,-0.0012248680687302756,-0.00056293756893462143,0,-0.77994627098557001
4.0099999999999998,approach_stop,40,40,0.20000000000000001,0.0050000000000000001,1.8824999999999998,0.75,0,0,3.2000000000000002,0,2.4421489601867536,1.2934890645355852,0,3.1923091612310786,0,-0.0015079346055383834,free_flight_controlled,sep_nmpc_adapted,formal_acados,2.8067975992791747,0,0.39738950404792289,0.13964863909242106,0.048783056722113138,0.30876946749370004,-0.40669749077951722,1.4142135629723716e-10,-0.16241971385003709,-1.7049761540646311,-1.7049761540646311,false,false,5.8284479999999999,0,0,false,0,-0.06097080214234564,0,131.49484920638631,131.49484920638631,0,-0.16597108854326326,0,0,-0.16597108854326326,0,0,0.013936834969694114,-0.00038617298140095356,-0.00070550692624994757,-0.0013747377107753722,-0.0019599443580861765,-0.08403906637282256,-0.004448855034018556,-0.0024015445573123714,-0.001176428210945953,-0.00050536555484661768,0,-0.7777107123084761
4.0149999999999997,approach_stop,40,40,0.20000000000000001,0.0050000000000000001,1.8862499999999998,0.75,0,0,3.2000000000000002,0,2.4486076895641711,1.2899949445780776,0,3.1923021506261127,0,-0.0012969330812601847,free_flight_controlled,sep_nmpc_adapted,formal_acados,2.8174944488969444,0,0.39794941958854246,0.14388675933277337,0.050338060181663626,0.30876946749370004,-0.40669749077951722,1.4142135629723716e-10,-0.16241971385003709,-1.7049761540646311,-1.7049761540646311,false,false,5.8284479999999999,0,0,false,0,-0.062077534435915092,0,131.50152594973591,131.50152594973591,0,-0.14694566288668076,0,0,-0.14694566288668076,0,0,0.013516722869869748,-0.00040890180577276989,-0.00071681645433370814,-0.001380517664334252,-0.0019623647636191305,-0.084000035414301372,-0.0046422269674273034,-0.0021218430105175898,-0.0011370221394729338,-0.00046520022811621871,0,-0.77541525362203767
4.0200000000000005,approach_stop,40,40,0.20000000000000001,0.0050000000000000001,1.8900000000000003,0.75,0,0,3.2000000000000002,0,2.4550488321650024,1.2864543446261758,0,3.1922961921382842,0,-0.0010870922891932325,free_flight_controlled,sep_nmpc_adapted,formal_acados,2.8281761601949724,0,0.39851715867157755,0.14812732802997006,0.051894236028778705,0.30876946749370004,-0.40669749077951722,1.4142135629723716e-10,-0.16241971385003709,-1.7049761540646311,-1.7049761540646311,false,false,5.8284479999999999,0,0,false,0,-0.063185646602422249,0,131.50806071664064,131.50806071664064,0,-0.12845632927518325,0,0,-0.12845632927518325,0,0,0.013096495993490201,-0.00043239777238970054,-0.00072677136110027563,-0.0013861176988283865,-0.0019646151130891893,-0.084086733860041341,-0.0047499278309994708,-0.001865766778722315,-0.0011030769881648682,-0.00043631557973607945,0,-0.77305970813105562
4.0250000000000004,approach_stop,40,40,0.20000000000000001,0.0050000000000000001,1.8937500000000003,0.75,0,0,3.2000000000000002,0,2.4614721554513319,1.2828672142600244,0,3.192291279748992,0,-0.0008784980185636965,free_flight_controlled,sep_nmpc_adapted,formal_acados,2.8388423367096234,0,0.39909271886815845,0.15237018125829146,0.053451561631260025,0.30876946749370004,-0.40669749077951722,1.4142135629723716e-10,-0.16241971385003709,-1.7049761540646311,-1.7049761540646311,false,false,5.8284479999999999,0,0,false,0,-0.064294743764231443,0,131.51445161829062,131.51445161829062,0,-0.11048971528834461,0,0,-0.11048971528834461,0,0,0.012675497000573589,-0.00045611212295513295,-0.00073561399256970739,-0.0013915375364439053,-0.0019667358575509073,-0.084311101889504803,-0.0047225405620185072,-0.0016837564282347849,-0.0010636600705733255,-0.00041253878592567122,0,-0.77064379864021249
4.0300000000000002,approach_stop,40,40,0.20000000000000001,0.0050000000000000001,1.8975000000000002,0.75,0,0,3.2000000000000002,0,2.4678774267877333,1.2792335723189774,0,3.1922874070191591,0,-0.00067123195168918579,free_flight_controlled,sep_nmpc_adapted,formal_acados,2.8494925824619117,0,0.39967609573227925,0.15661515567417847,0.055010013253808089,0.30876946749370004,-0.40669749077951722,1.4142135629723716e-10,-0.16241971385003709,-1.7049761540646311,-1.7049761540646311,false,false,5.8284479999999999,0,0,false,0,-0.065404445050116389,0,131.52069702232006,131.52069702232006,0,-0.093031873706515444,0,0,-0.093031873706515444,0,0,0.012253051780966329,-0.00047937584681500027,-0.00074371667608936955,-0.0013967533592629858,-0.0019687465684057092,-0.084663115323180729,-0.0045751239013522935,-0.0015652345256707144,-0.0010226046868372625,-0.00039225792867590768,0,-0.76816736528843088
4.0350000000000001,approach_stop,40,40,0.20000000000000001,0.0050000000000000001,1.9012500000000001,0.75,0,0,3.2000000000000002,0,2.4742644137462446,1.2755534744712207,0,3.1922845671088078,0,-0.00046537337308251968,free_flight_controlled,sep_nmpc_adapted,formal_acados,2.8601265011455159,0,0.40026728296949221,0.1608620873992713,0.056569565610450658,0.30876946749370004,-0.40669749077951722,1.4142135629723716e-10,-0.16241971385003709,-1.7049761540646311,-1.7049761540646311,false,false,5.8284479999999999,0,0,false,0,-0.066514383740942803,0,131.52679562304235,131.52679562304235,0,-0.076068866807645907,0,0,-0.076068866807645907,0,0,0.011828561825465099,-0.00050166718670974718,-0.00075133697826611256,-0.0014017702332506919,-0.0019706640037723561,-0.085127283108457852,-0.0043376747782434659,-0.0014878362141980748,-0.00098456668173135223,-0.00037517620045548117,0,-0.76563032480240545
4.04,approach_stop,40,40,0.20000000000000001,0.0050000000000000001,1.905,0.75,0,0,3.2000000000000002,0,2.4806328842332652,1.2718269987428106,0,3.1922827527853048,0,-0.00026100004868097586,free_flight_controlled,sep_nmpc_adapted,formal_acados,2.8707436961587414,0,0.40086627221634863,0.16511081192547614,0.058130191846836855,0.30876946749370004,-0.40669749077951722,1.4142135629723716e-10,-0.16241971385003709,-1.7049761540646311,-1.7049761540646311,false,false,5.8284479999999999,0,0,false,0,-0.067624206975172768,0,131.53274646751865,131.53274646751865,0,-0.059587000291374093,0,0,-0.059587000291374093,0,0,0.011401500510101656,-0.00052259625386019465,-0.00075864128881884287,-0.0014066083758918374,-0.0019725032868928238,-0.085690222737786051,-0.0040333802657855798,-0.0014368812545734941,-0.00095123721041720532,-0.00036093274345793433,0,-0.76303262405495553
4.0449999999999999,approach_stop,40,40,0.20000000000000001,0.0050000000000000001,1.9087499999999999,0.75,0,0,3.2000000000000002,0,2.4869826066001837,1.2680542449861785,0,3.1922819564314415,0,-5.8188031534319615e-05,free_flight_controlled,sep_nmpc_adapted,formal_acados,2.8813437707073293,0,0.40147305298881064,0.16936116410714561,0.059691863562009277,0.30876946749370004,-0.40669749077951722,1.4142135629723716e-10,-0.16241971385003709,-1.7049761540646311,-1.7049761540646311,false,false,5.8284479999999999,0,0,false,0,-0.068733575429234237,0,131.53854893172863,131.53854893172863,0,-0.043572813258504262,0,0,-0.043572813258504262,0,0,0.010971404115495124,-0.00054187667242948801,-0.00076573579929168994,-0.001411291986319489,-0.001974277569784853,-0.086340078462601749,-0.0036807380073402341,-0.0014026102613849552,-0.00092268755807731705,-0.0003491028002441426,0,-0.76037423844801766
4.0499999999999998,approach_stop,40,40,0.20000000000000001,0.0050000000000000001,1.9124999999999999,0.75,0,0,3.2000000000000002,0,2.4933133497505069,1.2642353340409886,0,3.1922821700544652,0,0.00014298852599920617,free_flight_controlled,sep_nmpc_adapted,formal_acados,2.8919263278964435,0,0.40208761273831806,0.17361297814593665,0.061254550829023639,0.31155798140175162,-0.36589729885460265,1.414213563102741e-10,-0.13460031992081847,-1.7823588586763506,-1.7823588586763506,false,false,5.9925940000000004,0,0,false,0,-0.069842163006052616,0,131.61570111599553,131.61570111599553,0,-0.14526415487452971,0,0,-0.14526415487452971,0,0,0.010537865195153632,-0.00055930578569943147,-0.00077268643188491517,-0.0014158433064307124,-0.0019759977693049112,-0.087066147764392088,-0.0032949182701435807,-0.0013784479779132479,-0.00089816323209456882,-0.00033922181495791323,0,-0.7576551718244825
4.0549999999999997,approach_stop,40,40,0.20000000000000001,0.0050000000000000001,1.9162499999999998,0.75,0,0,3.2000000000000002,0,2.4996248759346686,1.2603674456564498,0,3.1922834514959777,0,0.00036894262173140229,free_flight_controlled,sep_nmpc_adapted,formal_acados,2.9024909668384282,0,0.4027100064333482,0.17786609090375957,0.0628180825939475,0.31155798140175162,-0.36589729885460265,1.414213563102741e-10,-0.13460031992081847,-1.7823588586763506,-1.7823588586763506,false,false,5.9925940000000004,0,0,false,0,-0.070951166390671394,0,131.62113188500376,131.62113188500376,0,-0.12596727286737397,0,0,-0.12596727286737397,0,0,0.010102863070128532,-0.00057565152506238663,-0.0007794891035696049,-0.0014202503618009218,-0.0019776662793697373,-0.086926755460004682,-0.003244704237882676,-0.0013444793537216041,-0.00086546052675530222,-0.00032837324229000958,0,-0.75487617812581043
4.0600000000000005,approach_stop,40,40,0.20000000000000001,0.0050000000000000001,1.9200000000000004,0.75,0,0,3.2000000000000002,0,2.5059169472852743,1.2564533915551586,0,3.1922858583007492,0,0.00059312957021893139,free_flight_controlled,sep_nmpc_adapted,formal_acados,2.9130372866150371,0,0.40334028757564677,0.18212033932976288,0.064382291843571596,0.31155798140175162,-0.36589729885460265,1.414213563102741e-10,-0.13460031992081847,-1.7823588586763506,-1.7823588586763506,false,false,5.9925940000000004,0,0,false,0,-0.072061739096269381,0,131.62644688314271,131.62644688314271,0,-0.1072077284242734,0,0,-0.1072077284242734,0,0,0.0096682920875560373,-0.00059162003008521508,-0.00078615380501646434,-0.0014245100447274046,-0.0019792842589336506,-0.08689301360566247,-0.0031455497030630675,-0.0013224492916753029,-0.00083905699930883807,-0.0003190172908864788,0,-0.75203860805015443
4.0650000000000004,approach_stop,40,40,0.20000000000000001,0.0050000000000000001,1.9237500000000003,0.75,0,0,3.2000000000000002,0,2.5121893328566864,1.2524931294469177,0,3.1922893814493611,0,0.00081547614611481695,free_flight_controlled,sep_nmpc_adapted,formal_acados,2.9235648902037461,0,0.40397843846091774,0.18637555734705966,0.065947155168490604,0.31155798140175162,-0.36589729885460265,1.414213563102741e-10,-0.13460031992081847,-1.7823588586763506,-1.7823588586763506,false,false,5.9925940000000004,0,0,false,0,-0.07317348302425454,0,131.63164372195934,131.63164372195934,0,-0.088971912046358126,0,0,-0.088971912046358126,0,0,0.0092336445394773734,-0.00060699232319473746,-0.00079272917519853422,-0.001428651179690033,-0.0019808591045638426,-0.086956778164390056,-0.0030074816788958824,-0.0013081842557152534,-0.00081785781503419623,-0.00031109971071862925,0,-0.74914239048417086
4.0700000000000003,approach_stop,40,40,0.20000000000000001,0.0050000000000000001,1.9275000000000002,0.75,0,0,3.2000000000000002,0,2.5184418015587187,1.2484866435546473,0,3.192294011559007,0,0.0010359102890938605,free_flight_controlled,sep_nmpc_adapted,formal_acados,2.9340733805631114,0,0.40462443957513472,0.19063157900439273,0.067512647858851541,0.31155798140175162,-0.36589729885460265,1.414213563102741e-10,-0.13460031992081847,-1.7823588586763506,-1.7823588586763506,false,false,5.9925940000000004,0,0,false,0,-0.074286014066290346,0,131.63672040228158,131.63672040228158,0,-0.071246388879266931,0,0,-0.071246388879266931,0,0,0.0087984521601397591,-0.00062159588714596971,-0.00079924626374262766,-0.0014326968602777442,-0.0019823975949261699,-0.087110397936535314,-0.0028391267830247735,-0.0012987398863696907,-0.00080068939300498483,-0.00030444001114534962,0,-0.74618748800067802
4.0750000000000002,approach_stop,40,40,0.20000000000000001,0.0050000000000000001,1.9312500000000001,0.75,0,0,3.2000000000000002,0,2.5246741222861901,1.2444339434641005,0,3.1922997388899574,0,0.0012543612998291913,free_flight_controlled,sep_nmpc_adapted,formal_acados,2.9445623606921414,0,0.40527826967415476,0.19488823840595124,0.069078743902186809,0.31155798140175162,-0.36589729885460265,1.414213563102741e-10,-0.13460031992081847,-1.7823588586763506,-1.7823588586763506,false,false,5.9925940000000004,0,0,false,0,-0.07539896182550275,0,131.64167529126078,131.64167529126078,0,-0.054017903222767005,0,0,-0.054017903222767005,0,0,0.0083622839035044604,-0.00063529857555181017,-0.00080572360582046438,-0.001436664355047769,-0.0019839054232110853,-0.087346624700459952,-0.0026480521095386734,-0.0012920021726648444,-0.00078640847246726501,-0.0002987926898657872,0,-0.74317389727815042
4.0800000000000001,approach_stop,40,40,0.20000000000000001,0.0050000000000000001,1.9350000000000001,0.75,0,0,3.2000000000000002,0,2.5308860640428068,1.2403350629495784,0,3.192306553352827,0,0.0014707600233273301,free_flight_controlled,sep_nmpc_adapted,formal_acados,2.9550314336818984,0,0.40593990587979273,0.19914536963909155,0.070645415981085022,0.31155798140175162,-0.36589729885460265,1.414213563102741e-10,-0.13460031992081847,-1.7823588586763506,-1.7823588586763506,false,false,5.9925940000000004,0,0,false,0,-0.07651196933861433,0,131.64650710001138,131.64650710001138,0,-0.037273383622504985,0,0,-0.037273383622504985,0,0,0.0079247440811612956,-0.00064800391307149251,-0.00081217068679852763,-0.0014405654213651962,-0.0019853869793625589,-0.087658556466994331,-0.0024409888853697444,-0.001286431270363425,-0.00077396063001045024,-0.00029388723716399921,0,-0.74010164965483483
4.085,approach_stop,40,40,0.20000000000000001,0.0050000000000000001,1.93875,0.75,0,0,3.2000000000000002,0,2.5370773960591571,1.2361900587966479,0,3.1923144445167226,0,0.001685039019067952,free_flight_controlled,sep_nmpc_adapted,formal_acados,2.9654802027600442,0,0.40660932378152304,0.20340280670088715,0.072212635470963932,0.31155798140175162,-0.36589729885460265,1.414213563102741e-10,-0.13460031992081847,-1.7823588586763506,-1.7823588586763506,false,false,5.9925940000000004,0,0,false,0,-0.077624692797405498,0,131.65121486186939,131.65121486186939,0,-0.020999948149129866,0,0,-0.020999948149129866,0,0,0.0074854707269453877,-0.00065964731198361458,-0.0008185903683500215,-0.0014444068306770112,-0.001986845293651068,-0.088039601978671403,-0.0022239808849188686,-0.0012808954113838098,-0.00076240897105124713,-0.00028945360027992896,0,-0.73697081171385237
4.0899999999999999,approach_stop,40,40,0.20000000000000001,0.0050000000000000001,1.9424999999999999,0.75,0,0,3.2000000000000002,0,2.5432478879048506,1.2319990096354778,0,3.1923234016182103,0,0.0018971327176847109,free_flight_controlled,sep_nmpc_adapted,formal_acados,2.9759082713289944,0,0.4072864975362761,0.20766038342414381,0.07378037243798781,0.31155798140175162,-0.36589729885460265,1.414213563102741e-10,-0.13460031992081847,-1.7823588586763506,-1.7823588586763506,false,false,5.9925940000000004,0,0,false,0,-0.078736801269471621,0,131.65579791130793,131.65579791130793,0,-0.0051849096012390739,0,0,-0.0051849096012390739,0,0,0.0070441341024788202,-0.00067019290082072195,-0.0008249806375238872,-0.0014481909897885367,-0.0019882820813621198,-0.088483458832588124,-0.0020024843636892438,-0.0012745618628297397,-0.00075094541606577812,-0.00028523781531354707,0,-0.73378148583624847
4.0949999999999998,approach_stop,40,40,0.20000000000000001,0.0050000000000000001,1.9462499999999998,0.75,0,0,3.2000000000000002,0,2.5493973095948577,1.2277620147937229,0,3.1923334135710308,0,0.0021069775641202305,free_flight_controlled,sep_nmpc_adapted,formal_acados,2.9863152429982862,0,0.40797139996188331,0.21191793340342854,0.075348595637191332,0.31155798140175162,-0.36589729885460265,1.414213563102741e-10,-0.13460031992081847,-1.7823588586763506,-1.7823588586763506,false,false,5.9925940000000004,0,0,false,0,-0.079847976418397887,0,131.66025586353911,131.66025586353911,0,0.010184219534333128,0,0,0.010184219534333128,0,0,0.0066004352887014481,-0.00067963076861906073,-0.00083133590802270054,-0.0014519165912600903,-0.0019896978481096805,-0.08898410030921397,-0.0017814366296416684,-0.0012668241329314442,-0.00073889200244055882,-0.00028101107320674856,0,-0.73053381068449008
4.0999999999999996,approach_stop,40,40,0.20000000000000001,0.0050000000000000001,1.9499999999999997,0.75,0,0,3.2000000000000002,0,2.5555254316901852,1.2234791931748572,0,3.1923444689764984,0,0.0023145121473312625,free_flight_controlled,sep_nmpc_adapted,formal_acados,2.9967007216117194,0,0.40866400262161007,0.2161752899215342,0.076917272510847803,0.31325443363648325,-0.32148929769993423,1.4142135633018852e-10,-0.10686520731415695,-1.8536636378630931,-1.8536636378630931,false,false,5.74404,0,0,false,0,-0.080957912223565229,0,131.74093549577054,131.74093549577054,0,-0.08275784587292101,0,0,-0.08275784587292101,0,0,0.0061541048284105716,-0.00068797449747297725,-0.00083764801962224705,-0.0014555792549934548,-0.0019910920288991568,-0.089535767714414155,-0.0015653042486466076,-0.0012572523058018766,-0.00072569661587766892,-0.00027657445873344725,0,-0.72722796159486847
4.1050000000000004,approach_stop,40,40,0.20000000000000001,0.0050000000000000001,1.9537500000000003,0.75,0,0,3.2000000000000002,0,2.5616320172314793,1.2191473818554139,0,3.1923566272847714,0,0.0025481418195753072,free_flight_controlled,sep_nmpc_adapted,formal_acados,3.0070643059070412,0,0.4093643485704585,0.22043228867556194,0.078486240574340213,0.31325443363648325,-0.32148929769993423,1.4142135633018852e-10,-0.10686520731415695,-1.8536636378630931,-1.8536636378630931,false,false,5.74404,0,0,false,0,-0.082067704050258358,0,131.74488686215278,131.74488686215278,0,-0.064403997213993591,0,0,-0.064403997213993591,0,0,0.0057070507335955411,-0.00069608819851427271,-0.0008438677161040195,-0.0014591449922806774,-0.0019924574318662992,-0.089275403412694423,-0.0016857897095384055,-0.001231355462514717,-0.00070068497686421997,-0.00026949845661658348,0,-0.72386411196349454
4.1100000000000003,approach_stop,40,40,0.20000000000000001,0.0050000000000000001,1.9575000000000002,0.75,0,0,3.2000000000000002,0,2.5677168291916428,1.2147697536595845,0,3.1923699475119132,0,0.0027792757530822956,free_flight_controlled,sep_nmpc_adapted,formal_acados,3.0174055948142304,0,0.41007247990688445,0.22468876562258763,0.080055341105746122,0.31325443363648325,-0.32148929769993423,1.4142135633018852e-10,-0.10686520731415695,-1.8536636378630931,-1.8536636378630931,false,false,5.74404,0,0,false,0,-0.083178407755278058,0,131.74874442522091,131.74874442522091,0,-0.046559540281815304,0,0,-0.046559540281815304,0,0,0.0052610865098061807,-0.00070474422185001935,-0.00084997476629847799,-0.0014625915465990124,-0.0019937871515976141,-0.089099700248744765,-0.0017826551825622144,-0.0012118209614183754,-0.00067801894134665781,-0.0002623572337626503,0,-0.72044426512210991
4.1150000000000002,approach_stop,40,40,0.20000000000000001,0.0050000000000000001,1.9612500000000002,0.75,0,0,3.2000000000000002,0,2.5737796383987339,1.2103462777626675,0,3.1923844170233857,0,0.0030078518902813397,free_flight_controlled,sep_nmpc_adapted,formal_acados,3.0277241927516361,0,0.41078836476827124,0.22894455435290215,0.081624547693505745,0.31325443363648325,-0.32148929769993423,1.4142135633018852e-10,-0.10686520731415695,-1.8536636378630931,-1.8536636378630931,false,false,5.74404,0,0,false,0,-0.084289651639181784,0,131.75250631069542,131.75250631069542,0,-0.029211845484941268,0,0,-0.029211845484941268,0,0,0.0048158007563914628,-0.00071383428155278456,-0.00085599583126691394,-0.0014659303049553761,-0.0019950815327609128,-0.089003913243697733,-0.0018597263494744152,-0.0011967112482055358,-0.0006575389621383726,-0.00025539277619209341,0,-0.71696855744120425
4.1200000000000001,approach_stop,40,40,0.20000000000000001,0.0050000000000000001,1.9650000000000001,0.75,0,0,3.2000000000000002,0,2.5798202155886458,1.2058769479026965,0,3.1924000228779614,0,0.0032338096750082024,free_flight_controlled,sep_nmpc_adapted,formal_acados,3.0380197042845767,0,0.41151196998826273,0.23319948869593085,0.083193832756364355,0.31325443363648325,-0.32148929769993423,1.4142135633018852e-10,-0.10686520731415695,-1.8536636378630931,-1.8536636378630931,false,false,5.74404,0,0,false,0,-0.085401077014844687,0,131.75617097946264,131.75617097946264,0,-0.012348441479113292,0,0,-0.012348441479113292,0,0,0.0043708053347465753,-0.00072326780612980797,-0.000861949497858118,-0.001469171581708616,-0.0019963417879269051,-0.088983474254518302,-0.0019202970729375931,-0.0011846915602150886,-0.00063898796686900742,-0.00024871991155717973,0,-0.71343716348139086
4.125,approach_stop,40,40,0.20000000000000001,0.0050000000000000001,1.96875,0.75,0,0,3.2000000000000002,0,2.585838331525343,1.2013617814082902,0,3.1924167518357627,0,0.0034570902092474526,free_flight_controlled,sep_nmpc_adapted,formal_acados,3.0482917341539943,0,0.41224326107461218,0.23745340262865131,0.084763167529101013,0.31325443363648325,-0.32148929769993423,1.4142135633018852e-10,-0.10686520731415695,-1.8536636378630931,-1.8536636378630931,false,false,5.74404,0,0,false,0,-0.086512337951725402,0,131.75973720721476,131.75973720721476,0,0.0040429817736020723,0,0,0.0040429817736020723,0,0,0.0039257345922559354,-0.00073296971765230399,-0.00086784873833334504,-0.0014723242894164705,-0.001997569489185373,-0.089033952314994738,-0.0019672919297498205,-0.0011748237990869988,-0.00062206964967923613,-0.00024237404954000064,0,-0.70985029513017106
4.1299999999999999,approach_stop,40,40,0.20000000000000001,0.0050000000000000001,1.9724999999999999,0.75,0,0,3.2000000000000002,0,2.5918337571163557,1.1968008182144911,0,3.1924345903669162,0,0.0036776363983648552,free_flight_controlled,sep_nmpc_adapted,formal_acados,3.0585398873026457,0,0.41298220220674131,0.24170613018629003,0.086332522049568178,0.31325443363648325,-0.32148929769993423,1.4142135633018852e-10,-0.10686520731415695,-1.8536636378630931,-1.8536636378630931,false,false,5.74404,0,0,false,0,-0.087623101021826438,0,131.76320406467573,131.76320406467573,0,0.019974569613793625,0,0,0.019974569613793625,0,0,0.0034802447379447218,-0.00074287885770815264,-0.0008737025419233073,-0.0014753958358450728,-0.0019987662557505821,-0.089151031290407773,-0.0020033670799819775,-0.0011664356603183839,-0.00060648267267544257,-0.00023634288399686877,0,-0.70620820089208636
4.1349999999999998,approach_stop,40,40,0.20000000000000001,0.0050000000000000001,1.9762499999999998,0.75,0,0,3.2000000000000002,0,2.5978062635233501,1.19219411987852,0,3.1924535246609067,0,0.0038953930849256052,free_flight_controlled,sep_nmpc_adapted,formal_acados,3.0687637688991201,0,0.41372875624557631,0.24595750537576996,0.087901865147165484,0.31325443363648325,-0.32148929769993423,1.4142135633018852e-10,-0.10686520731415695,-1.8536636378630931,-1.8536636378630931,false,false,5.74404,0,0,false,0,-0.088733045045957609,0,131.76657089839918,131.76657089839918,0,0.035458299176249319,0,0,0.035458299176249319,0,0,0.003034013300486622,-0.00075294681265917216,-0.00087951701972463774,-0.0014783921526737756,-0.0019999335712858218,-0.089330498437029199,-0.0020309720887128359,-0.0011590372070527121,-0.00059194036452968812,-0.0002305872929915745,0,-0.70251116526784352
4.1399999999999997,approach_stop,40,40,0.20000000000000001,0.0050000000000000001,1.9799999999999998,0.75,0,0,3.2000000000000002,0,2.6037556222677929,1.1875417686032972,0,3.1924735406365738,0,0.0041103071712633027,free_flight_controlled,sep_nmpc_adapted,formal_acados,3.0789629843598876,0,0.41448288475007139,0.25020736209209471,0.089471164432683797,0.31325443363648325,-0.32148929769993423,1.4142135633018852e-10,-0.10686520731415695,-1.8536636378630931,-1.8536636378630931,false,false,5.74404,0,0,false,0,-0.089841860840272833,0,131.7698373121583,131.7698373121583,0,0.0505059759141957,0,0,0.0505059759141957,0,0,0.0025867386250408853,-0.0007631369816109481,-0.00088529617301259984,-0.0014813177990339146,-0.0020010726864176051,-0.08956823977114417,-0.0020523870782540258,-0.0011522673744168107,-0.00057818169129000797,-0.00022505499890141523,0,-0.69875950818101384
4.1450000000000005,approach_stop,40,40,0.20000000000000001,0.0050000000000000001,1.9837500000000003,0.75,0,0,3.2000000000000002,0,2.6096816053317653,1.1828438662739971,0,3.1924946239526859,0,0.0043223277310147331,free_flight_controlled,sep_nmpc_adapted,formal_acados,3.0891371393695684,0,0.4152445479968212,0.25445553403780308,0.091040386289455905,0.31325443363648325,-0.32148929769993423,1.4142135633018852e-10,-0.10686520731415695,-1.8536636378630931,-1.8536636378630931,false,false,5.74404,0,0,false,0,-0.090949250963130057,0,131.77300314893486,131.77300314893486,0,0.06512923025293138,0,0,0.06512923025293138,0,0,0.0021381393819134807,-0.00077342378834411663,-0.00089104244491588797,-0.0014841761056670962,-0.0020021845766539257,-0.089860239623859459,-0.0020697443641229398,-0.0011458593672767125,-0.00056497697624718045,-0.00021968939620333649,0,-0.69495358442558541
4.1500000000000004,approach_stop,40,40,0.20000000000000001,0.0050000000000000001,1.9875000000000003,0.75,0,0,3.2000000000000002,0,2.6155839852539993,1.1781005335112165,0,3.1925167600190569,0,0.0045314061098651976,free_flight_controlled,sep_nmpc_adapted,formal_acados,3.0992858398995877,0,0.41601370500045665,0.25870185464558848,0.092609495865768304,0.31384446709841002,-1.3566405898400404,1.4142135625232599e-10,-0.5349221786263888,-2,-2,false,false,6.6114860000000002,0,0,false,0,-0.092054929462384416,0,131.95417250054655,131.95417250054655,0,-0.14133274889429703,0,0,-0.14133274889429703,0,0,0.0016879540706374438,-0.00078379197530565215,-0.00089675713118740304,-0.0014869693391195548,-0.0020032699358594991,-0.090202582695291564,-0.0020850404113635763,-0.0011396179906228488,-0.00055213046088148181,-0.00021443516518013575,0,-0.69109378311705016
4.1550000000000002,approach_stop,40,40,0.20000000000000001,0.0050000000000000001,1.9912500000000002,0.75,0,0,3.2000000000000002,0,2.6214625151513498,1.1733038062940138,0,3.1925401007727698,0,0.0048042098107640126,free_flight_controlled,sep_nmpc_adapted,formal_acados,3.1094086771695939,0,0.41679048028457472,0.26294616201824417,0.094178193554687692,0.31384446709841002,-1.3566405898400404,1.4142135625232599e-10,-0.5349221786263888,-2,-2,false,false,6.6114860000000002,0,0,false,0,-0.093161464190353302,0,131.95622046416796,131.95622046416796,0,-0.1196819504333595,0,0,-0.1196819504333595,0,0,0.0012403388316070984,-0.00079593344594730022,-0.00090236018894811079,-0.0014896431012446322,-0.0020043174152844191,-0.0888365752818569,-0.0027708540542448743,-0.0011043173432146384,-0.00051844117182404969,-0.00020457759068602584,0,-0.687178862847169
4.1600000000000001,approach_stop,40,40,0.20000000000000001,0.0050000000000000001,1.9950000000000001,0.75,0,0,3.2000000000000002,0,2.6273169472532127,1.1684613725092234,0,3.1925647972083122,0,0.0050736710825013982,free_flight_controlled,sep_nmpc_adapted,formal_acados,3.1195052425365928,0,0.41757499719237828,0.26718829528338006,0.095746188867617738,0.31384446709841002,-1.3566405898400404,1.4142135625232599e-10,-0.5349221786263888,-2,-2,false,false,6.6114860000000002,0,0,false,0,-0.094271329284827857,0,131.95823946716249,131.95823946716249,0,-0.098625120783028208,0,0,-0.098625120783028208,0,0,0.00079922056793796468,-0.00081132218283766391,-0.00090783274893665154,-0.0014921702192791802,-0.0020053175862332906,-0.087604075701239417,-0.0033841588171361842,-0.0010866723492661459,-0.00049352918480215593,-0.00019565888617471328,0,-0.68321417471055523
4.165,approach_stop,40,40,0.20000000000000001,0.0050000000000000001,1.99875,0.75,0,0,3.2000000000000002,0,2.6331470524069709,1.1635729900606209,0,3.1925908324616321,0,0.0053397294399738938,free_flight_controlled,sep_nmpc_adapted,formal_acados,3.1295751424279579,0,0.4183672103781203,0.271428090020987,0.097313463818270204,0.31384446709841002,-1.3566405898400404,1.4142135625232599e-10,-0.5349221786263888,-2,-2,false,false,6.6114860000000002,0,0,false,0,-0.09538406557586547,0,131.96022532663301,131.96022532663301,0,-0.078149363234820912,0,0,-0.078149363234820912,0,0,0.00036393946898412375,-0.00082960292138189659,-0.00091325286624892841,-0.0014945948516996582,-0.0020062769801041471,-0.086501974864292661,-0.0039277644088635336,-0.0010828201506074241,-0.00047742877794717414,-0.00018835114244862943,0,-0.67919990729720559
4.1699999999999999,approach_stop,40,40,0.20000000000000001,0.0050000000000000001,2.0024999999999999,0.75,0,0,3.2000000000000002,0,2.6389526003349659,1.1586384507509462,0,3.1926181893684631,0,0.0056023254046823684,free_flight_controlled,sep_nmpc_adapted,formal_acados,3.1396179833119842,0,0.4191670727475944,0.27566538297701826,0.098879999468673777,0.31384446709841002,-1.3566405898400404,1.4142135625232599e-10,-0.5349221786263888,-2,-2,false,false,6.6114860000000002,0,0,false,0,-0.096499228074216542,0,131.96217428695769,131.96217428695769,0,-0.058241846060422153,0,0,-0.058241846060422153,0,0,-6.6148632420542764e-05,-0.00085043316008224601,-0.00091868222788878465,-0.0014969603691668565,-0.0020072046585091377,-0.085527108055128406,-0.0044040299201747604,-0.0010899930158226434,-0.00046981881217573681,-0.00018301477479843166,0,-0.67513628398812986
4.1749999999999998,approach_stop,40,40,0.20000000000000001,0.0050000000000000001,2.0062499999999996,0.75,0,0,3.2000000000000002,0,2.644733359801489,1.1536575794059634,0,3.1926468504701653,0,0.0058614007164864224,free_flight_controlled,sep_nmpc_adapted,formal_acados,3.1496333717541285,0,0.41997453535427937,0.27990001195263947,0.10044577589754834,0.31384446709841002,-1.3566405898400404,1.4142135625232599e-10,-0.5349221786263888,-2,-2,false,false,6.6114860000000002,0,0,false,0,-0.097616385768496391,0,131.96408299811978,131.96408299811978,0,-0.038889805882586836,0,0,-0.038889805882586836,0,0,-0.00049167177413739183,-0.00087348172238122575,-0.00092417054881012634,-0.0014993079434223434,-0.0020081109259192484,-0.084676179153156908,-0.0048151643288065274,-0.0011061177568060727,-0.0004701585783923642,-0.00017980038094894422,0,-0.6710235608828814
4.1799999999999997,approach_stop,40,40,0.20000000000000001,0.0050000000000000001,2.0099999999999998,0.75,0,0,3.2000000000000002,0,2.6504890987755458,1.1486302329241935,0,3.1926767980203143,0,0.0061168985306397508,free_flight_controlled,sep_nmpc_adapted,formal_acados,3.1596209144717196,0,0.42078954735251867,0.28413181569617374,0.10201077217148122,0.31384446709841002,-1.3566405898400404,1.4142135625232599e-10,-0.5349221786263888,-2,-2,false,false,6.6114860000000002,0,0,false,0,-0.098735121424159314,0,131.96594849456895,131.96594849456895,0,-0.020080552410784325,0,0,-0.020080552410784325,0,0,-0.00091324109505710115,-0.00089842849003578414,-0.00092975837042376928,-0.0015016756799175852,-0.0020090064646670876,-0.08394572024163352,-0.0051634039549969639,-0.001129565689719042,-0.00047777356568407691,-0.00017871793450293389,0,-0.66686202521377469
4.1850000000000005,approach_stop,40,40,0.20000000000000001,0.0050000000000000001,2.0137500000000004,0.75,0,0,3.2000000000000002,0,2.6562195845887353,1.1435562992764654,0,3.1927080139922381,0,0.0063687636004742575,free_flight_controlled,sep_nmpc_adapted,formal_acados,3.1695802183872686,0,0.42161205599130924,0.28836063379853327,0.10357496631907494,0.31384446709841002,-1.3566405898400404,1.4142135625232599e-10,-0.5349221786263888,-2,-2,false,false,6.6114860000000002,0,0,false,0,-0.099855031380972695,0,131.96776817457004,131.96776817457004,0,-0.0018014740897616122,0,0,-0.0018014740897616122,0,0,-0.0013314499242198104,-0.00092496481434162963,-0.00093547886368891943,-0.00150409809663376,-0.0020099017570331442,-0.083332073836651185,-0.0054511120737228179,-0.0011589972047886215,-0.00049191065978128931,-0.00017968386612876342,0,-0.6626519941096195
4.1900000000000004,approach_stop,40,40,0.20000000000000001,0.0050000000000000001,2.0175000000000001,0.75,0,0,3.2000000000000002,0,2.6619245840880357,1.138435696471398,0,3.1927404800874335,0,0.0066169424462691907,free_flight_controlled,sep_nmpc_adapted,formal_acados,3.179510890680441,0,0.42244200663610687,0.29258630659240537,0.10513833530786536,0.31384446709841002,-1.3566405898400404,1.4142135625232599e-10,-0.5349221786263888,-2,-2,false,false,6.6114860000000002,0,0,false,0,-0.10097572534847088,0,131.96953978004083,131.96953978004083,0,0.015959955664076597,0,0,0.015959955664076597,0,0,-0.0017468728199605947,-0.00095279429309747411,-0.0009413590150684581,-0.0015066058281781975,-0.0020108067029885762,-0.082831389597742389,-0.0056808293607287239,-0.001193265744608291,-0.00051177456063796216,-0.00018255322362808001,0,-0.65839381361729998
4.1950000000000003,approach_stop,40,40,0.20000000000000001,0.0050000000000000001,2.0212500000000002,0.75,0,0,3.2000000000000002,0,2.667603863783361,1.1332683714978362,0,3.1927741777447896,0,0.0068613835108899063,free_flight_controlled,sep_nmpc_adapted,formal_acados,3.1894125388386785,0,0.42327934281006607,0.29680867505531749,0.10670085502383608,0.31384446709841002,-1.3566405898400404,1.4142135625232599e-10,-0.5349221786263888,-2,-2,false,false,6.6114860000000002,0,0,false,0,-0.102096826199065,0,131.97126137687673,131.97126137687673,0,0.033216171857600285,0,0,0.033216171857600285,0,0,-0.0021600646175174419,-0.00098163371643339827,-0.00094742043272472826,-0.0015092254805619773,-0.0020117303719589669,-0.082439630316390969,-0.0058552933829394633,-0.0012313590263493199,-0.00053655254819058302,-0.00018714178106146314,0,-0.65408785791868185
4.2000000000000002,approach_stop,40,40,0.20000000000000001,0.0050000000000000001,2.0250000000000004,0.75,0,0,3.2000000000000002,0,2.6732571899897799,1.1280542992520519,0,3.1928090881505629,0,0.0071020373027645958,free_flight_controlled,sep_nmpc_adapted,formal_acados,3.1992847707063587,0,0.42412400624877156,0.30102758071657887,0.10826250025337553,0.31306008775214444,-0.54971240040881841,1.4142135630618219e-10,-0.17772520721573243,-2,-2,false,false,5.9116749999999998,0,0,false,0,-0.10321796975862195,0,131.972931335765,131.972931335765,0,0.049979511098815488,0,0,0.049979511098815488,0,0,-0.0025715595225277179,-0.0010112140578477909,-0.0009536799215902474,-0.001511979590087801,-0.0020126808470995062,-0.082152583841134705,-0.0059774387131696621,-0.0012723635449645402,-0.0005654319127263972,-0.00019324137833508177,0,-0.64973452869910009
4.2050000000000001,approach_stop,40,40,0.20000000000000001,0.0050000000000000001,2.0287500000000001,0.75,0,0,3.2000000000000002,0,2.6788843289643562,1.1227934814554794,0,3.1928451922490337,0,0.0073388565267253278,free_flight_controlled,sep_nmpc_adapted,formal_acados,3.2091271945323854,0,0.42497593696426378,0.30524286556802915,0.10982324466753056,0.31306008775214444,-0.54971240040881841,1.4142135630618219e-10,-0.17772520721573243,-2,-2,false,false,5.9116749999999998,0,0,false,0,-0.10433880459441891,0,131.97454831349197,131.97454831349197,0,0.066262204666208024,0,0,0.066262204666208024,0,0,-0.0029818702743107934,-0.0010412814333951119,-0.0009601499200345636,-0.0015148866567592702,-0.0020136651341048557,-0.081965878780123499,-0.0060503850464496819,-0.0013154435585965242,-0.0005976126684512584,-0.0002006306928922151,0,-0.64533425463573069
4.21,approach_stop,40,40,0.20000000000000001,0.0050000000000000001,2.0324999999999998,0.75,0,0,3.2000000000000002,0,2.6844850470375534,1.1174859455674595,0,3.1928824707537893,0,0.0075717962031886183,free_flight_controlled,sep_nmpc_adapted,formal_acados,3.2189394190160594,0,0.42583507331531467,0.309454371978506,0.11138306080842775,0.31306008775214444,-0.54971240040881841,1.4142135630618219e-10,-0.17772520721573243,-2,-2,false,false,5.9116749999999998,0,0,false,0,-0.10545899180044954,0,131.97611123474732,131.97611123474732,0,0.082076371550294569,0,0,0.082076371550294569,0,0,-0.0033914873940572186,-0.0010715979816871282,-0.0009668388556130017,-0.0015179612329384142,-0.0020146891156418902,-0.081875002572834865,-0.0060774180303036262,-0.0013598290113961331,-0.00063231714378907166,-0.00020908291574123482,0,-0.64088749098201758
4.2149999999999999,approach_stop,40,40,0.20000000000000001,0.0050000000000000001,2.0362499999999999,0.75,0,0,3.2000000000000002,0,2.6900591107191807,1.1121317294193216,0,3.1929209041573929,0,0.0078008122123943684,free_flight_controlled,sep_nmpc_adapted,formal_acados,3.2287210534685906,0,0.42670135212928961,0.31366194274940995,0.11294192013760865,0.31306008775214444,-0.54971240040881841,1.4142135630618219e-10,-0.17772520721573243,-2,-2,false,false,5.9116749999999998,0,0,false,0,-0.10657820473205822,0,131.97761934599649,131.97761934599649,0,0.097433775142160561,0,0,0.097433775142160561,0,0,-0.0038008908157925957,-0.0011019066842155828,-0.00097378481688628897,-0.0015212063637235296,-0.0020157557242832173,-0.081884230918954359,-0.0060359326599376132,-0.0014288732340711353,-0.00066333230535074749,-0.0002170668751455671,0,-0.63639466682191992
4.2199999999999998,approach_stop,40,40,0.20000000000000001,0.0050000000000000001,2.04,0.75,0,0,3.2000000000000002,0,2.6956062867042743,1.1067308834079537,0,3.1929604727308001,0,0.0080258615413782118,free_flight_controlled,sep_nmpc_adapted,formal_acados,3.2384717086111623,0,0.42757470945643311,0.31786542190688805,0.11449979341905597,0.31306008775214444,-0.54971240040881841,1.4142135630618219e-10,-0.17772520721573243,-2,-2,false,false,5.9116749999999998,0,0,false,0,-0.10769612852286442,0,131.97907218881389,131.97907218881389,0,0.11234590306282222,0,0,0.11234590306282222,0,0,-0.0042106256162999199,-0.0011317104380467334,-0.00098125676436279117,-0.0015245716203542005,-0.0020168542955745043,-0.082006969982556188,-0.0058771108551267529,-0.0015683624952954438,-0.00068117339473445062,-0.00022197189232284184,0,-0.63185614730316064
4.2249999999999996,approach_stop,40,40,0.20000000000000001,0.0050000000000000001,2.0437499999999997,0.75,0,0,3.2000000000000002,0,2.7011263421165896,1.1012835215294003,0,3.1930011565491596,0,0.0082469082073511144,free_flight_controlled,sep_nmpc_adapted,formal_acados,3.2481909960906337,0,0.42845508122728204,0.32206465397404405,0.11605665045577211,0.31306008775214444,-0.54971240040881841,1.4142135630618219e-10,-0.17772520721573243,-2,-2,false,false,5.9116749999999998,0,0,false,0,-0.10881246020046959,0,131.9804693179783,131.9804693179783,0,0.12682482394736705,0,0,0.12682482394736705,0,0,-0.0046212366652279065,-0.0011604644896212402,-0.00098956831975890612,-0.0015280042131525309,-0.0020179715916033088,-0.08223359653089235,-0.0056190812856170315,-0.0017619652613367217,-0.00069102131499814627,-0.00022471416764643953,0,-0.62727243511144271
4.2300000000000004,approach_stop,40,40,0.20000000000000001,0.0050000000000000001,2.0475000000000003,0.75,0,0,3.2000000000000002,0,2.7066190447123533,1.09578978167581,0,3.1930429355155772,0,0.0084639192738986506,free_flight_controlled,sep_nmpc_adapted,formal_acados,3.2578785280278115,0,0.42934240286696002,0.32625948331545829,0.11761245981875221,0.31306008775214444,-0.54971240040881841,1.4142135630618219e-10,-0.17772520721573243,-2,-2,false,false,5.9116749999999998,0,0,false,0,-0.10992690868829194,0,131.98181047463618,131.98181047463618,0,0.14088249112993623,0,0,0.14088249112993623,0,0,-0.0050332169609633819,-0.0011877228177536168,-0.00099894901901964833,-0.0015314742829870985,-0.0020190990690796859,-0.08255344337962546,-0.0052819234126710232,-0.0019934831437075041,-0.00069668408574278162,-0.0002261793982656648,0,-0.62264407760721352
4.2350000000000003,approach_stop,40,40,0.20000000000000001,0.0050000000000000001,2.0512500000000005,0.75,0,0,3.2000000000000002,0,2.7120841629909052,1.0902498228729067,0,3.1930857893757927,0,0.0086768647121864533,free_flight_controlled,sep_nmpc_adapted,formal_acados,3.2675339170162689,0,0.43023660888748122,0.33044975402536381,0.11916718880553691,0.31306008775214444,-0.54971240040881841,1.4142135630618219e-10,-0.17772520721573243,-2,-2,false,false,5.9116749999999998,0,0,false,0,-0.111039194577882,0,131.98309557991794,131.98309557991794,0,0.15453070633071286,0,0,0.15453070633071286,0,0,-0.0054470052358843949,-0.0012131404676949374,-0.0010095504870005435,-0.0015349678578241435,-0.0020202322504198332,-0.082955511027130391,-0.004885921187450252,-0.0022479250753153442,-0.00070077659389301036,-0.00022710420348309764,0,-0.61797166049449359
4.2400000000000002,approach_stop,40,40,0.20000000000000001,0.0050000000000000001,2.0550000000000002,0.75,0,0,3.2000000000000002,0,2.7175214662954494,1.0846638233171764,0,3.1931296977326014,0,0.0088857173570767532,free_flight_controlled,sep_nmpc_adapted,formal_acados,3.2771567761339053,0,0.43113763258518306,0.33463530983845591,0.12072080341235995,0.31306008775214444,-0.54971240040881841,1.4142135630618219e-10,-0.17772520721573243,-2,-2,false,false,5.9116749999999998,0,0,false,0,-0.11214904988762875,0,131.98432472417269,131.98432472417269,0,0.16778109816659392,0,0,0.16778109816659392,0,0,-0.0058629848934043348,-0.0012364735709709681,-0.001021452238112908,-0.0015384817855901547,-0.0020213699414375389,-0.083428707855070727,-0.0044511523473405234,-0.0025114382266746859,-0.00070505750511886008,-0.000228065317606295,0,-0.61325580481880371
4.2450000000000001,approach_stop,40,40,0.20000000000000001,0.0050000000000000001,2.0587499999999999,0.75,0,0,3.2000000000000002,0,2.7229307249040744,1.0790319784526738,0,3.193174640060076,0,0.0090904528678770261,free_flight_controlled,sep_nmpc_adapted,formal_acados,3.2867467189636623,0,0.432045405827433,0.33881599405958795,0.12227326831799037,0.31306008775214444,-0.54971240040881841,1.4142135630618219e-10,-0.17772520721573243,-2,-2,false,false,5.9116749999999998,0,0,false,0,-0.11325621780912912,0,131.98549815602152,131.98549815602152,0,0.1806451021300528,0,0,0.1806451021300528,0,0,-0.0062814841463673917,-0.0012575772052199031,-0.0010346674518297392,-0.0015420200581598596,-0.0020225134428207927,-0.083962088471376817,-0.0039970423482796752,-0.0027713559920963318,-0.00071065688767834863,-0.00022948584882945546,0,-0.60849716459751568
4.25,approach_stop,40,40,0.20000000000000001,0.0050000000000000001,2.0625,0.75,0,0,3.2000000000000002,0,2.7283117101113437,1.0733544991276383,0,3.1932205957175888,0,0.0092910496905331281,free_flight_controlled,sep_nmpc_adapted,formal_acados,3.2963033596210631,0,0.43295985891525512,0.3429916495097195,0.12382454687784411,0.31124093248937168,0.15246840445374599,0.10567465068479655,-0.035345446636864827,-2,-2,false,false,6.3392160000000004,0,0,false,0,-0.11436045244263963,0,131.98661627141553,131.98661627141553,0,0.19313394265211592,0,0,0.19313394265211592,0,0,-0.0067027773196481517,-0.0012764010162851433,-0.0010491491606185403,-0.0015455910853596597,-0.0020236658152067185,-0.084545079451957925,-0.0035419207906461762,-0.0030163072563822802,-0.00071823375465124609,-0.00023164936878374327,0,-0.60369642489692454
4.2549999999999999,approach_stop,40,40,0.20000000000000001,0.0050000000000000001,2.0662500000000001,0.75,0,0,3.2000000000000002,0,2.7336641943009377,1.067631609864093,0,3.1932675439636489,0,0.0094874890184041029,free_flight_controlled,sep_nmpc_adapted,formal_acados,3.3058263127867646,0,0.43388092051015759,0.34716211848582701,0.12537460112703164,0.31124093248937168,0.15246840445374599,0.10567465068479655,-0.035345446636864827,-2,-2,false,false,6.3392160000000004,0,0,false,0,-0.11546151852339787,0,131.98767960287458,131.98767960287458,0,0.20525861771518361,0,0,0.20525861771518361,0,0,-0.0071270872318229209,-0.0012929826896250236,-0.0010647970533819366,-0.0015492056358249052,-0.0020248312236616928,-0.085167683979508413,-0.0031026087936285142,-0.0032363479427455952,-0.00072808855914888117,-0.00023471703268320072,0,-0.5988543002241149
4.2599999999999998,approach_stop,40,40,0.20000000000000001,0.0050000000000000001,2.0699999999999998,0.75,0,0,3.2000000000000002,0,2.7389879510099808,1.06186354726671,0,3.19331546396953,0,0.0096797547495193256,free_flight_controlled,sep_nmpc_adapted,formal_acados,3.3153151937425691,0,0.43480851761487416,0.35132724273258831,0.12692339179107157,0.31124093248937168,0.15246840445374599,0.10567465068479655,-0.035345446636864827,-2,-2,false,false,6.3392160000000004,0,0,false,0,-0.11655919114086201,0,131.98868880904399,131.98868880904399,0,0.21702988634158604,0,0,0.21702988634158604,0,0,-0.0075545885333336256,-0.0013074394810282371,-0.0010814649339032673,-0.001552875262415689,-0.0020260143700673917,-0.08582065886882001,-0.0026940582933311745,-0.0034230877558042616,-0.00074024662396148877,-0.00023874535886867832,0,-0.59397153314022666
4.2649999999999997,approach_stop,40,40,0.20000000000000001,0.0050000000000000001,2.0737499999999995,0.75,0,0,3.2000000000000002,0,2.7442827549858051,1.0560505585904079,0,3.1933643348326792,0,0.0098678334393242223,free_flight_controlled,sep_nmpc_adapted,formal_acados,3.3247696184095705,0,0.43574257559885599,0.35548686342376545,0.1284708783030043,0.31124093248937168,0.15246840445374599,0.10567465068479655,-0.035345446636864827,-2,-2,false,false,6.3392160000000004,0,0,false,0,-0.11765325545307785,0,131.98964466465759,131.98964466465759,0,0.22845825915277551,0,0,0.22845825915277551,0,0,-0.0079854118506183062,-0.0013199581056102551,-0.0010989687611786211,-0.0015566110942029652,-0.0020272200136181367,-0.086495659285621571,-0.0023290580645716325,-0.0035697937241414477,-0.00075452267214468256,-0.00024370358015223098,0,-0.58904889302944097
4.2700000000000005,approach_stop,40,40,0.20000000000000001,0.0050000000000000001,2.0775000000000006,0.75,0,0,3.2000000000000002,0,2.7495483822359783,1.0501929004794839,0,3.1934141355898737,0,0.01005171424919625,free_flight_controlled,sep_nmpc_adapted,formal_acados,3.3341892033872638,0,0.43668301826019779,0.35964082115128548,0.13001701882568861,0.31124093248937168,0.15246840445374599,0.10567465068479655,-0.035345446636864827,-2,-2,false,false,6.3392160000000004,0,0,false,0,-0.11874350639845538,0,131.99054805093266,131.99054805093266,0,0.23955399207246297,0,0,0.23955399207246297,0,0,-0.0084196485664691442,-0.001330783344627389,-0.0011170951235722232,-0.0015604229178085721,-0.0020284525759974204,-0.087185348145213531,-0.0020180160248959192,-0.0036714586619432379,-0.00077057287263523054,-0.00024949012196928623,0,-0.58408717497797058
4.2750000000000004,approach_stop,40,40,0.20000000000000001,0.0050000000000000001,2.0812500000000003,0.75,0,0,3.2000000000000002,0,2.7547846100724653,1.0442908378846565,0,3.1934648452301158,0,0.01023138889225605,free_flight_controlled,sep_nmpc_adapted,formal_acados,3.3435735659925343,0,0.43762976791644603,0.36378895592006899,0.13156177027806901,0.31124093248937168,0.15246840445374599,0.10567465068479655,-0.035345446636864827,-2,-2,false,false,6.3392160000000004,0,0,false,0,-0.11982974840722266,0,131.99139994636008,131.99139994636008,0,0.25032708313585994,0,0,0.25032708313585994,0,0,-0.0088573560557398279,-0.0013402057658638915,-0.001135609952362107,-0.0015643184964438885,-0.0020297158264149301,-0.087883468727547848,-0.0017688228576325305,-0.0037248276706545588,-0.00078793838660702815,-0.00025594805642741351,0,-0.57908719873172643
4.2800000000000002,approach_stop,40,40,0.20000000000000001,0.0050000000000000001,2.085,0.75,0,0,3.2000000000000002,0,2.759991217150827,1.0383446431583665,0,3.1935164427072515,0,0.010406851579021449,free_flight_controlled,sep_nmpc_adapted,formal_acados,3.3529223242976394,0,0.43858274551715037,0.36793110714681243,0.13310508836425941,0.31124093248937168,0.15246840445374599,0.10567465068479655,-0.035345446636864827,-2,-2,false,false,6.3392160000000004,0,0,false,0,-0.12091179511474016,0,131.99220141780387,131.99220141780387,0,0.26078727226793097,0,0,0.26078727226793097,0,0,-0.009298563191806674,-0.0013485489684970688,-0.0011542672560064331,-0.0015683030907074898,-0.0020310126412648659,-0.088584880462147367,-0.001586798070960896,-0.0037283797083950852,-0.00080608282924682741,-0.00026287949426764449,0,-0.57404980771173353
4.2850000000000001,approach_stop,40,40,0.20000000000000001,0.0050000000000000001,2.0887500000000001,0.75,0,0,3.2000000000000002,0,2.7651679835053291,1.0323545953231745,0,3.1935689069523265,0,0.010578098966110262,free_flight_controlled,sep_nmpc_adapted,formal_acados,3.3622350971663457,0,0.43954187077164908,0.37206711366101664,0.13464692760433847,0.31124093248937168,0.15246840445374599,0.10567465068479655,-0.035345446636864827,-2,-2,false,false,6.3392160000000004,0,0,false,0,-0.12198946907870578,0,131.99295361178528,131.99295361178528,0,0.27094404380788517,0,0,0.27094404380788517,0,0,-0.0097432759421957477,-0.0013561567602685884,-0.0011728176495968362,-0.0015723791545618204,-0.0020323448330641682,-0.089285559107291593,-0.0014747162326779293,-0.0036822643319122461,-0.00082442505113802724,-0.00027005890257229121,0,-0.56897586807378586
4.29,approach_stop,40,40,0.20000000000000001,0.0050000000000000001,2.0925000000000002,0.75,0,0,3.2000000000000002,0,2.7703146905808058,1.0263209795032204,0,3.1936222168857022,0,0.010745130111402542,free_flight_controlled,sep_nmpc_adapted,formal_acados,3.3715115042875845,0,0.44050706228590186,0.37619681370677871,0.13618724136584021,0.31124093248937168,0.15246840445374599,0.10567465068479655,-0.035345446636864827,-2,-2,false,false,6.3392160000000004,0,0,false,0,-0.12306260150207719,0,131.99365774581409,131.99365774581409,0,0.28080663148605445,0,0,0.28080663148605445,0,0,-0.010191482880757547,-0.0013633806561222596,-0.001191016460779211,-0.0015765461852041533,-0.0020337130432514748,-0.089982563659047776,-0.0014329082585100386,-0.0035881961323224977,-0.00084236800294771306,-0.00027724532609821047,0,-0.56386626780411486
4.2949999999999999,approach_stop,40,40,0.20000000000000001,0.0050000000000000001,2.0962499999999999,0.75,0,0,3.2000000000000002,0,2.7754311212620624,1.0202440865045768,0,3.1936763514289663,0,0.010907946438806581,free_flight_controlled,sep_nmpc_adapted,formal_acados,3.3807511662060783,0,0.44147823770270328,0.38032004494401594,0.1377259818950034,0.31124093248937168,0.15246840445374599,0.10567465068479655,-0.035345446636864827,-2,-2,false,false,6.3392160000000004,0,0,false,0,-0.12413103196328852,0,131.99431509963378,131.99431509963378,0,0.2903840255037895,0,0,0.2903840255037895,0,0,-0.010643160457867937,-0.0013705680557562475,-0.0012086312109044304,-0.0015808007082973772,-0.0020351166932700395,-0.090673973263658461,-0.0014594302747877839,-0.0034493112514131668,-0.00085932405314333464,-0.00028419347120745638,0,-0.5587219158464678
4.2999999999999998,approach_stop,40,40,0.20000000000000001,0.0050000000000000001,2.0999999999999996,0.75,0,0,3.2000000000000002,0,2.7805170599015101,1.0141242125270198,0,3.1937312895166978,0,0.011066551715076086,free_flight_controlled,sep_nmpc_adapted,formal_acados,3.389953704349574,0,0.44245531384010967,0.38443664444806391,0.13926310034697797,0.30877106938267729,0.74068239606041808,0.24473598601544622,-0.032408459435589454,-2,-2,false,false,5.8878349999999999,0,0,false,0,-0.12519460815505951,0,131.99492700627539,131.99492700627539,0,0.29968498132738741,0,0,0.29968498132738741,0,0,-0.011098277888465345,-0.0013780514152910257,-0.0012254482957635125,-0.0015851363812473193,-0.0020365539881121654,-0.091358798161124605,-0.0015502907187647985,-0.0032699917540239616,-0.00087473689987774923,-0.00029066359641317767,0,-0.5535437412584161
4.3049999999999997,approach_stop,40,40,0.20000000000000001,0.0050000000000000001,2.1037499999999998,0.75,0,0,3.2000000000000002,0,2.7855722923456532,1.0079616589872589,0,3.1937870101081498,0,0.011220952040094732,free_flight_controlled,sep_nmpc_adapted,formal_acados,3.3991187410524351,0,0.44343820682341978,0.3885464487067819,0.14079854681428502,0.30877106938267729,0.74068239606041808,0.24473598601544622,-0.032408459435589454,-2,-2,false,false,5.8878349999999999,0,0,false,0,-0.12625318563279464,0,131.99549484285581,131.99549484285581,0,0.30871802978330409,0,0,0.30871802978330409,0,0,-0.011556801539364432,-0.001386138677955644,-0.0012412787217203855,-0.0015895441975880399,-0.002038021966204027,-0.092036869252371534,-0.0016997249751025188,-0.0030556645977519352,-0.0008881001008593833,-0.00029643014775249349,0,-0.548332692396167
4.3100000000000005,approach_stop,40,40,0.20000000000000001,0.0050000000000000001,2.1075000000000004,0.75,0,0,3.2000000000000002,0,2.7905966059609222,1.0017567324320515,0,3.1938434921989196,0,0.011371155850807717,free_flight_controlled,sep_nmpc_adapted,formal_acados,3.4082458995755007,0,0.44442683220668061,0.39264929361457857,0.14233227035298646,0.30877106938267729,0.74068239606041808,0.24473598601544622,-0.032408459435589454,-2,-2,false,false,5.8878349999999999,0,0,false,0,-0.12730662757326028,0,131.99602002110854,131.99602002110854,0,0.31749148803331839,0,0,0.31749148803331839,0,0,-0.012018698721261201,-0.0013951051727799835,-0.0012559627883762853,-0.0015940127755235043,-0.0020395165892076843,-0.092708711255841694,-0.0019005059626919297,-0.0028125825270302642,-0.00089897220219660576,-0.00030128908160565284,0,-0.54308973612790323
4.3150000000000004,approach_stop,40,40,0.20000000000000001,0.0050000000000000001,2.1112500000000001,0.75,0,0,3.2000000000000002,0,2.7955897896592545,0.99550974451885044,0,3.193900714832667,0,0.011517173937683917,free_flight_controlled,sep_nmpc_adapted,formal_acados,3.4173348041222278,0,0.44542110508036059,0.39674501446297328,0.14386421900614085,0.30877106938267729,0.74068239606041808,0.24473598601544622,-0.032408459435589454,-2,-2,false,false,5.8878349999999999,0,0,false,0,-0.1283548045439204,0,131.99650397769071,131.99650397769071,0,0.32601347101410139,0,0,0.32601347101410139,0,0,-0.012483940816215497,-0.0014051871311052868,-0.001269373646279886,-0.0015985287135782615,-0.002041032865060717,-0.093375404605423193,-0.0021442786620492127,-0.0025475944627301591,-0.00090698845339215104,-0.00030506383117658346,0,-0.53781585707588753
4.3200000000000003,approach_stop,40,40,0.20000000000000001,0.0050000000000000001,2.1150000000000002,0.75,0,0,3.2000000000000002,0,2.8005516339236962,0.98922101204161916,0,3.1939586571129448,0,0.011659019471380337,free_flight_controlled,sep_nmpc_adapted,formal_acados,3.4263850798512663,0,0.44642094016243455,0.40083344592757009,0.14539433982426525,0.30877106938267729,0.74068239606041808,0.24473598601544622,-0.032408459435589454,-2,-2,false,false,5.8878349999999999,0,0,false,0,-0.12939759428301531,0,131.99694816436354,131.99694816436354,0,0.33429190294422018,0,0,0.33429190294422018,0,0,-0.012952505697246807,-0.0014165769105229879,-0.0012814196960208672,-0.0016030769963286322,-0.0020425649974044808,-0.094038441248927726,-0.002421906581310676,-0.0022679128978579698,-0.00091186913281984382,-0.00030760989365932902,0,-0.53251205688738468
4.3250000000000002,approach_stop,40,40,0.20000000000000001,0.0050000000000000001,2.1187500000000004,0.75,0,0,3.2000000000000002,0,2.8054819308342038,0.98289085676315802,0,3.1940172982151789,0,0.011796708006146787,free_flight_controlled,sep_nmpc_adapted,formal_acados,3.4353963528857228,0,0.44742625187096696,0.40491442205151895,0.14692257888267349,0.30877106938267729,0.74068239606041808,0.24473598601544622,-0.032408459435589454,-2,-2,false,false,5.8878349999999999,0,0,false,0,-0.13043488149018895,0,131.99735403956905,131.99735403956905,0,0.34233452487660165,0,0,0.34233452487660165,0,0,-0.013424379422145442,-0.0014294199566921356,-0.00129204583188167,-0.001607641433440078,-0.0020441065544998709,-0.094699710485824096,-0.0027234331981785005,-0.0019812474830531984,-0.00091333725242537733,-0.00030879820331546748,0,-0.52717935290152163
4.3300000000000001,approach_stop,40,40,0.20000000000000001,0.0050000000000000001,2.1225000000000001,0.75,0,0,3.2000000000000002,0,2.8103804740307368,0.97651957266231493,0,3.1940766173898449,0,0.011930252789110269,free_flight_controlled,sep_nmpc_adapted,formal_acados,3.4443682506898265,0,0.44843695457163796,0.40898777665908981,0.14844888148844421,0.30877106938267729,0.74068239606041808,0.24473598601544622,-0.032408459435589454,-2,-2,false,false,5.8878349999999999,0,0,false,0,-0.13146655747620647,0,131.99772327504292,131.99772327504292,0,0.35014836448833964,0,0,0.35014836448833964,0,0,-0.013899596555841286,-0.0014436984935727981,-0.00130133989359113,-0.0016121809358055543,-0.0020456448866449277,-0.095382224339769547,-0.002977555931139369,-0.0017515448513811059,-0.0008986816596524592,-0.00030549967428541433,0,-0.52181865952623929
4.335,approach_stop,40,40,0.20000000000000001,0.0050000000000000001,2.1262499999999998,0.75,0,0,3.2000000000000002,0,2.8152470586589984,0.9701074902091672,0,3.1941365939621043,0,0.012059673613154661,free_flight_controlled,sep_nmpc_adapted,formal_acados,3.4533004026924523,0,0.44945296368253129,0.41305334403345395,0.14997319254147812,0.30877106938267729,0.74068239606041808,0.24473598601544622,-0.032408459435589454,-2,-2,false,false,5.8878349999999999,0,0,false,0,-0.13249251980509866,0,131.9980573405995,131.9980573405995,0,0.35774086636404601,0,0,0.35774086636404601,0,0,-0.014378302138386652,-0.0014590545709535709,-0.0013096865946412555,-0.0016166029451510433,-0.0020471535026123132,-0.096093483722801507,-0.0031593629801547696,-0.00159687638204419,-0.0008683067535135094,-0.00029731969448114912,0,-0.51643093958338593
4.3399999999999999,approach_stop,40,40,0.20000000000000001,0.0050000000000000001,2.1299999999999999,0.75,0,0,3.2000000000000002,0,2.8200814816399529,0.9636549745546702,0,3.1941972073782727,0,0.01218499719749961,free_flight_controlled,sep_nmpc_adapted,formal_acados,3.4621924390568211,0,0.45047419558416929,0.41711095741686821,0.15149545591409716,0.30877106938267729,0.74068239606041808,0.24473598601544622,-0.032408459435589454,-2,-2,false,false,5.8878349999999999,0,0,false,0,-0.13351267272152476,0,131.99835748330727,131.99835748330727,0,0.36511980997204962,0,0,0.36511980997204962,0,0,-0.014860613884492774,-0.0014751933399059247,-0.0013173904464985303,-0.0016208535946088658,-0.0020486134633265355,-0.096823549185413124,-0.0032939398710629432,-0.0014909629394909197,-0.00083125184276089078,-0.00028632347221609305,0,-0.51101727310170675
4.3449999999999998,approach_stop,40,40,0.20000000000000001,0.0050000000000000001,2.13375,0.75,0,0,3.2000000000000002,0,2.8248835417208826,0.95716239113372492,0,3.1942584372234726,0,0.012306252334881312,free_flight_controlled,sep_nmpc_adapted,formal_acados,3.4710439905186234,0,0.45150056675091527,0.42116044879774084,0.15301561433250113,0.30877106938267729,0.74068239606041808,0.24473598601544622,-0.032408459435589454,-2,-2,false,false,5.8878349999999999,0,0,false,0,-0.13452692701755764,0,131.99862494327141,131.99862494327141,0,0.37229271615527826,0,0,0.37229271615527826,0,0,-0.015346606108684392,-0.0014919242784487119,-0.0013246503211187723,-0.0016249133555360253,-0.002050014469908888,-0.097564845112572768,-0.0033984919446441888,-0.0014170933078164365,-0.00079256287236029101,-0.00027393053063619186,0,-0.50557876201862484
4.3500000000000005,approach_stop,40,40,0.20000000000000001,0.0050000000000000001,2.1375000000000002,0.75,0,0,3.2000000000000002,0,2.8296530394784867,0.95063010635067791,0,3.1943202632319885,0,0.012423469896848106,free_flight_controlled,sep_nmpc_adapted,formal_acados,3.4798546884793171,0,0.45253199318440385,0.42520164900083046,0.15453360940115612,0.30541018108356299,1.2061215791394597,0.28497161136728105,-0.02766317643949745,-2,-2,false,false,5.7524470000000001,0,0,false,0,-0.13553519978657039,0,131.9988609457431,131.9988609457431,0,0.37926687313071694,0,0,0.37926687313071694,0,0,-0.015836319520441747,-0.0015091290790362657,-0.0013315977738676862,-0.0016287815485880452,-0.0020513520518160174,-0.098311406179879685,-0.0034850555343285401,-0.0013645920142986297,-0.00075494343381868377,-0.0002610780556874845,0,-0.50011652495212056
4.3550000000000004,approach_stop,40,40,0.20000000000000001,0.0050000000000000001,2.1412500000000003,0.75,0,0,3.2000000000000002,0,2.8343897773244908,0.94405848782776958,0,3.1943826652976131,0,0.0125366828112316,free_flight_controlled,sep_nmpc_adapted,formal_acados,3.4886241650761844,0,0.45356839007075184,0.42923438775169365,0.15604938162732418,0.30541018108356299,1.2061215791394597,0.28497161136728105,-0.02766317643949745,-2,-2,false,false,5.7524470000000001,0,0,false,0,-0.13653741419547849,0,131.99906669492424,131.99906669492424,0,0.38604935321041367,0,0,0.38604935321041367,0,0,-0.016329767980703597,-0.0015267404406424049,-0.0013383212587304973,-0.0016324673140931108,-0.002052625511366233,-0.099058394844613776,-0.003562223994003375,-0.0013266053121310738,-0.00071974315481096083,-0.00024835838736806949,0,-0.49463169396672974
4.3600000000000003,approach_stop,40,40,0.20000000000000001,0.0050000000000000001,2.1450000000000005,0.75,0,0,3.2000000000000002,0,2.8390935595117806,0.93744790438983772,0,3.1944456234838281,0,0.012645926018726619,free_flight_controlled,sep_nmpc_adapted,formal_acados,3.4973520532362237,0,0.45460967158144711,0.43325849372444314,0.15756287044574518,0.30541018108356299,1.2061215791394597,0.28497161136728105,-0.02766317643949745,-2,-2,false,false,5.7524470000000001,0,0,false,0,-0.13753349926919173,0,131.9992433690874,131.9992433690874,0,0.39264702378703431,0,0,0.39264702378703431,0,0,-0.016826943307253827,-0.0015447278175769893,-0.001344881492655197,-0.0016359844423387193,-0.002053836479999782,-0.099801790407329102,-0.0036362517886503699,-0.0012987105967786293,-0.00068754688030836335,-0.00023612627659338366,0,-0.48912541255255648
4.3650000000000002,approach_stop,40,40,0.20000000000000001,0.0050000000000000001,2.1487500000000002,0.75,0,0,3.2000000000000002,0,2.8437641921400409,0.93079872589393442,0,3.1945091180337282,0,0.012751236414669027,free_flight_controlled,sep_nmpc_adapted,formal_acados,3.5060379867181131,0,0.45565575076493126,0.43727379457807214,0.15907401424308365,0.30541018108356299,1.2061215791394597,0.28497161136728105,-0.02766317643949745,-2,-2,false,false,5.7524470000000001,0,0,false,0,-0.13852338968388689,0,131.99939211669317,131.99939211669317,0,0.39906655481473641,0,0,0.39906655481473641,0,0,-0.017327818817853988,-0.00156308763088189,-0.0013513212546883095,-0.0016393484984594455,-0.0020549879400504189,-0.10053818683373376,-0.0037117653101879696,-0.0012780408266064654,-0.00065852360881147101,-0.00022457856515817299,0,-0.48359883432973172
4.3700000000000001,approach_stop,40,40,0.20000000000000001,0.0050000000000000001,2.1524999999999999,0.75,0,0,3.2000000000000002,0,2.8484014831602953,0.92411132297193643,0,3.1945731293796222,0,0.012852652780667925,free_flight_controlled,sep_nmpc_adapted,formal_acados,3.5146816001454129,0,0.45670653949402173,0.4412801169851176,0.16058275038195532,0.30541018108356299,1.2061215791394597,0.28497161136728105,-0.02766317643949745,-2,-2,false,false,5.7524470000000001,0,0,false,0,-0.13950702556702799,0,131.99951405326672,131.99951405326672,0,0.40531442418439478,0,0,0.40531442418439478,0,0,-0.017832352048108346,-0.0015818363638024347,-0.0013576716761027627,-0.0016425753005659643,-0.0020560835862556376,-0.10126465962891736,-0.0037922245323499478,-0.0012627314734163226,-0.00063263108231386724,-0.00021381129156569425,0,-0.47805312217502366
4.375,approach_stop,40,40,0.20000000000000001,0.0050000000000000001,2.15625,0.75,0,0,3.2000000000000002,0,2.8530052423780408,0.91738606672870471,0,3.1946376381522836,0,0.012950215709463985,free_flight_controlled,sep_nmpc_adapted,formal_acados,3.5232825290333589,0,0.45776194844648443,0.44527728665531818,0.16208901522445604,0.30541018108356299,1.2061215791394597,0.28497161136728105,-0.02766317643949745,-2,-2,false,false,5.7524470000000001,0,0,false,0,-0.14048435230288545,0,131.99961025886347,131.99961025886347,0,0.41139692186859411,0,0,0.41139692186859411,0,0,-0.018340486921727753,-0.0016010055402272388,-0.0013639563101218726,-0.0016456801860935417,-0.0020571274272925756,-0.10197867663083447,-0.003880226439787437,-0.001251569768383346,-0.00060973385615584901,-0.00020385941991348465,0,-0.47248944758318284
4.3799999999999999,approach_stop,40,40,0.20000000000000001,0.0050000000000000001,2.1600000000000001,0.75,0,0,3.2000000000000002,0,2.8575752814548165,0.91062332842227955,0,3.1947026251898047,0,0.01304396752540786,free_flight_controlled,sep_nmpc_adapted,formal_acados,3.5318404098109792,0,0.45882188710413657,0.44926512835616272,0.16359274415517816,0.30541018108356299,1.2061215791394597,0.28497161136728105,-0.02766317643949745,-2,-2,false,false,5.7524470000000001,0,0,false,0,-0.14145532034282271,0,131.99968177600147,131.99968177600147,0,0.41732015338188544,0,0,0.41732015338188544,0,0,-0.018852155549957197,-0.001620637949539744,-0.0013701937901125735,-0.0016486777282136102,-0.0020581235521390799,-0.10267803679429988,-0.0039777076860660846,-0.001243771056421959,-0.00058966969476099886,-0.00019472372223266357,0,-0.46690899014842202
4.3849999999999998,approach_stop,40,40,0.20000000000000001,0.0050000000000000001,2.1637499999999998,0.75,0,0,3.2000000000000002,0,2.8621114139081616,0.90382347914245331,0,3.1947680715460525,0,0.013133952202255647,free_flight_controlled,sep_nmpc_adapted,formal_acados,3.5403548798397932,0,0.45988626376127273,0.45324346593163167,0.16509387160374212,0.30541018108356299,1.2061215791394597,0.28497161136728105,-0.02766317643949745,-2,-2,false,false,5.7524470000000001,0,0,false,0,-0.14241988501993505,0,131.99972960797453,131.99972960797453,0,0.4230900428936718,0,0,0.4230900428936718,0,0,-0.01936727977294175,-0.0016407847118073407,-0.001376399584975909,-0.0016515817008068436,-0.0020590760064711114,-0.10336082685592939,-0.0040860828347024127,-0.0012388351895575721,-0.00057228527204572651,-0.00018638843893791553,0,-0.46131293709710836
4.3899999999999997,approach_stop,40,40,0.20000000000000001,0.0050000000000000001,2.1674999999999995,0.75,0,0,3.2000000000000002,0,2.8666134551099902,0.89698688949766092,0,3.1948339584987031,0,0.013220215279498159,free_flight_controlled,sep_nmpc_adapted,formal_acados,3.5488255774300739,0,0.46095498553665004,0.45721212232008368,0.1665923310668834,0.30541018108356299,1.2061215791394597,0.28497161136728105,-0.02766317643949745,-2,-2,false,false,5.7524470000000001,0,0,false,0,-0.1433780063678248,0,131.99975471748195,131.99975471748195,0,0.42871233619974514,0,0,0.42871233619974514,0,0,-0.019885772515164345,-0.0016615029231801806,-0.001382587172460406,-0.00165440517272171,-0.0020599887402121242,-0.10402538945395499,-0.0042063412245374691,-0.0012364534571106425,-0.00055745378996271088,-0.00017883247254242289,0,-0.45570248283136133
4.3950000000000005,approach_stop,40,40,0.20000000000000001,0.0050000000000000001,2.1712500000000006,0.75,0,0,3.2000000000000002,0,2.8710812222834292,0.89011392931607869,0,3.1949002675568647,0,0.013302803778111726,free_flight_controlled,sep_nmpc_adapted,formal_acados,3.5572521418553689,0,0.46202795838565242,0.46117091957193967,0.1680880551301466,0.30541018108356299,1.2061215791394597,0.28497161136728105,-0.02766317643949745,-2,-2,false,false,5.7524470000000001,0,0,false,0,-0.14432964894341499,0,131.99975802552942,131.99975802552942,0,0.43419260367553891,0,0,0.43419260367553891,0,0,-0.020407539001236572,-0.0016828537139529569,-0.0013887688332176401,-0.0016571606614402203,-0.0020608655992310843,-0.10467029861171294,-0.0043391170912310019,-0.0012364475369796466,-0.00054508208454406197,-0.00017203613808181966,0,-0.45007882846107816
4.4000000000000004,approach_stop,40,40,0.20000000000000001,0.0050000000000000001,2.1750000000000003,0.75,0,0,3.2000000000000002,0,2.8755145344982047,0.88320496736425103,0,3.1949669804682697,0,0.01338176611639281,free_flight_controlled,sep_nmpc_adapted,formal_acados,3.5656342133658319,0,0.46310508711068898,0.46511967886762717,0.16958097548924347,0.30094732176174699,1.5405813799281776,0.24171121193068104,-0.021082451888366077,-2,-2,false,false,5.8395780000000004,0,0,false,0,-0.14527478165377067,0,131.99974041056208,131.99974041056208,0,0.43953624328188257,0,0,0.43953624328188257,0,0,-0.020932477861852514,-0.0017049006105936898,-0.001394956194371318,-0.0016598603058811019,-0.0020617103428036384,-0.10529433997601184,-0.004484742257359761,-0.0012387288302178785,-0.00053511174919658,-0.00016598491958003101,0,-0.4444431813129629
4.4050000000000002,approach_stop,40,40,0.20000000000000001,0.0050000000000000001,2.17875,0.75,0,0,3.2000000000000002,0,2.8799132126646714,0.87626037108494137,0,3.1950340792260539,0,0.013457152026379945,free_flight_controlled,sep_nmpc_adapted,formal_acados,3.573971433200787,0,0.4641862753688617,0.46905822053611568,0.17107102297112473,0.30094732176174699,1.5405813799281776,0.24171121193068104,-0.021082451888366077,-2,-2,false,false,5.8395780000000004,0,0,false,0,-0.14621337758693925,0,131.99970270780284,131.99970270780284,0,0.44474848366085573,0,0,0.44474848366085573,0,0,-0.021460482149205838,-0.0017277081305439093,-0.0014011606047933443,-0.0016625160357584385,-0.0020625266745651692,-0.10589649414458867,-0.0046432873337548157,-0.0012432708514870366,-0.00052751697488030139,-0.00016067125067915347,0,-0.43879675441194033
4.4100000000000001,approach_stop,40,40,0.20000000000000001,0.0050000000000000001,2.1825000000000001,0.75,0,0,3.2000000000000002,0,2.8842770795265804,0.86928050635486886,0,3.1951015460751186,0,0.013529012471253687,free_flight_controlled,sep_nmpc_adapted,formal_acados,3.5822634436008647,0,0.46527142567652735,0.47298636407428429,0.17255812755482122,0.30094732176174699,1.5405813799281776,0.24171121193068104,-0.021082451888366077,-2,-2,false,false,5.8395780000000004,0,0,false,0,-0.14714541384683802,0,131.99964570877097,131.99964570877097,0,0.44983438733869541,0,0,0.44983438733869541,0,0,-0.021991440274456341,-0.0017513405625582241,-0.0014073933949268799,-0.0016651397254279232,-0.002063318278946292,-0.10647592201811083,-0.004814595236023139,-0.0012500900523244858,-0.00052230070621757103,-0.00015609502324291947,0,-0.4331407659344399
4.415,approach_stop,40,40,0.20000000000000001,0.0050000000000000001,2.1862500000000002,0.75,0,0,3.2000000000000002,0,2.8886059596526823,0.86226573726233291,0,3.1951693635180827,0,0.013597399564019869,free_flight_controlled,sep_nmpc_adapted,formal_acados,3.5905098878199477,0,0.4663604394107751,0.47690392816726546,0.17404221839209544,0.30094732176174699,1.5405813799281776,0.24171121193068104,-0.021082451888366077,-2,-2,false,false,5.8395780000000004,0,0,false,0,-0.14807087139222422,0,131.99957016096164,131.99957016096164,0,0.45479885403952092,0,0,0.45479885403952092,0,0,-0.022525236875541754,-0.0017758609007154935,-0.0014136660554554467,-0.0016677433263561166,-0.002064088858007726,-0.10703195149662029,-0.0049983094599352221,-0.001259232152929118,-0.00051949005185174279,-0.00015226330362579186,0,-0.42747643863546758
4.4199999999999999,approach_stop,40,40,0.20000000000000001,0.0050000000000000001,2.1899999999999999,0.75,0,0,3.2000000000000002,0,2.8928996794272748,0.85521642590431324,0,3.1952375143208296,0,0.013662366487715573,free_flight_controlled,sep_nmpc_adapted,formal_acados,3.5987104101371723,0,0.46745321680802654,0.48081073070989755,0.17552322382795574,0.30094732176174699,1.5405813799281776,0.24171121193068104,-0.021082451888366077,-2,-2,false,false,5.8395780000000004,0,0,false,0,-0.14898973487978298,0,131.9994767676682,131.9994767676682,0,0.45964662410559709,0,0,0.45964662410559709,0,0,-0.023061753620891839,-0.0018013299101220944,-0.0014199903573723358,-0.0016703389759660208,-0.0020648421655734923,-0.10756406508696455,-0.0051938986919271906,-0.0012707621266856677,-0.0005191314916736916,-0.00014918957920961404,0,-0.42180499925276987
4.4249999999999998,approach_stop,40,40,0.20000000000000001,0.0050000000000000001,2.1937499999999996,0.75,0,0,3.2000000000000002,0,2.8971580670397721,0.84813293220236663,0,3.1953059815176639,0,0.013723967417323062,free_flight_controlled,sep_nmpc_adapted,formal_acados,3.6068646558691286,0,0.46854965696012346,0.48470658882935658,0.1770010714210645,0.30094732176174699,1.5405813799281776,0.24171121193068104,-0.021082451888366077,-2,-2,false,false,5.8395780000000004,0,0,false,0,-0.1499019925113628,0,131.99936618793407,131.99936618793407,0,0.46438228201483422,0,0,0.46438228201483422,0,0,-0.023600869952860638,-0.0018278053087193461,-0.0014263784285372593,-0.0016729390826841766,-0.0020655820368859273,-0.10807188814664295,-0.0054006787760848595,-0.001284756654720655,-0.00052128618737626949,-0.00014689274921079597,0,-0.41612767789211491
4.4299999999999997,approach_stop,40,40,0.20000000000000001,0.0050000000000000001,2.1974999999999998,0.75,0,0,3.2000000000000002,0,2.9013809524734091,0.84101561373647704,0,3.1953747484160764,0,0.013782257443532144,free_flight_controlled,sep_nmpc_adapted,formal_acados,3.6149722713824235,0,0.46964965780831797,0.48859131890901442,0.17847568796408642,0.30094732176174699,1.5405813799281776,0.24171121193068104,-0.021082451888366077,-2,-2,false,false,5.8395780000000004,0,0,false,0,-0.15080763588538032,0,131.99923903662042,131.99923903662042,0,0.46901025998327006,0,0,0.46901025998327006,0,0,-0.02414246377359542,-0.0018553410537578833,-0.00143284279703646,-0.0016755563881657189,-0.0020663124128786512,-0.10855517759234456,-0.0056178327026370064,-0.0013012982924871157,-0.00052602556257065722,-0.00014539599957129364,0,-0.41044570739803693
4.4350000000000005,approach_stop,40,40,0.20000000000000001,0.0050000000000000001,2.2012500000000004,0.75,0,0,3.2000000000000002,0,2.9055681674931542,0.83386482559591324,0,3.1954437986011408,0,0.013837292498451576,free_flight_controlled,sep_nmpc_adapted,formal_acados,3.6230329041067031,0,0.47075311613562587,0.49246473661354895,0.17994699950399556,0.30094732176174699,1.5405813799281776,0.24171121193068104,-0.021082451888366077,-2,-2,false,false,5.8395780000000004,0,0,false,0,-0.15170665985240622,0,131.99909588457822,131.99909588457822,0,0.47353484163857607,0,0,0.47353484163857607,0,0,-0.024686412075381498,-0.001883986724210637,-0.0014393964085947298,-0.0016782040082800845,-0.0020670373587290186,-0.10901381096838758,-0.0058444290530985992,-0.0013204708588845644,-0.00053342723605292975,-0.00014472565159255981,0,-0.40476032271446138
4.4400000000000004,approach_stop,40,40,0.20000000000000001,0.0050000000000000001,2.2050000000000001,0.75,0,0,3.2000000000000002,0,2.9097195456329139,0.82668092024608786,0,3.195513115939534,0,0.013889129283335347,free_flight_controlled,sep_nmpc_adapted,formal_acados,3.6310462025482417,0,0.47185992755796491,0.49632665691532785,0.18141493136239076,0.30094732176174699,1.5405813799281776,0.24171121193068104,-0.021082451888366077,-2,-2,false,false,5.8395780000000004,0,0,false,0,-0.15259906237493404,0,131.99893725891692,131.99893725891692,0,0.47796016574982325,0,0,0.47796016574982325,0,0,-0.025232591517095202,-0.0019137869921723994,-0.0014460526232978577,-0.0016808954547266229,-0.0020677610767102813,-0.10944777581406906,-0.0060794391881040157,-0.0013423557285774349,-0.0005435713436274021,-0.00014491004040104738,0,-0.39907276023954358
4.4450000000000003,approach_stop,40,40,0.20000000000000001,0.0050000000000000001,2.2087500000000002,0.75,0,0,3.2000000000000002,0,2.9138349221821129,0.81946424741037971,0,3.19558268458321,0,0.013937825198359231,free_flight_controlled,sep_nmpc_adapted,formal_acados,3.6390118163041714,0,0.47296998651451388,0.50017689412205846,0.18287940815582418,0.30094732176174699,1.5405813799281776,0.24171121193068104,-0.021082451888366077,-2,-2,false,false,5.8395780000000004,0,0,false,0,-0.15348484439132246,0,131.99876364336015,131.99876364336015,0,0.48229022999838678,0,0,0.48229022999838678,0,0,-0.025780878948169522,-0.0019447811774636723,-0.0014528251955779792,-0.0016836446392508727,-0.0020684879135846736,-0.10985715929777291,-0.0063217533666251567,-0.0013670288163212089,-0.00055653725628582423,-0.00014597845708385325,0,-0.39338425717888842
4.4500000000000002,approach_stop,40,40,0.20000000000000001,0.0050000000000000001,2.2125000000000004,0.75,0,0,3.2000000000000002,0,2.9179141341717192,0.81221515396586819,0,3.1956524889727218,0,0.013983438274454583,free_flight_controlled,sep_nmpc_adapted,formal_acados,3.6469293960774034,0,0.47408318625773255,0.50401526190568424,0.18434035381618352,0.29518756653880096,1.7365653668687531,0.1366060304402027,-0.012712907325029485,-2,-2,false,false,5.8035100000000002,0,0,false,0,-0.15436400968389141,0,131.99857547868174,131.99857547868174,0,0.48652889477503303,0,0,0.48652889477503303,0,0,-0.026331151881366921,-0.0019770028804290689,-0.0014597282405435924,-0.0016864658624288675,-0.0020692223629087221,-0.11024213810472022,-0.0065701959213289142,-0.0013945581110729971,-0.00057240068712237401,-0.00014796017373935403,0,-0.38769605090107773
4.4550000000000001,approach_stop,40,40,0.20000000000000001,0.0050000000000000001,2.2162500000000001,0.75,0,0,3.2000000000000002,0,2.9219570203405061,0.80493397060254557,0,3.1957225138373411,0,0.014026025133649358,free_flight_controlled,sep_nmpc_adapted,formal_acados,3.6547985938026488,0,0.47519941889720729,0.50784157346214276,0.18579769166916488,0.29518756653880096,1.7365653668687531,0.1366060304402027,-0.012712907325029485,-2,-2,false,false,5.8035100000000002,0,0,false,0,-0.15523656470468938,0,131.99837325343583,131.99837325343583,0,0.49067966723071144,0,0,0.49067966723071144,0,0,-0.02688330081538377,-0.0020104448788413154,-0.0014668084761023162,-0.0016893663590811991,-0.002069967307547411,-0.11061128668734019,-0.0067992398783489269,-0.0014474513292830038,-0.00058614381132843522,-0.00014966729607909625,0,-0.38200933820705618
4.46,approach_stop,40,40,0.20000000000000001,0.0050000000000000001,2.2199999999999998,0.75,0,0,3.2000000000000002,0,2.9259634210273013,0.79762101866672552,0,3.1957927441839264,0,0.014065641974192838,free_flight_controlled,sep_nmpc_adapted,formal_acados,3.6626190632426017,0,0.47631857601428818,0.51165564221530035,0.18725134477883601,0.29518756653880096,1.7365653668687531,0.1366060304402027,-0.012712907325029485,-2,-2,false,false,5.8035100000000002,0,0,false,0,-0.15610251823883961,0,131.99815745590965,131.99815745590965,0,0.49474584874762406,0,0,0.49474584874762406,0,0,-0.027437292171531607,-0.0020448773177931278,-0.0014743094429023162,-0.0016923121753988958,-0.0020707153253191847,-0.11097928425857202,-0.006966239411096092,-0.0015622981145575359,-0.00059107624848713793,-0.00014926021453775509,0,-0.37632526245564268
4.4649999999999999,approach_stop,40,40,0.20000000000000001,0.0050000000000000001,2.2237499999999999,0.75,0,0,3.2000000000000002,0,2.929933178255959,0.79027664518354601,0,3.1958631653145302,0,0.014102349851611752,free_flight_controlled,sep_nmpc_adapted,formal_acados,3.6703904595692816,0,0.47744054911523715,0.51545728131332258,0.18870123577330258,0.29518756653880096,1.7365653668687531,0.1366060304402027,-0.012712907325029485,-2,-2,false,false,5.8035100000000002,0,0,false,0,-0.15696188155178589,0,131.99792833110891,131.99792833110891,0,0.49873111904741629,0,0,0.49873111904741629,0,0,-0.027993118423578916,-0.0020799960110156009,-0.0014825268892491846,-0.0016952678956365639,-0.0020714572551971066,-0.11134510117477467,-0.0070744241226630457,-0.0017329562433372346,-0.00059060646803648178,-0.00014733702540002135,0,-0.37064502706913216
4.4699999999999998,approach_stop,40,40,0.20000000000000001,0.0050000000000000001,2.2275,0.75,0,0,3.2000000000000002,0,2.9338661357858276,0.78290119682461323,0,3.1959337628389175,0,0.014136210710639684,free_flight_controlled,sep_nmpc_adapted,formal_acados,3.6781124390857869,0,0.47856522934593154,0.51924630329995936,0.1901472866933521,0.29518756653880096,1.7365653668687531,0.1366060304402027,-0.012712907325029485,-2,-2,false,false,5.8035100000000002,0,0,false,0,-0.15781466843652978,0,131.99768606083353,131.99768606083353,0,0.50263907440777611,0,0,0.50263907440777611,0,0,-0.028550764390628602,-0.0021155186800195015,-0.0014917236243821522,-0.0016982132975120871,-0.0020721870543774922,-0.11170693948451049,-0.0071286657896421097,-0.0019529623756197457,-0.00058731283538048689,-0.00014450407317945357,0,-0.36496984158090401
4.4750000000000005,approach_stop,40,40,0.20000000000000001,0.0050000000000000001,2.2312500000000002,0.75,0,0,3.2000000000000002,0,2.9377621391068156,0.77549501906566598,0,3.1960045226783289,0,0.014167287176289976,free_flight_controlled,sep_nmpc_adapted,formal_acados,3.6857846592400598,0,0.47969250719837292,0.52302252013324424,0.1915894189861341,0.29518756653880096,1.7365653668687531,0.1366060304402027,-0.012712907325029485,-2,-2,false,false,5.8035100000000002,0,0,false,0,-0.15866089511987497,0,131.99743077125021,131.99743077125021,0,0.5064732160348,0,0,0.5064732160348,0,0,-0.02911020472498186,-0.0021511896372935027,-0.0015021305028444531,-0.0017011392166130027,-0.0020729015604031872,-0.11206254165444587,-0.0071347187994435669,-0.0022159667551400102,-0.00058308134843805775,-0.00014130384022961176,0,-0.35930091850476553
4.4800000000000004,approach_stop,40,40,0.20000000000000001,0.0050000000000000001,2.2350000000000003,0.75,0,0,3.2000000000000002,0,2.9416210354322203,0.76805845570134512,0,3.1960754310685102,0,0.014195642404664414,free_flight_controlled,sep_nmpc_adapted,formal_acados,3.6934067786420299,0,0.48082227227048513,0.52678574320980964,0.19302755350431808,0.29518756653880096,1.7365653668687531,0.1366060304402027,-0.012712907325029485,-2,-2,false,false,5.8035100000000002,0,0,false,0,-0.15950058016622357,0,131.99716253784112,131.99716253784112,0,0.51023694490063753,0,0,0.51023694490063753,0,0,-0.029671401797727554,-0.0021867839799978627,-0.0015139466322231321,-0.0017040446250717596,-0.0020736001364662902,-0.11240926710608301,-0.0070991200031260155,-0.0025156091821764985,-0.00057930756372503902,-0.00013820329767975158,0,-0.35363947171771093
4.4850000000000003,approach_stop,40,40,0.20000000000000001,0.0050000000000000001,2.2387500000000005,0.75,0,0,3.2000000000000002,0,2.945442673689016,0.7605918483167452,0,3.1961464745619965,0,0.014221339932657794,free_flight_controlled,sep_nmpc_adapted,formal_acados,3.7009784570833304,0,0.48195441307153597,0.5305357833943144,0.19446161051021632,0.29518756653880096,1.7365653668687531,0.1366060304402027,-0.012712907325029485,-2,-2,false,false,5.8035100000000002,0,0,false,0,-0.16033374437842612,0,131.99688139051409,131.99688139051409,0,0.51393355606504554,0,0,0.51393355606504554,0,0,-0.030234304008253696,-0.0022221111190736803,-0.0015273392251757834,-0.0017069345335972025,-0.0020742842886727836,-0.11274418414101778,-0.0070290272488668344,-0.0028454939772444179,-0.00057702913902501032,-0.00013559302771178213,0,-0.34798671516185031
4.4900000000000002,approach_stop,40,40,0.20000000000000001,0.0050000000000000001,2.2425000000000002,0.75,0,0,3.2000000000000002,0,2.9492269045054345,0.75309553573701771,0,3.196217640029642,0,0.014244443529285604,free_flight_controlled,sep_nmpc_adapted,formal_acados,3.7084993555590309,0,0.48308881686714478,0.53427245105359644,0.19589150968445043,0.29518756653880096,1.7365653668687531,0.1366060304402027,-0.012712907325029485,-2,-2,false,false,5.8035100000000002,0,0,false,0,-0.1611604106954915,0,131.99658731874797,131.99658731874797,0,0.51756623287435655,0,0,0.51756623287435655,0,0,-0.030798844578802845,-0.0022570173958155323,-0.0015424434994222196,-0.0017098184368256586,-0.0020749572929304205,-0.1130641710776764,-0.006932019179238651,-0.0031992293537729368,-0.0005770139083163397,-0.00013379126297743087,0,-0.3423438617745565
4.4950000000000001,approach_stop,40,40,0.20000000000000001,0.0050000000000000001,2.2462499999999999,0.75,0,0,3.2000000000000002,0,2.9529735801957799,0.74556985347448845,0,3.1962889146614151,0,0.014265017050950721,free_flight_controlled,sep_nmpc_adapted,formal_acados,3.7159691362910241,0,0.4842253695588693,0.53799555609524419,0.19731717013881439,0.29518756653880096,1.7365653668687531,0.1366060304402027,-0.012712907325029485,-2,-2,false,false,5.8035100000000002,0,0,false,0,-0.16198060408723075,0,131.99628027666782,131.99628027666782,0,0.52113804138026443,0,0,0.52113804138026443,0,0,-0.031364940866434952,-0.0022913876390021435,-0.0015593628820757268,-0.0017127091226240741,-0.0020756238476740789,-0.11336602124669333,-0.0068158743570515233,-0.0035705062495706322,-0.00057981950676228803,-0.00013304984151774852,0,-0.33671212258296068
4.5,approach_stop,40,40,0.20000000000000001,0.0050000000000000001,2.25,0.75,0,0,3.2000000000000002,0,2.9566825547425122,0.73801513319090573,0,3.1963602859664917,0,0.014283124302525967,free_flight_controlled,sep_nmpc_adapted,formal_acados,3.723387462752803,0,0.48536395559430784,0.54170490801029081,0.198738510433002,0.28796313233636961,1.7873021897004882,1.414213746109283e-10,-0.0054196058395571296,-2,-2,false,false,5.7668090000000003,0,0,false,0,-0.16279435144613713,0,131.99596018796422,131.99596018796422,0,0.52465192527169702,0,0,0.52465192527169702,0,0,-0.031932494199800265,-0.0023251455970951002,-0.0015781696675721884,-0.001715621730795218,-0.0020762897579509722,-0.11364654720053993,-0.0066883443629680312,-0.0039531983281383852,-0.00058583487420718768,-0.00013356064224616797,0,-0.33109270591822743
4.5049999999999999,approach_stop,40,40,0.20000000000000001,0.0050000000000000001,2.2537500000000001,0.75,0,0,3.2000000000000002,0,2.9603536837757067,0.73043170219043374,0,3.1964317417726615,0,0.014298828905727604,free_flight_controlled,sep_nmpc_adapted,formal_acados,3.7307539996953647,0,0.48650445790423774,0.54540031591965799,0.20015544859486112,0.28796313233636961,1.7873021897004882,1.414213746109283e-10,-0.0054196058395571296,-2,-2,false,false,5.7668090000000003,0,0,false,0,-0.16360168147699239,0,131.99562695059106,131.99562695059106,0,0.52811070156413087,0,0,0.52811070156413087,0,0,-0.032501390226554683,-0.0023582532461539811,-0.0015989061995114189,-0.0017185729884531843,-0.0020769616515136286,-0.11390268014829928,-0.0065569327647908154,-0.0043414696070200615,-0.00059531030151363962,-0.00013546189527456417,0,-0.32548681671877866
4.5099999999999998,approach_stop,40,40,0.20000000000000001,0.0050000000000000001,2.2574999999999998,0.75,0,0,3.2000000000000002,0,2.9639868245500942,0.72281988295682986,0,3.1965032702251022,0,0.014312194175925391,free_flight_controlled,sep_nmpc_adapted,formal_acados,3.7380684131740267,0,0.4876467578637948,0.54908158862393253,0.20156790214381576,0.28796313233636961,1.7873021897004882,1.414213746109283e-10,-0.0054196058395571296,-2,-2,false,false,5.7668090000000003,0,0,false,0,-0.16440262458484597,0,131.99528044118981,131.99528044118981,0,0.5315170572413459,0,0,0.5315170572413459,0,0,-0.033071499738896365,-0.0023907090276741845,-0.0016215865881780229,-0.0017215805762917913,-0.0020776467257003581,-0.11413156126179944,-0.0064286895366397756,-0.0047298796708302362,-0.00060838030646484683,-0.00013884417494109378,0,-0.31989565590141694
4.5149999999999997,approach_stop,40,40,0.20000000000000001,0.0050000000000000001,2.2612499999999995,0.75,0,0,3.2000000000000002,0,2.9675818359199098,0.71517999274590072,0,3.1965748597845605,0,0.01432328300828785,free_flight_controlled,sep_nmpc_adapted,formal_acados,3.7453303705758998,0,0.48879073527501815,0.55274853465599005,0.20297578811707809,0.28796313233636961,1.7873021897004882,1.414213746109283e-10,-0.0054196058395571296,-2,-2,false,false,5.7668090000000003,0,0,false,0,-0.16519721276212521,0,131.99492051920029,131.99492051920029,0,0.53487354699503242,0,0,0.53487354699503242,0,0,-0.033642679929509187,-0.0024225451132235056,-0.0016461989322710117,-0.0017246625972444686,-0.002078352523453396,-0.11433062212905479,-0.0063100284539802454,-0.0051134791050450245,-0.00062508207178864502,-0.00014375606860868827,0,-0.31432041978621583
4.5200000000000005,approach_stop,40,40,0.20000000000000001,0.0050000000000000001,2.2650000000000006,0.75,0,0,3.2000000000000002,0,2.9711385783118689,0.70751234324185597,0,3.1966464992249892,0,0.014332157773988755,free_flight_controlled,sep_nmpc_adapted,formal_acados,3.7525395406477786,0,0.48993626836820642,0.55640096233590974,0.20437902309823494,0.28796313233636961,1.7873021897004882,1.414213746109283e-10,-0.0054196058395571296,-2,-2,false,false,5.7668090000000003,0,0,false,0,-0.16598547947571596,0,131.99454703062491,131.99454703062491,0,0.53818259215856878,0,0,0.53818259215856878,0,0,-0.034214776018146181,-0.0024538238256489289,-0.0016727079820502543,-0.0017278371299642764,-0.002079086736986582,-0.11449765225748379,-0.0062065731228513254,-0.0054878899097743914,-0.00064537115545737879,-0.00015020957888016036,0,-0.30876229956591467
4.5250000000000004,approach_stop,40,40,0.20000000000000001,0.0050000000000000001,2.2687500000000003,0.75,0,0,3.2000000000000002,0,2.974656913696593,0.69981724028364056,0,3.1967181776306872,0,0.014338880227080488,free_flight_controlled,sep_nmpc_adapted,formal_acados,3.7596955935242073,0,0.49108323381968672,0.56003867982761435,0.20577752324778192,0.28796313233636961,1.7873021897004882,1.414213746109283e-10,-0.0054196058395571296,-2,-2,false,false,5.7668090000000003,0,0,false,0,-0.16676745955489469,0,131.99415981141843,131.99415981141843,0,0.54144648088360803,0,0,0.54144648088360803,0,0,-0.03478762318014942,-0.002484633370549519,-0.0017010581593763896,-0.0017311218562989321,-0.0020798570379313578,-0.11463085214783543,-0.006123035576585242,-0.0058493673869387626,-0.00066913550803660265,-0.00015818532185127483,0,-0.30322248081394226
4.5300000000000002,approach_stop,40,40,0.20000000000000001,0.0050000000000000001,2.2725,0.75,0,0,3.2000000000000002,0,2.9781367055588541,0.69209498366479527,0,3.1967898843930067,0,0.014343511422544074,free_flight_controlled,sep_nmpc_adapted,formal_acados,3.766798200755507,0,0.49223150678359295,0.56366149519665287,0.20717120433516428,0.28796313233636961,1.7873021897004882,1.414213746109283e-10,-0.0054196058395571296,-2,-2,false,false,5.7668090000000003,0,0,false,0,-0.16754318908100294,0,131.99375869047898,131.99375869047898,0,0.54466736956278339,0,0,0.54466736956278339,0,0,-0.035361048702320132,-0.0025150830473315705,-0.0017311768363106512,-0.0017345337559169589,-0.0020806709330570381,-0.11472887106104449,-0.006063129775751042,-0.0061948414416640929,-0.00069620838568840355,-0.0001676375632161177,0,-0.29770214302752296
4.5350000000000001,approach_stop,40,40,0.20000000000000001,0.0050000000000000001,2.2762500000000001,0.75,0,0,3.2000000000000002,0,2.9815778188669988,0.68434586700793132,0,3.1968616092066791,0,0.014346111645926026,free_flight_controlled,sep_nmpc_adapted,formal_acados,3.7738470353355362,0,0.49338096093533473,0.56726921646853745,0.20855998177187671,0.28796313233636961,1.7873021897004882,1.414213746109283e-10,-0.0054196058395571296,-2,-2,false,false,5.7668090000000003,0,0,false,0,-0.16831270527973241,0,131.9933434922192,131.9933434922192,0,0.54784728546009864,0,0,0.54784728546009864,0,0,-0.035934874288610377,-0.0025452981171127137,-0.0017629777667853247,-0.0017380888634001613,-0.0020815356447999433,-0.11479082917330188,-0.0060295208777589411,-0.006521936460867908,-0.00072638045469155664,-0.00017849910554634547,0,-0.29220245920385385
4.54,approach_stop,40,40,0.20000000000000001,0.0050000000000000001,2.2800000000000002,0.75,0,0,3.2000000000000002,0,2.9849801200419397,0.67657017771259087,0,3.1969333420658135,0,0.014346740354843974,free_flight_controlled,sep_nmpc_adapted,formal_acados,3.7808417717290399,0,0.49453146852445418,0.57086165168710024,0.20994377064519235,0.28796313233636961,1.7873021897004882,1.414213746109283e-10,-0.0054196058395571296,-2,-2,false,false,5.7668090000000003,0,0,false,0,-0.16907604641683921,0,131.99291403870245,131.99291403870245,0,0.55098813047311657,0,0,0.55098813047311657,0,0,-0.036508918437936244,-0.0025754145056849174,-0.0017963645643266721,-0.001741802084089901,-0.0020824580158333235,-0.11481632434796726,-0.0060238098109525349,-0.0068289699650854307,-0.00075941119478754621,-0.00019068601306149752,0,-0.28672459544833151
4.5449999999999999,approach_stop,40,40,0.20000000000000001,0.0050000000000000001,2.2837499999999999,0.75,0,0,3.2000000000000002,0,2.9883434769260493,0.66876819697315448,0,3.1970050732596396,0,0.014345456132471403,free_flight_controlled,sep_nmpc_adapted,formal_acados,3.7877820858984061,0,0.49568290043461249,0.57443860897235688,0.21132248575209633,0.28796313233636961,1.7873021897004882,1.414213746109283e-10,-0.0054196058395571296,-2,-2,false,false,5.7668090000000003,0,0,false,0,-0.16983325169803015,0,131.99247015133454,131.99247015133454,0,0.55409168591884173,0,0,0.55409168591884173,0,0,-0.037082998818785663,-0.002605573514402815,-0.0018312341220214868,-0.0017456870651944387,-0.0020834444367853573,-0.11480542423567924,-0.0060465515071771447,-0.0071149310943802819,-0.00079503959183979884,-0.00020410213883374412,0,-0.28126971061438066
4.5499999999999998,approach_stop,40,40,0.20000000000000001,0.0050000000000000001,2.2874999999999996,0.75,0,0,3.2000000000000002,0,2.9916677587523197,0.66094019986160057,0,3.1970767933680393,0,0.014342316652889512,free_flight_controlled,sep_nmpc_adapted,formal_acados,3.7946676553297514,0,0.49683512624857673,0.57799989657743167,0.21269604163304051,0.27915062400077018,1.6867103500928051,1.4142135630504518e-10,-0.134406798186367,-1.9999999999999998,-1.9999999999999998,false,false,5.8364789999999998,0,0,false,0,-0.17058436117366899,0,131.99201165211153,131.99201165211153,0,0.55715961820868698,0,0,0.55715961820868698,0,0,-0.037656934569933673,-0.0026359167010208649,-0.0018674798780573658,-0.0017497561184326388,-0.0020845007959984308,-0.11475864483661403,-0.0060973041300611559,-0.007379440697727664,-0.00083299404346324373,-0.00021864340504982758,0,-0.27583895597471714
4.5549999999999997,approach_stop,40,40,0.20000000000000001,0.0050000000000000001,2.2912499999999998,0.75,0,0,3.2000000000000002,0,2.9949528361140798,0.65308645546836419,0,3.1971484932569472,0,0.014337378657926451,free_flight_controlled,sep_nmpc_adapted,formal_acados,3.8014981590582599,0,0.49798801431614892,0.58154532294418015,0.21406435260516701,0.27915062400077018,1.6867103500928051,1.4142135630504518e-10,-0.134406798186367,-1.9999999999999998,-1.9999999999999998,false,false,5.8364789999999998,0,0,false,0,-0.17132941564884127,0,131.99153836443583,131.99153836443583,0,0.56019348525767332,0,0,0.56019348525767332,0,0,-0.038230548463164593,-0.0026665810770106317,-0.0019049948404739384,-0.0017540201900161935,-0.002085632449954941,-0.11467691701371155,-0.0061747057948402205,-0.0076226953550713626,-0.00087300136959044363,-0.00023420177965676492,0,-0.27043347492394837
4.5600000000000005,approach_stop,40,40,0.20000000000000001,0.0050000000000000001,2.2950000000000004,0.75,0,0,3.2000000000000002,0,2.998198580935544,0.64520722709330891,0,3.1972201640736428,0,0.014330697944804285,free_flight_controlled,sep_nmpc_adapted,formal_acados,3.8082732776927286,0,0.49914143182318083,0.5850746967571846,0.21542733279469123,0.27915062400077018,1.6867103500928051,1.4142135630504518e-10,-0.134406798186367,-1.9999999999999998,-1.9999999999999998,false,false,5.8364789999999998,0,0,false,0,-0.17206845659918907,0,131.99105011352498,131.99105011352498,0,0.56319474345896103,0,0,0.56319474345896103,0,0,-0.038803668872079859,-0.002697694748645698,-0.0019436742975090001,-0.0017584888732063058,-0.0020868442127065937,-0.11456154272737544,-0.0062765746173089184,-0.0078453980782300509,-0.00091479481293142836,-0.00025066889170586573,0,-0.2650544027123351
4.5650000000000004,approach_stop,40,40,0.20000000000000001,0.0050000000000000001,2.2987500000000001,0.75,0,0,3.2000000000000002,0,3.0014048664434276,0.63730277247792566,0,3.1972917972420287,0,0.014322329363602128,free_flight_controlled,sep_nmpc_adapted,formal_acados,3.8149926934393497,0,0.50029524485996213,0.58858782699592205,0.21678489616818913,0.27915062400077018,1.6867103500928051,1.4142135630504518e-10,-0.134406798186367,-1.9999999999999998,-1.9999999999999998,false,false,5.8364789999999998,0,0,false,0,-0.17280152609280541,0,131.99054672645184,131.99054672645184,0,0.56616475504719821,0,0,0.56616475504719821,0,0,-0.039376131500468835,-0.0027293731070723794,-0.0019834181544104395,-0.0017631704581250916,-0.00208814036236432,-0.11441414296764703,-0.0064000274577377626,-0.0080486787169551915,-0.00095812092445520609,-0.00026793923193340095,0,-0.25970286621036659
4.5700000000000003,approach_stop,40,40,0.20000000000000001,0.0050000000000000001,2.3025000000000002,0.75,0,0,3.2000000000000002,0,3.0045715671397999,0.62937334406931522,0,3.197363384457899,0,0.014312326823244913,free_flight_controlled,sep_nmpc_adapted,formal_acados,3.8216560901247427,0,0.50144931848753649,0.59208452298494285,0.21813695656258769,0.27915062400077018,1.6867103500928051,1.4142135630504518e-10,-0.134406798186367,-1.9999999999999998,-1.9999999999999998,false,false,5.8364789999999998,0,0,false,0,-0.17352866671833977,0,131.99002803186843,131.99002803186843,0,0.56910479567252326,0,0,0.56910479567252326,0,0,-0.039947780833952992,-0.0027617156486213633,-0.0020241328531444354,-0.0017680720130281487,-0.0020895246624579636,-0.11423659948840889,-0.0065416124391783018,-0.0082340072467404907,-0.0010027452507794868,-0.00028591289342856646,0,-0.2543799837035603
4.5750000000000002,approach_stop,40,40,0.20000000000000001,0.0050000000000000001,2.3062500000000004,0.75,0,0,3.2000000000000002,0,3.0076985587763234,0.62141918930628381,0,3.1974349176842671,0,0.014300743304465352,free_flight_controlled,sep_nmpc_adapted,formal_acados,3.8282631532183267,0,0.50260351680069915,0.59556459444200327,0.21948342771370888,0.27915062400077018,1.6867103500928051,1.4142135630504518e-10,-0.134406798186367,-1.9999999999999998,-1.9999999999999998,false,false,5.8364789999999998,0,0,false,0,-0.17424992151934229,0,131.98949385947716,131.98949385947716,0,0.57201606201114863,0,0,0.57201606201114863,0,0,-0.04051847128930066,-0.0027948034816715484,-0.0020657328474349545,-0.0017731994908996385,-0.0020910003957763271,-0.11403099250145501,-0.0066974502123314412,-0.0084031031442468318,-0.0010484567694644788,-0.0003044978185213253,0,-0.24908686471664029
4.5800000000000001,approach_stop,40,40,0.20000000000000001,0.0050000000000000001,2.3100000000000001,0.75,0,0,3.2000000000000002,0,3.0107857183299527,0.61344055091796035,0,3.1975063891467643,0,0.014287630877985069,free_flight_controlled,sep_nmpc_adapted,formal_acados,3.8348135698540933,0,0.50375770298672051,0.59902785152414062,0.22082422328328016,0.27915062400077018,1.6867103500928051,1.4142135630504518e-10,-0.134406798186367,-1.9999999999999998,-1.9999999999999998,false,false,5.8364789999999998,0,0,false,0,-0.17496533393474853,0,131.98894403932229,131.98894403932229,0,0.57489967924762453,0,0,0.57489967924762453,0,0,-0.041088068046581896,-0.0028286975513239542,-0.0021081416214397599,-0.001778557855042863,-0.002092570408161232,-0.11379953647005284,-0.0068633790004095519,-0.0085578439751484246,-0.0010950710513013854,-0.00032361153121853407,0,-0.24382460986597546
4.585,approach_stop,40,40,0.20000000000000001,0.0050000000000000001,2.3137499999999998,0.75,0,0,3.2000000000000002,0,3.013832923980146,0.60543766722571346,0,3.1975777913291483,0,0.014273040726036326,free_flight_controlled,sep_nmpc_adapted,formal_acados,3.8413070288519133,0,0.50491173937912082,0.60247410487176734,0.22215925688437732,0.27915062400077018,1.6867103500928051,1.4142135630504518e-10,-0.134406798186367,-1.9999999999999998,-1.9999999999999998,false,false,5.8364789999999998,0,0,false,0,-0.1756749477452941,0,131.98837840098028,131.98837840098028,0,0.57775670827748415,0,0,0.57775670827748415,0,0,-0.041656447559847092,-0.0028634375887882438,-0.0021512922555823226,-0.0017841512173209829,-0.0020942371596611147,-0.11354451605751105,-0.0070350986727012047,-0.008700176140034651,-0.0011424321632152381,-0.00034318234870253205,0,-0.2385943107389146
4.5899999999999999,approach_stop,40,40,0.20000000000000001,0.0050000000000000001,2.3174999999999999,0.75,0,0,3.2000000000000002,0,3.0168400550980992,0.59741077878355298,0,3.1976491169700054,0,0.014257023823879177,free_flight_controlled,sep_nmpc_adapted,formal_acados,3.847743220698884,0,0.50606548925097317,0.60590316560078483,0.22348844223705502,0.27915062400077018,1.6867103500928051,1.4142135630504518e-10,-0.134406798186367,-1.9999999999999998,-1.9999999999999998,false,false,5.8364789999999998,0,0,false,0,-0.1763788070506753,0,131.98779674271424,131.98779674271424,0,0.58058825685218229,0,0,0.58058825685218229,0,0,-0.042223491126481175,-0.0028990826588102103,-0.002195042573126822,-0.0017900487798707351,-0.0020959952034940907,-0.11326413045938533,-0.0072338926043872352,-0.0087786105741818558,-0.0012317674768665468,-0.00035851745130043846,0,-0.23339692061248141
4.5949999999999998,approach_stop,40,40,0.20000000000000001,0.0050000000000000001,2.32125,0.75,0,0,3.2000000000000002,0,3.0198069922512589,0.58936011779604991,0,3.197720359060932,0,0.01423962978975016,free_flight_controlled,sep_nmpc_adapted,formal_acados,3.8541218373437864,0,0.50721882341444657,0.60931484509252754,0.22481169367408504,0.27915062400077018,1.6867103500928051,1.4142135630504518e-10,-0.134406798186367,-1.9999999999999998,-1.9999999999999998,false,false,5.8364789999999998,0,0,false,0,-0.17707695627971443,0,131.98719888424392,131.98719888424392,0,0.58339529379709743,0,0,0.58339529379709743,0,0,-0.042789065522230899,-0.0029358447371559382,-0.0022388864046812089,-0.0017966087864687613,-0.0020978105354073099,-0.11295783270956992,-0.0074792400577960048,-0.0087406016944908335,-0.0014054690512952863,-0.00036674499722329614,0,-0.2282333711030364
4.6000000000000005,approach_stop,40,40,0.20000000000000001,0.0050000000000000001,2.3250000000000002,0.75,0,0,3.2000000000000002,0,3.0227336171214949,0.58128590143913295,0,3.1977915108353674,0,0.014220906107524335,free_flight_controlled,sep_nmpc_adapted,formal_acados,3.8604425722547311,0,0.5083716145156032,0.6127089551332362,0.22612892572678539,0.26865768187489758,1.4293446848597904,1.4142135627573918e-10,-0.22524257962898162,-2,-2,false,false,5.7708640000000004,0,0,false,0,-0.17776943999405376,0,131.98658470230114,131.98658470230114,0,0.58617855081120229,0,0,0.58617855081120229,0,0,-0.043353055898822601,-0.0029739144340309733,-0.0022822909995153262,-0.0018042220338751651,-0.0020996562850857624,-0.11263156364485391,-0.007753957274441883,-0.0086064603220429633,-0.001650954876877761,-0.00037111666755797315,0,-0.22310475490239395
4.6050000000000004,approach_stop,40,40,0.20000000000000001,0.0050000000000000001,2.3287500000000003,0.75,0,0,3.2000000000000002,0,3.0256198124683507,0.57318834385821449,0,3.1978625657619273,0,0.014200899395079821,free_flight_controlled,sep_nmpc_adapted,formal_acados,3.8667051205884011,0,0.50952373405511842,0.61608530812005047,0.22744005295005129,0.26865768187489758,1.4293446848597904,1.4142135627573918e-10,-0.22524257962898162,-2,-2,false,false,5.7708640000000004,0,0,false,0,-0.17845630281301181,0,131.9859540731143,131.9859540731143,0,0.58893873520613971,0,0,0.58893873520613971,0,0,-0.043915377453978909,-0.0030133938561222929,-0.002324829382688819,-0.0018132160408158733,-0.0021015188057281879,-0.11229132320471462,-0.0080401293277817427,-0.0083977476543465584,-0.001955707757807817,-0.00037372950276746888,0,-0.21801215809088462
4.6100000000000003,approach_stop,40,40,0.20000000000000001,0.0050000000000000001,2.3325000000000005,0.75,0,0,3.2000000000000002,0,3.0284654621167952,0.56506765723870755,0,3.1979335175404762,0,0.014179655560407999,free_flight_controlled,sep_nmpc_adapted,formal_acados,3.8729091792995467,0,0.51067505197647467,0.61944371718275149,0.22874498993066214,0.26865768187489758,1.4293446848597904,1.4142135627573918e-10,-0.22524257962898162,-2,-2,false,false,5.7708640000000004,0,0,false,0,-0.17913758940206836,0,131.98530686574128,131.98530686574128,0,0.59167654838019901,0,0,0.59167654838019901,0,0,-0.044475974819051051,-0.0030542960273551708,-0.0023661829191680321,-0.0018238564683761887,-0.0021033928967569629,-0.11194283521748818,-0.0083201893068522523,-0.0081360867167279277,-0.0023075208788229614,-0.00037592000309612787,0,-0.21295665753083162
4.6150000000000002,approach_stop,40,40,0.20000000000000001,0.0050000000000000001,2.3362500000000002,0.75,0,0,3.2000000000000002,0,3.0312704509497141,0.55692405269784695,0,3.1980043600989552,0,0.014157219950411378,free_flight_controlled,sep_nmpc_adapted,formal_acados,3.8790544472208683,0,0.51182543641022404,0.62278399627115422,0.23004365129422763,0.26865768187489758,1.4293446848597904,1.4142135627573918e-10,-0.22524257962898162,-2,-2,false,false,5.7708640000000004,0,0,false,0,-0.17981334447298539,0,131.9846429357392,131.9846429357392,0,0.59439270029627056,0,0,0.59439270029627056,0,0,-0.045034819963486461,-0.0030965488203736169,-0.0024061393747249176,-0.001836349054307389,-0.0021052787153586143,-0.11159126793963592,-0.0085777777815450561,-0.0078422713665336867,-0.0026946670215750386,-0.00037852947578078251,0,-0.20793931940084365
4.6200000000000001,approach_stop,40,40,0.20000000000000001,0.0050000000000000001,2.3399999999999999,0.75,0,0,3.2000000000000002,0,3.0340346649044423,0.54875774100023,0,3.1980750875909099,0,0.014133637480268533,free_flight_controlled,sep_nmpc_adapted,formal_acados,3.8851406251214646,0,0.51297475353929811,0.62610596021702236,0.23133595171178117,0.26865768187489758,1.4293446848597904,1.4142135627573918e-10,-0.22524257962898162,-2,-2,false,false,5.7708640000000004,0,0,false,0,-0.18048361279305475,0,131.98396211971269,131.98396211971269,0,0.5970879201652094,0,0,0.5970879201652094,0,0,-0.045591908810451977,-0.0031400028935592516,-0.0024445867069754846,-0.0018508425694129928,-0.0021071797521474219,-0.11124099987113875,-0.0087984790280093081,-0.0075354605228661921,-0.0031061257453253309,-0.00038207211607278871,0,-0.20296119813395178
4.625,approach_stop,40,40,0.20000000000000001,0.0050000000000000001,2.34375,0.75,0,0,3.2000000000000002,0,3.0367579909723705,0.54056893307299403,0,3.1981456943935873,0,0.014108952729953769,free_flight_controlled,sep_nmpc_adapted,formal_acados,3.8911674157493543,0,0.51412286755445125,0.62940942477698381,0.23262180590639103,0.26865768187489758,1.4293446848597904,1.4142135627573918e-10,-0.22524257962898162,-2,-2,false,false,5.7708640000000004,0,0,false,0,-0.18114843920054194,0,131.98326423134296,131.98326423134296,0,0.59976296309827015,0,0,0.59976296309827015,0,0,-0.046147256814677441,-0.0031844429319055844,-0.0024815031587097371,-0.0018674329244726133,-0.0021091014850045837,-0.11089544000637887,-0.0089704022359774968,-0.0072325118988663664,-0.0035318086623226976,-0.00038684299745975762,0,-0.19802333572637598
4.6299999999999999,approach_stop,40,40,0.20000000000000001,0.0050000000000000001,2.3475000000000001,0.75,0,0,3.2000000000000002,0,3.0394403172006097,0.53235784030930533,0,3.1982161751064164,0,0.014083209998729841,free_flight_controlled,sep_nmpc_adapted,formal_acados,3.8971345238620869,0,0.51526964067669623,0.63269420666147724,0.23390112866019674,0.26865768187489758,1.4293446848597904,1.4142135627573918e-10,-0.22524257962898162,-2,-2,false,false,5.7708640000000004,0,0,false,0,-0.18180786862333545,0,131.98254905931424,131.98254905931424,0,0.60241861272879504,0,0,0.60241861272879504,0,0,-0.046700893788928631,-0.0032296013661024868,-0.002516944439442084,-0.0018861683191266831,-0.0021110504725199556,-0.11055690755429821,-0.0090845896330030741,-0.0069474872945906934,-0.0039627464231103051,-0.0003929888726786509,0,-0.19312676138206519
4.6349999999999998,approach_stop,40,40,0.20000000000000001,0.0050000000000000001,2.3512499999999998,0.75,0,0,3.2000000000000002,0,3.0420815326946373,0.52412467466038393,0,3.1982865245496415,0,0.014056453313292718,free_flight_controlled,sep_nmpc_adapted,formal_acados,3.90304165624844,0,0.51641493322870979,0.63596012355380271,0.23517383482228121,0.26865768187489758,1.4293446848597904,1.4142135627573918e-10,-0.22524257962898162,-2,-2,false,false,5.7708640000000004,0,0,false,0,-0.18246194609791352,0,131.9818163673356,131.9818163673356,0,0.60505568000842258,0,0,0.60505568000842258,0,0,-0.047252858281125978,-0.0032751736849218225,-0.0025510288950553479,-0.0019070551856234922,-0.0021130337390553003,-0.11022657240389608,-0.0091352456238457617,-0.0066913435981704964,-0.0043912174376907745,-0.00040055582371780992,0,-0.18827249145363145
4.6399999999999997,approach_stop,40,40,0.20000000000000001,0.0050000000000000001,2.3549999999999995,0.75,0,0,3.2000000000000002,0,3.0446815276208929,0.51586964852640782,0,3.1983567377628868,0,0.014028726390013404,free_flight_controlled,sep_nmpc_adapted,formal_acados,3.9088885217435969,0,0.51755860374058971,0.63920699412270399,0.23643983931776708,0.26865768187489758,1.4293446848597904,1.4142135627573918e-10,-0.22524257962898162,-2,-2,false,false,5.7708640000000004,0,0,false,0,-0.18311071678597995,0,131.9810658962403,131.9810658962403,0,0.60767499855295459,0,0,0.60767499855295459,0,0,-0.047803191802021187,-0.0033208344535422814,-0.0025839215986402553,-0.0019300646112458547,-0.0021150583588220367,-0.10990445429775068,-0.009119791585930322,-0.0064718091634722967,-0.0048108100203979104,-0.00040952231094408537,0,-0.18346152963544471
4.6450000000000005,approach_stop,40,40,0.20000000000000001,0.0050000000000000001,2.3587500000000006,0.75,0,0,3.2000000000000002,0,3.0472401932083693,0.50759297446517393,0,3.1984268100034203,0,0.014000072555778153,free_flight_controlled,sep_nmpc_adapted,formal_acados,3.9146748312398256,0,0.51870050907781395,0.6424346380314564,0.23769905715848066,0.26865768187489758,1.4293446848597904,1.4142135627573918e-10,-0.22524257962898162,-2,-2,false,false,5.7708640000000004,0,0,false,0,-0.18375422598646904,0,131.98029736796462,131.98029736796462,0,0.61027741704578697,0,0,0.61027741704578697,0,0,-0.048351933185938833,-0.0033662531964097899,-0.0026158182640234388,-0.0019551389036665764,-0.0021171311799789662,-0.10958947588005295,-0.0090387597631216444,-0.0062934337221570696,-0.0052164179721440719,-0.00041982279005760038,0,-0.17869486736089565
4.6500000000000004,approach_stop,40,40,0.20000000000000001,0.0050000000000000001,2.3625000000000003,0.75,0,0,3.2000000000000002,0,3.0497574217483376,0.49929486474419066,0,3.1984967367439379,0,0.013970534634867686,free_flight_controlled,sep_nmpc_adapted,formal_acados,3.9204002976943482,0,0.51984050458138409,0.64564287594601055,0.23895140345547791,0.25644955457385044,1.0102968699334993,1.4142135627204812e-10,-0.23561250177090626,-1.9999999999999998,-1.9999999999999998,false,false,5.7262769999999996,0,0,false,0,-0.18439251914104721,0,131.97951049107354,131.97951049107354,0,0.61286378930116281,0,0,0.61286378930116281,0,0,-0.048899113337117654,-0.0034111093886093902,-0.0026469298011866345,-0.0019821979790895727,-0.0021192586500051341,-0.10927956256250068,-0.008895546652724743,-0.0061577911931375616,-0.0056041754710444581,-0.00043136499888252059,0,-0.17397348435392024
4.6550000000000002,approach_stop,40,40,0.20000000000000001,0.0050000000000000001,2.36625,0.75,0,0,3.2000000000000002,0,3.0522331065915065,0.49097553076688594,0,3.1985665136697166,0,0.013940154810969716,free_flight_controlled,sep_nmpc_adapted,formal_acados,3.9260646361358478,0,0.52097844421195305,0.64883152954434131,0.24019679343365019,0.25644955457385044,1.0102968699334993,1.4142135627204812e-10,-0.23561250177090626,-1.9999999999999998,-1.9999999999999998,false,false,5.7262769999999996,0,0,false,0,-0.18502564183172171,0,131.9787049674263,131.9787049674263,0,0.61543496264607045,0,0,0.61543496264607045,0,0,-0.049444750574601716,-0.0034551059151148372,-0.0026774682129377921,-0.0020111452929481642,-0.0021214467157294192,-0.10897178053283679,-0.0086960513282170089,-0.0060638085003629633,-0.0059713410813506378,-0.00044404276893394718,0,-0.16929834928510071
4.6600000000000001,approach_stop,40,40,0.20000000000000001,0.0050000000000000001,2.3700000000000001,0.75,0,0,3.2000000000000002,0,3.0546671421420686,0.48263518240678338,0,3.19863613667503,0,0.013908974473847108,free_flight_controlled,sep_nmpc_adapted,formal_acados,3.9316675636707972,0,0.52211418069151971,0.65200042152872861,0.24143514244856307,0.25644955457385044,1.0102968699334993,1.4142135627204812e-10,-0.23561250177090626,-1.9999999999999998,-1.9999999999999998,false,false,5.7262769999999996,0,0,false,0,-0.18565363976966562,0,131.97788049955591,131.97788049955591,0,0.61799176529976174,0,0,0.61799176529976174,0,0,-0.049988846742481247,-0.0034979804931558299,-0.0027076343871154079,-0.0020418730885415509,-0.0021237007786640933,-0.1086625032213759,-0.008448227293873397,-0.0060081896382218718,-0.0063161430813978518,-0.00045774547900449743,0,-0.16467042048495259
4.665,approach_stop,40,40,0.20000000000000001,0.0050000000000000001,2.3737500000000002,0.75,0,0,3.2000000000000002,0,3.0570594238482629,0.47427402728487644,0,3.1987056018587858,0,0.013877034059611515,free_flight_controlled,sep_nmpc_adapted,formal_acados,3.9372087994905636,0,0.52324756563796349,0.65514937564230069,0.24266636600559757,0.25644955457385044,1.0102968699334993,1.4142135627204812e-10,-0.23561250177090626,-1.9999999999999998,-1.9999999999999998,false,false,5.7262769999999996,0,0,false,0,-0.18627655877487001,0,131.97703679836019,131.97703679836019,0,0.62053499341656415,0,0,0.62053499341656415,0,0,-0.050531384202566185,-0.0035395147000106273,-0.0027376081797311617,-0.0020742668032664277,-0.0021260256907165106,-0.1083475961182046,-0.0081615778113071809,-0.0059859025416381818,-0.0066375994275015482,-0.00047236484473905011,0,-0.16009064667116057
4.6699999999999999,approach_stop,40,40,0.20000000000000001,0.0050000000000000001,2.3774999999999999,0.75,0,0,3.2000000000000002,0,3.0594098481892487,0.46589227002509631,0,3.1987749055193579,0,0.013844372892301888,free_flight_controlled,sep_nmpc_adapted,formal_acados,3.9426880648799614,0,0.52437844968929548,0.65827821669071274,0.2438903797813958,0.25644955457385044,1.0102968699334993,1.4142135627204812e-10,-0.23561250177090626,-1.9999999999999998,-1.9999999999999998,false,false,5.7262769999999996,0,0,false,0,-0.18689444474670555,0,131.97617359076048,131.97617359076048,0,0.62306539841491171,0,0,0.62306539841491171,0,0,-0.05107232377612056,-0.0035795403980981603,-0.0027675410221646283,-0.002108208539244811,-0.0021284257781826669,-0.10802260995137403,-0.0078466243241440518,-0.0059906965912155602,-0.0069353257366833523,-0.00048779950644698539,0,-0.15555996765216973
4.6749999999999998,approach_stop,40,40,0.20000000000000001,0.0050000000000000001,2.3812499999999996,0.75,0,0,3.2000000000000002,0,3.0617183126565757,0.45749011042103266,0,3.1988440441485797,0,0.013811029010888282,free_flight_controlled,sep_nmpc_adapted,formal_acados,3.9481050825684623,0,0.52550668528140654,0.66138676991188661,0.24510709965640037,0.25644955457385044,1.0102968699334993,1.4142135627204812e-10,-0.23561250177090626,-1.9999999999999998,-1.9999999999999998,false,false,5.7262769999999996,0,0,false,0,-0.18750734362189256,0,131.97529062805125,131.97529062805125,0,0.62558365722934628,0,0,0.62558365722934628,0,0,-0.051611604699433981,-0.0036179369568619755,-0.0027975787698336762,-0.0021435259534367582,-0.0021309484759342548,-0.10768366350161984,-0.0075099862107211321,-0.006034538439084686,-0.0071723828060218115,-0.0005341005107930008,0,-0.15107929388245114
4.6799999999999997,approach_stop,40,40,0.20000000000000001,0.0050000000000000001,2.3849999999999998,0.75,0,0,3.2000000000000002,0,3.0639847157290774,0.4490677447384856,0,3.1989130144259534,0,0.013777039552473126,free_flight_controlled,sep_nmpc_adapted,formal_acados,3.9534595735051918,0,0.52663213979384993,0.66447485777611448,0.24631644179071849,0.25644955457385044,1.0102968699334993,1.4142135627204812e-10,-0.23561250177090626,-1.9999999999999998,-1.9999999999999998,false,false,5.7262769999999996,0,0,false,0,-0.18811530131905327,0,131.97438766890693,131.97438766890693,0,0.62809039757985197,0,0,0.62809039757985197,0,0,-0.052149147913757653,-0.0036546071289846531,-0.0028279844161231112,-0.0021797378192046938,-0.0021338973235171836,-0.10732659669632368,-0.0071587223584644814,-0.0061352782104837156,-0.0072941499154035305,-0.00065805333301703042,0,-0.1466495140876885
4.6850000000000005,approach_stop,40,40,0.20000000000000001,0.0050000000000000001,2.3887500000000004,0.75,0,0,3.2000000000000002,0,3.0662089568635622,0.44062536694198368,0,3.1989818132141181,0,0.013742440459632431,free_flight_controlled,sep_nmpc_adapted,formal_acados,3.958751259468233,0,0.5277546850968412,0.66754230260467085,0.24751832263553211,0.25644955457385044,1.0102968699334993,1.4142135627204812e-10,-0.23561250177090626,-1.9999999999999998,-1.9999999999999998,false,false,5.7262769999999996,0,0,false,0,-0.1887183637224378,0,131.97346449319153,131.97346449319153,0,0.63058621642505741,0,0,0.63058621642505741,0,0,-0.052684848669504521,-0.003689518619414332,-0.0028589982118960851,-0.0022162939957538637,-0.0021376492881351288,-0.10694578797482715,-0.0068092079951428365,-0.0062745891150301275,-0.0073124303562761041,-0.00085416844629116633,0,-0.14227154339699746
4.6900000000000004,approach_stop,40,40,0.20000000000000001,0.0050000000000000001,2.3925000000000001,0.75,0,0,3.2000000000000002,0,3.0683909364718116,0.43216316487760215,0,3.1990504375509752,0,0.01370726585527361,free_flight_controlled,sep_nmpc_adapted,formal_acados,3.9639798647049864,0,0.52887419114909284,0.67058892823317484,0.24871265895185038,0.25644955457385044,1.0102968699334993,1.4142135627204812e-10,-0.23561250177090626,-1.9999999999999998,-1.9999999999999998,false,false,5.7262769999999996,0,0,false,0,-0.18931657663108034,0,131.97252093101145,131.97252093101145,0,0.63307161525532885,0,0,0.63307161525532885,0,0,-0.05321857511828066,-0.0037227197073298078,-0.0028907648706764325,-0.0022527132962910962,-0.0021425463956168218,-0.10653608608181378,-0.0064770256688675872,-0.0064332629830959305,-0.0072419625914770906,-0.0011147271137902884,0,-0.13794629036266781
4.6950000000000003,approach_stop,40,40,0.20000000000000001,0.0050000000000000001,2.3962500000000002,0.75,0,0,3.2000000000000002,0,3.0705305558878657,0.42368131949693472,0,3.1991188846401357,0,0.013671547873206092,free_flight_controlled,sep_nmpc_adapted,formal_acados,3.9691451160531939,0,0.52999052575016425,0.67361456016532817,0.24989936784737099,0.25644955457385044,1.0102968699334993,1.4142135627204812e-10,-0.23561250177090626,-1.9999999999999998,-1.9999999999999998,false,false,5.7262769999999996,0,0,false,0,-0.18990998568604139,0,131.97155687108449,131.97155687108449,0,0.63554699017175253,0,0,0.63554699017175253,0,0,-0.053750171429815127,-0.0037543324476744184,-0.0029233348065529508,-0.0022885909792408183,-0.0021488893877701374,-0.1060930874219517,-0.0061759735090504801,-0.0065929825298183028,-0.0070984221053569914,-0.0014310082749669952,0,-0.13367465716104798
4.7000000000000002,approach_stop,40,40,0.20000000000000001,0.0050000000000000001,2.4000000000000004,0.75,0,0,3.2000000000000002,0,3.0726277173321432,0.41518000433178098,0,3.1991871518406692,0,0.013635316544396193,free_flight_controlled,sep_nmpc_adapted,formal_acados,3.9742467430397408,0,0.53110355436436896,0.67661902570759758,0.25107836681299278,0.24253926715029739,0.48967872650526878,1.4142135628881507e-10,-0.1403344170529221,-1.9951231092734476,-1.9951231092734476,false,false,5.7452360000000002,0,0,false,0,-0.19049863629322461,0,131.95834602547092,131.95834602547092,0,0.64542495284568957,0,0,0.64542495284568957,0,0,-0.054279462043184866,-0.0037845419681422979,-0.0029566713050355139,-0.0023236010963767918,-0.002156933776893263,-0.10561333037786072,-0.0059173860017396893,-0.0067373672429210524,-0.0068975125718158409,-0.0017937063729601317,0,-0.12945754012316277
4.7050000000000001,approach_stop,40,40,0.20000000000000001,0.0050000000000000001,2.4037500000000001,0.75,0,0,3.2000000000000002,0,3.0746823260707195,0.40666026682861606,0,3.1992552249843556,0,0.013593930818802891,free_flight_controlled,sep_nmpc_adapted,formal_acados,3.9792844806185261,0,0.53221312983170133,0.6796021545478067,0.25224958302502082,0.24253926715029739,0.48967872650526878,1.4142135628881507e-10,-0.1403344170529221,-1.9951231092734476,-1.9951231092734476,false,false,5.7452360000000002,0,0,false,0,-0.19108247755826874,0,131.95751677135212,131.95751677135212,0,0.64761763143946083,0,0,0.64761763143946083,0,0,-0.054806409978562821,-0.0038135122958171705,-0.0029906790762604303,-0.0023574910388947348,-0.0021668884065307969,-0.10515549668287041,-0.0056819864869016561,-0.0068589717879453021,-0.006652976386331411,-0.0021934576308020922,0,-0.12529617061524681
4.71,approach_stop,40,40,0.20000000000000001,0.0050000000000000001,2.4074999999999998,0.75,0,0,3.2000000000000002,0,3.0766942882104336,0.39812139271394537,0,3.1993230902116228,0,0.013552155911703721,free_flight_controlled,sep_nmpc_adapted,formal_acados,3.9842580665454337,0,0.53331910266036475,0.68256377833500015,0.25341294376287415,0.24253926715029739,0.48967872650526878,1.4142135628881507e-10,-0.1403344170529221,-1.9951231092734476,-1.9951231092734476,false,false,5.7452360000000002,0,0,false,0,-0.19166146173012025,0,131.95666509859802,131.95666509859802,0,0.64980761137391307,0,0,0.64980761137391307,0,0,-0.055330958857570285,-0.003841455718843059,-0.003025191549955683,-0.0023900846497014296,-0.0021789134294874501,-0.10465356358180929,-0.0055072855760985515,-0.0069377773481930118,-0.0063811178186053011,-0.0026203187367411446,0,-0.12119106471062281
4.7149999999999999,approach_stop,40,40,0.20000000000000001,0.0050000000000000001,2.4112499999999999,0.75,0,0,3.2000000000000002,0,3.0786635084821992,0.38956354618198186,0,3.1993907456420843,0,0.013510017649270796,free_flight_controlled,sep_nmpc_adapted,formal_acados,3.9891672387466892,0,0.53442133121810864,0.68550373026449007,0.25456836717282894,0.24253926715029739,0.48967872650526878,1.4142135628881507e-10,-0.1403344170529221,-1.9951231092734476,-1.9951231092734476,false,false,5.7452360000000002,0,0,false,0,-0.1922356400036353,0,131.95579109350186,131.95579109350186,0,0.6519947934957897,0,0,0.6519947934957897,0,0,-0.055852886955535475,-0.0038686827803211372,-0.0030599758293122455,-0.0024212758295609049,-0.0021931215604141636,-0.10410723800043759,-0.0053955264058180271,-0.0069668571993510009,-0.0060938215591833473,-0.0030652289311018585,0,-0.11714310672286989
4.7199999999999998,approach_stop,40,40,0.20000000000000001,0.0050000000000000001,2.415,0.75,0,0,3.2000000000000002,0,3.0805898924173944,0.38098688330566055,0,3.1994581895188259,0,0.013467539597897305,free_flight_controlled,sep_nmpc_adapted,formal_acados,3.9940117380285014,0,0.53551967147278268,0.68842184561110698,0.25571577190186723,0.24253926715029739,0.48967872650526878,1.4142135628881507e-10,-0.1403344170529221,-1.9951231092734476,-1.9951231092734476,false,false,5.7452360000000002,0,0,false,0,-0.19280506292162597,0,131.95489491385948,131.95489491385948,0,0.65417897949228654,0,0,0.65417897949228654,0,0,-0.056371973978428233,-0.0038955067569274009,-0.0030947738163349166,-0.0024510129888216116,-0.002209581422089762,-0.10351736917921765,-0.0053455989613010839,-0.0069430346066999583,-0.0058009903847904424,-0.0035196333708367241,0,-0.11315317525070565
4.7250000000000005,approach_stop,40,40,0.20000000000000001,0.0050000000000000001,2.4187500000000002,0.75,0,0,3.2000000000000002,0,3.0824733463085177,0.3723915525605318,0,3.1995254201973129,0,0.013424743155699678,free_flight_controlled,sep_nmpc_adapted,formal_acados,3.9987913080872208,0,0.53661397709231429,0.69131796177870319,0.2568550771278324,0.24253926715029739,0.48967872650526878,1.4142135628881507e-10,-0.1403344170529221,-1.9951231092734476,-1.9951231092734476,false,false,5.7452360000000002,0,0,false,0,-0.19336978031400265,0,131.9539767858233,131.9539767858233,0,0.65635988468712281,0,0,0.65635988468712281,0,0,-0.056888006489716189,-0.0039222276216067387,-0.0031293204421792824,-0.0024792890158545126,-0.0022283203463546678,-0.10288582691595664,-0.0053533566748609051,-0.0068666415538243021,-0.0055105200876503536,-0.0039755828239262745,0,-0.10922214292635665
4.7300000000000004,approach_stop,40,40,0.20000000000000001,0.0050000000000000001,2.4225000000000003,0.75,0,0,3.2000000000000002,0,3.0843137771727891,0.36377769547828243,0,3.1995924361348358,0,0.013381647672797918,free_flight_controlled,sep_nmpc_adapted,formal_acados,4.0035056955096682,0,0.53770409957409793,0.6941919183368791,0.25798620258709171,0.24253926715029739,0.48967872650526878,1.4142135628881507e-10,-0.1403344170529221,-1.9951231092734476,-1.9951231092734476,false,false,5.7452360000000002,0,0,false,0,-0.19392984124733664,0,131.95303699945197,131.95303699945197,0,0.65853715243799238,0,0,0.65853715243799238,0,0,-0.057400782620533761,-0.0039491179368926566,-0.0031633602278634781,-0.0025061314511948115,-0.0022493275491888417,-0.10221533865808147,-0.0054120658690379941,-0.0067410999331257012,-0.0052284017506842627,-0.0044257853457628591,0,-0.10535087610460299
4.7350000000000003,approach_stop,40,40,0.20000000000000001,0.0050000000000000001,2.4262500000000005,0.75,0,0,3.2000000000000002,0,3.0861110927192583,0.35514544738731058,0,3.1996592358806204,0,0.013338270594646496,free_flight_controlled,sep_nmpc_adapted,formal_acados,4.0081546497655589,0,0.53878988839774178,0.69704355704630061,0.25910906859960808,0.24253926715029739,0.48967872650526878,1.4142135628881507e-10,-0.1403344170529221,-1.9951231092734476,-1.9951231092734476,false,false,5.7452360000000002,0,0,false,0,-0.19448529398569064,0,131.95207590320274,131.95207590320274,0,0.66071036932162142,0,0,0.66071036932162142,0,0,-0.05791011588819394,-0.0039764112478857571,-0.0031966614070617102,-0.0025315934258809047,-0.0022725574662947248,-0.10150929785096247,-0.005512949645832892,-0.0065723734111462137,-0.0049589197434595916,-0.0048636206363191527,0,-0.10154023453012084
4.7400000000000002,approach_stop,40,40,0.20000000000000001,0.0050000000000000001,2.4300000000000002,0.75,0,0,3.2000000000000002,0,3.0878652013197354,0.34649493819782962,0,3.1997258180666988,0,0.01329462762151346,free_flight_controlled,sep_nmpc_adapted,formal_acados,4.0127379231935452,0,0.53987119119623339,0.69987272187380978,0.26022359609142431,0.24253926715029739,0.48967872650526878,1.4142135628881507e-10,-0.1403344170529221,-1.9951231092734476,-1.9951231092734476,false,false,5.7452360000000002,0,0,false,0,-0.19503618596289468,0,131.95109389767322,131.95109389767322,0,0.662879080332899,0,0,0.662879080332899,0,0,-0.0584158380108546,-0.0040042933491756328,-0.0032290270877545903,-0.002555745761434552,-0.002297933090045189,-0.10077155612387348,-0.0056457871257470874,-0.0063683392367484375,-0.0047049130404958816,-0.0052831280293390206,0,-0.097791071016899364
4.7450000000000001,approach_stop,40,40,0.20000000000000001,0.0050000000000000001,2.4337499999999999,0.75,0,0,3.2000000000000002,0,3.0895760119836866,0.33782629319132867,0,3.1997921813995962,0,0.013250732876137584,free_flight_controlled,sep_nmpc_adapted,formal_acados,4.0172552709819911,0,0.54094785394185818,0.70267925899830452,0.26132970661462313,0.24253926715029739,0.48967872650526878,1.4142135628881507e-10,-0.1403344170529221,-1.9951231092734476,-1.9951231092734476,false,false,5.7452360000000002,0,0,false,0,-0.19558256376590685,0,131.95009142894264,131.95009142894264,0,0.66504280340279465,0,0,0.66504280340279465,0,0,-0.058917800668019785,-0.0040328966075471127,-0.0032603031720472402,-0.0025786704696532593,-0.0023253492022984553,-0.10000621137188165,-0.0057995305022273194,-0.0061381272734797607,-0.0044680688841044125,-0.0056789784956096379,0,-0.094104231167953023
4.75,approach_stop,40,40,0.20000000000000001,0.0050000000000000001,2.4375,0.75,0,0,3.2000000000000002,0,3.0912434343369997,0.32913963377839645,0,3.1998583246528645,0,0.013206599070950072,free_flight_controlled,sep_nmpc_adapted,formal_acados,4.0217064511451852,0,0.54201972114425379,0.70546301680818557,0.26242732236492744,0.22697911103869317,0.5705791640891571,1.4142135628590799e-10,-0.20308166361470059,-1.9319605898331442,-1.9319605898331442,false,false,5.8979340000000002,0,0,false,0,-0.19612447312843831,0,131.7861050608164,131.7861050608164,0,0.76334753191146587,0,0,0.76334753191146587,0,0,-0.059415876214301555,-0.0040622973425399446,-0.0032903829795682057,-0.0026004557428452057,-0.0023546754466739544,-0.099217402687414011,-0.0059629058143929837,-0.0058914690478510251,-0.0042492210116781767,-0.0060464398217575923,0,-0.09048055315692452
4.7549999999999999,approach_stop,40,40,0.20000000000000001,0.0050000000000000001,2.4412500000000001,0.75,0,0,3.2000000000000002,0,3.0928674085445462,0.32044708959764168,0,3.1999240908909345,0,0.013099929341365996,free_flight_controlled,sep_nmpc_adapted,formal_acados,4.0260912613204143,0,0.54308650162219763,0.70822385277586808,0.2635164870282567,0.22697911103869317,0.5705791640891571,1.4142135628590799e-10,-0.20308166361470059,-1.9319605898331442,-1.9319605898331442,false,false,5.8979340000000002,0,0,false,0,-0.19666071313888348,0,131.78746232942015,131.78746232942015,0,0.76208030767914392,0,0,0.76208030767914392,0,0,-0.059911947669589113,-0.0040915984561886659,-0.0033194275286699631,-0.0026211451543611654,-0.0023857659214440987,-0.099202262963841867,-0.0057651801038088894,-0.0057190567697351282,-0.0040325636181114712,-0.0063832975996572132,0,-0.086924766100490769
4.7599999999999998,approach_stop,40,40,0.20000000000000001,0.0050000000000000001,2.4449999999999998,0.75,0,0,3.2000000000000002,0,3.0944478757215141,0.31173687096631619,0,3.1999893256358183,0,0.012994011666941543,free_flight_controlled,sep_nmpc_adapted,formal_acados,4.0304095015999666,0,0.54414790515036981,0.71096162587845246,0.26459724040541444,0.22697911103869317,0.5705791640891571,1.4142135628590799e-10,-0.20308166361470059,-1.9319605898331442,-1.9319605898331442,false,false,5.8979340000000002,0,0,false,0,-0.19719012793521179,0,131.78877649853817,131.78877649853817,0,0.7608949002727835,0,0,0.7608949002727835,0,0,-0.060407784131439456,-0.0041200346216814327,-0.0033475028836063465,-0.0026408407389835833,-0.0024184409734792742,-0.099123447912721929,-0.0056162898293336382,-0.005504912998168068,-0.0038514358665484786,-0.0066798551199911448,0,-0.083433469727147491
4.7649999999999997,approach_stop,40,40,0.20000000000000001,0.0050000000000000001,2.4487499999999995,0.75,0,0,3.2000000000000002,0,3.0959847482319214,0.30300927021696167,0,3.200054032750772,0,0.012888886794133501,free_flight_controlled,sep_nmpc_adapted,formal_acados,4.0346609375573239,0,0.54520377704030942,0.71367618932540255,0.26566949756433988,0.22697911103869317,0.5705791640891571,1.4142135628590799e-10,-0.20308166361470059,-1.9319605898331442,-1.9319605898331442,false,false,5.8979340000000002,0,0,false,0,-0.19771285106106268,0,131.79004690954022,131.79004690954022,0,0.75978998979213197,0,0,0.75978998979213197,0,0,-0.060903070093465336,-0.0041478381483314617,-0.0033744193154106742,-0.0026597147271615819,-0.0024524937238970656,-0.098982210093445225,-0.0055112014979992663,-0.0052569634962388728,-0.0037033760550544605,-0.0069341238379209942,0,-0.080007521694513639
4.7700000000000005,approach_stop,40,40,0.20000000000000001,0.0050000000000000001,2.4525000000000006,0.75,0,0,3.2000000000000002,0,3.0974779398705103,0.29426456749811458,0,3.2001182162948987,0,0.012784592273829892,free_flight_controlled,sep_nmpc_adapted,formal_acados,4.038845337398528,0,0.54625396212185984,0.7163673975280177,0.26673317406518432,0.22697911103869317,0.5705791640891571,1.4142135628590799e-10,-0.20308166361470059,-1.9319605898331442,-1.9319605898331442,false,false,5.8979340000000002,0,0,false,0,-0.19822901364450546,0,131.79127298571692,131.79127298571692,0,0.75876417394149165,0,0,0.75876417394149165,0,0,-0.061397497710611627,-0.0041752123641293016,-0.0034000313997526815,-0.0026779230655053256,-0.002487709639102457,-0.09878033317145396,-0.0054434499460248179,-0.0049848768887821573,-0.0035844211175567356,-0.0071450003912506329,0,-0.076647769067943461
4.7750000000000004,approach_stop,40,40,0.20000000000000001,0.0050000000000000001,2.4562500000000003,0.75,0,0,3.2000000000000002,0,3.0989273658036369,0.28550303141338595,0,3.2001818805072868,0,0.012681162562413145,free_flight_controlled,sep_nmpc_adapted,formal_acados,4.042962471911915,0,0.54729830499479004,0.71903510610827814,0.26778818599446497,0.22697911103869317,0.5705791640891571,1.4142135628590799e-10,-0.20308166361470059,-1.9319605898331442,-1.9319605898331442,false,false,5.8979340000000002,0,0,false,0,-0.19873874436901634,0,131.79245423041303,131.79245423041303,0,0.75781598001632056,0,0,0.75781598001632056,0,0,-0.061890769028923973,-0.0042023258631210441,-0.0034242448244843583,-0.002695599238704108,-0.0025238705057293669,-0.098519962061851499,-0.0054056988970853231,-0.0046993045677843357,-0.0034896364268390146,-0.0073120865159434804,0,-0.073355048216253826
4.7800000000000002,approach_stop,40,40,0.20000000000000001,0.0050000000000000001,2.46,0.75,0,0,3.2000000000000002,0,3.1003329425131123,0.27672491964340679,0,3.2002450297918026,0,0.01257862912565647,free_flight_controlled,sep_nmpc_adapted,formal_acados,4.0470121144229045,0,0.5483366502623207,0.72167917190979225,0.2688344499980318,0.22697911103869317,0.5705791640891571,1.4142135628590799e-10,-0.20308166361470059,-1.9319605898331442,-1.9319605898331442,false,false,5.8979340000000002,0,0,false,0,-0.19924216945193418,0,131.79359022495677,131.79359022495677,0,0.75694387597917079,0,0,0.75694387597917079,0,0,-0.062382597380965119,-0.0042293095032412591,-0.0034470194720252947,-0.002712850688369399,-0.0025607575198791886,-0.098203440576575735,-0.0053902755451688779,-0.0044111576646630752,-0.0034136196426605473,-0.0074355167909914734,0,-0.070130184755556574
4.7850000000000001,approach_stop,40,40,0.20000000000000001,0.0050000000000000001,2.4637500000000001,0.75,0,0,3.2000000000000002,0,3.1016945877430606,0.26793047952586807,0,3.2003076687023868,0,0.012477020539315643,free_flight_controlled,sep_nmpc_adapted,formal_acados,4.0509940407539453,0,0.54936884274713882,0.72429945301088472,0.26987188331283674,0.22697911103869317,0.5705791640891571,1.4142135628590799e-10,-0.20308166361470059,-1.9319605898331442,-1.9319605898331442,false,false,5.8979340000000002,0,0,false,0,-0.1997394126307071,0,131.79468062667036,131.79468062667036,0,0.75614628026819219,0,0,0.75614628026819219,0,0,-0.062872708005783595,-0.0042562559543298014,-0.0034683690586687081,-0.0027297576279690212,-0.002598153556605903,-0.097833164808237769,-0.005389652071278451,-0.0041309582788264312,-0.0033509513490541879,-0.0075158044616165992,0,-0.066973993553785791
4.79,approach_stop,40,40,0.20000000000000001,0.0050000000000000001,2.4675000000000002,0.75,0,0,3.2000000000000002,0,3.1030122204495312,0.25911994857526038,0,3.2003698019288409,0,0.012376362580901343,free_flight_controlled,sep_nmpc_adapted,formal_acados,4.0549080291888648,0,0.5503947276920671,0.72689580873933368,0.27090040379758856,0.22697911103869317,0.5705791640891571,1.4142135628590799e-10,-0.20308166361470059,-1.9319605898331442,-1.9319605898331442,false,false,5.8979340000000002,0,0,false,0,-0.20023059515583821,0,131.79572516720981,131.79572516720981,0,0.75542157009117239,0,0,0.75542157009117239,0,0,-0.063360837988518715,-0.0042832214771150283,-0.0034883577755329804,-0.0027463739347027335,-0.0026358447296153708,-0.09741145846328525,-0.0053968536900755888,-0.0038682927212324004,-0.0032965724817256522,-0.0075537126772592927,0,-0.063887278801671166
4.7949999999999999,approach_stop,40,40,0.20000000000000001,0.0050000000000000001,2.4712499999999999,0.75,0,0,3.2000000000000002,0,3.1042857607525338,0.25029355493037581,0,3.2004314342830367,0,0.012276678308362292,free_flight_controlled,sep_nmpc_adapted,formal_acados,4.0587538604405147,0,0.55141415094821999,0.72946809968798088,0.27191992996236264,0.22697911103869317,0.5705791640891571,1.4142135628590799e-10,-0.20308166361470059,-1.9319605898331442,-1.9319605898331442,false,false,5.8979340000000002,0,0,false,0,-0.20071583578931612,0,131.79672365143045,131.79672365143045,0,0.7547680880826747,0,0,0.7547680880826747,0,0,-0.063846735640537666,-0.0043102295292919502,-0.0035070944902991295,-0.0027627297177738722,-0.0026736213804482447,-0.096940474254576622,-0.0054057797743626021,-0.0036313847815768671,-0.0032460759731413099,-0.0075501555404723164,0,-0.060870834149838515
4.7999999999999998,approach_stop,40,40,0.20000000000000001,0.0050000000000000001,2.4749999999999996,0.75,0,0,3.2000000000000002,0,3.1055151298901174,0.24145151772379544,0,3.2004925706854834,0,0.012177988123076253,free_flight_controlled,sep_nmpc_adapted,formal_acados,4.0625313176205253,0,0.55242695915376772,0.732016187730408,0.27293038099726835,0.21006117264681823,0.65225880231239941,1.4142135627203874e-10,-0.27785370461763076,-1.8556152865024402,-1.8556152865024402,false,false,5.7423089999999997,0,0,false,0,-0.20119525080727815,0,131.59567470295917,131.59567470295917,0,0.87069652626656868,0,0,0.87069652626656868,0,0,-0.064330159456375796,-0.0043372757446611763,-0.0035247251350480594,-0.0027788351176784428,-0.0027112786513397084,-0.096422123411285698,-0.0054114313824371674,-0.0034267975756591632,-0.0031959071695028896,-0.0075061305800035649,0,-0.0579254429066915
4.8049999999999997,approach_stop,40,40,0.20000000000000001,0.0050000000000000001,2.4787499999999998,0.75,0,0,3.2000000000000002,0,3.1067002880168535,0.23260922671475517,0,3.2005530228301966,0,0.012002980729548965,free_flight_controlled,sep_nmpc_adapted,formal_acados,4.0662402333326444,0,0.55343283493528617,0.73453994531579092,0.27393182395962201,0.21006117264681823,0.65225880231239941,1.4142135627203874e-10,-0.27785370461763076,-1.8556152865024402,-1.8556152865024402,false,false,5.7423089999999997,0,0,false,0,-0.20166744347118412,0,131.59963523658243,131.59963523658243,0,0.86603015577740994,0,0,0.86603015577740994,0,0,-0.064813291226577058,-0.0043632202557545982,-0.0035416895931256699,-0.0027946268329844402,-0.0027486260301543084,-0.096820212032169187,-0.0049734514662932482,-0.0033575562371674344,-0.0031236990265296918,-0.0074254970785284603,0,-0.05505578061820874
4.8100000000000005,approach_stop,40,40,0.20000000000000001,0.0050000000000000001,2.4825000000000004,0.75,0,0,3.2000000000000002,0,3.1078411967087605,0.2237518130457862,0,3.2006126055643564,0,0.011830237928692368,free_flight_controlled,sep_nmpc_adapted,formal_acados,4.0698804420798727,0,0.55443146452673353,0.73703924537111221,0.27492432109522563,0.21006117264681823,0.65225880231239941,1.4142135627203874e-10,-0.27785370461763076,-1.8556152865024402,-1.8556152865024402,false,false,5.7423089999999997,0,0,false,0,-0.2021310702802086,0,131.60352400031638,131.60352400031638,0,0.86153714193652042,0,0,0.86153714193652042,0,0,-0.065298158520071453,-0.0043871317198668708,-0.0035582735857279482,-0.0028101017281771637,-0.0027854609975507569,-0.097115778751665868,-0.0045991108929726368,-0.003274510437867108,-0.003068721530808297,-0.0073015255235732296,0,-0.052258361097157591
4.8150000000000004,approach_stop,40,40,0.20000000000000001,0.0050000000000000001,2.4862500000000001,0.75,0,0,3.2000000000000002,0,3.1089377813853516,0.21487968619970907,0,3.2006713303448113,0,0.011659812533691468,free_flight_controlled,sep_nmpc_adapted,formal_acados,4.0734517329805318,0,0.55542270281751727,0.73951395159518019,0.27590778267289223,0.21006117264681823,0.65225880231239941,1.4142135627203874e-10,-0.27785370461763076,-1.8556152865024402,-1.8556152865024402,false,false,5.7423089999999997,0,0,false,0,-0.20258634974426795,0,131.60733918255056,131.60733918255056,0,0.85721469291662922,0,0,0.85721469291662922,0,0,-0.065784244915714621,-0.0044093379512871568,-0.0035744089200352028,-0.0028253379541058336,-0.002821572833654792,-0.097307482088895073,-0.0042918311628509613,-0.0031783590224428804,-0.0030275783646695497,-0.0071367086006885053,0,-0.049533974849770165
4.8200000000000003,approach_stop,40,40,0.20000000000000001,0.0050000000000000001,2.4900000000000002,0.75,0,0,3.2000000000000002,0,3.109989969460818,0.20599323473815517,0,3.200729208878927,0,0.011491751875089152,free_flight_controlled,sep_nmpc_adapted,formal_acados,4.0769538973560744,0,0.55640640627815485,0.74196392789525645,0.27688211950349478,0.21006117264681823,0.65225880231239941,1.4142135627203874e-10,-0.27785370461763076,-1.8556152865024402,-1.8556152865024402,false,false,5.7423089999999997,0,0,false,0,-0.203033495955392,0,131.61107913598602,131.61107913598602,0,0.85305987110961246,0,0,0.85305987110961246,0,0,-0.066271029926131833,-0.0044301777073237425,-0.0035900360635325425,-0.0028403940637491479,-0.0028567647029118593,-0.097395026329588796,-0.0040526086658077753,-0.0030717983245096706,-0.0029958902613425316,-0.0069340777461523754,0,-0.046883399346720693
4.8250000000000002,approach_stop,40,40,0.20000000000000001,0.0050000000000000001,2.4937500000000004,0.75,0,0,3.2000000000000002,0,3.11099769024087,0.19709282680193782,0,3.2007862530971627,0,0.011326097861105245,free_flight_controlled,sep_nmpc_adapted,formal_acados,4.0803867286890902,0,0.55738243313665148,0.74438903844822024,0.27784724299466595,0.21006117264681823,0.65225880231239941,1.4142135627203874e-10,-0.27785370461763076,-1.8556152865024402,-1.8556152865024402,false,false,5.7423089999999997,0,0,false,0,-0.20347271853378637,0,131.61474237995427,131.61474237995427,0,0.84906960397529507,0,0,0.84906960397529507,0,0,-0.066757994041229465,-0.0044499892319833159,-0.0036051130432562875,-0.0028553050716725857,-0.0028908559006052227,-0.097379083296270402,-0.0038802930451551057,-0.0029590773616261128,-0.0029686878721145158,-0.0066970240095272377,0,-0.044307399076591807
4.8300000000000001,approach_stop,40,40,0.20000000000000001,0.0050000000000000001,2.4975000000000001,0.75,0,0,3.2000000000000002,0,3.1119608748220942,0.18817881070867629,0,3.2008424751261626,0,0.011162887062558914,free_flight_controlled,sep_nmpc_adapted,formal_acados,4.0837500225903369,0,0.5583506435251171,0.74678914776824279,0.27880306520427195,0.21006117264681823,0.65225880231239941,1.4142135627203874e-10,-0.27785370461763076,-1.8556152865024402,-1.8556152865024402,false,false,5.7423089999999997,0,0,false,0,-0.20390422258129684,0,131.61832760147553,131.61832760147553,0,0.84524069607787178,0,0,0.84524069607787178,0,0,-0.067244623325700817,-0.0044691003300909339,-0.0036196220083111069,-0.0028700805023281041,-0.0029236832094158447,-0.097261193454259404,-0.0037719167851545873,-0.0028455138876211767,-0.0029408098793477907,-0.0064291230333014641,0,-0.041806725589324606
4.835,approach_stop,40,40,0.20000000000000001,0.0050000000000000001,2.5012499999999998,0.75,0,0,3.2000000000000002,0,3.1128794559944861,0.17925151562343339,0,3.2008978872623262,0,0.011002150819354704,free_flight_controlled,sep_nmpc_adapted,formal_acados,4.087043576774759,0,0.55931089959811342,0.74916412078027295,0.27974949889226763,0.21006117264681823,0.65225880231239941,1.4142135627203874e-10,-0.27785370461763076,-1.8556152865024402,-1.8556152865024402,false,false,5.7423089999999997,0,0,false,0,-0.20432820864433171,0,131.62183365518862,131.62183365518862,0,0.84156984186953354,0,0,0.84156984186953354,0,0,-0.0677304134860746,-0.0044878201660196008,-0.0036335733462496385,-0.0028847043879207794,-0.0029551014125900094,-0.09704365382319094,-0.0037230515678198873,-0.0027370052152747449,-0.002907280761106832,-0.0061339742472164742,0,-0.039382117546646861
4.8399999999999999,approach_stop,40,40,0.20000000000000001,0.0050000000000000001,2.5049999999999999,0.75,0,0,3.2000000000000002,0,3.1137533681474738,0.17031125227969554,0,3.2009525019459582,0,0.010843915365115198,free_flight_controlled,sep_nmpc_adapted,formal_acados,4.0902671910455499,0,0.56026306562573003,0.75151382289807611,0.28068645757066624,0.21006117264681823,0.65225880231239941,1.4142135627203874e-10,-0.27785370461763076,-1.8556152865024402,-1.8556152865024402,false,false,5.7423089999999997,0,0,false,0,-0.20474487268653968,0,131.62525956230502,131.62525956230502,0,0.8380536388075368,0,0,0.8380536388075368,0,0,-0.06821487335874582,-0.0045064328647091926,-0.0036470074031250675,-0.0028991370585757193,-0.0029849830560327272,-0.096729399528251853,-0.003728169426855295,-0.0026395633574686087,-0.0028636467653243964,-0.0058150624226345725,0,-0.037034300792416944
4.8449999999999998,approach_stop,40,40,0.20000000000000001,0.0050000000000000001,2.50875,0.75,0,0,3.2000000000000002,0,3.1145825471796296,0.161358313730422,0,3.2010063317360804,0,0.01068820196640405,free_flight_controlled,sep_nmpc_adapted,formal_acados,4.0934206672848683,0,0.56120700806543156,0.75383812010523876,0.28161385555138174,0.21006117264681823,0.65225880231239941,1.4142135627203874e-10,-0.27785370461763076,-1.8556152865024402,-1.8556152865024402,false,false,5.7423089999999997,0,0,false,0,-0.20515440607125304,0,131.62860450874115,131.62860450874115,0,0.83468860045242477,0,0,0.83468860045242477,0,0,-0.068697527802435904,-0.004525192890843399,-0.0036599939914285754,-0.0029133184723824771,-0.0030132175869066339,-0.096321884923703222,-0.0037809900613334207,-0.0025588985534682925,-0.0028062535677859744,-0.0054756475160149766,0,-0.034763988451717596
4.8500000000000005,approach_stop,40,40,0.20000000000000001,0.0050000000000000001,2.5125000000000002,0.75,0,0,3.2000000000000002,0,3.1153669304121747,0.15239297611181887,0,3.2010593892859678,0,0.010535027073106358,free_flight_controlled,sep_nmpc_adapted,formal_acados,4.0965038094495601,0,0.56214259561712898,0.75613687903738536,0.28253160799173421,0.19202453988931723,0.73468785932303748,1.4142135626314851e-10,-0.3649289629849593,-1.765860223350751,-1.765860223350751,false,false,5.753355,0,0,false,0,-0.20555699555348042,0,131.38930936349502,131.38930936349502,0,0.96880192328812309,0,0,0.96880192328812309,0,0,-0.069177920005563137,-0.0045443220983695841,-0.0036726299753254599,-0.0029271727634227218,-0.0030397100201741151,-0.095824969148742514,-0.0038747995347805137,-0.0025000691264299244,-0.0027324543833483362,-0.0051186864112224778,0,-0.032571881063679524
4.8550000000000004,approach_stop,40,40,0.20000000000000001,0.0050000000000000001,2.5162500000000003,0.75,0,0,3.2000000000000002,0,3.1161065026838273,0.14343401923660462,0,3.2011114548638582,0,0.010291419972322881,free_flight_controlled,sep_nmpc_adapted,formal_acados,4.0995164817006096,0,0.56306950312425397,0.75840997901678231,0.28343980522058143,0.19202453988931723,0.73468785932303748,1.4142135626314851e-10,-0.3649289629849593,-1.765860223350751,-1.765860223350751,false,false,5.753355,0,0,false,0,-0.20595104186646837,0,131.39626628126382,131.39626628126382,0,0.96082794939212257,0,0,0.96082794939212257,0,0,-0.069658462622354866,-0.0045626934822109097,-0.0036853483969944431,-0.0029405448681792011,-0.0030643914019745384,-0.096378323197791244,-0.00348722334016745,-0.0025830399549333369,-0.0026173034072541454,-0.0047505857621670507,0,-0.030462087661661412
4.8600000000000003,approach_stop,40,40,0.20000000000000001,0.0050000000000000001,2.5200000000000005,0.75,0,0,3.2000000000000002,0,3.11680125048838,0.13446327101945163,0,3.2011623125881337,0,0.010051902407972532,free_flight_controlled,sep_nmpc_adapted,formal_acados,4.1024585496787411,0,0.5639874107419548,0.76065729919036118,0.28433853192875624,0.19202453988931723,0.73468785932303748,1.4142135626314851e-10,-0.3649289629849593,-1.765860223350751,-1.765860223350751,false,false,5.753355,0,0,false,0,-0.20633500694222345,0,131.40311502281568,131.40311502281568,0,0.95312113796466491,0,0,0.95312113796466491,0,0,-0.070141398903751428,-0.0045794102044563667,-0.0036983959874829792,-0.0029533586690922279,-0.0030871842960453933,-0.096782203377020065,-0.0032132799676328309,-0.0026316381523453867,-0.0025088613125188674,-0.0043638430424092897,0,-0.028431492788805371
4.8650000000000002,approach_stop,40,40,0.20000000000000001,0.0050000000000000001,2.5237500000000002,0.75,0,0,3.2000000000000002,0,3.1174511160907348,0.12548121506714599,0,3.2012119830421422,0,0.0098165275744732574,free_flight_controlled,sep_nmpc_adapted,formal_acados,4.105329822230309,0,0.56489620001582386,0.7628787061395742,0.28522769288787886,0.19202453988931723,0.73468785932303748,1.4142135626314851e-10,-0.3649289629849593,-1.765860223350751,-1.765860223350751,false,false,5.753355,0,0,false,0,-0.20670919324920134,0,131.40985260312863,131.40985260312863,0,0.94567655861196875,0,0,0.94567655861196875,0,0,-0.070625984975004788,-0.0045950395045284273,-0.0037116030482477274,-0.0029656423244419938,-0.0031080041216374693,-0.097038293236464512,-0.0030519196640082851,-0.0026472982528928692,-0.0024047595727107957,-0.0039619662365056874,0,-0.026480786670655631
4.8700000000000001,approach_stop,40,40,0.20000000000000001,0.0050000000000000001,2.5274999999999999,0.75,0,0,3.2000000000000002,0,3.1180560441010692,0.11648830618263319,0,3.2012604870555936,0,0.0095853407640014744,free_flight_controlled,sep_nmpc_adapted,formal_acados,4.1081301101876688,0,0.56579575501708157,0.76507406608659967,0.2861071935835609,0.19202453988931723,0.73468785932303748,1.4142135626314851e-10,-0.3649289629849593,-1.765860223350751,-1.765860223350751,false,false,5.753355,0,0,false,0,-0.20707389637540888,0,131.4164763083192,131.4164763083192,0,0.93848911062276175,0,0,0.93848911062276175,0,0,-0.071111489416418455,-0.0046101336677887902,-0.0037248150069653955,-0.0029774093452777581,-0.0031267845135460512,-0.097149860612238015,-0.0029983028289960532,-0.0026345202582273883,-0.002301589590583485,-0.0035487003017490967,0,-0.024610643131301298
4.875,approach_stop,40,40,0.20000000000000001,0.0050000000000000001,2.53125,0.75,0,0,3.2000000000000002,0,3.1186159813340373,0.10748497156793275,0,3.2013078456653767,0,0.0093583795762595887,free_flight_controlled,sep_nmpc_adapted,formal_acados,4.1108592263576487,0,0.5666859623864281,0.76724324502361141,0.28697694028228721,0.19202453988931723,0.73468785932303748,1.4142135626314851e-10,-0.3649289629849593,-1.765860223350751,-1.765860223350751,false,false,5.753355,0,0,false,0,-0.20742940498730694,0,131.42298369365125,131.42298369365125,0,0.93155354571967597,0,0,0.93155354571967597,0,0,-0.07159720069250064,-0.0046252125389308488,-0.0037379059372992726,-0.0029886546404340559,-0.0031434780105484214,-0.097121555295452522,-0.0030443990760231168,-0.0026001348720235346,-0.002195403277917566,-0.0031278296369574533,0,-0.022821719610246899
4.8799999999999999,approach_stop,40,40,0.20000000000000001,0.0050000000000000001,2.5350000000000001,0.75,0,0,3.2000000000000002,0,3.1191308766740167,0.098471612140762096,0,3.2013540800777007,0,0.0091356741679517114,free_flight_controlled,sep_nmpc_adapted,formal_acados,4.113516985520044,0,0.56756671134801062,0.76938610884602732,0.2878368400947281,0.19202453988931723,0.73468785932303748,1.4142135626314851e-10,-0.3649289629849593,-1.765860223350751,-1.765860223350751,false,false,5.753355,0,0,false,0,-0.2077760008042609,0,131.42937257940599,131.42937257940599,0,0.92486449179168784,0,0,0.92486449179168784,0,0,-0.072082433499908588,-0.0046407492050470015,-0.0037507882751538031,-0.002999353068568726,-0.0031580557836636226,-0.096959181113210627,-0.0031796490238286583,-0.002552525952841252,-0.0020822089848956072,-0.0027029938389957655,0,-0.02111465720816938
4.8849999999999998,approach_stop,40,40,0.20000000000000001,0.0050000000000000001,2.5387499999999998,0.75,0,0,3.2000000000000002,0,3.1196006809471299,0.089448603919850767,0,3.2013992116315761,0,0.0089172475357905644,free_flight_controlled,sep_nmpc_adapted,formal_acados,4.116103204435297,0,0.56843789369721487,0.77150252348816706,0.28868680103505173,0.19202453988931723,0.73468785932303748,1.4142135626314851e-10,-0.3649289629849593,-1.765860223350751,-1.765860223350751,false,false,5.753355,0,0,false,0,-0.20811395859049844,0,131.43564104488246,131.43564104488246,0,0.9184164768260874,0,0,0.9184164768260874,0,0,-0.072566533938970459,-0.0046571590597610773,-0.0037634186487672592,-0.0030094603842704486,-0.0031705065028730627,-0.096669455335417209,-0.0033916485706381718,-0.0025008615906725986,-0.0019584279074799592,-0.00227752916034117,0,-0.019490080779583557
4.8899999999999997,approach_stop,40,40,0.20000000000000001,0.0050000000000000001,2.5424999999999995,0.75,0,0,3.2000000000000002,0,3.1200253468002823,0.080416299438120273,0,3.2014432617637776,0,0.0087031158252436763,free_flight_controlled,sep_nmpc_adapted,formal_acados,4.1186177018594723,0,0.56929940376753807,0.77359235505919,0.2895267320759915,0.19202453988931723,0.73468785932303748,1.4142135626314851e-10,-0.3649289629849593,-1.765860223350751,-1.765860223350751,false,false,5.753355,0,0,false,0,-0.20844354616429475,0,131.44178742088201,131.44178742088201,0,0.91220395233874285,0,0,0.91220395233874285,0,0,-0.073048883475058737,-0.0046747922697538699,-0.0037757999788671148,-0.0030189163071684963,-0.003180834495633156,-0.096259767010577299,-0.0036668201202958882,-0.0024543776397494862,-0.0018212828020010491,-0.0018543450647172863,0,-0.017948599084100909
4.8950000000000005,approach_stop,40,40,0.20000000000000001,0.0050000000000000001,2.5462500000000006,0.75,0,0,3.2000000000000002,0,3.1204048285872537,0.071375029148302044,0,3.2014862519753944,0,0.0084932886562945255,free_flight_controlled,sep_nmpc_adapted,formal_acados,4.1210602985642373,0,0.57015113838269416,0.77565546997698365,0.29035654319950188,0.19202453988931723,0.73468785932303748,1.4142135626314851e-10,-0.3649289629849593,-1.765860223350751,-1.765860223350751,false,false,5.753355,0,0,false,0,-0.20876502442363717,0,131.44781028107067,131.44781028107067,0,0.90622131572508469,0,0,0.90622131572508469,0,0,-0.073528901709979277,-0.0046939295017922253,-0.003787980202075963,-0.0030276493209205448,-0.0031890573893286075,-0.095737944130484531,-0.0039910411633541174,-0.0024217484740794554,-0.0016690984592494552,-0.0014358419849566104,0,-0.016490805001924291
4.9000000000000004,approach_stop,40,40,0.20000000000000001,0.0050000000000000001,2.5500000000000003,0.75,0,0,3.2000000000000002,0,3.1207390822666947,0.062325107918161884,0,3.2015282038009025,0,0.00828777033815618,free_flight_controlled,sep_nmpc_adapted,formal_acados,4.1234308164231859,0,0.57099300067095049,0.77769173415649118,0.29117614553355475,0.17289075083641081,0.79557824506394881,1.414213562577556e-10,-0.44935510879838181,-1.6641982662842769,-1.6641982662842769,false,false,5.7085629999999998,0,0,false,0,-0.2090786473993001,0,131.17433348727957,131.17433348727957,0,1.056396252865726,0,0,1.056396252865726,0,0,-0.074006045007723426,-0.0047147989215840513,-0.0038000252280213096,-0.0030355663075391872,-0.0031952448911328852,-0.095108811684603209,-0.0043698646717802766,-0.00238264190608415,-0.0014938204659700959,-0.0010587202184181969,0,-0.015117213357492661
4.9050000000000002,approach_stop,40,40,0.20000000000000001,0.0050000000000000001,2.55375,0.75,0,0,3.2000000000000002,0,3.1210281192116196,0.053288432785332393,0,3.201568870624504,0,0.0079792947941939862,free_flight_controlled,sep_nmpc_adapted,formal_acados,4.1257291386222787,0,0.57182471469243501,0.77970101941065917,0.2919856514610577,0.17289075083641081,0.79557824506394881,1.414213562577556e-10,-0.44935510879838181,-1.6641982662842769,-1.6641982662842769,false,false,5.7085629999999998,0,0,false,0,-0.20938263868954887,0,131.18458972001156,131.18458972001156,0,1.0452817039197095,0,0,1.0452817039197095,0,0,-0.074482997955066271,-0.0047363919757472317,-0.003811836368910599,-0.0030426152134974175,-0.0031998411408542802,-0.095658441202865707,-0.0042905669702679849,-0.0023146058811045487,-0.0013316614825105608,-0.00079657910720999973,0,-0.013830505419410288
4.9100000000000001,approach_stop,40,40,0.20000000000000001,0.0050000000000000001,2.5575000000000001,0.75,0,0,3.2000000000000002,0,3.121271952541234,0.044243749681862218,0,3.2016080103201228,0,0.007676937243534231,free_flight_controlled,sep_nmpc_adapted,formal_acados,4.127955147100117,0,0.57264602297408862,0.78168319455888302,0.2927851675873574,0.17289075083641081,0.79557824506394881,1.414213562577556e-10,-0.44935510879838181,-1.6641982662842769,-1.6641982662842769,false,false,5.7085629999999998,0,0,false,0,-0.20967528991413154,0,131.19469524852803,131.19469524852803,0,1.034524564651593,0,0,1.034524564651593,0,0,-0.07496226798053543,-0.0047580077849998072,-0.0038229241016489476,-0.0030489391694526525,-0.0032033490095338623,-0.096037296375889619,-0.0043719086467772384,-0.0021024662398907916,-0.0012029690551890277,-0.00061781983460170277,0,-0.012628604575854392
4.915,approach_stop,40,40,0.20000000000000001,0.0050000000000000001,2.5612500000000002,0.75,0,0,3.2000000000000002,0,3.1214705435147145,0.035191561797799163,0,3.2016456535832365,0,0.0073807362460212664,free_flight_controlled,sep_nmpc_adapted,formal_acados,4.1301086606366466,0,0.57345687835206738,0.7836381171219321,0.29357459486922621,0.17289075083641081,0.79557824506394881,1.414213562577556e-10,-0.44935510879838181,-1.6641982662842769,-1.6641982662842769,false,false,5.7085629999999998,0,0,false,0,-0.2099569819344568,0,131.20464609169551,131.20464609169551,0,1.0241171257239996,0,0,1.0241171257239996,0,0,-0.075443049297076015,-0.0047802975617958175,-0.0038327421350197333,-0.0030546808914650343,-0.0032061096886868271,-0.096271960651705291,-0.0045323703772465907,-0.0018342756692632026,-0.0010931818839783473,-0.00049290297572798444,0,-0.011512107060097778
4.9199999999999999,approach_stop,40,40,0.20000000000000001,0.0050000000000000001,2.5649999999999999,0.75,0,0,3.2000000000000002,0,3.1216238557083194,0.02613232005308291,0,3.2016818312529751,0,0.0070907166044449329,free_flight_controlled,sep_nmpc_adapted,formal_acados,4.1321895044820529,0,0.57425722373845356,0.78556564877373358,0.29435383561085027,0.17289075083641081,0.79557824506394881,1.414213562577556e-10,-0.44935510879838181,-1.6641982662842769,-1.6641982662842769,false,false,5.7085629999999998,0,0,false,0,-0.2102280856281579,0,131.2144388290701,131.2144388290701,0,1.0140512942465096,0,0,1.0140512942465096,0,0,-0.075924757088592754,-0.0048032596279696449,-0.0038413939983643988,-0.0030598615334745086,-0.0032083285325026985,-0.096408245535070422,-0.0046391874974679396,-0.0016377063457505587,-0.000979492120421935,-0.00039890243527420836,0,-0.010481525450987413
4.9249999999999998,approach_stop,40,40,0.20000000000000001,0.0050000000000000001,2.5687499999999996,0.75,0,0,3.2000000000000002,0,3.1217318551347701,0.017066536161242405,0,3.2017165743273415,0,0.0068069144143286173,free_flight_controlled,sep_nmpc_adapted,formal_acados,4.134197508214724,0,0.57504699697389128,0.78746565307995386,0.29512279309435746,0.17289075083641081,0.79557824506394881,1.414213562577556e-10,-0.44935510879838181,-1.6641982662842769,-1.6641982662842769,false,false,5.7085629999999998,0,0,false,0,-0.21048896265286812,0,131.22406946778605,131.22406946778605,0,1.0043204883828871,0,0,1.0043204883828871,0,0,-0.07640689119114405,-0.0048266587132719052,-0.0038492089787447205,-0.0030644847693048391,-0.0032101344696061772,-0.096440886403474757,-0.0047112910838838749,-0.0014961952647216425,-0.00087157216675424944,-0.00032657669284290688,0,-0.009537411083576277
4.9299999999999997,approach_stop,40,40,0.20000000000000001,0.0050000000000000001,2.5724999999999998,0.75,0,0,3.2000000000000002,0,3.1217945103103384,0.0079946958288108425,0,3.2017499139665762,0,0.0065293575707259365,free_flight_controlled,sep_nmpc_adapted,formal_acados,4.1361325042578967,0,0.57582613219262724,0.78933799394755833,0.29588137110011414,0.17289075083641081,0.79557824506394881,1.414213562577556e-10,-0.44935510879838181,-1.6641982662842769,-1.6641982662842769,false,false,5.7085629999999998,0,0,false,0,-0.21073996601157233,0,131.23353432945629,131.23353432945629,0,0.99491806257676463,0,0,0.99491806257676463,0,0,-0.076888918156795855,-0.0048503745748501451,-0.0038564189531737937,-0.0030685956891064459,-0.0032116206031364393,-0.096364179372941561,-0.0047689373824725588,-0.0013935386510003651,-0.00077517374491998365,-0.00027021236871073705,0,-0.0086802936858058673
4.9350000000000005,approach_stop,40,40,0.20000000000000001,0.0050000000000000001,2.5762500000000004,0.75,0,0,3.2000000000000002,0,3.1218117921051141,-0.0010827449135279344,0,3.2017818814477765,0,0.0062580649469632082,free_flight_controlled,sep_nmpc_adapted,formal_acados,4.1379943277295048,0,0.57659456064273762,0.79118253562439078,0.29662947400152023,0.17289075083641081,0.79557824506394881,1.414213562577556e-10,-0.44935510879838181,-1.6641982662842769,-1.6641982662842769,false,false,5.7085629999999998,0,0,false,0,-0.21098144004851371,0,131.24283009594527,131.24283009594527,0,0.98583724375101589,0,0,0.98583724375101589,0,0,-0.077370281238836283,-0.0048743738065920557,-0.0038631898742790749,-0.0030722587987984185,-0.0032128565778052494,-0.096174424139084058,-0.0048269015629857645,-0.0013191449107854902,-0.00069264261810368579,-0.00022599132559761109,0,-0.0079099421910560179
4.9400000000000004,approach_stop,40,40,0.20000000000000001,0.0050000000000000001,2.5800000000000001,0.75,0,0,3.2000000000000002,0,3.1217836736093783,-0.010165349542179005,0,3.2018125081213409,0,0.0059930473201976276,free_flight_controlled,sep_nmpc_adapted,formal_acados,4.1397828163524668,0,0.57735221130838144,0.79299914274308858,0.29736700685372425,0.17289075083641081,0.79557824506394881,1.414213562577556e-10,-0.44935510879838181,-1.6641982662842769,-1.6641982662842769,false,false,5.7085629999999998,0,0,false,0,-0.21121372045524439,0,131.25195377551685,131.25195377551685,0,0.97707114882837509,0,0,0.97707114882837509,0,0,-0.07785040925232449,-0.0048986863682715992,-0.0038696443295152872,-0.0030755452056654593,-0.0032138961571839407,-0.095869477405014489,-0.0048959621969386045,-0.001265994576465248,-0.0006244680329565472,-0.00019128967119574561,0,-0.0071641300537730185
4.9450000000000003,approach_stop,40,40,0.20000000000000001,0.0050000000000000001,2.5837500000000002,0.75,0,0,3.2000000000000002,0,3.1217101301141565,-0.019252674436116276,0,3.2018418253765675,0,0.0057343094743832748,free_flight_controlled,sep_nmpc_adapted,formal_acados,4.1414978104010789,0,0.57809901137082176,0.79478768028692237,0.29809387543381533,0.17289075083641081,0.79557824506394881,1.414213562577556e-10,-0.44935510879838181,-1.6641982662842769,-1.6641982662842769,false,false,5.7085629999999998,0,0,false,0,-0.21143713428631694,0,131.2609026148167,131.2609026148167,0,0.96861279376917531,0,0,0.96861279376917531,0,0,-0.078328723399267108,-0.0049233883947542492,-0.0038758759702460619,-0.0030785258015935367,-0.0032147820440310065,-0.09544839638161054,-0.0049839426807047208,-0.0012293676604042377,-0.00057018778015294571,-0.00016425245258726968,0,-0.0064029320951919915
4.9500000000000002,approach_stop,40,40,0.20000000000000001,0.0050000000000000001,2.5875000000000004,0.75,0,0,3.2000000000000002,0,3.1215911390917279,-0.028344294544956145,0,3.2018698646081241,0,0.005481848505745744,free_flight_controlled,sep_nmpc_adapted,formal_acados,4.1431391526648289,0,0.57883488656926629,0.79654801357310101,0.29880998627565092,0.1526768148419233,0.82275316893721728,1.4142135625472621e-10,-0.51583665294736858,-1.5514269180311091,-1.5514269180311091,false,false,5.7481910000000003,0,0,false,0,-0.21165199998557946,0,130.95601226355186,130.95601226355186,0,1.1338160622793443,0,0,1.1338160622793443,0,0,-0.078804642832960667,-0.0049485890502306163,-0.0038819588742909769,-0.0030812679384511284,-0.0032155490233159276,-0.094911282269164565,-0.0050963145447822438,-0.0012060509294802057,-0.00052891263690482725,-0.0001435339605961335,0,-0.0056265563888074233
4.9550000000000001,approach_stop,40,40,0.20000000000000001,0.0050000000000000001,2.5912500000000001,0.75,0,0,3.2000000000000002,0,3.1214267411564331,-0.037415324267126793,0,3.2018963555748372,0,0.0051150116339530559,free_flight_controlled,sep_nmpc_adapted,formal_acados,4.1447067660422388,0,0.57955951248588544,0.79828002488580563,0.29951546831291553,0.1526768148419233,0.82275316893721728,1.4142135625472621e-10,-0.51583665294736858,-1.5514269180311091,-1.5514269180311091,false,false,5.7481910000000003,0,0,false,0,-0.21185637671195776,0,130.969800127073,130.969800127073,0,1.1197418198482614,0,0,1.1197418198482614,0,0,-0.079281096213771565,-0.0049730634361569168,-0.0038880167829696403,-0.0030838767910820702,-0.0032162346640473684,-0.09565830534131943,-0.0047006012905033926,-0.0012165780102463193,-0.0005157013351958249,-0.00013154562581479425,0,-0.0048370935653597891
4.96,approach_stop,40,40,0.20000000000000001,0.0050000000000000001,2.5949999999999998,0.75,0,0,3.2000000000000002,0,3.1212169790740658,-0.046489842651900509,0,3.2019210331846821,0,0.0047565273682560211,free_flight_controlled,sep_nmpc_adapted,formal_acados,4.1462005750541682,0,0.5802725668561598,0.79998359598010238,0.30021044300197736,0.1526768148419233,0.82275316893721728,1.4142135625472621e-10,-0.51583665294736858,-1.5514269180311091,-1.5514269180311091,false,false,5.7481910000000003,0,0,false,0,-0.21204839823227764,0,130.98338548392621,130.98338548392621,0,1.1061146845285585,0,0,1.1061146845285585,0,0,-0.079760822293879527,-0.0049957803366774542,-0.0038941151120267994,-0.0030864304954448412,-0.0032168706739455115,-0.096220051684853217,-0.0043935671305122782,-0.0012225994047600297,-0.00050663468693178072,-0.0001234482620715327,0,-0.0040318078940681486
4.9649999999999999,approach_stop,40,40,0.20000000000000001,0.0050000000000000001,2.5987499999999999,0.75,0,0,3.2000000000000002,0,3.1209618370814129,-0.055567183829375338,0,3.2019439393100555,0,0.0044064379519935274,free_flight_controlled,sep_nmpc_adapted,formal_acados,4.1476204281972358,0,0.58097397933068107,0.80165859111582283,0.30089480287649767,0.1526768148419233,0.82275316893721728,1.4142135625472621e-10,-0.51583665294736858,-1.5514269180311091,-1.5514269180311091,false,false,5.7481910000000003,0,0,false,0,-0.21222852113330845,0,130.99676204408422,130.99676204408422,0,1.0929258312693417,0,0,1.0929258312693417,0,0,-0.080242899719449992,-0.0050171825719212285,-0.0039002366484966679,-0.003088947092231883,-0.0032174734524344521,-0.096598678657586617,-0.0041748266087304371,-0.0012261345333354678,-0.00050072804108329733,-0.00011809811362358822,0,-0.0032054647191272394
4.9699999999999998,approach_stop,40,40,0.20000000000000001,0.0050000000000000001,2.6025,0.75,0,0,3.2000000000000002,0,3.120661302654181,-0.064646718057445471,0,3.2019651160052667,0,0.0040647738335166132,free_flight_controlled,sep_nmpc_adapted,formal_acados,4.1489661765068089,0,0.58166367952591846,0.80330487385262794,0.30156844123358267,0.1526768148419233,0.82275316893721728,1.4142135625472621e-10,-0.51583665294736858,-1.5514269180311091,-1.5514269180311091,false,false,5.7481910000000003,0,0,false,0,-0.21239719066198248,0,131.00992401514841,131.00992401514841,0,1.080166324477859,0,0,1.080166324477859,0,0,-0.080726419850858419,-0.0050377088095463441,-0.0039063728890540404,-0.0030914408899934652,-0.0032180547303077012,-0.096797094099942596,-0.0040431213260200072,-0.0012286855002178318,-0.00049744703532908236,-0.00011474778433839034,0,-0.0023576473966194019
4.9750000000000005,approach_stop,40,40,0.20000000000000001,0.0050000000000000001,2.6062500000000002,0.75,0,0,3.2000000000000002,0,3.1203153663264085,-0.073727851614813933,0,3.2019846054481444,0,0.0037315539845236508,free_flight_controlled,sep_nmpc_adapted,formal_acados,4.1502376734998201,0,0.58234159721168999,0.80492230717341162,0.30223125220533592,0.1526768148419233,0.82275316893721728,1.4142135625472621e-10,-0.51583665294736858,-1.5514269180311091,-1.5514269180311091,false,false,5.7481910000000003,0,0,false,0,-0.21255484076582382,0,131.02286609900781,131.02286609900781,0,1.0678271176072509,0,0,1.0678271176072509,0,0,-0.081210490242569683,-0.005057789426860128,-0.0039125219506785077,-0.0030939243703761578,-0.0032186232356573646,-0.096818861150123933,-0.0039963926952014681,-0.0012314263529628309,-0.00049657956063562162,-0.00011292764569046588,0,-0.0014886099717880933
4.9800000000000004,approach_stop,40,40,0.20000000000000001,0.0050000000000000001,2.6100000000000003,0.75,0,0,3.2000000000000002,0,3.1199240215125261,-0.082810025895317274,0,3.2020024498832913,0,0.0034067861567856567,free_flight_controlled,sep_nmpc_adapted,formal_acados,4.1514347751312881,0,0.58300766242879587,0.80651075361876201,0.30288313082606538,0.1526768148419233,0.82275316893721728,1.4142135625472621e-10,-0.51583665294736858,-1.5514269180311091,-1.5514269180311091,false,false,5.7481910000000003,0,0,false,0,-0.21270189413616297,0,131.03558349069417,131.03558349069417,0,1.0558990656872587,0,0,1.0558990656872587,0,0,-0.0816942378281557,-0.0050778425047439723,-0.0039186872955529377,-0.003096409589998132,-0.0032191858705645201,-0.096668161797479807,-0.0040317842905317775,-0.0012353382195074588,-0.00049815635302649229,-0.00011236589363468451,0,-0.0005986168306900976
4.9850000000000003,approach_stop,40,40,0.20000000000000001,0.0050000000000000001,2.6137500000000005,0.75,0,0,3.2000000000000002,0,3.1194872643342761,-0.091892716400787611,0,3.2020186915666717,0,0.0030904671611055529,free_flight_controlled,sep_nmpc_adapted,formal_acados,4.1525573397608007,0,0.58366180555437275,0.80807007542652454,0.30352397309432316,0.1526768148419233,0.82275316893721728,1.4142135625472621e-10,-0.51583665294736858,-1.5514269180311091,-1.5514269180311091,false,false,5.7481910000000003,0,0,false,0,-0.21283876226059004,0,131.04807187562321,131.04807187562321,0,1.0443729392248795,0,0,1.0443729392248795,0,0,-0.082176811906418429,-0.0050982699228485258,-0.0039248769813959557,-0.0030989092373446131,-0.0032197485521400231,-0.096349752093137647,-0.0041456810927238477,-0.0012412877150754793,-0.00050239050191085925,-0.00011293253039996085,0,0.00031205874509439291
4.9900000000000002,approach_stop,40,40,0.20000000000000001,0.0050000000000000001,2.6175000000000002,0.75,0,0,3.2000000000000002,0,3.1190050934527918,-0.10097543169295885,0,3.202033372711631,0,0.0027825831402455196,free_flight_controlled,sep_nmpc_adapted,formal_acados,4.153605228126481,0,0.58430395732881091,0.8096001346736893,0.30415367603023863,0.1526768148419233,0.82275316893721728,1.4142135625472621e-10,-0.51583665294736858,-1.5514269180311091,-1.5514269180311091,false,false,5.7481910000000003,0,0,false,0,-0.21296584548503145,0,131.06032742651513,131.06032742651513,0,1.03323943835461,0,0,1.03323943835461,0,0,-0.082657386892901336,-0.0051194537082645507,-0.0039311032065640862,-0.0031014374220159932,-0.0032203168167835436,-0.095868920553292616,-0.0043337597038400344,-0.0012500695019574456,-0.00050963185545980702,-0.00011460021255421393,0,0.0012453895450002038
4.9950000000000001,approach_stop,40,40,0.20000000000000001,0.0050000000000000001,2.6212499999999999,0.75,0,0,3.2000000000000002,0,3.1184775099057882,-0.11005771240299894,0,3.2020465354354588,0,0.002483109467452684,free_flight_controlled,sep_nmpc_adapted,formal_acados,4.1545783033253683,0,0.58493404884764932,0.81110079341958008,0.30477213772830625,0.1526768148419233,0.82275316893721728,1.4142135625472621e-10,-0.51583665294736858,-1.5514269180311091,-1.5514269180311091,false,false,5.7481910000000003,0,0,false,0,-0.21308353308453526,0,131.07234681674868,131.07234681674868,0,1.0224892047146743,0,0,1.0224892047146743,0,0,-0.083135165140936912,-0.0051417522701629418,-0.0039373820143379524,-0.0031040103281870313,-0.0032208962816959738,-0.095231572660138597,-0.0045908708084475575,-0.0012624297280221471,-0.00052036049410569796,-0.00011742665283863238,0,0.0022075293088245906
5,approach_stop,40,40,0.20000000000000001,0.0050000000000000001,2.625,0.75,0,0,3.2000000000000002,0,3.1179045169500728,-0.11913913003224895,0,3.2020582217062303,0,0.0021920112167726079,free_flight_controlled,sep_nmpc_adapted,formal_acados,4.1554764307998271,0,0.58555201152041625,0.81257191384975436,0.30537925740560734,0.13138542259912844,0.86511734419490061,1.4142135625211917e-10,-0.59708463048400984,-1.423796324305741,-1.423796324305741,false,false,5.7243690000000003,0,0,false,0,-0.21319220334283401,0,130.72659164366303,130.72659164366303,0,1.2087046516512006,0,0,1.2087046516512006,0,0,-0.083609379929518612,-0.0051654964242443448,-0.003943733077253298,-0.0031066467743495374,-0.0032214930128195512,-0.094444128437299144,-0.0049111906998762301,-0.001279073773137393,-0.00053513545734218003,-0.00012152723587106323,0,0.0031986248897284291
5.0049999999999999,approach_stop,40,40,0.20000000000000001,0.0050000000000000001,2.6287499064843751,0.74994393749999999,-0.022387499999999526,0,3.2000000000000002,0,3.1172861897684307,-0.1281912840978997,0,3.2020681287517418,0,0.0017714255072724435,free_flight_controlled,sep_nmpc_adapted,formal_acados,4.1562995680518018,0,0.58615749577231346,0.81401337828337106,0.30597518768248699,0.13138542259912844,0.86511734419490061,1.4142135625211917e-10,-0.59708463048400984,-1.423796324305741,-1.423796324305741,false,false,5.7243690000000003,0,0,false,0,-0.21328967016703551,0,130.74424813938847,130.74424813938847,0,1.1916353445479642,0,0,1.1916353445479642,0,0,-0.084083278793137636,-0.0051894457488178046,-0.0039502506778846666,-0.0031094165480161037,-0.0032221233773446368,-0.095101884207030724,-0.0046794870893991647,-0.0013263334929496013,-0.00057265528439179542,-0.00013087465982190047,0,0.0042157352712376495
5.0099999999999998,approach_stop,40,40,0.20000000000000001,0.0050000000000000001,2.6324992537499998,0.74977649999999996,-0.044549999999999063,0,3.2000000000000002,0,3.1166226056133901,-0.13724180357331556,0,3.2020759597125581,0,0.0013615991658344224,free_flight_controlled,sep_nmpc_adapted,formal_acados,4.1570476738686146,0,0.58675015579308465,0.81542506825522454,0.30656007285522779,0.13138542259912844,0.86511734419490061,1.4142135625211917e-10,-0.59708463048400984,-1.423796324305741,-1.423796324305741,false,false,5.7243690000000003,0,0,false,0,-0.21337383116675535,0,130.76164313378371,130.76164313378371,0,1.175104186830034,0,0,1.175104186830034,0,0,-0.084559920209381856,-0.0052125315833866865,-0.0039569767184174159,-0.0031123675313900444,-0.0032228028116403139,-0.095541545594378399,-0.004564723840629086,-0.0013632151857385225,-0.00060764723303895782,-0.00014104197901327058,0,0.0052611208408766394
5.0149999999999997,approach_stop,40,40,0.20000000000000001,0.0050000000000000001,2.6362474877343747,0.74949881250000006,-0.066487499999998603,0,3.2000000000000002,0,3.1159137744250098,-0.14628998877121296,0,3.2020817684364196,0,0.0009625507736572103,free_flight_controlled,sep_nmpc_adapted,formal_acados,4.1577206186096349,0,0.58732993134988154,0.81680684418462512,0.30713379678288127,0.13138542259912844,0.86511734419490061,1.4142135625211917e-10,-0.59708463048400984,-1.423796324305741,-1.423796324305741,false,false,5.7243690000000003,0,0,false,0,-0.21344521832546484,0,130.77876879671342,130.77876879671342,0,1.1590998897389693,0,0,1.1590998897389693,0,0,-0.085038230778733612,-0.0052353185503437195,-0.0039638698765232143,-0.0031154880363035722,-0.003223534073080658,-0.095770006055554455,-0.0045589157201297104,-0.0013937296644398946,-0.00064055615047530867,-0.00015155240896385489,0,0.0063379385571376168
5.0200000000000005,approach_stop,40,40,0.20000000000000001,0.0050000000000000001,2.6399940600000003,0.749112,-0.088200000000001999,0,3.2000000000000002,0,3.1151597095315862,-0.15533518711392905,0,3.2020856088269358,0,0.00057428322106280053,free_flight_controlled,sep_nmpc_adapted,formal_acados,4.1583182751348717,0,0.58789676286590908,0.81815856560328559,0.30769624436266801,0.13138542259912844,0.86511734419490061,1.4142135625211917e-10,-0.59708463048400984,-1.423796324305741,-1.423796324305741,false,false,5.7243690000000003,0,0,false,0,-0.21350434968163706,0,130.79561803235117,130.79561803235117,0,1.1436109815068933,0,0,1.1436109815068933,0,0,-0.085517176204485318,-0.0052583207998539621,-0.0039709162735962191,-0.0031187669504246169,-0.0032243177779215301,-0.095798138968774732,-0.0046436440968921321,-0.0014306192119726445,-0.000669829604332531,-0.00016169706441394326,0,0.0074531928737252111
5.0250000000000004,approach_stop,40,40,0.20000000000000001,0.0050000000000000001,2.6437384277343754,0.74861718749999995,-0.10968750000000152,0,3.2000000000000002,0,3.1143604273879468,-0.16437679473639122,0,3.2020875347599955,0,0.00019678387036080748,free_flight_controlled,sep_nmpc_adapted,formal_acados,4.1588405190911057,0,0.58845059173615721,0.81948009170315894,0.30824730178657239,0.13138542259912844,0.86511734419490061,1.4142135625211917e-10,-0.59708463048400984,-1.423796324305741,-1.423796324305741,false,false,5.7243690000000003,0,0,false,0,-0.21355172928419391,0,130.81218448617108,130.81218448617108,0,1.1286257909762181,0,0,1.1286257909762181,0,0,-0.085995801682957049,-0.0052818901758702359,-0.0039782270806992199,-0.0031221728458678678,-0.0032251481776274611,-0.095643581603135172,-0.0047820448924668496,-0.0015020084218879317,-0.00069123022132742712,-0.00017014191389256566,0,0.0086068321787763392
5.0300000000000002,approach_stop,40,40,0.20000000000000001,0.0050000000000000001,2.6474800537500003,0.74801549999999994,-0.13095000000000104,0,3.2000000000000002,0,3.1135159474131289,-0.17341423002912668,0,3.2020876000248291,0,-0.00016996937530079609,free_flight_controlled,sep_nmpc_adapted,formal_acados,4.1592872287143114,0,0.5889913606714261,0.8207712813011826,0.30878685655971894,0.13138542259912844,0.86511734419490061,1.4142135625211917e-10,-0.59708463048400984,-1.423796324305741,-1.423796324305741,false,false,5.7243690000000003,0,0,false,0,-0.21358784739660394,0,130.82846228029081,130.82846228029081,0,1.1141328943430027,0,0,1.1141328943430027,0,0,-0.086473218727084411,-0.0053062606517047649,-0.0039859888331872746,-0.0031256701157155596,-0.0032260169062353489,-0.095315406812931477,-0.0049631318056965303,-0.0016109305451910032,-0.0007067970395832206,-0.00017710099757579974,0,0.0097985633679542224
5.0350000000000001,approach_stop,40,40,0.20000000000000001,0.0050000000000000001,2.6512184064843751,0.74730806249999993,-0.15198750000000061,0,3.2000000000000002,0,3.1126262918518148,-0.18244694580945064,0,3.2020858582710776,0,-0.000526010602104844,free_flight_controlled,sep_nmpc_adapted,formal_acados,4.1596582845836387,0,0.58951901352598235,0.82203199273182392,0.30931479742526907,0.13138542259912844,0.86511734419490061,1.4142135625211917e-10,-0.59708463048400984,-1.423796324305741,-1.423796324305741,false,false,5.7243690000000003,0,0,false,0,-0.21361318074371502,0,130.84444613691457,130.84444613691457,0,1.1001208828985753,0,0,1.1001208828985753,0,0,-0.086948579534048581,-0.0053316256659331381,-0.0039943901809568489,-0.0031292351783291966,-0.0032269175965076824,-0.094821812885469328,-0.0051787401583911494,-0.0017579585793066721,-0.00071864559538065468,-0.00018299431102109632,0,0.011030993844486603
5.04,approach_stop,40,40,0.20000000000000001,0.0050000000000000001,2.6549529600000001,0.74649600000000005,-0.17280000000000018,0,3.2000000000000002,0,3.1116914855966056,-0.19147442976504017,0,3.2020823629467001,0,-0.00087138649097263693,free_flight_controlled,sep_nmpc_adapted,formal_acados,4.159953569655964,0,0.59003349506523728,0.82326208405935841,0.3098310144115014,0.13138542259912844,0.86511734419490061,1.4142135625211917e-10,-0.59708463048400984,-1.423796324305741,-1.423796324305741,false,false,5.7243690000000003,0,0,false,0,-0.21362819264801122,0,130.8601314154788,130.8601314154788,0,1.0865783454512401,0,0,1.0865783454512401,0,0,-0.087421078159803128,-0.0053581359813305628,-0.0040036247633792113,-0.0031328533730891222,-0.0032278458638149241,-0.094171313032465273,-0.0054200674914239846,-0.0019444137282450637,-0.00072825802144454283,-0.00018818806167934939,0,0.012313329992915576
5.0449999999999999,approach_stop,40,40,0.20000000000000001,0.0050000000000000001,2.6586831939843751,0.74558043750000003,-0.19338749999999971,0,3.2000000000000002,0,3.1107115560178351,-0.20049620289955444,0,3.2020771672358346,0,-0.0012061556840711114,free_flight_controlled,sep_nmpc_adapted,formal_acados,4.1601729693295724,0,0.59053475072727513,0.82446141331173728,0.31033539888480072,0.13138542259912844,0.86511734419490061,1.4142135625211917e-10,-0.59708463048400984,-1.423796324305741,-1.423796324305741,false,false,5.7243690000000003,0,0,false,0,-0.21363333317627567,0,130.87551409303239,130.87551409303239,0,1.0734938879354246,0,0,1.0734938879354246,0,0,-0.087889951668121927,-0.0053858977407307967,-0.0040138936259754366,-0.0031365163443538165,-0.0032287990176507182,-0.093372575500317342,-0.005678114001044285,-0.0021718769668833092,-0.0007367205824934408,-0.00019300095965268062,0,0.013646032755052145
5.0499999999999998,approach_stop,40,40,0.20000000000000001,0.0050000000000000001,2.6624085937499999,0.74456250000000002,-0.21374999999999925,0,3.2000000000000002,0,3.1096865328002532,-0.20951181818619816,0,3.2020703240020456,0,-0.0015303877054607716,free_flight_controlled,sep_nmpc_adapted,formal_acados,4.1603163714726925,0,0.59102272646479048,0.82562983867243933,0.31082784359481291,0.10897172378411146,1.0363860944867911,1.4142135624799324e-10,-0.80136731500784353,-1.486765971867321,-1.486765971867321,false,false,5.7215179999999997,0,0,false,0,-0.21362903929769023,0,131.06734549751704,131.06734549751704,0,0.96391430951459378,0,0,0.96391430951459378,0,0,-0.088354480582188727,-0.0054149721805278606,-0.0040254057057857165,-0.0031402206111346025,-0.0032297759048237292,-0.092434293655320243,-0.0059439704224421696,-0.0024418768647383252,-0.00074491385726295901,-0.00019773015919191867,0,0.015029005121048284
5.0549999999999997,approach_stop,40,40,0.20000000000000001,0.0050000000000000001,2.6661286502343748,0.74344331250000006,-0.23388749999999886,0,3.2000000000000002,0,3.1086164133897634,-0.21853464747732493,0,3.2020620564998894,0,-0.0017758564622360341,free_flight_controlled,sep_nmpc_adapted,formal_acados,4.1603836212158294,0,0.59149750603826545,0.82676720782606605,0.31130811762983296,0.10897172378411146,1.0363860944867911,1.4142135624799324e-10,-0.80136731500784353,-1.486765971867321,-1.486765971867321,false,false,5.7215179999999997,0,0,false,0,-0.21361699493041134,0,131.07898971651562,131.07898971651562,0,0.95519270768198439,0,0,0.95519270768198439,0,0,-0.088811972038617223,-0.0054462878998386968,-0.0040382036831989026,-0.0031439741946836654,-0.0032307795736302779,-0.090561179639219086,-0.0065673189671390528,-0.0026905889623437432,-0.00075602884526233339,-0.00020358476032436988,0,0.016473652233715413
5.0600000000000005,approach_stop,40,40,0.20000000000000001,0.0050000000000000001,2.6698428600000002,0.74222399999999988,-0.25380000000000197,0,3.2000000000000002,0,3.1075011971675774,-0.22755051579122929,0,3.2020525843908025,0,-0.0020122336978634298,free_flight_controlled,sep_nmpc_adapted,formal_acados,4.1603745670546761,0,0.59195917108946294,0.8278733698870987,0.31177599632653075,0.10897172378411146,1.0363860944867911,1.4142135624799324e-10,-0.80136731500784353,-1.486765971867321,-1.486765971867321,false,false,5.7215179999999997,0,0,false,0,-0.21359882448200054,0,131.09033539642311,131.09033539642311,0,0.94680461777851443,0,0,0.94680461777851443,0,0,-0.089259906545960083,-0.0054805693998948146,-0.0040524286039349197,-0.0031477783247571365,-0.0032318109084993733,-0.0886128578601484,-0.0071283654050183689,-0.0030129450028632291,-0.00076540195431042135,-0.00020886518819733898,0,0.017983886914739445
5.0650000000000004,approach_stop,40,40,0.20000000000000001,0.0050000000000000001,2.6735507252343753,0.74090568749999985,-0.27348750000000149,0,3.2000000000000002,0,3.1063409193982978,-0.23655924194702818,0,3.2020419527817152,0,-0.0022396610233681286,free_flight_controlled,sep_nmpc_adapted,formal_acados,4.1602891060287357,0,0.59240766409202927,0.8289481866304379,0.31223138641695636,0.10897172378411146,1.0363860944867911,1.4142135624799324e-10,-0.80136731500784353,-1.486765971867321,-1.486765971867321,false,false,5.7215179999999997,0,0,false,0,-0.2135748346446798,0,131.10138406968989,131.10138406968989,0,0.93873977795153773,0,0,0.93873977795153773,0,0,-0.089697934237179783,-0.0055174754711167394,-0.0040684523423940525,-0.0031516281057678858,-0.0032328680790257376,-0.086599609195719726,-0.0076156936701053876,-0.0034101293682223355,-0.00077452454891068715,-0.00021399259120820452,0,0.019576825418082925
5.0700000000000003,approach_stop,40,40,0.20000000000000001,0.0050000000000000001,2.6772517537500002,0.73948949999999991,-0.2929500000000011,0,3.2000000000000002,0,3.1051356162121491,-0.24556066073335664,0,3.2020302060530614,0,-0.0024582872520467463,free_flight_controlled,sep_nmpc_adapted,formal_acados,4.1601271378525482,0,0.59284292797395399,0.82999152164039913,0.31267419645106054,0.10897172378411146,1.0363860944867911,1.4142135624799324e-10,-0.80136731500784353,-1.486765971867321,-1.486765971867321,false,false,5.7215179999999997,0,0,false,0,-0.21354532140787733,0,131.11213770583134,131.11213770583134,0,0.93098811703021755,0,0,0.93098811703021755,0,0,-0.090125753560291122,-0.0055566150025919674,-0.0040866484154527269,-0.0031555256473427495,-0.0032339514195425748,-0.08453046752715207,-0.0080207837586626796,-0.0038815944751760577,-0.00078471683334077255,-0.00021940819497542891,0,0.021261482361866875
5.0750000000000002,approach_stop,40,40,0.20000000000000001,0.0050000000000000001,2.6809454589843753,0.73797656249999999,-0.31218750000000073,0,3.2000000000000002,0,3.1038853245266851,-0.25455462232487669,0,3.2020173878276879,0,-0.0026682663574288026,free_flight_controlled,sep_nmpc_adapted,formal_acados,4.1598885650285524,0,0.59326490595534231,0.83100324050186736,0.31310433682865663,0.10897172378411146,1.0363860944867911,1.4142135624799324e-10,-0.80136731500784353,-1.486765971867321,-1.486765971867321,false,false,5.7215179999999997,0,0,false,0,-0.21351057030816309,0,131.12259862092949,131.12259862092949,0,0.92353975591629545,0,0,0.92353975591629545,0,0,-0.090543104911760527,-0.0055975617562216843,-0.004107383059659785,-0.0031594793142380854,-0.0032350634772584934,-0.082413174502138822,-0.0083381113222459058,-0.0044249691661005499,-0.00079716502943871586,-0.0002255532767348807,0,0.023037762138876674
5.0800000000000001,approach_stop,40,40,0.20000000000000001,0.0050000000000000001,2.68463136,0.73636800000000002,-0.33120000000000027,0,3.2000000000000002,0,3.1025900819716972,-0.26354099151491167,0,3.2020035409474747,0,-0.0028697567176934617,free_flight_controlled,sep_nmpc_adapted,formal_acados,4.15957329287835,0,0.59367354135304662,0.83198321090665284,0.31352171979487842,0.10897172378411146,1.0363860944867911,1.4142135624799324e-10,-0.80136731500784353,-1.486765971867321,-1.486765971867321,false,false,5.7215179999999997,0,0,false,0,-0.21347085667904275,0,131.13276944475911,131.13276944475911,0,0.91638500855066207,0,0,0.91638500855066207,0,0,-0.090949764160334748,-0.0056398693359819086,-0.0041310061096169002,-0.003163503112602677,-0.0032362089794585368,-0.080254181013005299,-0.0085651244342371188,-0.0050360741044571614,-0.00081294170049456456,-0.00023285692645489751,0,0.0249055552029348
5.085,approach_stop,40,40,0.20000000000000001,0.0050000000000000001,2.6883089814843748,0.73466493750000006,-0.34998749999999984,0,3.2000000000000002,0,3.1012499268179701,-0.27251964700401754,0,3.2019887074521058,0,-0.0030629208040416256,free_flight_controlled,sep_nmpc_adapted,formal_acados,4.1591812295690325,0,0.59406877739362529,0.83293130275106242,0.31392625943317864,0.10897172378411146,1.0363860944867911,1.4142135624799324e-10,-0.80136731500784353,-1.486765971867321,-1.486765971867321,false,false,5.7215179999999997,0,0,false,0,-0.21342644589835266,0,131.14265310771137,131.14265310771137,0,0.90951438089476744,0,0,0.90951438089476744,0,0,-0.091345536283785445,-0.0056830857728944239,-0.0041578421702367025,-0.0031676161446486518,-0.0032373947490390259,-0.078058689732565079,-0.0087021173327011363,-0.0057090183323320045,-0.00083301304771104178,-0.00024172689058559835,0,0.026864738495439612
5.0899999999999999,approach_stop,40,40,0.20000000000000001,0.0050000000000000001,2.6919778537500001,0.73286850000000003,-0.36854999999999949,0,3.2000000000000002,0,3.0998648979091867,-0.28149048084952533,0,3.2019729285593002,0,-0.003247924906445277,free_flight_controlled,sep_nmpc_adapted,formal_acados,4.1587122861409389,0,0.59445055704142458,0.8338473882317522,0.31431787165960928,0.10897172378411146,1.0363860944867911,1.4142135624799324e-10,-0.80136731500784353,-1.486765971867321,-1.486765971867321,false,false,5.7215179999999997,0,0,false,0,-0.2133775936314323,0,131.15225282916592,131.15225282916592,0,0.9029185674284147,0,0,0.9029185674284147,0,0,-0.091730249309010303,-0.0057267672593031864,-0.0041881824298225061,-0.0031718420760249834,-0.0032386295775369044,-0.07583073305383968,-0.0087520187595805255,-0.0064363567873753861,-0.0008582375394606184,-0.00025254163429195924,0,0.0289151758465237
5.0949999999999998,approach_stop,40,40,0.20000000000000001,0.0050000000000000001,2.695637512734375,0.7309798125000001,-0.38688749999999916,0,3.2000000000000002,0,3.0984350345962226,-0.29045339805643372,0,3.201956244646341,0,-0.0034249388876331811,free_flight_controlled,sep_nmpc_adapted,formal_acados,4.1581663765365926,0,0.59481882284504251,0.83473134194037002,0.31469647421916613,0.10897172378411146,1.0363860944867911,1.4142135624799324e-10,-0.80136731500784353,-1.486765971867321,-1.486765971867321,false,false,5.7215179999999997,0,0,false,0,-0.21332454606849813,0,131.16157210693731,131.16157210693731,0,0.89658844563199058,0,0,0.89658844563199058,0,0,-0.092103748719002634,-0.0057704906414144646,-0.0042222773858245832,-0.0031762085837235728,-0.0032399240607503097,-0.073573280944848413,-0.0087201093938721642,-0.0072092957634756301,-0.00088936006188915586,-0.00026564329113638229,0,0.031056718355202993
5.1000000000000005,approach_stop,40,40,0.20000000000000001,0.0050000000000000001,2.6992875000000005,0.72899999999999976,-0.40500000000000186,0,3.2000000000000002,0,3.0969603766731768,-0.29940831628748898,0,3.2019386952327848,0,-0.0035941359566855915,free_flight_controlled,sep_nmpc_adapted,formal_acados,4.1575434176304045,0,0.59517351680539654,0.83558304095722769,0.31506198668485202,0.084682861800782216,1.2302651444618637,1.4142135624499001e-10,-1.0461224113143885,-1.5135083023009979,-1.5135083023009979,false,false,5.8074940000000002,0,0,false,0,-0.21326754015499882,0,131.2455549021891,131.2455549021891,0,0.84941908005524813,0,0,0.84941908005524813,0,0,-0.092465892461617016,-0.0058138643529646473,-0.0042603306922203432,-0.0031807467696250984,-0.0032412904012061399,-0.07128837280190703,-0.0086136834024074724,-0.0080179341267623688,-0.00092700440515262991,-0.00028133145984000148,0,0.033289204754560944
5.1050000000000004,approach_stop,40,40,0.20000000000000001,0.0050000000000000001,2.7029273627343753,0.72693018749999982,-0.42288750000000153,0,3.2000000000000002,0,3.0954409497992024,-0.30836098405920581,0,3.2019203915302645,0,-0.0037266666774078399,free_flight_controlled,sep_nmpc_adapted,formal_acados,4.1568433099538016,0,0.59551463805933758,0.83640236015459923,0.31541427726896448,0.084682861800782216,1.2302651444618637,1.4142135624499001e-10,-1.0461224113143885,-1.5135083023009979,-1.5135083023009979,false,false,5.8074940000000002,0,0,false,0,-0.21320733808540207,0,131.2529812505324,131.2529812505324,0,0.84506717577469437,0,0,0.84506717577469437,0,0,-0.092815691661352062,-0.0058569230270425583,-0.0043024213191625365,-0.003185493792187623,-0.003242743402189266,-0.068636447460096658,-0.0085932214535780291,-0.0088241413249666029,-0.00097274083222493929,-0.00030027447729498181,0,0.035613763383599777
5.1100000000000003,approach_stop,40,40,0.20000000000000001,0.0050000000000000001,2.7065566537500003,0.7247714999999999,-0.44055000000000116,0,3.2000000000000002,0,3.0938767799288973,-0.31730552311709886,0,3.2019014424816805,0,-0.0038522901243315546,free_flight_controlled,sep_nmpc_adapted,formal_acados,4.1560659573742198,0,0.59584218403686906,0.83718917744532251,0.31575321804673401,0.084682861800782216,1.2302651444618637,1.4142135624499001e-10,-1.0461224113143885,-1.5135083023009979,-1.5135083023009979,false,false,5.8074940000000002,0,0,false,0,-0.2131446734406614,0,131.26014733860976,131.26014733860976,0,0.84091630501365511,0,0,0.84091630501365511,0,0,-0.093152217632041207,-0.0058996800300439847,-0.0043486125193222874,-0.0031904846108080868,-0.0032442975791780984,-0.065979044580918814,-0.008494542480326852,-0.009656331073294425,-0.0010246440993861793,-0.00032184576285173644,0,0.038029026375631096
5.1150000000000002,approach_stop,40,40,0.20000000000000001,0.0050000000000000001,2.7101749314843753,0.72252506249999993,-0.45798750000000071,0,3.2000000000000002,0,3.0922679076309767,-0.3262419646369592,0,3.2018818821295123,0,-0.0039712044218122968,free_flight_controlled,sep_nmpc_adapted,formal_acados,4.1552112863777007,0,0.59615609280543269,0.83794337874672398,0.31607873815778864,0.084682861800782216,1.2302651444618637,1.4142135624499001e-10,-1.0461224113143885,-1.5135083023009979,-1.5135083023009979,false,false,5.8074940000000002,0,0,false,0,-0.21307971775316262,0,131.26705896127564,131.26705896127564,0,0.83695837649026417,0,0,0.83695837649026417,0,0,-0.09347544605834765,-0.0059417664481981403,-0.0043990066107866856,-0.0031957516709021465,-0.0032459666826794714,-0.063317281499501651,-0.0083267437250693441,-0.010503374418986822,-0.0010833230612758522,-0.00034628085411305055,0,0.040534811945215965
5.1200000000000001,approach_stop,40,40,0.20000000000000001,0.0050000000000000001,2.7137817600000003,0.72019199999999994,-0.47520000000000034,0,3.2000000000000002,0,3.0906143733020786,-0.33517034394413203,0,3.2018617435241064,0,-0.0040836076687480712,free_flight_controlled,sep_nmpc_adapted,formal_acados,4.154279226394161,0,0.59645630237922531,0.8386648530920825,0.31639076873504796,0.084682861800782216,1.2302651444618637,1.4142135624499001e-10,-1.0461224113143885,-1.5135083023009979,-1.5135083023009979,false,false,5.8074940000000002,0,0,false,0,-0.21301263486140737,0,131.27372202659171,131.27372202659171,0,0.83318554619375462,0,0,0.83318554619375462,0,0,-0.093785354146185274,-0.0059828763766637391,-0.0044536194399466275,-0.003201352910989897,-0.0032477627792968406,-0.0606491422888044,-0.0081153003812071533,-0.011322269500621341,-0.0011735309995238167,-0.00037091199373715493,0,0.043130937850518178
5.125,approach_stop,40,40,0.20000000000000001,0.0050000000000000001,2.717376708984375,0.7177734375,-0.4921875,0,3.2000000000000002,0,3.0889162171770495,-0.34409069534555814,0,3.2018410587333492,0,-0.0041896957069088494,free_flight_controlled,sep_nmpc_adapted,formal_acados,4.1532697085835961,0,0.59674276076946287,0.83935349140654669,0.31668924366684548,0.084682861800782216,1.2302651444618637,1.4142135624499001e-10,-1.0461224113143885,-1.5135083023009979,-1.5135083023009979,false,false,5.8074940000000002,0,0,false,0,-0.21294358124053786,0,131.28014245197738,131.28014245197738,0,0.82959028466519302,0,0,0.82959028466519302,0,0,-0.094081882287936153,-0.0060229993282356177,-0.0045118995720277956,-0.0032077419500803686,-0.0032496564645595489,-0.057964580629755964,-0.0079388544810611254,-0.011956362270106066,-0.0014078318441230547,-0.00038499439874314369,0,0.045817252711575468
5.1299999999999999,approach_stop,40,40,0.20000000000000001,0.0050000000000000001,2.7209593537500001,0.71527050000000003,-0.50894999999999968,0,3.2000000000000002,0,3.0871734792367524,-0.35300308590873247,0,3.2018198588318749,0,-0.0042896701130260379,free_flight_controlled,sep_nmpc_adapted,formal_acados,4.1521826657067278,0,0.59701542588677892,0.84000918646997536,0.31697409957379458,0.084682861800782216,1.2302651444618637,1.4142135624499001e-10,-1.0461224113143885,-1.5135083023009979,-1.5135083023009979,false,false,5.8074940000000002,0,0,false,0,-0.21287270606305991,0,131.28632652654841,131.28632652654841,0,0.82616478974988261,0,0,0.82616478974988261,0,0,-0.094364952593781457,-0.0060623472809744495,-0.0045728436627454115,-0.003215682381682529,-0.0032516009526205318,-0.055266625182575926,-0.0078046418033263336,-0.012388812550420835,-0.001792439205146015,-0.00039196298609073114,0,0.048593565812879339
5.1349999999999998,approach_stop,40,40,0.20000000000000001,0.0050000000000000001,2.7245292752343748,0.71268431250000008,-0.52548749999999933,0,3.2000000000000002,0,3.0853861990906051,-0.36190759490141755,0,3.2017981738818646,0,-0.0043837337906180501,free_flight_controlled,sep_nmpc_adapted,formal_acados,4.151018033282547,0,0.59727425659304434,0.84063183419194198,0.31724527517678824,0.084682861800782216,1.2302651444618637,1.4142135624499001e-10,-1.0461224113143885,-1.5135083023009979,-1.5135083023009979,false,false,5.8074940000000002,0,0,false,0,-0.21280015120244883,0,131.29228071264072,131.29228071264072,0,0.82290135602496495,0,0,0.82290135602496495,0,0,-0.094634511660161097,-0.0061011164040674941,-0.0046354633212020522,-0.0032258991042810625,-0.0032535702995458659,-0.052560841686522218,-0.0077060064334827458,-0.0126285272643299,-0.0023163308794113325,-0.00039542472340435043,0,0.051459672072846491
5.1399999999999997,approach_stop,40,40,0.20000000000000001,0.0050000000000000001,2.7280860599999999,0.7100160000000002,-0.54179999999999895,0,3.2000000000000002,0,3.0835544159311503,-0.37080430955099325,0,3.2017760329299265,0,-0.0044720900225924702,free_flight_controlled,sep_nmpc_adapted,formal_acados,4.1497757499082928,0,0.59751921148299736,0.84122133397714249,0.31750271126404389,0.084682861800782216,1.2302651444618637,1.4142135624499001e-10,-1.0461224113143885,-1.5135083023009979,-1.5135083023009979,false,false,5.8074940000000002,0,0,false,0,-0.21272605141818712,0,131.29801160175069,131.29801160175069,0,0.81979244233936577,0,0,0.81979244233936577,0,0,-0.094890535612654162,-0.0061394605095140302,-0.0046988287036200159,-0.0032390562650644055,-0.0032555534226043304,-0.049853428089953841,-0.0076328076191383917,-0.012689878461950679,-0.0029662189276023587,-0.00039780338017586232,0,0.054415357580252809
5.1450000000000005,approach_stop,40,40,0.20000000000000001,0.0050000000000000001,2.7316293002343754,0.70726668749999977,-0.55788750000000142,0,3.2000000000000002,0,3.0816781684980818,-0.3796933235127945,0,3.2017534640059835,0,-0.0045549421530861689,free_flight_controlled,sep_nmpc_adapted,formal_acados,4.1484557574821155,0,0.59775024816510525,0.84177758898403365,0.31774635067819251,0.084682861800782216,1.2302651444618637,1.4142135624499001e-10,-1.0461224113143885,-1.5135083023009979,-1.5135083023009979,false,false,5.8074940000000002,0,0,false,0,-0.212650534557385,0,131.30352589869082,131.30352589869082,0,0.81683069010825937,0,0,0.81683069010825937,0,0,-0.095133032522810926,-0.0061774759364382681,-0.0047620935015051605,-0.0032557460760064541,-0.0032575492972268072,-0.047150912069628473,-0.0075723637934416305,-0.012591725086479899,-0.0037266602446572317,-0.00040075171830159396,0,0.057460400108470866
5.1500000000000004,approach_stop,40,40,0.20000000000000001,0.0050000000000000001,2.7351585937500005,0.70443749999999983,-0.57375000000000109,0,3.2000000000000002,0,3.0797574950498952,-0.38857473536692966,0,3.2017304941238072,0,-0.0046324932460851832,free_flight_controlled,sep_nmpc_adapted,formal_acados,4.1470580013746865,0,0.59796732272827735,0.84230050632479136,0.31797613830325194,0.058283032367998366,1.2267889052274059,1.4142135624443779e-10,-1.0944350793450688,-1.5221765216592444,-1.5221765216592444,false,false,5.729705,0,0,false,0,-0.21257372176704972,0,131.33304357870546,131.33304357870546,0,0.80069920588956123,0,0,0.80069920588956123,0,0,-0.095362043261106796,-0.0062151913962366348,-0.0048245145025706086,-0.003276478855118684,-0.0032595637897378411,-0.044459831884512885,-0.0075104795592701072,-0.012356241859817475,-0.0045804141016249364,-0.0004054063331551966,0,0.060594569774163484
5.1550000000000002,approach_stop,40,40,0.20000000000000001,0.0050000000000000001,2.7386735439843752,0.70152956249999987,-0.58938750000000073,0,3.2000000000000002,0,3.0777924286776237,-0.39745051724827601,0,3.2017071727711341,0,-0.0046955511115001659,free_flight_controlled,sep_nmpc_adapted,formal_acados,4.1455824242784551,0,0.59817040804230148,0.84278999560083145,0.31819200379622115,0.058283032367998366,1.2267889052274059,1.4142135624443779e-10,-1.0944350793450688,-1.5221765216592444,-1.5221765216592444,false,false,5.729705,0,0,false,0,-0.21249590078670705,0,131.33770831632964,131.33770831632964,0,0.79848741359011222,0,0,0.79848741359011222,0,0,-0.095577363418162767,-0.0062526907875904182,-0.0048854349475661359,-0.0033016812579831512,-0.0032616073995824675,-0.041675897812385627,-0.0074825993690059477,-0.011996474205836048,-0.0055110653059562533,-0.00041251672793191275,0,0.063818208822523759
5.1600000000000001,approach_stop,40,40,0.20000000000000001,0.0050000000000000001,2.74217376,0.69854399999999994,-0.60480000000000045,0,3.2000000000000002,0,3.0757830019483232,-0.40631890268925802,0,3.2016835479700401,0,-0.0047538942201453957,free_flight_controlled,sep_nmpc_adapted,formal_acados,4.1440289727065265,0,0.59835947443947435,0.84324597075820329,0.31839387948152653,0.058283032367998366,1.2267889052274059,1.4142135624443779e-10,-1.0944350793450688,-1.5221765216592444,-1.5221765216592444,false,false,5.729705,0,0,false,0,-0.212417346690395,0,131.34218018534557,131.34218018534557,0,0.79638956691938989,0,0,0.79638956691938989,0,0,-0.0957788369633467,-0.0062899600977179863,-0.0049443404461763677,-0.0033316792613482366,-0.0032636940624966924,-0.038921958398716858,-0.007416123703680568,-0.011554490278706225,-0.0064954197502556715,-0.00042269073146370621,0,0.067130538832648301
5.165,approach_stop,40,40,0.20000000000000001,0.0050000000000000001,2.7456588564843751,0.69548193749999998,-0.61998750000000014,0,3.2000000000000002,0,3.0737292515178916,-0.41518002198861503,0,3.2016596427820172,0,-0.0048077276339448848,free_flight_controlled,sep_nmpc_adapted,formal_acados,4.1423976033312213,0,0.59853447095943435,0.84366835181332978,0.3185817175963146,0.058283032367998366,1.2267889052274059,1.4142135624443779e-10,-1.0944350793450688,-1.5221765216592444,-1.5221765216592444,false,false,5.729705,0,0,false,0,-0.21233814925582337,0,131.34646655871123,131.34646655871123,0,0.79439930343395926,0,0,0.79439930343395926,0,0,-0.095966626998779447,-0.006326772039916685,-0.0050008827453326002,-0.0033666928697652925,-0.00326583990432716,-0.036203089957429338,-0.0072976899360198957,-0.011055213815546562,-0.0075141081344259385,-0.00043622466790271987,0,0.070531317593331685
5.1699999999999999,approach_stop,40,40,0.20000000000000001,0.0050000000000000001,2.74912845375,0.69234450000000003,-0.63494999999999979,0,3.2000000000000002,0,3.0716312133930974,-0.42403400438786615,0,3.2016354792485835,0,-0.0048572542323152409,free_flight_controlled,sep_nmpc_adapted,formal_acados,4.1406882766341395,0,0.59869534435122695,0.84405706324104213,0.31875547240021529,0.058283032367998366,1.2267889052274059,1.4142135624443779e-10,-1.0944350793450688,-1.5221765216592444,-1.5221765216592444,false,false,5.729705,0,0,false,0,-0.212258392707004,0,131.35057480969354,131.35057480969354,0,0.79251051062404065,0,0,0.79251051062404065,0,0,-0.096140919099853964,-0.0063628385432813817,-0.0050548343119246287,-0.0034068461773753018,-0.0032680621603690691,-0.033523178177559752,-0.0071164507820842713,-0.010521861368865687,-0.0085482139604941415,-0.00045327158258780302,0,0.074020299049752797
5.1749999999999998,approach_stop,40,40,0.20000000000000001,0.0050000000000000001,2.7525821777343751,0.68913281250000014,-0.64968749999999953,0,3.2000000000000002,0,3.0694889229383793,-0.43288097750686705,0,3.2016110784028364,0,-0.0049026744664254973,free_flight_controlled,sep_nmpc_adapted,formal_acados,4.1389009569262285,0,0.5988420391375594,0.84441203398784925,0.31891510016425051,0.058283032367998366,1.2267889052274059,1.4142135624443779e-10,-1.0944350793450688,-1.5221765216592444,-1.5221765216592444,false,false,5.729705,0,0,false,0,-0.21217815595412573,0,131.35451229813626,131.35451229813626,0,0.79071732373632386,0,0,0.79071732373632386,0,0,-0.096301915012272837,-0.0063978247242556492,-0.0051060777503427546,-0.0034521707430793061,-0.0032703785348986878,-0.030884789205119997,-0.0068645999951363846,-0.009975157970553112,-0.0095797046712948978,-0.00047387017659321389,0,0.077597234139150983
5.1799999999999997,approach_stop,40,40,0.20000000000000001,0.0050000000000000001,2.7560196599999998,0.68584800000000024,-0.66419999999999924,0,3.2000000000000002,0,3.067302414881707,-0.44172106906372671,0,3.2015864602821829,0,-0.004944186046862583,free_flight_controlled,sep_nmpc_adapted,formal_acados,4.1370356108299191,0,0.59897450234656857,0.84473319594821217,0.31906055917788784,0.058283032367998366,1.2267889052274059,1.4142135624443779e-10,-1.0944350793450688,-1.5221765216592444,-1.5221765216592444,false,false,5.729705,0,0,false,0,-0.2120975128207532,0,131.35828635373917,131.35828635373917,0,0.78901408675884444,0,0,0.78901408675884444,0,0,-0.096449827716833525,-0.0064313534693450991,-0.005154640572420436,-0.0035025163505060792,-0.0032728835680726357,-0.028290326543989257,-0.0065299530920773759,-0.0094661558175201388,-0.010526541702845274,-0.00055116737121837958,0,0.081261870004618666
5.1850000000000005,approach_stop,40,40,0.20000000000000001,0.0050000000000000001,2.7594405377343754,0.68249118749999971,-0.67848750000000146,0,3.2000000000000002,0,3.0650717233149822,-0.45055440356868176,0,3.2015616439452885,0,-0.0049819825290626828,free_flight_controlled,sep_nmpc_adapted,formal_acados,4.1350921996904901,0,0.59909270670682824,0.84502047637550792,0.31919180983326018,0.058283032367998366,1.2267889052274059,1.4142135624443779e-10,-1.0944350793450688,-1.5221765216592444,-1.5221765216592444,false,false,5.729705,0,0,false,0,-0.21201653225083572,0,131.36190420933326,131.36190420933326,0,0.78739540188219037,0,0,0.78739540188219037,0,0,-0.09658488076471633,-0.0064629768896534313,-0.0052009044487586024,-0.0035570963504108107,-0.0032761318686009996,-0.025740322052175423,-0.0061039663650192524,-0.0090561219654410764,-0.011270936361635909,-0.00077233782844941823,0,0.085013957997628564
5.1900000000000004,approach_stop,40,40,0.20000000000000001,0.0050000000000000001,2.7628444537500001,0.67906349999999971,-0.69255000000000111,0,3.2000000000000002,0,3.0627968817280129,-0.45938109881787842,0,3.2015366474928033,0,-0.0050162538399091674,free_flight_controlled,sep_nmpc_adapted,formal_acados,4.1330706850609245,0,0.5991966345395543,0.84527380333291158,0.31930881460092464,0.058283032367998366,1.2267889052274059,1.4142135624443779e-10,-1.0944350793450688,-1.5221765216592444,-1.5221765216592444,false,false,5.729705,0,0,false,0,-0.21193527858539324,0,131.36537302135758,131.36537302135758,0,0.78585616933009683,0,0,0.78585616933009683,0,0,-0.096707287701447944,-0.006492265670599108,-0.0052453586076893332,-0.0036148811052390656,-0.0032808457072003995,-0.023231026117549819,-0.0055985434970082359,-0.0087407330595662344,-0.011808730444538243,-0.0011366669925168232,0,0.088853257809848762
5.1950000000000003,approach_stop,40,40,0.20000000000000001,0.0050000000000000001,2.7662310564843753,0.67556606249999984,-0.70638750000000083,0,3.2000000000000002,0,3.0604779230243881,-0.46820127174476961,0,3.2015114880825144,0,-0.0050471872623046813,free_flight_controlled,sep_nmpc_adapted,formal_acados,4.1309710323444921,0,0.59928626712429978,0.84549310932010402,0.31941153801638755,0.058283032367998366,1.2267889052274059,1.4142135624443779e-10,-1.0944350793450688,-1.5221765216592444,-1.5221765216592444,false,false,5.729705,0,0,false,0,-0.21185381177877483,0,131.36869991184028,131.36869991184028,0,0.78439147292640465,0,0,0.78439147292640465,0,0,-0.096817240089684703,-0.0065188614883146213,-0.0052884477680241676,-0.0036748483577802808,-0.0032877264924969576,-0.020757496801456835,-0.005029774421965276,-0.0085075127269128477,-0.012145476306988059,-0.0016376922420367507,0,0.092779531222113562
5.2000000000000002,approach_stop,40,40,0.20000000000000001,0.0050000000000000001,2.7696000000000001,0.67199999999999993,-0.72000000000000053,0,3.2000000000000002,0,3.0581148795227859,-0.47701503956305918,0,3.2014861819416085,0,-0.0050749678112324732,free_flight_controlled,sep_nmpc_adapted,formal_acados,4.1287932111527921,0,0.59936158393941108,0.84567833163000616,0.31949994669830684,0.030476167901097861,1.1210450909142071,1.4142135624507159e-10,-1.0177668469224483,-1.506975082326075,-1.506975082326075,false,false,5.7215400000000001,0,0,false,0,-0.21177218756824653,0,131.32958709191507,131.32958709191507,0,0.80633502316938133,0,0,0.80633502316938133,0,0,-0.096914902799755967,-0.0065424935433388435,-0.0053305397752672293,-0.0037360211362145357,-0.0032974332652902561,-0.018314072721656319,-0.0044163421588246125,-0.0083385165924658895,-0.012293473960826492,-0.0022650463660613077,0,0.09679254174918818
5.2050000000000001,approach_stop,40,40,0.20000000000000001,0.0050000000000000001,2.7729509439843749,0.66836643749999991,-0.73338750000000019,0,3.2000000000000002,0,3.0557077910663448,-0.48581926857738988,0,3.2014607032940314,0,-0.0051162104119869007,free_flight_controlled,sep_nmpc_adapted,formal_acados,4.1265372065921744,0,0.59942252960679354,0.84582941552582958,0.31957403966504511,0.030476167901097861,1.1210450909142071,1.4142135624507159e-10,-1.0177668469224483,-1.506975082326075,-1.506975082326075,false,false,5.7215400000000001,0,0,false,0,-0.21169015411923159,0,131.33341647646611,131.33341647646611,0,0.80416913026876236,0,0,0.80416913026876236,0,0,-0.09700089769142145,-0.0065627636581100327,-0.0053719574132372041,-0.0037974851973632314,-0.0033105664135649245,-0.016088553928438446,-0.0036901615363650548,-0.0082323838491210072,-0.012265950547416681,-0.0030055734435629087,0,0.10089077045765873
5.21,approach_stop,40,40,0.20000000000000001,0.0050000000000000001,2.7762835537499999,0.66466650000000005,-0.74654999999999994,0,3.2000000000000002,0,3.0532566969123245,-0.49461733339392161,0,3.2014350262620552,0,-0.0051543417679074041,free_flight_controlled,sep_nmpc_adapted,formal_acados,4.1242030084020982,0,0.59946904626072595,0.84594631148977373,0.3196338169127832,0.030476167901097861,1.1210450909142071,1.4142135624507159e-10,-1.0177668469224483,-1.506975082326075,-1.506975082326075,false,false,5.7215400000000001,0,0,false,0,-0.21160746690793195,0,131.33711950630632,131.33711950630632,0,0.80208556648124163,0,0,0.80208556648124163,0,0,-0.097075784380115493,-0.0065794183204149056,-0.0054128766997260545,-0.0038584375004318172,-0.0033276485467633389,-0.013869632243817057,-0.002973639950219471,-0.0081352200642882816,-0.012092427707227559,-0.0038418496160451993,0,0.10507517754836231
5.2149999999999999,approach_stop,40,40,0.20000000000000001,0.0050000000000000001,2.7795975002343747,0.66090131250000006,-0.75948749999999965,0,3.2000000000000002,0,3.0507616276825096,-0.5034093137510578,0,3.2014091659737005,0,-0.0051895332928516297,free_flight_controlled,sep_nmpc_adapted,formal_acados,4.1217906001608657,0,0.59950110562336956,0.84602897247835618,0.31967924913995055,0.030476167901097861,1.1210450909142071,1.4142135624507159e-10,-1.0177668469224483,-1.506975082326075,-1.506975082326075,false,false,5.7215400000000001,0,0,false,0,-0.21152419197092667,0,131.34070262249665,131.34070262249665,0,0.80007968776174021,0,0,0.80007968776174021,0,0,-0.09713958093937082,-0.0065925551374890904,-0.0054532846325111078,-0.0039182037753359815,-0.0033491154064122773,-0.011651297840379814,-0.0022866001671285529,-0.0080236755578331469,-0.011795557844142933,-0.0047564220838579568,0,0.10934551694739399
5.2199999999999998,approach_stop,40,40,0.20000000000000001,0.0050000000000000001,2.7828924599999998,0.65707200000000021,-0.77219999999999933,0,3.2000000000000002,0,3.0482226139466362,-0.51219509796720708,0,3.2013831367832637,0,-0.0052219110975655096,free_flight_controlled,sep_nmpc_adapted,formal_acados,4.1192999706540085,0,0.59951867570260986,0.84607735670737239,0.31971030894548502,0.030476167901097861,1.1210450909142071,1.4142135624507159e-10,-1.0177668469224483,-1.506975082326075,-1.506975082326075,false,false,5.7215400000000001,0,0,false,0,-0.2114403921165032,0,131.34417028168383,131.34417028168383,0,0.79815025582006072,0,0,0.79815025582006072,0,0,-0.097192193743119937,-0.006602585740564125,-0.0054928476486340253,-0.0039763098157560963,-0.0033752964799313918,-0.0093826139537777908,-0.0017669904255450217,-0.0077631012078404477,-0.011444300718292912,-0.0057222843565007571,0,0.11370165649923217
5.2250000000000005,approach_stop,40,40,0.20000000000000001,0.0050000000000000001,2.7861681152343754,0.65317968749999955,-0.78468750000000131,0,3.2000000000000002,0,3.0456396867556239,-0.52097473963735907,0,3.2013569523999239,0,-0.0052516375413872969,free_flight_controlled,sep_nmpc_adapted,formal_acados,4.1167311139761553,0,0.59952172071718102,0.84609142722053143,0.3197269705148843,0.030476167901097861,1.1210450909142071,1.4142135624507159e-10,-1.0177668469224483,-1.506975082326075,-1.506975082326075,false,false,5.7215400000000001,0,0,false,0,-0.21135612831210393,0,131.34752863338574,131.34752863338574,0,0.79629320025642181,0,0,0.79629320025642181,0,0,-0.097233293691625755,-0.0066105537025874786,-0.0055306269089067652,-0.0040325863735355587,-0.0034063981029794762,-0.0070520345500174096,-0.0014457114113519531,-0.0073255649457441016,-0.011058744545146401,-0.006723658575132037,0,0.11814337427051974
5.2300000000000004,approach_stop,40,40,0.20000000000000001,0.0050000000000000001,2.7894241537500002,0.64922549999999968,-0.79695000000000105,0,3.2000000000000002,0,3.0430128762334161,-0.52974846569702549,0,3.2013306255766829,0,-0.0052789122992643661,free_flight_controlled,sep_nmpc_adapted,formal_acados,4.1140840290958804,0,0.59951020206916694,0.84607115286246437,0.31972921045707303,0.030476167901097861,1.1210450909142071,1.4142135624507159e-10,-1.0177668469224483,-1.506975082326075,-1.506975082326075,false,false,5.7215400000000001,0,0,false,0,-0.21127145628502469,0,131.35078561095742,131.35078561095742,0,0.7945016486620079,0,0,0.7945016486620079,0,0,-0.097262648570682814,-0.0066172458954512712,-0.0055659350726289091,-0.0040868031357741913,-0.0034425785235548544,-0.0046882369965922507,-0.0012468382507357927,-0.0067840203711116154,-0.010618353416536778,-0.0077519905374539436,0,0.12267034767859451
5.2350000000000003,approach_stop,40,40,0.20000000000000001,0.0050000000000000001,2.7926602689843754,0.64521056249999975,-0.80898750000000075,0,3.2000000000000002,0,3.0403422021835418,-0.53852134507625016,0,3.2013041652691849,0,-0.0053054113438968341,free_flight_controlled,sep_nmpc_adapted,formal_acados,4.1113587215289318,0,0.59948407464846221,0.84601651934539002,0.3197170204532061,0.030476167901097861,1.1210450909142071,1.4142135624507159e-10,-1.0177668469224483,-1.506975082326075,-1.506975082326075,false,false,5.7215400000000001,0,0,false,0,-0.21118633307601262,0,131.35401700421215,131.35401700421215,0,0.79242669015523404,0,0,0.79242669015523404,0,0,-0.097280793548474062,-0.0066226982970067046,-0.0055975057998086785,-0.004139585822947045,-0.0034837637578985863,-0.0026487882615533883,-0.00089802823125306481,-0.0057180828810245669,-0.01060163384500943,-0.0087023825748616321,0,0.12727927334936051
5.2400000000000002,approach_stop,40,40,0.20000000000000001,0.0050000000000000001,2.7958761600000002,0.64113599999999982,-0.82080000000000053,0,3.2000000000000002,0,3.0376276704612368,-0.54729034437178636,0,3.2012775755854102,0,-0.0053303171966338336,free_flight_controlled,sep_nmpc_adapted,formal_acados,4.1085552031761026,0,0.5994432873958917,0.84592753271486576,0.31969041229451067,0.030476167901097861,1.1210450909142071,1.4142135624507159e-10,-1.0177668469224483,-1.506975082326075,-1.506975082326075,false,false,5.7215400000000001,0,0,false,0,-0.21110057872521401,0,131.35718693695779,131.35718693695779,0,0.79028229670017802,0,0,0.79028229670017802,0,0,-0.097289161091408574,-0.006626400620140264,-0.0056227935662343069,-0.0041928582474313148,-0.0035296128780957208,-0.00069205408613866011,-0.0006049780485318728,-0.0043876451605391392,-0.010689487266886014,-0.0096420781419131046,0,0.13197162591231248
5.2450000000000001,approach_stop,40,40,0.20000000000000001,0.0050000000000000001,2.7990715314843753,0.63700293749999992,-0.83238750000000028,0,3.2000000000000002,0,3.0348693083987937,-0.55605339121474751,0,3.201250866588325,0,-0.0053531337806672291,free_flight_controlled,sep_nmpc_adapted,formal_acados,4.1056734855406711,0,0.59938779878178905,0.8458041771418775,0.31964936999074556,0.030476167901097861,1.1210450909142071,1.4142135624507159e-10,-1.0177668469224483,-1.506975082326075,-1.506975082326075,false,false,5.7215400000000001,0,0,false,0,-0.21101423087656773,0,131.36027209470686,131.36027209470686,0,0.78820863833504773,0,0,0.78820863833504773,0,0,-0.097287611224691206,-0.0066288975895763659,-0.0056415239043656603,-0.004246082185734597,-0.0035803033592654793,0.0013232969038223306,-0.00039744170778033814,-0.0031716048727283203,-0.010502398592633405,-0.010667213061302977,0,0.13674841782998859
5.25,approach_stop,40,40,0.20000000000000001,0.0050000000000000001,2.80224609375,0.6328125,-0.84375,0,3.2000000000000002,0,3.0320671469028717,-0.56481015192301731,0,3.2012240486335148,0,-0.0053739253588157834,free_flight_controlled,sep_nmpc_adapted,formal_acados,4.1027135804126251,0,0.59931757491324433,0.84564643350975344,0.3195938752278501,0.0018785705908652695,1.1522178015255307,1.414213562445228e-10,-1.0864241066067504,-1.4510479097121856,-1.4510479097121856,false,false,5.7302330000000001,0,0,false,0,-0.21092734948742747,0,131.208243334374,131.208243334374,0,0.8721330495163111,0,0,0.8721330495163111,0,0,-0.097275781392896082,-0.0066304058944283029,-0.0056551929158825997,-0.0042969239720189066,-0.00363658983151315,0.0034181625952100407,-0.00020976582393446595,-0.0023515429189943167,-0.0097550418390280648,-0.01186981812580697,0,0.14160962223246143
5.2549999999999999,approach_stop,40,40,0.20000000000000001,0.0050000000000000001,2.8053995627343751,0.6285658125000001,-0.8548874999999998,0,3.2000000000000002,0,3.0292212482491667,-0.57354827540316156,0,3.201196981146087,0,-0.0054529680264539726,free_flight_controlled,sep_nmpc_adapted,formal_acados,4.0996755448254918,0,0.59923246064537716,0.84545429657632509,0.31952402208041208,0.0018785705908652695,1.1522178015255307,1.414213562445228e-10,-1.0864241066067504,-1.4510479097121856,-1.4510479097121856,false,false,5.7302330000000001,0,0,false,0,-0.21083887855048736,0,131.21397351955216,131.21397351955216,0,0.86713126842854249,0,0,0.86713126842854249,0,0,-0.09725477206421064,-0.0066309090622524158,-0.0056653942016540535,-0.00434276635889542,-0.0036992795439333799,0.0049944559990117189,5.4915956038007683e-07,-0.0017669235868910255,-0.0085261624801327048,-0.013215861149047527,0,0.14654969315040026
5.2599999999999998,approach_stop,40,40,0.20000000000000001,0.0050000000000000001,2.8085316599999999,0.62426400000000015,-0.86579999999999957,0,3.2000000000000002,0,3.0263316732600285,-0.5822807078255442,0,3.2011695255198309,0,-0.0055292026898508253,free_flight_controlled,sep_nmpc_adapted,formal_acados,4.0965594441326685,0,0.59913229140325952,0.84522777087264001,0.31943990361810848,0.0018785705908652695,1.1522178015255307,1.414213562445228e-10,-1.0864241066067504,-1.4510479097121856,-1.4510479097121856,false,false,5.7302330000000001,0,0,false,0,-0.21074779672987198,0,131.21961771946252,131.21961771946252,0,0.86226642183687996,0,0,0.86226642183687996,0,0,-0.097225679537659371,-0.0066304812743573334,-0.0056731762299577909,-0.0043817561628093455,-0.003768775600027403,0.0066484049212473684,0.00016413505451844077,-0.0013705910722807285,-0.0070360366745110276,-0.014580282504635368,0,0.15157313415174328
5.2649999999999997,approach_stop,40,40,0.20000000000000001,0.0050000000000000001,2.8116421127343747,0.61990818750000032,-0.87648749999999931,0,3.2000000000000002,0,3.0233984501336391,-0.59100754405248723,0,3.2011416953876273,0,-0.0056027904961127497,free_flight_controlled,sep_nmpc_adapted,formal_acados,4.0933653123016311,0,0.59901701079261971,0.84496686216799211,0.31934150154069374,0.0018785705908652695,1.1522178015255307,1.414213562445228e-10,-1.0864241066067504,-1.4510479097121856,-1.4510479097121856,false,false,5.7302330000000001,0,0,false,0,-0.21065422918070717,0,131.22518138575799,131.22518138575799,0,0.85753085780794103,0,0,0.85753085780794103,0,0,-0.097188159244788186,-0.0066293322867741261,-0.0056793053305847427,-0.0044128863797296119,-0.0038450025863053681,0.0083633267325683679,0.00029064811832671926,-0.001096902540410059,-0.0053985752344407629,-0.015898737230250426,0,0.15667957865834586
5.2700000000000005,approach_stop,40,40,0.20000000000000001,0.0050000000000000001,2.8147306537500003,0.61549949999999964,-0.8869500000000009,0,3.2000000000000002,0,3.0204216067513379,-0.59972877408819736,0,3.2011135036156761,0,-0.005673868643046409,free_flight_controlled,sep_nmpc_adapted,formal_acados,4.0900931918479957,0,0.59888655267823765,0.84467158509665785,0.31922880033519807,0.0018785705908652695,1.1522178015255307,1.414213562445228e-10,-1.0864241066067504,-1.4510479097121856,-1.4510479097121856,false,false,5.7302330000000001,0,0,false,0,-0.21055829462710091,0,131.23066898183404,131.23066898183404,0,0.85291902198677827,0,0,0.85291902198677827,0,0,-0.097141940083785835,-0.0066276181816697158,-0.0056842616065220317,-0.0044356948340901975,-0.0039275559674109405,0.010125202411938894,0.00039642129040492444,-0.00088141647373714597,-0.0037668798944042732,-0.017064982917846663,0,0.1618687957705684
5.2750000000000004,approach_stop,40,40,0.20000000000000001,0.0050000000000000001,2.8177970214843753,0.61103906249999973,-0.89718750000000069,0,3.2000000000000002,0,3.0174011721920122,-0.60844395998944012,0,3.2010849626232956,0,-0.0057424838162298984,free_flight_controlled,sep_nmpc_adapted,formal_acados,4.0867431549670812,0,0.59874079594967489,0.844341982775069,0.31910178841614001,0.0018785705908652695,1.1522178015255307,1.414213562445228e-10,-1.0864241066067504,-1.4510479097121856,-1.4510479097121856,false,false,5.7302330000000001,0,0,false,0,-0.21046010936873991,0,131.23608091615222,131.23608091615222,0,0.84843294011045911,0,0,0.84843294011045911,0,0,-0.097086826188530873,-0.0066253201354938536,-0.0056879708925658135,-0.0044514029646717549,-0.0040147219783077549,0.011921657586683548,0.00052749944201331968,-0.00059083586906777993,-0.0025927015414419852,-0.017713485236304269,0,0.1671412080955037
5.2800000000000002,approach_stop,40,40,0.20000000000000001,0.0050000000000000001,2.82084096,0.60652799999999973,-0.90720000000000045,0,3.2000000000000002,0,3.0143371769743741,-0.61715304932795079,0,3.2010560844620013,0,-0.0058087545508643951,free_flight_controlled,sep_nmpc_adapted,formal_acados,4.0833152960632679,0,0.59857958159973979,0.84397811908889386,0.31896045736073381,0.0018785705908652695,1.1522178015255307,1.414213562445228e-10,-1.0864241066067504,-1.4510479097121856,-1.4510479097121856,false,false,5.7302330000000001,0,0,false,0,-0.21035978802406369,0,131.24142088973647,131.24142088973647,0,0.84406809956523421,0,0,0.84406809956523421,0,0,-0.097022625809273566,-0.006622320744087337,-0.0056901160797389544,-0.0044622444369380862,-0.004103917175214908,0.013761279801522848,0.00067400150339691901,-0.0002651891379909999,-0.0017939824494955193,-0.017896491110793316,0,0.17249650667559013
5.2850000000000001,approach_stop,40,40,0.20000000000000001,0.0050000000000000001,2.8238622189843752,0.60196743749999992,-0.91698750000000029,0,3.2000000000000002,0,3.011229651352648,-0.62585618477840743,0,3.2010268804865705,0,-0.0058728394696736189,free_flight_controlled,sep_nmpc_adapted,formal_acados,4.0798097023599809,0,0.59840277674826559,0.84358005100733291,0.31880480018192442,0.0018785705908652695,1.1522178015255307,1.414213562445228e-10,-1.0864241066067504,-1.4510479097121856,-1.4510479097121856,false,false,5.7302330000000001,0,0,false,0,-0.21025743942805758,0,131.24669450870209,131.24669450870209,0,0.83981682449483919,0,0,0.83981682449483919,0,0,-0.096949114531606373,-0.0066185701870759952,-0.0056906418296647715,-0.0044697557862385679,-0.0041930800910738066,0.015639806693856905,0.00083848802518450788,4.7597751200258023e-05,-0.0012453478796761929,-0.017715092486103194,0,0.17793417654494847
5.29,approach_stop,40,40,0.20000000000000001,0.0050000000000000001,2.82686055375,0.5973584999999999,-0.9265500000000001,0,3.2000000000000002,0,3.0080786235685144,-0.63455401021824243,0,3.2009973609710589,0,-0.0059350080162089243,free_flight_controlled,sep_nmpc_adapted,formal_acados,4.076226453242902,0,0.59821027615496802,0.84314782967438762,0.3186348123572954,0.0018785705908652695,1.1522178015255307,1.414213562445228e-10,-1.0864241066067504,-1.4510479097121856,-1.4510479097121856,false,false,5.7302330000000001,0,0,false,0,-0.2101531625422465,0,131.25191254416472,131.25191254416472,0,0.83566317451696182,0,0,0.83566317451696182,0,0,-0.096866272996327676,-0.006613679325380299,-0.005689779900506918,-0.0044750061753281636,-0.0042805993082986283,0.017483616310793468,0.0011455283996260732,0.00028335786974515348,-0.00088053536410977206,-0.017251666269880821,0,0.18345332933975272
5.2949999999999999,approach_stop,40,40,0.20000000000000001,0.0050000000000000001,2.8298357252343749,0.59270231250000005,-0.93588749999999987,0,3.2000000000000002,0,3.0048841196022353,-0.64324665233780354,0,3.20096753506746,0,-0.0059954096065165437,free_flight_controlled,sep_nmpc_adapted,formal_acados,4.0725656211908303,0,0.59800200036413198,0.84268150158859501,0.31845049205712639,0.0018785705908652695,1.1522178015255307,1.414213562445228e-10,-1.0864241066067504,-1.4510479097121856,-1.4510479097121856,false,false,5.7302330000000001,0,0,false,0,-0.21004704628314944,0,131.25708047368076,131.25708047368076,0,0.83160062729443696,0,0,0.83160062729443696,0,0,-0.09677430708568939,-0.0066069213172937876,-0.0056879253266034907,-0.0044787716589984152,-0.0043652320464185428,0.019293296688788927,0.0015757827957544202,0.00044834924271719488,-0.00064288591539592534,-0.016569141588474633,0,0.18905347581722243
5.2999999999999998,approach_stop,40,40,0.20000000000000001,0.0050000000000000001,2.8327874999999998,0.58800000000000019,-0.94499999999999973,0,3.2000000000000002,0,3.0016461654513447,-0.65193408132673125,0,3.2009374113295426,0,-0.0060541574083964531,free_flight_controlled,sep_nmpc_adapted,formal_acados,4.0688272760426827,0,0.59777788674282262,0.84218111059133804,0.31825183912994176,-0.02684072195816678,1.1344621271917374,1.4142135624445154e-10,-1.0927359288236027,-1.3694625748385236,-1.3694625748385236,false,false,5.7280889999999998,0,0,false,0,-0.20993917553214952,0,131.03709019460675,131.03709019460675,0,0.95313161979537742,0,0,0.95313161979537742,0,0,-0.096673338688828922,-0.0065978090281316269,-0.0056853806720685235,-0.0044815752791364256,-0.004445999171500222,0.021087313741487684,0.0020802835000713542,0.00056228666311505088,-0.00049001454185764956,-0.01571159954603802,0,0.19473427404664415
5.3049999999999997,approach_stop,40,40,0.20000000000000001,0.0050000000000000001,2.8357156502343748,0.58325268750000026,-0.95388749999999956,0,3.2000000000000002,0,2.9983648301658725,-0.66059907320629352,0,3.2009067790264698,0,-0.0061988411981969728,free_flight_controlled,sep_nmpc_adapted,formal_acados,4.0650115436870493,0,0.59753771664192734,0.84164671352117681,0.31803901792290956,-0.02684072195816678,1.1344621271917374,1.4142135624445154e-10,-1.0927359288236027,-1.3694625748385236,-1.3694625748385236,false,false,5.7280889999999998,0,0,false,0,-0.20982799988409742,0,131.04627678779758,131.04627678779758,0,0.94473671004183568,0,0,0.94473671004183568,0,0,-0.096565955446419396,-0.0065850817033989012,-0.0056824044766553977,-0.0044837864845913003,-0.0045221379459847036,0.021863580036847168,0.003012256832348968,0.0006250427337749165,-0.00040121780054432993,-0.014722727703944408,0,0.20048574313406459
5.3100000000000005,approach_stop,40,40,0.20000000000000001,0.0050000000000000001,2.8386199537500003,0.57846149999999952,-0.9625500000000009,0,3.2000000000000002,0,2.9950401828158708,-0.66925886969201398,0,3.2008754312509065,0,-0.0063403536031609994,free_flight_controlled,sep_nmpc_adapted,formal_acados,4.0611185492896187,0,0.59728128492657362,0.8410783664737479,0.31781218856111726,-0.02684072195816678,1.1344621271917374,1.4142135624445154e-10,-1.0927359288236027,-1.3694625748385236,-1.3694625748385236,false,false,5.7280889999999998,0,0,false,0,-0.20971202565996822,0,131.05540036397173,131.05540036397173,0,0.93653834650917367,0,0,0.93653834650917367,0,0,-0.0964545493703933,-0.0065677550730611966,-0.0056791521442073369,-0.0044856392787391676,-0.0045930270957592863,0.022698054599531895,0.0039165093964697939,0.00067388914918410257,-0.00034408037097954263,-0.013614586245974529,0,0.20631652077495327
5.3150000000000004,approach_stop,40,40,0.20000000000000001,0.0050000000000000001,2.8415001939843751,0.57362756249999958,-0.97098750000000067,0,3.2000000000000002,0,2.9916722499448833,-0.67791324744960557,0,3.2008433836741403,0,-0.0064787697396069743,free_flight_controlled,sep_nmpc_adapted,formal_acados,4.0571483613437795,0,0.59700856719763906,0.84047611139889622,0.31757134439170959,-0.02684072195816678,1.1344621271917374,1.4142135624445154e-10,-1.0927359288236027,-1.3694625748385236,-1.3694625748385236,false,false,5.7280889999999998,0,0,false,0,-0.20959144566052573,0,131.06446151249918,131.06446151249918,0,0.92853146979228096,0,0,0.92853146979228096,0,0,-0.096338811488113879,-0.0065460135002767201,-0.0056756775520928754,-0.0044872579514111466,-0.0046581091556721381,0.02359748725004198,0.0047757110944526733,0.00071481121668025662,-0.00030583351655558583,-0.012402050126887013,0,0.21222621229555713
5.3200000000000003,approach_stop,40,40,0.20000000000000001,0.0050000000000000001,2.8443561600000002,0.5687519999999997,-0.97920000000000051,0,3.2000000000000002,0,2.9882610591643535,-0.68656200248300236,0,3.2008106515804724,0,-0.0066141692016930317,free_flight_controlled,sep_nmpc_adapted,formal_acados,4.0531010500142441,0,0.59671954703504304,0.83983999084989069,0.31731648068152168,-0.02684072195816678,1.1344621271917374,1.4142135624445154e-10,-1.0927359288236027,-1.3694625748385236,-1.3694625748385236,false,false,5.7280889999999998,0,0,false,0,-0.20946644688159177,0,131.07346110180873,131.07346110180873,0,0.9207109334195609,0,0,0.9207109334195609,0,0,-0.096218404865037827,-0.0065201145722582343,-0.005672008649905011,-0.0044887139966484583,-0.0047168921578310602,0.024566398163136379,0.0055776870325656537,0.00075224420066613248,-0.00027785752932624354,-0.011096684198271305,0,0.21821442639169233
5.3250000000000002,approach_stop,40,40,0.20000000000000001,0.0050000000000000001,2.8471876464843753,0.56383593749999983,-0.98718750000000033,0,3.2000000000000002,0,2.9848066390592218,-0.69520494924704423,0,3.2007772498459985,0,-0.0067466356280933386,free_flight_controlled,sep_nmpc_adapted,formal_acados,4.0489766873755828,0,0.59641421560842967,0.83917004831636099,0.3170475946951189,-0.02684072195816678,1.1344621271917374,1.4142135624445154e-10,-1.0927359288236027,-1.3694625748385236,-1.3694625748385236,false,false,5.7280889999999998,0,0,false,0,-0.20933721052132229,0,131.08240026157361,131.08240026157361,0,0.91307152171187855,0,0,0.91307152171187855,0,0,-0.096092974586540467,-0.0064903662784969287,-0.005668154466670663,-0.0044900432908832263,-0.0047689362851107931,0.025607522992593643,0.0063142883725773764,0.00078936930857352507,-0.00025434446855143614,-0.0097079486256282464,0,0.22428077406497135
5.3300000000000001,approach_stop,40,40,0.20000000000000001,0.0050000000000000001,2.8499944537499999,0.55888049999999989,-0.99495000000000011,0,3.2000000000000002,0,2.9813090190976923,-0.70384191984990874,0,3.2007431929193402,0,-0.006876256326867493,free_flight_controlled,sep_nmpc_adapted,formal_acados,4.0447753475476178,0,0.59609257150489681,0.83846632844992552,0.31676468575877192,-0.02684072195816678,1.1344621271917374,1.4142135624445154e-10,-1.0927359288236027,-1.3694625748385236,-1.3694625748385236,false,false,5.7280889999999998,0,0,false,0,-0.20920391199781971,0,131.09128036723899,131.09128036723899,0,0.90560796482402051,0,0,0.90560796482402051,0,0,-0.095962155805393357,-0.0064571091130451947,-0.0056641106841583003,-0.0044912577625179032,-0.0048138455365601962,0.026722147294406716,0.0069805390606600369,0.00082838661643016924,-0.00023140156286270816,-0.0082440219248697023,0,0.23042486789051847
5.335,approach_stop,40,40,0.20000000000000001,0.0050000000000000001,2.8527763877343748,0.55388681250000005,-1.0024875,0,3.2000000000000002,0,2.9777682295448429,-0.71247276331141229,0,3.2007084948041511,0,-0.0070031219372153428,free_flight_controlled,sep_nmpc_adapted,formal_acados,4.0404971067605491,0,0.59575462070173246,0.83772887721570621,0.31646775531354571,-0.02684072195816678,1.1344621271917374,1.4142135624445154e-10,-1.0927359288236027,-1.3694625748385236,-1.3694625748385236,false,false,5.7280889999999998,0,0,false,0,-0.209066720976747,0,131.10010302594472,131.10010302594472,0,0.89831495186137433,0,0,0.89831495186137433,0,0,-0.095825580328697035,-0.0064207019000465139,-0.0056598639426087925,-0.0044923533574831118,-0.0048512628071132888,0.027910360697359957,0.0075739896354118574,0.00087074781268317591,-0.00020644635759118314,-0.0067123597335641662,0,0.23664632152430748
5.3399999999999999,approach_stop,40,40,0.20000000000000001,0.0050000000000000001,2.8555332600000001,0.54885600000000012,-1.0097999999999998,0,3.2000000000000002,0,2.9741843013798488,-0.72109734485240007,0,3.2006731690432595,0,-0.00712732611227698,free_flight_controlled,sep_nmpc_adapted,formal_acados,4.0361420433733235,0,0.59540037663257039,0.83695774199347472,0.31615680695984244,-0.02684072195816678,1.1344621271917374,1.4142135624445154e-10,-1.0927359288236027,-1.3694625748385236,-1.3694625748385236,false,false,5.7280889999999998,0,0,false,0,-0.20892580140768077,0,131.10887006314934,131.10887006314934,0,0.89118714270435728,0,0,0.89118714270435728,0,0,-0.095682882085775953,-0.0063815104476774142,-0.0056553950910961225,-0.0044933154989412836,-0.004880867274052951,0.029171253595398183,0.0080942241988477479,0.0009173458173559046,-0.00017779620475431764,-0.0051200697279740861,0,0.24294474938723093
5.3449999999999998,approach_stop,40,40,0.20000000000000001,0.0050000000000000001,2.858264887734375,0.54378918750000027,-1.0168874999999997,0,3.2000000000000002,0,2.9705572662164119,-0.72971554615032053,0,3.2006372287042573,0,-0.0072489655490061804,free_flight_controlled,sep_nmpc_adapted,formal_acados,4.0317102378190137,0,0.5950298604833828,0.83615297160260182,0.31583184650094759,-0.02684072195816678,1.1344621271917374,1.4142135624445154e-10,-1.0927359288236027,-1.3694625748385236,-1.3694625748385236,false,false,5.7280889999999998,0,0,false,0,-0.20878131156754479,0,131.11758352476656,131.11758352476656,0,0.88421916241579379,0,0,0.88421916241579379,0,0,-0.095533701855299399,-0.006339898289317622,-0.0056506814120074441,-0.0044941223411420241,-0.0049023744633325435,0.030502467450251723,0.0085428490205675545,0.00096947131703648459,-0.00014212916426832551,-0.00347932190657878,0,0.24931978128535964
5.3500000000000005,approach_stop,40,40,0.20000000000000001,0.0050000000000000001,2.8609710937500004,0.53868749999999943,-1.0237500000000008,0,3.2000000000000002,0,2.9668871560723651,-0.73832734340514539,0,3.2006006863119159,0,-0.0073681676405774532,free_flight_controlled,sep_nmpc_adapted,formal_acados,4.0272017542938698,0,0.59464317639407249,0.83531459822150478,0.3154928846677727,-0.055179089243381219,1.1551746775053582,1.4142135624406716e-10,-1.1423496853083535,-1.2564892609810605,-1.2564892609810605,false,false,5.7203850000000003,0,0,false,0,-0.20863340372636069,0,130.81643905887481,130.81643905887481,0,1.0514550581045032,0,0,1.0514550581045032,0,0,-0.095377791071915241,-0.0062961396743434197,-0.0056455840316296463,-0.0044944409258838745,-0.0049162785033733175,0.031848995270204163,0.0089678977625369388,0.0010837320866955845,4.9517892901141921e-05,-0.0021662686124732959,0,0.25577220210389262
5.3550000000000004,approach_stop,40,40,0.20000000000000001,0.0050000000000000001,2.8636517064843754,0.53355206249999954,-1.0303875000000005,0,3.2000000000000002,0,2.9631740618670528,-0.74690908615648333,0,3.2005632528054164,0,-0.0076054006725319,free_flight_controlled,sep_nmpc_adapted,formal_acados,4.0226166973727313,0,0.59424037132304175,0.83444263550567854,0.31514016628411146,-0.055179089243381219,1.1551746775053582,1.4142135624406716e-10,-1.1423496853083535,-1.2564892609810605,-1.2564892609810605,false,false,5.7203850000000003,0,0,false,0,-0.20847996133257515,0,130.83077286239504,130.83077286239504,0,1.0385321398442839,0,0,1.0385321398442839,0,0,-0.09521871248387892,-0.0062488580200299295,-0.0056397376782601847,-0.0044934404370552562,-0.0049247277229841251,0.031788769231701021,0.0099044665456175171,0.0013102774781444842,0.00035723623525728818,-0.0012702710525698819,0,0.2622869751910078
5.3600000000000003,approach_stop,40,40,0.20000000000000001,0.0050000000000000001,2.8663065599999999,0.52838399999999963,-1.0368000000000004,0,3.2000000000000002,0,2.9594180755734545,-0.75548409637802827,0,3.2005246449499203,0,-0.0078379021236641613,free_flight_controlled,sep_nmpc_adapted,formal_acados,4.0179551808008602,0,0.59382146251485879,0.83353710522740576,0.31477392726824222,-0.055179089243381219,1.1551746775053582,1.4142135624406716e-10,-1.1423496853083535,-1.2564892609810605,-1.2564892609810605,false,false,5.7203850000000003,0,0,false,0,-0.20831894805552978,0,130.84503141110619,130.84503141110619,0,1.025917903648192,0,0,1.025917903648192,0,0,-0.095059449938974819,-0.0061979480462363273,-0.005631621874473784,-0.0044909191465496399,-0.0049294626304464302,0.031934888555366567,0.010389501375592176,0.0020136464464039433,0.00064414561371308886,-0.00066287593628654325,0,0.26887726767548403
5.3650000000000002,approach_stop,40,40,0.20000000000000001,0.0050000000000000001,2.8689354939843752,0.52318443749999977,-1.0429875000000002,0,3.2000000000000002,0,2.955619231849318,-0.76405201092668362,0,3.2004848863198934,0,-0.0080657140605122132,free_flight_controlled,sep_nmpc_adapted,formal_acados,4.0132172537176514,0,0.59338665036430649,0.83259802186833343,0.31439416842843371,-0.055179089243381219,1.1551746775053582,1.4142135624406716e-10,-1.1423496853083535,-1.2564892609810605,-1.2564892609810605,false,false,5.7203850000000003,0,0,false,0,-0.20815066708103028,0,130.85921173115486,130.85921173115486,0,1.0136048658915229,0,0,1.0136048658915229,0,0,-0.094898935952992924,-0.0061456905447377927,-0.005618932918602236,-0.0044870450966059622,-0.0049316799132084945,0.032283396078557451,0.010473444123059374,0.003089649067621237,0.00092223997913684294,-0.00025273541878179058,0,0.27554222567700792
5.3700000000000001,approach_stop,40,40,0.20000000000000001,0.0050000000000000001,2.8715383537500001,0.51795449999999987,-1.04895,0,3.2000000000000002,0,2.9517775668883588,-0.77261254369912924,0,3.2004440002064571,0,-0.0082888991766815485,free_flight_controlled,sep_nmpc_adapted,formal_acados,4.0084029816203772,0,0.59293608075153059,0.83162541473201845,0.31400089018252503,-0.055179089243381219,1.1551746775053582,1.4142135624406716e-10,-1.1423496853083535,-1.2564892609810605,-1.2564892609810605,false,false,5.7203850000000003,0,0,false,0,-0.20797541231577368,0,130.87331189783666,130.87331189783666,0,1.0015845322763739,0,0,1.0015845322763739,0,0,-0.094736265824900967,-0.006093559290147277,-0.0056007347123492104,-0.0044813481479218957,-0.0049322441447853978,0.032793145527394416,0.010360421964129368,0.0041819195221801152,0.0013893840818633776,6.7668778736008353e-06,0,0.28228073068864445
5.375,approach_stop,40,40,0.20000000000000001,0.0050000000000000001,2.874114990234375,0.5126953125,-1.0546875,0,3.2000000000000002,0,2.9478931183604633,-0.78116538946497682,0,3.2004020095963019,0,-0.0085075165396811155,free_flight_controlled,sep_nmpc_adapted,formal_acados,4.0035124430218962,0,0.59246986009855296,0.83061932466143296,0.31359409322316995,-0.055179089243381219,1.1551746775053582,1.4142135624406716e-10,-1.1423496853083535,-1.2564892609810605,-1.2564892609810605,false,false,5.7203850000000003,0,0,false,0,-0.20779346866816015,0,130.88732993613462,130.88732993613462,0,0.98984931686029909,0,0,0.98984931686029909,0,0,-0.094570676361007425,-0.006042372816822383,-0.0055771595324425761,-0.0044728724520734326,-0.0049317723087092319,0.033449743340132808,0.010099427895102689,0.0052401530311122759,0.0020256252054612536,0.00016945552535156455,0,0.28909214566342545
5.3799999999999999,approach_stop,40,40,0.20000000000000001,0.0050000000000000001,2.8766652599999998,0.50740800000000008,-1.0601999999999998,0,3.2000000000000002,0,2.9439659254310477,-0.7897102603893319,0,3.2003589371688346,0,-0.0087216308938474763,free_flight_controlled,sep_nmpc_adapted,formal_acados,3.9985457245624652,0,0.59198808364855537,0.82957979913141744,0.31317378018542502,-0.055179089243381219,1.1551746775053582,1.4142135624406716e-10,-1.1423496853083535,-1.2564892609810605,-1.2564892609810605,false,false,5.7203850000000003,0,0,false,0,-0.20760511252499025,0,130.90126423939387,130.90126423939387,0,0.97839169043660301,0,0,0.97839169043660301,0,0,-0.094401461524986144,-0.0059928052513694282,-0.0055483933446072997,-0.0044608749397065843,-0.0049306479730752062,0.034241639185648563,0.0097175400825180638,0.0062561355635643318,0.0027934469534190414,0.00027261644264308483,0,0.29597592175637322
5.3849999999999998,approach_stop,40,40,0.20000000000000001,0.0050000000000000001,2.8791890252343748,0.50209368750000016,-1.0654874999999997,0,3.2000000000000002,0,2.9399960286424531,-0.79824689305333352,0,3.2003148052644397,0,-0.0089313129732961453,free_flight_controlled,sep_nmpc_adapted,formal_acados,3.9935029191152007,0,0.59149084188455159,0.82850689047274761,0.3127399557900753,-0.055179089243381219,1.1551746775053582,1.4142135624406716e-10,-1.1423496853083535,-1.2564892609810605,-1.2564892609810605,false,false,5.7203850000000003,0,0,false,0,-0.20741061181849818,0,130.91511358608793,130.91511358608793,0,0.96720409782449024,0,0,0.96720409782449024,0,0,-0.094227976194799321,-0.0059453861956055886,-0.0055146860548482583,-0.0044447565737873564,-0.0049291059438118278,0.035156152856284893,0.0092450032563303145,0.0072135517548027562,0.0036712500651104791,0.00033957259062614191,0,0.30293151161791226
5.3899999999999997,approach_stop,40,40,0.20000000000000001,0.0050000000000000001,2.8816861537499996,0.49675350000000035,-1.0705499999999997,0,3.2000000000000002,0,2.9359834697987166,-0.80677504577749737,0,3.2002696358568175,0,-0.0091366385930116908,free_flight_controlled,sep_nmpc_adapted,formal_acados,3.98838412462672,0,0.59097822411973855,0.8274006548280034,0.31229262690028048,-0.055179089243381219,1.1551746775053582,1.4142135624406716e-10,-1.1423496853083535,-1.2564892609810605,-1.2564892609810605,false,false,5.7203850000000003,0,0,false,0,-0.20721022611387882,0,130.9288771005582,130.9288771005582,0,0.95627900120664122,0,0,0.95627900120664122,0,0,-0.094049639923678,-0.0059004915697588667,-0.0054763781323289799,-0.0044240023042967846,-0.0049272878091319349,0.036180202679778131,0.0087126778636065546,0.0080932009040633121,0.0046460871586157804,0.00038497374574390255,0,0.30995837086778605
5.3950000000000005,approach_stop,40,40,0.20000000000000001,0.0050000000000000001,2.8841565189843754,0.49138856249999951,-1.0753875000000004,0,3.2000000000000002,0,2.9319282918628158,-0.81529449630191642,0,3.2002234505296947,0,-0.0093376878158553701,free_flight_controlled,sep_nmpc_adapted,formal_acados,3.9831894433574231,0,0.59045032088750671,0.82626115149460733,0.31183180256677867,-0.055179089243381219,1.1551746775053582,1.4142135624406716e-10,-1.1423496853083535,-1.2564892609810605,-1.2564892609810605,false,false,5.7203850000000003,0,0,false,0,-0.20700420672420836,0,130.94255421648992,130.94255421648992,0,0.94560891514190692,0,0,0.94560891514190692,0,0,-0.093865937443267364,-0.0058583455521860677,-0.0054339056502561408,-0.0043981501617263302,-0.004925276445600704,0.037300884016856564,0.008150127527919597,0.0088765169625407443,0.0057090758508899931,0.00041808011284942515,0,0.31705595951884125
5.4000000000000004,approach_stop,40,40,0.20000000000000001,0.0050000000000000001,2.8866000000000001,0.4859999999999996,-1.0800000000000003,0,3.2000000000000002,0,2.9278305388646748,-0.82380503980080022,0,3.2001762704574697,0,-0.0095345442137023811,free_flight_controlled,sep_nmpc_adapted,formal_acados,3.9779189813701663,0,0.58990722558047237,0.82508844250549151,0.31135749406345486,-0.082707812086356691,1.1775386809618069,1.4142135624370033e-10,-1.1922952638422608,-1.1156255946846818,-1.1156255946846818,false,false,5.7266859999999999,0,0,false,0,-0.20679279684676813,0,130.57321177325684,130.57321177325684,0,1.152511810459083,0,0,1.152511810459083,0,0,-0.093676416609584034,-0.0058190307454210818,-0.0053877908876566304,-0.0043667786425465637,-0.0049231174726321342,0.038505916051130629,0.0075842252573563949,0.009547889153744488,0.0068525459572760083,0.00044479772310801539,0,0.32422374323234215
5.4050000000000002,approach_stop,40,40,0.20000000000000001,0.0050000000000000001,2.8890164814843753,0.48058893749999976,-1.0843875000000003,0,3.2000000000000002,0,2.9236903277849193,-0.83227764166877816,0,3.2001277444401919,0,-0.0098760509650406021,free_flight_controlled,sep_nmpc_adapted,formal_acados,3.97257294533815,0,0.58934874142489058,0.82388261755323067,0.31086999587396263,-0.082707812086356691,1.1775386809618069,1.4142135624370033e-10,-1.1922952638422608,-1.1156255946846818,-1.1156255946846818,false,false,5.7266859999999999,0,0,false,0,-0.20657340705504504,0,130.59391155695269,130.59391155695269,0,1.1345013666830297,0,0,1.1345013666830297,0,0,-0.093485215853421136,-0.0057803989082566972,-0.0053391236919333607,-0.0043294187244863527,-0.0049208346997154139,0.03797814051019046,0.0078639370116139057,0.0099101175558268927,0.0080982968774069609,0.00046831225587531797,0,0.33144025067991356
5.4100000000000001,approach_stop,40,40,0.20000000000000001,0.0050000000000000001,2.8914058537500003,0.47515649999999987,-1.0885500000000001,0,3.2000000000000002,0,2.9195077765504149,-0.8407410069083866,0,3.2000775286237775,0,-0.010210455710847924,free_flight_controlled,sep_nmpc_adapted,formal_acados,3.9671515439894858,0,0.58877467937467398,0.82264376743907086,0.31036959391668517,-0.082707812086356691,1.1775386809618069,1.4142135624370033e-10,-1.1922952638422608,-1.1156255946846818,-1.1156255946846818,false,false,5.7266859999999999,0,0,false,0,-0.20634354549053746,0,130.61450046085116,130.61450046085116,0,1.1169286450478118,0,0,1.1169286450478118,0,0,-0.093296221642967733,-0.0057406204438236099,-0.0052887029837804505,-0.0042857949610610015,-0.004918390143345712,0.037623682800722133,0.0080407110636668798,0.010260763037415223,0.0093350281351294237,0.00052725873436717944,0,0.33872428320535686
5.415,approach_stop,40,40,0.20000000000000001,0.0050000000000000001,2.893768012734375,0.46970381249999993,-1.0924875000000001,0,3.2000000000000002,0,2.9152829327729468,-0.84919457127781095,0,3.2000256584979514,0,-0.010537768183928703,free_flight_controlled,sep_nmpc_adapted,formal_acados,3.9616548976590709,0,0.58818513160470254,0.82137196488612407,0.30985628458168307,-0.082707812086356691,1.1775386809618069,1.4142135624370033e-10,-1.1922952638422608,-1.1156255946846818,-1.1156255946846818,false,false,5.7266859999999999,0,0,false,0,-0.20610363925808042,0,130.63497100360854,130.63497100360854,0,1.0997845205533348,0,0,1.0997845205533348,0,0,-0.09310857328887269,-0.0057002299258734675,-0.0052364272074251145,-0.0042362897182871631,-0.004915343055270153,0.037439365367703425,0.0081101429044420168,0.010653237476273798,0.010445193197608145,0.00071380048274440348,0,0.34607510980653511
5.4199999999999999,approach_stop,40,40,0.20000000000000001,0.0050000000000000001,2.8961028600000001,0.46423200000000009,-1.0961999999999998,0,3.2000000000000002,0,2.9110158467814453,-0.85763781097048708,0,3.1999721694743797,0,-0.010858009528663979,free_flight_controlled,sep_nmpc_adapted,formal_acados,3.9560831340840275,0,0.58758018139080515,0.82006728730258216,0.30933006602947771,-0.082707812086356691,1.1775386809618069,1.4142135624370033e-10,-1.1922952638422608,-1.1156255946846818,-1.1156255946846818,false,false,5.7266859999999999,0,0,false,0,-0.20585410418521569,0,130.65531636590757,130.65531636590757,0,1.0830596883515087,0,0,1.0830596883515087,0,0,-0.092921437526181469,-0.0056597305620917073,-0.0051820979271021434,-0.0041815754781019858,-0.0049110240038844422,0.037417902653695947,0.0080867749766335949,0.011080144208273452,0.011418171536873415,0.0010364762414850316,0,0.35349201251535617
5.4249999999999998,approach_stop,40,40,0.20000000000000001,0.0050000000000000001,2.8984103027343751,0.45874218750000018,-1.0996874999999999,0,3.2000000000000002,0,2.9067065714376374,-0.86607023617211776,0,3.1999170968353785,0,-0.011171210209153052,free_flight_controlled,sep_nmpc_adapted,formal_acados,3.9504363842996439,0,0.58695991549346005,0.81872981286200652,0.3087909382653608,-0.082707812086356691,1.1775386809618069,1.4142135624370033e-10,-1.1922952638422608,-1.1156255946846818,-1.1156255946846818,false,false,5.7266859999999999,0,0,false,0,-0.20559534486120648,0,130.67553030187565,130.67553030187565,0,1.0667447781946235,0,0,1.0667447781946235,0,0,-0.0927340207299438,-0.0056195422822468005,-0.0051255776439471283,-0.004122340568356757,-0.0049047486608809277,0.037550888744396299,0.0079885989928025827,0.011527018798524954,0.012253808367897105,0.0014961997869412744,0,0.36097426971524849
5.4299999999999997,approach_stop,40,40,0.20000000000000001,0.0050000000000000001,2.9006902537499997,0.45323550000000035,-1.1029499999999999,0,3.2000000000000002,0,2.9023551619719061,-0.87449138890000067,0,3.1998604756892028,0,-0.011477409316639913,free_flight_controlled,sep_nmpc_adapted,formal_acados,3.9447147823120372,0,0.58632442497331405,0.8173596203401311,0.30823890317413299,-0.082707812086356691,1.1775386809618069,1.4142135624370033e-10,-1.1922952638422608,-1.1156255946846818,-1.1156255946846818,false,false,5.7266859999999999,0,0,false,0,-0.20532775472297862,0,130.69560711262955,130.69560711262955,0,1.0508303880798759,0,0,1.0508303880798759,0,0,-0.092545572978700641,-0.0055799906977864544,-0.0050668088927597315,-0.0040592628936046773,-0.0048958360564111481,0.037829313796035102,0.0078351496369963615,0.011976562777802015,0.012956259151104601,0.0020907777535264065,0,0.36852115618676362
5.4350000000000005,approach_stop,40,40,0.20000000000000001,0.0050000000000000001,2.9029426314843754,0.44771306249999943,-1.1059875000000003,0,3.2000000000000002,0,2.897961675828971,-0.88290084108448308,0,3.199802340928418,0,-0.011776653971087628,free_flight_controlled,sep_nmpc_adapted,formal_acados,3.9389184648223821,0,0.5856738058648403,0.81595678899341106,0.30767396454925744,-0.082707812086356691,1.1775386809618069,1.4142135624370033e-10,-1.1922952638422608,-1.1156255946846818,-1.1156255946846818,false,false,5.7266859999999999,0,0,false,0,-0.20505171616131965,0,130.71554162328746,130.71554162328746,0,1.0353071120770614,0,0,1.0353071120770614,0,0,-0.092355390107081506,-0.0055413023535063714,-0.0050058246858970794,-0.0039929909282369613,-0.0048836231340880091,0.038243946635315877,0.0076463294149333744,0.012410125100596628,0.013532970746215069,0.0028153060271818393,0,0.37613194453134086
5.4400000000000004,approach_stop,40,40,0.20000000000000001,0.0050000000000000001,2.9051673600000001,0.44217599999999957,-1.1088000000000002,0,3.2000000000000002,0,2.8935261725228889,-0.89129819276442346,0,3.1997427271911878,0,-0.012068998752267319,free_flight_controlled,sep_nmpc_adapted,formal_acados,3.9330475709784243,0,0.58500815978437948,0.81452139845553539,0.30709612811723996,-0.082707812086356691,1.1775386809618069,1.4142135624370033e-10,-1.1922952638422608,-1.1156255946846818,-1.1156255946846818,false,false,5.7266859999999999,0,0,false,0,-0.2047676006448918,0,130.73532916058133,130.73532916058133,0,1.0201655648849104,0,0,1.0201655648849104,0,0,-0.092162813924063988,-0.0055036056341732954,-0.0049427517532861882,-0.0039241297692034476,-0.0048674772827315659,0.038785683052403395,0.00744133117377376,0.012809089233867588,0.013993686288212692,0.0036625787180429182,0,0.38380590656768876
5.4450000000000003,approach_stop,40,40,0.20000000000000001,0.0050000000000000001,2.9073643689843749,0.43662543749999971,-1.1113875000000002,0,3.2000000000000002,0,2.8890487135006988,-0.89968307044254714,0,3.1996816688253147,0,-0.012354505170047068,free_flight_controlled,sep_nmpc_adapted,formal_acados,3.9271022421548749,0,0.58432759446773586,0.81305352865417613,0.30650540155779893,-0.082707812086356691,1.1775386809618069,1.4142135624370033e-10,-1.1922952638422608,-1.1156255946846818,-1.1156255946846818,false,false,5.7266859999999999,0,0,false,0,-0.20447576885927629,0,130.75496553157407,130.75496553157407,0,1.0053964024972364,0,0,1.0053964024972364,0,0,-0.091967230807538769,-0.0054669367085625449,-0.0048778072307555471,-0.0038532319923134232,-0.0048468068370336346,0.039445844846658529,0.0072377077190269243,0.013156096731250715,0.014349526596626239,0.0046234884896207981,0,0.39154231462365557
5.4500000000000002,approach_stop,40,40,0.20000000000000001,0.0050000000000000001,2.90953359375,0.43106249999999979,-1.11375,0,3.2000000000000002,0,2.8845293620138244,-0.90805512563223434,0,3.199619199854812,0,-0.012633241181808865,free_flight_controlled,sep_nmpc_adapted,formal_acados,3.9210826217631292,0,0.58363222423518224,0.81155325974930481,0.30590179452041388,-0.10911399086081963,1.2035039604126292,1.4142135624334061e-10,-1.2457440540787446,-0.94730942372661231,-0.94730942372661231,false,false,5.7158559999999996,0,0,false,0,-0.20417657085795315,0,130.32259309261309,130.32259309261309,0,1.2509200806309724,0,0,1.2509200806309724,0,0,-0.091768068949746581,-0.0054312496807245028,-0.0048112897486113915,-0.0037807928250298451,-0.0048210696330592169,0.040216419031490716,0.0070506240373116669,0.013436056720807974,0.014612187612750439,0.0056874020157293816,0,0.3993404426603418
5.4550000000000001,approach_stop,40,40,0.20000000000000001,0.0050000000000000001,2.9116749752343751,0.42548831249999991,-1.1158874999999999,0,3.2000000000000002,0,2.879968266995109,-0.91638036617922602,0,3.1995549150874187,0,-0.013080798116428797,free_flight_controlled,sep_nmpc_adapted,formal_acados,3.9149889672336853,0,0.58292182361495481,0.81002070023857631,0.30528565366732235,-0.10911399086081963,1.2035039604126292,1.4142135624334061e-10,-1.2457440540787446,-0.94730942372661231,-0.94730942372661231,false,false,5.7158559999999996,0,0,false,0,-0.2038669687439548,0,130.35062020100256,130.35062020100256,0,1.2274839324129394,0,0,1.2274839324129394,0,0,-0.091570215603755931,-0.0053939083814565471,-0.0047441788477348154,-0.0037071048850778584,-0.004789816566675831,0.038929963779525352,0.0078809608017303256,0.013409907574375209,0.014843067798016184,0.0068298038453552638,0,0.40717242211366461
5.46,approach_stop,40,40,0.20000000000000001,0.0050000000000000001,2.9137884600000001,0.419904,-1.1177999999999999,0,3.2000000000000002,0,2.8753655789419277,-0.92469221265626245,0,3.1994884183302195,0,-0.013518020373357718,free_flight_controlled,sep_nmpc_adapted,formal_acados,3.9088215360069478,0,0.58219617888700081,0.80845595706502016,0.30465731466004459,-0.10911399086081963,1.2035039604126292,1.4142135624334061e-10,-1.2457440540787446,-0.94730942372661231,-0.94730942372661231,false,false,5.7158559999999996,0,0,false,0,-0.20354404061208689,0,130.37847150605884,130.37847150605884,0,1.204638649557245,0,0,1.204638649557245,0,0,-0.091378225229651999,-0.0053527312471413962,-0.0046771125600838471,-0.0036325653993849677,-0.0047526196985745164,0.037872210133481306,0.0085833784624694699,0.013418060171686157,0.01495516028556146,0.0080623656253803432,0,0.41506244868873554
5.4649999999999999,approach_stop,40,40,0.20000000000000001,0.0050000000000000001,2.9158740002343748,0.41431068750000016,-1.1194875,0,3.2000000000000002,0,2.8707213667445761,-0.93298990543167848,0,3.1994197612917392,0,-0.013944895840972884,free_flight_controlled,sep_nmpc_adapted,formal_acados,3.9025804730907172,0,0.58145543603217054,0.80685910634614111,0.30401676722861731,-0.10911399086081963,1.2035039604126292,1.4142135624334061e-10,-1.2457440540787446,-0.94730942372661231,-0.94730942372661231,false,false,5.7158559999999996,0,0,false,0,-0.20320835403788676,0,130.40613422388807,130.40613422388807,0,1.1823726464467883,0,0,1.1823726464467883,0,0,-0.091190953660628196,-0.0053083714528082962,-0.0046099275617651533,-0.0035577294654730103,-0.0047090682204304546,0.037043069090514504,0.0091532732454325492,0.013456409919866269,0.014964593509878645,0.0093687929781670239,0,0.423009594734442
5.4699999999999998,approach_stop,40,40,0.20000000000000001,0.0050000000000000001,2.9179315537499999,0.40870950000000028,-1.1209499999999999,0,3.2000000000000002,0,2.8660357029693992,-0.94127273347366958,0,3.1993489957024268,0,-0.014361427723986407,free_flight_controlled,sep_nmpc_adapted,formal_acados,3.8962659248543301,0,0.58069974918437006,0.80523022188493087,0.303364002601472,-0.10911399086081963,1.2035039604126292,1.4142135624334061e-10,-1.2457440540787446,-0.94730942372661231,-0.94730942372661231,false,false,5.7158559999999996,0,0,false,0,-0.20286046204860081,0,130.43359648404743,130.43359648404743,0,1.1606741562710878,0,0,1.1606741562710878,0,0,-0.091007262082149126,-0.0052614934373320568,-0.0045424924730322865,-0.0034830637092865763,-0.0046588367130847982,0.036440518136283434,0.0095906307386963395,0.013516488036348098,0.014890417204849094,0.010731335444744489,0,0.43101292744597341
5.4750000000000005,approach_stop,40,40,0.20000000000000001,0.0050000000000000001,2.9199610839843753,0.4031015624999994,-1.1221875000000001,0,3.2000000000000002,0,2.8613086636192189,-0.94954003296955547,0,3.1992761732398391,0,-0.0147676339197041,free_flight_controlled,sep_nmpc_adapted,formal_acados,3.8898780389582273,0,0.57992928076673655,0.80356937533900841,0.30269901357713874,-0.10911399086081963,1.2035039604126292,1.4142135624334061e-10,-1.2457440540787446,-0.94730942372661231,-0.94730942372661231,false,false,5.7158559999999996,0,0,false,0,-0.20250090315929015,0,130.4608473114352,130.4608473114352,0,1.1395312544310636,0,0,1.1395312544310636,0,0,-0.090826026223960923,-0.0052127517261701698,-0.0044747265511944096,-0.003408934847358941,-0.0046016907708555004,0.036060797224948912,0.0098993040268950776,0.013586722910517917,0.014753334717781563,0.012131446767826404,0,0.4390715096668813
5.4800000000000004,approach_stop,40,40,0.20000000000000001,0.0050000000000000001,2.9219625600000003,0.39748799999999951,-1.1232,0,3.2000000000000002,0,2.8565403279009742,-0.95779118581091915,0,3.1992013454568324,0,-0.015163546351689768,free_flight_controlled,sep_nmpc_adapted,formal_acados,3.8834169643328025,0,0.57914420150301071,0.80187663643182827,0.30202179459397233,-0.10911399086081963,1.2035039604126292,1.4142135624334061e-10,-1.2457440540787446,-0.94730942372661231,-0.94730942372661231,false,false,5.7158559999999996,0,0,false,0,-0.20213020142252894,0,130.4878766051838,130.4878766051838,0,1.11893188326407,0,0,1.11893188326407,0,0,-0.090646144500190998,-0.0051627735260313017,-0.0044066119961790043,-0.0033356045315932775,-0.0045374893820920694,0.035898630830102585,0.010086236166030721,0.013653719676781953,0.014574469196893808,0.013550417163845817,0,0.44718440081026356
5.4850000000000003,approach_stop,40,40,0.20000000000000001,0.0050000000000000001,2.923935956484375,0.39186993749999965,-1.1239875000000001,0,3.2000000000000002,0,2.8517307780011856,-0.96602561799052888,0,3.1991245637131551,0,-0.015549210272265013,free_flight_controlled,sep_nmpc_adapted,formal_acados,3.8768828512027178,0,0.57834469031101454,0.80015207320153225,0.30133234179695417,-0.10911399086081963,1.2035039604126292,1.4142135624334061e-10,-1.2457440540787446,-0.94730942372661231,-0.94730942372661231,false,false,5.7158559999999996,0,0,false,0,-0.20174886649564014,0,130.5146751150339,130.5146751150339,0,1.098863877294046,0,0,1.098863877294046,0,0,-0.090466545006571406,-0.0051121452351761991,-0.0043381999774328352,-0.0032632301435976071,-0.0044661842758088963,0.035947460653988378,0.010160679554539694,0.013703480247685352,0.014374227161119177,0.014969950583846729,0,0.45535065782529416
5.4900000000000002,approach_stop,40,40,0.20000000000000001,0.0050000000000000001,2.9258812537500001,0.38624849999999977,-1.1245499999999999,0,3.2000000000000002,0,2.8468800988695646,-0.97424279795014468,0,3.1990458791105891,0,-0.015924683546889834,free_flight_controlled,sep_nmpc_adapted,formal_acados,3.8702758511514381,0,0.57753093408957645,0.79839575228187354,0.30063065310114045,-0.10911399086081963,1.2035039604126292,1.4142135624334061e-10,-1.2457440540787446,-0.94730942372661231,-0.94730942372661231,false,false,5.7158559999999996,0,0,false,0,-0.20135739372541245,0,130.54123441581106,130.54123441581106,0,1.0793149883123494,0,0,1.0793149883123494,0,0,-0.090286191355268067,-0.0050614027710371573,-0.0042696108453164992,-0.0031918709190603572,-0.0043878165649717214,0.036199675913049532,0.010133456170282202,0.013722500158267941,0.014171310238743622,0.016372665773346829,0,0.46356933614272783
5.4950000000000001,approach_stop,40,40,0.20000000000000001,0.0050000000000000001,2.9277984377343751,0.38062481249999991,-1.1248875,0,3.2000000000000002,0,2.8419883780109436,-0.98244223491084459,0,3.1989653424316797,0,-0.016290035933205299,free_flight_controlled,sep_nmpc_adapted,formal_acados,3.8635961172196023,0,0.5767031274130916,0.79660773920865868,0.29991672825133747,-0.10911399086081963,1.2035039604126292,1.4142135624334061e-10,-1.2457440540787446,-0.94730942372661231,-0.94730942372661231,false,false,5.7158559999999996,0,0,false,0,-0.20095626424979712,0,130.56754688062574,130.56754688062574,0,1.0602729097579822,0,0,1.0602729097579822,0,0,-0.090104087386523937,-0.0050110254212889765,-0.0042010292692842479,-0.0031214985632778531,-0.0043025111074541491,0.036646830836791405,0.010016292778456127,0.013698694405629862,0.013981911914804359,0.0177425061821503,0,0.47183949054437146
5.5,approach_stop,40,40,0.20000000000000001,0.0050000000000000001,2.9296875,0.375,-1.125,0,3.2000000000000002,0,2.8370557052855445,-0.99062347721000932,0,3.1988830040820662,0,-0.016645348365589799,free_flight_controlled,sep_nmpc_adapted,formal_acados,3.8568438040301984,0,0.57586147214958339,0.79478809874465395,0.29919056887761719,-0.13422451285593384,1.2297863952231711,1.4142135624301173e-10,-1.2988778042208395,-0.75226146648025749,-0.75226146648025749,false,false,5.720923,0,0,false,0,-0.20054594511576457,0,130.07917334148271,130.07917334148271,0,1.3429924947948364,0,0,1.3429924947948364,0,0,-0.08991928084096068,-0.0049614327798434702,-0.0041326952431958433,-0.0030520113704098515,-0.0042104690646605977,0.037279841897845216,0.0098212548468144915,0.013622120884906256,0.013819121884889214,0.019065050058144753,0,0.48016017591490989
5.5049999999999999,approach_stop,40,40,0.20000000000000001,0.0050000000000000001,2.9315484377343748,0.36937518750000015,-1.1248875,0,3.2000000000000002,0,2.8320822668382983,-0.99874838724069581,0,3.1987984142374728,0,-0.017190602043492775,free_flight_controlled,sep_nmpc_adapted,formal_acados,3.850019192826192,0,0.5750057802383417,0.79293692598789367,0.29845256549200394,-0.13422451285593384,1.2297863952231711,1.4142135624301173e-10,-1.2988778042208395,-0.75226146648025749,-0.75226146648025749,false,false,5.720923,0,0,false,0,-0.2001229759912892,0,130.11520032215643,130.11520032215643,0,1.314025503838272,0,0,1.314025503838272,0,0,-0.089737151219327377,-0.0049100599491471459,-0.0040656007329376307,-0.0029830766603854185,-0.0041120050312122101,0.03558454116635057,0.010706867531223413,0.013223000770152876,0.013752994967193143,0.020311820379517544,0,0.48849706100090795
5.5099999999999998,approach_stop,40,40,0.20000000000000001,0.0050000000000000001,2.9333812537499999,0.36375150000000023,-1.1245499999999999,0,3.2000000000000002,0,2.8270682507355347,-1.0068543897802398,0,3.1987111335535849,0,-0.017721661802906401,free_flight_controlled,sep_nmpc_adapted,formal_acados,3.8431225646831217,0,0.57413587519201403,0.79105431394758707,0.29770309549110369,-0.13422451285593384,1.2297863952231711,1.4142135624301173e-10,-1.2988778042208395,-0.75226146648025749,-0.75226146648025749,false,false,5.720923,0,0,false,0,-0.19968402944088004,0,130.15096253075745,130.15096253075745,0,1.2858153897296916,0,0,1.2858153897296916,0,0,-0.089562701718220478,-0.0048548714570933087,-0.0040003108936116187,-0.0029145119708844499,-0.0040074428051847183,0.034208472656566354,0.011346102511823997,0.012900897108944277,0.013672477017115072,0.02150228661727531,0,0.49687963279614505
5.5149999999999997,approach_stop,40,40,0.20000000000000001,0.0050000000000000001,2.935185956484375,0.35813006250000035,-1.1239875000000001,0,3.2000000000000002,0,2.8220137537892684,-1.0149405860878622,0,3.1986212330229318,0,-0.018238521000683308,free_flight_controlled,sep_nmpc_adapted,formal_acados,3.8361540755795516,0,0.57325198953448731,0.78914032179028315,0.2969421363660068,-0.13422451285593384,1.2297863952231711,1.4142135624301173e-10,-1.2988778042208395,-0.75226146648025749,-0.75226146648025749,false,false,5.720923,0,0,false,0,-0.19922981966856895,0,130.18644185138257,130.18644185138257,0,1.2583468400670204,0,0,1.2583468400670204,0,0,-0.08939434484162323,-0.0047971053751028232,-0.0039364392045989124,-0.002846366588671558,-0.0038970943367387053,0.033147545519420347,0.011737974383436831,0.012655179850893409,0.013586942863544432,0.022624353243554874,0,0.50530670001772726
5.5200000000000005,approach_stop,40,40,0.20000000000000001,0.0050000000000000001,2.93696256,0.35251199999999949,-1.1232,0,3.2000000000000002,0,2.8169188771434213,-1.0230061417325602,0,3.1985287836192473,0,-0.018741193641275397,free_flight_controlled,sep_nmpc_adapted,formal_acados,3.829113883483712,0,0.57235436164056952,0.78719500634029071,0.29616966707991194,-0.13422451285593384,1.2297863952231711,1.4142135624301173e-10,-1.2988778042208395,-0.75226146648025749,-0.75226146648025749,false,false,5.720923,0,0,false,0,-0.19876104205077982,0,130.22162145534531,130.22162145534531,0,1.2316042816319497,0,0,1.2316042816319497,0,0,-0.089230522331502762,-0.0047379833705792542,-0.0038736192373743619,-0.0027786391683457291,-0.0037813305340908547,0.032394212633910277,0.011889857233355349,0.012478667346539915,0.013507099701778404,0.023666607639412814,0,0.51377706275769996
5.5250000000000004,approach_stop,40,40,0.20000000000000001,0.0050000000000000001,2.9387110839843751,0.3468984374999996,-1.1221874999999999,0,3.2000000000000002,0,2.8117837259585667,-1.0310502840104305,0,3.1984338561965897,0,-0.019229713516558437,free_flight_controlled,sep_nmpc_adapted,formal_acados,3.8220021484985565,0,0.57144323522594487,0.78521842253998975,0.29538566817385614,-0.13422451285593384,1.2297863952231711,1.4142135624301173e-10,-1.2988778042208395,-0.75226146648025749,-0.75226146648025749,false,false,5.720923,0,0,false,0,-0.19827837316978167,0,130.25648577652828,130.25648577652828,0,1.2055719265679257,0,0,1.2055719265679257,0,0,-0.089069721518472825,-0.0046786716802994406,-0.0038115338910671508,-0.0027112736544358191,-0.0036605767459298708,0.031937855747297052,0.011816343287791809,0.012359061356137353,0.01344395167597397,0.024618755654798489,0,0.52228951362895892
5.5300000000000002,approach_stop,40,40,0.20000000000000001,0.0050000000000000001,2.9404315537499999,0.34129049999999977,-1.1209499999999999,0,3.2000000000000002,0,2.8066084091103485,-1.0390722990867116,0,3.1983365213926942,0,-0.019704133279327091,free_flight_controlled,sep_nmpc_adapted,formal_acados,3.8148190330281428,0,0.57051885877520081,0.78321062391779439,0.29459012186557032,-0.13422451285593384,1.2297863952231711,1.4142135624301173e-10,-1.2988778042208395,-0.75226146648025749,-0.75226146648025749,false,false,5.720923,0,0,false,0,-0.19778247087705539,0,130.29102048189114,130.29102048189114,0,1.1802338213266792,0,0,1.1802338213266792,0,0,-0.088910489576863497,-0.0046202482157504769,-0.0037499371532009411,-0.0026441603450082798,-0.0035353061740681377,0.031765234164318264,0.011537945318744861,0.012280484069300114,0.013407791073552095,0.025472009452640512,0,0.53084283920890996
5.5350000000000001,approach_stop,40,40,0.20000000000000001,0.0050000000000000001,2.9421240002343749,0.33568931249999984,-1.1194875,0,3.2000000000000002,0,2.801393038902674,-1.0470715289562036,0,3.1982368495371141,0,-0.020164523451079261,free_flight_controlled,sep_nmpc_adapted,formal_acados,3.8075647019593721,0,0.56958148492088589,0.78117166305669816,0.29378301214005076,-0.13422451285593384,1.2297863952231711,1.4142135624301173e-10,-1.2988778042208395,-0.75226146648025749,-0.75226146648025749,false,false,5.720923,0,0,false,0,-0.19727397439163152,0,130.32521243711625,130.32521243711625,0,1.1555738967522142,0,0,1.1555738967522142,0,0,-0.08875144543144689,-0.0045636763790035655,-0.0036886681348031729,-0.0025771417873883184,-0.0034060315177958937,0.031860971248237814,0.011079722791753278,0.012225015407903397,0.013407284699707202,0.026219403444568821,0,0.53943582167203574
5.54,approach_stop,40,40,0.20000000000000001,0.0050000000000000001,2.9437884599999999,0.33009599999999995,-1.1177999999999999,0,3.2000000000000002,0,2.7961377307963864,-1.0550473683080803,0,3.198134910564479,0,-0.020610971372245532,free_flight_controlled,sep_nmpc_adapted,formal_acados,3.8002393228523759,0,0.56863136978990036,0.7791015920559895,0.29296432483117307,-0.13422451285593384,1.2297863952231711,1.4142135624301173e-10,-1.2988778042208395,-0.75226146648025749,-0.75226146648025749,false,false,5.720923,0,0,false,0,-0.19675350443331016,0,130.35904966780799,130.35904966780799,0,1.1315760177991514,0,0,1.1315760177991514,0,0,-0.088591289186971539,-0.004509785786411845,-0.0036276576047946487,-0.0025100228854794534,-0.0032732952571987522,0.032208055071986368,0.010469903787679384,0.012174142689627382,0.013448710897863448,0.026856020326241292,0,0.54806724050802225
5.5449999999999999,approach_stop,40,40,0.20000000000000001,0.0050000000000000001,2.9454249752343751,0.32451168750000009,-1.1158874999999999,0,3.2000000000000002,0,2.7908426031536853,-1.0629992613709038,0,3.1980307739331093,0,-0.021043580109240768,free_flight_controlled,sep_nmpc_adapted,formal_acados,3.7928430661324786,0,0.56766877233471003,0.77700046297879333,0.29213404769387991,-0.13422451285593384,1.2297863952231711,1.4142135624301173e-10,-1.2988778042208395,-0.75226146648025749,-0.75226146648025749,false,false,5.720923,0,0,false,0,-0.19622166338967964,0,130.39252131696716,130.39252131696716,0,1.1082240316102436,0,0,1.1082240316102436,0,0,-0.088428809062982644,-0.0044592597626700193,-0.0035669276468660908,-0.0024425843577995016,-0.003137659055892581,0.032788332466903249,0.0097385642172731351,0.012110051659711801,0.013535387674235462,0.027379115980817072,0,0.55673587423339166
5.5499999999999998,approach_stop,40,40,0.20000000000000001,0.0050000000000000001,2.9470335937500001,0.31893750000000015,-1.11375,0,3.2000000000000002,0,2.785507776998239,-1.0709266988020563,0,3.1979245085491681,0,-0.021462467336784342,free_flight_controlled,sep_nmpc_adapted,formal_acados,3.7853761052766028,0,0.56669395366714181,0.77486832827836383,0.29129217046663758,-0.15796796821959225,1.2584422271135305,1.4142135624269381e-10,-1.3548009154499949,-0.53070808933655811,-0.53070808933655811,false,false,5.7559319999999996,0,0,false,0,-0.19567903551503044,0,129.85527531724179,129.85527531724179,0,1.4273914984358353,0,0,1.4273914984358353,0,0,-0.088262885911687738,-0.0044126291900238746,-0.0035065853707874559,-0.0023745985224590143,-0.0029996928025851173,0.033582979177892748,0.0089164137184175752,0.01201670656436964,0.013667316581494272,0.027788138880291833,0,0.56544050201926155
5.5549999999999997,approach_stop,40,40,0.20000000000000001,0.0050000000000000001,2.9486143689843747,0.31337456250000034,-1.1113875000000002,0,3.2000000000000002,0,2.780133477831741,-1.0787883174650206,0,3.1978156281012495,0,-0.022089570570366437,free_flight_controlled,sep_nmpc_adapted,formal_acados,3.7778387518997141,0,0.56570673361447898,0.77270527406797307,0.29043912236747293,-0.15796796821959225,1.2584422271135305,1.4142135624269381e-10,-1.3548009154499949,-0.53070808933655811,-0.53070808933655811,false,false,5.7559319999999996,0,0,false,0,-0.19512174751297384,0,129.89977276708225,129.89977276708225,0,1.3928840927177162,0,0,1.3928840927177162,0,0,-0.088099631879381246,-0.0043669464963357997,-0.0034476169775342299,-0.002305648716249672,-0.002860007478972461,0.031729088885381576,0.0093376612563718236,0.011582471566345476,0.013909629638308146,0.028069993765465144,0,0.5741405954262242
5.5600000000000005,approach_stop,40,40,0.20000000000000001,0.0050000000000000001,2.95016736,0.30782399999999943,-1.1087999999999998,0,3.2000000000000002,0,2.7747199332556773,-1.0866246947541662,0,3.1977036581494822,0,-0.02269824320195165,free_flight_controlled,sep_nmpc_adapted,formal_acados,3.7702313185971854,0,0.56470693901342695,0.77051138534150809,0.2895753175273984,-0.15796796821959225,1.2584422271135305,1.4142135624269381e-10,-1.3548009154499949,-0.53070808933655811,-0.53070808933655811,false,false,5.7559319999999996,0,0,false,0,-0.19454607528315343,0,129.94389904173295,129.94389904173295,0,1.3593025257021374,0,0,1.3593025257021374,0,0,-0.087944770815974072,-0.0043197845235672496,-0.0033905500721754635,-0.0022355589201366361,-0.0027191454748054437,0.030225429362199158,0.009509008129513349,0.01125598185256755,0.014122685812490507,0.028259035800370577,0,0.58287045022214834
5.5650000000000004,approach_stop,40,40,0.20000000000000001,0.0050000000000000001,2.951692631484375,0.30228693749999958,-1.1059874999999997,0,3.2000000000000002,0,2.769267272048956,-1.094434814115975,0,3.197588690810298,0,-0.02328850282924546,free_flight_controlled,sep_nmpc_adapted,formal_acados,3.7625539839732536,0,0.56369484734059305,0.76828671192429765,0.28870071771789912,-0.15796796821959225,1.2584422271135305,1.4142135624269381e-10,-1.3548009154499949,-0.53070808933655811,-0.53070808933655811,false,false,5.7559319999999996,0,0,false,0,-0.19395287832981672,0,129.98763033576111,129.98763033576111,0,1.3266275155523637,0,0,1.3266275155523637,0,0,-0.087796579175173681,-0.0042723629280489043,-0.0033348572707394804,-0.0021644813149767159,-0.0025775678757846382,0.029060377278056285,0.0094438347185144423,0.011031361303060865,0.014304668351295943,0.028356427437720381,0,0.59162857220777632
5.5700000000000003,approach_stop,40,40,0.20000000000000001,0.0050000000000000001,2.9531902537499999,0.29676449999999971,-1.1029499999999999,0,3.2000000000000002,0,2.7637756278949213,-1.1022177297771274,0,3.1974708180487288,0,-0.023860392223414136,free_flight_controlled,sep_nmpc_adapted,formal_acados,3.7548069299975273,0,0.56267073656950883,0.76603130210260606,0.28781528618760788,-0.15796796821959225,1.2584422271135305,1.4142135624269381e-10,-1.3548009154499949,-0.53070808933655811,-0.53070808933655811,false,false,5.7559319999999996,0,0,false,0,-0.19334299296163365,0,130.03094452039332,130.03094452039332,0,1.2948396052538991,0,0,1.2948396052538991,0,0,-0.08765339939618795,-0.0042258142874927376,-0.003280059206247154,-0.0020925698367530617,-0.0024357301562011099,0.028219252172234102,0.0091633348464864543,0.010895564344312514,0.0144565330626547,0.02836329693997007,0,0.6004134609127556
5.5750000000000002,approach_stop,40,40,0.20000000000000001,0.0050000000000000001,2.954660302734375,0.29125781249999977,-1.0996874999999999,0,3.2000000000000002,0,2.7582451390361569,-1.1099725631842163,0,3.1973501315557749,0,-0.02441397811367373,free_flight_controlled,sep_nmpc_adapted,formal_acados,3.7469903420687798,0,0.56163488475090084,0.76374520303262294,0.28691898776302305,-0.15796796821959225,1.2584422271135305,1.4142135624269381e-10,-1.3548009154499949,-0.53070808933655811,-0.53070808933655811,false,false,5.7559319999999996,0,0,false,0,-0.19271723243842048,0,130.07382110445644,130.07382110445644,0,1.26391922083182,0,0,1.26391922083182,0,0,-0.087513653780859305,-0.0041811490289772072,-0.0032257559672196501,-0.0020199687455048653,-0.0022940816574838294,0.027684888937112587,0.0086948929726452431,0.010830162611989639,0.014581028393180099,0.028281014357087179,0,0.60922361161564687
5.5800000000000001,approach_stop,40,40,0.20000000000000001,0.0050000000000000001,2.9561028600000001,0.28576799999999997,-1.0961999999999998,0,3.2000000000000002,0,2.7526759479475964,-1.1176984993056989,0,3.1972267226318323,0,-0.024949349884973868,free_flight_controlled,sep_nmpc_adapted,formal_acados,3.7391044090828651,0,0.56058756958113254,0.76142846113526874,0.28601178893964291,-0.15796796821959225,1.2584422271135305,1.4142135624269381e-10,-1.3548009154499949,-0.53070808933655811,-0.53070808933655811,false,false,5.7559319999999996,0,0,false,0,-0.192076387153611,0,130.11624118881522,130.11624118881522,0,1.2338467295431328,0,0,1.2338467295431328,0,0,-0.087375855400246741,-0.004139228758148419,-0.0031716493605067949,-0.0019468061327981654,-0.0021530637255311549,0.027438248212293029,0.0080703630274730105,0.010813207866545561,0.014681713511865081,0.028111447417590283,0,0.61805751765124828
5.585,approach_stop,40,40,0.20000000000000001,0.0050000000000000001,2.9575180127343748,0.28029618750000002,-1.0924875000000001,0,3.2000000000000002,0,2.7470682010282483,-1.1253947829022914,0,3.1971006820768104,0,-0.025466618207494324,free_flight_controlled,sep_nmpc_adapted,formal_acados,3.731149323501902,0,0.55952906796441615,0.75908112247365367,0.28509365796264757,-0.15796796821959225,1.2584422271135305,1.4142135624269381e-10,-1.3548009154499949,-0.53070808933655811,-0.53070808933655811,false,false,5.7559319999999996,0,0,false,0,-0.19142122485594626,0,130.15818741515426,130.15818741515426,0,1.2046024962783508,0,0,1.2046024962783508,0,0,-0.087238615918873871,-0.0041007482419125052,-0.0031175559150324978,-0.0018731921847074703,-0.0020131066718064696,0.027459034084185988,0.0073243429626474272,0.010821054647801693,0.01476204938043167,0.027857172488278806,0,0.6269136728571949
5.5899999999999999,approach_stop,40,40,0.20000000000000001,0.0050000000000000001,2.9589058537500001,0.27484350000000018,-1.0885500000000001,0,3.2000000000000002,0,2.7414220483114522,-1.1330607148577267,0,3.196972100087216,0,-0.025965913626299814,free_flight_controlled,sep_nmpc_adapted,formal_acados,3.7231252814213018,0,0.55845965557789601,0.75670323310984966,0.28416456489713454,-0.15796796821959225,1.2584422271135305,1.4142135624269381e-10,-1.3548009154499949,-0.53070808933655811,-0.53070808933655811,false,false,5.7559319999999996,0,0,false,0,-0.19075249090814156,0,130.19964391051602,130.19964391051602,0,1.1761669366404237,0,0,1.1761669366404237,0,0,-0.08710065036940226,-0.0040662258553685561,-0.0030634110826001887,-0.0017992216779876839,-0.0018746258320373643,0.027726292052984654,0.00649252701256995,0.010830044039150015,0.014824623114008117,0.027521622040196068,0,0.63579057402238603
5.5949999999999998,approach_stop,40,40,0.20000000000000001,0.0050000000000000001,2.9602664814843749,0.2694110625000003,-1.0843875000000003,0,3.2000000000000002,0,2.7357376431931684,-1.1406956486457764,0,3.1968410661603159,0,-0.02644738514486181,free_flight_controlled,sep_nmpc_adapted,formal_acados,3.7150324826307308,0,0.55737960645011986,0.75429483943756248,0.28322448168810982,-0.15796796821959225,1.2584422271135305,1.4142135624269381e-10,-1.3548009154499949,-0.53070808933655811,-0.53070808933655811,false,false,5.7559319999999996,0,0,false,0,-0.19007090857932835,0,130.24059622927552,130.24059622927552,0,1.1485205655017052,0,0,1.1485205655017052,0,0,-0.086960779034896324,-0.0040360019297076607,-0.0030092655332912424,-0.0017249799265996583,-0.0017380170721949919,0.028218964656070107,0.0056102029368675374,0.010817971010750577,0.014870549319646355,0.027109156897891624,0,0.64468672321759057
5.6000000000000005,approach_stop,40,40,0.20000000000000001,0.0050000000000000001,2.9616000000000002,0.2639999999999994,-1.0799999999999996,0,3.2000000000000002,0,2.7300151421774643,-1.148298986992947,0,3.1967076690053235,0,-0.026911198836761501,free_flight_controlled,sep_nmpc_adapted,formal_acados,3.7068711306649655,0,0.5562891925638026,0.75185598848750124,0.28227338221059944,-0.1803757651207627,1.2897728010310845,1.4142135624238307e-10,-1.4143095653650184,-0.28293299743712041,-0.28293299743712041,false,false,5.8618509999999997,0,0,false,0,-0.18937717936735979,0,129.66347825696255,129.66347825696255,0,1.5030921427352923,0,0,1.5030921427352923,0,0,-0.086817926696703199,-0.004010244141613965,-0.0029552747742792244,-0.0016505512205282069,-0.0016036521327316376,0.028916387072914971,0.0047109452961182604,0.010765280487824644,0.014899074800958969,0.02662505844427621,0,0.6536006299105187
5.6050000000000004,approach_stop,40,40,0.20000000000000001,0.0050000000000000001,2.9629065189843753,0.25861143749999954,-1.0753874999999995,0,3.2000000000000002,0,2.724254811842195,-1.1558272122273481,0,3.1965713950715342,0,-0.02759805993202023,free_flight_controlled,sep_nmpc_adapted,formal_acados,3.6986415743576533,0,0.55518820114246048,0.74938676251545833,0.28131172842213409,-0.1803757651207627,1.2897728010310845,1.4142135624238307e-10,-1.4143095653650184,-0.28293299743712041,-0.28293299743712041,false,false,5.8618509999999997,0,0,false,0,-0.18866703179686975,0,129.71673962409787,129.71673962409787,0,1.4631057897307593,0,0,1.4631057897307593,0,0,-0.086679081835320221,-0.0039852470655033518,-0.0029025823771646939,-0.0015758066361242441,-0.001471912311097094,0.026625804052353319,0.0052808510436393964,0.01032304568867326,0.014984604606824735,0.026063299472058026,0,0.66248643444747612
5.6100000000000003,approach_stop,40,40,0.20000000000000001,0.0050000000000000001,2.9641861537500001,0.25324649999999965,-1.0705499999999997,0,3.2000000000000002,0,2.7184569212186749,-1.1633229106827958,0,3.196431744005944,0,-0.028262023631815784,free_flight_controlled,sep_nmpc_adapted,formal_acados,3.6903441635689331,0,0.55407642389900125,0.74688724235025827,0.28033996510958231,-0.1803757651207627,1.2897728010310845,1.4142135624238307e-10,-1.4143095653650184,-0.28293299743712041,-0.28293299743712041,false,false,5.8618509999999997,0,0,false,0,-0.18793635983711268,0,129.76950759902735,129.76950759902735,0,1.4242197640772079,0,0,1.4242197640772079,0,0,-0.086550788681694982,-0.0039579079786657614,-0.0028518235942008086,-0.0015008753782439575,-0.0013430852254392844,0.024695870211333425,0.0056476737835757353,0.0099916685176477463,0.014973640154401363,0.025460573243514157,0,0.67138229056980958
5.6150000000000002,approach_stop,40,40,0.20000000000000001,0.0050000000000000001,2.965439025234375,0.24790631249999973,-1.0654874999999997,0,3.2000000000000002,0,2.7126216358971758,-1.1707849132325494,0,3.1962888301682675,0,-0.028903144182186591,free_flight_controlled,sep_nmpc_adapted,formal_acados,3.6819791075073054,0,0.55295414068232907,0.74435747161012966,0.27935803395869141,-0.1803757651207627,1.2897728010310845,1.4142135624238307e-10,-1.4143095653650184,-0.28293299743712041,-0.28293299743712041,false,false,5.8618509999999997,0,0,false,0,-0.18718616865670643,0,129.82175199009774,129.82175199009774,0,1.3864113725337448,0,0,1.3864113725337448,0,0,-0.086431266980603508,-0.003929225658731746,-0.0028024569505549716,-0.0014262362523809772,-0.0012173681317038994,0.023116875481179508,0.0058193893574688335,0.0097645985317098474,0.014868508946232244,0.024819655759694716,0,0.68028642847520393
5.6200000000000001,approach_stop,40,40,0.20000000000000001,0.0050000000000000001,2.9666652600000001,0.24259199999999992,-1.0601999999999998,0,3.2000000000000002,0,2.7067491271177189,-1.1782121286352099,0,3.1961427675722174,0,-0.029521505546277207,free_flight_controlled,sep_nmpc_adapted,formal_acados,3.6735466188747052,0,0.5518216289645248,0.74179749175698639,0.27836587797268597,-0.1803757651207627,1.2897728010310845,1.4142135624238307e-10,-1.4143095653650184,-0.28293299743712041,-0.28293299743712041,false,false,5.8618509999999997,0,0,false,0,-0.18641743626266741,0,129.87344472200161,129.87344472200161,0,1.349657792514749,0,0,1.349657792514749,0,0,-0.086318791886591736,-0.0039001405849175275,-0.0027539935574845812,-0.0013523445295322311,-0.0010949478881825945,0.0218764441656185,0.0058111028088748354,0.0096276534778233849,0.014676093163617855,0.02414200136710342,0,0.68919707786094675
5.625,approach_stop,40,40,0.20000000000000001,0.0050000000000000001,2.967864990234375,0.2373046875,-1.0546875,0,3.2000000000000002,0,2.7008395713885833,-1.1856035402371403,0,3.1959936697405915,0,-0.030117220012199068,free_flight_controlled,sep_nmpc_adapted,formal_acados,3.6650469138132911,0,0.55067916370244696,0.73920734242470776,0.27736344157819548,-0.1803757651207627,1.2897728010310845,1.4142135624238307e-10,-1.4143095653650184,-0.28293299743712041,-0.28293299743712041,false,false,5.8618509999999997,0,0,false,0,-0.1856311137203917,0,129.92455979055882,129.92455979055882,0,1.3139361229060971,0,0,1.3139361229060971,0,0,-0.086211706073299477,-0.0038715029988798137,-0.0027060306005755332,-0.0012796123128026521,-0.00097600647496899628,0.020960030638759515,0.0056435420957784872,0.0095609133155435573,0.014406560490904117,0.023428181173321894,0,0.69811247005986943
5.6299999999999999,approach_stop,40,40,0.20000000000000001,0.0050000000000000001,2.9690383537499998,0.23204550000000013,-1.04895,0,3.2000000000000002,0,2.6948931501218758,-1.1929582025570642,0,3.1958416495672566,0,-0.030690426738679864,free_flight_controlled,sep_nmpc_adapted,formal_acados,3.6564802118695572,0,0.54952701716386709,0.7365870617476814,0.27635067072428587,-0.1803757651207627,1.2897728010310845,1.4142135624238307e-10,-1.4143095653650184,-0.28293299743712041,-0.28293299743712041,false,false,5.8618509999999997,0,0,false,0,-0.18482812540263341,0,129.97507321160256,129.97507321160256,0,1.2792234347716949,0,0,1.2792234347716949,0,0,-0.086108429268800399,-0.0038440487658775425,-0.0026582750848228504,-0.0012083953666005918,-0.00086072430843065525,0.020351448059134542,0.0053414608814823673,0.0095407012533033093,0.01407206416742929,0.022678320684077484,0,0.70703084046561537
5.6349999999999998,approach_stop,40,40,0.20000000000000001,0.0050000000000000001,2.970185493984375,0.22681556250000023,-1.0429875000000002,0,3.2000000000000002,0,2.6889100492862772,-1.2002752378498864,0,3.1956868191865277,0,-0.031241290253909065,free_flight_controlled,sep_nmpc_adapted,formal_acados,3.6478467359738618,0,0.54836545872032127,0.73393668668758461,0.27532751297378188,-0.1803757651207627,1.2897728010310845,1.4142135624238307e-10,-1.4143095653650184,-0.28293299743712041,-0.28293299743712041,false,false,5.8618509999999997,0,0,false,0,-0.18400936927154113,0,130.02496296468726,130.02496296468726,0,1.2454968203576291,0,0,1.2454968203576291,0,0,-0.086007465127033417,-0.0038183832502437839,-0.0026105577213042558,-0.0011389863347362663,-0.00074928143880867556,0.020033400577046112,0.0049320447993282104,0.0095415266442950668,0.013685500968322488,0.021892503986030102,0,0.71595043108049117
5.6399999999999997,approach_stop,40,40,0.20000000000000001,0.0050000000000000001,2.9713065599999999,0.22161600000000037,-1.0368000000000004,0,3.2000000000000002,0,2.6828904590768343,-1.2075538327325097,0,3.1955292898501169,0,-0.03176999893080068,free_flight_controlled,sep_nmpc_adapted,formal_acados,3.6391467124325367,0,0.54719475461395883,0.73125625335570243,0.27429391758693927,-0.1803757651207627,1.2897728010310845,1.4142135624238307e-10,-1.4143095653650184,-0.28293299743712041,-0.28293299743712041,false,false,5.8618509999999997,0,0,false,0,-0.18317571719170747,0,130.07420893283833,130.07420893283833,0,1.2127334390269628,0,0,1.2127334390269628,0,0,-0.085907405483987134,-0.0037949729778164404,-0.0025628374204927223,-0.0010716138677130975,-0.00064185686629715088,0.019987993297424941,0.0044434027781689173,0.0095378835162755922,0.013259400310874048,0.021071118433971643,0,0.72486949303328529
5.6450000000000005,approach_stop,40,40,0.20000000000000001,0.0050000000000000001,2.9724017064843751,0.21644793749999958,-1.0303874999999993,0,3.2000000000000002,0,2.6768345736013361,-1.2147932349384438,0,3.1953691718117132,0,-0.032276763465722114,free_flight_controlled,sep_nmpc_adapted,formal_acados,3.6303803709287066,0,0.54601516770849301,0.72854579732737046,0.27324983559764193,-0.1803757651207627,1.2897728010310845,1.4142135624238307e-10,-1.4143095653650184,-0.28293299743712041,-0.28293299743712041,false,false,5.8618509999999997,0,0,false,0,-0.18232801527133413,0,130.12279283975388,130.12279283975388,0,1.1809105590879923,0,0,1.1809105590879923,0,0,-0.085806932164669253,-0.0037741444880104108,-0.0025151973333285894,-0.0010064468574961618,-0.00053862632281387931,0.02019719889901106,0.0039032094783624217,0.0095058209696324957,0.012804999815183215,0.020215121223850038,0,0.73378628893702602
5.6500000000000004,approach_stop,40,40,0.20000000000000001,0.0050000000000000001,2.9734710937500002,0.21131249999999968,-1.0237499999999995,0,3.2000000000000002,0,2.67074259058248,-1.2219927502516841,0,3.1952065742191031,0,-0.032761815387179302,free_flight_controlled,sep_nmpc_adapted,formal_acados,3.6215479445274261,0,0.54482695723585406,0.72580535394494616,0.27219521988239531,-0.20156324656408264,1.0092769872317044,1.414213562449526e-10,-1.030636016634239,-0.03293299743712097,-0.03293299743712097,false,false,5.8582580000000002,0,0,false,0,-0.18146708422802693,0,129.5733333442864,129.5733333442864,0,1.5333570337721603,0,0,1.5333570337721603,0,0,-0.085704816599713463,-0.0037560894901669376,-0.0024678337398011908,-0.00094360274842193183,-0.00043975894060686898,0.020643264931190383,0.0033375478588926603,0.009424225911103529,0.012331543781331791,0.019326216892781162,0,0.74269909498394981
5.6550000000000002,approach_stop,40,40,0.20000000000000001,0.0050000000000000001,2.974514887734375,0.20621081249999973,-1.0168874999999997,0,3.2000000000000002,0,2.6646148107525791,-1.229111788256132,0,3.1950410219636183,0,-0.033458597312235605,free_flight_controlled,sep_nmpc_adapted,formal_acados,3.6126498013143507,0,0.5436299104215716,0.72303499056177156,0.27113051180544057,-0.20156324656408264,1.0092769872317044,1.414213562449526e-10,-1.030636016634239,-0.03293299743712097,-0.03293299743712097,false,false,5.8582580000000002,0,0,false,0,-0.18058874546862907,0,129.63416521154119,129.63416521154119,0,1.4893994103077448,0,0,1.4893994103077448,0,0,-0.085607915989341227,-0.0037371493692009779,-0.0024219413455483308,-0.00088293108742236047,-0.0003454458610843168,0.01812173792700203,0.0042307893413143383,0.0089417203603754502,0.011925211750066106,0.018396987327327391,0,0.75156233737400413
5.6600000000000001,approach_stop,40,40,0.20000000000000001,0.0050000000000000001,2.9755332600000002,0.20114399999999988,-1.0097999999999998,0,3.2000000000000002,0,2.6584515376922404,-1.2361898401247344,0,3.1948720529504455,0,-0.034128493169479412,free_flight_controlled,sep_nmpc_adapted,formal_acados,3.6036863098962861,0,0.54242381814847107,0.72023477220404575,0.2700561354213879,-0.20156324656408264,1.0092769872317044,1.414213562449526e-10,-1.030636016634239,-0.03293299743712097,-0.03293299743712097,false,false,5.8582580000000002,0,0,false,0,-0.17968898345916001,0,129.69435746494815,129.69435746494815,0,1.446687796320977,0,0,1.446687796320977,0,0,-0.085522627350926375,-0.0037143068843628725,-0.0023782095017760613,-0.00082449449148160091,-0.00025580249541631514,0.015999225448403296,0.0048972187931117786,0.0085597356371416924,0.011438825169337911,0.017458389921000808,0,0.76041287310655792
5.665,approach_stop,40,40,0.20000000000000001,0.0050000000000000001,2.9765263877343751,0.19611318749999995,-1.0024875,0,3.2000000000000002,0,2.6522529794773333,-1.2432256627667646,0,3.1946998012992962,0,-0.034771630874138759,free_flight_controlled,sep_nmpc_adapted,formal_acados,3.5946577076602635,0,0.54120894437323541,0.71740472818293022,0.26897201109592667,-0.20156324656408264,1.0092769872317044,1.414213562449526e-10,-1.030636016634239,-0.03293299743712097,-0.03293299743712097,false,false,5.8582580000000002,0,0,false,0,-0.17876891421916524,0,129.75387561084685,129.75387561084685,0,1.405196117124486,0,0,1.405196117124486,0,0,-0.085446973254119984,-0.0036886954136978261,-0.0023361501677658411,-0.00076866900547338231,-0.00017087610209159349,0.014268082697813975,0.0053385485741496508,0.0082710629634349057,0.010882787411442753,0.016510054953971211,0,0.76924872643033293
5.6699999999999999,approach_stop,40,40,0.20000000000000001,0.0050000000000000001,2.9774944537499999,0.19111950000000011,-0.99495000000000011,0,3.2000000000000002,0,2.6460193501793072,-1.2502181006300546,0,3.1945244004064954,0,-0.035388171687330786,free_flight_controlled,sep_nmpc_adapted,formal_acados,3.585564235073925,0,0.53998554947260569,0.71454488489461776,0.26787806052569663,-0.20156324656408264,1.0092769872317044,1.414213562449526e-10,-1.030636016634239,-0.03293299743712097,-0.03293299743712097,false,false,5.8582580000000002,0,0,false,0,-0.1778296230350539,0,129.81268772266111,129.81268772266111,0,1.3648981558673474,0,0,1.3648981558673474,0,0,-0.085379022442284305,-0.0036614195141430822,-0.0022953305362386615,-0.00071576912218202274,-9.0718374864489691e-05,0.012917553112079915,0.0055643761997943133,0.0080611205716261489,0.010271086880572419,0.015550665497812918,0,0.77806792670906011
5.6749999999999998,approach_stop,40,40,0.20000000000000001,0.0050000000000000001,2.9784376464843749,0.18616406250000017,-0.98718750000000033,0,3.2000000000000002,0,2.6397508694350886,-1.2571660824842963,0,3.1943459827824565,0,-0.035978308585581327,free_flight_controlled,sep_nmpc_adapted,formal_acados,3.5764061356445289,0,0.53875389013611896,0.71165526620944031,0.26677420687296793,-0.20156324656408264,1.0092769872317044,1.414213562449526e-10,-1.030636016634239,-0.03293299743712097,-0.03293299743712097,false,false,5.8582580000000002,0,0,false,0,-0.17687216470850692,0,129.87076438449807,129.87076438449807,0,1.3257676032096395,0,0,1.3257676032096395,0,0,-0.08531690431388568,-0.0036335189173677691,-0.0022554052224615729,-0.00066603333815798014,-1.5388867981150437e-05,0.011934209439795701,0.0055907890104061261,0.0079098477415416382,0.0096198980990300047,0.014578480513634097,0,0.78686851059561314
5.6799999999999997,approach_stop,40,40,0.20000000000000001,0.0050000000000000001,2.97935616,0.1812480000000003,-0.97920000000000051,0,3.2000000000000002,0,2.6334477620339372,-1.2640686180120082,0,3.1941646798973036,0,-0.036542264569168023,free_flight_controlled,sep_nmpc_adapted,formal_acados,3.5671836559005694,0,0.53751421921356413,0.70873589386663227,0.26566037489438021,-0.20156324656408264,1.0092769872317044,1.414213562449526e-10,-1.030636016634239,-0.03293299743712097,-0.03293299743712097,false,false,5.8582580000000002,0,0,false,0,-0.17589756383313929,0,129.92807862831782,129.92807862831782,0,1.2877781081978465,0,0,1.2877781081978465,0,0,-0.085258821073030691,-0.0036059398207708908,-0.0022161387381766217,-0.00061961672100081854,5.5044144952483458e-05,0.011302440009947895,0.0054388575981941427,0.0077936749778651981,0.0089461919467749961,0.013591832296446071,0,0.79564852454885426
5.6850000000000005,approach_stop,40,40,0.20000000000000001,0.0050000000000000001,2.9802501939843751,0.17637243749999953,-0.97098749999999923,0,3.2000000000000002,0,2.6271102575216299,-1.2709247943016475,0,3.1939806220350793,0,-0.037080290919922591,free_flight_controlled,sep_nmpc_adapted,formal_acados,3.5578970453922172,0,0.53626678552388074,0.70578678787058735,0.26453649106253951,-0.20156324656408264,1.0092769872317044,1.414213562449526e-10,-1.030636016634239,-0.03293299743712097,-0.03293299743712097,false,false,5.8582580000000002,0,0,false,0,-0.17490681510443712,0,129.98460586517942,129.98460586517942,0,1.2509033287481721,0,0,1.2509033287481721,0,0,-0.085203057395840012,-0.0035795137958297501,-0.0021774181839808375,-0.00057659021593666079,0.0001205051657022535,0.011004951616688654,0.0051331098481412043,0.0076874474150922037,0.0082664430921277274,0.012589565608906002,0,0.80440602752014889
5.6900000000000004,approach_stop,40,40,0.20000000000000001,0.0050000000000000001,2.9811199537499999,0.17153849999999959,-0.96254999999999935,0,3.2000000000000002,0,2.6207385898222508,-1.2777337723251716,0,3.1937939381567553,0,-0.037592665426782794,free_flight_controlled,sep_nmpc_adapted,formal_acados,3.5485465567060746,0,0.53501183363724691,0.70280796688382374,0.26340248368011515,-0.20156324656408264,1.0092769872317044,1.414213562449526e-10,-1.030636016634239,-0.03293299743712097,-0.03293299743712097,false,false,5.8582580000000002,0,0,false,0,-0.17390088366185175,0,130.04032381157026,130.04032381157026,0,1.2151169803354311,0,0,1.2151169803354311,0,0,-0.085147987594049748,-0.0035549442057997717,-0.0021392566623577858,-0.00053694601955623321,0.00018091496167296282,0.0110232638862886,0.0047000652708698428,0.0075661976431524672,0.007595506092029072,0.011571393205573561,0,0.81313909365234771
5.6950000000000003,approach_stop,40,40,0.20000000000000001,0.0050000000000000001,2.981965650234375,0.16674731249999974,-0.95388749999999956,0,3.2000000000000002,0,2.6143329968774838,-1.2844947834683511,0,3.1936047557721481,0,-0.038079690601653567,free_flight_controlled,sep_nmpc_adapted,formal_acados,3.5391324454889159,0,0.53374960364456947,0.69979944861143217,0.26225828298620868,-0.20156324656408264,1.0092769872317044,1.414213562449526e-10,-1.030636016634239,-0.03293299743712097,-0.03293299743712097,false,false,5.8582580000000002,0,0,false,0,-0.17288070546104004,0,130.09521241204658,130.09521241204658,0,1.1803928817822702,0,0,1.1803928817822702,0,0,-0.085092080372488318,-0.0035327996625779652,-0.0021017883774460738,-0.00050060803746211505,0.00023619558714217339,0.011338174265514839,0.0041668944879192467,0.0074066866188639661,0.0069457128819975563,0.010538150513823131,0,0.82184581485875041
5.7000000000000002,approach_stop,40,40,0.20000000000000001,0.0050000000000000001,2.9827875000000001,0.16199999999999981,-0.94499999999999973,0,3.2000000000000002,0,2.607893720303009,-1.2912071261675369,0,3.193413200820733,0,-0.038541691908603251,free_flight_controlled,sep_nmpc_adapted,formal_acados,3.5296549704746911,0,0.53248033092981673,0.69676125017168211,0.26110382125487841,-0.22182797255033804,0.39001592605286872,1.4142135629861176e-10,-0.14365117077858455,0.21706700256287881,0.21706700256287881,false,false,5.9567899999999998,0,0,false,0,-0.17184718767358018,0,129.58323508913389,129.58323508913389,0,1.5280312303899228,0,0,1.5280312303899228,0,0,-0.085033901369638759,-0.0035135137685168944,-0.0020652567343787697,-0.00046744622787043275,0.0002862764053019628,0.011930177517619531,0.0035602524775089515,0.0071886554300384393,0.0063262247884528248,0.0094919404494578016,0,0.83052430317873305
5.7050000000000001,approach_stop,40,40,0.20000000000000001,0.0050000000000000001,2.9835857252343749,0.15729768749999995,-0.93588749999999987,0,3.2000000000000002,0,2.6014210948596617,-1.2978341677649745,0,3.1932188433122555,0,-0.039200691784936806,free_flight_controlled,sep_nmpc_adapted,formal_acados,3.5201145124534499,0,0.53120380275300416,0.69369341759378822,0.25993951499489332,-0.22182797255033804,0.39001592605286872,1.4142135629861176e-10,-0.14365117077858455,0.21706700256287881,0.21706700256287881,false,false,5.9567899999999998,0,0,false,0,-0.17079626318089838,0,129.65010177545989,129.65010177545989,0,1.4814724213603203,0,0,1.4814724213603203,0,0,-0.084980066050147365,-0.0034936869685455525,-0.0020308914403613528,-0.00043706647715196205,0.00033107083604883985,0.0096108780759081285,0.0043572658807907831,0.0065645514814040252,0.0058218377143189216,0.0084273254069493937,0,0.83913115746616374
5.71,approach_stop,40,40,0.20000000000000001,0.0050000000000000001,2.9843605537500002,0.15264149999999999,-0.9265500000000001,0,3.2000000000000002,0,2.5949154581599303,-1.3044114312042521,0,3.1930212657684889,0,-0.039829687180787297,free_flight_controlled,sep_nmpc_adapted,formal_acados,3.510511452478982,0,0.52991980944695682,0.69059599431905172,0.25876576376889737,-0.22182797255033804,0.39001592605286872,1.4142135629861176e-10,-0.14365117077858455,0.21706700256287881,0.21706700256287881,false,false,5.9567899999999998,0,0,false,0,-0.16972402369712425,0,129.71617352457727,129.71617352457727,0,1.4362707389554401,0,0,1.4362707389554401,0,0,-0.084936745419254459,-0.0034705458047498516,-0.0019994153259458203,-0.0004092952212818429,0.00037057259259446509,0.0077246923307476983,0.0048851693220991668,0.006032913058877769,0.0052836837192555518,0.0073751730301378701,0,0.84770022349115626
5.7149999999999999,approach_stop,40,40,0.20000000000000001,0.0050000000000000001,2.9851122189843751,0.14803256250000019,-0.91698750000000029,0,3.2000000000000002,0,2.5883770621960496,-1.3109376920178772,0,3.1928206176547462,0,-0.040428904669282083,free_flight_controlled,sep_nmpc_adapted,formal_acados,3.5008460528859779,0,0.52862858884223374,0.68746899068992839,0.25758246830447173,-0.22182797255033804,0.39001592605286872,1.4142135629861176e-10,-0.14365117077858455,0.21706700256287881,0.21706700256287881,false,false,5.9567899999999998,0,0,false,0,-0.16863165995736218,0,129.78141380985042,129.78141380985042,0,1.3923966363259808,0,0,1.3923966363259808,0,0,-0.084901799629877969,-0.0034454266856836497,-0.0019703778548980796,-0.0003842844100163492,0.0004048474842318391,0.0062606697290327716,0.0051491938217276692,0.0055876557208545449,0.004719092461726155,0.0063367271058593026,0,0.85622940110595702
5.7199999999999998,approach_stop,40,40,0.20000000000000001,0.0050000000000000001,2.98584096,0.14347200000000027,-0.90720000000000045,0,3.2000000000000002,0,2.5818061648452817,-1.317411820192794,0,3.1926170472163613,0,-0.040998605497829653,free_flight_controlled,sep_nmpc_adapted,formal_acados,3.4911185788735883,0,0.52733037434161423,0.68431241402830667,0.25638953096325773,-0.22182797255033804,0.39001592605286872,1.4142135629861176e-10,-0.14365117077858455,0.21706700256287881,0.21706700256287881,false,false,5.9567899999999998,0,0,false,0,-0.16752032875028627,0,129.84578904854476,129.84578904854476,0,1.3498204563805087,0,0,1.3498204563805087,0,0,-0.084873152529660087,-0.0034196176980087595,-0.0019433778812894811,-0.0003621417391624969,0.00043396558766423755,0.0052043612186203451,0.0051632011573052904,0.0052154060471123866,0.0041382318040442878,0.0053125224722680624,0,0.864716603325421
5.7250000000000005,approach_stop,40,40,0.20000000000000001,0.0050000000000000001,2.986547021484375,0.13896093749999949,-0.89718749999999892,0,3.2000000000000002,0,2.5752030294065276,-1.3238327763946518,0,3.1924107013101541,0,-0.041539083670079052,free_flight_controlled,sep_nmpc_adapted,formal_acados,3.4813292984698339,0,0.52602539490758948,0.68112626906330631,0.25518685589642043,-0.22182797255033804,0.39001592605286872,1.4142135629861176e-10,-0.14365117077858455,0.21706700256287881,0.21706700256287881,false,false,5.9567899999999998,0,0,false,0,-0.16639115322607653,0,129.90926852747936,129.90926852747936,0,1.30851248973499,0,0,1.30851248973499,0,0,-0.084848807918651847,-0.0033943191465274874,-0.0019180954834590752,-0.00034291955963340994,0.00045799877213672694,0.0045383244914578413,0.0049481770704722294,0.0048973706442604044,0.0035528623968417096,0.00430281103792487,0,0.87315975912537425
5.7300000000000004,approach_stop,40,40,0.20000000000000001,0.0050000000000000001,2.9872306537500002,0.13450049999999958,-0.88694999999999913,0,3.2000000000000002,0,2.5685679241568611,-1.3301996079697171,0,3.1922017252455785,0,-0.042050663962589489,free_flight_controlled,sep_nmpc_adapted,formal_acados,3.4714784825125911,0,0.52471387502360223,0.67791055835573,0.25397434919195427,-0.22182797255033804,0.39001592605286872,1.4142135629861176e-10,-0.14365117077858455,0.21706700256287881,0.21706700256287881,false,false,5.9567899999999998,0,0,false,0,-0.16524522323794213,0,129.97182432146994,129.97182432146994,0,1.2684430340292101,0,0,1.2684430340292101,0,0,-0.084826863138586839,-0.0033706119828194373,-0.0018943141935716691,-0.00032661001734512129,0.0004770202976397608,0.00424268080632542,0.0045305993605114052,0.0046112870783375989,0.0029751059059199285,0.0033079595246514252,0,0.88155681665701457
5.7350000000000003,approach_stop,40,40,0.20000000000000001,0.0050000000000000001,2.9878921127343752,0.13009181249999968,-0.87648749999999931,0,3.2000000000000002,0,2.5619011219283911,-1.3365114448001856,0,3.1919902626359233,0,-0.042533699887625946,free_flight_controlled,sep_nmpc_adapted,formal_acados,3.4615664046435217,0,0.5233960346351505,0.6746652827151306,0.25275191901253707,-0.22182797255033804,0.39001592605286872,1.4142135629861176e-10,-0.14365117077858455,0.21706700256287881,0.21706700256287881,false,false,5.9567899999999998,0,0,false,0,-0.16408359572220244,0,130.03343120513694,130.03343120513694,0,1.2295824533120916,0,0,1.2295824533120916,0,0,-0.084805519813133903,-0.0033494345049641418,-0.0018719335273920945,-0.00031314614029094091,0.00049110626817636008,0.0042957096899560523,0.0039406764686702959,0.0043337352888920691,0.0024155472951223238,0.002329404619745172,0,0.88990574619902474
5.7400000000000002,approach_stop,40,40,0.20000000000000001,0.0050000000000000001,2.98853166,0.12573599999999985,-0.86579999999999957,0,3.2000000000000002,0,2.5552028996650176,-1.3427675204777236,0,3.1917764552240193,0,-0.042988593349365334,free_flight_controlled,sep_nmpc_adapted,formal_acados,3.4515933473486129,0,0.52207205672742607,0.67139044768359535,0.25151947488342108,-0.22182797255033804,0.39001592605286872,1.4142135629861176e-10,-0.14365117077858455,0.21706700256287881,0.21706700256287881,false,false,5.9567899999999998,0,0,false,0,-0.16290729496924131,0,130.09406755814823,130.09406755814823,0,1.1919007099255765,0,0,1.1919007099255765,0,0,-0.084783122154437021,-0.003331380915253453,-0.0018512408210600928,-0.00030247091000895572,0.00050065961497880863,0.004655162021860215,0.003330112542280007,0.003857773367868239,0.0018766605088213031,0.0015429348249366803,0,0.89820321706761796
5.7450000000000001,approach_stop,40,40,0.20000000000000001,0.0050000000000000001,2.9891495627343749,0.1214341874999999,-0.8548874999999998,0,3.2000000000000002,0,2.5484735379573733,-1.3489671021241665,0,3.1915604426608861,0,-0.043415758760943619,free_flight_controlled,sep_nmpc_adapted,formal_acados,3.4415596132078607,0,0.52074201442459644,0.66808607525048747,0.25027692512658128,-0.22182797255033804,0.39001592605286872,1.4142135629861176e-10,-0.14365117077858455,0.21706700256287881,0.21706700256287881,false,false,5.9567899999999998,0,0,false,0,-0.1617173129805746,0,130.1537137294477,130.1537137294477,0,1.1553688655832108,0,0,1.1553688655832108,0,0,-0.084758246300487283,-0.0033160985221479455,-0.0018339977091494371,-0.00029417622155440069,0.00050695183484518436,0.0052972478891917529,0.0027928693610693623,0.0030012760782125165,0.0014548449004419968,0.0010069693136733244,0,0.90644605694546221
5.75,approach_stop,40,40,0.20000000000000001,0.0050000000000000001,2.98974609375,0.1171875,-0.84375,0,3.2000000000000002,0,2.5417133205858451,-1.3551099937277571,0,3.1913423624410839,0,-0.043815725144890329,free_flight_controlled,sep_nmpc_adapted,formal_acados,3.4314654985594313,0,0.51940599521234665,0.66475217797358621,0.24902417933104676,-0.24159283847663304,-0.56609381263367964,1.2456966906580691,0.022896103928205624,0.46706700256287892,0.46706700256287881,true,true,5.8116199999999996,0,0,false,0,-0.16051460962327072,0,129.68333191074393,129.68333191074393,0,1.498860883141147,0,0,1.498860883141147,0,0,-0.084729299023191484,-0.0033040737774590843,-0.001821021446482227,-0.00028795104044175188,0.00051096879727120673,0.0062612838887734093,0.0020366073869724425,0.0021974249053180214,0.0010222538192043895,0.00061768291139128236,0,0.91463070454357109
5.7549999999999999,approach_stop,40,40,0.20000000000000001,0.0050000000000000001,2.990321531484375,0.11299706250000008,-0.83238750000000028,0,3.2000000000000002,0,2.5349226137936398,-1.3611624198179315,0,3.1911218296822161,0,-0.044396699035163245,free_flight_controlled,sep_nmpc_adapted,formal_acados,3.4213113932444643,0,0.51806370507889576,0.66138877945082453,0.24776162462375645,-0.24159283847663304,-0.56609381263367964,1.2456966906580691,0.022896103928205624,0.46706700256287892,0.46706700256287881,true,true,5.8116199999999996,0,0,false,0,-0.15929520277534687,0,129.7545910036911,129.7545910036911,0,1.4507641365024004,0,0,1.4507641365024004,0,0,-0.084701989086511956,-0.0032943278724717308,-0.0018115376814912189,-0.00028391062488439158,0.00051327856186705043,0.0046864634217381081,0.0018034881345196936,0.0016251964437419913,0.00059998160509165015,0.00031975087676013167,0,0.92272006944444884
5.7599999999999998,approach_stop,40,40,0.20000000000000001,0.0050000000000000001,2.99087616,0.10886400000000018,-0.82080000000000053,0,3.2000000000000002,0,2.5281017877294456,-1.367157768586182,0,3.1908984717096573,0,-0.044945848749230501,free_flight_controlled,sep_nmpc_adapted,formal_acados,3.4110976853929462,0,0.51671487194622867,0.65799589766350064,0.24648963223204343,-0.24159283847663304,-0.56609381263367964,1.2456966906580691,0.022896103928205624,0.46706700256287892,0.46706700256287881,true,true,5.8116199999999996,0,0,false,0,-0.15805526796774738,0,129.82491684380332,129.82491684380332,0,1.404081854941285,0,0,1.404081854941285,0,0,-0.084681575214347354,-0.0032863303129731323,-0.0018047209969548122,-0.00028194968241532356,0.00051427678938994049,0.0034650687887715112,0.0014087871182321379,0.001103164502790977,0.00018400036367605967,8.828221085543773e-05,0,0.93074017721126057
5.7649999999999997,approach_stop,40,40,0.20000000000000001,0.0050000000000000001,2.9914102689843749,0.10478943750000025,-0.80898750000000075,0,3.2000000000000002,0,2.5212511283107273,-1.3730955858618443,0,3.1906724463809897,0,-0.045463630361480635,free_flight_controlled,sep_nmpc_adapted,formal_acados,3.4008246498184072,0,0.51535967185020859,0.65457352150767989,0.24520808587263493,-0.24159283847663304,-0.56609381263367964,1.2456966906580691,0.022896103928205624,0.46706700256287892,0.46706700256287881,true,true,5.8116199999999996,0,0,false,0,-0.15679601928990711,0,129.89427896767944,129.89427896767944,0,1.3587701858752548,0,0,1.3587701858752548,0,0,-0.084666676163192969,-0.0032802126799943922,-0.0018005628793543484,-0.00028209146683447081,0.00051423190921258009,0.0024811707640430866,0.0010490990130934347,0.00056404512301531592,-0.00023946427031304836,-0.00010055164290715727,0,0.93868759007830493
5.7700000000000005,approach_stop,40,40,0.20000000000000001,0.0050000000000000001,2.9919241537499999,0.10077449999999966,-0.79694999999999883,0,3.2000000000000002,0,2.5143709261181608,-1.3789746810170103,0,3.1904439097385064,0,-0.045950355708311824,free_flight_controlled,sep_nmpc_adapted,formal_acados,3.3904925612928847,0,0.51399829044047218,0.65112163517472388,0.24391687213868876,-0.24159283847663304,-0.56609381263367964,1.2456966906580691,0.022896103928205624,0.46706700256287892,0.46706700256287881,true,true,5.8116199999999996,0,0,false,0,-0.15551863316881212,0,129.96264200427751,129.96264200427751,0,1.3148000330239744,0,0,1.3148000330239744,0,0,-0.084656123829005378,-0.0032758226466882826,-0.0017990959046896183,-0.00028438768857733218,0.00051332645756228769,0.001724119084023355,0.00072003216550609603,4.1618401198317536e-05,-0.00070063522225854557,-0.00025199087154819652,0,0.9465608969828706
5.7750000000000004,approach_stop,40,40,0.20000000000000001,0.0050000000000000001,2.9924181152343752,0.096820312499999783,-0.78468749999999909,0,3.2000000000000002,0,2.5074614782649829,-1.3847935973134078,0,3.1902130164141456,0,-0.046406269987460898,free_flight_controlled,sep_nmpc_adapted,formal_acados,3.3801016994760005,0,0.51263093987362096,0.64764022121101761,0.24261588255972913,-0.24159283847663304,-0.56609381263367964,1.2456966906580691,0.022896103928205624,0.46706700256287892,0.46706700256287881,true,true,5.8116199999999996,0,0,false,0,-0.15422425499477571,0,130.0299690286549,130.0299690286549,0,1.2721529752547185,0,0,1.2721529752547185,0,0,-0.084648847178040595,-0.0032729502940090126,-0.0017999622971017857,-0.00028947392176729129,0.00051182932167353925,0.0011759626091165307,0.00043791145948180159,-0.00036750455656057052,-0.0013596246171847463,-0.00033816595544684455,0,0.95436120797715851
5.7800000000000002,approach_stop,40,40,0.20000000000000001,0.0050000000000000001,2.9928924600000002,0.0929279999999999,-0.77219999999999933,0,3.2000000000000002,0,2.5005230884777641,-1.3905513145670314,0,3.1899799195665794,0,-0.046831765080636405,free_flight_controlled,sep_nmpc_adapted,formal_acados,3.3696523484738514,0,0.51125785472400709,0.64412925999608739,0.24130501263815701,-0.24159283847663304,-0.56609381263367964,1.2456966906580691,0.022896103928205624,0.46706700256287892,0.46706700256287881,true,true,5.8116199999999996,0,0,false,0,-0.15291400260120208,0,130.09623124645262,130.09623124645262,0,1.2307933692612221,0,0,1.2307933692612221,0,0,-0.084643806343447606,-0.0032713667051714021,-0.0018026337005928373,-0.00029827611805154823,0.00051001653389724994,0.00082999018275373962,0.00020435206599512629,-0.000685476158471719,-0.0021781224527591425,-0.00038220688822202442,0,0.96208694987644516
5.7850000000000001,approach_stop,40,40,0.20000000000000001,0.0050000000000000001,2.9933475002343748,0.08909868749999994,-0.75948749999999965,0,3.2000000000000002,0,2.4935560653095563,-1.396246849712752,0,3.1897447702982933,0,-0.047227246744616314,free_flight_controlled,sep_nmpc_adapted,formal_acados,3.3591447944632122,0,0.50987926884485313,0.64058872915365594,0.23998416033635728,-0.24159283847663304,-0.56609381263367964,1.2456966906580691,0.022896103928205624,0.46706700256287892,0.46706700256287881,true,true,5.8116199999999996,0,0,false,0,-0.15158895698112726,0,130.1614021959362,130.1614021959362,0,1.1906921537000372,0,0,1.1906921537000372,0,0,-0.084639982559790175,-0.0032708578777633991,-0.0018067282492687288,-0.00031145989888081054,0.0005080483165939739,0.00068788733744693138,9.1605771227303497e-06,-0.00093980307087176355,-0.0031066960407849791,-0.00040275243489461049,0,0.96973644418674321
5.79,approach_stop,40,40,0.20000000000000001,0.0050000000000000001,2.9937835537500002,0.085333499999999951,-0.74654999999999994,0,3.2000000000000002,0,2.4865607220113537,-1.4018792251808989,0,3.1895077176145175,0,-0.047593129686784655,free_flight_controlled,sep_nmpc_adapted,formal_acados,3.3485793260350216,0,0.50849541276665222,0.63701860402366794,0.23865322558700283,-0.24159283847663304,-0.56609381263367964,1.2456966906580691,0.022896103928205624,0.46706700256287892,0.46706700256287881,true,true,5.8116199999999996,0,0,false,0,-0.15025016688921555,0,130.22545740102083,130.22545740102083,0,1.1518249808361185,0,0,1.1518249808361185,0,0,-0.084636353121579855,-0.0032712542270350348,-0.0018119905306554474,-0.00032947152897938641,0.00050601112721175047,0.00075464900060733973,-0.00015698943712905012,-0.0011658035655722821,-0.0040956841112034939,-0.00041175067206650299,0,0.97730818701956723
5.7949999999999999,approach_stop,40,40,0.20000000000000001,0.0050000000000000001,2.9942009439843749,0.08163356250000009,-0.73338750000000019,0,3.2000000000000002,0,2.4795373772957863,-1.4074472809125973,0,3.1892689085209649,0,-0.047929810442436951,free_flight_controlled,sep_nmpc_adapted,formal_acados,3.3379562362739716,0,0.50710650291489212,0.6334188589781854,0.2373121093077642,-0.24159283847663304,-0.56609381263367964,1.2456966906580691,0.022896103928205624,0.46706700256287892,0.46706700256287881,true,true,5.8116199999999996,0,0,false,0,-0.14889865406467287,0,130.28837298540492,130.28837298540492,0,1.1141693230819352,0,0,1.1141693230819352,0,0,-0.084631824286523646,-0.0032723554577120122,-0.0018187197371156356,-0.00035220500539409757,0.00050392522053029467,0.0010505535753230391,-0.00027389065805496452,-0.0015369486868809542,-0.0049844183990180365,-0.00042296619788328928,0,0.98480097382858534
5.7999999999999998,approach_stop,40,40,0.20000000000000001,0.0050000000000000001,2.9946000000000002,0.078000000000000069,-0.72000000000000053,0,3.2000000000000002,0,2.4724863547336726,-1.4129502721563847,0,3.1890284878363575,0,-0.048237774391657072,free_flight_controlled,sep_nmpc_adapted,formal_acados,3.3272758229004462,0,0.50571274121521881,0.62978946816677361,0.23596071386680545,-0.26126930928482617,-1.8577786967205792,3.19919355835047,0.032505346369994914,0.71706700256287881,0.71706700256287881,false,false,5.8811390000000001,0,0,false,0,-0.1475354113896247,0,129.86355809333477,129.86355809333477,0,1.4538942034815447,0,0,1.4538942034815447,0,0,-0.084625246167716633,-0.0032739502778996433,-0.0018276659377509344,-0.0003791035598031744,0.00050177637662808582,0.0015748817741701583,-0.0003572082514791355,-0.0020489545093532353,-0.0057630296901406506,-0.00043678941337291856,0,0.99221327136640536
5.8049999999999997,approach_stop,40,40,0.20000000000000001,0.0050000000000000001,2.9949810564843751,0.074433937500000269,-0.70638750000000083,0,3.2000000000000002,0,2.4654080712152715,-1.4183515856057272,0,3.1887861222007929,0,-0.048707804459333044,free_flight_controlled,sep_nmpc_adapted,formal_acados,3.3165384776305182,0,0.50431394676080987,0.62613040641524675,0.23459938960907437,-0.26126930928482617,-1.8577786967205792,3.19919355835047,0.032505346369994914,0.71706700256287881,0.71706700256287881,false,false,5.8811390000000001,0,0,false,0,-0.14615671130944155,0,129.93752405414659,129.93752405414659,0,1.4054177037065003,0,0,1.4054177037065003,0,0,-0.084620872316503615,-0.0032763860440781513,-0.0018387904690122833,-0.00040911870534950356,0.00049954329882786975,0.00016455834919822451,-0.00059833941300804175,-0.002419497698741961,-0.0062272753726606827,-0.00045632926770515286,0,0.99952939010834729
5.8100000000000005,approach_stop,40,40,0.20000000000000001,0.0050000000000000001,2.99534445375,0.070936499999999625,-0.69254999999999867,0,3.2000000000000002,0,2.4583029449626155,-1.4236871883058282,0,3.1885414890377919,0,-0.04914477953242672,free_flight_controlled,sep_nmpc_adapted,formal_acados,3.3057445919631023,0,0.50290994442295722,0.62244164700048688,0.23322847249945997,-0.26126930928482617,-1.8577786967205792,3.19919355835047,0.032505346369994914,0.71706700256287881,0.71706700256287881,false,false,5.8811390000000001,0,0,false,0,-0.14475896760079726,0,130.01040368139948,130.01040368139948,0,1.358411046033581,0,0,1.358411046033581,0,0,-0.084622840739061039,-0.0032798279191777889,-0.0018522840302762666,-0.00044112517950295992,0.0004972118067306789,-0.00096023354682268035,-0.0007656670684847986,-0.0029892755039148643,-0.0065627665693236406,-0.00047605431326597068,0,1.0067545675846272
5.8150000000000004,approach_stop,40,40,0.20000000000000001,0.0050000000000000001,2.995690537734375,0.067508812499999737,-0.67848749999999891,0,3.2000000000000002,0,2.4511713076485262,-1.4289558273134171,0,3.1882947526437486,0,-0.049549090416059399,free_flight_controlled,sep_nmpc_adapted,formal_acados,3.2948944654932917,0,0.50150094812003065,0.6187231578447655,0.23184783848212501,-0.26126930928482617,-1.8577786967205792,3.19919355835047,0.032505346369994914,0.71706700256287881,0.71706700256287881,false,false,5.8811390000000001,0,0,false,0,-0.14334342160438471,0,130.08215984098663,130.08215984098663,0,1.3128434592144298,0,0,1.3128434592144298,0,0,-0.084629668945940456,-0.0032841363656397741,-0.001868902170210137,-0.00047455951763243333,0.00049477054552272178,-0.0017733898845695214,-0.00096140880828963159,-0.0036562841119410086,-0.0067957556983890667,-0.00050778138870633991,0,1.013887342441657
5.8200000000000003,approach_stop,40,40,0.20000000000000001,0.0050000000000000001,2.99601966,0.064151999999999876,-0.66419999999999924,0,3.2000000000000002,0,2.4440134974252969,-1.4341562140265012,0,3.1880460753603934,0,-0.049921137672933664,free_flight_controlled,sep_nmpc_adapted,formal_acados,3.283988397150182,0,0.50008718461524815,0.61497489972488506,0.23045736530668628,-0.26126930928482617,-1.8577786967205792,3.19919355835047,0.032505346369994914,0.71706700256287881,0.71706700256287881,false,false,5.8811390000000001,0,0,false,0,-0.14191128054620922,0,130.15275765865968,130.15275765865968,0,1.2686862953530427,0,0,1.2686862953530427,0,0,-0.084639649277059636,-0.0032899211852596829,-0.0018887332622817882,-0.00050891957803155636,0.0004920297311306358,-0.0022225681576467237,-0.0013534031467517835,-0.0042770961609263723,-0.0069290413059892456,-0.00059959749337909702,0,1.0209266107366883
5.8250000000000002,approach_stop,40,40,0.20000000000000001,0.0050000000000000001,2.996332177734375,0.060867187499999864,-0.64968749999999953,0,3.2000000000000002,0,2.4368298578134002,-1.4392874595194267,0,3.1877956172882933,0,-0.050261411383682099,free_flight_controlled,sep_nmpc_adapted,formal_acados,3.2730266863414164,0,0.49866888879725968,0.61119682852801616,0.22905693307028221,-0.26126930928482617,-1.8577786967205792,3.19919355835047,0.032505346369994914,0.71706700256287881,0.71706700256287881,false,false,5.8811390000000001,0,0,false,0,-0.14046371623599616,0,130.22216823314997,130.22216823314997,0,1.2259055080233181,0,0,1.2259055080233181,0,0,-0.084651014382630285,-0.0032981097279174616,-0.0019115659415649461,-0.00054369548077101986,0.00048867323916001331,-0.0023290455875960531,-0.0019199863958781046,-0.0048571309553751101,-0.0069636736499302295,-0.00075322066860163475,0,1.0278706953707553
5.8300000000000001,approach_stop,40,40,0.20000000000000001,0.0050000000000000001,2.9966284537500001,0.057655499999999971,-0.63494999999999979,0,3.2000000000000002,0,2.4296207365624642,-1.4443487603043055,0,3.1875435360082611,0,-0.050570429084514076,free_flight_controlled,sep_nmpc_adapted,formal_acados,3.2620096353778041,0,0.49724629316804558,0.60738889881533986,0.2276464247560889,-0.26126930928482617,-1.8577786967205792,3.19919355835047,0.032505346369994914,0.71706700256287881,0.71706700256287881,false,false,5.8811390000000001,0,0,false,0,-0.13900186378159446,0,130.29036583961712,130.29036583961712,0,1.1844672582659617,0,0,1.1844672582659617,0,0,-0.084662107303318024,-0.0033095140615806901,-0.0019372048264085376,-0.00057841777480530381,0.00048440544853493378,-0.0021157526410695601,-0.0026361505617324191,-0.0054001000572905453,-0.0069094106181677231,-0.00096305535437206944,0,1.0347179703350213
5.835,approach_stop,40,40,0.20000000000000001,0.0050000000000000001,2.9969088564843749,0.05451806250000002,-0.61998750000000014,0,3.2000000000000002,0,2.4223864852335746,-1.4493393945333359,0,3.1872899864502346,0,-0.0508487333937735,free_flight_controlled,sep_nmpc_adapted,formal_acados,3.2509375496405886,0,0.49581962729663343,0.603551064407014,0.2262257263678937,-0.26126930928482617,-1.8577786967205792,3.19919355835047,0.032505346369994914,0.71706700256287881,0.71706700256287881,false,false,5.8811390000000001,0,0,false,0,-0.13752682214246698,0,130.35732780637773,130.35732780637773,0,1.1443379627686521,0,0,1.1443379627686521,0,0,-0.084671389345379253,-0.0033248125767513549,-0.0019654770556739045,-0.00061266925522361398,0.0004789620125329947,-0.0016069871749242069,-0.0034736137094465674,-0.0059111825470088888,-0.0067773800706263671,-0.0012222211037012348,0,1.041466867968436
5.8399999999999999,approach_stop,40,40,0.20000000000000001,0.0050000000000000001,2.9971737599999999,0.051456000000000168,-0.60480000000000045,0,3.2000000000000002,0,2.4151274562008176,-1.4542600166058133,0,3.1870351202167306,0,-0.051097167077215504,free_flight_controlled,sep_nmpc_adapted,formal_acados,3.2398107375718639,0,0.49438911782381006,0.59968328137104632,0.22479472967677033,-0.26126930928482617,-1.8577786967205792,3.19919355835047,0.032505346369994914,0.71706700256287881,0.71706700256287881,false,false,5.8811390000000001,0,0,false,0,-0.13603963744837011,0,130.42304762836616,130.42304762836616,0,1.1054238351950825,0,0,1.1054238351950825,0,0,-0.084677808680990493,-0.0033437756726128641,-0.0019967549438838377,-0.00064596809849193858,0.00047209260420758183,-0.0010087843921614027,-0.0040241693689625126,-0.0066509664916303401,-0.0065210013880267039,-0.0015334416030554777,0,1.0481131378629955
5.8449999999999998,approach_stop,40,40,0.20000000000000001,0.0050000000000000001,2.9974235439843748,0.048470437500000241,-0.58938750000000073,0,3.2000000000000002,0,2.4078439950840433,-1.4591120466407657,0,3.1867790839819685,0,-0.051316723369033194,free_flight_controlled,sep_nmpc_adapted,formal_acados,3.2286295106676155,0,0.49295498839240565,0.59578551558357218,0.22335333959871329,-0.26126930928482617,-1.8577786967205792,3.19919355835047,0.032505346369994914,0.71706700256287881,0.71706700256287881,false,false,5.8811390000000001,0,0,false,0,-0.13454125596703392,0,130.48752944467145,130.48752944467145,0,1.0675985148828362,0,0,1.0675985148828362,0,0,-0.08468178616090638,-0.0033632370011967569,-0.0020332647522291274,-0.00067751879495577417,0.00046352935846044602,-0.00061379215000793299,-0.0037138238939301398,-0.0079647553318746411,-0.0060976916745528794,-0.0018935278682794287,0,1.0546510178439383
