time,wind_x,wind_y,wind_z,profile,seed
0,0,0,0,low_frequency_random,2
0.0050000000000000001,0.015086538521337485,0,0,low_frequency_random,2
0.01,-0.026704249019102635,0,0,low_frequency_random,2
0.014999999999999999,-0.059533703636077129,0,0,low_frequency_random,2
0.02,-0.2540668909389473,0,0,low_frequency_random,2
0.025000000000000001,-0.10918232913831902,0,0,low_frequency_random,2
0.029999999999999999,-0.017332867389919321,0,0,low_frequency_random,2
0.035000000000000003,-0.043215297124896329,0,0,low_frequency_random,2
0.040000000000000001,0.018750327625887943,0,0,low_frequency_random,2
0.044999999999999998,0.041097538422110585,0,0,low_frequency_random,2
0.050000000000000003,-0.0033027291662938649,0,0,low_frequency_random,2
0.055,0.074724032573462856,0,0,low_frequency_random,2
0.059999999999999998,0.049568803278119661,0,0,low_frequency_random,2
0.065000000000000002,0.023081293491880463,0,0,low_frequency_random,2
0.070000000000000007,-0.040247465583909126,0,0,low_frequency_random,2
0.074999999999999997,-0.0037408871450214584,0,0,low_frequency_random,2
0.080000000000000002,-0.01163827519018611,0,0,low_frequency_random,2
0.085000000000000006,0.031934037187066708,0,0,low_frequency_random,2
0.089999999999999997,-0.016678905952508739,0,0,low_frequency_random,2
0.095000000000000001,-0.0064748045967443282,0,0,low_frequency_random,2
0.10000000000000001,-0.077646351263583352,0,0,low_frequency_random,2
0.105,-0.010109833590840583,0,0,low_frequency_random,2
0.11,0.0049458675861707713,0,0,low_frequency_random,2
0.115,0.031300903949413136,0,0,low_frequency_random,2
0.12,0.063903173081717862,0,0,low_frequency_random,2
0.125,-0.017074414353844214,0,0,low_frequency_random,2
0.13,0.045508913971779114,0,0,low_frequency_random,2
0.13500000000000001,0.20940767789562462,0,0,low_frequency_random,2
0.14000000000000001,0.07761485932524112,0,0,low_frequency_random,2
0.14499999999999999,-0.060780000987941937,0,0,low_frequency_random,2
0.14999999999999999,-0.18056303236831878,0,0,low_frequency_random,2
0.155,-0.11251370070718338,0,0,low_frequency_random,2
0.16,-0.1016809732662025,0,0,low_frequency_random,2
0.16500000000000001,-0.015121661889208105,0,0,low_frequency_random,2
0.17000000000000001,0.042604041886082973,0,0,low_frequency_random,2
0.17500000000000002,0.059195271575039704,0,0,low_frequency_random,2
0.17999999999999999,0.081566396089241877,0,0,low_frequency_random,2
0.185,0.067612623645705971,0,0,low_frequency_random,2
0.19,0.13657889044934277,0,0,low_frequency_random,2
0.19500000000000001,0.045745896631596644,0,0,low_frequency_random,2
0.20000000000000001,0.011853228180129419,0,0,low_frequency_random,2
0.20500000000000002,0.031180731508077954,0,0,low_frequency_random,2
0.20999999999999999,0.174779350932521,0,0,low_frequency_random,2
0.215,0.11290308079911927,0,0,low_frequency_random,2
0.22,0.02623050076044442,0,0,low_frequency_random,2
0.22500000000000001,-0.018850877199837589,0,0,low_frequency_random,2
0.23000000000000001,0.058591466851544115,0,0,low_frequency_random,2
0.23500000000000001,0.039545703469279346,0,0,low_frequency_random,2
0.23999999999999999,0.14503191156994374,0,0,low_frequency_random,2
0.245,-0.0051200726632811278,0,0,low_frequency_random,2
0.25,0.084962080042741944,0,0,low_frequency_random,2
0.255,0.16712108639525705,0,0,low_frequency_random,2
0.26000000000000001,0.053077454228350918,0,0,low_frequency_random,2
0.26500000000000001,0.065068627763126233,0,0,low_frequency_random,2
0.27000000000000002,0.1617620617234436,0,0,low_frequency_random,2
0.27500000000000002,0.16797124622910831,0,0,low_frequency_random,2
0.28000000000000003,0.24691007554935218,0,0,low_frequency_random,2
0.28500000000000003,0.43519557014625776,0,0,low_frequency_random,2
0.28999999999999998,0.45488493106878813,0,0,low_frequency_random,2
0.29499999999999998,0.43024155770658357,0,0,low_frequency_random,2
0.29999999999999999,0.36656543584139684,0,0,low_frequency_random,2
0.30499999999999999,0.41645300792846512,0,0,low_frequency_random,2
0.31,0.39867679874276607,0,0,low_frequency_random,2
0.315,0.38242435515821466,0,0,low_frequency_random,2
0.32000000000000001,0.37211723161959276,0,0,low_frequency_random,2
0.32500000000000001,0.42212115783374954,0,0,low_frequency_random,2
0.33000000000000002,0.33492147508264475,0,0,low_frequency_random,2
0.33500000000000002,0.21116626680792921,0,0,low_frequency_random,2
0.34000000000000002,0.015888697630151105,0,0,low_frequency_random,2
0.34500000000000003,0.11146388888930762,0,0,low_frequency_random,2
0.35000000000000003,0.11679670122011516,0,0,low_frequency_random,2
0.35499999999999998,0.23672233268334886,0,0,low_frequency_random,2
0.35999999999999999,0.23482695880812471,0,0,low_frequency_random,2
0.36499999999999999,0.17443144037195485,0,0,low_frequency_random,2
0.37,0.21170041681669127,0,0,low_frequency_random,2
0.375,0.20453276936648851,0,0,low_frequency_random,2
0.38,0.10342804050323087,0,0,low_frequency_random,2
0.38500000000000001,0.032283509574207406,0,0,low_frequency_random,2
0.39000000000000001,0.17311221948876498,0,0,low_frequency_random,2
0.39500000000000002,0.20052614362373614,0,0,low_frequency_random,2
0.40000000000000002,0.23275383403984298,0,0,low_frequency_random,2
0.40500000000000003,0.20952402727034233,0,0,low_frequency_random,2
0.41000000000000003,0.15343911368361507,0,0,low_frequency_random,2
0.41500000000000004,0.22382833796060458,0,0,low_frequency_random,2
0.41999999999999998,0.21436275501536273,0,0,low_frequency_random,2
0.42499999999999999,0.15271647317580087,0,0,low_frequency_random,2
0.42999999999999999,0.14125128494097786,0,0,low_frequency_random,2
0.435,0.068279054313373888,0,0,low_frequency_random,2
0.44,0.083104248095970307,0,0,low_frequency_random,2
0.44500000000000001,0.17280259861544331,0,0,low_frequency_random,2
0.45000000000000001,0.10522079795422046,0,0,low_frequency_random,2
0.45500000000000002,0.21869441298249709,0,0,low_frequency_random,2
0.46000000000000002,0.16432732038594505,0,0,low_frequency_random,2
0.46500000000000002,0.17575008886763674,0,0,low_frequency_random,2
0.47000000000000003,0.10812953895103039,0,0,low_frequency_random,2
0.47500000000000003,0.0898557818913093,0,0,low_frequency_random,2
0.47999999999999998,0.093190516148743116,0,0,low_frequency_random,2
0.48499999999999999,0.058037686958419876,0,0,low_frequency_random,2
0.48999999999999999,0.0016574762892872449,0,0,low_frequency_random,2
0.495,-0.052446390452518275,0,0,low_frequency_random,2
0.5,-0.11771371857640259,0,0,low_frequency_random,2
0.505,-0.24241965561083798,0,0,low_frequency_random,2
0.51000000000000001,-0.2621956669048528,0,0,low_frequency_random,2
0.51500000000000001,-0.22887536853488241,0,0,low_frequency_random,2
0.52000000000000002,-0.15524299631595762,0,0,low_frequency_random,2
0.52500000000000002,-0.10282965168152138,0,0,low_frequency_random,2
0.53000000000000003,0.093779690184840392,0,0,low_frequency_random,2
0.53500000000000003,0.11874288909300833,0,0,low_frequency_random,2
0.54000000000000004,0.081735021872934535,0,0,low_frequency_random,2
0.54500000000000004,0.2306845894638147,0,0,low_frequency_random,2
0.55000000000000004,0.14596560571805026,0,0,low_frequency_random,2
0.55500000000000005,0.22252251538995391,0,0,low_frequency_random,2
0.56000000000000005,0.14519172970964372,0,0,low_frequency_random,2
0.56500000000000006,0.17272584053871309,0,0,low_frequency_random,2
0.57000000000000006,0.014785487050069407,0,0,low_frequency_random,2
0.57500000000000007,0.086474160132227432,0,0,low_frequency_random,2
0.57999999999999996,0.07341464292289171,0,0,low_frequency_random,2
0.58499999999999996,-0.0041728981763150264,0,0,low_frequency_random,2
0.58999999999999997,0.12978645182679041,0,0,low_frequency_random,2
0.59499999999999997,0.19021476138229529,0,0,low_frequency_random,2
0.59999999999999998,0.19292154565523603,0,0,low_frequency_random,2
0.60499999999999998,0.13247265287062798,0,0,low_frequency_random,2
0.60999999999999999,0.1283515900224533,0,0,low_frequency_random,2
0.61499999999999999,0.11462985031143134,0,0,low_frequency_random,2
0.62,0.17189559727015938,0,0,low_frequency_random,2
0.625,0.23472499589171478,0,0,low_frequency_random,2
0.63,0.18026706317070665,0,0,low_frequency_random,2
0.63500000000000001,0.13552797813243597,0,0,low_frequency_random,2
0.64000000000000001,0.0923929950030834,0,0,low_frequency_random,2
0.64500000000000002,-0.015743894606445735,0,0,low_frequency_random,2
0.65000000000000002,-0.062873293379432357,0,0,low_frequency_random,2
0.65500000000000003,-0.069933913569616812,0,0,low_frequency_random,2
0.66000000000000003,-0.014446864075749119,0,0,low_frequency_random,2
0.66500000000000004,0.090992022544685913,0,0,low_frequency_random,2
0.67000000000000004,0.02603186060358989,0,0,low_frequency_random,2
0.67500000000000004,0.069870182630876146,0,0,low_frequency_random,2
0.68000000000000005,0.034053864037028203,0,0,low_frequency_random,2
0.68500000000000005,0.19948486759754464,0,0,low_frequency_random,2
0.69000000000000006,0.19460177353746763,0,0,low_frequency_random,2
0.69500000000000006,0.23370113428750158,0,0,low_frequency_random,2
0.70000000000000007,0.15782941571404618,0,0,low_frequency_random,2
0.70499999999999996,0.092348881686918696,0,0,low_frequency_random,2
0.70999999999999996,0.10798365864123685,0,0,low_frequency_random,2
0.71499999999999997,0.076797382964405747,0,0,low_frequency_random,2
0.71999999999999997,0.10460693108906928,0,0,low_frequency_random,2
0.72499999999999998,-0.02054901266030873,0,0,low_frequency_random,2
0.72999999999999998,0.032381748007894222,0,0,low_frequency_random,2
0.73499999999999999,-0.039558663406818503,0,0,low_frequency_random,2
0.73999999999999999,0.098088739881143389,0,0,low_frequency_random,2
0.745,0.074579714318408541,0,0,low_frequency_random,2
0.75,0.16176995289366775,0,0,low_frequency_random,2
0.755,0.049642872351000719,0,0,low_frequency_random,2
0.76000000000000001,0.083625366264307666,0,0,low_frequency_random,2
0.76500000000000001,0.012343147418692552,0,0,low_frequency_random,2
0.77000000000000002,-0.026572364533496502,0,0,low_frequency_random,2
0.77500000000000002,-0.024477032780487552,0,0,low_frequency_random,2
0.78000000000000003,-0.049657667348191242,0,0,low_frequency_random,2
0.78500000000000003,-0.028322289870828264,0,0,low_frequency_random,2
0.79000000000000004,0.031482182414271385,0,0,low_frequency_random,2
0.79500000000000004,0.083417450658807291,0,0,low_frequency_random,2
0.80000000000000004,0.076020345657053359,0,0,low_frequency_random,2
0.80500000000000005,-0.033161129340277457,0,0,low_frequency_random,2
0.81000000000000005,-0.09720683158396165,0,0,low_frequency_random,2
0.81500000000000006,-0.11234343736822212,0,0,low_frequency_random,2
0.82000000000000006,-0.28110571751988833,0,0,low_frequency_random,2
0.82500000000000007,-0.21968735298750675,0,0,low_frequency_random,2
0.83000000000000007,-0.23771488519087042,0,0,low_frequency_random,2
0.83499999999999996,-0.25658466184307327,0,0,low_frequency_random,2
0.83999999999999997,-0.17962412432978386,0,0,low_frequency_random,2
0.84499999999999997,-0.12542870899443126,0,0,low_frequency_random,2
0.84999999999999998,-0.10716716164018789,0,0,low_frequency_random,2
0.85499999999999998,-0.18653950005005704,0,0,low_frequency_random,2
0.85999999999999999,-0.16083735947599298,0,0,low_frequency_random,2
0.86499999999999999,-0.13241006819766846,0,0,low_frequency_random,2
0.87,-0.20235495036523879,0,0,low_frequency_random,2
0.875,-0.11808898153132019,0,0,low_frequency_random,2
0.88,-0.076970401836154861,0,0,low_frequency_random,2
0.88500000000000001,-0.23376335425059797,0,0,low_frequency_random,2
0.89000000000000001,-0.22286583783745936,0,0,low_frequency_random,2
0.89500000000000002,-0.32267771592102085,0,0,low_frequency_random,2
0.90000000000000002,-0.2303899325126828,0,0,low_frequency_random,2
0.90500000000000003,-0.16483969116077185,0,0,low_frequency_random,2
0.91000000000000003,-0.25208455076678121,0,0,low_frequency_random,2
0.91500000000000004,-0.32144048340102227,0,0,low_frequency_random,2
0.92000000000000004,-0.31170935780389808,0,0,low_frequency_random,2
0.92500000000000004,-0.32921190354047764,0,0,low_frequency_random,2
0.93000000000000005,-0.2058581119746497,0,0,low_frequency_random,2
0.93500000000000005,-0.14570137147043324,0,0,low_frequency_random,2
0.94000000000000006,-0.16751249468254742,0,0,low_frequency_random,2
0.94500000000000006,-0.12060058690129409,0,0,low_frequency_random,2
0.95000000000000007,-0.28217582313878053,0,0,low_frequency_random,2
0.95500000000000007,-0.25604113437685555,0,0,low_frequency_random,2
0.95999999999999996,-0.18562448012124269,0,0,low_frequency_random,2
0.96499999999999997,-0.19897915899997312,0,0,low_frequency_random,2
0.96999999999999997,-0.25466213424976364,0,0,low_frequency_random,2
0.97499999999999998,-0.20823825656646586,0,0,low_frequency_random,2
0.97999999999999998,-0.050901393798569533,0,0,low_frequency_random,2
0.98499999999999999,-0.034298895855625525,0,0,low_frequency_random,2
0.98999999999999999,-0.12355837316883547,0,0,low_frequency_random,2
0.995,-0.007566299619741465,0,0,low_frequency_random,2
1,-0.1574374330332565,0,0,low_frequency_random,2
1.0050000000000001,-0.11649625375014525,0,0,low_frequency_random,2
1.01,-0.16235544938138333,0,0,low_frequency_random,2
1.0150000000000001,-0.087283556230141529,0,0,low_frequency_random,2
1.02,-0.15463663564689775,0,0,low_frequency_random,2
1.0249999999999999,-0.04822177652522959,0,0,low_frequency_random,2
1.03,-0.02401935186956872,0,0,low_frequency_random,2
1.0349999999999999,-0.16170215568007223,0,0,low_frequency_random,2
1.04,-0.31840676365458542,0,0,low_frequency_random,2
1.0449999999999999,-0.34204325671545172,0,0,low_frequency_random,2
1.05,-0.23705868246156592,0,0,low_frequency_random,2
1.0549999999999999,-0.22573929768793713,0,0,low_frequency_random,2
1.0600000000000001,-0.21925715825883091,0,0,low_frequency_random,2
1.0649999999999999,-0.23698883269252694,0,0,low_frequency_random,2
1.0700000000000001,-0.17692210540039394,0,0,low_frequency_random,2
1.075,-0.14592886735825494,0,0,low_frequency_random,2
1.0800000000000001,-0.12282932674350763,0,0,low_frequency_random,2
1.085,-0.20079801332743488,0,0,low_frequency_random,2
1.0900000000000001,-0.1050053408537252,0,0,low_frequency_random,2
1.095,0.0042927595033288163,0,0,low_frequency_random,2
1.1000000000000001,-0.099577203056147534,0,0,low_frequency_random,2
1.105,0.084579709436504308,0,0,low_frequency_random,2
1.1100000000000001,0.14181419283148264,0,0,low_frequency_random,2
1.115,0.10216381005155897,0,0,low_frequency_random,2
1.1200000000000001,-0.050314127679791459,0,0,low_frequency_random,2
1.125,0.0023534325136591108,0,0,low_frequency_random,2
1.1300000000000001,0.046831334265637604,0,0,low_frequency_random,2
1.135,-0.00093390537805568274,0,0,low_frequency_random,2
1.1400000000000001,-0.14381614315689939,0,0,low_frequency_random,2
1.145,-0.053365144041363277,0,0,low_frequency_random,2
1.1500000000000001,-0.10004708149754854,0,0,low_frequency_random,2
1.155,-0.13719354786692384,0,0,low_frequency_random,2
1.1599999999999999,0.090574368662421079,0,0,low_frequency_random,2
1.165,0.25993569375725717,0,0,low_frequency_random,2
1.1699999999999999,0.33474784704410038,0,0,low_frequency_random,2
1.175,0.2967354980128375,0,0,low_frequency_random,2
1.1799999999999999,0.34708280340910319,0,0,low_frequency_random,2
1.1850000000000001,0.1632894832896164,0,0,low_frequency_random,2
1.1899999999999999,0.17097642750209555,0,0,low_frequency_random,2
1.1950000000000001,0.10948986400955481,0,0,low_frequency_random,2
1.2,0.0063519557039896923,0,0,low_frequency_random,2
1.2050000000000001,-0.11998817956712513,0,0,low_frequency_random,2
1.21,-0.077483218033322115,0,0,low_frequency_random,2
1.2150000000000001,-0.06997056192801579,0,0,low_frequency_random,2
1.22,-0.056875567455479226,0,0,low_frequency_random,2
1.2250000000000001,0.010630060294223725,0,0,low_frequency_random,2
1.23,-0.056940794098853748,0,0,low_frequency_random,2
1.2350000000000001,-0.15525695422558175,0,0,low_frequency_random,2
1.24,-0.2962373036956088,0,0,low_frequency_random,2
1.2450000000000001,-0.32150864003484442,0,0,low_frequency_random,2
1.25,-0.25924432730327335,0,0,low_frequency_random,2
1.2550000000000001,-0.26987540031021268,0,0,low_frequency_random,2
1.26,-0.217367094809234,0,0,low_frequency_random,2
1.2650000000000001,-0.31053154961507545,0,0,low_frequency_random,2
1.27,-0.34641884450774663,0,0,low_frequency_random,2
1.2750000000000001,-0.40581313914904649,0,0,low_frequency_random,2
1.28,-0.50341020630850586,0,0,low_frequency_random,2
1.2849999999999999,-0.35251267553676252,0,0,low_frequency_random,2
1.29,-0.28275332307905837,0,0,low_frequency_random,2
1.2949999999999999,-0.34213508600987241,0,0,low_frequency_random,2
1.3,-0.40155717205862895,0,0,low_frequency_random,2
1.3049999999999999,-0.40411873003762616,0,0,low_frequency_random,2
1.3100000000000001,-0.51717968085936594,0,0,low_frequency_random,2
1.3149999999999999,-0.47982104727982089,0,0,low_frequency_random,2
1.3200000000000001,-0.58070872253889716,0,0,low_frequency_random,2
1.325,-0.60737313121274761,0,0,low_frequency_random,2
1.3300000000000001,-0.68612511685804434,0,0,low_frequency_random,2
1.335,-0.72099514671934195,0,0,low_frequency_random,2
1.3400000000000001,-0.82362606524995374,0,0,low_frequency_random,2
1.345,-0.94503006522934707,0,0,low_frequency_random,2
1.3500000000000001,-1.017415152113601,0,0,low_frequency_random,2
1.355,-1.0666058424277205,0,0,low_frequency_random,2
1.3600000000000001,-1.0848184227721671,0,0,low_frequency_random,2
1.365,-1.073902945771477,0,0,low_frequency_random,2
1.3700000000000001,-0.94669988766521163,0,0,low_frequency_random,2
1.375,-0.87716016826719334,0,0,low_frequency_random,2
1.3800000000000001,-0.89296677518796563,0,0,low_frequency_random,2
1.385,-0.83058449969169468,0,0,low_frequency_random,2
1.3900000000000001,-0.88141623053804463,0,0,low_frequency_random,2
1.395,-0.76142993346253351,0,0,low_frequency_random,2
1.4000000000000001,-0.7137837956176023,0,0,low_frequency_random,2
1.405,-0.81842032707840806,0,0,low_frequency_random,2
1.4099999999999999,-0.75405835962240342,0,0,low_frequency_random,2
1.415,-0.68517296859597432,0,0,low_frequency_random,2
1.4199999999999999,-0.89606727559413413,0,0,low_frequency_random,2
1.425,-0.95129641000077636,0,0,low_frequency_random,2
1.4299999999999999,-0.98436303355775945,0,0,low_frequency_random,2
1.4350000000000001,-1.1333495824823663,0,0,low_frequency_random,2
1.4399999999999999,-1.2128581857353513,0,0,low_frequency_random,2
1.4450000000000001,-1.2824884082726302,0,0,low_frequency_random,2
1.45,-1.235625514409709,0,0,low_frequency_random,2
1.4550000000000001,-1.2054857198582358,0,0,low_frequency_random,2
1.46,-0.9899035706242193,0,0,low_frequency_random,2
1.4650000000000001,-1.0164284703871547,0,0,low_frequency_random,2
1.47,-0.91933069914049192,0,0,low_frequency_random,2
1.4750000000000001,-0.9084535366108808,0,0,low_frequency_random,2
1.48,-0.88230261581608882,0,0,low_frequency_random,2
1.4850000000000001,-0.97044105503590861,0,0,low_frequency_random,2
1.49,-1.1180915573766865,0,0,low_frequency_random,2
1.4950000000000001,-1.173733800056149,0,0,low_frequency_random,2
1.5,-1.1070584091889901,0,0,low_frequency_random,2
1.5050000000000001,-0.97522838598444284,0,0,low_frequency_random,2
1.51,-0.92216567697255192,0,0,low_frequency_random,2
1.5150000000000001,-0.87780333255940834,0,0,low_frequency_random,2
1.52,-0.94035921408322376,0,0,low_frequency_random,2
1.5250000000000001,-0.8132318657491997,0,0,low_frequency_random,2
1.53,-0.70193955144959119,0,0,low_frequency_random,2
1.5350000000000001,-0.74079926665615059,0,0,low_frequency_random,2
1.54,-0.74080491359349065,0,0,low_frequency_random,2
1.5449999999999999,-0.81659549156505451,0,0,low_frequency_random,2
1.55,-0.69543898468587562,0,0,low_frequency_random,2
1.5549999999999999,-0.65954323653041147,0,0,low_frequency_random,2
1.5600000000000001,-0.66383995106481664,0,0,low_frequency_random,2
1.5649999999999999,-0.62805824617477191,0,0,low_frequency_random,2
1.5700000000000001,-0.58976395051482566,0,0,low_frequency_random,2
1.575,-0.61966009867183114,0,0,low_frequency_random,2
1.5800000000000001,-0.71564694940222762,0,0,low_frequency_random,2
1.585,-0.81452105986728163,0,0,low_frequency_random,2
1.5900000000000001,-0.94918099011358525,0,0,low_frequency_random,2
1.595,-0.90763874723904503,0,0,low_frequency_random,2
1.6000000000000001,-0.72607131837130501,0,0,low_frequency_random,2
1.605,-0.85803645939951423,0,0,low_frequency_random,2
1.6100000000000001,-0.84272158795715624,0,0,low_frequency_random,2
1.615,-0.80572180689575246,0,0,low_frequency_random,2
1.6200000000000001,-0.88027679131040004,0,0,low_frequency_random,2
1.625,-0.85957312844277145,0,0,low_frequency_random,2
1.6300000000000001,-0.94282201048514558,0,0,low_frequency_random,2
1.635,-0.84232707757688097,0,0,low_frequency_random,2
1.6400000000000001,-0.88554727567733704,0,0,low_frequency_random,2
1.645,-0.87310582977405138,0,0,low_frequency_random,2
1.6500000000000001,-0.8141484331250205,0,0,low_frequency_random,2
1.655,-0.84438761535917228,0,0,low_frequency_random,2
1.6600000000000001,-0.98311717944872634,0,0,low_frequency_random,2
1.665,-1.0206082846680964,0,0,low_frequency_random,2
1.6699999999999999,-0.95463063981566443,0,0,low_frequency_random,2
1.675,-0.95661514085746158,0,0,low_frequency_random,2
1.6799999999999999,-0.93350673045548349,0,0,low_frequency_random,2
1.6850000000000001,-1.0150673598974893,0,0,low_frequency_random,2
1.6899999999999999,-0.99857544244929453,0,0,low_frequency_random,2
1.6950000000000001,-0.9354869979085737,0,0,low_frequency_random,2
1.7,-0.92791266984245802,0,0,low_frequency_random,2
1.7050000000000001,-0.77102432797182263,0,0,low_frequency_random,2
1.71,-0.78376084208923502,0,0,low_frequency_random,2
1.7150000000000001,-0.86295200068687472,0,0,low_frequency_random,2
1.72,-0.98773789018170721,0,0,low_frequency_random,2
1.7250000000000001,-0.8908809775018337,0,0,low_frequency_random,2
1.73,-0.89114737049874881,0,0,low_frequency_random,2
1.7350000000000001,-0.80597491553547285,0,0,low_frequency_random,2
1.74,-0.7654329287463979,0,0,low_frequency_random,2
1.7450000000000001,-0.6319329135958307,0,0,low_frequency_random,2
1.75,-0.5277452407378197,0,0,low_frequency_random,2
1.7550000000000001,-0.55524211150839764,0,0,low_frequency_random,2
1.76,-0.53061670088347956,0,0,low_frequency_random,2
1.7650000000000001,-0.44135710247108673,0,0,low_frequency_random,2
1.77,-0.53779513549428137,0,0,low_frequency_random,2
1.7750000000000001,-0.41933076862190322,0,0,low_frequency_random,2
1.78,-0.32052177473117727,0,0,low_frequency_random,2
1.7850000000000001,-0.24048527287946675,0,0,low_frequency_random,2
1.79,-0.25532031761459212,0,0,low_frequency_random,2
1.7949999999999999,-0.2299359215430036,0,0,low_frequency_random,2
1.8,-0.31794526759279518,0,0,low_frequency_random,2
1.8049999999999999,-0.31173474177162797,0,0,low_frequency_random,2
1.8100000000000001,-0.35705308844630146,0,0,low_frequency_random,2
1.8149999999999999,-0.34836443828975833,0,0,low_frequency_random,2
1.8200000000000001,-0.38609834496225021,0,0,low_frequency_random,2
1.825,-0.36152503310764583,0,0,low_frequency_random,2
1.8300000000000001,-0.2656107211589922,0,0,low_frequency_random,2
1.835,-0.3687928610873426,0,0,low_frequency_random,2
1.8400000000000001,-0.29310692215047512,0,0,low_frequency_random,2
1.845,-0.45059251700336322,0,0,low_frequency_random,2
1.8500000000000001,-0.62079653790265099,0,0,low_frequency_random,2
1.855,-0.62722597229174337,0,0,low_frequency_random,2
1.8600000000000001,-0.62356066224953988,0,0,low_frequency_random,2
1.865,-0.58511494812709741,0,0,low_frequency_random,2
1.8700000000000001,-0.71365870509004492,0,0,low_frequency_random,2
1.875,-0.71488244607716234,0,0,low_frequency_random,2
1.8800000000000001,-0.70122023152416924,0,0,low_frequency_random,2
1.885,-0.59755700115343768,0,0,low_frequency_random,2
1.8900000000000001,-0.60286311530171632,0,0,low_frequency_random,2
1.895,-0.55764256137116142,0,0,low_frequency_random,2
1.9000000000000001,-0.6328602730599181,0,0,low_frequency_random,2
1.905,-0.64467080708782543,0,0,low_frequency_random,2
1.9100000000000001,-0.67700940201201865,0,0,low_frequency_random,2
1.915,-0.6175088215111324,0,0,low_frequency_random,2
1.9199999999999999,-0.69333717313782928,0,0,low_frequency_random,2
1.925,-0.75645841875276987,0,0,low_frequency_random,2
1.9299999999999999,-0.70672147116385031,0,0,low_frequency_random,2
1.9350000000000001,-0.56039889299993195,0,0,low_frequency_random,2
1.9399999999999999,-0.52706400686364707,0,0,low_frequency_random,2
1.9450000000000001,-0.50021102645309878,0,0,low_frequency_random,2
1.95,-0.52533852056882602,0,0,low_frequency_random,2
1.9550000000000001,-0.43586159766976251,0,0,low_frequency_random,2
1.96,-0.39060213111273945,0,0,low_frequency_random,2
1.9650000000000001,-0.2503444947698279,0,0,low_frequency_random,2
1.97,-0.22270498027764812,0,0,low_frequency_random,2
1.9750000000000001,-0.29729904728305623,0,0,low_frequency_random,2
1.98,-0.34129783098419475,0,0,low_frequency_random,2
1.9850000000000001,-0.41839089508901023,0,0,low_frequency_random,2
1.99,-0.51612018944287441,0,0,low_frequency_random,2
1.9950000000000001,-0.41270085286175207,0,0,low_frequency_random,2
2,-0.34621667761831992,0,0,low_frequency_random,2
2.0049999999999999,-0.44333425125294712,0,0,low_frequency_random,2
2.0100000000000002,-0.2989729808507311,0,0,low_frequency_random,2
2.0150000000000001,-0.27796579919223796,0,0,low_frequency_random,2
2.02,-0.35293981778294697,0,0,low_frequency_random,2
2.0249999999999999,-0.32035885148645382,0,0,low_frequency_random,2
2.0300000000000002,-0.32428278541392097,0,0,low_frequency_random,2
2.0350000000000001,-0.38432358911300879,0,0,low_frequency_random,2
2.04,-0.53745373209384251,0,0,low_frequency_random,2
2.0449999999999999,-0.5318429067719409,0,0,low_frequency_random,2
2.0499999999999998,-0.50588893906301957,0,0,low_frequency_random,2
2.0550000000000002,-0.70917725542518528,0,0,low_frequency_random,2
2.0600000000000001,-0.66135838337549713,0,0,low_frequency_random,2
2.0649999999999999,-0.60877244915686579,0,0,low_frequency_random,2
2.0699999999999998,-0.64322606882522526,0,0,low_frequency_random,2
2.0750000000000002,-0.63107049899327816,0,0,low_frequency_random,2
2.0800000000000001,-0.65031965986500462,0,0,low_frequency_random,2
2.085,-0.71387731005921806,0,0,low_frequency_random,2
2.0899999999999999,-0.73904936936257837,0,0,low_frequency_random,2
2.0950000000000002,-0.62750479692376349,0,0,low_frequency_random,2
2.1000000000000001,-0.74013495078752611,0,0,low_frequency_random,2
2.105,-0.71751546963356838,0,0,low_frequency_random,2
2.1099999999999999,-0.69924417280039697,0,0,low_frequency_random,2
2.1150000000000002,-0.75222587060626833,0,0,low_frequency_random,2
2.1200000000000001,-0.78361338023238136,0,0,low_frequency_random,2
2.125,-0.89145866445159605,0,0,low_frequency_random,2
2.1299999999999999,-0.95499943299026269,0,0,low_frequency_random,2
2.1350000000000002,-0.9490431911936793,0,0,low_frequency_random,2
2.1400000000000001,-0.91823775351307513,0,0,low_frequency_random,2
2.145,-0.98534886620062834,0,0,low_frequency_random,2
2.1499999999999999,-0.73653701926367565,0,0,low_frequency_random,2
2.1550000000000002,-0.77837725791311763,0,0,low_frequency_random,2
2.1600000000000001,-0.76433409784238793,0,0,low_frequency_random,2
2.165,-0.77892235203143745,0,0,low_frequency_random,2
2.1699999999999999,-0.80694005373384259,0,0,low_frequency_random,2
2.1750000000000003,-0.69908958207297356,0,0,low_frequency_random,2
2.1800000000000002,-0.73381220562663718,0,0,low_frequency_random,2
2.1850000000000001,-0.62366751939388421,0,0,low_frequency_random,2
2.1899999999999999,-0.52943955028099787,0,0,low_frequency_random,2
2.1949999999999998,-0.61024347452435257,0,0,low_frequency_random,2
2.2000000000000002,-0.52456706086928739,0,0,low_frequency_random,2
2.2050000000000001,-0.5738512135223115,0,0,low_frequency_random,2
2.21,-0.35261857384801765,0,0,low_frequency_random,2
2.2149999999999999,-0.38164930520524659,0,0,low_frequency_random,2
2.2200000000000002,-0.45483212630905512,0,0,low_frequency_random,2
2.2250000000000001,-0.60506832309954395,0,0,low_frequency_random,2
2.23,-0.70523607412993905,0,0,low_frequency_random,2
2.2349999999999999,-0.74805471929750544,0,0,low_frequency_random,2
2.2400000000000002,-0.82396681472178757,0,0,low_frequency_random,2
2.2450000000000001,-0.91790698858772535,0,0,low_frequency_random,2
2.25,-0.96881730813563161,0,0,low_frequency_random,2
2.2549999999999999,-0.98046790754059121,0,0,low_frequency_random,2
2.2600000000000002,-0.85991927996447581,0,0,low_frequency_random,2
2.2650000000000001,-0.99155405543278308,0,0,low_frequency_random,2
2.27,-1.030629840135181,0,0,low_frequency_random,2
2.2749999999999999,-1.1016106589179977,0,0,low_frequency_random,2
2.2800000000000002,-1.2170257771896356,0,0,low_frequency_random,2
2.2850000000000001,-1.311994067759662,0,0,low_frequency_random,2
2.29,-1.3777284871154829,0,0,low_frequency_random,2
2.2949999999999999,-1.3136366730855671,0,0,low_frequency_random,2
2.3000000000000003,-1.3225582294505065,0,0,low_frequency_random,2
2.3050000000000002,-1.3588933785648376,0,0,low_frequency_random,2
2.3100000000000001,-1.3033345380080892,0,0,low_frequency_random,2
2.3149999999999999,-1.274428607559523,0,0,low_frequency_random,2
2.3199999999999998,-1.2858941030416602,0,0,low_frequency_random,2
2.3250000000000002,-1.2488145092753129,0,0,low_frequency_random,2
2.3300000000000001,-1.3086887741850806,0,0,low_frequency_random,2
2.335,-1.2520963695887821,0,0,low_frequency_random,2
2.3399999999999999,-1.2085907077615816,0,0,low_frequency_random,2
2.3450000000000002,-1.2354648891493691,0,0,low_frequency_random,2
2.3500000000000001,-1.3266176878285227,0,0,low_frequency_random,2
2.355,-1.1986993861486193,0,0,low_frequency_random,2
2.3599999999999999,-1.1852035679560089,0,0,low_frequency_random,2
2.3650000000000002,-0.93580012481215158,0,0,low_frequency_random,2
2.3700000000000001,-0.98327511789255451,0,0,low_frequency_random,2
2.375,-0.91031378535260998,0,0,low_frequency_random,2
2.3799999999999999,-0.94042444613434051,0,0,low_frequency_random,2
2.3850000000000002,-0.91549124345783506,0,0,low_frequency_random,2
2.3900000000000001,-0.84442024637691604,0,0,low_frequency_random,2
2.395,-0.90399377872690234,0,0,low_frequency_random,2
2.3999999999999999,-0.90747235168365015,0,0,low_frequency_random,2
2.4050000000000002,-0.89010310833591255,0,0,low_frequency_random,2
2.4100000000000001,-0.87660794108843754,0,0,low_frequency_random,2
2.415,-0.824638800503257,0,0,low_frequency_random,2
2.4199999999999999,-0.73868552970767998,0,0,low_frequency_random,2
2.4250000000000003,-0.66847743199288034,0,0,low_frequency_random,2
2.4300000000000002,-0.64415487549298078,0,0,low_frequency_random,2
2.4350000000000001,-0.66866264537495568,0,0,low_frequency_random,2
2.4399999999999999,-0.75547689638822624,0,0,low_frequency_random,2
2.4449999999999998,-0.8104020226786609,0,0,low_frequency_random,2
2.4500000000000002,-0.84853853884293184,0,0,low_frequency_random,2
2.4550000000000001,-0.78982556893493538,0,0,low_frequency_random,2
2.46,-0.8149025410138242,0,0,low_frequency_random,2
2.4649999999999999,-0.9099773481007114,0,0,low_frequency_random,2
2.4700000000000002,-0.85545605376452205,0,0,low_frequency_random,2
2.4750000000000001,-0.91528918872792608,0,0,low_frequency_random,2
2.48,-0.97183760606212655,0,0,low_frequency_random,2
2.4849999999999999,-0.98504709854793704,0,0,low_frequency_random,2
2.4900000000000002,-0.94237436666453867,0,0,low_frequency_random,2
2.4950000000000001,-1.1302473023540667,0,0,low_frequency_random,2
2.5,-1.2141026651438811,0,0,low_frequency_random,2
2.5049999999999999,-1.1940352156746881,0,0,low_frequency_random,2
2.5100000000000002,-1.2171401394503603,0,0,low_frequency_random,2
2.5150000000000001,-1.280060639682354,0,0,low_frequency_random,2
2.52,-1.3168844760234302,0,0,low_frequency_random,2
2.5249999999999999,-1.1997726405945366,0,0,low_frequency_random,2
2.5300000000000002,-1.2301560551578483,0,0,low_frequency_random,2
2.5350000000000001,-1.1671496656505982,0,0,low_frequency_random,2
2.54,-1.0981370002056148,0,0,low_frequency_random,2
2.5449999999999999,-1.1285878434859131,0,0,low_frequency_random,2
2.5500000000000003,-1.0875723660690135,0,0,low_frequency_random,2
2.5550000000000002,-1.1180772253437137,0,0,low_frequency_random,2
2.5600000000000001,-1.1612123630977125,0,0,low_frequency_random,2
2.5649999999999999,-1.2452756107312379,0,0,low_frequency_random,2
2.5699999999999998,-1.1692428998224369,0,0,low_frequency_random,2
2.5750000000000002,-1.1951845575120801,0,0,low_frequency_random,2
2.5800000000000001,-1.2332847434213794,0,0,low_frequency_random,2
2.585,-1.3171042837302605,0,0,low_frequency_random,2
2.5899999999999999,-1.1661886181175054,0,0,low_frequency_random,2
2.5950000000000002,-1.1011758316557008,0,0,low_frequency_random,2
2.6000000000000001,-1.1062815465873097,0,0,low_frequency_random,2
2.605,-1.1562040363202064,0,0,low_frequency_random,2
2.6099999999999999,-1.2725161207508875,0,0,low_frequency_random,2
2.6150000000000002,-1.2428825677050697,0,0,low_frequency_random,2
2.6200000000000001,-1.2136674844754758,0,0,low_frequency_random,2
2.625,-1.3200052533352835,0,0,low_frequency_random,2
2.6299999999999999,-1.220729497647963,0,0,low_frequency_random,2
2.6350000000000002,-1.1527194428697765,0,0,low_frequency_random,2
2.6400000000000001,-1.2237441156546329,0,0,low_frequency_random,2
2.645,-1.2619854814903497,0,0,low_frequency_random,2
2.6499999999999999,-1.2897916664238731,0,0,low_frequency_random,2
2.6550000000000002,-1.2705365557489534,0,0,low_frequency_random,2
2.6600000000000001,-1.2758162289503354,0,0,low_frequency_random,2
2.665,-1.4002410903307234,0,0,low_frequency_random,2
2.6699999999999999,-1.2756237668505004,0,0,low_frequency_random,2
2.6750000000000003,-1.2440198636714375,0,0,low_frequency_random,2
2.6800000000000002,-1.1372050490383265,0,0,low_frequency_random,2
2.6850000000000001,-1.0313978698549429,0,0,low_frequency_random,2
2.6899999999999999,-1.0428443231836559,0,0,low_frequency_random,2
2.6949999999999998,-1.0103543947281062,0,0,low_frequency_random,2
2.7000000000000002,-0.94652908865121554,0,0,low_frequency_random,2
2.7050000000000001,-0.88039278336079896,0,0,low_frequency_random,2
2.71,-0.88908259128822309,0,0,low_frequency_random,2
2.7149999999999999,-0.93397973119024369,0,0,low_frequency_random,2
2.7200000000000002,-0.92650560490964251,0,0,low_frequency_random,2
2.7250000000000001,-0.98584808522137335,0,0,low_frequency_random,2
2.73,-1.0252949101151319,0,0,low_frequency_random,2
2.7349999999999999,-1.1821903864888268,0,0,low_frequency_random,2
2.7400000000000002,-1.1696194673750988,0,0,low_frequency_random,2
2.7450000000000001,-1.2457323221763075,0,0,low_frequency_random,2
2.75,-1.2838754447004852,0,0,low_frequency_random,2
2.7549999999999999,-1.2816775981652202,0,0,low_frequency_random,2
2.7600000000000002,-1.250241031280608,0,0,low_frequency_random,2
2.7650000000000001,-1.0932487317909501,0,0,low_frequency_random,2
2.77,-1.0714852161560375,0,0,low_frequency_random,2
2.7749999999999999,-1.1789202925183528,0,0,low_frequency_random,2
2.7800000000000002,-1.1626067782050971,0,0,low_frequency_random,2
2.7850000000000001,-1.2043474228541649,0,0,low_frequency_random,2
2.79,-1.1664695876463997,0,0,low_frequency_random,2
2.7949999999999999,-1.2153571981589164,0,0,low_frequency_random,2
2.8000000000000003,-1.2658267350112717,0,0,low_frequency_random,2
2.8050000000000002,-1.3003124594106745,0,0,low_frequency_random,2
2.8100000000000001,-1.3439068864256045,0,0,low_frequency_random,2
2.8149999999999999,-1.4828224052248626,0,0,low_frequency_random,2
2.8199999999999998,-1.5287551573963378,0,0,low_frequency_random,2
2.8250000000000002,-1.5222485504161078,0,0,low_frequency_random,2
2.8300000000000001,-1.4188568020822283,0,0,low_frequency_random,2
2.835,-1.4351759520855887,0,0,low_frequency_random,2
2.8399999999999999,-1.4576831767453635,0,0,low_frequency_random,2
2.8450000000000002,-1.404141604939571,0,0,low_frequency_random,2
2.8500000000000001,-1.3540938741981756,0,0,low_frequency_random,2
2.855,-1.219697520072959,0,0,low_frequency_random,2
2.8599999999999999,-1.1669221081581098,0,0,low_frequency_random,2
2.8650000000000002,-1.1626542007969189,0,0,low_frequency_random,2
2.8700000000000001,-1.0500562284733905,0,0,low_frequency_random,2
2.875,-0.92276575720742759,0,0,low_frequency_random,2
2.8799999999999999,-0.95609883874560897,0,0,low_frequency_random,2
2.8850000000000002,-0.93871064763887224,0,0,low_frequency_random,2
2.8900000000000001,-1.0681446283578757,0,0,low_frequency_random,2
2.895,-1.0918747586061741,0,0,low_frequency_random,2
2.8999999999999999,-1.1569527526733978,0,0,low_frequency_random,2
2.9050000000000002,-1.1682654985873695,0,0,low_frequency_random,2
2.9100000000000001,-1.2008733873087551,0,0,low_frequency_random,2
2.915,-1.2081348546005284,0,0,low_frequency_random,2
2.9199999999999999,-1.2103314553168822,0,0,low_frequency_random,2
2.9250000000000003,-1.1649159410365757,0,0,low_frequency_random,2
2.9300000000000002,-1.14067691166914,0,0,low_frequency_random,2
2.9350000000000001,-1.179819980327012,0,0,low_frequency_random,2
2.9399999999999999,-1.2768113495657263,0,0,low_frequency_random,2
2.9449999999999998,-1.1719015417254288,0,0,low_frequency_random,2
2.9500000000000002,-1.0529553355925427,0,0,low_frequency_random,2
2.9550000000000001,-1.0839685976970554,0,0,low_frequency_random,2
2.96,-1.0337611855398965,0,0,low_frequency_random,2
2.9649999999999999,-1.1503890867381592,0,0,low_frequency_random,2
2.9700000000000002,-1.2693169010497101,0,0,low_frequency_random,2
2.9750000000000001,-1.2845230536070238,0,0,low_frequency_random,2
2.98,-1.1606756560902016,0,0,low_frequency_random,2
2.9849999999999999,-1.2384020066770927,0,0,low_frequency_random,2
2.9900000000000002,-1.2987889165001922,0,0,low_frequency_random,2
2.9950000000000001,-1.1640244495716363,0,0,low_frequency_random,2
3,-1.3093167845869336,0,0,low_frequency_random,2
3.0049999999999999,-1.2512177357122691,0,0,low_frequency_random,2
3.0100000000000002,-1.2060495076698949,0,0,low_frequency_random,2
3.0150000000000001,-1.2164948044460413,0,0,low_frequency_random,2
3.02,-1.1953751601809541,0,0,low_frequency_random,2
3.0249999999999999,-0.98019712749962951,0,0,low_frequency_random,2
3.0300000000000002,-1.0652309301493168,0,0,low_frequency_random,2
3.0350000000000001,-1.0849706269908854,0,0,low_frequency_random,2
3.04,-1.09856166075995,0,0,low_frequency_random,2
3.0449999999999999,-1.1481193999246535,0,0,low_frequency_random,2
3.0500000000000003,-1.2494759430120985,0,0,low_frequency_random,2
3.0550000000000002,-1.1160981315537819,0,0,low_frequency_random,2
3.0600000000000001,-1.0929678904302067,0,0,low_frequency_random,2
3.0649999999999999,-1.227805194314646,0,0,low_frequency_random,2
3.0700000000000003,-1.2777655613793464,0,0,low_frequency_random,2
3.0750000000000002,-1.239041534771151,0,0,low_frequency_random,2
3.0800000000000001,-1.200668695194691,0,0,low_frequency_random,2
3.085,-1.3096190385650883,0,0,low_frequency_random,2
3.0899999999999999,-1.3103831884383712,0,0,low_frequency_random,2
3.0950000000000002,-1.2830291541119936,0,0,low_frequency_random,2
3.1000000000000001,-1.2453026225084809,0,0,low_frequency_random,2
3.105,-1.2076024379502148,0,0,low_frequency_random,2
3.1099999999999999,-1.3470567889985152,0,0,low_frequency_random,2
3.1150000000000002,-1.1929483184262639,0,0,low_frequency_random,2
3.1200000000000001,-1.1701499140584664,0,0,low_frequency_random,2
3.125,-1.0201950358131178,0,0,low_frequency_random,2
3.1299999999999999,-0.78663030139392642,0,0,low_frequency_random,2
3.1350000000000002,-0.79551951133595045,0,0,low_frequency_random,2
3.1400000000000001,-0.89000661789912039,0,0,low_frequency_random,2
3.145,-0.81660971525971837,0,0,low_frequency_random,2
3.1499999999999999,-0.82696745050019882,0,0,low_frequency_random,2
3.1550000000000002,-0.85886562348526019,0,0,low_frequency_random,2
3.1600000000000001,-0.93703869707633347,0,0,low_frequency_random,2
3.165,-0.79767928635236496,0,0,low_frequency_random,2
3.1699999999999999,-0.82902645045996814,0,0,low_frequency_random,2
3.1750000000000003,-0.93657911147304262,0,0,low_frequency_random,2
3.1800000000000002,-0.96762428655765265,0,0,low_frequency_random,2
3.1850000000000001,-1.0551479772852703,0,0,low_frequency_random,2
3.1899999999999999,-1.037284586673753,0,0,low_frequency_random,2
3.1950000000000003,-1.065576575541221,0,0,low_frequency_random,2
3.2000000000000002,-1.144644882623022,0,0,low_frequency_random,2
3.2050000000000001,-1.0909147526078939,0,0,low_frequency_random,2
3.21,-1.136820086491017,0,0,low_frequency_random,2
3.2149999999999999,-1.0733937249819965,0,0,low_frequency_random,2
3.2200000000000002,-0.96741314321309801,0,0,low_frequency_random,2
3.2250000000000001,-0.9914721320662685,0,0,low_frequency_random,2
3.23,-1.0381192600852958,0,0,low_frequency_random,2
3.2349999999999999,-1.0170377096983767,0,0,low_frequency_random,2
3.2400000000000002,-0.94082716868459948,0,0,low_frequency_random,2
3.2450000000000001,-0.93635766106780605,0,0,low_frequency_random,2
3.25,-0.92051902268290065,0,0,low_frequency_random,2
3.2549999999999999,-0.91807381139235011,0,0,low_frequency_random,2
3.2600000000000002,-0.88865984288247735,0,0,low_frequency_random,2
3.2650000000000001,-0.8340536794157275,0,0,low_frequency_random,2
3.27,-0.8862379344154373,0,0,low_frequency_random,2
3.2749999999999999,-0.92032420515478885,0,0,low_frequency_random,2
3.2800000000000002,-0.91225565446717749,0,0,low_frequency_random,2
3.2850000000000001,-0.96083146190162383,0,0,low_frequency_random,2
3.29,-0.94517642744407138,0,0,low_frequency_random,2
3.2949999999999999,-0.89767741787182298,0,0,low_frequency_random,2
3.3000000000000003,-0.89493364637120743,0,0,low_frequency_random,2
3.3050000000000002,-0.93863366106387269,0,0,low_frequency_random,2
3.3100000000000001,-0.99597327501657629,0,0,low_frequency_random,2
3.3149999999999999,-0.85125731908434199,0,0,low_frequency_random,2
3.3200000000000003,-0.77690652392376214,0,0,low_frequency_random,2
3.3250000000000002,-0.86240188781153193,0,0,low_frequency_random,2
3.3300000000000001,-0.92521492676078299,0,0,low_frequency_random,2
3.335,-0.77106681058344861,0,0,low_frequency_random,2
3.3399999999999999,-0.64661891315674269,0,0,low_frequency_random,2
3.3450000000000002,-0.63316536426425052,0,0,low_frequency_random,2
3.3500000000000001,-0.53761061491617668,0,0,low_frequency_random,2
3.355,-0.65359099701475631,0,0,low_frequency_random,2
3.3599999999999999,-0.65022650375296787,0,0,low_frequency_random,2
3.3650000000000002,-0.58786660454942419,0,0,low_frequency_random,2
3.3700000000000001,-0.73336077609325978,0,0,low_frequency_random,2
3.375,-0.79218638928051321,0,0,low_frequency_random,2
3.3799999999999999,-0.72576320058252874,0,0,low_frequency_random,2
3.3850000000000002,-0.63183890598623016,0,0,low_frequency_random,2
3.3900000000000001,-0.67603377976560231,0,0,low_frequency_random,2
3.395,-0.64953513341907054,0,0,low_frequency_random,2
3.3999999999999999,-0.51855803563610448,0,0,low_frequency_random,2
3.4050000000000002,-0.5464501358053665,0,0,low_frequency_random,2
3.4100000000000001,-0.65012771058145136,0,0,low_frequency_random,2
3.415,-0.65178553762758862,0,0,low_frequency_random,2
3.4199999999999999,-0.67990888705940411,0,0,low_frequency_random,2
3.4250000000000003,-0.57269363361116898,0,0,low_frequency_random,2
3.4300000000000002,-0.55706002389934484,0,0,low_frequency_random,2
3.4350000000000001,-0.61828915747937141,0,0,low_frequency_random,2
3.4399999999999999,-0.42364097208009033,0,0,low_frequency_random,2
3.4450000000000003,-0.4614375987494394,0,0,low_frequency_random,2
3.4500000000000002,-0.4214347978841535,0,0,low_frequency_random,2
3.4550000000000001,-0.36536932458845739,0,0,low_frequency_random,2
3.46,-0.30095780861281873,0,0,low_frequency_random,2
3.4649999999999999,-0.28565801469211982,0,0,low_frequency_random,2
3.4700000000000002,-0.23741647298148902,0,0,low_frequency_random,2
3.4750000000000001,-0.24165097156771465,0,0,low_frequency_random,2
3.48,-0.35369704442429539,0,0,low_frequency_random,2
3.4849999999999999,-0.36947395192291033,0,0,low_frequency_random,2
3.4900000000000002,-0.3834645578838885,0,0,low_frequency_random,2
3.4950000000000001,-0.39573417088500978,0,0,low_frequency_random,2
3.5,-0.38290026150042905,0,0,low_frequency_random,2
3.5049999999999999,-0.43084208857194273,0,0,low_frequency_random,2
3.5100000000000002,-0.32309675664516729,0,0,low_frequency_random,2
3.5150000000000001,-0.19646080401365998,0,0,low_frequency_random,2
3.52,-0.37107072409317138,0,0,low_frequency_random,2
3.5249999999999999,-0.36847578062748421,0,0,low_frequency_random,2
3.5300000000000002,-0.4233437392910438,0,0,low_frequency_random,2
3.5350000000000001,-0.62921164844965904,0,0,low_frequency_random,2
3.54,-0.59334442667514165,0,0,low_frequency_random,2
3.5449999999999999,-0.63976557541131507,0,0,low_frequency_random,2
3.5500000000000003,-0.66655850842063535,0,0,low_frequency_random,2
3.5550000000000002,-0.71523022567113803,0,0,low_frequency_random,2
3.5600000000000001,-0.62491950926895845,0,0,low_frequency_random,2
3.5649999999999999,-0.52290620697185575,0,0,low_frequency_random,2
3.5700000000000003,-0.49820981480729787,0,0,low_frequency_random,2
3.5750000000000002,-0.44041460635617424,0,0,low_frequency_random,2
3.5800000000000001,-0.44718985475937828,0,0,low_frequency_random,2
3.585,-0.43377472040274956,0,0,low_frequency_random,2
3.5899999999999999,-0.49080422610100655,0,0,low_frequency_random,2
3.5950000000000002,-0.48559979983284463,0,0,low_frequency_random,2
3.6000000000000001,-0.54012906308283626,0,0,low_frequency_random,2
3.605,-0.50766750902140767,0,0,low_frequency_random,2
3.6099999999999999,-0.43911413240790481,0,0,low_frequency_random,2
3.6150000000000002,-0.412102699923791,0,0,low_frequency_random,2
3.6200000000000001,-0.31555333424233895,0,0,low_frequency_random,2
3.625,-0.099296813209685059,0,0,low_frequency_random,2
3.6299999999999999,-0.26690602744758851,0,0,low_frequency_random,2
3.6350000000000002,-0.2644828376470521,0,0,low_frequency_random,2
3.6400000000000001,-0.30854466772934269,0,0,low_frequency_random,2
3.645,-0.34345028415370954,0,0,low_frequency_random,2
3.6499999999999999,-0.45012025681377904,0,0,low_frequency_random,2
3.6550000000000002,-0.44368293860389685,0,0,low_frequency_random,2
3.6600000000000001,-0.46208033039759244,0,0,low_frequency_random,2
3.665,-0.51027105943945439,0,0,low_frequency_random,2
3.6699999999999999,-0.5280211232478238,0,0,low_frequency_random,2
3.6750000000000003,-0.57268880575324566,0,0,low_frequency_random,2
3.6800000000000002,-0.75679865302981064,0,0,low_frequency_random,2
3.6850000000000001,-0.66704642022314786,0,0,low_frequency_random,2
3.6899999999999999,-0.68793675724687942,0,0,low_frequency_random,2
3.6950000000000003,-0.76028711375406632,0,0,low_frequency_random,2
3.7000000000000002,-0.73204335434388834,0,0,low_frequency_random,2
3.7050000000000001,-0.78125513144552183,0,0,low_frequency_random,2
3.71,-0.95084451127863234,0,0,low_frequency_random,2
3.7149999999999999,-0.87532697644645041,0,0,low_frequency_random,2
3.7200000000000002,-1.0047633525036925,0,0,low_frequency_random,2
3.7250000000000001,-1.0171810508756549,0,0,low_frequency_random,2
3.73,-1.002519320769137,0,0,low_frequency_random,2
3.7349999999999999,-0.88981514323282651,0,0,low_frequency_random,2
3.7400000000000002,-0.790409835071195,0,0,low_frequency_random,2
3.7450000000000001,-0.77324088426694937,0,0,low_frequency_random,2
3.75,-0.83030329438760264,0,0,low_frequency_random,2
3.7549999999999999,-0.85935090578357698,0,0,low_frequency_random,2
3.7600000000000002,-0.76826582729048554,0,0,low_frequency_random,2
3.7650000000000001,-0.62187468418682457,0,0,low_frequency_random,2
3.77,-0.57537851093860204,0,0,low_frequency_random,2
3.7749999999999999,-0.62396765945528654,0,0,low_frequency_random,2
3.7800000000000002,-0.53871128611593921,0,0,low_frequency_random,2
3.7850000000000001,-0.56596876638892502,0,0,low_frequency_random,2
3.79,-0.59569253189771032,0,0,low_frequency_random,2
3.7949999999999999,-0.61498331789150362,0,0,low_frequency_random,2
3.8000000000000003,-0.56482194136387964,0,0,low_frequency_random,2
3.8050000000000002,-0.54003783096192071,0,0,low_frequency_random,2
3.8100000000000001,-0.45811841471373044,0,0,low_frequency_random,2
3.8149999999999999,-0.35238081567017143,0,0,low_frequency_random,2
3.8200000000000003,-0.30966609755736541,0,0,low_frequency_random,2
3.8250000000000002,-0.4942372294804982,0,0,low_frequency_random,2
3.8300000000000001,-0.62716139996332287,0,0,low_frequency_random,2
3.835,-0.61137800561745859,0,0,low_frequency_random,2
3.8399999999999999,-0.61349243018159694,0,0,low_frequency_random,2
3.8450000000000002,-0.43812787712358336,0,0,low_frequency_random,2
3.8500000000000001,-0.43835379978699407,0,0,low_frequency_random,2
3.855,-0.44834583722210108,0,0,low_frequency_random,2
3.8599999999999999,-0.37078704007319929,0,0,low_frequency_random,2
3.8650000000000002,-0.28399550189088496,0,0,low_frequency_random,2
3.8700000000000001,-0.3013648960636105,0,0,low_frequency_random,2
3.875,-0.26210010806739692,0,0,low_frequency_random,2
3.8799999999999999,-0.35125037447760593,0,0,low_frequency_random,2
3.8850000000000002,-0.42476240997082737,0,0,low_frequency_random,2
3.8900000000000001,-0.32424414861987533,0,0,low_frequency_random,2
3.895,-0.43491698129311496,0,0,low_frequency_random,2
3.8999999999999999,-0.3591468924820107,0,0,low_frequency_random,2
3.9050000000000002,-0.30325986483362832,0,0,low_frequency_random,2
3.9100000000000001,-0.24032056160037021,0,0,low_frequency_random,2
3.915,-0.16627762356444356,0,0,low_frequency_random,2
3.9199999999999999,-0.12045180691137131,0,0,low_frequency_random,2
3.9250000000000003,-0.29074035627368927,0,0,low_frequency_random,2
3.9300000000000002,-0.36944018576940285,0,0,low_frequency_random,2
3.9350000000000001,-0.415582514432075,0,0,low_frequency_random,2
3.9399999999999999,-0.34050673285741334,0,0,low_frequency_random,2
3.9450000000000003,-0.42880777879549314,0,0,low_frequency_random,2
3.9500000000000002,-0.48292000864511381,0,0,low_frequency_random,2
3.9550000000000001,-0.50946398691349615,0,0,low_frequency_random,2
3.96,-0.40187122307253659,0,0,low_frequency_random,2
3.9650000000000003,-0.51486349361378958,0,0,low_frequency_random,2
3.9700000000000002,-0.62033974318072993,0,0,low_frequency_random,2
3.9750000000000001,-0.56719806182303656,0,0,low_frequency_random,2
3.98,-0.73398715908286305,0,0,low_frequency_random,2
3.9849999999999999,-0.70383440572624145,0,0,low_frequency_random,2
3.9900000000000002,-0.73655667147027692,0,0,low_frequency_random,2
3.9950000000000001,-0.85872445879947756,0,0,low_frequency_random,2
4,-0.88797938494934514,0,0,low_frequency_random,2
4.0049999999999999,-0.96352151623689852,0,0,low_frequency_random,2
4.0099999999999998,-0.94532663941805872,0,0,low_frequency_random,2
4.0149999999999997,-0.91157865014383277,0,0,low_frequency_random,2
4.0200000000000005,-0.78821237871879446,0,0,low_frequency_random,2
4.0250000000000004,-0.78530142023171945,0,0,low_frequency_random,2
4.0300000000000002,-0.77336050173051607,0,0,low_frequency_random,2
4.0350000000000001,-0.81557299151032681,0,0,low_frequency_random,2
4.04,-0.81339139667802896,0,0,low_frequency_random,2
4.0449999999999999,-0.72557587686610436,0,0,low_frequency_random,2
4.0499999999999998,-0.87562996690840733,0,0,low_frequency_random,2
4.0549999999999997,-0.81866398565734522,0,0,low_frequency_random,2
4.0600000000000005,-0.85728822423064155,0,0,low_frequency_random,2
4.0650000000000004,-0.84711601029361183,0,0,low_frequency_random,2
4.0700000000000003,-0.81695228969517186,0,0,low_frequency_random,2
4.0750000000000002,-0.74499995444200184,0,0,low_frequency_random,2
4.0800000000000001,-0.7222595738926042,0,0,low_frequency_random,2
4.085,-0.74997976374029429,0,0,low_frequency_random,2
4.0899999999999999,-0.72136588566303339,0,0,low_frequency_random,2
4.0949999999999998,-0.71682057651327991,0,0,low_frequency_random,2
4.0999999999999996,-0.72956459200734713,0,0,low_frequency_random,2
4.1050000000000004,-0.7095550030387614,0,0,low_frequency_random,2
4.1100000000000003,-0.63630399636333834,0,0,low_frequency_random,2
4.1150000000000002,-0.62209146217764089,0,0,low_frequency_random,2
4.1200000000000001,-0.60658225691611456,0,0,low_frequency_random,2
4.125,-0.70630078098841254,0,0,low_frequency_random,2
4.1299999999999999,-0.71291364064171425,0,0,low_frequency_random,2
4.1349999999999998,-0.85762853969606145,0,0,low_frequency_random,2
4.1399999999999997,-0.79589395046873734,0,0,low_frequency_random,2
4.1450000000000005,-0.86687724970808888,0,0,low_frequency_random,2
4.1500000000000004,-0.75918169305332595,0,0,low_frequency_random,2
4.1550000000000002,-0.51651773062256878,0,0,low_frequency_random,2
4.1600000000000001,-0.54565421185311924,0,0,low_frequency_random,2
4.165,-0.4368277095858677,0,0,low_frequency_random,2
4.1699999999999999,-0.4024416578202874,0,0,low_frequency_random,2
4.1749999999999998,-0.44488228946736008,0,0,low_frequency_random,2
4.1799999999999997,-0.5098004212115701,0,0,low_frequency_random,2
4.1850000000000005,-0.46241460034007037,0,0,low_frequency_random,2
4.1900000000000004,-0.34880093437434168,0,0,low_frequency_random,2
4.1950000000000003,-0.31883543927751673,0,0,low_frequency_random,2
4.2000000000000002,-0.43789533702112737,0,0,low_frequency_random,2
4.2050000000000001,-0.51888407112157142,0,0,low_frequency_random,2
4.21,-0.53448856990818427,0,0,low_frequency_random,2
4.2149999999999999,-0.42352036349797384,0,0,low_frequency_random,2
4.2199999999999998,-0.39879138629337474,0,0,low_frequency_random,2
4.2249999999999996,-0.37068676538879841,0,0,low_frequency_random,2
4.2300000000000004,-0.27223925460529047,0,0,low_frequency_random,2
4.2350000000000003,-0.28720825809793937,0,0,low_frequency_random,2
4.2400000000000002,-0.29288729534725161,0,0,low_frequency_random,2
4.2450000000000001,-0.30593950522725932,0,0,low_frequency_random,2
4.25,-0.44629561993467648,0,0,low_frequency_random,2
4.2549999999999999,-0.40682854687691605,0,0,low_frequency_random,2
4.2599999999999998,-0.37201437429753514,0,0,low_frequency_random,2
4.2649999999999997,-0.29231823470448282,0,0,low_frequency_random,2
4.2700000000000005,-0.38573526095687782,0,0,low_frequency_random,2
4.2750000000000004,-0.44891762373889355,0,0,low_frequency_random,2
4.2800000000000002,-0.37210758232838281,0,0,low_frequency_random,2
4.2850000000000001,-0.34447123630133875,0,0,low_frequency_random,2
4.29,-0.23302555667504016,0,0,low_frequency_random,2
4.2949999999999999,-0.30073366848362459,0,0,low_frequency_random,2
4.2999999999999998,-0.28320958971580518,0,0,low_frequency_random,2
4.3049999999999997,-0.33574195058246276,0,0,low_frequency_random,2
4.3100000000000005,-0.30934898596606303,0,0,low_frequency_random,2
4.3150000000000004,-0.34651287789156926,0,0,low_frequency_random,2
4.3200000000000003,-0.30201423966227381,0,0,low_frequency_random,2
4.3250000000000002,-0.21421466022762714,0,0,low_frequency_random,2
4.3300000000000001,-0.15925939410648027,0,0,low_frequency_random,2
4.335,-0.30276602972878686,0,0,low_frequency_random,2
4.3399999999999999,-0.22621137627144128,0,0,low_frequency_random,2
4.3449999999999998,-0.1893690916597435,0,0,low_frequency_random,2
4.3500000000000005,-0.27165809475738456,0,0,low_frequency_random,2
4.3550000000000004,-0.34098770124610678,0,0,low_frequency_random,2
4.3600000000000003,-0.33862413793470419,0,0,low_frequency_random,2
4.3650000000000002,-0.2911673595710087,0,0,low_frequency_random,2
4.3700000000000001,-0.32568127619777082,0,0,low_frequency_random,2
4.375,-0.45353404035531319,0,0,low_frequency_random,2
4.3799999999999999,-0.42880190239827876,0,0,low_frequency_random,2
4.3849999999999998,-0.41311244403078207,0,0,low_frequency_random,2
4.3899999999999997,-0.21624862121748895,0,0,low_frequency_random,2
4.3950000000000005,-0.31799765006059089,0,0,low_frequency_random,2
4.4000000000000004,-0.11501528576315875,0,0,low_frequency_random,2
4.4050000000000002,0.024786328553407524,0,0,low_frequency_random,2
4.4100000000000001,0.048852033127670391,0,0,low_frequency_random,2
4.415,0.18099600529575879,0,0,low_frequency_random,2
4.4199999999999999,0.18779884329205923,0,0,low_frequency_random,2
4.4249999999999998,0.26489400834181687,0,0,low_frequency_random,2
4.4299999999999997,0.20501802534150576,0,0,low_frequency_random,2
4.4350000000000005,0.2103554229388481,0,0,low_frequency_random,2
4.4400000000000004,0.12834114354513029,0,0,low_frequency_random,2
4.4450000000000003,0.0019778014798926824,0,0,low_frequency_random,2
4.4500000000000002,-0.019710687725353185,0,0,low_frequency_random,2
4.4550000000000001,-0.072192383490138651,0,0,low_frequency_random,2
4.46,-0.026121662413997618,0,0,low_frequency_random,2
4.4649999999999999,0.075419300504025233,0,0,low_frequency_random,2
4.4699999999999998,0.061544666873279995,0,0,low_frequency_random,2
4.4750000000000005,0.065940529274909704,0,0,low_frequency_random,2
4.4800000000000004,0.080607696764138592,0,0,low_frequency_random,2
4.4850000000000003,-0.053696896783056877,0,0,low_frequency_random,2
4.4900000000000002,-0.031956301630743533,0,0,low_frequency_random,2
4.4950000000000001,-0.030891143183255854,0,0,low_frequency_random,2
4.5,-0.034433662493426845,0,0,low_frequency_random,2
4.5049999999999999,-0.12207230413537171,0,0,low_frequency_random,2
4.5099999999999998,-0.27961831807125459,0,0,low_frequency_random,2
4.5149999999999997,-0.29819459513684876,0,0,low_frequency_random,2
4.5200000000000005,-0.2714779031669538,0,0,low_frequency_random,2
4.5250000000000004,-0.16311848341488622,0,0,low_frequency_random,2
4.5300000000000002,-0.072036612200653313,0,0,low_frequency_random,2
4.5350000000000001,0.04445763071271866,0,0,low_frequency_random,2
4.54,0.073758150832664376,0,0,low_frequency_random,2
4.5449999999999999,0.16565292636350093,0,0,low_frequency_random,2
4.5499999999999998,0.14838697214184302,0,0,low_frequency_random,2
4.5549999999999997,0.19779613491680484,0,0,low_frequency_random,2
4.5600000000000005,0.27116881169384172,0,0,low_frequency_random,2
4.5650000000000004,0.48442559085538206,0,0,low_frequency_random,2
4.5700000000000003,0.50137151383265754,0,0,low_frequency_random,2
4.5750000000000002,0.39731932554571509,0,0,low_frequency_random,2
4.5800000000000001,0.50528135088290294,0,0,low_frequency_random,2
4.585,0.43961525785607369,0,0,low_frequency_random,2
4.5899999999999999,0.43258060196801557,0,0,low_frequency_random,2
4.5949999999999998,0.40694464009242759,0,0,low_frequency_random,2
4.6000000000000005,0.33247564272778152,0,0,low_frequency_random,2
4.6050000000000004,0.43733281919187528,0,0,low_frequency_random,2
4.6100000000000003,0.48271753549565599,0,0,low_frequency_random,2
4.6150000000000002,0.43147008760723804,0,0,low_frequency_random,2
4.6200000000000001,0.43485137880044999,0,0,low_frequency_random,2
4.625,0.39811016568561003,0,0,low_frequency_random,2
4.6299999999999999,0.44521744828192988,0,0,low_frequency_random,2
4.6349999999999998,0.4127879036391936,0,0,low_frequency_random,2
4.6399999999999997,0.34958895366221837,0,0,low_frequency_random,2
4.6450000000000005,0.29642936494648575,0,0,low_frequency_random,2
4.6500000000000004,0.26008981387270708,0,0,low_frequency_random,2
4.6550000000000002,0.28188423332141965,0,0,low_frequency_random,2
4.6600000000000001,0.2071517134775091,0,0,low_frequency_random,2
4.665,0.19898680192626741,0,0,low_frequency_random,2
4.6699999999999999,0.23339230220030982,0,0,low_frequency_random,2
4.6749999999999998,0.41874378407532287,0,0,low_frequency_random,2
4.6799999999999997,0.48498403588160621,0,0,low_frequency_random,2
4.6850000000000005,0.24445947516492811,0,0,low_frequency_random,2
4.6900000000000004,0.20245615046274631,0,0,low_frequency_random,2
4.6950000000000003,0.16977159684424495,0,0,low_frequency_random,2
4.7000000000000002,0.19449174019289939,0,0,low_frequency_random,2
4.7050000000000001,0.31875935720154941,0,0,low_frequency_random,2
4.71,0.37638745727365019,0,0,low_frequency_random,2
4.7149999999999999,0.19073704405058411,0,0,low_frequency_random,2
4.7199999999999998,0.21428266559320161,0,0,low_frequency_random,2
4.7250000000000005,0.22183741279507069,0,0,low_frequency_random,2
4.7300000000000004,0.25368711540342193,0,0,low_frequency_random,2
4.7350000000000003,0.36086015268007782,0,0,low_frequency_random,2
4.7400000000000002,0.27200995025828412,0,0,low_frequency_random,2
4.7450000000000001,0.35867875149475797,0,0,low_frequency_random,2
4.75,0.22491081077761663,0,0,low_frequency_random,2
4.7549999999999999,0.22784471502554476,0,0,low_frequency_random,2
4.7599999999999998,0.25708015325317968,0,0,low_frequency_random,2
4.7649999999999997,0.43810458323860391,0,0,low_frequency_random,2
4.7700000000000005,0.37987322169142446,0,0,low_frequency_random,2
4.7750000000000004,0.24280185779396379,0,0,low_frequency_random,2
4.7800000000000002,0.29642377351873361,0,0,low_frequency_random,2
4.7850000000000001,0.2421788504624395,0,0,low_frequency_random,2
4.79,0.36576491617884072,0,0,low_frequency_random,2
4.7949999999999999,0.30743743891641356,0,0,low_frequency_random,2
4.7999999999999998,0.23589754465915169,0,0,low_frequency_random,2
4.8049999999999997,0.33403247625252652,0,0,low_frequency_random,2
4.8100000000000005,0.33918390222108469,0,0,low_frequency_random,2
4.8150000000000004,0.4173551871546079,0,0,low_frequency_random,2
4.8200000000000003,0.30114186296311346,0,0,low_frequency_random,2
4.8250000000000002,0.4313974831355325,0,0,low_frequency_random,2
4.8300000000000001,0.3822509912069631,0,0,low_frequency_random,2
4.835,0.44573631623437293,0,0,low_frequency_random,2
4.8399999999999999,0.36331859849392811,0,0,low_frequency_random,2
4.8449999999999998,0.23776090385257054,0,0,low_frequency_random,2
4.8500000000000005,0.2160804331068584,0,0,low_frequency_random,2
4.8550000000000004,0.22892488775045572,0,0,low_frequency_random,2
4.8600000000000003,0.35360029639227208,0,0,low_frequency_random,2
4.8650000000000002,0.37977067058511438,0,0,low_frequency_random,2
4.8700000000000001,0.43497500866807082,0,0,low_frequency_random,2
4.875,0.48538744520334975,0,0,low_frequency_random,2
4.8799999999999999,0.7311581940109193,0,0,low_frequency_random,2
4.8849999999999998,0.66222334996145082,0,0,low_frequency_random,2
4.8899999999999997,0.75908256207687974,0,0,low_frequency_random,2
4.8950000000000005,0.74338595202791846,0,0,low_frequency_random,2
4.9000000000000004,0.76048864788593595,0,0,low_frequency_random,2
4.9050000000000002,0.71306462623283751,0,0,low_frequency_random,2
4.9100000000000001,0.80226880635371001,0,0,low_frequency_random,2
4.915,0.69812900691195767,0,0,low_frequency_random,2
4.9199999999999999,0.58912873833949941,0,0,low_frequency_random,2
4.9249999999999998,0.56960574763890481,0,0,low_frequency_random,2
4.9299999999999997,0.4743527406581125,0,0,low_frequency_random,2
4.9350000000000005,0.52810876198094725,0,0,low_frequency_random,2
4.9400000000000004,0.59904244217849278,0,0,low_frequency_random,2
4.9450000000000003,0.53596528939094379,0,0,low_frequency_random,2
4.9500000000000002,0.59584258805589896,0,0,low_frequency_random,2
4.9550000000000001,0.54003938298748255,0,0,low_frequency_random,2
4.96,0.53381621424073422,0,0,low_frequency_random,2
4.9649999999999999,0.5316933618876124,0,0,low_frequency_random,2
4.9699999999999998,0.67878329057793563,0,0,low_frequency_random,2
4.9750000000000005,0.67536371710988996,0,0,low_frequency_random,2
4.9800000000000004,0.599220408335989,0,0,low_frequency_random,2
4.9850000000000003,0.52301114505436885,0,0,low_frequency_random,2
4.9900000000000002,0.61616287136662218,0,0,low_frequency_random,2
4.9950000000000001,0.47990184158729432,0,0,low_frequency_random,2
5,0.4399826790024397,0,0,low_frequency_random,2
5.0049999999999999,0.40744709133179724,0,0,low_frequency_random,2
5.0099999999999998,0.20986297383632324,0,0,low_frequency_random,2
5.0149999999999997,0.17136912078688538,0,0,low_frequency_random,2
5.0200000000000005,0.25048694307018832,0,0,low_frequency_random,2
5.0250000000000004,0.26761745582364754,0,0,low_frequency_random,2
5.0300000000000002,0.19440129122693423,0,0,low_frequency_random,2
5.0350000000000001,0.24851531136326471,0,0,low_frequency_random,2
5.04,0.28849628357431628,0,0,low_frequency_random,2
5.0449999999999999,0.44861331082626454,0,0,low_frequency_random,2
5.0499999999999998,0.38713698509508965,0,0,low_frequency_random,2
5.0549999999999997,0.35418610007731061,0,0,low_frequency_random,2
5.0600000000000005,0.35569785216740507,0,0,low_frequency_random,2
5.0650000000000004,0.34285650249939492,0,0,low_frequency_random,2
5.0700000000000003,0.34803938267329937,0,0,low_frequency_random,2
5.0750000000000002,0.3377298842551596,0,0,low_frequency_random,2
5.0800000000000001,0.28059333132227676,0,0,low_frequency_random,2
5.085,0.15116118695388953,0,0,low_frequency_random,2
5.0899999999999999,0.10564298044179712,0,0,low_frequency_random,2
5.0949999999999998,-0.0060114590785028676,0,0,low_frequency_random,2
5.1000000000000005,-0.089932769977661503,0,0,low_frequency_random,2
5.1050000000000004,-0.13323054017728461,0,0,low_frequency_random,2
5.1100000000000003,-0.092444414605241471,0,0,low_frequency_random,2
5.1150000000000002,-0.024332446098373928,0,0,low_frequency_random,2
5.1200000000000001,-0.10755758803484761,0,0,low_frequency_random,2
5.125,-0.0832890411973784,0,0,low_frequency_random,2
5.1299999999999999,-0.019675698656841059,0,0,low_frequency_random,2
5.1349999999999998,-0.024180786118977685,0,0,low_frequency_random,2
5.1399999999999997,-0.15614760787706092,0,0,low_frequency_random,2
5.1450000000000005,-0.32865892259498819,0,0,low_frequency_random,2
5.1500000000000004,-0.26502940641258782,0,0,low_frequency_random,2
5.1550000000000002,-0.19208712520707172,0,0,low_frequency_random,2
5.1600000000000001,-0.17059408819205835,0,0,low_frequency_random,2
5.165,-0.25547372711575023,0,0,low_frequency_random,2
5.1699999999999999,-0.1399737067234757,0,0,low_frequency_random,2
5.1749999999999998,-0.044179744399069285,0,0,low_frequency_random,2
5.1799999999999997,-0.049455496500772828,0,0,low_frequency_random,2
5.1850000000000005,-0.068895248783621715,0,0,low_frequency_random,2
5.1900000000000004,-0.22671333759747347,0,0,low_frequency_random,2
5.1950000000000003,-0.16759503637767245,0,0,low_frequency_random,2
5.2000000000000002,-0.29755434094070682,0,0,low_frequency_random,2
5.2050000000000001,-0.24379011446344356,0,0,low_frequency_random,2
5.21,-0.18642717078979115,0,0,low_frequency_random,2
5.2149999999999999,-0.18007768493393334,0,0,low_frequency_random,2
5.2199999999999998,-0.055194041201797536,0,0,low_frequency_random,2
5.2250000000000005,-0.082711036282567513,0,0,low_frequency_random,2
5.2300000000000004,-0.037291787872963875,0,0,low_frequency_random,2
5.2350000000000003,0.024446246085381186,0,0,low_frequency_random,2
5.2400000000000002,0.042139017128023912,0,0,low_frequency_random,2
5.2450000000000001,0.0064946452336720473,0,0,low_frequency_random,2
5.25,0.10262605018484694,0,0,low_frequency_random,2
5.2549999999999999,0.13383900267364635,0,0,low_frequency_random,2
5.2599999999999998,0.11579210313979307,0,0,low_frequency_random,2
5.2649999999999997,0.099970154977268841,0,0,low_frequency_random,2
5.2700000000000005,0.10786704963955168,0,0,low_frequency_random,2
5.2750000000000004,0.28735567891031666,0,0,low_frequency_random,2
5.2800000000000002,0.29240929134624322,0,0,low_frequency_random,2
5.2850000000000001,0.26987502672135655,0,0,low_frequency_random,2
5.29,0.18156930681973313,0,0,low_frequency_random,2
5.2949999999999999,0.08133832201753699,0,0,low_frequency_random,2
5.2999999999999998,-0.072496947044144749,0,0,low_frequency_random,2
5.3049999999999997,-0.055431706475148765,0,0,low_frequency_random,2
5.3100000000000005,-0.054911853004602607,0,0,low_frequency_random,2
5.3150000000000004,-0.13876516808707801,0,0,low_frequency_random,2
5.3200000000000003,-0.25880704027001344,0,0,low_frequency_random,2
5.3250000000000002,-0.2856768454146425,0,0,low_frequency_random,2
5.3300000000000001,-0.32824001934439678,0,0,low_frequency_random,2
5.335,-0.43540839025440936,0,0,low_frequency_random,2
5.3399999999999999,-0.41136865869252387,0,0,low_frequency_random,2
5.3449999999999998,-0.40016774238876274,0,0,low_frequency_random,2
5.3500000000000005,-0.40447585936412028,0,0,low_frequency_random,2
5.3550000000000004,-0.34316342389371191,0,0,low_frequency_random,2
5.3600000000000003,-0.39584501829640895,0,0,low_frequency_random,2
5.3650000000000002,-0.28767519873089575,0,0,low_frequency_random,2
5.3700000000000001,-0.36956118475187572,0,0,low_frequency_random,2
5.375,-0.32903016246246736,0,0,low_frequency_random,2
5.3799999999999999,-0.27907260903545511,0,0,low_frequency_random,2
5.3849999999999998,-0.30086459523092957,0,0,low_frequency_random,2
5.3899999999999997,-0.27374726020926154,0,0,low_frequency_random,2
5.3950000000000005,-0.37730715077106702,0,0,low_frequency_random,2
5.4000000000000004,-0.49786000703896494,0,0,low_frequency_random,2
5.4050000000000002,-0.51392752313198053,0,0,low_frequency_random,2
5.4100000000000001,-0.57212321759813789,0,0,low_frequency_random,2
5.415,-0.52455661312036717,0,0,low_frequency_random,2
5.4199999999999999,-0.52204318283409368,0,0,low_frequency_random,2
5.4249999999999998,-0.47271610088816851,0,0,low_frequency_random,2
5.4299999999999997,-0.44742116075796168,0,0,low_frequency_random,2
5.4350000000000005,-0.43143843956733274,0,0,low_frequency_random,2
5.4400000000000004,-0.42437930680895913,0,0,low_frequency_random,2
5.4450000000000003,-0.4545462401860158,0,0,low_frequency_random,2
5.4500000000000002,-0.49190436784739383,0,0,low_frequency_random,2
5.4550000000000001,-0.32958950242932483,0,0,low_frequency_random,2
5.46,-0.47104467586435633,0,0,low_frequency_random,2
5.4649999999999999,-0.4861722264280996,0,0,low_frequency_random,2
5.4699999999999998,-0.40622566813572641,0,0,low_frequency_random,2
5.4750000000000005,-0.37333698690163142,0,0,low_frequency_random,2
5.4800000000000004,-0.26165534096445342,0,0,low_frequency_random,2
5.4850000000000003,-0.21914632800940281,0,0,low_frequency_random,2
5.4900000000000002,-0.32151252657074525,0,0,low_frequency_random,2
5.4950000000000001,-0.34889793055894225,0,0,low_frequency_random,2
5.5,-0.46196987896886027,0,0,low_frequency_random,2
5.5049999999999999,-0.38379283165240141,0,0,low_frequency_random,2
5.5099999999999998,-0.26948028159537785,0,0,low_frequency_random,2
5.5149999999999997,-0.30620181048368134,0,0,low_frequency_random,2
5.5200000000000005,-0.26424262301725743,0,0,low_frequency_random,2
5.5250000000000004,-0.29868776520315288,0,0,low_frequency_random,2
5.5300000000000002,-0.41505568216097866,0,0,low_frequency_random,2
5.5350000000000001,-0.4517587589659961,0,0,low_frequency_random,2
5.54,-0.57898877993659914,0,0,low_frequency_random,2
5.5449999999999999,-0.62471884982438697,0,0,low_frequency_random,2
5.5499999999999998,-0.60801582773893004,0,0,low_frequency_random,2
5.5549999999999997,-0.55034999574725907,0,0,low_frequency_random,2
5.5600000000000005,-0.44758840914013365,0,0,low_frequency_random,2
5.5650000000000004,-0.4753658083404001,0,0,low_frequency_random,2
5.5700000000000003,-0.45765089055781816,0,0,low_frequency_random,2
5.5750000000000002,-0.42526161510824528,0,0,low_frequency_random,2
5.5800000000000001,-0.38234230050521367,0,0,low_frequency_random,2
5.585,-0.61155917789935943,0,0,low_frequency_random,2
5.5899999999999999,-0.674268498838694,0,0,low_frequency_random,2
5.5949999999999998,-0.61107868050819647,0,0,low_frequency_random,2
5.6000000000000005,-0.70115434389332798,0,0,low_frequency_random,2
5.6050000000000004,-0.68173933944632203,0,0,low_frequency_random,2
5.6100000000000003,-0.6156860997600917,0,0,low_frequency_random,2
5.6150000000000002,-0.76791942382717493,0,0,low_frequency_random,2
5.6200000000000001,-0.78331454579921966,0,0,low_frequency_random,2
5.625,-0.76454661203105378,0,0,low_frequency_random,2
5.6299999999999999,-0.76399044578527742,0,0,low_frequency_random,2
5.6349999999999998,-0.88647605991563561,0,0,low_frequency_random,2
5.6399999999999997,-0.85863347340739027,0,0,low_frequency_random,2
5.6450000000000005,-0.90344626590446342,0,0,low_frequency_random,2
5.6500000000000004,-0.83768556980306441,0,0,low_frequency_random,2
5.6550000000000002,-0.80364003892796809,0,0,low_frequency_random,2
5.6600000000000001,-0.84808551352839634,0,0,low_frequency_random,2
5.665,-0.83448676019460699,0,0,low_frequency_random,2
5.6699999999999999,-0.89020482763533049,0,0,low_frequency_random,2
5.6749999999999998,-0.94653359689077454,0,0,low_frequency_random,2
5.6799999999999997,-1.0728976014921228,0,0,low_frequency_random,2
5.6850000000000005,-1.0917195209121295,0,0,low_frequency_random,2
5.6900000000000004,-1.0273440098693019,0,0,low_frequency_random,2
5.6950000000000003,-1.0186128475706189,0,0,low_frequency_random,2
5.7000000000000002,-1.0210433363014497,0,0,low_frequency_random,2
5.7050000000000001,-1.0722642786750436,0,0,low_frequency_random,2
5.71,-1.1150937732853843,0,0,low_frequency_random,2
5.7149999999999999,-1.056654915814607,0,0,low_frequency_random,2
5.7199999999999998,-1.1772726881871951,0,0,low_frequency_random,2
5.7250000000000005,-1.0135583332569968,0,0,low_frequency_random,2
5.7300000000000004,-1.0205171603508985,0,0,low_frequency_random,2
5.7350000000000003,-0.84909440131547931,0,0,low_frequency_random,2
5.7400000000000002,-0.75828859407511251,0,0,low_frequency_random,2
5.7450000000000001,-0.79519327674668383,0,0,low_frequency_random,2
5.75,-0.74009456411354635,0,0,low_frequency_random,2
5.7549999999999999,-0.72356348238407941,0,0,low_frequency_random,2
5.7599999999999998,-0.6908620321915806,0,0,low_frequency_random,2
5.7649999999999997,-0.63201434443210669,0,0,low_frequency_random,2
5.7700000000000005,-0.68066116936773047,0,0,low_frequency_random,2
5.7750000000000004,-0.73488888918236406,0,0,low_frequency_random,2
5.7800000000000002,-0.77303416418673199,0,0,low_frequency_random,2
5.7850000000000001,-0.88681907877216792,0,0,low_frequency_random,2
5.79,-0.91201587789354788,0,0,low_frequency_random,2
5.7949999999999999,-0.89794889094555219,0,0,low_frequency_random,2
5.7999999999999998,-0.88241361477225855,0,0,low_frequency_random,2
5.8049999999999997,-0.87163919741986406,0,0,low_frequency_random,2
5.8100000000000005,-0.90801690838725913,0,0,low_frequency_random,2
5.8150000000000004,-0.84992408829892574,0,0,low_frequency_random,2
5.8200000000000003,-1.0188622762170967,0,0,low_frequency_random,2
5.8250000000000002,-1.055108382972771,0,0,low_frequency_random,2
5.8300000000000001,-1.085897041162968,0,0,low_frequency_random,2
5.835,-1.018935830727397,0,0,low_frequency_random,2
5.8399999999999999,-0.97098906058102463,0,0,low_frequency_random,2
5.8449999999999998,-0.91258353212103205,0,0,low_frequency_random,2
5.8500000000000005,-0.91740705299606762,0,0,low_frequency_random,2
5.8550000000000004,-0.84779999320427424,0,0,low_frequency_random,2
5.8600000000000003,-0.93456244206517924,0,0,low_frequency_random,2
5.8650000000000002,-0.93533454115852521,0,0,low_frequency_random,2
5.8700000000000001,-1.1105746713796698,0,0,low_frequency_random,2
5.875,-0.97979817764904376,0,0,low_frequency_random,2
5.8799999999999999,-0.85950296338844012,0,0,low_frequency_random,2
5.8849999999999998,-0.914709073150621,0,0,low_frequency_random,2
5.8899999999999997,-0.98968751245595721,0,0,low_frequency_random,2
5.8950000000000005,-1.1640983940378364,0,0,low_frequency_random,2
5.9000000000000004,-1.2925101982557905,0,0,low_frequency_random,2
5.9050000000000002,-1.2883543492296377,0,0,low_frequency_random,2
5.9100000000000001,-1.3065138138912262,0,0,low_frequency_random,2
5.915,-1.4297818775912763,0,0,low_frequency_random,2
5.9199999999999999,-1.4745605367772312,0,0,low_frequency_random,2
5.9249999999999998,-1.532282757509545,0,0,low_frequency_random,2
5.9299999999999997,-1.4991595789133609,0,0,low_frequency_random,2
5.9350000000000005,-1.4469682052787216,0,0,low_frequency_random,2
5.9400000000000004,-1.4691505646609955,0,0,low_frequency_random,2
5.9450000000000003,-1.4644714313660372,0,0,low_frequency_random,2
5.9500000000000002,-1.4693877085209206,0,0,low_frequency_random,2
5.9550000000000001,-1.6405499861521899,0,0,low_frequency_random,2
5.96,-1.6297853568631577,0,0,low_frequency_random,2
5.9649999999999999,-1.6385178587943983,0,0,low_frequency_random,2
5.9699999999999998,-1.5821399686155269,0,0,low_frequency_random,2
5.9750000000000005,-1.7324179039526675,0,0,low_frequency_random,2
5.9800000000000004,-1.6743701688989849,0,0,low_frequency_random,2
5.9850000000000003,-1.7285629128088766,0,0,low_frequency_random,2
5.9900000000000002,-1.7101679441258633,0,0,low_frequency_random,2
5.9950000000000001,-1.6164660004090301,0,0,low_frequency_random,2
6,-1.7376458984503453,0,0,low_frequency_random,2
6.0049999999999999,-1.8450886313342312,0,0,low_frequency_random,2
6.0099999999999998,-1.7679083034755281,0,0,low_frequency_random,2
6.0150000000000006,-1.8615020236704576,0,0,low_frequency_random,2
6.0200000000000005,-1.9401224842897831,0,0,low_frequency_random,2
6.0250000000000004,-1.893691309663146,0,0,low_frequency_random,2
6.0300000000000002,-1.911765637329188,0,0,low_frequency_random,2
6.0350000000000001,-1.8513787692916748,0,0,low_frequency_random,2
6.04,-1.8294297124839385,0,0,low_frequency_random,2
6.0449999999999999,-1.8335542227005264,0,0,low_frequency_random,2
6.0499999999999998,-1.7569630573393076,0,0,low_frequency_random,2
6.0549999999999997,-1.5846549985894398,0,0,low_frequency_random,2
6.0600000000000005,-1.5957840950868447,0,0,low_frequency_random,2
6.0650000000000004,-1.4807732128390414,0,0,low_frequency_random,2
6.0700000000000003,-1.3939419142394871,0,0,low_frequency_random,2
6.0750000000000002,-1.389203038944602,0,0,low_frequency_random,2
6.0800000000000001,-1.3567745187420397,0,0,low_frequency_random,2
6.085,-1.4358057393357226,0,0,low_frequency_random,2
6.0899999999999999,-1.4888073660991941,0,0,low_frequency_random,2
6.0949999999999998,-1.4701765764811121,0,0,low_frequency_random,2
6.1000000000000005,-1.4775331983907718,0,0,low_frequency_random,2
6.1050000000000004,-1.3772227191204283,0,0,low_frequency_random,2
6.1100000000000003,-1.4849849319934396,0,0,low_frequency_random,2
6.1150000000000002,-1.5118686992870785,0,0,low_frequency_random,2
6.1200000000000001,-1.5660961905734092,0,0,low_frequency_random,2
6.125,-1.5812692737813105,0,0,low_frequency_random,2
6.1299999999999999,-1.4912938000863054,0,0,low_frequency_random,2
6.1349999999999998,-1.5909632288438924,0,0,low_frequency_random,2
6.1400000000000006,-1.5259429598775425,0,0,low_frequency_random,2
6.1450000000000005,-1.5761711982572926,0,0,low_frequency_random,2
6.1500000000000004,-1.6048986541219947,0,0,low_frequency_random,2
6.1550000000000002,-1.5278622778080142,0,0,low_frequency_random,2
6.1600000000000001,-1.5534964114678642,0,0,low_frequency_random,2
6.165,-1.5030767068791111,0,0,low_frequency_random,2
6.1699999999999999,-1.4970278079866162,0,0,low_frequency_random,2
6.1749999999999998,-1.513893954399917,0,0,low_frequency_random,2
6.1799999999999997,-1.5455922949582823,0,0,low_frequency_random,2
6.1850000000000005,-1.6865292639857006,0,0,low_frequency_random,2
6.1900000000000004,-1.7480985304616847,0,0,low_frequency_random,2
6.1950000000000003,-1.7363913343984239,0,0,low_frequency_random,2
6.2000000000000002,-1.721837245946658,0,0,low_frequency_random,2
6.2050000000000001,-1.8424873935155224,0,0,low_frequency_random,2
6.21,-1.7633799410963122,0,0,low_frequency_random,2
6.2149999999999999,-1.7188571369126913,0,0,low_frequency_random,2
6.2199999999999998,-1.8241922097673113,0,0,low_frequency_random,2
6.2250000000000005,-1.9082823244757754,0,0,low_frequency_random,2
6.2300000000000004,-1.8681184301468414,0,0,low_frequency_random,2
6.2350000000000003,-2.009069940492517,0,0,low_frequency_random,2
6.2400000000000002,-2.0680814379015375,0,0,low_frequency_random,2
6.2450000000000001,-2.0716946578831115,0,0,low_frequency_random,2
6.25,-2.0810764538884077,0,0,low_frequency_random,2
6.2549999999999999,-2.0847490082347728,0,0,low_frequency_random,2
6.2599999999999998,-2.0525560261879914,0,0,low_frequency_random,2
6.2650000000000006,-2.1154002973381458,0,0,low_frequency_random,2
6.2700000000000005,-2.1530044500088001,0,0,low_frequency_random,2
6.2750000000000004,-1.9875158226118401,0,0,low_frequency_random,2
6.2800000000000002,-2.0987079278251297,0,0,low_frequency_random,2
6.2850000000000001,-2.1331846459436163,0,0,low_frequency_random,2
6.29,-2.1226808000586574,0,0,low_frequency_random,2
6.2949999999999999,-2.1726617706077511,0,0,low_frequency_random,2
6.2999999999999998,-2.0731111265843856,0,0,low_frequency_random,2
6.3049999999999997,-2.0657414261917006,0,0,low_frequency_random,2
6.3100000000000005,-2.0036226492974469,0,0,low_frequency_random,2
6.3150000000000004,-2.2111061827773009,0,0,low_frequency_random,2
6.3200000000000003,-2.1137994809955449,0,0,low_frequency_random,2
6.3250000000000002,-2.0200355689015863,0,0,low_frequency_random,2
6.3300000000000001,-2.0788065459731322,0,0,low_frequency_random,2
6.335,-1.9725045691087584,0,0,low_frequency_random,2
6.3399999999999999,-1.9497625476670466,0,0,low_frequency_random,2
6.3449999999999998,-1.8741538455252729,0,0,low_frequency_random,2
6.3500000000000005,-1.7281874892676559,0,0,low_frequency_random,2
6.3550000000000004,-1.7195482028039457,0,0,low_frequency_random,2
6.3600000000000003,-1.7997971851208439,0,0,low_frequency_random,2
6.3650000000000002,-1.7995550369096309,0,0,low_frequency_random,2
6.3700000000000001,-1.9002407966721881,0,0,low_frequency_random,2
6.375,-1.9624970724466675,0,0,low_frequency_random,2
6.3799999999999999,-2.0213270472485672,0,0,low_frequency_random,2
6.3849999999999998,-2.0755705247340988,0,0,low_frequency_random,2
6.3900000000000006,-1.979512213175207,0,0,low_frequency_random,2
6.3950000000000005,-1.9101871582834382,0,0,low_frequency_random,2
6.4000000000000004,-1.9795206594925072,0,0,low_frequency_random,2
6.4050000000000002,-1.8864200409128784,0,0,low_frequency_random,2
6.4100000000000001,-2.0181691364323862,0,0,low_frequency_random,2
6.415,-2.0674637374912033,0,0,low_frequency_random,2
6.4199999999999999,-2.0750693505943878,0,0,low_frequency_random,2
6.4249999999999998,-1.9764523520518114,0,0,low_frequency_random,2
6.4299999999999997,-1.9150526071754501,0,0,low_frequency_random,2
6.4350000000000005,-1.8755818655189955,0,0,low_frequency_random,2
6.4400000000000004,-1.7684441623330684,0,0,low_frequency_random,2
6.4450000000000003,-1.7085471230203084,0,0,low_frequency_random,2
6.4500000000000002,-1.5969373499441057,0,0,low_frequency_random,2
6.4550000000000001,-1.6577041812508191,0,0,low_frequency_random,2
6.46,-1.7902433249270131,0,0,low_frequency_random,2
6.4649999999999999,-1.8203870659545112,0,0,low_frequency_random,2
6.4699999999999998,-1.750624805526829,0,0,low_frequency_random,2
6.4750000000000005,-1.7266828090683513,0,0,low_frequency_random,2
6.4800000000000004,-1.6525401998125953,0,0,low_frequency_random,2
6.4850000000000003,-1.5929875292089455,0,0,low_frequency_random,2
6.4900000000000002,-1.5492324278013667,0,0,low_frequency_random,2
6.4950000000000001,-1.4814760592898308,0,0,low_frequency_random,2
6.5,-1.5365606147574644,0,0,low_frequency_random,2
6.5049999999999999,-1.4468626363970511,0,0,low_frequency_random,2
6.5099999999999998,-1.5252377629615927,0,0,low_frequency_random,2
6.5150000000000006,-1.5319845116963791,0,0,low_frequency_random,2
6.5200000000000005,-1.6425740699300204,0,0,low_frequency_random,2
6.5250000000000004,-1.5991863775828887,0,0,low_frequency_random,2
6.5300000000000002,-1.720356824088803,0,0,low_frequency_random,2
6.5350000000000001,-1.6046636492502999,0,0,low_frequency_random,2
6.54,-1.7092159956228656,0,0,low_frequency_random,2
6.5449999999999999,-1.685132596452753,0,0,low_frequency_random,2
6.5499999999999998,-1.693041923986198,0,0,low_frequency_random,2
6.5549999999999997,-1.7597858603825138,0,0,low_frequency_random,2
6.5600000000000005,-1.656330658537533,0,0,low_frequency_random,2
6.5650000000000004,-1.687418087724124,0,0,low_frequency_random,2
6.5700000000000003,-1.5669796877403619,0,0,low_frequency_random,2
6.5750000000000002,-1.6462218323021121,0,0,low_frequency_random,2
6.5800000000000001,-1.7071933406369482,0,0,low_frequency_random,2
6.585,-1.8635175323926507,0,0,low_frequency_random,2
6.5899999999999999,-1.8151170862883581,0,0,low_frequency_random,2
6.5949999999999998,-1.7378751437189326,0,0,low_frequency_random,2
6.6000000000000005,-1.7162968494121591,0,0,low_frequency_random,2
6.6050000000000004,-1.7256824108119735,0,0,low_frequency_random,2
6.6100000000000003,-1.7956658159712107,0,0,low_frequency_random,2
6.6150000000000002,-1.6039301616818553,0,0,low_frequency_random,2
6.6200000000000001,-1.5415486127200322,0,0,low_frequency_random,2
6.625,-1.6861556913072813,0,0,low_frequency_random,2
6.6299999999999999,-1.7074678726588237,0,0,low_frequency_random,2
6.6349999999999998,-1.9123298793836838,0,0,low_frequency_random,2
6.6400000000000006,-1.78152762989719,0,0,low_frequency_random,2
6.6450000000000005,-1.6195121840069164,0,0,low_frequency_random,2
6.6500000000000004,-1.4994393011162399,0,0,low_frequency_random,2
6.6550000000000002,-1.5010638794779865,0,0,low_frequency_random,2
6.6600000000000001,-1.545687501503378,0,0,low_frequency_random,2
6.665,-1.6549154972770155,0,0,low_frequency_random,2
6.6699999999999999,-1.6088596553381258,0,0,low_frequency_random,2
6.6749999999999998,-1.6651500334807061,0,0,low_frequency_random,2
6.6799999999999997,-1.6916002301205282,0,0,low_frequency_random,2
6.6850000000000005,-1.7389697829737514,0,0,low_frequency_random,2
6.6900000000000004,-1.7596349633790858,0,0,low_frequency_random,2
6.6950000000000003,-1.6837059881516294,0,0,low_frequency_random,2
6.7000000000000002,-1.5448327901896575,0,0,low_frequency_random,2
6.7050000000000001,-1.529595940832631,0,0,low_frequency_random,2
6.71,-1.5249053092224196,0,0,low_frequency_random,2
6.7149999999999999,-1.6108065672906906,0,0,low_frequency_random,2
6.7199999999999998,-1.7055398912720894,0,0,low_frequency_random,2
6.7250000000000005,-1.7865139294592476,0,0,low_frequency_random,2
6.7300000000000004,-1.7111808135266138,0,0,low_frequency_random,2
6.7350000000000003,-1.6871611956752481,0,0,low_frequency_random,2
6.7400000000000002,-1.6055290111295895,0,0,low_frequency_random,2
6.7450000000000001,-1.5678179497462821,0,0,low_frequency_random,2
6.75,-1.5963581431279408,0,0,low_frequency_random,2
6.7549999999999999,-1.6920493467534017,0,0,low_frequency_random,2
6.7599999999999998,-1.7172135569776734,0,0,low_frequency_random,2
6.7650000000000006,-1.827133153980671,0,0,low_frequency_random,2
6.7700000000000005,-1.6617509281296865,0,0,low_frequency_random,2
6.7750000000000004,-1.6358754539886633,0,0,low_frequency_random,2
6.7800000000000002,-1.6611128853518011,0,0,low_frequency_random,2
6.7850000000000001,-1.4969703271469004,0,0,low_frequency_random,2
6.79,-1.5241878895990246,0,0,low_frequency_random,2
6.7949999999999999,-1.4758322477925261,0,0,low_frequency_random,2
6.7999999999999998,-1.485460721447011,0,0,low_frequency_random,2
6.8049999999999997,-1.4532122864964978,0,0,low_frequency_random,2
6.8100000000000005,-1.4793177636826267,0,0,low_frequency_random,2
6.8150000000000004,-1.4361537367762462,0,0,low_frequency_random,2
6.8200000000000003,-1.3182928405531322,0,0,low_frequency_random,2
6.8250000000000002,-1.4168082282997261,0,0,low_frequency_random,2
6.8300000000000001,-1.5919121607514199,0,0,low_frequency_random,2
6.835,-1.4791294943352167,0,0,low_frequency_random,2
6.8399999999999999,-1.4619609336390338,0,0,low_frequency_random,2
6.8449999999999998,-1.3881253480836038,0,0,low_frequency_random,2
6.8500000000000005,-1.4081304628405238,0,0,low_frequency_random,2
6.8550000000000004,-1.2805612020430361,0,0,low_frequency_random,2
6.8600000000000003,-1.1312622822718932,0,0,low_frequency_random,2
6.8650000000000002,-1.223382928866636,0,0,low_frequency_random,2
6.8700000000000001,-1.1668524509771441,0,0,low_frequency_random,2
6.875,-1.2138690774567515,0,0,low_frequency_random,2
6.8799999999999999,-1.3413285827188957,0,0,low_frequency_random,2
6.8849999999999998,-1.3628930802777095,0,0,low_frequency_random,2
6.8900000000000006,-1.3143996151543342,0,0,low_frequency_random,2
6.8950000000000005,-1.4223267606533825,0,0,low_frequency_random,2
6.9000000000000004,-1.5231535817175801,0,0,low_frequency_random,2
6.9050000000000002,-1.4207235221639549,0,0,low_frequency_random,2
6.9100000000000001,-1.4157392735829566,0,0,low_frequency_random,2
6.915,-1.3811063457421389,0,0,low_frequency_random,2
6.9199999999999999,-1.4713240316144489,0,0,low_frequency_random,2
6.9249999999999998,-1.5219034806174594,0,0,low_frequency_random,2
6.9299999999999997,-1.5099434830527438,0,0,low_frequency_random,2
6.9350000000000005,-1.4929450863681322,0,0,low_frequency_random,2
6.9400000000000004,-1.479679174001739,0,0,low_frequency_random,2
6.9450000000000003,-1.3501791110554537,0,0,low_frequency_random,2
6.9500000000000002,-1.3364628740888778,0,0,low_frequency_random,2
6.9550000000000001,-1.459962602742424,0,0,low_frequency_random,2
6.96,-1.5301210412513042,0,0,low_frequency_random,2
6.9649999999999999,-1.534357827299905,0,0,low_frequency_random,2
6.9699999999999998,-1.431156162831726,0,0,low_frequency_random,2
6.9750000000000005,-1.4871213381869843,0,0,low_frequency_random,2
6.9800000000000004,-1.5191898081439978,0,0,low_frequency_random,2
6.9850000000000003,-1.5219246711434362,0,0,low_frequency_random,2
6.9900000000000002,-1.5797459044706113,0,0,low_frequency_random,2
6.9950000000000001,-1.646974763353739,0,0,low_frequency_random,2
7,-1.6666285544605741,0,0,low_frequency_random,2
7.0049999999999999,-1.5872522609002193,0,0,low_frequency_random,2
7.0099999999999998,-1.5495894310603666,0,0,low_frequency_random,2
7.0150000000000006,-1.5744587250604232,0,0,low_frequency_random,2
7.0200000000000005,-1.5436795616936796,0,0,low_frequency_random,2
7.0250000000000004,-1.6491488237670047,0,0,low_frequency_random,2
7.0300000000000002,-1.5701929038589741,0,0,low_frequency_random,2
7.0350000000000001,-1.5124870135677597,0,0,low_frequency_random,2
7.04,-1.4907915506150227,0,0,low_frequency_random,2
7.0449999999999999,-1.6249005323166159,0,0,low_frequency_random,2
7.0499999999999998,-1.4627832728230179,0,0,low_frequency_random,2
7.0549999999999997,-1.7015022192829865,0,0,low_frequency_random,2
7.0600000000000005,-1.7836563445627245,0,0,low_frequency_random,2
7.0650000000000004,-1.8590887350567098,0,0,low_frequency_random,2
7.0700000000000003,-1.8038740468219114,0,0,low_frequency_random,2
7.0750000000000002,-1.9259328210547049,0,0,low_frequency_random,2
7.0800000000000001,-1.9074947095549657,0,0,low_frequency_random,2
7.085,-1.9204719409583326,0,0,low_frequency_random,2
7.0899999999999999,-1.9445593066946392,0,0,low_frequency_random,2
7.0949999999999998,-1.8760009051642572,0,0,low_frequency_random,2
7.1000000000000005,-1.7618917201744779,0,0,low_frequency_random,2
7.1050000000000004,-1.7311843695508442,0,0,low_frequency_random,2
7.1100000000000003,-1.7548196118070967,0,0,low_frequency_random,2
7.1150000000000002,-1.9400408013032848,0,0,low_frequency_random,2
7.1200000000000001,-1.8217219772156945,0,0,low_frequency_random,2
7.125,-1.8468976561521089,0,0,low_frequency_random,2
7.1299999999999999,-1.9971423324888931,0,0,low_frequency_random,2
7.1349999999999998,-1.9842013948629538,0,0,low_frequency_random,2
7.1400000000000006,-1.8672070339248863,0,0,low_frequency_random,2
7.1450000000000005,-1.8790708318087319,0,0,low_frequency_random,2
7.1500000000000004,-1.9737567757013383,0,0,low_frequency_random,2
7.1550000000000002,-1.7914639044613168,0,0,low_frequency_random,2
7.1600000000000001,-1.7424414340784258,0,0,low_frequency_random,2
7.165,-1.7152204165145231,0,0,low_frequency_random,2
7.1699999999999999,-1.6338018675683392,0,0,low_frequency_random,2
7.1749999999999998,-1.8099448872033552,0,0,low_frequency_random,2
7.1799999999999997,-1.8155439810225169,0,0,low_frequency_random,2
7.1850000000000005,-1.8286905687879484,0,0,low_frequency_random,2
7.1900000000000004,-1.6453151090325651,0,0,low_frequency_random,2
7.1950000000000003,-1.6913270820967548,0,0,low_frequency_random,2
7.2000000000000002,-1.7361041073201153,0,0,low_frequency_random,2
7.2050000000000001,-1.8482599543304192,0,0,low_frequency_random,2
7.21,-1.913869267322915,0,0,low_frequency_random,2
7.2149999999999999,-1.9292633759689957,0,0,low_frequency_random,2
7.2199999999999998,-1.9066813211546316,0,0,low_frequency_random,2
7.2250000000000005,-1.9214023534221409,0,0,low_frequency_random,2
7.2300000000000004,-1.7579173972557103,0,0,low_frequency_random,2
7.2350000000000003,-1.7174414630880122,0,0,low_frequency_random,2
7.2400000000000002,-1.665299409242571,0,0,low_frequency_random,2
7.2450000000000001,-1.5544048234006722,0,0,low_frequency_random,2
7.25,-1.5033667274685223,0,0,low_frequency_random,2
7.2549999999999999,-1.5459540436879911,0,0,low_frequency_random,2
7.2599999999999998,-1.6710616374098783,0,0,low_frequency_random,2
7.2650000000000006,-1.6415758245526757,0,0,low_frequency_random,2
7.2700000000000005,-1.7082929147423567,0,0,low_frequency_random,2
7.2750000000000004,-1.6010062754719745,0,0,low_frequency_random,2
7.2800000000000002,-1.6628462551274314,0,0,low_frequency_random,2
7.2850000000000001,-1.8424683102558435,0,0,low_frequency_random,2
7.29,-1.8376395325003261,0,0,low_frequency_random,2
7.2949999999999999,-1.7494198471819933,0,0,low_frequency_random,2
7.2999999999999998,-1.7651660617026517,0,0,low_frequency_random,2
7.3049999999999997,-1.7493069029256862,0,0,low_frequency_random,2
7.3100000000000005,-1.735803778314672,0,0,low_frequency_random,2
7.3150000000000004,-1.5954726285930381,0,0,low_frequency_random,2
7.3200000000000003,-1.5708507659308106,0,0,low_frequency_random,2
7.3250000000000002,-1.5741114769408691,0,0,low_frequency_random,2
7.3300000000000001,-1.6239302951028971,0,0,low_frequency_random,2
7.335,-1.7566066910186415,0,0,low_frequency_random,2
7.3399999999999999,-1.6417131708517467,0,0,low_frequency_random,2
7.3449999999999998,-1.5484069434178764,0,0,low_frequency_random,2
7.3500000000000005,-1.6258086509510548,0,0,low_frequency_random,2
7.3550000000000004,-1.5763223508136515,0,0,low_frequency_random,2
7.3600000000000003,-1.5499621849609428,0,0,low_frequency_random,2
7.3650000000000002,-1.5810704440507666,0,0,low_frequency_random,2
7.3700000000000001,-1.6065601821593558,0,0,low_frequency_random,2
7.375,-1.545523154684918,0,0,low_frequency_random,2
7.3799999999999999,-1.643514721083392,0,0,low_frequency_random,2
7.3849999999999998,-1.6855912663159673,0,0,low_frequency_random,2
7.3900000000000006,-1.6915252484768326,0,0,low_frequency_random,2
7.3950000000000005,-1.6917702528699357,0,0,low_frequency_random,2
7.4000000000000004,-1.7084848392172329,0,0,low_frequency_random,2
7.4050000000000002,-1.6904041544200887,0,0,low_frequency_random,2
7.4100000000000001,-1.6470634060216913,0,0,low_frequency_random,2
7.415,-1.7193422431447356,0,0,low_frequency_random,2
7.4199999999999999,-1.7119784763561248,0,0,low_frequency_random,2
7.4249999999999998,-1.7542900361561651,0,0,low_frequency_random,2
7.4299999999999997,-1.6314740596572408,0,0,low_frequency_random,2
7.4350000000000005,-1.7453348838283982,0,0,low_frequency_random,2
7.4400000000000004,-1.7637254618521967,0,0,low_frequency_random,2
7.4450000000000003,-1.7063541970774816,0,0,low_frequency_random,2
7.4500000000000002,-1.7289506820894376,0,0,low_frequency_random,2
7.4550000000000001,-1.7552998873574319,0,0,low_frequency_random,2
7.46,-1.7981154502745709,0,0,low_frequency_random,2
7.4649999999999999,-1.7716558493988619,0,0,low_frequency_random,2
7.4699999999999998,-1.8648881246217504,0,0,low_frequency_random,2
7.4750000000000005,-1.8699077162152433,0,0,low_frequency_random,2
7.4800000000000004,-1.8764304476972669,0,0,low_frequency_random,2
7.4850000000000003,-1.993143576053704,0,0,low_frequency_random,2
7.4900000000000002,-1.9684617179183153,0,0,low_frequency_random,2
7.4950000000000001,-2.0036405903081076,0,0,low_frequency_random,2
7.5,-1.9757756501730519,0,0,low_frequency_random,2
7.5049999999999999,-1.9032498268673801,0,0,low_frequency_random,2
7.5099999999999998,-1.8728025376039683,0,0,low_frequency_random,2
7.5150000000000006,-1.9658153637870954,0,0,low_frequency_random,2
7.5200000000000005,-1.936546511635624,0,0,low_frequency_random,2
7.5250000000000004,-2.0628358047050277,0,0,low_frequency_random,2
7.5300000000000002,-2.1208825524841992,0,0,low_frequency_random,2
7.5350000000000001,-1.9813716734296138,0,0,low_frequency_random,2
7.54,-1.9771542774390205,0,0,low_frequency_random,2
7.5449999999999999,-1.8471966477243216,0,0,low_frequency_random,2
7.5499999999999998,-1.8584699057021781,0,0,low_frequency_random,2
7.5549999999999997,-1.8541502607740927,0,0,low_frequency_random,2
7.5600000000000005,-1.9407948529025378,0,0,low_frequency_random,2
7.5650000000000004,-1.8603691743075896,0,0,low_frequency_random,2
7.5700000000000003,-1.8725527131274824,0,0,low_frequency_random,2
7.5750000000000002,-1.8178710780680831,0,0,low_frequency_random,2
7.5800000000000001,-1.7786252926643535,0,0,low_frequency_random,2
7.585,-1.7313947750992689,0,0,low_frequency_random,2
7.5899999999999999,-1.7010231449841835,0,0,low_frequency_random,2
7.5949999999999998,-1.7000936104710396,0,0,low_frequency_random,2
7.6000000000000005,-1.6959629416511628,0,0,low_frequency_random,2
7.6050000000000004,-1.7475752870879924,0,0,low_frequency_random,2
7.6100000000000003,-1.9146590808639692,0,0,low_frequency_random,2
7.6150000000000002,-1.8693158783016863,0,0,low_frequency_random,2
7.6200000000000001,-1.6952299789357737,0,0,low_frequency_random,2
7.625,-1.6027235326770695,0,0,low_frequency_random,2
7.6299999999999999,-1.4089049943520371,0,0,low_frequency_random,2
7.6349999999999998,-1.365353265543928,0,0,low_frequency_random,2
7.6400000000000006,-1.4386701151720822,0,0,low_frequency_random,2
7.6450000000000005,-1.5133487066008522,0,0,low_frequency_random,2
7.6500000000000004,-1.44745332238767,0,0,low_frequency_random,2
7.6550000000000002,-1.4143043214859017,0,0,low_frequency_random,2
7.6600000000000001,-1.4220923998681569,0,0,low_frequency_random,2
7.665,-1.3563690823365704,0,0,low_frequency_random,2
7.6699999999999999,-1.4214756719909185,0,0,low_frequency_random,2
7.6749999999999998,-1.3731326392423164,0,0,low_frequency_random,2
7.6799999999999997,-1.3898723880227082,0,0,low_frequency_random,2
7.6850000000000005,-1.3709517650800234,0,0,low_frequency_random,2
7.6900000000000004,-1.2688091007628071,0,0,low_frequency_random,2
7.6950000000000003,-1.2741509149796968,0,0,low_frequency_random,2
7.7000000000000002,-1.1569892777207189,0,0,low_frequency_random,2
7.7050000000000001,-1.0441244256410052,0,0,low_frequency_random,2
7.71,-1.1003292456181126,0,0,low_frequency_random,2
7.7149999999999999,-0.90707242692932133,0,0,low_frequency_random,2
7.7199999999999998,-1.0025124969849528,0,0,low_frequency_random,2
7.7250000000000005,-1.0053350219276107,0,0,low_frequency_random,2
7.7300000000000004,-0.94045112645658502,0,0,low_frequency_random,2
7.7350000000000003,-1.1196222017694826,0,0,low_frequency_random,2
7.7400000000000002,-1.0300824227705334,0,0,low_frequency_random,2
7.7450000000000001,-0.93239668203643777,0,0,low_frequency_random,2
7.75,-0.93618650118072511,0,0,low_frequency_random,2
7.7549999999999999,-0.90879640154558305,0,0,low_frequency_random,2
7.7599999999999998,-0.88608407581334647,0,0,low_frequency_random,2
7.7650000000000006,-0.89774123525551353,0,0,low_frequency_random,2
7.7700000000000005,-0.80579180320765353,0,0,low_frequency_random,2
7.7750000000000004,-0.83103468230924082,0,0,low_frequency_random,2
7.7800000000000002,-0.82957342967540582,0,0,low_frequency_random,2
7.7850000000000001,-0.79499656842361954,0,0,low_frequency_random,2
7.79,-0.72139732806627033,0,0,low_frequency_random,2
7.7949999999999999,-0.62773878689255502,0,0,low_frequency_random,2
7.7999999999999998,-0.74328494390321265,0,0,low_frequency_random,2
7.8050000000000006,-0.90307065330142322,0,0,low_frequency_random,2
7.8100000000000005,-0.90883863686134325,0,0,low_frequency_random,2
7.8150000000000004,-0.90785170444878849,0,0,low_frequency_random,2
7.8200000000000003,-0.99005328087684186,0,0,low_frequency_random,2
7.8250000000000002,-0.95960963028955482,0,0,low_frequency_random,2
7.8300000000000001,-0.9031266780365903,0,0,low_frequency_random,2
7.835,-0.86693627669820605,0,0,low_frequency_random,2
7.8399999999999999,-0.72837670056879156,0,0,low_frequency_random,2
7.8449999999999998,-0.80782076463758234,0,0,low_frequency_random,2
7.8500000000000005,-0.80121541849345346,0,0,low_frequency_random,2
7.8550000000000004,-0.64041809981150954,0,0,low_frequency_random,2
7.8600000000000003,-0.5815876201304726,0,0,low_frequency_random,2
7.8650000000000002,-0.66846086709103025,0,0,low_frequency_random,2
7.8700000000000001,-0.64814303000431162,0,0,low_frequency_random,2
7.875,-0.54885200344912943,0,0,low_frequency_random,2
7.8799999999999999,-0.37694720650580571,0,0,low_frequency_random,2
7.8849999999999998,-0.32086478621346148,0,0,low_frequency_random,2
7.8900000000000006,-0.22423830570511427,0,0,low_frequency_random,2
7.8950000000000005,-0.312534931958382,0,0,low_frequency_random,2
7.9000000000000004,-0.3306516023602345,0,0,low_frequency_random,2
7.9050000000000002,-0.23189216520667913,0,0,low_frequency_random,2
7.9100000000000001,-0.30806504570568749,0,0,low_frequency_random,2
7.915,-0.31121641336269396,0,0,low_frequency_random,2
7.9199999999999999,-0.46060116830077447,0,0,low_frequency_random,2
7.9249999999999998,-0.33828368834558775,0,0,low_frequency_random,2
7.9300000000000006,-0.34703749932227185,0,0,low_frequency_random,2
7.9350000000000005,-0.29931846022386033,0,0,low_frequency_random,2
7.9400000000000004,-0.41940639075806274,0,0,low_frequency_random,2
7.9450000000000003,-0.52354167954675901,0,0,low_frequency_random,2
7.9500000000000002,-0.37388679089776011,0,0,low_frequency_random,2
7.9550000000000001,-0.39971092926237056,0,0,low_frequency_random,2
7.96,-0.4417389194199195,0,0,low_frequency_random,2
7.9649999999999999,-0.39810494024179266,0,0,low_frequency_random,2
7.9699999999999998,-0.3512294344757384,0,0,low_frequency_random,2
7.9750000000000005,-0.50830484302246692,0,0,low_frequency_random,2
7.9800000000000004,-0.58475141089606431,0,0,low_frequency_random,2
7.9850000000000003,-0.57772840552490168,0,0,low_frequency_random,2
7.9900000000000002,-0.57442146194483013,0,0,low_frequency_random,2
7.9950000000000001,-0.54310749295451943,0,0,low_frequency_random,2
8,-0.57516361520624493,0,0,low_frequency_random,2
8.0050000000000008,-0.59498323361177685,0,0,low_frequency_random,2
8.0099999999999998,-0.57461118193568628,0,0,low_frequency_random,2
8.0150000000000006,-0.62753476274149,0,0,low_frequency_random,2
8.0199999999999996,-0.69201513019877214,0,0,low_frequency_random,2
8.0250000000000004,-0.73300126581695857,0,0,low_frequency_random,2
8.0299999999999994,-0.7289049176412018,0,0,low_frequency_random,2
8.0350000000000001,-0.73748511624648216,0,0,low_frequency_random,2
8.0400000000000009,-0.7726447061421885,0,0,low_frequency_random,2
8.0449999999999999,-0.78926615121107402,0,0,low_frequency_random,2
8.0500000000000007,-0.78953398430097932,0,0,low_frequency_random,2
8.0549999999999997,-0.75992270446512333,0,0,low_frequency_random,2
8.0600000000000005,-0.72710685646103634,0,0,low_frequency_random,2
8.0649999999999995,-0.8278797572920753,0,0,low_frequency_random,2
8.0700000000000003,-0.74539947136095708,0,0,low_frequency_random,2
8.0749999999999993,-0.87145913928454588,0,0,low_frequency_random,2
8.0800000000000001,-0.82339585483062161,0,0,low_frequency_random,2
8.0850000000000009,-0.87686321335907091,0,0,low_frequency_random,2
8.0899999999999999,-0.82620003048854918,0,0,low_frequency_random,2
8.0950000000000006,-0.73706674686750095,0,0,low_frequency_random,2
8.0999999999999996,-0.88596151846124771,0,0,low_frequency_random,2
8.1050000000000004,-0.83368256069709401,0,0,low_frequency_random,2
8.1099999999999994,-0.80823350193475629,0,0,low_frequency_random,2
8.1150000000000002,-0.84249147994456774,0,0,low_frequency_random,2
8.120000000000001,-0.80816846064631565,0,0,low_frequency_random,2
8.125,-0.84499686949284314,0,0,low_frequency_random,2
8.1300000000000008,-0.83217743306384651,0,0,low_frequency_random,2
8.1349999999999998,-0.91373998824975333,0,0,low_frequency_random,2
8.1400000000000006,-0.84699319460654521,0,0,low_frequency_random,2
8.1449999999999996,-0.79631938469483932,0,0,low_frequency_random,2
8.1500000000000004,-0.7335773532840929,0,0,low_frequency_random,2
8.1549999999999994,-0.78376719451975962,0,0,low_frequency_random,2
8.1600000000000001,-0.63285518874672309,0,0,low_frequency_random,2
8.1650000000000009,-0.47166736348915217,0,0,low_frequency_random,2
8.1699999999999999,-0.47749159792510321,0,0,low_frequency_random,2
8.1750000000000007,-0.50982557378370585,0,0,low_frequency_random,2
8.1799999999999997,-0.54128989415636686,0,0,low_frequency_random,2
8.1850000000000005,-0.48444687902304384,0,0,low_frequency_random,2
8.1899999999999995,-0.40041918739784188,0,0,low_frequency_random,2
8.1950000000000003,-0.45969874727904475,0,0,low_frequency_random,2
8.1999999999999993,-0.62178905045516719,0,0,low_frequency_random,2
8.2050000000000001,-0.58330027791817962,0,0,low_frequency_random,2
8.2100000000000009,-0.58490160108101841,0,0,low_frequency_random,2
8.2149999999999999,-0.56941058528234556,0,0,low_frequency_random,2
8.2200000000000006,-0.52622572768009568,0,0,low_frequency_random,2
8.2249999999999996,-0.61436553189617615,0,0,low_frequency_random,2
8.2300000000000004,-0.60748022152919956,0,0,low_frequency_random,2
8.2349999999999994,-0.62986484519477692,0,0,low_frequency_random,2
8.2400000000000002,-0.59796982695871692,0,0,low_frequency_random,2
8.245000000000001,-0.49841159854126826,0,0,low_frequency_random,2
8.25,-0.49751745325556551,0,0,low_frequency_random,2
8.2550000000000008,-0.56581340065791719,0,0,low_frequency_random,2
8.2599999999999998,-0.46467183435289072,0,0,low_frequency_random,2
8.2650000000000006,-0.40733279372534248,0,0,low_frequency_random,2
8.2699999999999996,-0.42381547297607125,0,0,low_frequency_random,2
8.2750000000000004,-0.56902980940739512,0,0,low_frequency_random,2
8.2799999999999994,-0.63907184140792439,0,0,low_frequency_random,2
8.2850000000000001,-0.62689021922030752,0,0,low_frequency_random,2
8.2900000000000009,-0.58238138020668906,0,0,low_frequency_random,2
8.2949999999999999,-0.62472800358359337,0,0,low_frequency_random,2
8.3000000000000007,-0.58946039680088469,0,0,low_frequency_random,2
8.3049999999999997,-0.64055805576469882,0,0,low_frequency_random,2
8.3100000000000005,-0.6744804975586417,0,0,low_frequency_random,2
8.3149999999999995,-0.63152109639559029,0,0,low_frequency_random,2
8.3200000000000003,-0.65341966303385657,0,0,low_frequency_random,2
8.3249999999999993,-0.64228488186218846,0,0,low_frequency_random,2
8.3300000000000001,-0.57218450342158489,0,0,low_frequency_random,2
8.3350000000000009,-0.48206632646795899,0,0,low_frequency_random,2
8.3399999999999999,-0.530577126902812,0,0,low_frequency_random,2
8.3450000000000006,-0.55188524430104857,0,0,low_frequency_random,2
8.3499999999999996,-0.65925470848956114,0,0,low_frequency_random,2
8.3550000000000004,-0.76454629604622037,0,0,low_frequency_random,2
8.3599999999999994,-0.74068415865966875,0,0,low_frequency_random,2
8.3650000000000002,-0.78275801086813457,0,0,low_frequency_random,2
8.370000000000001,-0.93168626412463551,0,0,low_frequency_random,2
8.375,-0.88865953943818721,0,0,low_frequency_random,2
8.3800000000000008,-0.95573844544970854,0,0,low_frequency_random,2
8.3849999999999998,-0.98027030232091827,0,0,low_frequency_random,2
8.3900000000000006,-0.94617365734317183,0,0,low_frequency_random,2
8.3949999999999996,-0.91384967493158542,0,0,low_frequency_random,2
8.4000000000000004,-0.91818464667357491,0,0,low_frequency_random,2
8.4049999999999994,-1.077631232693304,0,0,low_frequency_random,2
8.4100000000000001,-1.0312639418960603,0,0,low_frequency_random,2
8.4150000000000009,-1.0781366566473944,0,0,low_frequency_random,2
8.4199999999999999,-1.1906400853825319,0,0,low_frequency_random,2
8.4250000000000007,-1.3659478602545203,0,0,low_frequency_random,2
8.4299999999999997,-1.2577187385640158,0,0,low_frequency_random,2
8.4350000000000005,-1.2444228774490786,0,0,low_frequency_random,2
8.4399999999999995,-1.2335752254210386,0,0,low_frequency_random,2
8.4450000000000003,-1.182931083211435,0,0,low_frequency_random,2
8.4499999999999993,-1.1875892815110134,0,0,low_frequency_random,2
8.4550000000000001,-1.3042512397844783,0,0,low_frequency_random,2
8.4600000000000009,-1.2475774140485711,0,0,low_frequency_random,2
8.4649999999999999,-1.1654103020739548,0,0,low_frequency_random,2
8.4700000000000006,-1.1223888886487452,0,0,low_frequency_random,2
8.4749999999999996,-0.99785932094709073,0,0,low_frequency_random,2
8.4800000000000004,-0.8444650457462739,0,0,low_frequency_random,2
8.4849999999999994,-0.90812587357191843,0,0,low_frequency_random,2
8.4900000000000002,-0.94313011446314909,0,0,low_frequency_random,2
8.495000000000001,-0.87146861840849188,0,0,low_frequency_random,2
8.5,-0.85693923155218443,0,0,low_frequency_random,2
8.5050000000000008,-0.83968800782945141,0,0,low_frequency_random,2
8.5099999999999998,-0.76461700427592116,0,0,low_frequency_random,2
8.5150000000000006,-0.70542733404751279,0,0,low_frequency_random,2
8.5199999999999996,-0.74103563073021639,0,0,low_frequency_random,2
8.5250000000000004,-0.73112984396423963,0,0,low_frequency_random,2
8.5299999999999994,-0.78812475021399253,0,0,low_frequency_random,2
8.5350000000000001,-0.80350261373355447,0,0,low_frequency_random,2
8.5400000000000009,-0.89201634985249523,0,0,low_frequency_random,2
8.5449999999999999,-1.0482275798642684,0,0,low_frequency_random,2
8.5500000000000007,-1.0863281799259714,0,0,low_frequency_random,2
8.5549999999999997,-1.1317341652733324,0,0,low_frequency_random,2
8.5600000000000005,-1.0581768172280694,0,0,low_frequency_random,2
8.5649999999999995,-0.93060934750577706,0,0,low_frequency_random,2
8.5700000000000003,-0.92732018796791604,0,0,low_frequency_random,2
8.5750000000000011,-0.88830795084482828,0,0,low_frequency_random,2
8.5800000000000001,-0.9379005871095053,0,0,low_frequency_random,2
8.5850000000000009,-1.0104035776905906,0,0,low_frequency_random,2
8.5899999999999999,-1.0312376938769354,0,0,low_frequency_random,2
8.5950000000000006,-1.0519570977198414,0,0,low_frequency_random,2
8.5999999999999996,-1.0260736852407364,0,0,low_frequency_random,2
8.6050000000000004,-1.0148491744734216,0,0,low_frequency_random,2
8.6099999999999994,-0.88024338321871776,0,0,low_frequency_random,2
8.6150000000000002,-0.8959114496465399,0,0,low_frequency_random,2
8.620000000000001,-1.025916894587749,0,0,low_frequency_random,2
8.625,-1.0138325234092151,0,0,low_frequency_random,2
8.6300000000000008,-1.0640466666549695,0,0,low_frequency_random,2
8.6349999999999998,-1.0449963789667773,0,0,low_frequency_random,2
8.6400000000000006,-0.95251499953225494,0,0,low_frequency_random,2
8.6449999999999996,-1.0015090363267609,0,0,low_frequency_random,2
8.6500000000000004,-1.0050044973489105,0,0,low_frequency_random,2
8.6549999999999994,-0.9611258212984527,0,0,low_frequency_random,2
8.6600000000000001,-1.0341730487612562,0,0,low_frequency_random,2
8.6650000000000009,-1.0141029200737277,0,0,low_frequency_random,2
8.6699999999999999,-0.96779892432939263,0,0,low_frequency_random,2
8.6750000000000007,-0.90034257095529968,0,0,low_frequency_random,2
8.6799999999999997,-0.81045903451702039,0,0,low_frequency_random,2
8.6850000000000005,-0.76426380079052303,0,0,low_frequency_random,2
8.6899999999999995,-0.73125536281259262,0,0,low_frequency_random,2
8.6950000000000003,-0.84057662623097662,0,0,low_frequency_random,2
8.7000000000000011,-1.0520688542620302,0,0,low_frequency_random,2
8.7050000000000001,-1.125660398896944,0,0,low_frequency_random,2
8.7100000000000009,-1.0083958508066826,0,0,low_frequency_random,2
8.7149999999999999,-0.99581055463567647,0,0,low_frequency_random,2
8.7200000000000006,-1.1723193721166951,0,0,low_frequency_random,2
8.7249999999999996,-1.201762904445939,0,0,low_frequency_random,2
8.7300000000000004,-1.1685662594457062,0,0,low_frequency_random,2
8.7349999999999994,-1.3119324501474185,0,0,low_frequency_random,2
8.7400000000000002,-1.261205194254339,0,0,low_frequency_random,2
8.745000000000001,-1.3478228395218006,0,0,low_frequency_random,2
8.75,-1.2594540114160584,0,0,low_frequency_random,2
8.7550000000000008,-1.2521091416193155,0,0,low_frequency_random,2
8.7599999999999998,-1.0002450794990918,0,0,low_frequency_random,2
8.7650000000000006,-1.1026452172387498,0,0,low_frequency_random,2
8.7699999999999996,-1.0757424633721713,0,0,low_frequency_random,2
8.7750000000000004,-1.1890754223908377,0,0,low_frequency_random,2
8.7799999999999994,-1.092526359488379,0,0,low_frequency_random,2
8.7850000000000001,-1.0780359584208827,0,0,low_frequency_random,2
8.7900000000000009,-1.0000469805544974,0,0,low_frequency_random,2
8.7949999999999999,-0.98764439711311292,0,0,low_frequency_random,2
8.8000000000000007,-1.0768256252836041,0,0,low_frequency_random,2
8.8049999999999997,-1.1240730232553484,0,0,low_frequency_random,2
8.8100000000000005,-1.2177095717448299,0,0,low_frequency_random,2
8.8149999999999995,-1.2956126235565975,0,0,low_frequency_random,2
8.8200000000000003,-1.2781830403556877,0,0,low_frequency_random,2
8.8250000000000011,-1.1870444534755806,0,0,low_frequency_random,2
8.8300000000000001,-1.1132484133267984,0,0,low_frequency_random,2
8.8350000000000009,-1.0672452175537828,0,0,low_frequency_random,2
8.8399999999999999,-1.107370317077937,0,0,low_frequency_random,2
8.8450000000000006,-1.0616875896972975,0,0,low_frequency_random,2
8.8499999999999996,-1.1249878220429714,0,0,low_frequency_random,2
8.8550000000000004,-1.1034327642086459,0,0,low_frequency_random,2
8.8599999999999994,-1.0316630390651949,0,0,low_frequency_random,2
8.8650000000000002,-1.0418414443685635,0,0,low_frequency_random,2
8.870000000000001,-1.074493574098953,0,0,low_frequency_random,2
8.875,-1.1040218545155218,0,0,low_frequency_random,2
8.8800000000000008,-1.0501067611992592,0,0,low_frequency_random,2
8.8849999999999998,-1.0699867308468065,0,0,low_frequency_random,2
8.8900000000000006,-1.1782717865242924,0,0,low_frequency_random,2
8.8949999999999996,-1.205812012726889,0,0,low_frequency_random,2
8.9000000000000004,-1.2849498963667398,0,0,low_frequency_random,2
8.9049999999999994,-1.1595910857148444,0,0,low_frequency_random,2
8.9100000000000001,-1.1532705073095124,0,0,low_frequency_random,2
8.9150000000000009,-1.26511296821828,0,0,low_frequency_random,2
8.9199999999999999,-1.238112465906043,0,0,low_frequency_random,2
8.9250000000000007,-1.1751385295536037,0,0,low_frequency_random,2
8.9299999999999997,-1.1395348120696318,0,0,low_frequency_random,2
8.9350000000000005,-1.1629384955142581,0,0,low_frequency_random,2
8.9399999999999995,-1.1457131591789989,0,0,low_frequency_random,2
8.9450000000000003,-1.1182352361300043,0,0,low_frequency_random,2
8.9500000000000011,-1.0332796501451784,0,0,low_frequency_random,2
8.9550000000000001,-0.99959829479084761,0,0,low_frequency_random,2
8.9600000000000009,-0.81466145910670418,0,0,low_frequency_random,2
8.9649999999999999,-0.82807577452566783,0,0,low_frequency_random,2
8.9700000000000006,-0.70275516678796124,0,0,low_frequency_random,2
8.9749999999999996,-0.69818268650748339,0,0,low_frequency_random,2
8.9800000000000004,-0.83061692199227133,0,0,low_frequency_random,2
8.9849999999999994,-0.92012215771036177,0,0,low_frequency_random,2
8.9900000000000002,-1.0604620833225133,0,0,low_frequency_random,2
8.995000000000001,-1.1921404022384841,0,0,low_frequency_random,2
9,-1.0909567625266616,0,0,low_frequency_random,2
9.0050000000000008,-1.1381665499604465,0,0,low_frequency_random,2
9.0099999999999998,-1.0849104276993509,0,0,low_frequency_random,2
9.0150000000000006,-1.1506405693168618,0,0,low_frequency_random,2
9.0199999999999996,-1.146184698591415,0,0,low_frequency_random,2
9.0250000000000004,-1.2244831262781144,0,0,low_frequency_random,2
9.0299999999999994,-1.1498676791056781,0,0,low_frequency_random,2
9.0350000000000001,-1.1646015412186377,0,0,low_frequency_random,2
9.0400000000000009,-1.1950031002078534,0,0,low_frequency_random,2
9.0449999999999999,-1.2022973493978049,0,0,low_frequency_random,2
9.0500000000000007,-1.0236760162316383,0,0,low_frequency_random,2
9.0549999999999997,-0.98326014102160653,0,0,low_frequency_random,2
9.0600000000000005,-0.91221895873732894,0,0,low_frequency_random,2
9.0649999999999995,-1.0066428047441962,0,0,low_frequency_random,2
9.0700000000000003,-1.0535069308077094,0,0,low_frequency_random,2
9.0750000000000011,-1.0250801924968596,0,0,low_frequency_random,2
9.0800000000000001,-1.1678417119285383,0,0,low_frequency_random,2
9.0850000000000009,-1.0561502209722984,0,0,low_frequency_random,2
9.0899999999999999,-1.0296498177440803,0,0,low_frequency_random,2
9.0950000000000006,-1.0262044164711195,0,0,low_frequency_random,2
9.0999999999999996,-1.0371288687433551,0,0,low_frequency_random,2
9.1050000000000004,-1.0508917213899207,0,0,low_frequency_random,2
9.1099999999999994,-1.0860791661975033,0,0,low_frequency_random,2
9.1150000000000002,-0.97035711533556357,0,0,low_frequency_random,2
9.120000000000001,-0.91121005147317957,0,0,low_frequency_random,2
9.125,-0.80819246887877139,0,0,low_frequency_random,2
9.1300000000000008,-0.82859799149795188,0,0,low_frequency_random,2
9.1349999999999998,-0.89466828319121672,0,0,low_frequency_random,2
9.1400000000000006,-0.78266362987591598,0,0,low_frequency_random,2
9.1449999999999996,-0.87577395009201986,0,0,low_frequency_random,2
9.1500000000000004,-0.92014918343429986,0,0,low_frequency_random,2
9.1549999999999994,-0.85937171973401139,0,0,low_frequency_random,2
9.1600000000000001,-0.76925293159186459,0,0,low_frequency_random,2
9.1650000000000009,-0.87024733842120883,0,0,low_frequency_random,2
9.1699999999999999,-0.88802774984060262,0,0,low_frequency_random,2
9.1750000000000007,-0.88177894384509092,0,0,low_frequency_random,2
9.1799999999999997,-0.88834360084243913,0,0,low_frequency_random,2
9.1850000000000005,-0.95256527444324024,0,0,low_frequency_random,2
9.1899999999999995,-0.89452394465962448,0,0,low_frequency_random,2
9.1950000000000003,-0.93216581883450955,0,0,low_frequency_random,2
9.2000000000000011,-0.94700875758353353,0,0,low_frequency_random,2
9.2050000000000001,-1.1213981750686344,0,0,low_frequency_random,2
9.2100000000000009,-1.1249385142024595,0,0,low_frequency_random,2
9.2149999999999999,-1.2739165360006821,0,0,low_frequency_random,2
9.2200000000000006,-1.2118910812380717,0,0,low_frequency_random,2
9.2249999999999996,-1.1671311750174911,0,0,low_frequency_random,2
9.2300000000000004,-1.2021385945344198,0,0,low_frequency_random,2
9.2349999999999994,-1.1837322424017613,0,0,low_frequency_random,2
9.2400000000000002,-1.1696400712881987,0,0,low_frequency_random,2
9.245000000000001,-1.175961987205878,0,0,low_frequency_random,2
9.25,-1.1418107280584995,0,0,low_frequency_random,2
9.2550000000000008,-1.1463802956934452,0,0,low_frequency_random,2
9.2599999999999998,-1.1789471779346463,0,0,low_frequency_random,2
9.2650000000000006,-1.2365661971026425,0,0,low_frequency_random,2
9.2699999999999996,-1.0978832264368701,0,0,low_frequency_random,2
9.2750000000000004,-1.0774811636174497,0,0,low_frequency_random,2
9.2799999999999994,-1.0741812124404944,0,0,low_frequency_random,2
9.2850000000000001,-1.0119641709131386,0,0,low_frequency_random,2
9.2900000000000009,-1.0382326464229188,0,0,low_frequency_random,2
9.2949999999999999,-1.0638673674149819,0,0,low_frequency_random,2
9.3000000000000007,-1.0062094985432184,0,0,low_frequency_random,2
9.3049999999999997,-0.92007145518787636,0,0,low_frequency_random,2
9.3100000000000005,-0.86269541240457692,0,0,low_frequency_random,2
9.3149999999999995,-0.97643668314233145,0,0,low_frequency_random,2
9.3200000000000003,-0.9674723121061739,0,0,low_frequency_random,2
9.3250000000000011,-0.96497418922405009,0,0,low_frequency_random,2
9.3300000000000001,-0.92463860683076726,0,0,low_frequency_random,2
9.3350000000000009,-0.99067926143829332,0,0,low_frequency_random,2
9.3399999999999999,-1.0694213894730182,0,0,low_frequency_random,2
9.3450000000000006,-1.0738568501545742,0,0,low_frequency_random,2
9.3499999999999996,-1.1394651086662237,0,0,low_frequency_random,2
9.3550000000000004,-1.2187320432951976,0,0,low_frequency_random,2
9.3599999999999994,-1.2187148126967717,0,0,low_frequency_random,2
9.3650000000000002,-1.1398924855652621,0,0,low_frequency_random,2
9.370000000000001,-1.1240560960836521,0,0,low_frequency_random,2
9.375,-1.0306867517439771,0,0,low_frequency_random,2
9.3800000000000008,-1.1050016834463716,0,0,low_frequency_random,2
9.3849999999999998,-1.0441615732413556,0,0,low_frequency_random,2
9.3900000000000006,-1.0405146457498393,0,0,low_frequency_random,2
9.3949999999999996,-1.1054615828399941,0,0,low_frequency_random,2
9.4000000000000004,-1.1337577375603061,0,0,low_frequency_random,2
9.4049999999999994,-1.1966924451126038,0,0,low_frequency_random,2
9.4100000000000001,-1.208533129912007,0,0,low_frequency_random,2
9.4150000000000009,-1.2623041755746061,0,0,low_frequency_random,2
9.4199999999999999,-1.1572817915963525,0,0,low_frequency_random,2
9.4250000000000007,-1.1806059343969328,0,0,low_frequency_random,2
9.4299999999999997,-1.287780255998928,0,0,low_frequency_random,2
9.4350000000000005,-1.2975594056878077,0,0,low_frequency_random,2
9.4399999999999995,-1.2613898913380781,0,0,low_frequency_random,2
9.4450000000000003,-1.2809501149276079,0,0,low_frequency_random,2
9.4500000000000011,-1.2074230370828267,0,0,low_frequency_random,2
9.4550000000000001,-1.2740241013152191,0,0,low_frequency_random,2
9.4600000000000009,-1.3358844881250511,0,0,low_frequency_random,2
9.4649999999999999,-1.2018731010731192,0,0,low_frequency_random,2
9.4700000000000006,-1.1963143566360184,0,0,low_frequency_random,2
9.4749999999999996,-1.1484097541947844,0,0,low_frequency_random,2
9.4800000000000004,-1.1043946493448533,0,0,low_frequency_random,2
9.4849999999999994,-1.054181923858053,0,0,low_frequency_random,2
9.4900000000000002,-1.0462814315708739,0,0,low_frequency_random,2
9.495000000000001,-1.056820754185273,0,0,low_frequency_random,2
9.5,-0.96693669187840936,0,0,low_frequency_random,2
9.5050000000000008,-1.0014820465088192,0,0,low_frequency_random,2
9.5099999999999998,-0.98808813079298019,0,0,low_frequency_random,2
9.5150000000000006,-0.92989760068573435,0,0,low_frequency_random,2
9.5199999999999996,-0.9570527609391728,0,0,low_frequency_random,2
9.5250000000000004,-1.0735821958816036,0,0,low_frequency_random,2
9.5299999999999994,-1.0327299310579661,0,0,low_frequency_random,2
9.5350000000000001,-0.94328342962938727,0,0,low_frequency_random,2
9.5400000000000009,-0.91914081379103663,0,0,low_frequency_random,2
9.5449999999999999,-1.046857236369293,0,0,low_frequency_random,2
9.5500000000000007,-0.99184981947738993,0,0,low_frequency_random,2
9.5549999999999997,-0.83287888993417369,0,0,low_frequency_random,2
9.5600000000000005,-0.95061908522270366,0,0,low_frequency_random,2
9.5649999999999995,-1.1591708231749158,0,0,low_frequency_random,2
9.5700000000000003,-1.1730640214299946,0,0,low_frequency_random,2
9.5750000000000011,-1.1616191348632907,0,0,low_frequency_random,2
9.5800000000000001,-1.094892842936642,0,0,low_frequency_random,2
9.5850000000000009,-1.0255749557678675,0,0,low_frequency_random,2
9.5899999999999999,-1.0134111336985148,0,0,low_frequency_random,2
9.5950000000000006,-0.96615942703016078,0,0,low_frequency_random,2
9.5999999999999996,-0.93524234540029427,0,0,low_frequency_random,2
9.6050000000000004,-0.92102884510999772,0,0,low_frequency_random,2
9.6099999999999994,-0.92102817958228056,0,0,low_frequency_random,2
9.6150000000000002,-0.92853665826741005,0,0,low_frequency_random,2
9.620000000000001,-0.86898576416679041,0,0,low_frequency_random,2
9.625,-0.83302335584779363,0,0,low_frequency_random,2
9.6300000000000008,-0.8623510290662213,0,0,low_frequency_random,2
9.6349999999999998,-0.77260523542781789,0,0,low_frequency_random,2
9.6400000000000006,-0.82560442011821977,0,0,low_frequency_random,2
9.6449999999999996,-0.83959177507002569,0,0,low_frequency_random,2
9.6500000000000004,-0.82491416035442644,0,0,low_frequency_random,2
9.6549999999999994,-0.96935675076214178,0,0,low_frequency_random,2
9.6600000000000001,-0.99403088137100426,0,0,low_frequency_random,2
9.6650000000000009,-0.9223503751994202,0,0,low_frequency_random,2
9.6699999999999999,-0.85423124266379591,0,0,low_frequency_random,2
9.6750000000000007,-0.94313207279055156,0,0,low_frequency_random,2
9.6799999999999997,-1.0031350751171346,0,0,low_frequency_random,2
9.6850000000000005,-1.082075197595785,0,0,low_frequency_random,2
9.6899999999999995,-1.0950706950347748,0,0,low_frequency_random,2
9.6950000000000003,-1.0946127174744233,0,0,low_frequency_random,2
9.7000000000000011,-1.2134203620682433,0,0,low_frequency_random,2
9.7050000000000001,-1.1825957327116206,0,0,low_frequency_random,2
9.7100000000000009,-1.1711213066877182,0,0,low_frequency_random,2
9.7149999999999999,-1.1709796209810364,0,0,low_frequency_random,2
9.7200000000000006,-1.2175294369795979,0,0,low_frequency_random,2
9.7249999999999996,-1.2257726612446393,0,0,low_frequency_random,2
9.7300000000000004,-1.3582249026343272,0,0,low_frequency_random,2
9.7349999999999994,-1.3334194514180011,0,0,low_frequency_random,2
9.7400000000000002,-1.3103112005971354,0,0,low_frequency_random,2
9.745000000000001,-1.3119983447857826,0,0,low_frequency_random,2
9.75,-1.3973205984604,0,0,low_frequency_random,2
9.7550000000000008,-1.2911868595408811,0,0,low_frequency_random,2
9.7599999999999998,-1.1967462938039295,0,0,low_frequency_random,2
9.7650000000000006,-1.3365640033507609,0,0,low_frequency_random,2
9.7699999999999996,-1.2976685691908005,0,0,low_frequency_random,2
9.7750000000000004,-1.2792982817567475,0,0,low_frequency_random,2
9.7799999999999994,-1.4727095608235219,0,0,low_frequency_random,2
9.7850000000000001,-1.4250512444235863,0,0,low_frequency_random,2
9.7900000000000009,-1.3672925240377913,0,0,low_frequency_random,2
9.7949999999999999,-1.3043593356649821,0,0,low_frequency_random,2
9.8000000000000007,-1.2852606127366859,0,0,low_frequency_random,2
9.8049999999999997,-1.3294939736184317,0,0,low_frequency_random,2
9.8100000000000005,-1.3626180038031195,0,0,low_frequency_random,2
9.8149999999999995,-1.3159127485636781,0,0,low_frequency_random,2
9.8200000000000003,-1.2181362564687821,0,0,low_frequency_random,2
9.8250000000000011,-1.2499557150941776,0,0,low_frequency_random,2
9.8300000000000001,-1.2652218888741624,0,0,low_frequency_random,2
9.8350000000000009,-1.2045414648161297,0,0,low_frequency_random,2
9.8399999999999999,-1.3657007168147235,0,0,low_frequency_random,2
9.8450000000000006,-1.3239193784532279,0,0,low_frequency_random,2
9.8499999999999996,-1.3350271568626682,0,0,low_frequency_random,2
9.8550000000000004,-1.4985959567931557,0,0,low_frequency_random,2
9.8599999999999994,-1.4309656845704475,0,0,low_frequency_random,2
9.8650000000000002,-1.4946103909798774,0,0,low_frequency_random,2
9.870000000000001,-1.4253243216890301,0,0,low_frequency_random,2
9.875,-1.3109321043235114,0,0,low_frequency_random,2
9.8800000000000008,-1.4007630487083118,0,0,low_frequency_random,2
9.8849999999999998,-1.4864937379439556,0,0,low_frequency_random,2
9.8900000000000006,-1.4795730260623272,0,0,low_frequency_random,2
9.8949999999999996,-1.6077050278349649,0,0,low_frequency_random,2
9.9000000000000004,-1.5425368944746283,0,0,low_frequency_random,2
9.9049999999999994,-1.519797832607451,0,0,low_frequency_random,2
9.9100000000000001,-1.4354049325571177,0,0,low_frequency_random,2
9.9150000000000009,-1.5699000290282044,0,0,low_frequency_random,2
9.9199999999999999,-1.5456995428344713,0,0,low_frequency_random,2
9.9250000000000007,-1.5012295479558293,0,0,low_frequency_random,2
9.9299999999999997,-1.632604059118905,0,0,low_frequency_random,2
9.9350000000000005,-1.5542493648051687,0,0,low_frequency_random,2
9.9399999999999995,-1.6526293441894684,0,0,low_frequency_random,2
9.9450000000000003,-1.6292981804966846,0,0,low_frequency_random,2
9.9500000000000011,-1.7223749134448871,0,0,low_frequency_random,2
9.9550000000000001,-1.6514251195731153,0,0,low_frequency_random,2
9.9600000000000009,-1.5094610572207605,0,0,low_frequency_random,2
9.9649999999999999,-1.4958201315162789,0,0,low_frequency_random,2
9.9700000000000006,-1.4843657308384621,0,0,low_frequency_random,2
9.9749999999999996,-1.3742063483200986,0,0,low_frequency_random,2
9.9800000000000004,-1.4002751700015565,0,0,low_frequency_random,2
9.9849999999999994,-1.3873909839179364,0,0,low_frequency_random,2
9.9900000000000002,-1.3145736729362916,0,0,low_frequency_random,2
9.995000000000001,-1.2727214058593905,0,0,low_frequency_random,2
10,-1.1413306395526819,0,0,low_frequency_random,2
10.005000000000001,-1.0394884489860496,0,0,low_frequency_random,2
10.01,-0.88133262562859827,0,0,low_frequency_random,2
10.015000000000001,-0.87449027978406535,0,0,low_frequency_random,2
10.02,-0.77871131896626378,0,0,low_frequency_random,2
10.025,-0.83375727615354367,0,0,low_frequency_random,2
10.029999999999999,-0.75405700484654148,0,0,low_frequency_random,2
10.035,-0.60823817084681031,0,0,low_frequency_random,2
10.040000000000001,-0.41641872151409454,0,0,low_frequency_random,2
10.045,-0.50561190690872404,0,0,low_frequency_random,2
10.050000000000001,-0.51006550922537719,0,0,low_frequency_random,2
10.055,-0.44539853667064844,0,0,low_frequency_random,2
10.06,-0.50476728840883323,0,0,low_frequency_random,2
10.065,-0.45258162867747026,0,0,low_frequency_random,2
10.07,-0.40121341007892131,0,0,low_frequency_random,2
10.075000000000001,-0.42991155935931213,0,0,low_frequency_random,2
10.08,-0.46236282839094189,0,0,low_frequency_random,2
10.085000000000001,-0.5246587652936513,0,0,low_frequency_random,2
10.09,-0.49093369132816139,0,0,low_frequency_random,2
10.095000000000001,-0.38237076830705002,0,0,low_frequency_random,2
10.1,-0.35042952266787464,0,0,low_frequency_random,2
10.105,-0.12502627435500982,0,0,low_frequency_random,2
10.109999999999999,-0.23245449517431543,0,0,low_frequency_random,2
10.115,-0.26906773017756369,0,0,low_frequency_random,2
10.120000000000001,-0.20779943411915261,0,0,low_frequency_random,2
10.125,-0.28839475602764103,0,0,low_frequency_random,2
10.130000000000001,-0.25231522185410088,0,0,low_frequency_random,2
10.135,-0.17999621435079621,0,0,low_frequency_random,2
10.140000000000001,-0.15765127096838502,0,0,low_frequency_random,2
10.145,-0.16691409848457361,0,0,low_frequency_random,2
10.15,-0.085158508441011041,0,0,low_frequency_random,2
10.154999999999999,-0.044624240048003118,0,0,low_frequency_random,2
10.16,0.019691072870371244,0,0,low_frequency_random,2
10.165000000000001,0.069770423980632879,0,0,low_frequency_random,2
10.17,0.024463215248959579,0,0,low_frequency_random,2
10.175000000000001,-0.05417507085024037,0,0,low_frequency_random,2
10.18,-0.076088659401522415,0,0,low_frequency_random,2
10.185,-0.054338792819169167,0,0,low_frequency_random,2
10.19,-0.06153684780027821,0,0,low_frequency_random,2
10.195,0.020112554134523536,0,0,low_frequency_random,2
10.200000000000001,0.047272045234523281,0,0,low_frequency_random,2
10.205,0.1301310715144319,0,0,low_frequency_random,2
10.210000000000001,0.14586279396000437,0,0,low_frequency_random,2
10.215,0.095988543044335461,0,0,low_frequency_random,2
10.220000000000001,0.16856062553342954,0,0,low_frequency_random,2
10.225,0.2136886868261442,0,0,low_frequency_random,2
10.23,0.15364563776459211,0,0,low_frequency_random,2
10.234999999999999,0.12757602362548351,0,0,low_frequency_random,2
10.24,0.35223728294842088,0,0,low_frequency_random,2
10.245000000000001,0.092076802779273936,0,0,low_frequency_random,2
10.25,0.18643837462899526,0,0,low_frequency_random,2
10.255000000000001,0.19624143472901334,0,0,low_frequency_random,2
10.26,0.19587984955546534,0,0,low_frequency_random,2
10.265000000000001,0.17735901049298469,0,0,low_frequency_random,2
10.27,0.14195367204319781,0,0,low_frequency_random,2
10.275,0.33230608214273977,0,0,low_frequency_random,2
10.279999999999999,0.30112037606591652,0,0,low_frequency_random,2
10.285,0.28078092127282772,0,0,low_frequency_random,2
10.290000000000001,0.34721285055487949,0,0,low_frequency_random,2
10.295,0.3803064188598827,0,0,low_frequency_random,2
10.300000000000001,0.36888406067036844,0,0,low_frequency_random,2
10.305,0.34898950316710553,0,0,low_frequency_random,2
10.31,0.2468119104675594,0,0,low_frequency_random,2
10.315,0.33478715725858721,0,0,low_frequency_random,2
10.32,0.25388008440417631,0,0,low_frequency_random,2
10.325000000000001,0.065558679435056888,0,0,low_frequency_random,2
10.33,0.15141194381113576,0,0,low_frequency_random,2
10.335000000000001,0.21328213872308749,0,0,low_frequency_random,2
10.34,0.24245193793252451,0,0,low_frequency_random,2
10.345000000000001,0.20345554413932285,0,0,low_frequency_random,2
10.35,0.29939657061317798,0,0,low_frequency_random,2
10.355,0.21551671649314055,0,0,low_frequency_random,2
10.359999999999999,0.044556950033931009,0,0,low_frequency_random,2
10.365,0.05979450033452699,0,0,low_frequency_random,2
10.370000000000001,0.1256979878196488,0,0,low_frequency_random,2
10.375,0.17661328661516171,0,0,low_frequency_random,2
10.380000000000001,0.34224875244416131,0,0,low_frequency_random,2
10.385,0.40872092356604073,0,0,low_frequency_random,2
10.390000000000001,0.39100784868176569,0,0,low_frequency_random,2
10.395,0.37607422313561928,0,0,low_frequency_random,2
10.4,0.44688264838591713,0,0,low_frequency_random,2
10.404999999999999,0.44192288400516699,0,0,low_frequency_random,2
10.41,0.43120832303417539,0,0,low_frequency_random,2
10.415000000000001,0.29156446535720681,0,0,low_frequency_random,2
10.42,0.26753693163620873,0,0,low_frequency_random,2
10.425000000000001,0.16548538457385084,0,0,low_frequency_random,2
10.43,0.18511559929469595,0,0,low_frequency_random,2
10.435,0.19667191272561715,0,0,low_frequency_random,2
10.44,0.2539293432653994,0,0,low_frequency_random,2
10.445,0.39617494114270835,0,0,low_frequency_random,2
10.450000000000001,0.38174372743886203,0,0,low_frequency_random,2
10.455,0.49601378912121108,0,0,low_frequency_random,2
10.460000000000001,0.40563627563825577,0,0,low_frequency_random,2
10.465,0.41780615894163264,0,0,low_frequency_random,2
10.470000000000001,0.49313553695040385,0,0,low_frequency_random,2
10.475,0.64756160231972848,0,0,low_frequency_random,2
10.48,0.55854964597832302,0,0,low_frequency_random,2
10.484999999999999,0.53709112601692333,0,0,low_frequency_random,2
10.49,0.5473188593725864,0,0,low_frequency_random,2
10.495000000000001,0.53825081058349633,0,0,low_frequency_random,2
10.5,0.46140464478629495,0,0,low_frequency_random,2
10.505000000000001,0.33091358613814537,0,0,low_frequency_random,2
10.51,0.2334420693551704,0,0,low_frequency_random,2
10.515000000000001,0.2274175469115029,0,0,low_frequency_random,2
10.52,0.12117141816895723,0,0,low_frequency_random,2
10.525,0.26322942105787123,0,0,low_frequency_random,2
10.529999999999999,0.36118653433209646,0,0,low_frequency_random,2
10.535,0.20936885728257271,0,0,low_frequency_random,2
10.540000000000001,0.17061385166500626,0,0,low_frequency_random,2
10.545,0.27668847161811283,0,0,low_frequency_random,2
10.550000000000001,0.39212285149961873,0,0,low_frequency_random,2
10.555,0.48053511179058828,0,0,low_frequency_random,2
10.56,0.36575503655364616,0,0,low_frequency_random,2
10.565,0.33617334996158355,0,0,low_frequency_random,2
10.57,0.43771441485053442,0,0,low_frequency_random,2
10.575000000000001,0.44517145468076846,0,0,low_frequency_random,2
10.58,0.40805744947158606,0,0,low_frequency_random,2
10.585000000000001,0.44757114640138246,0,0,low_frequency_random,2
10.59,0.52515585076248528,0,0,low_frequency_random,2
10.595000000000001,0.53498292971785211,0,0,low_frequency_random,2
10.6,0.55323794236648272,0,0,low_frequency_random,2
10.605,0.6373535839712835,0,0,low_frequency_random,2
10.609999999999999,0.59067873599147691,0,0,low_frequency_random,2
10.615,0.51630762424651322,0,0,low_frequency_random,2
10.620000000000001,0.57600094489666787,0,0,low_frequency_random,2
10.625,0.47896035408988918,0,0,low_frequency_random,2
10.630000000000001,0.51741090781476151,0,0,low_frequency_random,2
10.635,0.45793012282590129,0,0,low_frequency_random,2
10.640000000000001,0.52377286301330395,0,0,low_frequency_random,2
10.645,0.42759267011011726,0,0,low_frequency_random,2
10.65,0.51709668993845082,0,0,low_frequency_random,2
10.654999999999999,0.53836113032709332,0,0,low_frequency_random,2
10.66,0.51257327656502161,0,0,low_frequency_random,2
10.665000000000001,0.44245014724944315,0,0,low_frequency_random,2
10.67,0.42895544398945751,0,0,low_frequency_random,2
10.675000000000001,0.35416299255933409,0,0,low_frequency_random,2
10.68,0.25784011940169788,0,0,low_frequency_random,2
10.685,0.343201726949598,0,0,low_frequency_random,2
10.69,0.38995279870628591,0,0,low_frequency_random,2
10.695,0.48710352957453701,0,0,low_frequency_random,2
10.700000000000001,0.37771717766210755,0,0,low_frequency_random,2
10.705,0.22139677023674262,0,0,low_frequency_random,2
10.710000000000001,0.094747412234491901,0,0,low_frequency_random,2
10.715,0.14692038268666605,0,0,low_frequency_random,2
10.720000000000001,0.21121261020658078,0,0,low_frequency_random,2
10.725,0.06297463492361341,0,0,low_frequency_random,2
10.73,0.14487218167526006,0,0,low_frequency_random,2
10.734999999999999,0.10989202393019246,0,0,low_frequency_random,2
10.74,0.0144059455651879,0,0,low_frequency_random,2
10.745000000000001,0.0084743410907814169,0,0,low_frequency_random,2
10.75,0.054179385922686243,0,0,low_frequency_random,2
10.755000000000001,0.037120325777598155,0,0,low_frequency_random,2
10.76,0.023197954477566875,0,0,low_frequency_random,2
10.765000000000001,-0.043877949300610168,0,0,low_frequency_random,2
10.77,-0.15684397519610849,0,0,low_frequency_random,2
10.775,-0.18595712724056337,0,0,low_frequency_random,2
10.779999999999999,-0.31469130556387293,0,0,low_frequency_random,2
10.785,-0.26513550168917804,0,0,low_frequency_random,2
10.790000000000001,-0.33195013898849035,0,0,low_frequency_random,2
10.795,-0.22567742215893244,0,0,low_frequency_random,2
10.800000000000001,-0.35141318769633528,0,0,low_frequency_random,2
10.805,-0.23748841227732942,0,0,low_frequency_random,2
10.81,-0.30692442765580674,0,0,low_frequency_random,2
10.815,-0.37671594451522761,0,0,low_frequency_random,2
10.82,-0.35150961947442144,0,0,low_frequency_random,2
10.825000000000001,-0.27796100335893398,0,0,low_frequency_random,2
10.83,-0.28000983859486117,0,0,low_frequency_random,2
10.835000000000001,-0.30737516916856417,0,0,low_frequency_random,2
10.84,-0.14664298414797625,0,0,low_frequency_random,2
10.845000000000001,-0.10547404494104624,0,0,low_frequency_random,2
10.85,-0.20118089676348283,0,0,low_frequency_random,2
10.855,-0.22139495838632792,0,0,low_frequency_random,2
10.859999999999999,-0.085224054173207442,0,0,low_frequency_random,2
10.865,-0.058617450567000719,0,0,low_frequency_random,2
10.870000000000001,0.0074799350885550106,0,0,low_frequency_random,2
10.875,0.16976429827110268,0,0,low_frequency_random,2
10.880000000000001,0.12124401505472665,0,0,low_frequency_random,2
10.885,0.15039406168881442,0,0,low_frequency_random,2
10.890000000000001,0.09616908777254328,0,0,low_frequency_random,2
10.895,0.095053706117651529,0,0,low_frequency_random,2
10.9,0.13737204652145316,0,0,low_frequency_random,2
10.904999999999999,0.029908396985003444,0,0,low_frequency_random,2
10.91,0.041237152663008154,0,0,low_frequency_random,2
10.915000000000001,0.052224692634873782,0,0,low_frequency_random,2
10.92,0.13604523094272569,0,0,low_frequency_random,2
10.925000000000001,0.087748261929500151,0,0,low_frequency_random,2
10.93,-0.014672259419514055,0,0,low_frequency_random,2
10.935,0.016742851828318396,0,0,low_frequency_random,2
10.94,-0.073480339730009725,0,0,low_frequency_random,2
10.945,-0.058793143564387654,0,0,low_frequency_random,2
10.950000000000001,-0.013405756261687031,0,0,low_frequency_random,2
10.955,-0.083828166091141618,0,0,low_frequency_random,2
10.960000000000001,-0.093567302121930651,0,0,low_frequency_random,2
10.965,-0.17651861167542682,0,0,low_frequency_random,2
10.970000000000001,-0.40320502703978556,0,0,low_frequency_random,2
10.975,-0.5182516174929872,0,0,low_frequency_random,2
10.98,-0.68346677745901174,0,0,low_frequency_random,2
10.984999999999999,-0.67958267853774523,0,0,low_frequency_random,2
10.99,-0.76267569197284246,0,0,low_frequency_random,2
10.995000000000001,-0.7713879448540315,0,0,low_frequency_random,2
11,-0.77252731217130299,0,0,low_frequency_random,2
11.005000000000001,-0.68475255460680173,0,0,low_frequency_random,2
11.01,-0.71026839762222416,0,0,low_frequency_random,2
11.015000000000001,-0.74004477295268067,0,0,low_frequency_random,2
11.02,-0.69712400451578227,0,0,low_frequency_random,2
11.025,-0.56563384394071292,0,0,low_frequency_random,2
11.029999999999999,-0.57012987233711421,0,0,low_frequency_random,2
11.035,-0.54113106633443298,0,0,low_frequency_random,2
11.040000000000001,-0.55495864436647158,0,0,low_frequency_random,2
11.045,-0.60938055248002276,0,0,low_frequency_random,2
11.050000000000001,-0.73089609252695853,0,0,low_frequency_random,2
11.055,-0.73478041997102217,0,0,low_frequency_random,2
11.06,-0.75368261578996831,0,0,low_frequency_random,2
11.065,-0.77089798874341076,0,0,low_frequency_random,2
11.07,-0.60941978450165046,0,0,low_frequency_random,2
11.075000000000001,-0.63433283023517661,0,0,low_frequency_random,2
11.08,-0.60573943248795592,0,0,low_frequency_random,2
11.085000000000001,-0.63159879673646968,0,0,low_frequency_random,2
11.09,-0.53498049357155819,0,0,low_frequency_random,2
11.095000000000001,-0.55642005236614789,0,0,low_frequency_random,2
11.1,-0.40567883034903263,0,0,low_frequency_random,2
11.105,-0.42551973369206775,0,0,low_frequency_random,2
11.109999999999999,-0.3620790821910177,0,0,low_frequency_random,2
11.115,-0.27956523630645796,0,0,low_frequency_random,2
11.120000000000001,-0.2978754026964256,0,0,low_frequency_random,2
11.125,-0.2287278423570506,0,0,low_frequency_random,2
11.130000000000001,-0.22318692663109063,0,0,low_frequency_random,2
11.135,-0.28346860872442492,0,0,low_frequency_random,2
11.140000000000001,-0.3364575385147846,0,0,low_frequency_random,2
11.145,-0.30881101906731245,0,0,low_frequency_random,2
11.15,-0.165065324766173,0,0,low_frequency_random,2
11.154999999999999,-0.20416684885767256,0,0,low_frequency_random,2
11.16,-0.1601979806419111,0,0,low_frequency_random,2
11.165000000000001,-0.22454493172596832,0,0,low_frequency_random,2
11.17,-0.20354681810554298,0,0,low_frequency_random,2
11.175000000000001,-0.30752782333070294,0,0,low_frequency_random,2
11.18,-0.36969036412669209,0,0,low_frequency_random,2
11.185,-0.36905874030040159,0,0,low_frequency_random,2
11.19,-0.42775213573909254,0,0,low_frequency_random,2
11.195,-0.44791351752605713,0,0,low_frequency_random,2
11.200000000000001,-0.36558690613590816,0,0,low_frequency_random,2
11.205,-0.37440101778968471,0,0,low_frequency_random,2
11.210000000000001,-0.4305740295791069,0,0,low_frequency_random,2
11.215,-0.52776674539530155,0,0,low_frequency_random,2
11.220000000000001,-0.56829328563103387,0,0,low_frequency_random,2
11.225,-0.47392676651516913,0,0,low_frequency_random,2
11.23,-0.47857147069610878,0,0,low_frequency_random,2
11.234999999999999,-0.48837984405887092,0,0,low_frequency_random,2
11.24,-0.42873421201657791,0,0,low_frequency_random,2
11.245000000000001,-0.36011641995218746,0,0,low_frequency_random,2
11.25,-0.27852257898006538,0,0,low_frequency_random,2
11.255000000000001,-0.30629617069603027,0,0,low_frequency_random,2
11.26,-0.37849323558587922,0,0,low_frequency_random,2
11.265000000000001,-0.51052199379611329,0,0,low_frequency_random,2
11.27,-0.56330780961704674,0,0,low_frequency_random,2
11.275,-0.59074877429830108,0,0,low_frequency_random,2
11.279999999999999,-0.53004199524855389,0,0,low_frequency_random,2
11.285,-0.5023897071886414,0,0,low_frequency_random,2
11.290000000000001,-0.54572991883468724,0,0,low_frequency_random,2
11.295,-0.47292821002935731,0,0,low_frequency_random,2
11.300000000000001,-0.57168693311551855,0,0,low_frequency_random,2
11.305,-0.6535031916137648,0,0,low_frequency_random,2
11.31,-0.74490831503164179,0,0,low_frequency_random,2
11.315,-0.82912874713276563,0,0,low_frequency_random,2
11.32,-0.84603352690048683,0,0,low_frequency_random,2
11.325000000000001,-0.91016962596767781,0,0,low_frequency_random,2
11.33,-0.96718635055400892,0,0,low_frequency_random,2
11.335000000000001,-0.85625168235217486,0,0,low_frequency_random,2
11.34,-0.96987996517951491,0,0,low_frequency_random,2
11.345000000000001,-1.0483628984711553,0,0,low_frequency_random,2
11.35,-1.0630546401694856,0,0,low_frequency_random,2
11.355,-1.0231917538871742,0,0,low_frequency_random,2
11.359999999999999,-0.98010381073222574,0,0,low_frequency_random,2
11.365,-0.99728401480462137,0,0,low_frequency_random,2
11.370000000000001,-1.022522843045667,0,0,low_frequency_random,2
11.375,-1.0396002076336095,0,0,low_frequency_random,2
11.380000000000001,-0.97591857263231807,0,0,low_frequency_random,2
11.385,-1.0455327922205431,0,0,low_frequency_random,2
11.390000000000001,-1.2289933972829683,0,0,low_frequency_random,2
11.395,-1.2089813370563356,0,0,low_frequency_random,2
11.4,-1.2972404550351515,0,0,low_frequency_random,2
11.404999999999999,-1.2963977103010176,0,0,low_frequency_random,2
11.41,-1.1798843992592314,0,0,low_frequency_random,2
11.415000000000001,-1.1670593939337766,0,0,low_frequency_random,2
11.42,-1.0155030718433395,0,0,low_frequency_random,2
11.425000000000001,-1.1383324866873252,0,0,low_frequency_random,2
11.43,-1.1144651917365362,0,0,low_frequency_random,2
11.435,-1.0786244870714403,0,0,low_frequency_random,2
11.44,-1.0078268922728915,0,0,low_frequency_random,2
11.445,-1.0618399932902063,0,0,low_frequency_random,2
11.450000000000001,-1.0445086296523451,0,0,low_frequency_random,2
11.455,-1.0303108915729793,0,0,low_frequency_random,2
11.460000000000001,-1.0186841887717957,0,0,low_frequency_random,2
11.465,-1.1238599059110637,0,0,low_frequency_random,2
11.470000000000001,-1.2565885677338038,0,0,low_frequency_random,2
11.475,-1.2076873712391956,0,0,low_frequency_random,2
11.48,-1.1744258087812049,0,0,low_frequency_random,2
11.484999999999999,-1.1659790514034871,0,0,low_frequency_random,2
11.49,-1.1095927586915388,0,0,low_frequency_random,2
11.495000000000001,-1.0180413965830701,0,0,low_frequency_random,2
11.5,-1.1059152127061265,0,0,low_frequency_random,2
11.505000000000001,-1.0380529859373482,0,0,low_frequency_random,2
11.51,-0.91380862348715164,0,0,low_frequency_random,2
11.515000000000001,-0.82741417414874419,0,0,low_frequency_random,2
11.52,-0.77571252907058774,0,0,low_frequency_random,2
11.525,-0.71498265231487979,0,0,low_frequency_random,2
11.529999999999999,-0.82580569248736535,0,0,low_frequency_random,2
11.535,-0.86031358151370763,0,0,low_frequency_random,2
11.540000000000001,-0.773119917450658,0,0,low_frequency_random,2
11.545,-0.64972725518806962,0,0,low_frequency_random,2
11.550000000000001,-0.60828102147147645,0,0,low_frequency_random,2
11.555,-0.63998373105461759,0,0,low_frequency_random,2
11.56,-0.6460475481054867,0,0,low_frequency_random,2
11.565,-0.57280019894269563,0,0,low_frequency_random,2
11.57,-0.40663096798061382,0,0,low_frequency_random,2
11.575000000000001,-0.33918484013121414,0,0,low_frequency_random,2
11.58,-0.3765969860772535,0,0,low_frequency_random,2
11.585000000000001,-0.32217851734394409,0,0,low_frequency_random,2
11.59,-0.28305801230276173,0,0,low_frequency_random,2
11.595000000000001,-0.087147881834475388,0,0,low_frequency_random,2
11.6,-0.036045572579764248,0,0,low_frequency_random,2
11.605,-0.029804560804898378,0,0,low_frequency_random,2
11.609999999999999,-0.03244116734465799,0,0,low_frequency_random,2
11.615,-0.12709687711092932,0,0,low_frequency_random,2
11.620000000000001,-0.2072064413663649,0,0,low_frequency_random,2
11.625,-0.24088760449484276,0,0,low_frequency_random,2
11.630000000000001,-0.30097973170152587,0,0,low_frequency_random,2
11.635,-0.28075185300205285,0,0,low_frequency_random,2
11.640000000000001,-0.26787305535650663,0,0,low_frequency_random,2
11.645,-0.18788060147675945,0,0,low_frequency_random,2
11.65,-0.062340802696712883,0,0,low_frequency_random,2
11.654999999999999,-0.046048551643856642,0,0,low_frequency_random,2
11.66,-0.057751293063339308,0,0,low_frequency_random,2
11.665000000000001,-0.20209044886743924,0,0,low_frequency_random,2
11.67,-0.16701882555881881,0,0,low_frequency_random,2
11.675000000000001,-0.10972950443433357,0,0,low_frequency_random,2
11.68,-0.16693155629513634,0,0,low_frequency_random,2
11.685,-0.19364363169656992,0,0,low_frequency_random,2
11.69,-0.24479155944980824,0,0,low_frequency_random,2
11.695,-0.15534556339013628,0,0,low_frequency_random,2
11.700000000000001,-0.1013753361689501,0,0,low_frequency_random,2
11.705,-8.0777586864019812e-05,0,0,low_frequency_random,2
11.710000000000001,-0.092658910914052622,0,0,low_frequency_random,2
11.715,0.12372505407406614,0,0,low_frequency_random,2
11.720000000000001,0.058436252681289616,0,0,low_frequency_random,2
11.725,-0.020097307289531269,0,0,low_frequency_random,2
11.73,-0.001459272448291811,0,0,low_frequency_random,2
11.734999999999999,-0.042391491796879142,0,0,low_frequency_random,2
11.74,0.10608795826131252,0,0,low_frequency_random,2
11.745000000000001,0.075788167531773726,0,0,low_frequency_random,2
11.75,0.023769720474331374,0,0,low_frequency_random,2
11.755000000000001,0.10451380321557982,0,0,low_frequency_random,2
11.76,0.2044290107760991,0,0,low_frequency_random,2
11.765000000000001,0.13930263874437526,0,0,low_frequency_random,2
11.77,0.10320032520171561,0,0,low_frequency_random,2
11.775,0.076611727693673984,0,0,low_frequency_random,2
11.779999999999999,0.065945826206396913,0,0,low_frequency_random,2
11.785,0.20467627232852606,0,0,low_frequency_random,2
11.790000000000001,0.30648107042165479,0,0,low_frequency_random,2
11.795,0.39244051527652501,0,0,low_frequency_random,2
11.800000000000001,0.49450140862555053,0,0,low_frequency_random,2
11.805,0.49565812557170658,0,0,low_frequency_random,2
11.81,0.56499673774807002,0,0,low_frequency_random,2
11.815,0.55842578579856639,0,0,low_frequency_random,2
11.82,0.4975976772101276,0,0,low_frequency_random,2
11.825000000000001,0.62995980157772546,0,0,low_frequency_random,2
11.83,0.48836939907823074,0,0,low_frequency_random,2
11.835000000000001,0.48789981389247783,0,0,low_frequency_random,2
11.84,0.44103231675039706,0,0,low_frequency_random,2
11.845000000000001,0.30755386603353829,0,0,low_frequency_random,2
11.85,0.27691818773282445,0,0,low_frequency_random,2
11.855,0.28219052850648818,0,0,low_frequency_random,2
11.859999999999999,0.31865235381567675,0,0,low_frequency_random,2
11.865,0.25216807028193738,0,0,low_frequency_random,2
11.870000000000001,0.31193446283372711,0,0,low_frequency_random,2
11.875,0.33570659833579186,0,0,low_frequency_random,2
11.880000000000001,0.39945879312898958,0,0,low_frequency_random,2
11.885,0.24437371741914576,0,0,low_frequency_random,2
11.890000000000001,0.20755102378514223,0,0,low_frequency_random,2
11.895,0.15773039065297101,0,0,low_frequency_random,2
11.9,0.20317058265122265,0,0,low_frequency_random,2
11.904999999999999,0.14335089993108549,0,0,low_frequency_random,2
11.91,0.10190722905138991,0,0,low_frequency_random,2
11.915000000000001,0.010195493409365028,0,0,low_frequency_random,2
11.92,-0.085270180689597547,0,0,low_frequency_random,2
11.925000000000001,-0.15962852514873171,0,0,low_frequency_random,2
11.93,-0.08219789949020162,0,0,low_frequency_random,2
11.935,-0.16700213772596362,0,0,low_frequency_random,2
11.94,-0.36103912393816828,0,0,low_frequency_random,2
11.945,-0.33675793492879369,0,0,low_frequency_random,2
11.950000000000001,-0.37206367062237133,0,0,low_frequency_random,2
11.955,-0.32704735214638714,0,0,low_frequency_random,2
11.960000000000001,-0.28375258275193299,0,0,low_frequency_random,2
11.965,-0.30841532363751595,0,0,low_frequency_random,2
11.970000000000001,-0.34157938270566379,0,0,low_frequency_random,2
11.975,-0.38520549452832886,0,0,low_frequency_random,2
11.98,-0.38523999559167449,0,0,low_frequency_random,2
11.984999999999999,-0.44665744929008666,0,0,low_frequency_random,2
11.99,-0.43017383870810605,0,0,low_frequency_random,2
11.995000000000001,-0.31908566264364535,0,0,low_frequency_random,2
12,-0.37198693625272389,0,0,low_frequency_random,2
