time,wind_x,wind_y,wind_z,profile,seed
0,0,0,0,low_frequency_random,17
0.0050000000000000001,0.087881201961587524,0,0,low_frequency_random,17
0.01,0.11444984931634121,0,0,low_frequency_random,17
0.014999999999999999,0.070789076743232981,0,0,low_frequency_random,17
0.02,-0.030131809740764584,0,0,low_frequency_random,17
0.025000000000000001,-0.18117309228858153,0,0,low_frequency_random,17
0.029999999999999999,-0.17878214434628154,0,0,low_frequency_random,17
0.035000000000000003,-0.24257405645264574,0,0,low_frequency_random,17
0.040000000000000001,-0.31096262175536343,0,0,low_frequency_random,17
0.044999999999999998,-0.3271249482230707,0,0,low_frequency_random,17
0.050000000000000003,-0.32963074035229389,0,0,low_frequency_random,17
0.055,-0.50967491611304339,0,0,low_frequency_random,17
0.059999999999999998,-0.43330581903579968,0,0,low_frequency_random,17
0.065000000000000002,-0.59288781985265915,0,0,low_frequency_random,17
0.070000000000000007,-0.44153200196971465,0,0,low_frequency_random,17
0.074999999999999997,-0.39220227091577908,0,0,low_frequency_random,17
0.080000000000000002,-0.42789954278325076,0,0,low_frequency_random,17
0.085000000000000006,-0.31859370248375418,0,0,low_frequency_random,17
0.089999999999999997,-0.31534594145447559,0,0,low_frequency_random,17
0.095000000000000001,-0.25863736634124601,0,0,low_frequency_random,17
0.10000000000000001,-0.24879064154417593,0,0,low_frequency_random,17
0.105,-0.16004613270491846,0,0,low_frequency_random,17
0.11,-0.074545945832036775,0,0,low_frequency_random,17
0.115,-0.14657978834869487,0,0,low_frequency_random,17
0.12,-0.19472581734669395,0,0,low_frequency_random,17
0.125,-0.16636495672539342,0,0,low_frequency_random,17
0.13,-0.18229410551572101,0,0,low_frequency_random,17
0.13500000000000001,-0.36372201497353907,0,0,low_frequency_random,17
0.14000000000000001,-0.20022292161831734,0,0,low_frequency_random,17
0.14499999999999999,-0.37278840494807614,0,0,low_frequency_random,17
0.14999999999999999,-0.53703710076048694,0,0,low_frequency_random,17
0.155,-0.63619291905764297,0,0,low_frequency_random,17
0.16,-0.58794452964671795,0,0,low_frequency_random,17
0.16500000000000001,-0.44168959882519387,0,0,low_frequency_random,17
0.17000000000000001,-0.45827288189999843,0,0,low_frequency_random,17
0.17500000000000002,-0.48719537164428472,0,0,low_frequency_random,17
0.17999999999999999,-0.47088806539044037,0,0,low_frequency_random,17
0.185,-0.4978150615072493,0,0,low_frequency_random,17
0.19,-0.48875941933910738,0,0,low_frequency_random,17
0.19500000000000001,-0.57729191829895576,0,0,low_frequency_random,17
0.20000000000000001,-0.53943953738783312,0,0,low_frequency_random,17
0.20500000000000002,-0.50542107216831544,0,0,low_frequency_random,17
0.20999999999999999,-0.69724759711545559,0,0,low_frequency_random,17
0.215,-0.702566136512493,0,0,low_frequency_random,17
0.22,-0.68606132325770763,0,0,low_frequency_random,17
0.22500000000000001,-0.63785360877060371,0,0,low_frequency_random,17
0.23000000000000001,-0.69979660271662725,0,0,low_frequency_random,17
0.23500000000000001,-0.80228403940633342,0,0,low_frequency_random,17
0.23999999999999999,-0.87415160623668897,0,0,low_frequency_random,17
0.245,-0.82605785996114578,0,0,low_frequency_random,17
0.25,-0.88991470721374355,0,0,low_frequency_random,17
0.255,-0.94645523317054692,0,0,low_frequency_random,17
0.26000000000000001,-0.85046179904649699,0,0,low_frequency_random,17
0.26500000000000001,-0.90895580584320923,0,0,low_frequency_random,17
0.27000000000000002,-0.97613362685400618,0,0,low_frequency_random,17
0.27500000000000002,-0.9785459356064069,0,0,low_frequency_random,17
0.28000000000000003,-0.95781621555200702,0,0,low_frequency_random,17
0.28500000000000003,-0.87023580878750617,0,0,low_frequency_random,17
0.28999999999999998,-0.93606620438050503,0,0,low_frequency_random,17
0.29499999999999998,-1.0565369437637921,0,0,low_frequency_random,17
0.29999999999999999,-1.0610427275317982,0,0,low_frequency_random,17
0.30499999999999999,-1.0043882691753983,0,0,low_frequency_random,17
0.31,-1.1176052963133505,0,0,low_frequency_random,17
0.315,-1.150915008025289,0,0,low_frequency_random,17
0.32000000000000001,-1.1207402441942493,0,0,low_frequency_random,17
0.32500000000000001,-1.0967146936490733,0,0,low_frequency_random,17
0.33000000000000002,-1.084592724138729,0,0,low_frequency_random,17
0.33500000000000002,-1.0996831857232692,0,0,low_frequency_random,17
0.34000000000000002,-1.1579866728691031,0,0,low_frequency_random,17
0.34500000000000003,-1.226276988864992,0,0,low_frequency_random,17
0.35000000000000003,-1.1278906995185221,0,0,low_frequency_random,17
0.35499999999999998,-1.2114191212407119,0,0,low_frequency_random,17
0.35999999999999999,-1.1073822244053924,0,0,low_frequency_random,17
0.36499999999999999,-1.206801342821574,0,0,low_frequency_random,17
0.37,-0.96907536140052453,0,0,low_frequency_random,17
0.375,-1.1029440531243333,0,0,low_frequency_random,17
0.38,-0.96942134016758064,0,0,low_frequency_random,17
0.38500000000000001,-1.0361730624741055,0,0,low_frequency_random,17
0.39000000000000001,-1.0402312912104041,0,0,low_frequency_random,17
0.39500000000000002,-1.0402742384327122,0,0,low_frequency_random,17
0.40000000000000002,-1.0871334890485889,0,0,low_frequency_random,17
0.40500000000000003,-0.90388472878708859,0,0,low_frequency_random,17
0.41000000000000003,-0.89180230078261191,0,0,low_frequency_random,17
0.41500000000000004,-0.99277665256510084,0,0,low_frequency_random,17
0.41999999999999998,-0.9362293767824289,0,0,low_frequency_random,17
0.42499999999999999,-0.87470995751627856,0,0,low_frequency_random,17
0.42999999999999999,-0.96191694726248245,0,0,low_frequency_random,17
0.435,-0.91437722288577361,0,0,low_frequency_random,17
0.44,-0.9043140468956492,0,0,low_frequency_random,17
0.44500000000000001,-0.83434063478663578,0,0,low_frequency_random,17
0.45000000000000001,-0.77334584855756094,0,0,low_frequency_random,17
0.45500000000000002,-0.77016247760402179,0,0,low_frequency_random,17
0.46000000000000002,-0.79890241895350789,0,0,low_frequency_random,17
0.46500000000000002,-0.72226975764727008,0,0,low_frequency_random,17
0.47000000000000003,-0.69367399541709962,0,0,low_frequency_random,17
0.47500000000000003,-0.80905923590992135,0,0,low_frequency_random,17
0.47999999999999998,-0.84850482289102469,0,0,low_frequency_random,17
0.48499999999999999,-0.88284141791912807,0,0,low_frequency_random,17
0.48999999999999999,-0.89935826661715901,0,0,low_frequency_random,17
0.495,-0.71258524143634516,0,0,low_frequency_random,17
0.5,-0.73913889160419899,0,0,low_frequency_random,17
0.505,-0.6973607565095562,0,0,low_frequency_random,17
0.51000000000000001,-0.56178636493482981,0,0,low_frequency_random,17
0.51500000000000001,-0.51879268223706121,0,0,low_frequency_random,17
0.52000000000000002,-0.48174118298248497,0,0,low_frequency_random,17
0.52500000000000002,-0.3757608439099831,0,0,low_frequency_random,17
0.53000000000000003,-0.35814125374769995,0,0,low_frequency_random,17
0.53500000000000003,-0.34151354542137369,0,0,low_frequency_random,17
0.54000000000000004,-0.28484861716592824,0,0,low_frequency_random,17
0.54500000000000004,-0.25054402181028174,0,0,low_frequency_random,17
0.55000000000000004,-0.3035872418915157,0,0,low_frequency_random,17
0.55500000000000005,-0.39511166793021901,0,0,low_frequency_random,17
0.56000000000000005,-0.40218821259070081,0,0,low_frequency_random,17
0.56500000000000006,-0.2886203486155694,0,0,low_frequency_random,17
0.57000000000000006,-0.30524892014868665,0,0,low_frequency_random,17
0.57500000000000007,-0.21208133355792252,0,0,low_frequency_random,17
0.57999999999999996,-0.17809802484761744,0,0,low_frequency_random,17
0.58499999999999996,-0.20185986875424883,0,0,low_frequency_random,17
0.58999999999999997,-0.41099909805357249,0,0,low_frequency_random,17
0.59499999999999997,-0.3912228733376813,0,0,low_frequency_random,17
0.59999999999999998,-0.41137197860239594,0,0,low_frequency_random,17
0.60499999999999998,-0.53704235487525454,0,0,low_frequency_random,17
0.60999999999999999,-0.49330614799209155,0,0,low_frequency_random,17
0.61499999999999999,-0.49287450080031026,0,0,low_frequency_random,17
0.62,-0.46048688788264308,0,0,low_frequency_random,17
0.625,-0.50642283990172987,0,0,low_frequency_random,17
0.63,-0.48777556102172792,0,0,low_frequency_random,17
0.63500000000000001,-0.52310687564201919,0,0,low_frequency_random,17
0.64000000000000001,-0.43551468163955021,0,0,low_frequency_random,17
0.64500000000000002,-0.42342130319337917,0,0,low_frequency_random,17
0.65000000000000002,-0.5332315018261008,0,0,low_frequency_random,17
0.65500000000000003,-0.51346948888315069,0,0,low_frequency_random,17
0.66000000000000003,-0.50551075998169615,0,0,low_frequency_random,17
0.66500000000000004,-0.51922446223558194,0,0,low_frequency_random,17
0.67000000000000004,-0.6243384282230402,0,0,low_frequency_random,17
0.67500000000000004,-0.53667297165470562,0,0,low_frequency_random,17
0.68000000000000005,-0.59237804262969185,0,0,low_frequency_random,17
0.68500000000000005,-0.46312857810549701,0,0,low_frequency_random,17
0.69000000000000006,-0.51348251902842845,0,0,low_frequency_random,17
0.69500000000000006,-0.50832984739236775,0,0,low_frequency_random,17
0.70000000000000007,-0.50937063139687466,0,0,low_frequency_random,17
0.70499999999999996,-0.49476635255672441,0,0,low_frequency_random,17
0.70999999999999996,-0.28135307750464,0,0,low_frequency_random,17
0.71499999999999997,-0.31971339728196679,0,0,low_frequency_random,17
0.71999999999999997,-0.15297526223383143,0,0,low_frequency_random,17
0.72499999999999998,-0.10246006925625226,0,0,low_frequency_random,17
0.72999999999999998,-0.15741093845718557,0,0,low_frequency_random,17
0.73499999999999999,-0.056431600981376201,0,0,low_frequency_random,17
0.73999999999999999,0.010947990246982293,0,0,low_frequency_random,17
0.745,0.087057844793195366,0,0,low_frequency_random,17
0.75,-0.019828868286747042,0,0,low_frequency_random,17
0.755,0.020394603884513977,0,0,low_frequency_random,17
0.76000000000000001,-0.011828050628571948,0,0,low_frequency_random,17
0.76500000000000001,-0.023113931947840449,0,0,low_frequency_random,17
0.77000000000000002,-0.033489076445068502,0,0,low_frequency_random,17
0.77500000000000002,-0.030076697939563551,0,0,low_frequency_random,17
0.78000000000000003,0.096991366295509029,0,0,low_frequency_random,17
0.78500000000000003,0.12670730457857984,0,0,low_frequency_random,17
0.79000000000000004,-0.021137349026931124,0,0,low_frequency_random,17
0.79500000000000004,0.078468636246747769,0,0,low_frequency_random,17
0.80000000000000004,0.085071228632311119,0,0,low_frequency_random,17
0.80500000000000005,0.095142873956725077,0,0,low_frequency_random,17
0.81000000000000005,-0.051099883696223133,0,0,low_frequency_random,17
0.81500000000000006,-0.018944540484882158,0,0,low_frequency_random,17
0.82000000000000006,-0.05866770612101381,0,0,low_frequency_random,17
0.82500000000000007,0.017883770536847719,0,0,low_frequency_random,17
0.83000000000000007,0.054201776147457567,0,0,low_frequency_random,17
0.83499999999999996,0.11998378642947022,0,0,low_frequency_random,17
0.83999999999999997,0.089615675084823848,0,0,low_frequency_random,17
0.84499999999999997,-0.056814073943822097,0,0,low_frequency_random,17
0.84999999999999998,0.020779347405043364,0,0,low_frequency_random,17
0.85499999999999998,0.054219809652081764,0,0,low_frequency_random,17
0.85999999999999999,0.027565790090921374,0,0,low_frequency_random,17
0.86499999999999999,-0.017025666953534684,0,0,low_frequency_random,17
0.87,-0.087612904662173391,0,0,low_frequency_random,17
0.875,-0.22782708769986326,0,0,low_frequency_random,17
0.88,-0.32063213845435823,0,0,low_frequency_random,17
0.88500000000000001,-0.32462796540147687,0,0,low_frequency_random,17
0.89000000000000001,-0.19457297928221706,0,0,low_frequency_random,17
0.89500000000000002,-0.15743977572745019,0,0,low_frequency_random,17
0.90000000000000002,-0.028592527325917633,0,0,low_frequency_random,17
0.90500000000000003,-0.10903423122037967,0,0,low_frequency_random,17
0.91000000000000003,-0.0082067019297857174,0,0,low_frequency_random,17
0.91500000000000004,-0.041373369253749584,0,0,low_frequency_random,17
0.92000000000000004,0.075846663008470122,0,0,low_frequency_random,17
0.92500000000000004,0.17349482190294802,0,0,low_frequency_random,17
0.93000000000000005,0.17545147939755482,0,0,low_frequency_random,17
0.93500000000000005,0.18530932778379405,0,0,low_frequency_random,17
0.94000000000000006,0.28153689461866971,0,0,low_frequency_random,17
0.94500000000000006,0.21663039455288846,0,0,low_frequency_random,17
0.95000000000000007,0.042948757328503395,0,0,low_frequency_random,17
0.95500000000000007,0.10792587648345907,0,0,low_frequency_random,17
0.95999999999999996,0.28128241125011078,0,0,low_frequency_random,17
0.96499999999999997,0.12856327433513187,0,0,low_frequency_random,17
0.96999999999999997,0.14465162160517564,0,0,low_frequency_random,17
0.97499999999999998,0.049593761565975919,0,0,low_frequency_random,17
0.97999999999999998,0.026202689529447033,0,0,low_frequency_random,17
0.98499999999999999,-0.053730339412011087,0,0,low_frequency_random,17
0.98999999999999999,0.016356710059107965,0,0,low_frequency_random,17
0.995,-0.027230780683070555,0,0,low_frequency_random,17
1,-0.042484288119557012,0,0,low_frequency_random,17
1.0050000000000001,-0.12875769071285292,0,0,low_frequency_random,17
1.01,-0.069630374833779624,0,0,low_frequency_random,17
1.0150000000000001,-0.10997122602266882,0,0,low_frequency_random,17
1.02,-0.13961718500472453,0,0,low_frequency_random,17
1.0249999999999999,-0.14495361472663587,0,0,low_frequency_random,17
1.03,-0.26008193003158669,0,0,low_frequency_random,17
1.0349999999999999,-0.26044801036411958,0,0,low_frequency_random,17
1.04,-0.38777897154870944,0,0,low_frequency_random,17
1.0449999999999999,-0.4032496425205348,0,0,low_frequency_random,17
1.05,-0.4187748987456355,0,0,low_frequency_random,17
1.0549999999999999,-0.44863547905270612,0,0,low_frequency_random,17
1.0600000000000001,-0.46234438560581836,0,0,low_frequency_random,17
1.0649999999999999,-0.51385779561226608,0,0,low_frequency_random,17
1.0700000000000001,-0.47053579040613058,0,0,low_frequency_random,17
1.075,-0.4684616442745228,0,0,low_frequency_random,17
1.0800000000000001,-0.50375125994553815,0,0,low_frequency_random,17
1.085,-0.5195311501538874,0,0,low_frequency_random,17
1.0900000000000001,-0.57096970675062475,0,0,low_frequency_random,17
1.095,-0.57829691076045087,0,0,low_frequency_random,17
1.1000000000000001,-0.60041955878493547,0,0,low_frequency_random,17
1.105,-0.74119605302885794,0,0,low_frequency_random,17
1.1100000000000001,-0.60602463207583279,0,0,low_frequency_random,17
1.115,-0.6385118094467932,0,0,low_frequency_random,17
1.1200000000000001,-0.68890827042176617,0,0,low_frequency_random,17
1.125,-0.66149774736025813,0,0,low_frequency_random,17
1.1300000000000001,-0.82492146584795978,0,0,low_frequency_random,17
1.135,-0.85255485269635622,0,0,low_frequency_random,17
1.1400000000000001,-0.82385718750701464,0,0,low_frequency_random,17
1.145,-0.84087312473756659,0,0,low_frequency_random,17
1.1500000000000001,-0.83158782987156787,0,0,low_frequency_random,17
1.155,-0.86291047802964949,0,0,low_frequency_random,17
1.1599999999999999,-0.88801911387365973,0,0,low_frequency_random,17
1.165,-0.88685117834636107,0,0,low_frequency_random,17
1.1699999999999999,-0.87033390196520444,0,0,low_frequency_random,17
1.175,-0.95339669229696478,0,0,low_frequency_random,17
1.1799999999999999,-0.9263886201664322,0,0,low_frequency_random,17
1.1850000000000001,-0.89804266198953819,0,0,low_frequency_random,17
1.1899999999999999,-0.94294938431301589,0,0,low_frequency_random,17
1.1950000000000001,-0.98397452152910614,0,0,low_frequency_random,17
1.2,-0.96974453188436838,0,0,low_frequency_random,17
1.2050000000000001,-0.87211378198799072,0,0,low_frequency_random,17
1.21,-0.78098695950968211,0,0,low_frequency_random,17
1.2150000000000001,-0.84350165814265399,0,0,low_frequency_random,17
1.22,-0.88254989288778207,0,0,low_frequency_random,17
1.2250000000000001,-0.92304122580931036,0,0,low_frequency_random,17
1.23,-0.88807888371973986,0,0,low_frequency_random,17
1.2350000000000001,-0.89654338184659177,0,0,low_frequency_random,17
1.24,-0.86676617251938459,0,0,low_frequency_random,17
1.2450000000000001,-0.76324697901015026,0,0,low_frequency_random,17
1.25,-0.74272434538310395,0,0,low_frequency_random,17
1.2550000000000001,-0.70769913738413837,0,0,low_frequency_random,17
1.26,-0.67768141299394125,0,0,low_frequency_random,17
1.2650000000000001,-0.7367812247062403,0,0,low_frequency_random,17
1.27,-0.7472306027438107,0,0,low_frequency_random,17
1.2750000000000001,-0.7642771953717411,0,0,low_frequency_random,17
1.28,-0.80352887584632682,0,0,low_frequency_random,17
1.2849999999999999,-0.6814855694327252,0,0,low_frequency_random,17
1.29,-0.63595535428204963,0,0,low_frequency_random,17
1.2949999999999999,-0.85012053052141545,0,0,low_frequency_random,17
1.3,-0.91410022805659408,0,0,low_frequency_random,17
1.3049999999999999,-0.92056177179841781,0,0,low_frequency_random,17
1.3100000000000001,-0.91954772892254233,0,0,low_frequency_random,17
1.3149999999999999,-0.98410984994738882,0,0,low_frequency_random,17
1.3200000000000001,-1.0088107296859694,0,0,low_frequency_random,17
1.325,-1.0386568487875962,0,0,low_frequency_random,17
1.3300000000000001,-1.0745190455755655,0,0,low_frequency_random,17
1.335,-1.0222775027951838,0,0,low_frequency_random,17
1.3400000000000001,-1.0247548510880833,0,0,low_frequency_random,17
1.345,-1.0684370032661423,0,0,low_frequency_random,17
1.3500000000000001,-1.0901091573755257,0,0,low_frequency_random,17
1.355,-1.0884231469089785,0,0,low_frequency_random,17
1.3600000000000001,-1.1741705246149658,0,0,low_frequency_random,17
1.365,-1.2156118636382205,0,0,low_frequency_random,17
1.3700000000000001,-1.1645601827556609,0,0,low_frequency_random,17
1.375,-1.08234182748319,0,0,low_frequency_random,17
1.3800000000000001,-1.2677131575010834,0,0,low_frequency_random,17
1.385,-1.0682610987996193,0,0,low_frequency_random,17
1.3900000000000001,-1.1148299720812394,0,0,low_frequency_random,17
1.395,-1.0466003980339094,0,0,low_frequency_random,17
1.4000000000000001,-1.1513455861707118,0,0,low_frequency_random,17
1.405,-1.0904699761312859,0,0,low_frequency_random,17
1.4099999999999999,-1.082988526701685,0,0,low_frequency_random,17
1.415,-1.0839786619113643,0,0,low_frequency_random,17
1.4199999999999999,-1.1025205142849912,0,0,low_frequency_random,17
1.425,-1.1172033442652147,0,0,low_frequency_random,17
1.4299999999999999,-1.0528376123533896,0,0,low_frequency_random,17
1.4350000000000001,-1.1078120107941023,0,0,low_frequency_random,17
1.4399999999999999,-1.1226376991143607,0,0,low_frequency_random,17
1.4450000000000001,-1.1485462626919327,0,0,low_frequency_random,17
1.45,-1.2733147195411088,0,0,low_frequency_random,17
1.4550000000000001,-1.2595008203580575,0,0,low_frequency_random,17
1.46,-1.2563234595240971,0,0,low_frequency_random,17
1.4650000000000001,-1.2884483703275647,0,0,low_frequency_random,17
1.47,-1.3911872615254897,0,0,low_frequency_random,17
1.4750000000000001,-1.4121363049595852,0,0,low_frequency_random,17
1.48,-1.418111046910961,0,0,low_frequency_random,17
1.4850000000000001,-1.4118522817314532,0,0,low_frequency_random,17
1.49,-1.4007048027935034,0,0,low_frequency_random,17
1.4950000000000001,-1.4894585218940519,0,0,low_frequency_random,17
1.5,-1.4004783045267153,0,0,low_frequency_random,17
1.5050000000000001,-1.330186668178919,0,0,low_frequency_random,17
1.51,-1.2605310570940182,0,0,low_frequency_random,17
1.5150000000000001,-1.2169527802100306,0,0,low_frequency_random,17
1.52,-1.1057535313792948,0,0,low_frequency_random,17
1.5250000000000001,-1.0418081250876587,0,0,low_frequency_random,17
1.53,-0.94655184972196005,0,0,low_frequency_random,17
1.5350000000000001,-0.91571613688049724,0,0,low_frequency_random,17
1.54,-0.89949786205086169,0,0,low_frequency_random,17
1.5449999999999999,-0.84439802464819336,0,0,low_frequency_random,17
1.55,-0.89623636529509365,0,0,low_frequency_random,17
1.5549999999999999,-0.90979981601742288,0,0,low_frequency_random,17
1.5600000000000001,-0.88869585739759849,0,0,low_frequency_random,17
1.5649999999999999,-0.93119018543261711,0,0,low_frequency_random,17
1.5700000000000001,-1.1216528947656654,0,0,low_frequency_random,17
1.575,-1.1626358866837598,0,0,low_frequency_random,17
1.5800000000000001,-1.2161174039410452,0,0,low_frequency_random,17
1.585,-1.141402261906477,0,0,low_frequency_random,17
1.5900000000000001,-1.2880094209517132,0,0,low_frequency_random,17
1.595,-1.3430412461147281,0,0,low_frequency_random,17
1.6000000000000001,-1.2094019149182511,0,0,low_frequency_random,17
1.605,-1.3922418002059578,0,0,low_frequency_random,17
1.6100000000000001,-1.407389046837018,0,0,low_frequency_random,17
1.615,-1.4520296377998028,0,0,low_frequency_random,17
1.6200000000000001,-1.5822871842950457,0,0,low_frequency_random,17
1.625,-1.5743225709863462,0,0,low_frequency_random,17
1.6300000000000001,-1.6377783740397938,0,0,low_frequency_random,17
1.635,-1.8461004415657067,0,0,low_frequency_random,17
1.6400000000000001,-1.886186112709942,0,0,low_frequency_random,17
1.645,-1.9851482963631466,0,0,low_frequency_random,17
1.6500000000000001,-1.889781941411915,0,0,low_frequency_random,17
1.655,-1.8800321232739861,0,0,low_frequency_random,17
1.6600000000000001,-1.9598249237166276,0,0,low_frequency_random,17
1.665,-1.9345769780050874,0,0,low_frequency_random,17
1.6699999999999999,-1.7736309413932865,0,0,low_frequency_random,17
1.675,-1.8685801042684722,0,0,low_frequency_random,17
1.6799999999999999,-1.9406349066104629,0,0,low_frequency_random,17
1.6850000000000001,-1.9401521466017184,0,0,low_frequency_random,17
1.6899999999999999,-1.9277228577832874,0,0,low_frequency_random,17
1.6950000000000001,-1.9058865113504859,0,0,low_frequency_random,17
1.7,-2.017785855618154,0,0,low_frequency_random,17
1.7050000000000001,-2.0005175495924319,0,0,low_frequency_random,17
1.71,-2.0853396741822277,0,0,low_frequency_random,17
1.7150000000000001,-2.1385553530579418,0,0,low_frequency_random,17
1.72,-2.0567192257899571,0,0,low_frequency_random,17
1.7250000000000001,-2.1060202715434175,0,0,low_frequency_random,17
1.73,-2.0493126734531235,0,0,low_frequency_random,17
1.7350000000000001,-2.0672115391957639,0,0,low_frequency_random,17
1.74,-2.0455402909851181,0,0,low_frequency_random,17
1.7450000000000001,-2.024860256390737,0,0,low_frequency_random,17
1.75,-1.9655095207253388,0,0,low_frequency_random,17
1.7550000000000001,-1.898982028253815,0,0,low_frequency_random,17
1.76,-1.9500812418670539,0,0,low_frequency_random,17
1.7650000000000001,-1.8095684062471848,0,0,low_frequency_random,17
1.77,-1.7537410938712596,0,0,low_frequency_random,17
1.7750000000000001,-1.6701161277790004,0,0,low_frequency_random,17
1.78,-1.5835997219144358,0,0,low_frequency_random,17
1.7850000000000001,-1.6143032848010483,0,0,low_frequency_random,17
1.79,-1.6118321572694756,0,0,low_frequency_random,17
1.7949999999999999,-1.5976387782967025,0,0,low_frequency_random,17
1.8,-1.5673053338768512,0,0,low_frequency_random,17
1.8049999999999999,-1.424374698692467,0,0,low_frequency_random,17
1.8100000000000001,-1.2694392735043665,0,0,low_frequency_random,17
1.8149999999999999,-0.98742633902179033,0,0,low_frequency_random,17
1.8200000000000001,-0.83595293423192596,0,0,low_frequency_random,17
1.825,-0.69709058651050104,0,0,low_frequency_random,17
1.8300000000000001,-0.69874800300092199,0,0,low_frequency_random,17
1.835,-0.76159134769747805,0,0,low_frequency_random,17
1.8400000000000001,-0.75574621057289271,0,0,low_frequency_random,17
1.845,-0.77387470934796065,0,0,low_frequency_random,17
1.8500000000000001,-0.84984257290723308,0,0,low_frequency_random,17
1.855,-0.86440766587686446,0,0,low_frequency_random,17
1.8600000000000001,-0.82496843885630411,0,0,low_frequency_random,17
1.865,-0.81627293409954704,0,0,low_frequency_random,17
1.8700000000000001,-0.73951922282698923,0,0,low_frequency_random,17
1.875,-0.68578797579767814,0,0,low_frequency_random,17
1.8800000000000001,-0.64705496961508591,0,0,low_frequency_random,17
1.885,-0.54205028658110699,0,0,low_frequency_random,17
1.8900000000000001,-0.54688419940451383,0,0,low_frequency_random,17
1.895,-0.53691468123170449,0,0,low_frequency_random,17
1.9000000000000001,-0.41654406378231046,0,0,low_frequency_random,17
1.905,-0.33668095278778665,0,0,low_frequency_random,17
1.9100000000000001,-0.4537666622310787,0,0,low_frequency_random,17
1.915,-0.44031417489088737,0,0,low_frequency_random,17
1.9199999999999999,-0.31367698206094197,0,0,low_frequency_random,17
1.925,-0.27230790173070746,0,0,low_frequency_random,17
1.9299999999999999,-0.17126081332410947,0,0,low_frequency_random,17
1.9350000000000001,-0.28907309497850964,0,0,low_frequency_random,17
1.9399999999999999,-0.24991154374775687,0,0,low_frequency_random,17
1.9450000000000001,-0.40705621467391007,0,0,low_frequency_random,17
1.95,-0.34592494699738191,0,0,low_frequency_random,17
1.9550000000000001,-0.43901436610929723,0,0,low_frequency_random,17
1.96,-0.32133348134494488,0,0,low_frequency_random,17
1.9650000000000001,-0.3713480811017677,0,0,low_frequency_random,17
1.97,-0.35669272940127161,0,0,low_frequency_random,17
1.9750000000000001,-0.32984690811769812,0,0,low_frequency_random,17
1.98,-0.32648059840437732,0,0,low_frequency_random,17
1.9850000000000001,-0.44467061788553608,0,0,low_frequency_random,17
1.99,-0.38156621750973602,0,0,low_frequency_random,17
1.9950000000000001,-0.41658325953068454,0,0,low_frequency_random,17
2,-0.21605918275264252,0,0,low_frequency_random,17
2.0049999999999999,-0.23307197975491337,0,0,low_frequency_random,17
2.0100000000000002,-0.21125306104770938,0,0,low_frequency_random,17
2.0150000000000001,-0.23338950157329263,0,0,low_frequency_random,17
2.02,-0.091489604057961388,0,0,low_frequency_random,17
2.0249999999999999,0.031876486186834543,0,0,low_frequency_random,17
2.0300000000000002,0.083944960486684483,0,0,low_frequency_random,17
2.0350000000000001,0.16983516393436765,0,0,low_frequency_random,17
2.04,0.10186369773301324,0,0,low_frequency_random,17
2.0449999999999999,0.028778550862993191,0,0,low_frequency_random,17
2.0499999999999998,0.13538372638801774,0,0,low_frequency_random,17
2.0550000000000002,0.069064016006131851,0,0,low_frequency_random,17
2.0600000000000001,0.047521750152655827,0,0,low_frequency_random,17
2.0649999999999999,-0.073735723172352302,0,0,low_frequency_random,17
2.0699999999999998,-0.10165344279743348,0,0,low_frequency_random,17
2.0750000000000002,-0.065436169888107354,0,0,low_frequency_random,17
2.0800000000000001,-0.068898750518872523,0,0,low_frequency_random,17
2.085,-0.18771952442082906,0,0,low_frequency_random,17
2.0899999999999999,-0.12092565363222775,0,0,low_frequency_random,17
2.0950000000000002,-0.10450667556287718,0,0,low_frequency_random,17
2.1000000000000001,-0.30558058367406132,0,0,low_frequency_random,17
2.105,-0.38979857162584053,0,0,low_frequency_random,17
2.1099999999999999,-0.41412914519463662,0,0,low_frequency_random,17
2.1150000000000002,-0.45348115048718329,0,0,low_frequency_random,17
2.1200000000000001,-0.43726920381363216,0,0,low_frequency_random,17
2.125,-0.34801125412639172,0,0,low_frequency_random,17
2.1299999999999999,-0.3517523705307492,0,0,low_frequency_random,17
2.1350000000000002,-0.35642703008248822,0,0,low_frequency_random,17
2.1400000000000001,-0.24538945734089201,0,0,low_frequency_random,17
2.145,-0.11524597513693105,0,0,low_frequency_random,17
2.1499999999999999,-0.13871563973169887,0,0,low_frequency_random,17
2.1550000000000002,-0.0078655636686425501,0,0,low_frequency_random,17
2.1600000000000001,-0.14708104570327055,0,0,low_frequency_random,17
2.165,-0.020521565763931909,0,0,low_frequency_random,17
2.1699999999999999,0.018798908844547192,0,0,low_frequency_random,17
2.1750000000000003,-0.048058552204114091,0,0,low_frequency_random,17
2.1800000000000002,-0.0870714358742464,0,0,low_frequency_random,17
2.1850000000000001,-0.075450235360009055,0,0,low_frequency_random,17
2.1899999999999999,0.032030018270995997,0,0,low_frequency_random,17
2.1949999999999998,0.10217742132308602,0,0,low_frequency_random,17
2.2000000000000002,0.12609497382609097,0,0,low_frequency_random,17
2.2050000000000001,0.095444824659323899,0,0,low_frequency_random,17
2.21,0.10297397259577862,0,0,low_frequency_random,17
2.2149999999999999,0.0063355849493186983,0,0,low_frequency_random,17
2.2200000000000002,-0.025675888748138229,0,0,low_frequency_random,17
2.2250000000000001,-0.093698985166507348,0,0,low_frequency_random,17
2.23,-0.12207059343944168,0,0,low_frequency_random,17
2.2349999999999999,-0.086333045917201284,0,0,low_frequency_random,17
2.2400000000000002,-0.11217418561126706,0,0,low_frequency_random,17
2.2450000000000001,-0.25378902007093468,0,0,low_frequency_random,17
2.25,-0.166853280242451,0,0,low_frequency_random,17
2.2549999999999999,-0.1682789299052545,0,0,low_frequency_random,17
2.2600000000000002,-0.13457117168131058,0,0,low_frequency_random,17
2.2650000000000001,-0.19183275254191234,0,0,low_frequency_random,17
2.27,-0.21278032523301391,0,0,low_frequency_random,17
2.2749999999999999,-0.23679016546455675,0,0,low_frequency_random,17
2.2800000000000002,-0.12384485306631386,0,0,low_frequency_random,17
2.2850000000000001,-0.223439797317457,0,0,low_frequency_random,17
2.29,-0.15393363064517165,0,0,low_frequency_random,17
2.2949999999999999,-0.16209289623367831,0,0,low_frequency_random,17
2.3000000000000003,-0.10761263070019911,0,0,low_frequency_random,17
2.3050000000000002,-0.15896127785772754,0,0,low_frequency_random,17
2.3100000000000001,-0.29332230771462864,0,0,low_frequency_random,17
2.3149999999999999,-0.22164506177977772,0,0,low_frequency_random,17
2.3199999999999998,-0.25353845519571905,0,0,low_frequency_random,17
2.3250000000000002,-0.21734843205540813,0,0,low_frequency_random,17
2.3300000000000001,-0.16322764168734721,0,0,low_frequency_random,17
2.335,-0.30388093093726609,0,0,low_frequency_random,17
2.3399999999999999,-0.34557149638250495,0,0,low_frequency_random,17
2.3450000000000002,-0.36308304677454634,0,0,low_frequency_random,17
2.3500000000000001,-0.31859788221427637,0,0,low_frequency_random,17
2.355,-0.27174837137936381,0,0,low_frequency_random,17
2.3599999999999999,-0.21075026968759653,0,0,low_frequency_random,17
2.3650000000000002,-0.22967377250428964,0,0,low_frequency_random,17
2.3700000000000001,-0.1227629998338411,0,0,low_frequency_random,17
2.375,-0.12101624630145148,0,0,low_frequency_random,17
2.3799999999999999,-0.12711836850233427,0,0,low_frequency_random,17
2.3850000000000002,-0.16692888356000746,0,0,low_frequency_random,17
2.3900000000000001,-0.25763186160700502,0,0,low_frequency_random,17
2.395,-0.25910875090647184,0,0,low_frequency_random,17
2.3999999999999999,-0.23800359704972657,0,0,low_frequency_random,17
2.4050000000000002,-0.21573829997072019,0,0,low_frequency_random,17
2.4100000000000001,-0.042020224766617875,0,0,low_frequency_random,17
2.415,-0.018492220722677113,0,0,low_frequency_random,17
2.4199999999999999,0.010459701877055829,0,0,low_frequency_random,17
2.4250000000000003,-0.094256606450205865,0,0,low_frequency_random,17
2.4300000000000002,-0.11476475021636917,0,0,low_frequency_random,17
2.4350000000000001,-0.11279223891214381,0,0,low_frequency_random,17
2.4399999999999999,-0.07533483517105756,0,0,low_frequency_random,17
2.4449999999999998,-0.092056860422398148,0,0,low_frequency_random,17
2.4500000000000002,-0.065239272197455345,0,0,low_frequency_random,17
2.4550000000000001,-0.14504901577043161,0,0,low_frequency_random,17
2.46,-0.055380081538636883,0,0,low_frequency_random,17
2.4649999999999999,0.025688379146590147,0,0,low_frequency_random,17
2.4700000000000002,-0.066563690437368955,0,0,low_frequency_random,17
2.4750000000000001,-0.18796150936488193,0,0,low_frequency_random,17
2.48,-0.24223064088327403,0,0,low_frequency_random,17
2.4849999999999999,-0.23026060465849482,0,0,low_frequency_random,17
2.4900000000000002,-0.30156954860496954,0,0,low_frequency_random,17
2.4950000000000001,-0.28923952494463034,0,0,low_frequency_random,17
2.5,-0.23013628304113659,0,0,low_frequency_random,17
2.5049999999999999,-0.15361333836581448,0,0,low_frequency_random,17
2.5100000000000002,-0.066674290724478155,0,0,low_frequency_random,17
2.5150000000000001,-0.18556277428817691,0,0,low_frequency_random,17
2.52,-0.34587467584820608,0,0,low_frequency_random,17
2.5249999999999999,-0.30731197968047091,0,0,low_frequency_random,17
2.5300000000000002,-0.3701869806464827,0,0,low_frequency_random,17
2.5350000000000001,-0.43218145724247869,0,0,low_frequency_random,17
2.54,-0.51948938055136518,0,0,low_frequency_random,17
2.5449999999999999,-0.57180499624340275,0,0,low_frequency_random,17
2.5500000000000003,-0.52981434443553177,0,0,low_frequency_random,17
2.5550000000000002,-0.64750727714007295,0,0,low_frequency_random,17
2.5600000000000001,-0.75762345312739865,0,0,low_frequency_random,17
2.5649999999999999,-0.67862331605649806,0,0,low_frequency_random,17
2.5699999999999998,-0.63072076096769225,0,0,low_frequency_random,17
2.5750000000000002,-0.76859519512210805,0,0,low_frequency_random,17
2.5800000000000001,-0.91847654145703594,0,0,low_frequency_random,17
2.585,-0.89255825480977846,0,0,low_frequency_random,17
2.5899999999999999,-0.82908310645649907,0,0,low_frequency_random,17
2.5950000000000002,-0.67008297277695228,0,0,low_frequency_random,17
2.6000000000000001,-0.62322602672988192,0,0,low_frequency_random,17
2.605,-0.57817844452532763,0,0,low_frequency_random,17
2.6099999999999999,-0.60511649616071583,0,0,low_frequency_random,17
2.6150000000000002,-0.60758360477430484,0,0,low_frequency_random,17
2.6200000000000001,-0.64826299965938838,0,0,low_frequency_random,17
2.625,-0.56226363757150555,0,0,low_frequency_random,17
2.6299999999999999,-0.53992259187261749,0,0,low_frequency_random,17
2.6350000000000002,-0.46324345978044507,0,0,low_frequency_random,17
2.6400000000000001,-0.4468768676313925,0,0,low_frequency_random,17
2.645,-0.53000223743246444,0,0,low_frequency_random,17
2.6499999999999999,-0.53992897729210543,0,0,low_frequency_random,17
2.6550000000000002,-0.46275448928642665,0,0,low_frequency_random,17
2.6600000000000001,-0.4419094794714552,0,0,low_frequency_random,17
2.665,-0.58838214984120552,0,0,low_frequency_random,17
2.6699999999999999,-0.51215052059764843,0,0,low_frequency_random,17
2.6750000000000003,-0.55588477329466501,0,0,low_frequency_random,17
2.6800000000000002,-0.45485312755056989,0,0,low_frequency_random,17
2.6850000000000001,-0.48923650112193523,0,0,low_frequency_random,17
2.6899999999999999,-0.56565525814643203,0,0,low_frequency_random,17
2.6949999999999998,-0.50766408389295881,0,0,low_frequency_random,17
2.7000000000000002,-0.60860720409722191,0,0,low_frequency_random,17
2.7050000000000001,-0.52184514844759988,0,0,low_frequency_random,17
2.71,-0.56856275673622458,0,0,low_frequency_random,17
2.7149999999999999,-0.52688681231696022,0,0,low_frequency_random,17
2.7200000000000002,-0.64736014061784242,0,0,low_frequency_random,17
2.7250000000000001,-0.65110650424059724,0,0,low_frequency_random,17
2.73,-0.69910545955610903,0,0,low_frequency_random,17
2.7349999999999999,-0.57725295662488185,0,0,low_frequency_random,17
2.7400000000000002,-0.64442255173913143,0,0,low_frequency_random,17
2.7450000000000001,-0.66355626026468761,0,0,low_frequency_random,17
2.75,-0.73334708099764256,0,0,low_frequency_random,17
2.7549999999999999,-0.73741843751866998,0,0,low_frequency_random,17
2.7600000000000002,-0.72972629836333947,0,0,low_frequency_random,17
2.7650000000000001,-0.64248046972955741,0,0,low_frequency_random,17
2.77,-0.59048616684964739,0,0,low_frequency_random,17
2.7749999999999999,-0.71534462533060794,0,0,low_frequency_random,17
2.7800000000000002,-0.56934572798532701,0,0,low_frequency_random,17
2.7850000000000001,-0.56184485343271195,0,0,low_frequency_random,17
2.79,-0.47419214478451105,0,0,low_frequency_random,17
2.7949999999999999,-0.50339501803864317,0,0,low_frequency_random,17
2.8000000000000003,-0.44507166532091358,0,0,low_frequency_random,17
2.8050000000000002,-0.45568214871361595,0,0,low_frequency_random,17
2.8100000000000001,-0.48175866589434824,0,0,low_frequency_random,17
2.8149999999999999,-0.49292126201457759,0,0,low_frequency_random,17
2.8199999999999998,-0.56261975664985753,0,0,low_frequency_random,17
2.8250000000000002,-0.52696744161572417,0,0,low_frequency_random,17
2.8300000000000001,-0.49803786900702762,0,0,low_frequency_random,17
2.835,-0.44568491612870376,0,0,low_frequency_random,17
2.8399999999999999,-0.34748533297100537,0,0,low_frequency_random,17
2.8450000000000002,-0.26755456909392805,0,0,low_frequency_random,17
2.8500000000000001,-0.23396844018805202,0,0,low_frequency_random,17
2.855,-0.15238813352109942,0,0,low_frequency_random,17
2.8599999999999999,-0.13908869335388538,0,0,low_frequency_random,17
2.8650000000000002,-0.064036267553013337,0,0,low_frequency_random,17
2.8700000000000001,-0.0715094321279484,0,0,low_frequency_random,17
2.875,-0.21391000582086042,0,0,low_frequency_random,17
2.8799999999999999,-0.26999186793171936,0,0,low_frequency_random,17
2.8850000000000002,-0.34485542104031597,0,0,low_frequency_random,17
2.8900000000000001,-0.38056017331084313,0,0,low_frequency_random,17
2.895,-0.39054752062360487,0,0,low_frequency_random,17
2.8999999999999999,-0.38026879800975205,0,0,low_frequency_random,17
2.9050000000000002,-0.33606445281875214,0,0,low_frequency_random,17
2.9100000000000001,-0.41695646034771061,0,0,low_frequency_random,17
2.915,-0.45018733266159922,0,0,low_frequency_random,17
2.9199999999999999,-0.39357888819781839,0,0,low_frequency_random,17
2.9250000000000003,-0.34274308656985442,0,0,low_frequency_random,17
2.9300000000000002,-0.24153633044055511,0,0,low_frequency_random,17
2.9350000000000001,-0.25903600895796836,0,0,low_frequency_random,17
2.9399999999999999,-0.079706906665060279,0,0,low_frequency_random,17
2.9449999999999998,-0.13094906161206002,0,0,low_frequency_random,17
2.9500000000000002,-0.2496039995809986,0,0,low_frequency_random,17
2.9550000000000001,-0.27572308675373641,0,0,low_frequency_random,17
2.96,-0.38077380329917021,0,0,low_frequency_random,17
2.9649999999999999,-0.32879870724929627,0,0,low_frequency_random,17
2.9700000000000002,-0.33666334134104636,0,0,low_frequency_random,17
2.9750000000000001,-0.45593472514462297,0,0,low_frequency_random,17
2.98,-0.44174816264866351,0,0,low_frequency_random,17
2.9849999999999999,-0.3630123979773629,0,0,low_frequency_random,17
2.9900000000000002,-0.41036235374347879,0,0,low_frequency_random,17
2.9950000000000001,-0.44224227249432274,0,0,low_frequency_random,17
3,-0.50293315893060209,0,0,low_frequency_random,17
3.0049999999999999,-0.55003104688834292,0,0,low_frequency_random,17
3.0100000000000002,-0.65856602120472052,0,0,low_frequency_random,17
3.0150000000000001,-0.67828763024024086,0,0,low_frequency_random,17
3.02,-0.76241495439405005,0,0,low_frequency_random,17
3.0249999999999999,-0.75116250792225103,0,0,low_frequency_random,17
3.0300000000000002,-0.66309764258274362,0,0,low_frequency_random,17
3.0350000000000001,-0.60479447242025131,0,0,low_frequency_random,17
3.04,-0.58493405499771556,0,0,low_frequency_random,17
3.0449999999999999,-0.49925918536816627,0,0,low_frequency_random,17
3.0500000000000003,-0.45151894790685843,0,0,low_frequency_random,17
3.0550000000000002,-0.50091528739825875,0,0,low_frequency_random,17
3.0600000000000001,-0.47159756862056551,0,0,low_frequency_random,17
3.0649999999999999,-0.42402222364106867,0,0,low_frequency_random,17
3.0700000000000003,-0.44592833111981156,0,0,low_frequency_random,17
3.0750000000000002,-0.40169825211782528,0,0,low_frequency_random,17
3.0800000000000001,-0.47102832973206088,0,0,low_frequency_random,17
3.085,-0.44273693506373452,0,0,low_frequency_random,17
3.0899999999999999,-0.39836955188392276,0,0,low_frequency_random,17
3.0950000000000002,-0.38719530125756668,0,0,low_frequency_random,17
3.1000000000000001,-0.41176635670518047,0,0,low_frequency_random,17
3.105,-0.39212741574581833,0,0,low_frequency_random,17
3.1099999999999999,-0.46077720102558173,0,0,low_frequency_random,17
3.1150000000000002,-0.50680880532407224,0,0,low_frequency_random,17
3.1200000000000001,-0.46445623949590881,0,0,low_frequency_random,17
3.125,-0.38679853042368362,0,0,low_frequency_random,17
3.1299999999999999,-0.32178881262495662,0,0,low_frequency_random,17
3.1350000000000002,-0.32649321868988307,0,0,low_frequency_random,17
3.1400000000000001,-0.29135343019875282,0,0,low_frequency_random,17
3.145,-0.34053143179078371,0,0,low_frequency_random,17
3.1499999999999999,-0.32285843124472385,0,0,low_frequency_random,17
3.1550000000000002,-0.37209186521390708,0,0,low_frequency_random,17
3.1600000000000001,-0.46625700063959985,0,0,low_frequency_random,17
3.165,-0.44044899314883007,0,0,low_frequency_random,17
3.1699999999999999,-0.46579815146864345,0,0,low_frequency_random,17
3.1750000000000003,-0.48054315850886381,0,0,low_frequency_random,17
3.1800000000000002,-0.54491861492501659,0,0,low_frequency_random,17
3.1850000000000001,-0.42339359293706658,0,0,low_frequency_random,17
3.1899999999999999,-0.38631355201991907,0,0,low_frequency_random,17
3.1950000000000003,-0.44920373723279183,0,0,low_frequency_random,17
3.2000000000000002,-0.39758759805125687,0,0,low_frequency_random,17
3.2050000000000001,-0.3927581850424377,0,0,low_frequency_random,17
3.21,-0.45050119702125435,0,0,low_frequency_random,17
3.2149999999999999,-0.51053530513203127,0,0,low_frequency_random,17
3.2200000000000002,-0.43408775135231537,0,0,low_frequency_random,17
3.2250000000000001,-0.45766901738839511,0,0,low_frequency_random,17
3.23,-0.42471563165626802,0,0,low_frequency_random,17
3.2349999999999999,-0.47240738853578368,0,0,low_frequency_random,17
3.2400000000000002,-0.43222099997324759,0,0,low_frequency_random,17
3.2450000000000001,-0.39495706365365069,0,0,low_frequency_random,17
3.25,-0.35558514226646104,0,0,low_frequency_random,17
3.2549999999999999,-0.32223191379223382,0,0,low_frequency_random,17
3.2600000000000002,-0.24123531959935718,0,0,low_frequency_random,17
3.2650000000000001,-0.17980474931437615,0,0,low_frequency_random,17
3.27,-0.2237633832673257,0,0,low_frequency_random,17
3.2749999999999999,-0.091016646645628835,0,0,low_frequency_random,17
3.2800000000000002,-0.12650821824144889,0,0,low_frequency_random,17
3.2850000000000001,-0.17244378863667487,0,0,low_frequency_random,17
3.29,-0.17006454347835559,0,0,low_frequency_random,17
3.2949999999999999,-0.10326162844614781,0,0,low_frequency_random,17
3.3000000000000003,-0.064634057865720185,0,0,low_frequency_random,17
3.3050000000000002,-0.14892971259703075,0,0,low_frequency_random,17
3.3100000000000001,-0.18425534225703899,0,0,low_frequency_random,17
3.3149999999999999,-0.10756095090054668,0,0,low_frequency_random,17
3.3200000000000003,-0.086413378686605785,0,0,low_frequency_random,17
3.3250000000000002,-0.066664671492082953,0,0,low_frequency_random,17
3.3300000000000001,-0.1885201109695574,0,0,low_frequency_random,17
3.335,-0.18523503268150895,0,0,low_frequency_random,17
3.3399999999999999,-0.16266019237800325,0,0,low_frequency_random,17
3.3450000000000002,-0.24507878415696058,0,0,low_frequency_random,17
3.3500000000000001,-0.38943087177498803,0,0,low_frequency_random,17
3.355,-0.37001277782782294,0,0,low_frequency_random,17
3.3599999999999999,-0.30523900984114616,0,0,low_frequency_random,17
3.3650000000000002,-0.40741098678198168,0,0,low_frequency_random,17
3.3700000000000001,-0.43103537884335802,0,0,low_frequency_random,17
3.375,-0.32255526503163101,0,0,low_frequency_random,17
3.3799999999999999,-0.19510976922915166,0,0,low_frequency_random,17
3.3850000000000002,-0.1853715732023023,0,0,low_frequency_random,17
3.3900000000000001,-0.36199200330288983,0,0,low_frequency_random,17
3.395,-0.34648367063475943,0,0,low_frequency_random,17
3.3999999999999999,-0.2716312521668735,0,0,low_frequency_random,17
3.4050000000000002,-0.069298861500297404,0,0,low_frequency_random,17
3.4100000000000001,0.012768669309162012,0,0,low_frequency_random,17
3.415,0.074285599435419652,0,0,low_frequency_random,17
3.4199999999999999,0.054625577168590164,0,0,low_frequency_random,17
3.4250000000000003,-0.058084672125146508,0,0,low_frequency_random,17
3.4300000000000002,-0.11835902363944162,0,0,low_frequency_random,17
3.4350000000000001,-0.18435094469043656,0,0,low_frequency_random,17
3.4399999999999999,-0.22797886774764173,0,0,low_frequency_random,17
3.4450000000000003,-0.16654104187459767,0,0,low_frequency_random,17
3.4500000000000002,-0.15582342535114227,0,0,low_frequency_random,17
3.4550000000000001,-0.31238594751986826,0,0,low_frequency_random,17
3.46,-0.33561582841280452,0,0,low_frequency_random,17
3.4649999999999999,-0.23852114884671455,0,0,low_frequency_random,17
3.4700000000000002,-0.1708060320090522,0,0,low_frequency_random,17
3.4750000000000001,-0.049205417601977455,0,0,low_frequency_random,17
3.48,-0.13279486004093377,0,0,low_frequency_random,17
3.4849999999999999,-0.10044408707325211,0,0,low_frequency_random,17
3.4900000000000002,-0.12560880026478646,0,0,low_frequency_random,17
3.4950000000000001,-0.20865405488078448,0,0,low_frequency_random,17
3.5,-0.26190141534424216,0,0,low_frequency_random,17
3.5049999999999999,-0.40033303055109637,0,0,low_frequency_random,17
3.5100000000000002,-0.52852165074461033,0,0,low_frequency_random,17
3.5150000000000001,-0.51265158930340093,0,0,low_frequency_random,17
3.52,-0.52470468799358927,0,0,low_frequency_random,17
3.5249999999999999,-0.5572634219121565,0,0,low_frequency_random,17
3.5300000000000002,-0.45471956266120944,0,0,low_frequency_random,17
3.5350000000000001,-0.48113267845112984,0,0,low_frequency_random,17
3.54,-0.43327808738391227,0,0,low_frequency_random,17
3.5449999999999999,-0.51655787838120304,0,0,low_frequency_random,17
3.5500000000000003,-0.60784818233175997,0,0,low_frequency_random,17
3.5550000000000002,-0.64056328502593662,0,0,low_frequency_random,17
3.5600000000000001,-0.6815146632104887,0,0,low_frequency_random,17
3.5649999999999999,-0.70265796280861359,0,0,low_frequency_random,17
3.5700000000000003,-0.69628879452688941,0,0,low_frequency_random,17
3.5750000000000002,-0.55995804550568473,0,0,low_frequency_random,17
3.5800000000000001,-0.62954000281818778,0,0,low_frequency_random,17
3.585,-0.7267519227624174,0,0,low_frequency_random,17
3.5899999999999999,-0.68366713091281495,0,0,low_frequency_random,17
3.5950000000000002,-0.58266475456160971,0,0,low_frequency_random,17
3.6000000000000001,-0.44107001073661523,0,0,low_frequency_random,17
3.605,-0.52342753982492152,0,0,low_frequency_random,17
3.6099999999999999,-0.48011913579240434,0,0,low_frequency_random,17
3.6150000000000002,-0.62005241704663727,0,0,low_frequency_random,17
3.6200000000000001,-0.62195072790345707,0,0,low_frequency_random,17
3.625,-0.70413842252979775,0,0,low_frequency_random,17
3.6299999999999999,-0.74408756990362757,0,0,low_frequency_random,17
3.6350000000000002,-0.85708198750824982,0,0,low_frequency_random,17
3.6400000000000001,-0.75332245362805172,0,0,low_frequency_random,17
3.645,-0.67444526239818559,0,0,low_frequency_random,17
3.6499999999999999,-0.63362365487088412,0,0,low_frequency_random,17
3.6550000000000002,-0.70512589045884666,0,0,low_frequency_random,17
3.6600000000000001,-0.56838910713342139,0,0,low_frequency_random,17
3.665,-0.48106703313503041,0,0,low_frequency_random,17
3.6699999999999999,-0.49802335768932365,0,0,low_frequency_random,17
3.6750000000000003,-0.40840204213794318,0,0,low_frequency_random,17
3.6800000000000002,-0.36596321973735735,0,0,low_frequency_random,17
3.6850000000000001,-0.31398715291526014,0,0,low_frequency_random,17
3.6899999999999999,-0.24815035074040165,0,0,low_frequency_random,17
3.6950000000000003,-0.18457477724050134,0,0,low_frequency_random,17
3.7000000000000002,-0.18190047025348907,0,0,low_frequency_random,17
3.7050000000000001,-0.28348048495136335,0,0,low_frequency_random,17
3.71,-0.36300635873093046,0,0,low_frequency_random,17
3.7149999999999999,-0.32496159152918114,0,0,low_frequency_random,17
3.7200000000000002,-0.35586015500932522,0,0,low_frequency_random,17
3.7250000000000001,-0.32645521431442798,0,0,low_frequency_random,17
3.73,-0.46999893439080842,0,0,low_frequency_random,17
3.7349999999999999,-0.50035474600385821,0,0,low_frequency_random,17
3.7400000000000002,-0.52952475512223174,0,0,low_frequency_random,17
3.7450000000000001,-0.4054534184124966,0,0,low_frequency_random,17
3.75,-0.42556052778248338,0,0,low_frequency_random,17
3.7549999999999999,-0.47177144915635971,0,0,low_frequency_random,17
3.7600000000000002,-0.45989739860276357,0,0,low_frequency_random,17
3.7650000000000001,-0.36188543494390413,0,0,low_frequency_random,17
3.77,-0.15662141848941813,0,0,low_frequency_random,17
3.7749999999999999,-0.26236491794349831,0,0,low_frequency_random,17
3.7800000000000002,-0.12135556682652646,0,0,low_frequency_random,17
3.7850000000000001,-0.27427715273364861,0,0,low_frequency_random,17
3.79,-0.16433921573446891,0,0,low_frequency_random,17
3.7949999999999999,-0.047107738221799131,0,0,low_frequency_random,17
3.8000000000000003,0.043275679761168445,0,0,low_frequency_random,17
3.8050000000000002,-0.13486169503566589,0,0,low_frequency_random,17
3.8100000000000001,-0.2089293291104366,0,0,low_frequency_random,17
3.8149999999999999,-0.064585167487907186,0,0,low_frequency_random,17
3.8200000000000003,-0.02694252841015015,0,0,low_frequency_random,17
3.8250000000000002,0.058192797627312068,0,0,low_frequency_random,17
3.8300000000000001,0.063378916904994156,0,0,low_frequency_random,17
3.835,0.088432681959529441,0,0,low_frequency_random,17
3.8399999999999999,0.11614647252017181,0,0,low_frequency_random,17
3.8450000000000002,0.067369549801100215,0,0,low_frequency_random,17
3.8500000000000001,0.1457605355115999,0,0,low_frequency_random,17
3.855,0.33052208172833841,0,0,low_frequency_random,17
3.8599999999999999,0.24407381871792089,0,0,low_frequency_random,17
3.8650000000000002,0.16671203968873624,0,0,low_frequency_random,17
3.8700000000000001,0.090083438036238347,0,0,low_frequency_random,17
3.875,0.02526722475495187,0,0,low_frequency_random,17
3.8799999999999999,0.038106862116392679,0,0,low_frequency_random,17
3.8850000000000002,0.076359450330824113,0,0,low_frequency_random,17
3.8900000000000001,0.12002908026356732,0,0,low_frequency_random,17
3.895,0.13969210117038511,0,0,low_frequency_random,17
3.8999999999999999,0.043015201192609306,0,0,low_frequency_random,17
3.9050000000000002,0.030869706089870663,0,0,low_frequency_random,17
3.9100000000000001,-0.051019286988880967,0,0,low_frequency_random,17
3.915,-0.060666118070608545,0,0,low_frequency_random,17
3.9199999999999999,-0.02046173499632175,0,0,low_frequency_random,17
3.9250000000000003,-0.014968260879790266,0,0,low_frequency_random,17
3.9300000000000002,0.089844392317875388,0,0,low_frequency_random,17
3.9350000000000001,0.10029225804397768,0,0,low_frequency_random,17
3.9399999999999999,0.18458360907201923,0,0,low_frequency_random,17
3.9450000000000003,0.41405713950268486,0,0,low_frequency_random,17
3.9500000000000002,0.4780929636747257,0,0,low_frequency_random,17
3.9550000000000001,0.35350393714776601,0,0,low_frequency_random,17
3.96,0.2569504573328632,0,0,low_frequency_random,17
3.9650000000000003,0.24503220996173183,0,0,low_frequency_random,17
3.9700000000000002,0.30673785311155638,0,0,low_frequency_random,17
3.9750000000000001,0.27646449191011491,0,0,low_frequency_random,17
3.98,0.32485535973655982,0,0,low_frequency_random,17
3.9849999999999999,0.2880319494002529,0,0,low_frequency_random,17
3.9900000000000002,0.26654436055363406,0,0,low_frequency_random,17
3.9950000000000001,0.24550093489095143,0,0,low_frequency_random,17
4,0.40192915364301174,0,0,low_frequency_random,17
4.0049999999999999,0.4759938193926565,0,0,low_frequency_random,17
4.0099999999999998,0.3658695510408394,0,0,low_frequency_random,17
4.0149999999999997,0.35556278854197282,0,0,low_frequency_random,17
4.0200000000000005,0.48612284114193072,0,0,low_frequency_random,17
4.0250000000000004,0.494837077115652,0,0,low_frequency_random,17
4.0300000000000002,0.6775880909724763,0,0,low_frequency_random,17
4.0350000000000001,0.69736945396954886,0,0,low_frequency_random,17
4.04,0.71502158924202142,0,0,low_frequency_random,17
4.0449999999999999,0.69007676356417014,0,0,low_frequency_random,17
4.0499999999999998,0.67441739303707759,0,0,low_frequency_random,17
4.0549999999999997,0.65963194724055707,0,0,low_frequency_random,17
4.0600000000000005,0.70621400929281786,0,0,low_frequency_random,17
4.0650000000000004,0.79975607581122188,0,0,low_frequency_random,17
4.0700000000000003,0.77243332257179931,0,0,low_frequency_random,17
4.0750000000000002,0.81737293603400984,0,0,low_frequency_random,17
4.0800000000000001,0.71392060046294437,0,0,low_frequency_random,17
4.085,0.72050666676474717,0,0,low_frequency_random,17
4.0899999999999999,0.7669079036408688,0,0,low_frequency_random,17
4.0949999999999998,0.75915022440391855,0,0,low_frequency_random,17
4.0999999999999996,0.69556793953573148,0,0,low_frequency_random,17
4.1050000000000004,0.7438667768370365,0,0,low_frequency_random,17
4.1100000000000003,0.82398405131221908,0,0,low_frequency_random,17
4.1150000000000002,0.91963592483516987,0,0,low_frequency_random,17
4.1200000000000001,0.9627663403060106,0,0,low_frequency_random,17
4.125,1.1033517438066989,0,0,low_frequency_random,17
4.1299999999999999,1.0786453885930145,0,0,low_frequency_random,17
4.1349999999999998,1.1209877104167936,0,0,low_frequency_random,17
4.1399999999999997,0.99343982572735878,0,0,low_frequency_random,17
4.1450000000000005,0.99022654064629978,0,0,low_frequency_random,17
4.1500000000000004,0.99390700796930276,0,0,low_frequency_random,17
4.1550000000000002,1.1618767541661823,0,0,low_frequency_random,17
4.1600000000000001,1.2613465333313136,0,0,low_frequency_random,17
4.165,1.3545976502836037,0,0,low_frequency_random,17
4.1699999999999999,1.2737198022539744,0,0,low_frequency_random,17
4.1749999999999998,1.247288418694571,0,0,low_frequency_random,17
4.1799999999999997,1.2560294119544959,0,0,low_frequency_random,17
4.1850000000000005,1.1513795306885637,0,0,low_frequency_random,17
4.1900000000000004,1.1148355524973472,0,0,low_frequency_random,17
4.1950000000000003,1.1704926365933159,0,0,low_frequency_random,17
4.2000000000000002,1.1621756410242623,0,0,low_frequency_random,17
4.2050000000000001,1.0869041054749868,0,0,low_frequency_random,17
4.21,1.2353981373940648,0,0,low_frequency_random,17
4.2149999999999999,1.2682420458975712,0,0,low_frequency_random,17
4.2199999999999998,1.2628926445504727,0,0,low_frequency_random,17
4.2249999999999996,1.1567409229427863,0,0,low_frequency_random,17
4.2300000000000004,1.2240005013527284,0,0,low_frequency_random,17
4.2350000000000003,1.1986034168104776,0,0,low_frequency_random,17
4.2400000000000002,1.1579374934751985,0,0,low_frequency_random,17
4.2450000000000001,1.1014273260570877,0,0,low_frequency_random,17
4.25,1.1972131063383316,0,0,low_frequency_random,17
4.2549999999999999,1.0439508732524758,0,0,low_frequency_random,17
4.2599999999999998,0.95760584450133601,0,0,low_frequency_random,17
4.2649999999999997,1.0172063590212872,0,0,low_frequency_random,17
4.2700000000000005,1.0406951333001628,0,0,low_frequency_random,17
4.2750000000000004,1.0759569657162815,0,0,low_frequency_random,17
4.2800000000000002,1.0466401827692526,0,0,low_frequency_random,17
4.2850000000000001,1.0789901845627656,0,0,low_frequency_random,17
4.29,1.0174416888780955,0,0,low_frequency_random,17
4.2949999999999999,0.96133477279920132,0,0,low_frequency_random,17
4.2999999999999998,0.9408938979336372,0,0,low_frequency_random,17
4.3049999999999997,0.89583812773392446,0,0,low_frequency_random,17
4.3100000000000005,0.92757670272691461,0,0,low_frequency_random,17
4.3150000000000004,0.92455744984296506,0,0,low_frequency_random,17
4.3200000000000003,0.86650536379123411,0,0,low_frequency_random,17
4.3250000000000002,0.76743406774926581,0,0,low_frequency_random,17
4.3300000000000001,0.90463201412859562,0,0,low_frequency_random,17
4.335,0.82139204990863945,0,0,low_frequency_random,17
4.3399999999999999,0.82737671579347771,0,0,low_frequency_random,17
4.3449999999999998,0.71006398156197581,0,0,low_frequency_random,17
4.3500000000000005,0.60704927535373743,0,0,low_frequency_random,17
4.3550000000000004,0.62468603004250645,0,0,low_frequency_random,17
4.3600000000000003,0.75317846170214553,0,0,low_frequency_random,17
4.3650000000000002,0.87469651628006717,0,0,low_frequency_random,17
4.3700000000000001,0.83513505463203752,0,0,low_frequency_random,17
4.375,0.75965123528974032,0,0,low_frequency_random,17
4.3799999999999999,0.81745396708115858,0,0,low_frequency_random,17
4.3849999999999998,0.92195660970947402,0,0,low_frequency_random,17
4.3899999999999997,0.8569977101383256,0,0,low_frequency_random,17
4.3950000000000005,0.79770829194219173,0,0,low_frequency_random,17
4.4000000000000004,0.91443224935223666,0,0,low_frequency_random,17
4.4050000000000002,0.8442379742812004,0,0,low_frequency_random,17
4.4100000000000001,0.90785792882373462,0,0,low_frequency_random,17
4.415,0.84661104528324993,0,0,low_frequency_random,17
4.4199999999999999,0.87717610258679224,0,0,low_frequency_random,17
4.4249999999999998,0.76730787165821157,0,0,low_frequency_random,17
4.4299999999999997,0.8025480423569693,0,0,low_frequency_random,17
4.4350000000000005,0.71605339304577809,0,0,low_frequency_random,17
4.4400000000000004,0.61723642352770203,0,0,low_frequency_random,17
4.4450000000000003,0.57323473776362377,0,0,low_frequency_random,17
4.4500000000000002,0.67096625408430433,0,0,low_frequency_random,17
4.4550000000000001,0.69523965321937164,0,0,low_frequency_random,17
4.46,0.69658470429340391,0,0,low_frequency_random,17
4.4649999999999999,0.75642073117080322,0,0,low_frequency_random,17
4.4699999999999998,0.70441046484985947,0,0,low_frequency_random,17
4.4750000000000005,0.79193922381614801,0,0,low_frequency_random,17
4.4800000000000004,0.68375561670758866,0,0,low_frequency_random,17
4.4850000000000003,0.84353692807018421,0,0,low_frequency_random,17
4.4900000000000002,0.8793769795863482,0,0,low_frequency_random,17
4.4950000000000001,0.89293764921871122,0,0,low_frequency_random,17
4.5,0.70409833463615623,0,0,low_frequency_random,17
4.5049999999999999,0.70445095011396108,0,0,low_frequency_random,17
4.5099999999999998,0.70070337718917974,0,0,low_frequency_random,17
4.5149999999999997,0.75619107782842931,0,0,low_frequency_random,17
4.5200000000000005,0.66586135411898184,0,0,low_frequency_random,17
4.5250000000000004,0.79985350252378784,0,0,low_frequency_random,17
4.5300000000000002,0.78392285039612308,0,0,low_frequency_random,17
4.5350000000000001,0.80886033983242223,0,0,low_frequency_random,17
4.54,0.76107492411834055,0,0,low_frequency_random,17
4.5449999999999999,0.95849147736211604,0,0,low_frequency_random,17
4.5499999999999998,0.91065921299657726,0,0,low_frequency_random,17
4.5549999999999997,0.91906448671605356,0,0,low_frequency_random,17
4.5600000000000005,0.99636575545175177,0,0,low_frequency_random,17
4.5650000000000004,1.1837685126071524,0,0,low_frequency_random,17
4.5700000000000003,1.1855580637992496,0,0,low_frequency_random,17
4.5750000000000002,1.1438698714342146,0,0,low_frequency_random,17
4.5800000000000001,1.1203871627703892,0,0,low_frequency_random,17
4.585,1.1267659203464659,0,0,low_frequency_random,17
4.5899999999999999,1.1769595896490872,0,0,low_frequency_random,17
4.5949999999999998,1.1813792732371851,0,0,low_frequency_random,17
4.6000000000000005,1.0947420228155085,0,0,low_frequency_random,17
4.6050000000000004,1.0999171865656991,0,0,low_frequency_random,17
4.6100000000000003,1.1139791908090693,0,0,low_frequency_random,17
4.6150000000000002,1.0707150245640586,0,0,low_frequency_random,17
4.6200000000000001,1.1460870566182735,0,0,low_frequency_random,17
4.625,1.2489489642121581,0,0,low_frequency_random,17
4.6299999999999999,1.0598735190678521,0,0,low_frequency_random,17
4.6349999999999998,1.1088897260224277,0,0,low_frequency_random,17
4.6399999999999997,1.1630143163482867,0,0,low_frequency_random,17
4.6450000000000005,1.2871398787568316,0,0,low_frequency_random,17
4.6500000000000004,1.3524910296147503,0,0,low_frequency_random,17
4.6550000000000002,1.4837098651803386,0,0,low_frequency_random,17
4.6600000000000001,1.5747629169959432,0,0,low_frequency_random,17
4.665,1.4980945787896607,0,0,low_frequency_random,17
4.6699999999999999,1.4548214940283883,0,0,low_frequency_random,17
4.6749999999999998,1.3983349520927761,0,0,low_frequency_random,17
4.6799999999999997,1.4439580096655231,0,0,low_frequency_random,17
4.6850000000000005,1.4119647703523974,0,0,low_frequency_random,17
4.6900000000000004,1.3357844028257635,0,0,low_frequency_random,17
4.6950000000000003,1.3735397928185671,0,0,low_frequency_random,17
4.7000000000000002,1.4880971360217869,0,0,low_frequency_random,17
4.7050000000000001,1.4914701271293387,0,0,low_frequency_random,17
4.71,1.4440162535798862,0,0,low_frequency_random,17
4.7149999999999999,1.3807886721638154,0,0,low_frequency_random,17
4.7199999999999998,1.3631332454983882,0,0,low_frequency_random,17
4.7250000000000005,1.3633034658893692,0,0,low_frequency_random,17
4.7300000000000004,1.3793376587010833,0,0,low_frequency_random,17
4.7350000000000003,1.4360066145605057,0,0,low_frequency_random,17
4.7400000000000002,1.4463070163133442,0,0,low_frequency_random,17
4.7450000000000001,1.2885418803251367,0,0,low_frequency_random,17
4.75,1.3671752528147965,0,0,low_frequency_random,17
4.7549999999999999,1.6132946382238869,0,0,low_frequency_random,17
4.7599999999999998,1.5443192513793065,0,0,low_frequency_random,17
4.7649999999999997,1.4348147900424981,0,0,low_frequency_random,17
4.7700000000000005,1.5403833709414494,0,0,low_frequency_random,17
4.7750000000000004,1.6770476267953909,0,0,low_frequency_random,17
4.7800000000000002,1.6963009630445287,0,0,low_frequency_random,17
4.7850000000000001,1.8595230219432803,0,0,low_frequency_random,17
4.79,2.0034095715335498,0,0,low_frequency_random,17
4.7949999999999999,2.0747812629974391,0,0,low_frequency_random,17
4.7999999999999998,2.272231732211452,0,0,low_frequency_random,17
4.8049999999999997,2.118556892571553,0,0,low_frequency_random,17
4.8100000000000005,2.201477091320025,0,0,low_frequency_random,17
4.8150000000000004,2.1025189945984475,0,0,low_frequency_random,17
4.8200000000000003,2.0357850691879369,0,0,low_frequency_random,17
4.8250000000000002,2.0097253866410956,0,0,low_frequency_random,17
4.8300000000000001,1.973085317687614,0,0,low_frequency_random,17
4.835,1.9617178579470553,0,0,low_frequency_random,17
4.8399999999999999,2.1371963337300128,0,0,low_frequency_random,17
4.8449999999999998,2.1587161058642867,0,0,low_frequency_random,17
4.8500000000000005,2.1148840128817574,0,0,low_frequency_random,17
4.8550000000000004,2.0625185060012505,0,0,low_frequency_random,17
4.8600000000000003,2.0382259365056896,0,0,low_frequency_random,17
4.8650000000000002,1.893370731533659,0,0,low_frequency_random,17
4.8700000000000001,2.0485117296514828,0,0,low_frequency_random,17
4.875,1.9797251370407394,0,0,low_frequency_random,17
4.8799999999999999,2.1232849909956797,0,0,low_frequency_random,17
4.8849999999999998,2.0020387347810593,0,0,low_frequency_random,17
4.8899999999999997,1.9247410535581482,0,0,low_frequency_random,17
4.8950000000000005,1.8565076005321397,0,0,low_frequency_random,17
4.9000000000000004,1.886832004092736,0,0,low_frequency_random,17
4.9050000000000002,1.9421956761433683,0,0,low_frequency_random,17
4.9100000000000001,1.8348058989785858,0,0,low_frequency_random,17
4.915,1.7040739989220497,0,0,low_frequency_random,17
4.9199999999999999,1.6850529058655055,0,0,low_frequency_random,17
4.9249999999999998,1.6996885795722163,0,0,low_frequency_random,17
4.9299999999999997,1.7297039440400257,0,0,low_frequency_random,17
4.9350000000000005,1.5597856150208291,0,0,low_frequency_random,17
4.9400000000000004,1.6707363812647258,0,0,low_frequency_random,17
4.9450000000000003,1.6565571060949045,0,0,low_frequency_random,17
4.9500000000000002,1.681323602158777,0,0,low_frequency_random,17
4.9550000000000001,1.7162028272395657,0,0,low_frequency_random,17
4.96,1.6339938678322925,0,0,low_frequency_random,17
4.9649999999999999,1.706506577856985,0,0,low_frequency_random,17
4.9699999999999998,1.8401317226691154,0,0,low_frequency_random,17
4.9750000000000005,1.868133442695866,0,0,low_frequency_random,17
4.9800000000000004,1.7986106200861032,0,0,low_frequency_random,17
4.9850000000000003,1.750244297539961,0,0,low_frequency_random,17
4.9900000000000002,1.759859700281688,0,0,low_frequency_random,17
4.9950000000000001,1.7667715655364085,0,0,low_frequency_random,17
5,1.8462602250630717,0,0,low_frequency_random,17
5.0049999999999999,1.7730989217838309,0,0,low_frequency_random,17
5.0099999999999998,1.7470536902456315,0,0,low_frequency_random,17
5.0149999999999997,1.7699782802215869,0,0,low_frequency_random,17
5.0200000000000005,1.7701591537652546,0,0,low_frequency_random,17
5.0250000000000004,1.7484104233698547,0,0,low_frequency_random,17
5.0300000000000002,1.6692585404071671,0,0,low_frequency_random,17
5.0350000000000001,1.6254049508034214,0,0,low_frequency_random,17
5.04,1.617478684661797,0,0,low_frequency_random,17
5.0449999999999999,1.703355698754053,0,0,low_frequency_random,17
5.0499999999999998,1.6876137544182375,0,0,low_frequency_random,17
5.0549999999999997,1.7967717204832609,0,0,low_frequency_random,17
5.0600000000000005,1.850359684542632,0,0,low_frequency_random,17
5.0650000000000004,1.8664219529506261,0,0,low_frequency_random,17
5.0700000000000003,1.8922692409058863,0,0,low_frequency_random,17
5.0750000000000002,1.8988139405511426,0,0,low_frequency_random,17
5.0800000000000001,1.8618242283983604,0,0,low_frequency_random,17
5.085,1.8028930508939571,0,0,low_frequency_random,17
5.0899999999999999,1.9032251059487615,0,0,low_frequency_random,17
5.0949999999999998,1.8398264498265136,0,0,low_frequency_random,17
5.1000000000000005,1.9179392105471516,0,0,low_frequency_random,17
5.1050000000000004,1.8533908995466586,0,0,low_frequency_random,17
5.1100000000000003,1.8620543964270688,0,0,low_frequency_random,17
5.1150000000000002,1.9138308464260503,0,0,low_frequency_random,17
5.1200000000000001,2.0119681639985392,0,0,low_frequency_random,17
5.125,2.0342688352618117,0,0,low_frequency_random,17
5.1299999999999999,1.9572022052625255,0,0,low_frequency_random,17
5.1349999999999998,1.8553817468284406,0,0,low_frequency_random,17
5.1399999999999997,1.7896436312551787,0,0,low_frequency_random,17
5.1450000000000005,1.8464802231482087,0,0,low_frequency_random,17
5.1500000000000004,1.7549328151740813,0,0,low_frequency_random,17
5.1550000000000002,1.8206626682116009,0,0,low_frequency_random,17
5.1600000000000001,1.8102863473754787,0,0,low_frequency_random,17
5.165,1.6649042796352505,0,0,low_frequency_random,17
5.1699999999999999,1.603343701236065,0,0,low_frequency_random,17
5.1749999999999998,1.6313993779015699,0,0,low_frequency_random,17
5.1799999999999997,1.5514791785771851,0,0,low_frequency_random,17
5.1850000000000005,1.5632375932441318,0,0,low_frequency_random,17
5.1900000000000004,1.5920364530962661,0,0,low_frequency_random,17
5.1950000000000003,1.4038790584448011,0,0,low_frequency_random,17
5.2000000000000002,1.2223998836022414,0,0,low_frequency_random,17
5.2050000000000001,1.1418113633576341,0,0,low_frequency_random,17
5.21,1.006368114585217,0,0,low_frequency_random,17
5.2149999999999999,1.0303750125587599,0,0,low_frequency_random,17
5.2199999999999998,1.0147265649516615,0,0,low_frequency_random,17
5.2250000000000005,0.94713415037255833,0,0,low_frequency_random,17
5.2300000000000004,0.95615331081970245,0,0,low_frequency_random,17
5.2350000000000003,0.984582618296859,0,0,low_frequency_random,17
5.2400000000000002,0.8168060249967567,0,0,low_frequency_random,17
5.2450000000000001,0.73275341374560976,0,0,low_frequency_random,17
5.25,0.69670638724054734,0,0,low_frequency_random,17
5.2549999999999999,0.81859750460122171,0,0,low_frequency_random,17
5.2599999999999998,0.7944852565390883,0,0,low_frequency_random,17
5.2649999999999997,0.89297559393816772,0,0,low_frequency_random,17
5.2700000000000005,0.77991825342104171,0,0,low_frequency_random,17
5.2750000000000004,0.67840556938102758,0,0,low_frequency_random,17
5.2800000000000002,0.71859868839880425,0,0,low_frequency_random,17
5.2850000000000001,0.6725093528637679,0,0,low_frequency_random,17
5.29,0.78109712901116879,0,0,low_frequency_random,17
5.2949999999999999,0.84335370139450239,0,0,low_frequency_random,17
5.2999999999999998,0.75524337398533026,0,0,low_frequency_random,17
5.3049999999999997,0.64338175128140862,0,0,low_frequency_random,17
5.3100000000000005,0.71436592965093815,0,0,low_frequency_random,17
5.3150000000000004,0.74045327095821112,0,0,low_frequency_random,17
5.3200000000000003,0.76862008568448847,0,0,low_frequency_random,17
5.3250000000000002,0.6722809767901482,0,0,low_frequency_random,17
5.3300000000000001,0.69380231831974559,0,0,low_frequency_random,17
5.335,0.57400037321367314,0,0,low_frequency_random,17
5.3399999999999999,0.60108303042553046,0,0,low_frequency_random,17
5.3449999999999998,0.64052572236450045,0,0,low_frequency_random,17
5.3500000000000005,0.57640735635296447,0,0,low_frequency_random,17
5.3550000000000004,0.51985474059265457,0,0,low_frequency_random,17
5.3600000000000003,0.78207833874506494,0,0,low_frequency_random,17
5.3650000000000002,0.79871279670770612,0,0,low_frequency_random,17
5.3700000000000001,0.80170618614297273,0,0,low_frequency_random,17
5.375,0.71048453082089402,0,0,low_frequency_random,17
5.3799999999999999,0.75692199695940554,0,0,low_frequency_random,17
5.3849999999999998,0.76842875162758228,0,0,low_frequency_random,17
5.3899999999999997,0.78925618148089016,0,0,low_frequency_random,17
5.3950000000000005,0.88445795523414161,0,0,low_frequency_random,17
5.4000000000000004,0.92781791500259281,0,0,low_frequency_random,17
5.4050000000000002,1.1333746343026752,0,0,low_frequency_random,17
5.4100000000000001,1.0873684464844786,0,0,low_frequency_random,17
5.415,1.0241310105085895,0,0,low_frequency_random,17
5.4199999999999999,1.0944096377659573,0,0,low_frequency_random,17
5.4249999999999998,1.022197587716688,0,0,low_frequency_random,17
5.4299999999999997,1.08881825675976,0,0,low_frequency_random,17
5.4350000000000005,0.98853014832072705,0,0,low_frequency_random,17
5.4400000000000004,0.99243438869647282,0,0,low_frequency_random,17
5.4450000000000003,1.1597083921740212,0,0,low_frequency_random,17
5.4500000000000002,1.1635948811837546,0,0,low_frequency_random,17
5.4550000000000001,1.1950634236949713,0,0,low_frequency_random,17
5.46,1.3492112316182789,0,0,low_frequency_random,17
5.4649999999999999,1.3911287950991766,0,0,low_frequency_random,17
5.4699999999999998,1.3506790388928271,0,0,low_frequency_random,17
5.4750000000000005,1.334640711154925,0,0,low_frequency_random,17
5.4800000000000004,1.4676777286428258,0,0,low_frequency_random,17
5.4850000000000003,1.5924380341891216,0,0,low_frequency_random,17
5.4900000000000002,1.7065403238034091,0,0,low_frequency_random,17
5.4950000000000001,1.7097015313451833,0,0,low_frequency_random,17
5.5,1.6514489779531349,0,0,low_frequency_random,17
5.5049999999999999,1.6745438670081134,0,0,low_frequency_random,17
5.5099999999999998,1.5420147680659839,0,0,low_frequency_random,17
5.5149999999999997,1.4211618588006174,0,0,low_frequency_random,17
5.5200000000000005,1.3571939143263871,0,0,low_frequency_random,17
5.5250000000000004,1.3466291510200985,0,0,low_frequency_random,17
5.5300000000000002,1.3859721414659478,0,0,low_frequency_random,17
5.5350000000000001,1.1952863675621939,0,0,low_frequency_random,17
5.54,1.3360703193006469,0,0,low_frequency_random,17
5.5449999999999999,1.3218449927743918,0,0,low_frequency_random,17
5.5499999999999998,1.3822577801142415,0,0,low_frequency_random,17
5.5549999999999997,1.5149677554075087,0,0,low_frequency_random,17
5.5600000000000005,1.5531870482338843,0,0,low_frequency_random,17
5.5650000000000004,1.7008437563967,0,0,low_frequency_random,17
5.5700000000000003,1.6661671798650803,0,0,low_frequency_random,17
5.5750000000000002,1.5730385736916974,0,0,low_frequency_random,17
5.5800000000000001,1.5702244978546531,0,0,low_frequency_random,17
5.585,1.4955497600487142,0,0,low_frequency_random,17
5.5899999999999999,1.6163407728201495,0,0,low_frequency_random,17
5.5949999999999998,1.4511282630243083,0,0,low_frequency_random,17
5.6000000000000005,1.4877314334406284,0,0,low_frequency_random,17
5.6050000000000004,1.507224345243662,0,0,low_frequency_random,17
5.6100000000000003,1.5361847307375596,0,0,low_frequency_random,17
5.6150000000000002,1.4988887508504034,0,0,low_frequency_random,17
5.6200000000000001,1.4262829700851314,0,0,low_frequency_random,17
5.625,1.4075380534790525,0,0,low_frequency_random,17
5.6299999999999999,1.2617277143522325,0,0,low_frequency_random,17
5.6349999999999998,1.1611593231485,0,0,low_frequency_random,17
5.6399999999999997,1.1154827261178837,0,0,low_frequency_random,17
5.6450000000000005,1.0253578721957763,0,0,low_frequency_random,17
5.6500000000000004,0.96566114670623249,0,0,low_frequency_random,17
5.6550000000000002,0.99885591890380476,0,0,low_frequency_random,17
5.6600000000000001,0.79456136149259604,0,0,low_frequency_random,17
5.665,0.71922979643717644,0,0,low_frequency_random,17
5.6699999999999999,0.58075940866851461,0,0,low_frequency_random,17
5.6749999999999998,0.60170638399538623,0,0,low_frequency_random,17
5.6799999999999997,0.66993429709970076,0,0,low_frequency_random,17
5.6850000000000005,0.67436373064324573,0,0,low_frequency_random,17
5.6900000000000004,0.54091289079727001,0,0,low_frequency_random,17
5.6950000000000003,0.48473041380521348,0,0,low_frequency_random,17
5.7000000000000002,0.42054257290981234,0,0,low_frequency_random,17
5.7050000000000001,0.423992024852824,0,0,low_frequency_random,17
5.71,0.5119178686491519,0,0,low_frequency_random,17
5.7149999999999999,0.46648239306656586,0,0,low_frequency_random,17
5.7199999999999998,0.60460940671952446,0,0,low_frequency_random,17
5.7250000000000005,0.64128713050199593,0,0,low_frequency_random,17
5.7300000000000004,0.75055524520787154,0,0,low_frequency_random,17
5.7350000000000003,0.7201452404866141,0,0,low_frequency_random,17
5.7400000000000002,0.60051706677004113,0,0,low_frequency_random,17
5.7450000000000001,0.82722441363453547,0,0,low_frequency_random,17
5.75,0.83331936958268293,0,0,low_frequency_random,17
5.7549999999999999,0.77127603596885419,0,0,low_frequency_random,17
5.7599999999999998,0.65116020719634993,0,0,low_frequency_random,17
5.7649999999999997,0.46908423338975136,0,0,low_frequency_random,17
5.7700000000000005,0.5872316563894594,0,0,low_frequency_random,17
5.7750000000000004,0.60575302520267726,0,0,low_frequency_random,17
5.7800000000000002,0.61161729835209011,0,0,low_frequency_random,17
5.7850000000000001,0.55088371319637208,0,0,low_frequency_random,17
5.79,0.5853627937409287,0,0,low_frequency_random,17
5.7949999999999999,0.67711144883852215,0,0,low_frequency_random,17
5.7999999999999998,0.60028307618670596,0,0,low_frequency_random,17
5.8049999999999997,0.56330045689911667,0,0,low_frequency_random,17
5.8100000000000005,0.42650515648399601,0,0,low_frequency_random,17
5.8150000000000004,0.31023335257602824,0,0,low_frequency_random,17
5.8200000000000003,0.26081005197664392,0,0,low_frequency_random,17
5.8250000000000002,0.27495012791879897,0,0,low_frequency_random,17
5.8300000000000001,0.4507919139430846,0,0,low_frequency_random,17
5.835,0.49375510908580372,0,0,low_frequency_random,17
5.8399999999999999,0.52129583815835334,0,0,low_frequency_random,17
5.8449999999999998,0.52708494658030669,0,0,low_frequency_random,17
5.8500000000000005,0.60894583714195771,0,0,low_frequency_random,17
5.8550000000000004,0.58750472149145139,0,0,low_frequency_random,17
5.8600000000000003,0.50325889809477109,0,0,low_frequency_random,17
5.8650000000000002,0.44532872004705032,0,0,low_frequency_random,17
5.8700000000000001,0.44832126396892441,0,0,low_frequency_random,17
5.875,0.49854762096191418,0,0,low_frequency_random,17
5.8799999999999999,0.54829244681705336,0,0,low_frequency_random,17
5.8849999999999998,0.57083498002900723,0,0,low_frequency_random,17
5.8899999999999997,0.56083269623783183,0,0,low_frequency_random,17
5.8950000000000005,0.62078474929148608,0,0,low_frequency_random,17
5.9000000000000004,0.65136356955918961,0,0,low_frequency_random,17
5.9050000000000002,0.77631185707026173,0,0,low_frequency_random,17
5.9100000000000001,0.73385506489831298,0,0,low_frequency_random,17
5.915,0.7587621114485682,0,0,low_frequency_random,17
5.9199999999999999,0.73937909841930893,0,0,low_frequency_random,17
5.9249999999999998,0.69929703220762451,0,0,low_frequency_random,17
5.9299999999999997,0.78687246085787887,0,0,low_frequency_random,17
5.9350000000000005,0.82347487385913665,0,0,low_frequency_random,17
5.9400000000000004,0.79624708008869094,0,0,low_frequency_random,17
5.9450000000000003,0.78086639263497137,0,0,low_frequency_random,17
5.9500000000000002,0.73494965827968484,0,0,low_frequency_random,17
5.9550000000000001,0.8026503943982386,0,0,low_frequency_random,17
5.96,0.82606961065903184,0,0,low_frequency_random,17
5.9649999999999999,0.87269575710639302,0,0,low_frequency_random,17
5.9699999999999998,0.88285117873598185,0,0,low_frequency_random,17
5.9750000000000005,0.96824269618268055,0,0,low_frequency_random,17
5.9800000000000004,1.0870243063025729,0,0,low_frequency_random,17
5.9850000000000003,1.0357507897990972,0,0,low_frequency_random,17
5.9900000000000002,0.98928442695342333,0,0,low_frequency_random,17
5.9950000000000001,0.98314864150313219,0,0,low_frequency_random,17
6,0.92616317467596854,0,0,low_frequency_random,17
6.0049999999999999,0.91236618003831937,0,0,low_frequency_random,17
6.0099999999999998,0.99268652756291687,0,0,low_frequency_random,17
6.0150000000000006,0.94308905931592357,0,0,low_frequency_random,17
6.0200000000000005,0.86457718049007259,0,0,low_frequency_random,17
6.0250000000000004,0.87046258984004266,0,0,low_frequency_random,17
6.0300000000000002,0.93897970700430466,0,0,low_frequency_random,17
6.0350000000000001,0.9326252792265588,0,0,low_frequency_random,17
6.04,0.84984467368683236,0,0,low_frequency_random,17
6.0449999999999999,0.88153544911479487,0,0,low_frequency_random,17
6.0499999999999998,0.87040617020260325,0,0,low_frequency_random,17
6.0549999999999997,0.83373093256682607,0,0,low_frequency_random,17
6.0600000000000005,0.8419828342901563,0,0,low_frequency_random,17
6.0650000000000004,0.88638833330719702,0,0,low_frequency_random,17
6.0700000000000003,0.83944243436546995,0,0,low_frequency_random,17
6.0750000000000002,0.84868832869598421,0,0,low_frequency_random,17
6.0800000000000001,0.8860368523466059,0,0,low_frequency_random,17
6.085,0.81261209022265524,0,0,low_frequency_random,17
6.0899999999999999,0.81047985380045884,0,0,low_frequency_random,17
6.0949999999999998,0.77748049439907774,0,0,low_frequency_random,17
6.1000000000000005,0.76210523123167251,0,0,low_frequency_random,17
6.1050000000000004,0.82371401795677479,0,0,low_frequency_random,17
6.1100000000000003,0.9024704217728875,0,0,low_frequency_random,17
6.1150000000000002,0.92150932560709642,0,0,low_frequency_random,17
6.1200000000000001,1.0238938463734808,0,0,low_frequency_random,17
6.125,0.94410501917433343,0,0,low_frequency_random,17
6.1299999999999999,1.0030678725317608,0,0,low_frequency_random,17
6.1349999999999998,0.95804629911275563,0,0,low_frequency_random,17
6.1400000000000006,0.9169036485047436,0,0,low_frequency_random,17
6.1450000000000005,1.0374878761854847,0,0,low_frequency_random,17
6.1500000000000004,1.1113075639052103,0,0,low_frequency_random,17
6.1550000000000002,1.2211405189157998,0,0,low_frequency_random,17
6.1600000000000001,1.3448483019225959,0,0,low_frequency_random,17
6.165,1.1632022114214895,0,0,low_frequency_random,17
6.1699999999999999,1.2361615596754154,0,0,low_frequency_random,17
6.1749999999999998,1.152399914741473,0,0,low_frequency_random,17
6.1799999999999997,1.2257136470988632,0,0,low_frequency_random,17
6.1850000000000005,1.425612305390793,0,0,low_frequency_random,17
6.1900000000000004,1.4221974377387936,0,0,low_frequency_random,17
6.1950000000000003,1.2597943687831077,0,0,low_frequency_random,17
6.2000000000000002,1.2891375827754163,0,0,low_frequency_random,17
6.2050000000000001,1.2841271896184707,0,0,low_frequency_random,17
6.21,1.4094742909599129,0,0,low_frequency_random,17
6.2149999999999999,1.5880002336197061,0,0,low_frequency_random,17
6.2199999999999998,1.5799700701345205,0,0,low_frequency_random,17
6.2250000000000005,1.4781084806932794,0,0,low_frequency_random,17
6.2300000000000004,1.3942841706456899,0,0,low_frequency_random,17
6.2350000000000003,1.2790217483085684,0,0,low_frequency_random,17
6.2400000000000002,1.1601676716828009,0,0,low_frequency_random,17
6.2450000000000001,1.1205010624106708,0,0,low_frequency_random,17
6.25,1.1511135298136408,0,0,low_frequency_random,17
6.2549999999999999,1.0579185456324605,0,0,low_frequency_random,17
6.2599999999999998,1.0402387611109527,0,0,low_frequency_random,17
6.2650000000000006,1.2733496500800425,0,0,low_frequency_random,17
6.2700000000000005,1.1278460716202792,0,0,low_frequency_random,17
6.2750000000000004,1.1774214653938868,0,0,low_frequency_random,17
6.2800000000000002,1.190208096173893,0,0,low_frequency_random,17
6.2850000000000001,1.1697445488245697,0,0,low_frequency_random,17
6.29,1.2132405998020042,0,0,low_frequency_random,17
6.2949999999999999,1.1786797289475766,0,0,low_frequency_random,17
6.2999999999999998,1.0981972605862049,0,0,low_frequency_random,17
6.3049999999999997,1.1139463192981931,0,0,low_frequency_random,17
6.3100000000000005,1.1022549298657676,0,0,low_frequency_random,17
6.3150000000000004,1.1439908715537983,0,0,low_frequency_random,17
6.3200000000000003,1.052837074960131,0,0,low_frequency_random,17
6.3250000000000002,0.95780435638244177,0,0,low_frequency_random,17
6.3300000000000001,1.0876497611664939,0,0,low_frequency_random,17
6.335,1.0806338849618771,0,0,low_frequency_random,17
6.3399999999999999,1.126382573574213,0,0,low_frequency_random,17
6.3449999999999998,1.0754064455087895,0,0,low_frequency_random,17
6.3500000000000005,1.077400575075909,0,0,low_frequency_random,17
6.3550000000000004,1.0760588518560272,0,0,low_frequency_random,17
6.3600000000000003,1.0026972281272741,0,0,low_frequency_random,17
6.3650000000000002,1.0505262537635816,0,0,low_frequency_random,17
6.3700000000000001,1.1489391475270132,0,0,low_frequency_random,17
6.375,1.1726101287695707,0,0,low_frequency_random,17
6.3799999999999999,1.256731050451622,0,0,low_frequency_random,17
6.3849999999999998,1.3135088011084466,0,0,low_frequency_random,17
6.3900000000000006,1.2983092654605868,0,0,low_frequency_random,17
6.3950000000000005,1.3046914192351844,0,0,low_frequency_random,17
6.4000000000000004,1.2148822604166576,0,0,low_frequency_random,17
6.4050000000000002,1.2288182181811058,0,0,low_frequency_random,17
6.4100000000000001,1.2286731704417162,0,0,low_frequency_random,17
6.415,1.3329097708730953,0,0,low_frequency_random,17
6.4199999999999999,1.2387636511112738,0,0,low_frequency_random,17
6.4249999999999998,1.1340172220179134,0,0,low_frequency_random,17
6.4299999999999997,1.1772781869466495,0,0,low_frequency_random,17
6.4350000000000005,1.0289902790979877,0,0,low_frequency_random,17
6.4400000000000004,1.0341484714386506,0,0,low_frequency_random,17
6.4450000000000003,1.096046244355694,0,0,low_frequency_random,17
6.4500000000000002,0.96897683056744477,0,0,low_frequency_random,17
6.4550000000000001,1.0043086373090615,0,0,low_frequency_random,17
6.46,1.0190035235895434,0,0,low_frequency_random,17
6.4649999999999999,1.1065591249439368,0,0,low_frequency_random,17
6.4699999999999998,1.0307315581541945,0,0,low_frequency_random,17
6.4750000000000005,0.98089812485314021,0,0,low_frequency_random,17
6.4800000000000004,0.91418037062517876,0,0,low_frequency_random,17
6.4850000000000003,0.83599338287497671,0,0,low_frequency_random,17
6.4900000000000002,0.90314378836961939,0,0,low_frequency_random,17
6.4950000000000001,0.9651432394533318,0,0,low_frequency_random,17
6.5,1.1089600417952672,0,0,low_frequency_random,17
6.5049999999999999,1.2107824423124423,0,0,low_frequency_random,17
6.5099999999999998,1.0998154851290809,0,0,low_frequency_random,17
6.5150000000000006,1.100159559140605,0,0,low_frequency_random,17
6.5200000000000005,1.1480297802919066,0,0,low_frequency_random,17
6.5250000000000004,1.2430164699212913,0,0,low_frequency_random,17
6.5300000000000002,1.2136930218291939,0,0,low_frequency_random,17
6.5350000000000001,1.0813417998779253,0,0,low_frequency_random,17
6.54,1.0302497411414329,0,0,low_frequency_random,17
6.5449999999999999,0.94934671963745176,0,0,low_frequency_random,17
6.5499999999999998,0.95961779667969349,0,0,low_frequency_random,17
6.5549999999999997,1.0326835234693064,0,0,low_frequency_random,17
6.5600000000000005,1.1315594415560732,0,0,low_frequency_random,17
6.5650000000000004,1.1413011704542149,0,0,low_frequency_random,17
6.5700000000000003,1.1627858235312363,0,0,low_frequency_random,17
6.5750000000000002,1.2016712847624775,0,0,low_frequency_random,17
6.5800000000000001,1.1688299964906137,0,0,low_frequency_random,17
6.585,1.2234054318357341,0,0,low_frequency_random,17
6.5899999999999999,1.371613115268306,0,0,low_frequency_random,17
6.5949999999999998,1.2889048761770618,0,0,low_frequency_random,17
6.6000000000000005,1.3834019214476785,0,0,low_frequency_random,17
6.6050000000000004,1.4530100861164581,0,0,low_frequency_random,17
6.6100000000000003,1.5349986057456915,0,0,low_frequency_random,17
6.6150000000000002,1.6297528628134879,0,0,low_frequency_random,17
6.6200000000000001,1.9124376430397227,0,0,low_frequency_random,17
6.625,1.8995144705666247,0,0,low_frequency_random,17
6.6299999999999999,1.9086231250374186,0,0,low_frequency_random,17
6.6349999999999998,1.8096093077563506,0,0,low_frequency_random,17
6.6400000000000006,1.8037137974266768,0,0,low_frequency_random,17
6.6450000000000005,1.8662678932536771,0,0,low_frequency_random,17
6.6500000000000004,1.820304201503615,0,0,low_frequency_random,17
6.6550000000000002,1.7468878660336939,0,0,low_frequency_random,17
6.6600000000000001,1.6846725677542669,0,0,low_frequency_random,17
6.665,1.5590448920913822,0,0,low_frequency_random,17
6.6699999999999999,1.7529120258789901,0,0,low_frequency_random,17
6.6749999999999998,1.7813121693927898,0,0,low_frequency_random,17
6.6799999999999997,1.6825372746551819,0,0,low_frequency_random,17
6.6850000000000005,1.6702300948752509,0,0,low_frequency_random,17
6.6900000000000004,1.6972281473260455,0,0,low_frequency_random,17
6.6950000000000003,1.6713439590518404,0,0,low_frequency_random,17
6.7000000000000002,1.6386558293479814,0,0,low_frequency_random,17
6.7050000000000001,1.6650604310717538,0,0,low_frequency_random,17
6.71,1.580887074270279,0,0,low_frequency_random,17
6.7149999999999999,1.5818684719140697,0,0,low_frequency_random,17
6.7199999999999998,1.5074141835297048,0,0,low_frequency_random,17
6.7250000000000005,1.419111892904517,0,0,low_frequency_random,17
6.7300000000000004,1.4528043184315604,0,0,low_frequency_random,17
6.7350000000000003,1.374416192381102,0,0,low_frequency_random,17
6.7400000000000002,1.3262666853509011,0,0,low_frequency_random,17
6.7450000000000001,1.3245171554764872,0,0,low_frequency_random,17
6.75,1.4056748261032188,0,0,low_frequency_random,17
6.7549999999999999,1.3813079322068755,0,0,low_frequency_random,17
6.7599999999999998,1.4291183033281065,0,0,low_frequency_random,17
6.7650000000000006,1.3090185079237686,0,0,low_frequency_random,17
6.7700000000000005,1.2211126401340875,0,0,low_frequency_random,17
6.7750000000000004,1.3518887847487653,0,0,low_frequency_random,17
6.7800000000000002,1.3586840786048808,0,0,low_frequency_random,17
6.7850000000000001,1.3291612720070434,0,0,low_frequency_random,17
6.79,1.2366361885529122,0,0,low_frequency_random,17
6.7949999999999999,1.200022023729385,0,0,low_frequency_random,17
6.7999999999999998,1.2214443558838139,0,0,low_frequency_random,17
6.8049999999999997,1.2017644033446644,0,0,low_frequency_random,17
6.8100000000000005,1.2348055618169129,0,0,low_frequency_random,17
6.8150000000000004,1.2092496366089405,0,0,low_frequency_random,17
6.8200000000000003,1.1374232459718663,0,0,low_frequency_random,17
6.8250000000000002,1.3442057361419151,0,0,low_frequency_random,17
6.8300000000000001,1.3278925764228429,0,0,low_frequency_random,17
6.835,1.3198142464748819,0,0,low_frequency_random,17
6.8399999999999999,1.3465997886282726,0,0,low_frequency_random,17
6.8449999999999998,1.3387733433925288,0,0,low_frequency_random,17
6.8500000000000005,1.5282937617553869,0,0,low_frequency_random,17
6.8550000000000004,1.5518530430836914,0,0,low_frequency_random,17
6.8600000000000003,1.618078909493204,0,0,low_frequency_random,17
6.8650000000000002,1.6332079481770543,0,0,low_frequency_random,17
6.8700000000000001,1.7598804736138445,0,0,low_frequency_random,17
6.875,1.8850317994539951,0,0,low_frequency_random,17
6.8799999999999999,1.8828800181036525,0,0,low_frequency_random,17
6.8849999999999998,1.7832059836418039,0,0,low_frequency_random,17
6.8900000000000006,1.8214346896621141,0,0,low_frequency_random,17
6.8950000000000005,1.660468359754073,0,0,low_frequency_random,17
6.9000000000000004,1.66428406350445,0,0,low_frequency_random,17
6.9050000000000002,1.745587521888057,0,0,low_frequency_random,17
6.9100000000000001,1.7563165168200063,0,0,low_frequency_random,17
6.915,1.6807716036647253,0,0,low_frequency_random,17
6.9199999999999999,1.8500508321761922,0,0,low_frequency_random,17
6.9249999999999998,1.9079207029136791,0,0,low_frequency_random,17
6.9299999999999997,1.8259272016665409,0,0,low_frequency_random,17
6.9350000000000005,1.6862318245610262,0,0,low_frequency_random,17
6.9400000000000004,1.5918317032602287,0,0,low_frequency_random,17
6.9450000000000003,1.6713392943157013,0,0,low_frequency_random,17
6.9500000000000002,1.647509359476506,0,0,low_frequency_random,17
6.9550000000000001,1.6941492686292667,0,0,low_frequency_random,17
6.96,1.692772355356575,0,0,low_frequency_random,17
6.9649999999999999,1.7307959161530646,0,0,low_frequency_random,17
6.9699999999999998,1.6731770837408797,0,0,low_frequency_random,17
6.9750000000000005,1.7935191403445936,0,0,low_frequency_random,17
6.9800000000000004,1.7608183656482612,0,0,low_frequency_random,17
6.9850000000000003,1.7450957768702371,0,0,low_frequency_random,17
6.9900000000000002,1.7677736171412373,0,0,low_frequency_random,17
6.9950000000000001,1.8226800132212657,0,0,low_frequency_random,17
7,1.8040581334955363,0,0,low_frequency_random,17
7.0049999999999999,1.7591873343901425,0,0,low_frequency_random,17
7.0099999999999998,1.7444122570733722,0,0,low_frequency_random,17
7.0150000000000006,1.9270035101120788,0,0,low_frequency_random,17
7.0200000000000005,1.7625839461099577,0,0,low_frequency_random,17
7.0250000000000004,1.8017193855209925,0,0,low_frequency_random,17
7.0300000000000002,1.8128831135718309,0,0,low_frequency_random,17
7.0350000000000001,1.7189995298502885,0,0,low_frequency_random,17
7.04,1.6164240488343269,0,0,low_frequency_random,17
7.0449999999999999,1.5558139607011983,0,0,low_frequency_random,17
7.0499999999999998,1.4482241289714397,0,0,low_frequency_random,17
7.0549999999999997,1.4196917359832315,0,0,low_frequency_random,17
7.0600000000000005,1.4359749471550316,0,0,low_frequency_random,17
7.0650000000000004,1.445309118706227,0,0,low_frequency_random,17
7.0700000000000003,1.3006519271959527,0,0,low_frequency_random,17
7.0750000000000002,1.1857010615486778,0,0,low_frequency_random,17
7.0800000000000001,1.324030143206347,0,0,low_frequency_random,17
7.085,1.2202067104585441,0,0,low_frequency_random,17
7.0899999999999999,1.1571364821946819,0,0,low_frequency_random,17
7.0949999999999998,1.2699180810752191,0,0,low_frequency_random,17
7.1000000000000005,1.2063079678341102,0,0,low_frequency_random,17
7.1050000000000004,1.1954924032541983,0,0,low_frequency_random,17
7.1100000000000003,1.2773385516911009,0,0,low_frequency_random,17
7.1150000000000002,1.3838142199723433,0,0,low_frequency_random,17
7.1200000000000001,1.4274482082112543,0,0,low_frequency_random,17
7.125,1.3782864266515584,0,0,low_frequency_random,17
7.1299999999999999,1.1963381250424621,0,0,low_frequency_random,17
7.1349999999999998,1.1463208555057336,0,0,low_frequency_random,17
7.1400000000000006,1.1660448657440421,0,0,low_frequency_random,17
7.1450000000000005,1.1327378234253731,0,0,low_frequency_random,17
7.1500000000000004,1.1011993115410708,0,0,low_frequency_random,17
7.1550000000000002,1.139456411680084,0,0,low_frequency_random,17
7.1600000000000001,1.0863617204698526,0,0,low_frequency_random,17
7.165,0.96417669051292232,0,0,low_frequency_random,17
7.1699999999999999,0.93106438379627399,0,0,low_frequency_random,17
7.1749999999999998,0.93513505165218402,0,0,low_frequency_random,17
7.1799999999999997,0.98048673613582316,0,0,low_frequency_random,17
7.1850000000000005,0.9613587503187474,0,0,low_frequency_random,17
7.1900000000000004,0.95908739008959265,0,0,low_frequency_random,17
7.1950000000000003,0.87270529937354624,0,0,low_frequency_random,17
7.2000000000000002,0.82990664811384762,0,0,low_frequency_random,17
7.2050000000000001,0.77845079553520091,0,0,low_frequency_random,17
7.21,0.70680641407073352,0,0,low_frequency_random,17
7.2149999999999999,0.67682510174274813,0,0,low_frequency_random,17
7.2199999999999998,0.78905596195464545,0,0,low_frequency_random,17
7.2250000000000005,0.74884838039117674,0,0,low_frequency_random,17
7.2300000000000004,0.74409593683186226,0,0,low_frequency_random,17
7.2350000000000003,0.59018020841623264,0,0,low_frequency_random,17
7.2400000000000002,0.611996045195494,0,0,low_frequency_random,17
7.2450000000000001,0.71300954539754402,0,0,low_frequency_random,17
7.25,0.71738665506524046,0,0,low_frequency_random,17
7.2549999999999999,0.74876377743903599,0,0,low_frequency_random,17
7.2599999999999998,0.78645848724492096,0,0,low_frequency_random,17
7.2650000000000006,0.87776335872578559,0,0,low_frequency_random,17
7.2700000000000005,0.86504633643271622,0,0,low_frequency_random,17
7.2750000000000004,0.85394811466658394,0,0,low_frequency_random,17
7.2800000000000002,0.92256197016805286,0,0,low_frequency_random,17
7.2850000000000001,0.88003480003456847,0,0,low_frequency_random,17
7.29,0.84452252664943106,0,0,low_frequency_random,17
7.2949999999999999,0.81091631788372631,0,0,low_frequency_random,17
7.2999999999999998,0.82324005590158977,0,0,low_frequency_random,17
7.3049999999999997,0.79585974437616669,0,0,low_frequency_random,17
7.3100000000000005,0.90269766703237275,0,0,low_frequency_random,17
7.3150000000000004,0.88732792894732282,0,0,low_frequency_random,17
7.3200000000000003,0.82674232966900507,0,0,low_frequency_random,17
7.3250000000000002,0.93229717910138754,0,0,low_frequency_random,17
7.3300000000000001,1.0159258033335596,0,0,low_frequency_random,17
7.335,1.1598093531591054,0,0,low_frequency_random,17
7.3399999999999999,1.2215376633015087,0,0,low_frequency_random,17
7.3449999999999998,1.1320298288101402,0,0,low_frequency_random,17
7.3500000000000005,1.2620070236082763,0,0,low_frequency_random,17
7.3550000000000004,1.3342058592119947,0,0,low_frequency_random,17
7.3600000000000003,1.250650947720076,0,0,low_frequency_random,17
7.3650000000000002,1.2151488259747518,0,0,low_frequency_random,17
7.3700000000000001,1.0962183419165552,0,0,low_frequency_random,17
7.375,1.1068912066359962,0,0,low_frequency_random,17
7.3799999999999999,1.0147876261924016,0,0,low_frequency_random,17
7.3849999999999998,1.0476578953451754,0,0,low_frequency_random,17
7.3900000000000006,0.85669315109497202,0,0,low_frequency_random,17
7.3950000000000005,0.93792036254462641,0,0,low_frequency_random,17
7.4000000000000004,1.0559864593124837,0,0,low_frequency_random,17
7.4050000000000002,1.0701311139764937,0,0,low_frequency_random,17
7.4100000000000001,0.95806775492566087,0,0,low_frequency_random,17
7.415,0.87623603096535019,0,0,low_frequency_random,17
7.4199999999999999,0.92544393610206044,0,0,low_frequency_random,17
7.4249999999999998,0.70326866639493457,0,0,low_frequency_random,17
7.4299999999999997,0.74995486423022684,0,0,low_frequency_random,17
7.4350000000000005,0.61976527108080182,0,0,low_frequency_random,17
7.4400000000000004,0.57071261005253726,0,0,low_frequency_random,17
7.4450000000000003,0.51477200518167088,0,0,low_frequency_random,17
7.4500000000000002,0.50299013922258495,0,0,low_frequency_random,17
7.4550000000000001,0.5333661237161369,0,0,low_frequency_random,17
7.46,0.4817345844800745,0,0,low_frequency_random,17
7.4649999999999999,0.48658970433206467,0,0,low_frequency_random,17
7.4699999999999998,0.35975976929083042,0,0,low_frequency_random,17
7.4750000000000005,0.35202267383878111,0,0,low_frequency_random,17
7.4800000000000004,0.24068466376411468,0,0,low_frequency_random,17
7.4850000000000003,0.22815552613495793,0,0,low_frequency_random,17
7.4900000000000002,0.20953188690323052,0,0,low_frequency_random,17
7.4950000000000001,0.2081369272888639,0,0,low_frequency_random,17
7.5,0.20470955079193895,0,0,low_frequency_random,17
7.5049999999999999,0.18076564342513055,0,0,low_frequency_random,17
7.5099999999999998,0.23106984452553603,0,0,low_frequency_random,17
7.5150000000000006,0.16567270505781453,0,0,low_frequency_random,17
7.5200000000000005,0.15559679199882445,0,0,low_frequency_random,17
7.5250000000000004,0.13761894686949744,0,0,low_frequency_random,17
7.5300000000000002,0.19240717962519124,0,0,low_frequency_random,17
7.5350000000000001,0.17104947113313101,0,0,low_frequency_random,17
7.54,0.12302249030751208,0,0,low_frequency_random,17
7.5449999999999999,0.24202302443866269,0,0,low_frequency_random,17
7.5499999999999998,0.19806079433140306,0,0,low_frequency_random,17
7.5549999999999997,0.077020767466731116,0,0,low_frequency_random,17
7.5600000000000005,0.20519883443337245,0,0,low_frequency_random,17
7.5650000000000004,0.16964310259168947,0,0,low_frequency_random,17
7.5700000000000003,0.16411760633657616,0,0,low_frequency_random,17
7.5750000000000002,0.1484510732352963,0,0,low_frequency_random,17
7.5800000000000001,0.13388864194526756,0,0,low_frequency_random,17
7.585,0.099855964720262869,0,0,low_frequency_random,17
7.5899999999999999,-0.043603951058093088,0,0,low_frequency_random,17
7.5949999999999998,-0.035875808838527389,0,0,low_frequency_random,17
7.6000000000000005,0.13813842744776345,0,0,low_frequency_random,17
7.6050000000000004,0.20102874195829434,0,0,low_frequency_random,17
7.6100000000000003,0.21984555281166912,0,0,low_frequency_random,17
7.6150000000000002,0.18209559217165555,0,0,low_frequency_random,17
7.6200000000000001,0.086418056031295751,0,0,low_frequency_random,17
7.625,0.014030293849977171,0,0,low_frequency_random,17
7.6299999999999999,-0.056906121002384742,0,0,low_frequency_random,17
7.6349999999999998,-0.15847539282777331,0,0,low_frequency_random,17
7.6400000000000006,-0.045225978047016585,0,0,low_frequency_random,17
7.6450000000000005,-0.04665288726015078,0,0,low_frequency_random,17
7.6500000000000004,-0.10723342929052199,0,0,low_frequency_random,17
7.6550000000000002,-0.11902413748155682,0,0,low_frequency_random,17
7.6600000000000001,0.0053867888761545552,0,0,low_frequency_random,17
7.665,0.059480447965544116,0,0,low_frequency_random,17
7.6699999999999999,0.1494322786954313,0,0,low_frequency_random,17
7.6749999999999998,0.089852754400736257,0,0,low_frequency_random,17
7.6799999999999997,-0.020835741715733172,0,0,low_frequency_random,17
7.6850000000000005,-0.0084658403437752709,0,0,low_frequency_random,17
7.6900000000000004,0.018989001978844882,0,0,low_frequency_random,17
7.6950000000000003,0.089257089544568111,0,0,low_frequency_random,17
7.7000000000000002,-0.017671609199330168,0,0,low_frequency_random,17
7.7050000000000001,-0.041509689279724704,0,0,low_frequency_random,17
7.71,0.091364873746735631,0,0,low_frequency_random,17
7.7149999999999999,-0.025632758961095042,0,0,low_frequency_random,17
7.7199999999999998,-0.056841088345851665,0,0,low_frequency_random,17
7.7250000000000005,-0.0793691417738768,0,0,low_frequency_random,17
7.7300000000000004,-0.1681812481385799,0,0,low_frequency_random,17
7.7350000000000003,-0.090308483998933264,0,0,low_frequency_random,17
7.7400000000000002,-0.10424503810192104,0,0,low_frequency_random,17
7.7450000000000001,-0.21176919095921651,0,0,low_frequency_random,17
7.75,-0.27899489159540303,0,0,low_frequency_random,17
7.7549999999999999,-0.33834822626750438,0,0,low_frequency_random,17
7.7599999999999998,-0.19758404725732837,0,0,low_frequency_random,17
7.7650000000000006,-0.22485772056494982,0,0,low_frequency_random,17
7.7700000000000005,-0.277026899395385,0,0,low_frequency_random,17
7.7750000000000004,-0.16440303791301775,0,0,low_frequency_random,17
7.7800000000000002,-0.1383051505484777,0,0,low_frequency_random,17
7.7850000000000001,0.048402548186879585,0,0,low_frequency_random,17
7.79,0.0085216815793116019,0,0,low_frequency_random,17
7.7949999999999999,-0.13640336866311695,0,0,low_frequency_random,17
7.7999999999999998,-0.01942692314248845,0,0,low_frequency_random,17
7.8050000000000006,-0.05708898103533095,0,0,low_frequency_random,17
7.8100000000000005,-0.054799797100603224,0,0,low_frequency_random,17
7.8150000000000004,-0.06543561987367362,0,0,low_frequency_random,17
7.8200000000000003,-0.11507138939727024,0,0,low_frequency_random,17
7.8250000000000002,-0.053117454328885566,0,0,low_frequency_random,17
7.8300000000000001,-0.11115642556786354,0,0,low_frequency_random,17
7.835,-0.073883708156156858,0,0,low_frequency_random,17
7.8399999999999999,-0.094222783603005206,0,0,low_frequency_random,17
7.8449999999999998,-0.042567773256328025,0,0,low_frequency_random,17
7.8500000000000005,0.10937112373512677,0,0,low_frequency_random,17
7.8550000000000004,0.12497796840214985,0,0,low_frequency_random,17
7.8600000000000003,0.099726487881228482,0,0,low_frequency_random,17
7.8650000000000002,0.31999461857756312,0,0,low_frequency_random,17
7.8700000000000001,0.47137020242552896,0,0,low_frequency_random,17
7.875,0.4603057508342604,0,0,low_frequency_random,17
7.8799999999999999,0.53549785287240892,0,0,low_frequency_random,17
7.8849999999999998,0.57101934810679833,0,0,low_frequency_random,17
7.8900000000000006,0.55504266303447336,0,0,low_frequency_random,17
7.8950000000000005,0.48688861061588301,0,0,low_frequency_random,17
7.9000000000000004,0.49876256484668768,0,0,low_frequency_random,17
7.9050000000000002,0.40697504906382592,0,0,low_frequency_random,17
7.9100000000000001,0.53253218359846433,0,0,low_frequency_random,17
7.915,0.66821012015292891,0,0,low_frequency_random,17
7.9199999999999999,0.60494109419368958,0,0,low_frequency_random,17
7.9249999999999998,0.55331737831421635,0,0,low_frequency_random,17
7.9300000000000006,0.45522992901105203,0,0,low_frequency_random,17
7.9350000000000005,0.56070321374345389,0,0,low_frequency_random,17
7.9400000000000004,0.56814681413994184,0,0,low_frequency_random,17
7.9450000000000003,0.48038421505623607,0,0,low_frequency_random,17
7.9500000000000002,0.45371818052812929,0,0,low_frequency_random,17
7.9550000000000001,0.53476472525227736,0,0,low_frequency_random,17
7.96,0.56134453300281506,0,0,low_frequency_random,17
7.9649999999999999,0.65393224765411251,0,0,low_frequency_random,17
7.9699999999999998,0.47745916696691437,0,0,low_frequency_random,17
7.9750000000000005,0.50572248698968025,0,0,low_frequency_random,17
7.9800000000000004,0.54340907475289013,0,0,low_frequency_random,17
7.9850000000000003,0.57342063931535481,0,0,low_frequency_random,17
7.9900000000000002,0.5971887588632051,0,0,low_frequency_random,17
7.9950000000000001,0.5556949458876882,0,0,low_frequency_random,17
8,0.53997876225201613,0,0,low_frequency_random,17
8.0050000000000008,0.4778341090777336,0,0,low_frequency_random,17
8.0099999999999998,0.37023075652825799,0,0,low_frequency_random,17
8.0150000000000006,0.49796264337458834,0,0,low_frequency_random,17
8.0199999999999996,0.43386897666446572,0,0,low_frequency_random,17
8.0250000000000004,0.38780319427592774,0,0,low_frequency_random,17
8.0299999999999994,0.14253317443063726,0,0,low_frequency_random,17
8.0350000000000001,0.19646996714120871,0,0,low_frequency_random,17
8.0400000000000009,0.17746154545533249,0,0,low_frequency_random,17
8.0449999999999999,0.13260815519243427,0,0,low_frequency_random,17
8.0500000000000007,0.11236894639313799,0,0,low_frequency_random,17
8.0549999999999997,0.087897504814166472,0,0,low_frequency_random,17
8.0600000000000005,0.0274870657644452,0,0,low_frequency_random,17
8.0649999999999995,-0.029393509901739605,0,0,low_frequency_random,17
8.0700000000000003,0.0079845509786945663,0,0,low_frequency_random,17
8.0749999999999993,0.085676534191386558,0,0,low_frequency_random,17
8.0800000000000001,0.17406352664431535,0,0,low_frequency_random,17
8.0850000000000009,0.17970682297346158,0,0,low_frequency_random,17
8.0899999999999999,0.27929834967962502,0,0,low_frequency_random,17
8.0950000000000006,0.36949333639352283,0,0,low_frequency_random,17
8.0999999999999996,0.47539154475810458,0,0,low_frequency_random,17
8.1050000000000004,0.55451993941934985,0,0,low_frequency_random,17
8.1099999999999994,0.43877047285276183,0,0,low_frequency_random,17
8.1150000000000002,0.44631253922334119,0,0,low_frequency_random,17
8.120000000000001,0.48098926478110515,0,0,low_frequency_random,17
8.125,0.60639177100459996,0,0,low_frequency_random,17
8.1300000000000008,0.57082499124072683,0,0,low_frequency_random,17
8.1349999999999998,0.61088488312393052,0,0,low_frequency_random,17
8.1400000000000006,0.62710424476901505,0,0,low_frequency_random,17
8.1449999999999996,0.50382456311460455,0,0,low_frequency_random,17
8.1500000000000004,0.46284290933358929,0,0,low_frequency_random,17
8.1549999999999994,0.37812626805560245,0,0,low_frequency_random,17
8.1600000000000001,0.5463622100602169,0,0,low_frequency_random,17
8.1650000000000009,0.58414267389149566,0,0,low_frequency_random,17
8.1699999999999999,0.68260408523927962,0,0,low_frequency_random,17
8.1750000000000007,0.71918195404196561,0,0,low_frequency_random,17
8.1799999999999997,0.76728525709501061,0,0,low_frequency_random,17
8.1850000000000005,0.864383525946127,0,0,low_frequency_random,17
8.1899999999999995,0.82467468340502648,0,0,low_frequency_random,17
8.1950000000000003,0.74222743511295652,0,0,low_frequency_random,17
8.1999999999999993,0.67589586612228614,0,0,low_frequency_random,17
8.2050000000000001,0.76257730025574189,0,0,low_frequency_random,17
8.2100000000000009,0.76826612908867775,0,0,low_frequency_random,17
8.2149999999999999,0.70349386847252604,0,0,low_frequency_random,17
8.2200000000000006,0.60090077116949348,0,0,low_frequency_random,17
8.2249999999999996,0.5547064665847824,0,0,low_frequency_random,17
8.2300000000000004,0.58605098049140514,0,0,low_frequency_random,17
8.2349999999999994,0.58660063953998054,0,0,low_frequency_random,17
8.2400000000000002,0.53980323018524756,0,0,low_frequency_random,17
8.245000000000001,0.45855589485059067,0,0,low_frequency_random,17
8.25,0.42203179852031314,0,0,low_frequency_random,17
8.2550000000000008,0.54405179932369019,0,0,low_frequency_random,17
8.2599999999999998,0.73865936190883463,0,0,low_frequency_random,17
8.2650000000000006,0.75819535742898192,0,0,low_frequency_random,17
8.2699999999999996,0.88571255745547806,0,0,low_frequency_random,17
8.2750000000000004,0.89625558639651937,0,0,low_frequency_random,17
8.2799999999999994,0.79404258250414828,0,0,low_frequency_random,17
8.2850000000000001,0.76800603358861086,0,0,low_frequency_random,17
8.2900000000000009,0.66858619927928586,0,0,low_frequency_random,17
8.2949999999999999,0.69642194556608905,0,0,low_frequency_random,17
8.3000000000000007,0.70266792242425602,0,0,low_frequency_random,17
8.3049999999999997,0.53456088640877819,0,0,low_frequency_random,17
8.3100000000000005,0.45338857320355558,0,0,low_frequency_random,17
8.3149999999999995,0.59460683937915138,0,0,low_frequency_random,17
8.3200000000000003,0.54725924334642229,0,0,low_frequency_random,17
8.3249999999999993,0.55742721073154111,0,0,low_frequency_random,17
8.3300000000000001,0.52499869007318944,0,0,low_frequency_random,17
8.3350000000000009,0.45601223527685797,0,0,low_frequency_random,17
8.3399999999999999,0.47585365309434097,0,0,low_frequency_random,17
8.3450000000000006,0.43228813101652253,0,0,low_frequency_random,17
8.3499999999999996,0.3758152132114127,0,0,low_frequency_random,17
8.3550000000000004,0.3628340399867766,0,0,low_frequency_random,17
8.3599999999999994,0.20091339111676565,0,0,low_frequency_random,17
8.3650000000000002,0.05550112119122938,0,0,low_frequency_random,17
8.370000000000001,-0.099934296927875282,0,0,low_frequency_random,17
8.375,-0.011373050193592429,0,0,low_frequency_random,17
8.3800000000000008,0.024512670728863178,0,0,low_frequency_random,17
8.3849999999999998,0.021850708876787105,0,0,low_frequency_random,17
8.3900000000000006,0.055095827756568613,0,0,low_frequency_random,17
8.3949999999999996,0.11153282036826387,0,0,low_frequency_random,17
8.4000000000000004,-0.089901605372052648,0,0,low_frequency_random,17
8.4049999999999994,-0.24276614568985372,0,0,low_frequency_random,17
8.4100000000000001,-0.2331203339475155,0,0,low_frequency_random,17
8.4150000000000009,-0.1548419074594482,0,0,low_frequency_random,17
8.4199999999999999,-0.10336374308330143,0,0,low_frequency_random,17
8.4250000000000007,-0.2220167278290219,0,0,low_frequency_random,17
8.4299999999999997,-0.22803226830276188,0,0,low_frequency_random,17
8.4350000000000005,-0.15995425325676166,0,0,low_frequency_random,17
8.4399999999999995,-0.16782142352938595,0,0,low_frequency_random,17
8.4450000000000003,-0.22662682740030493,0,0,low_frequency_random,17
8.4499999999999993,-0.27704195096219664,0,0,low_frequency_random,17
8.4550000000000001,-0.19327762979009774,0,0,low_frequency_random,17
8.4600000000000009,-0.30731060305749414,0,0,low_frequency_random,17
8.4649999999999999,-0.3609475383659575,0,0,low_frequency_random,17
8.4700000000000006,-0.28632378345787068,0,0,low_frequency_random,17
8.4749999999999996,-0.35052867458709336,0,0,low_frequency_random,17
8.4800000000000004,-0.58006672283552929,0,0,low_frequency_random,17
8.4849999999999994,-0.55070502487232198,0,0,low_frequency_random,17
8.4900000000000002,-0.58059926638577164,0,0,low_frequency_random,17
8.495000000000001,-0.70638202992399424,0,0,low_frequency_random,17
8.5,-0.81661689494603018,0,0,low_frequency_random,17
8.5050000000000008,-0.77225374064277841,0,0,low_frequency_random,17
8.5099999999999998,-0.70533796059659681,0,0,low_frequency_random,17
8.5150000000000006,-0.79745327175365421,0,0,low_frequency_random,17
8.5199999999999996,-0.7589439449789569,0,0,low_frequency_random,17
8.5250000000000004,-0.78504701619211548,0,0,low_frequency_random,17
8.5299999999999994,-0.78227680824965595,0,0,low_frequency_random,17
8.5350000000000001,-0.71646659830616255,0,0,low_frequency_random,17
8.5400000000000009,-0.84147691991409757,0,0,low_frequency_random,17
8.5449999999999999,-0.88748581487050293,0,0,low_frequency_random,17
8.5500000000000007,-0.63728896394831158,0,0,low_frequency_random,17
8.5549999999999997,-0.73976663628816186,0,0,low_frequency_random,17
8.5600000000000005,-0.72258464214321438,0,0,low_frequency_random,17
8.5649999999999995,-0.81163638632430823,0,0,low_frequency_random,17
8.5700000000000003,-0.74068510347326311,0,0,low_frequency_random,17
8.5750000000000011,-0.70281893831943854,0,0,low_frequency_random,17
8.5800000000000001,-0.76190904281136018,0,0,low_frequency_random,17
8.5850000000000009,-0.76234841405595932,0,0,low_frequency_random,17
8.5899999999999999,-0.71738008429839673,0,0,low_frequency_random,17
8.5950000000000006,-0.61446999971308869,0,0,low_frequency_random,17
8.5999999999999996,-0.57414864948880828,0,0,low_frequency_random,17
8.6050000000000004,-0.46383262906521211,0,0,low_frequency_random,17
8.6099999999999994,-0.43997424850059341,0,0,low_frequency_random,17
8.6150000000000002,-0.34484753836040016,0,0,low_frequency_random,17
8.620000000000001,-0.3073645105521573,0,0,low_frequency_random,17
8.625,-0.2904041138906967,0,0,low_frequency_random,17
8.6300000000000008,-0.24362065859784965,0,0,low_frequency_random,17
8.6349999999999998,-0.19668974587581931,0,0,low_frequency_random,17
8.6400000000000006,-0.18513587280570731,0,0,low_frequency_random,17
8.6449999999999996,-0.26421811336182349,0,0,low_frequency_random,17
8.6500000000000004,-0.28294840235983204,0,0,low_frequency_random,17
8.6549999999999994,-0.18466459530675181,0,0,low_frequency_random,17
8.6600000000000001,-0.17626981082099757,0,0,low_frequency_random,17
8.6650000000000009,-0.23895284489708812,0,0,low_frequency_random,17
8.6699999999999999,-0.27063415200083119,0,0,low_frequency_random,17
8.6750000000000007,-0.17091999179427231,0,0,low_frequency_random,17
8.6799999999999997,-0.28264249445962653,0,0,low_frequency_random,17
8.6850000000000005,-0.40791201123687115,0,0,low_frequency_random,17
8.6899999999999995,-0.46418472166045244,0,0,low_frequency_random,17
8.6950000000000003,-0.53606651326371013,0,0,low_frequency_random,17
8.7000000000000011,-0.4593229914702403,0,0,low_frequency_random,17
8.7050000000000001,-0.43803771119470036,0,0,low_frequency_random,17
8.7100000000000009,-0.38612294314560242,0,0,low_frequency_random,17
8.7149999999999999,-0.41417457896848003,0,0,low_frequency_random,17
8.7200000000000006,-0.35365472388126717,0,0,low_frequency_random,17
8.7249999999999996,-0.364918459550788,0,0,low_frequency_random,17
8.7300000000000004,-0.44242423494135608,0,0,low_frequency_random,17
8.7349999999999994,-0.50881084622505168,0,0,low_frequency_random,17
8.7400000000000002,-0.45839229493927874,0,0,low_frequency_random,17
8.745000000000001,-0.41409941347507928,0,0,low_frequency_random,17
8.75,-0.4630639352030238,0,0,low_frequency_random,17
8.7550000000000008,-0.3838650401471112,0,0,low_frequency_random,17
8.7599999999999998,-0.34649295316209833,0,0,low_frequency_random,17
8.7650000000000006,-0.3719443599043053,0,0,low_frequency_random,17
8.7699999999999996,-0.4672928781206736,0,0,low_frequency_random,17
8.7750000000000004,-0.35450498581816869,0,0,low_frequency_random,17
8.7799999999999994,-0.32680006301683989,0,0,low_frequency_random,17
8.7850000000000001,-0.25923744382058822,0,0,low_frequency_random,17
8.7900000000000009,-0.33035409891988421,0,0,low_frequency_random,17
8.7949999999999999,-0.30708834985383471,0,0,low_frequency_random,17
8.8000000000000007,-0.23597191374907991,0,0,low_frequency_random,17
8.8049999999999997,-0.21792428409299491,0,0,low_frequency_random,17
8.8100000000000005,-0.21842426644197907,0,0,low_frequency_random,17
8.8149999999999995,-0.31328544891168952,0,0,low_frequency_random,17
8.8200000000000003,-0.21098547287548039,0,0,low_frequency_random,17
8.8250000000000011,-0.14914694060841308,0,0,low_frequency_random,17
8.8300000000000001,-0.20164753190498297,0,0,low_frequency_random,17
8.8350000000000009,-0.34391395187350582,0,0,low_frequency_random,17
8.8399999999999999,-0.25678140760496243,0,0,low_frequency_random,17
8.8450000000000006,-0.34079020068372157,0,0,low_frequency_random,17
8.8499999999999996,-0.36211724003096579,0,0,low_frequency_random,17
8.8550000000000004,-0.37336610956622679,0,0,low_frequency_random,17
8.8599999999999994,-0.19582556702625142,0,0,low_frequency_random,17
8.8650000000000002,-0.1598163819002206,0,0,low_frequency_random,17
8.870000000000001,-0.023684859178236733,0,0,low_frequency_random,17
8.875,0.005031705755339691,0,0,low_frequency_random,17
8.8800000000000008,-0.055791225832276727,0,0,low_frequency_random,17
8.8849999999999998,0.04053279281139921,0,0,low_frequency_random,17
8.8900000000000006,0.20612838465319638,0,0,low_frequency_random,17
8.8949999999999996,0.16963167746215643,0,0,low_frequency_random,17
8.9000000000000004,0.13302255725441742,0,0,low_frequency_random,17
8.9049999999999994,0.22803072746825542,0,0,low_frequency_random,17
8.9100000000000001,0.3830301362864863,0,0,low_frequency_random,17
8.9150000000000009,0.35464674709373928,0,0,low_frequency_random,17
8.9199999999999999,0.30393948007730109,0,0,low_frequency_random,17
8.9250000000000007,0.28902652626639141,0,0,low_frequency_random,17
8.9299999999999997,0.26389664420224784,0,0,low_frequency_random,17
8.9350000000000005,0.20943968308534128,0,0,low_frequency_random,17
8.9399999999999995,0.24849671692486802,0,0,low_frequency_random,17
8.9450000000000003,0.23736085425103828,0,0,low_frequency_random,17
8.9500000000000011,0.19943290157762916,0,0,low_frequency_random,17
8.9550000000000001,0.25486421507761464,0,0,low_frequency_random,17
8.9600000000000009,0.12135087670798578,0,0,low_frequency_random,17
8.9649999999999999,0.24254176652046688,0,0,low_frequency_random,17
8.9700000000000006,0.37556141711743446,0,0,low_frequency_random,17
8.9749999999999996,0.4233134092244612,0,0,low_frequency_random,17
8.9800000000000004,0.38269282391654386,0,0,low_frequency_random,17
8.9849999999999994,0.30807596660626729,0,0,low_frequency_random,17
8.9900000000000002,0.24057353090950651,0,0,low_frequency_random,17
8.995000000000001,0.28242762613246897,0,0,low_frequency_random,17
9,0.24747902102611252,0,0,low_frequency_random,17
9.0050000000000008,0.30999232987007641,0,0,low_frequency_random,17
9.0099999999999998,0.30100238093953247,0,0,low_frequency_random,17
9.0150000000000006,0.33258036483913284,0,0,low_frequency_random,17
9.0199999999999996,0.43784567502970523,0,0,low_frequency_random,17
9.0250000000000004,0.46307902764558756,0,0,low_frequency_random,17
9.0299999999999994,0.37968426219294282,0,0,low_frequency_random,17
9.0350000000000001,0.35925634496602027,0,0,low_frequency_random,17
9.0400000000000009,0.18947458852686314,0,0,low_frequency_random,17
9.0449999999999999,0.20805275401905024,0,0,low_frequency_random,17
9.0500000000000007,0.024943258366104587,0,0,low_frequency_random,17
9.0549999999999997,-0.01803931856265012,0,0,low_frequency_random,17
9.0600000000000005,-0.082242771018146019,0,0,low_frequency_random,17
9.0649999999999995,-0.11199777098187264,0,0,low_frequency_random,17
9.0700000000000003,-0.026663604794309737,0,0,low_frequency_random,17
9.0750000000000011,-0.04410542927410184,0,0,low_frequency_random,17
9.0800000000000001,-0.048419885711054787,0,0,low_frequency_random,17
9.0850000000000009,-0.17436116563170928,0,0,low_frequency_random,17
9.0899999999999999,-0.1662636293525038,0,0,low_frequency_random,17
9.0950000000000006,-0.1051432048641214,0,0,low_frequency_random,17
9.0999999999999996,-0.20776507739203634,0,0,low_frequency_random,17
9.1050000000000004,-0.26051691955012923,0,0,low_frequency_random,17
9.1099999999999994,-0.47006261572766839,0,0,low_frequency_random,17
9.1150000000000002,-0.3920184871401402,0,0,low_frequency_random,17
9.120000000000001,-0.37358911904295777,0,0,low_frequency_random,17
9.125,-0.51769945399902317,0,0,low_frequency_random,17
9.1300000000000008,-0.46375015769360656,0,0,low_frequency_random,17
9.1349999999999998,-0.51465513955470599,0,0,low_frequency_random,17
9.1400000000000006,-0.59921608237226398,0,0,low_frequency_random,17
9.1449999999999996,-0.44642966889415348,0,0,low_frequency_random,17
9.1500000000000004,-0.44110607068130298,0,0,low_frequency_random,17
9.1549999999999994,-0.51313570851411672,0,0,low_frequency_random,17
9.1600000000000001,-0.66719424644986181,0,0,low_frequency_random,17
9.1650000000000009,-0.61437996911068526,0,0,low_frequency_random,17
9.1699999999999999,-0.64091350597437657,0,0,low_frequency_random,17
9.1750000000000007,-0.7560922513745898,0,0,low_frequency_random,17
9.1799999999999997,-0.76084518592814554,0,0,low_frequency_random,17
9.1850000000000005,-0.83880037382202488,0,0,low_frequency_random,17
9.1899999999999995,-0.8006481865706766,0,0,low_frequency_random,17
9.1950000000000003,-0.72534053913949448,0,0,low_frequency_random,17
9.2000000000000011,-0.73485558236810333,0,0,low_frequency_random,17
9.2050000000000001,-0.6944539751524792,0,0,low_frequency_random,17
9.2100000000000009,-0.64673375165131952,0,0,low_frequency_random,17
9.2149999999999999,-0.5314016571992819,0,0,low_frequency_random,17
9.2200000000000006,-0.49879824837492204,0,0,low_frequency_random,17
9.2249999999999996,-0.59180016052524065,0,0,low_frequency_random,17
9.2300000000000004,-0.49212357220866132,0,0,low_frequency_random,17
9.2349999999999994,-0.5222283310117527,0,0,low_frequency_random,17
9.2400000000000002,-0.540000821961648,0,0,low_frequency_random,17
9.245000000000001,-0.51788950875748685,0,0,low_frequency_random,17
9.25,-0.48168857369382928,0,0,low_frequency_random,17
9.2550000000000008,-0.51852124643717057,0,0,low_frequency_random,17
9.2599999999999998,-0.53280581664204529,0,0,low_frequency_random,17
9.2650000000000006,-0.51942131904450983,0,0,low_frequency_random,17
9.2699999999999996,-0.60326557574834827,0,0,low_frequency_random,17
9.2750000000000004,-0.73698776424035461,0,0,low_frequency_random,17
9.2799999999999994,-0.73588618315959609,0,0,low_frequency_random,17
9.2850000000000001,-0.72555017278589506,0,0,low_frequency_random,17
9.2900000000000009,-0.76951401674703401,0,0,low_frequency_random,17
9.2949999999999999,-0.82159908693129158,0,0,low_frequency_random,17
9.3000000000000007,-0.83932146169741584,0,0,low_frequency_random,17
9.3049999999999997,-0.84837176444517792,0,0,low_frequency_random,17
9.3100000000000005,-0.87821584537893271,0,0,low_frequency_random,17
9.3149999999999995,-0.8918654034610749,0,0,low_frequency_random,17
9.3200000000000003,-0.90100157226586186,0,0,low_frequency_random,17
9.3250000000000011,-0.97134917274778709,0,0,low_frequency_random,17
9.3300000000000001,-1.1503928189803754,0,0,low_frequency_random,17
9.3350000000000009,-1.202490470165205,0,0,low_frequency_random,17
9.3399999999999999,-1.1936440664905485,0,0,low_frequency_random,17
9.3450000000000006,-1.4032113941515882,0,0,low_frequency_random,17
9.3499999999999996,-1.4930710069571056,0,0,low_frequency_random,17
9.3550000000000004,-1.6573269450267218,0,0,low_frequency_random,17
9.3599999999999994,-1.6953925498743525,0,0,low_frequency_random,17
9.3650000000000002,-1.6575850699542054,0,0,low_frequency_random,17
9.370000000000001,-1.6226932638115223,0,0,low_frequency_random,17
9.375,-1.5728323547036731,0,0,low_frequency_random,17
9.3800000000000008,-1.4491793745616395,0,0,low_frequency_random,17
9.3849999999999998,-1.4528253753059277,0,0,low_frequency_random,17
9.3900000000000006,-1.3882332585831347,0,0,low_frequency_random,17
9.3949999999999996,-1.3042093665901715,0,0,low_frequency_random,17
9.4000000000000004,-1.4085370455453361,0,0,low_frequency_random,17
9.4049999999999994,-1.3241928690709812,0,0,low_frequency_random,17
9.4100000000000001,-1.2558317562570618,0,0,low_frequency_random,17
9.4150000000000009,-1.2559611295090032,0,0,low_frequency_random,17
9.4199999999999999,-1.1786457383660087,0,0,low_frequency_random,17
9.4250000000000007,-1.1200959882287673,0,0,low_frequency_random,17
9.4299999999999997,-1.1083020104065435,0,0,low_frequency_random,17
9.4350000000000005,-1.077278906079074,0,0,low_frequency_random,17
9.4399999999999995,-1.0055837818779731,0,0,low_frequency_random,17
9.4450000000000003,-0.94829807229866914,0,0,low_frequency_random,17
9.4500000000000011,-1.0540522064570452,0,0,low_frequency_random,17
9.4550000000000001,-0.98095639014465086,0,0,low_frequency_random,17
9.4600000000000009,-0.8958276568216017,0,0,low_frequency_random,17
9.4649999999999999,-0.82712391907597949,0,0,low_frequency_random,17
9.4700000000000006,-0.8320446713493086,0,0,low_frequency_random,17
9.4749999999999996,-0.79228102901295017,0,0,low_frequency_random,17
9.4800000000000004,-0.84451919215686422,0,0,low_frequency_random,17
9.4849999999999994,-0.8478057404982029,0,0,low_frequency_random,17
9.4900000000000002,-0.83286056020896915,0,0,low_frequency_random,17
9.495000000000001,-0.76147317515419621,0,0,low_frequency_random,17
9.5,-0.83961874605470554,0,0,low_frequency_random,17
9.5050000000000008,-0.90408614850560198,0,0,low_frequency_random,17
9.5099999999999998,-0.92896284578859212,0,0,low_frequency_random,17
9.5150000000000006,-0.86577299502453242,0,0,low_frequency_random,17
9.5199999999999996,-0.84143490393393705,0,0,low_frequency_random,17
9.5250000000000004,-0.74137445830691484,0,0,low_frequency_random,17
9.5299999999999994,-0.67941381707183113,0,0,low_frequency_random,17
9.5350000000000001,-0.72511096546598475,0,0,low_frequency_random,17
9.5400000000000009,-0.83471559527784278,0,0,low_frequency_random,17
9.5449999999999999,-0.94497948449531222,0,0,low_frequency_random,17
9.5500000000000007,-1.000562511920509,0,0,low_frequency_random,17
9.5549999999999997,-0.894769094170205,0,0,low_frequency_random,17
9.5600000000000005,-0.88869408642173409,0,0,low_frequency_random,17
9.5649999999999995,-0.83218398203906574,0,0,low_frequency_random,17
9.5700000000000003,-0.93583005279286091,0,0,low_frequency_random,17
9.5750000000000011,-0.99274988819789578,0,0,low_frequency_random,17
9.5800000000000001,-1.0597456538270973,0,0,low_frequency_random,17
9.5850000000000009,-1.1215778331177049,0,0,low_frequency_random,17
9.5899999999999999,-1.1194194551206922,0,0,low_frequency_random,17
9.5950000000000006,-1.1318816798529003,0,0,low_frequency_random,17
9.5999999999999996,-1.1977510363802895,0,0,low_frequency_random,17
9.6050000000000004,-1.2527742292324873,0,0,low_frequency_random,17
9.6099999999999994,-1.2568548869834633,0,0,low_frequency_random,17
9.6150000000000002,-1.3586248928694546,0,0,low_frequency_random,17
9.620000000000001,-1.2397252858117038,0,0,low_frequency_random,17
9.625,-1.2712274000820196,0,0,low_frequency_random,17
9.6300000000000008,-1.3137400632476002,0,0,low_frequency_random,17
9.6349999999999998,-1.282563548188278,0,0,low_frequency_random,17
9.6400000000000006,-1.1952055341710552,0,0,low_frequency_random,17
9.6449999999999996,-1.1731414344378699,0,0,low_frequency_random,17
9.6500000000000004,-1.1532751589449335,0,0,low_frequency_random,17
9.6549999999999994,-1.0899573476352147,0,0,low_frequency_random,17
9.6600000000000001,-1.1250233598445467,0,0,low_frequency_random,17
9.6650000000000009,-1.1730131592474469,0,0,low_frequency_random,17
9.6699999999999999,-1.2029434510075694,0,0,low_frequency_random,17
9.6750000000000007,-1.2497562024799653,0,0,low_frequency_random,17
9.6799999999999997,-1.3344085615537993,0,0,low_frequency_random,17
9.6850000000000005,-1.1959117982343241,0,0,low_frequency_random,17
9.6899999999999995,-1.103507383608803,0,0,low_frequency_random,17
9.6950000000000003,-1.0962884785944844,0,0,low_frequency_random,17
9.7000000000000011,-0.99658182861210465,0,0,low_frequency_random,17
9.7050000000000001,-1.1145828299853346,0,0,low_frequency_random,17
9.7100000000000009,-1.1462714747452911,0,0,low_frequency_random,17
9.7149999999999999,-1.0240409597996747,0,0,low_frequency_random,17
9.7200000000000006,-0.95666940421296065,0,0,low_frequency_random,17
9.7249999999999996,-0.97169617025565047,0,0,low_frequency_random,17
9.7300000000000004,-1.0810592246095188,0,0,low_frequency_random,17
9.7349999999999994,-0.97020280859783792,0,0,low_frequency_random,17
9.7400000000000002,-1.0564703862797358,0,0,low_frequency_random,17
9.745000000000001,-1.1122132782667775,0,0,low_frequency_random,17
9.75,-1.1106290566897346,0,0,low_frequency_random,17
9.7550000000000008,-1.1067814024819593,0,0,low_frequency_random,17
9.7599999999999998,-1.0860863257857851,0,0,low_frequency_random,17
9.7650000000000006,-1.0521623996507321,0,0,low_frequency_random,17
9.7699999999999996,-1.0149559348064112,0,0,low_frequency_random,17
9.7750000000000004,-0.80670033705618072,0,0,low_frequency_random,17
9.7799999999999994,-0.76575251015140444,0,0,low_frequency_random,17
9.7850000000000001,-0.76064469674503121,0,0,low_frequency_random,17
9.7900000000000009,-0.92039543441865235,0,0,low_frequency_random,17
9.7949999999999999,-0.83589231841880529,0,0,low_frequency_random,17
9.8000000000000007,-0.87268413269260237,0,0,low_frequency_random,17
9.8049999999999997,-0.80077530940111985,0,0,low_frequency_random,17
9.8100000000000005,-0.7875746689739157,0,0,low_frequency_random,17
9.8149999999999995,-0.70778429048543978,0,0,low_frequency_random,17
9.8200000000000003,-0.60756648712522632,0,0,low_frequency_random,17
9.8250000000000011,-0.45577622604691476,0,0,low_frequency_random,17
9.8300000000000001,-0.46530485210354622,0,0,low_frequency_random,17
9.8350000000000009,-0.55367525596203171,0,0,low_frequency_random,17
9.8399999999999999,-0.54695920819229116,0,0,low_frequency_random,17
9.8450000000000006,-0.69789898746467183,0,0,low_frequency_random,17
9.8499999999999996,-0.72018467116857465,0,0,low_frequency_random,17
9.8550000000000004,-0.71713355036312865,0,0,low_frequency_random,17
9.8599999999999994,-0.9120573001232084,0,0,low_frequency_random,17
9.8650000000000002,-0.82234307274535845,0,0,low_frequency_random,17
9.870000000000001,-0.89994257173493208,0,0,low_frequency_random,17
9.875,-0.92849891407247676,0,0,low_frequency_random,17
9.8800000000000008,-0.90553372279521915,0,0,low_frequency_random,17
9.8849999999999998,-0.90606726544345162,0,0,low_frequency_random,17
9.8900000000000006,-0.86773719966903184,0,0,low_frequency_random,17
9.8949999999999996,-0.86721547498678098,0,0,low_frequency_random,17
9.9000000000000004,-0.84158140020694239,0,0,low_frequency_random,17
9.9049999999999994,-0.92076851865915499,0,0,low_frequency_random,17
9.9100000000000001,-0.85109697097574721,0,0,low_frequency_random,17
9.9150000000000009,-0.90827193218636681,0,0,low_frequency_random,17
9.9199999999999999,-1.0033645603485073,0,0,low_frequency_random,17
9.9250000000000007,-1.0176852969960815,0,0,low_frequency_random,17
9.9299999999999997,-1.1063544787450188,0,0,low_frequency_random,17
9.9350000000000005,-1.3516397211971329,0,0,low_frequency_random,17
9.9399999999999995,-1.2115262091630907,0,0,low_frequency_random,17
9.9450000000000003,-1.2747980489298674,0,0,low_frequency_random,17
9.9500000000000011,-1.2789515109616216,0,0,low_frequency_random,17
9.9550000000000001,-1.104790811390844,0,0,low_frequency_random,17
9.9600000000000009,-1.1924528244179917,0,0,low_frequency_random,17
9.9649999999999999,-1.2032569659446866,0,0,low_frequency_random,17
9.9700000000000006,-1.1649928326472236,0,0,low_frequency_random,17
9.9749999999999996,-1.0766381012244239,0,0,low_frequency_random,17
9.9800000000000004,-1.1735442344579452,0,0,low_frequency_random,17
9.9849999999999994,-1.2790426269282911,0,0,low_frequency_random,17
9.9900000000000002,-1.1903004064609601,0,0,low_frequency_random,17
9.995000000000001,-1.1733536927414385,0,0,low_frequency_random,17
10,-1.2695890172278048,0,0,low_frequency_random,17
10.005000000000001,-1.3887558269470144,0,0,low_frequency_random,17
10.01,-1.3081118131395628,0,0,low_frequency_random,17
10.015000000000001,-1.1957373189518885,0,0,low_frequency_random,17
10.02,-1.2038292955425507,0,0,low_frequency_random,17
10.025,-1.2137439637565057,0,0,low_frequency_random,17
10.029999999999999,-1.249796671233983,0,0,low_frequency_random,17
10.035,-1.4548986144571472,0,0,low_frequency_random,17
10.040000000000001,-1.3424029065249454,0,0,low_frequency_random,17
10.045,-1.3334204586807448,0,0,low_frequency_random,17
10.050000000000001,-1.2260568747662408,0,0,low_frequency_random,17
10.055,-1.2712419559834311,0,0,low_frequency_random,17
10.06,-1.2917747363743306,0,0,low_frequency_random,17
10.065,-1.2914570538996184,0,0,low_frequency_random,17
10.07,-1.2900819411409525,0,0,low_frequency_random,17
10.075000000000001,-1.3137653524575166,0,0,low_frequency_random,17
10.08,-1.1997946074862353,0,0,low_frequency_random,17
10.085000000000001,-1.0885958125295971,0,0,low_frequency_random,17
10.09,-0.99423021321137406,0,0,low_frequency_random,17
10.095000000000001,-1.0306207436699935,0,0,low_frequency_random,17
10.1,-1.0345471860958877,0,0,low_frequency_random,17
10.105,-1.1096485438971002,0,0,low_frequency_random,17
10.109999999999999,-0.89351989366482787,0,0,low_frequency_random,17
10.115,-0.92511608775227439,0,0,low_frequency_random,17
10.120000000000001,-0.90033949620774811,0,0,low_frequency_random,17
10.125,-0.96512121321371047,0,0,low_frequency_random,17
10.130000000000001,-0.91091682130406704,0,0,low_frequency_random,17
10.135,-0.83212870533790306,0,0,low_frequency_random,17
10.140000000000001,-0.90095778999114406,0,0,low_frequency_random,17
10.145,-0.84417742153738728,0,0,low_frequency_random,17
10.15,-0.90279873404611433,0,0,low_frequency_random,17
10.154999999999999,-0.93823406833752954,0,0,low_frequency_random,17
10.16,-0.94010002916991342,0,0,low_frequency_random,17
10.165000000000001,-0.99081612076946224,0,0,low_frequency_random,17
10.17,-0.90505160805022156,0,0,low_frequency_random,17
10.175000000000001,-0.92561143624050757,0,0,low_frequency_random,17
10.18,-0.91264826401030119,0,0,low_frequency_random,17
10.185,-0.86376783081638098,0,0,low_frequency_random,17
10.19,-0.9240367113567961,0,0,low_frequency_random,17
10.195,-0.94367485857851618,0,0,low_frequency_random,17
10.200000000000001,-0.95625415167178329,0,0,low_frequency_random,17
10.205,-1.0974354192624882,0,0,low_frequency_random,17
10.210000000000001,-0.95240206457959109,0,0,low_frequency_random,17
10.215,-0.88930721032888571,0,0,low_frequency_random,17
10.220000000000001,-0.84899223325903961,0,0,low_frequency_random,17
10.225,-0.78693047124444848,0,0,low_frequency_random,17
10.23,-0.88194803190102933,0,0,low_frequency_random,17
10.234999999999999,-0.89382847187073333,0,0,low_frequency_random,17
10.24,-0.78813535553421155,0,0,low_frequency_random,17
10.245000000000001,-0.82427576008475278,0,0,low_frequency_random,17
10.25,-0.80160743139553681,0,0,low_frequency_random,17
10.255000000000001,-0.7666705385796011,0,0,low_frequency_random,17
10.26,-0.88956428977386659,0,0,low_frequency_random,17
10.265000000000001,-0.93144384227018662,0,0,low_frequency_random,17
10.27,-0.8805606962579331,0,0,low_frequency_random,17
10.275,-0.86586005871709593,0,0,low_frequency_random,17
10.279999999999999,-0.68963794161862102,0,0,low_frequency_random,17
10.285,-0.64960516539398105,0,0,low_frequency_random,17
10.290000000000001,-0.82318594302096071,0,0,low_frequency_random,17
10.295,-0.68988071399157735,0,0,low_frequency_random,17
10.300000000000001,-0.79884101656225737,0,0,low_frequency_random,17
10.305,-0.76161072633598381,0,0,low_frequency_random,17
10.31,-0.73245043469131232,0,0,low_frequency_random,17
10.315,-0.70562006693351986,0,0,low_frequency_random,17
10.32,-0.68436071849114199,0,0,low_frequency_random,17
10.325000000000001,-0.74925009719366042,0,0,low_frequency_random,17
10.33,-0.69008964117944616,0,0,low_frequency_random,17
10.335000000000001,-0.66625253641529658,0,0,low_frequency_random,17
10.34,-0.69995809100979456,0,0,low_frequency_random,17
10.345000000000001,-0.63927937635475063,0,0,low_frequency_random,17
10.35,-0.44386062143530519,0,0,low_frequency_random,17
10.355,-0.53524318874739407,0,0,low_frequency_random,17
10.359999999999999,-0.58080788800087768,0,0,low_frequency_random,17
10.365,-0.58763892402318263,0,0,low_frequency_random,17
10.370000000000001,-0.66243587443190777,0,0,low_frequency_random,17
10.375,-0.66217555604848921,0,0,low_frequency_random,17
10.380000000000001,-0.73526450609911098,0,0,low_frequency_random,17
10.385,-0.72877618633103192,0,0,low_frequency_random,17
10.390000000000001,-0.64741683383736426,0,0,low_frequency_random,17
10.395,-0.62380707640825339,0,0,low_frequency_random,17
10.4,-0.64557526591675574,0,0,low_frequency_random,17
10.404999999999999,-0.60724007181431405,0,0,low_frequency_random,17
10.41,-0.58598670303095768,0,0,low_frequency_random,17
10.415000000000001,-0.52552511766816135,0,0,low_frequency_random,17
10.42,-0.53417147235190487,0,0,low_frequency_random,17
10.425000000000001,-0.64307736057512532,0,0,low_frequency_random,17
10.43,-0.58121772399808547,0,0,low_frequency_random,17
10.435,-0.60582160735178148,0,0,low_frequency_random,17
10.44,-0.62522830976190547,0,0,low_frequency_random,17
10.445,-0.55009380358762283,0,0,low_frequency_random,17
10.450000000000001,-0.51908947317770604,0,0,low_frequency_random,17
10.455,-0.55157538005981466,0,0,low_frequency_random,17
10.460000000000001,-0.35743279361724245,0,0,low_frequency_random,17
10.465,-0.21756661002500494,0,0,low_frequency_random,17
10.470000000000001,-0.25350228352482007,0,0,low_frequency_random,17
10.475,-0.39263767059169719,0,0,low_frequency_random,17
10.48,-0.30370225676053142,0,0,low_frequency_random,17
10.484999999999999,-0.26777103702286131,0,0,low_frequency_random,17
10.49,-0.26583632184688616,0,0,low_frequency_random,17
10.495000000000001,-0.23871786110102694,0,0,low_frequency_random,17
10.5,-0.24663059955386463,0,0,low_frequency_random,17
10.505000000000001,-0.19424194234714842,0,0,low_frequency_random,17
10.51,-0.18342794232038495,0,0,low_frequency_random,17
10.515000000000001,-0.1050712561909376,0,0,low_frequency_random,17
10.52,-0.014181781472723365,0,0,low_frequency_random,17
10.525,-0.016046993405139952,0,0,low_frequency_random,17
10.529999999999999,0.02347182368144193,0,0,low_frequency_random,17
10.535,0.071531979790659242,0,0,low_frequency_random,17
10.540000000000001,0.072891407975353734,0,0,low_frequency_random,17
10.545,0.12450654504383293,0,0,low_frequency_random,17
10.550000000000001,0.11786095197867759,0,0,low_frequency_random,17
10.555,0.19519202367514482,0,0,low_frequency_random,17
10.56,0.15126936741188907,0,0,low_frequency_random,17
10.565,0.13590693700558018,0,0,low_frequency_random,17
10.57,0.0038729297398470697,0,0,low_frequency_random,17
10.575000000000001,-0.11067308251666645,0,0,low_frequency_random,17
10.58,-0.080888286862827119,0,0,low_frequency_random,17
10.585000000000001,-0.087963840110475131,0,0,low_frequency_random,17
10.59,-0.085336516025001349,0,0,low_frequency_random,17
10.595000000000001,0.036269816130056989,0,0,low_frequency_random,17
10.6,0.038914555722949641,0,0,low_frequency_random,17
10.605,0.22268699167079059,0,0,low_frequency_random,17
10.609999999999999,0.080590211860171151,0,0,low_frequency_random,17
10.615,0.094219194695402256,0,0,low_frequency_random,17
10.620000000000001,0.19119072262040343,0,0,low_frequency_random,17
10.625,0.22463580739296946,0,0,low_frequency_random,17
10.630000000000001,0.27729696917217161,0,0,low_frequency_random,17
10.635,0.22863912163088637,0,0,low_frequency_random,17
10.640000000000001,0.093440371016970697,0,0,low_frequency_random,17
10.645,0.084969949358153093,0,0,low_frequency_random,17
10.65,0.15447012311695249,0,0,low_frequency_random,17
10.654999999999999,0.18752696953102163,0,0,low_frequency_random,17
10.66,0.10326032500971191,0,0,low_frequency_random,17
10.665000000000001,0.16063074960298901,0,0,low_frequency_random,17
10.67,0.15315630902135499,0,0,low_frequency_random,17
10.675000000000001,0.14241362377062339,0,0,low_frequency_random,17
10.68,0.18190178924888095,0,0,low_frequency_random,17
10.685,0.1050354581402065,0,0,low_frequency_random,17
10.69,0.19257155107573926,0,0,low_frequency_random,17
10.695,0.35140801472880301,0,0,low_frequency_random,17
10.700000000000001,0.25531682435764358,0,0,low_frequency_random,17
10.705,0.26521566116365403,0,0,low_frequency_random,17
10.710000000000001,0.16764351536978339,0,0,low_frequency_random,17
10.715,0.19157011692199485,0,0,low_frequency_random,17
10.720000000000001,0.24173959738685744,0,0,low_frequency_random,17
10.725,0.38100052883502034,0,0,low_frequency_random,17
10.73,0.30940554428316336,0,0,low_frequency_random,17
10.734999999999999,0.26961980350505443,0,0,low_frequency_random,17
10.74,0.32562505429389083,0,0,low_frequency_random,17
10.745000000000001,0.31686949959271365,0,0,low_frequency_random,17
10.75,0.35413757922292183,0,0,low_frequency_random,17
10.755000000000001,0.49329950082316887,0,0,low_frequency_random,17
10.76,0.55007431643387172,0,0,low_frequency_random,17
10.765000000000001,0.44913952076686636,0,0,low_frequency_random,17
10.77,0.58631533400724045,0,0,low_frequency_random,17
10.775,0.47934576343649837,0,0,low_frequency_random,17
10.779999999999999,0.54121575532546262,0,0,low_frequency_random,17
10.785,0.55167437315019641,0,0,low_frequency_random,17
10.790000000000001,0.58861913511325004,0,0,low_frequency_random,17
10.795,0.59676071268698128,0,0,low_frequency_random,17
10.800000000000001,0.63121531271981923,0,0,low_frequency_random,17
10.805,0.47243491446328412,0,0,low_frequency_random,17
10.81,0.49832191904063444,0,0,low_frequency_random,17
10.815,0.42517821544734019,0,0,low_frequency_random,17
10.82,0.35775607499854056,0,0,low_frequency_random,17
10.825000000000001,0.35861145548350098,0,0,low_frequency_random,17
10.83,0.36469132652582165,0,0,low_frequency_random,17
10.835000000000001,0.33490901628032327,0,0,low_frequency_random,17
10.84,0.4803618050474503,0,0,low_frequency_random,17
10.845000000000001,0.54189908458596858,0,0,low_frequency_random,17
10.85,0.37918347036602007,0,0,low_frequency_random,17
10.855,0.33537582415091588,0,0,low_frequency_random,17
10.859999999999999,0.24923086597658223,0,0,low_frequency_random,17
10.865,0.19757169008306966,0,0,low_frequency_random,17
10.870000000000001,0.33733045464778538,0,0,low_frequency_random,17
10.875,0.33894244493921249,0,0,low_frequency_random,17
10.880000000000001,0.40839596850843168,0,0,low_frequency_random,17
10.885,0.45882539106256148,0,0,low_frequency_random,17
10.890000000000001,0.35511326816235206,0,0,low_frequency_random,17
10.895,0.26564964114533429,0,0,low_frequency_random,17
10.9,0.24578942182970107,0,0,low_frequency_random,17
10.904999999999999,0.26562593584949634,0,0,low_frequency_random,17
10.91,0.19937358223134088,0,0,low_frequency_random,17
10.915000000000001,0.23109170586384903,0,0,low_frequency_random,17
10.92,0.23321733106356829,0,0,low_frequency_random,17
10.925000000000001,0.25727616437293988,0,0,low_frequency_random,17
10.93,0.35822150865807634,0,0,low_frequency_random,17
10.935,0.40818087524300606,0,0,low_frequency_random,17
10.94,0.55454822599969233,0,0,low_frequency_random,17
10.945,0.51928554498160395,0,0,low_frequency_random,17
10.950000000000001,0.52726712227388972,0,0,low_frequency_random,17
10.955,0.36365163709768489,0,0,low_frequency_random,17
10.960000000000001,0.34955896333523206,0,0,low_frequency_random,17
10.965,0.41663780845269827,0,0,low_frequency_random,17
10.970000000000001,0.28520000632726927,0,0,low_frequency_random,17
10.975,0.21107162248982059,0,0,low_frequency_random,17
10.98,0.25888547860177846,0,0,low_frequency_random,17
10.984999999999999,0.19690488806354994,0,0,low_frequency_random,17
10.99,0.24418986845499693,0,0,low_frequency_random,17
10.995000000000001,0.38918505111649526,0,0,low_frequency_random,17
11,0.47572360890822712,0,0,low_frequency_random,17
11.005000000000001,0.36308391945378726,0,0,low_frequency_random,17
11.01,0.34999423434477372,0,0,low_frequency_random,17
11.015000000000001,0.36822957670475209,0,0,low_frequency_random,17
11.02,0.33132254019174839,0,0,low_frequency_random,17
11.025,0.31788182716337315,0,0,low_frequency_random,17
11.029999999999999,0.30263357692831466,0,0,low_frequency_random,17
11.035,0.14958229912904669,0,0,low_frequency_random,17
11.040000000000001,0.20384014487809676,0,0,low_frequency_random,17
11.045,0.27131394392041197,0,0,low_frequency_random,17
11.050000000000001,0.38706804217170554,0,0,low_frequency_random,17
11.055,0.24121182326260229,0,0,low_frequency_random,17
11.06,0.26524559744097631,0,0,low_frequency_random,17
11.065,0.34307968205097711,0,0,low_frequency_random,17
11.07,0.34634874510902469,0,0,low_frequency_random,17
11.075000000000001,0.26960071493361504,0,0,low_frequency_random,17
11.08,0.15343225913443315,0,0,low_frequency_random,17
11.085000000000001,0.24816775328214666,0,0,low_frequency_random,17
11.09,0.14632371864400845,0,0,low_frequency_random,17
11.095000000000001,0.064117724588527741,0,0,low_frequency_random,17
11.1,0.19539010276888447,0,0,low_frequency_random,17
11.105,0.0538695221639727,0,0,low_frequency_random,17
11.109999999999999,0.10154025806877169,0,0,low_frequency_random,17
11.115,0.13403893077682336,0,0,low_frequency_random,17
11.120000000000001,0.13603931661817031,0,0,low_frequency_random,17
11.125,0.16819793825376134,0,0,low_frequency_random,17
11.130000000000001,0.055126053483322529,0,0,low_frequency_random,17
11.135,0.053990733456544024,0,0,low_frequency_random,17
11.140000000000001,0.11901757715821973,0,0,low_frequency_random,17
11.145,0.14646685602923137,0,0,low_frequency_random,17
11.15,0.14222656362284267,0,0,low_frequency_random,17
11.154999999999999,0.015658228303572469,0,0,low_frequency_random,17
11.16,-0.017874731431768626,0,0,low_frequency_random,17
11.165000000000001,0.10007296236577144,0,0,low_frequency_random,17
11.17,0.18207989788511422,0,0,low_frequency_random,17
11.175000000000001,0.22748102448315227,0,0,low_frequency_random,17
11.18,0.23818630013574493,0,0,low_frequency_random,17
11.185,0.31326280894966457,0,0,low_frequency_random,17
11.19,0.35514979329952656,0,0,low_frequency_random,17
11.195,0.27848626083481959,0,0,low_frequency_random,17
11.200000000000001,0.32303119467932623,0,0,low_frequency_random,17
11.205,0.38401624521394728,0,0,low_frequency_random,17
11.210000000000001,0.28171613407186863,0,0,low_frequency_random,17
11.215,0.36124281884628096,0,0,low_frequency_random,17
11.220000000000001,0.28894844012858484,0,0,low_frequency_random,17
11.225,0.35654375813732514,0,0,low_frequency_random,17
11.23,0.3560211143960626,0,0,low_frequency_random,17
11.234999999999999,0.37875167603538817,0,0,low_frequency_random,17
11.24,0.2826048598090245,0,0,low_frequency_random,17
11.245000000000001,0.36227756711411968,0,0,low_frequency_random,17
11.25,0.34458641790922712,0,0,low_frequency_random,17
11.255000000000001,0.30536246010723522,0,0,low_frequency_random,17
11.26,0.3995825064936363,0,0,low_frequency_random,17
11.265000000000001,0.35368819300782173,0,0,low_frequency_random,17
11.27,0.37160568134866023,0,0,low_frequency_random,17
11.275,0.49242790662258162,0,0,low_frequency_random,17
11.279999999999999,0.44466399729175282,0,0,low_frequency_random,17
11.285,0.36097618660224318,0,0,low_frequency_random,17
11.290000000000001,0.36524148643159149,0,0,low_frequency_random,17
11.295,0.32244468152867234,0,0,low_frequency_random,17
11.300000000000001,0.30439807263830371,0,0,low_frequency_random,17
11.305,0.24114451247610991,0,0,low_frequency_random,17
11.31,0.17820301912466263,0,0,low_frequency_random,17
11.315,0.011012104907443476,0,0,low_frequency_random,17
11.32,-0.10168642130676561,0,0,low_frequency_random,17
11.325000000000001,-0.088447091323159477,0,0,low_frequency_random,17
11.33,-0.084287757470512273,0,0,low_frequency_random,17
11.335000000000001,-0.047408616239702821,0,0,low_frequency_random,17
11.34,0.049258332929436058,0,0,low_frequency_random,17
11.345000000000001,-0.024313851781352327,0,0,low_frequency_random,17
11.35,-0.02921838821406042,0,0,low_frequency_random,17
11.355,-0.074325204099471062,0,0,low_frequency_random,17
11.359999999999999,-0.034551942180411986,0,0,low_frequency_random,17
11.365,-0.095801147255867039,0,0,low_frequency_random,17
11.370000000000001,-0.051997167921684122,0,0,low_frequency_random,17
11.375,-0.15165902338865977,0,0,low_frequency_random,17
11.380000000000001,-0.13250935205292519,0,0,low_frequency_random,17
11.385,-0.10855970662775394,0,0,low_frequency_random,17
11.390000000000001,-0.017132258794556571,0,0,low_frequency_random,17
11.395,0.027256333610865345,0,0,low_frequency_random,17
11.4,0.10026893368964805,0,0,low_frequency_random,17
11.404999999999999,0.11955108097782903,0,0,low_frequency_random,17
11.41,0.065037426153320615,0,0,low_frequency_random,17
11.415000000000001,-0.0029018003764403194,0,0,low_frequency_random,17
11.42,0.013619981601459871,0,0,low_frequency_random,17
11.425000000000001,-0.043641479779936897,0,0,low_frequency_random,17
11.43,-0.12871209643422404,0,0,low_frequency_random,17
11.435,-0.29977303361527291,0,0,low_frequency_random,17
11.44,-0.37856512865979036,0,0,low_frequency_random,17
11.445,-0.45612223679016706,0,0,low_frequency_random,17
11.450000000000001,-0.57233322920571861,0,0,low_frequency_random,17
11.455,-0.50745793795978311,0,0,low_frequency_random,17
11.460000000000001,-0.63445704260259306,0,0,low_frequency_random,17
11.465,-0.62292185758820118,0,0,low_frequency_random,17
11.470000000000001,-0.6066452877209848,0,0,low_frequency_random,17
11.475,-0.64939864859161023,0,0,low_frequency_random,17
11.48,-0.71283199851228962,0,0,low_frequency_random,17
11.484999999999999,-0.73374939213098356,0,0,low_frequency_random,17
11.49,-0.6643526723797375,0,0,low_frequency_random,17
11.495000000000001,-0.60049561545615482,0,0,low_frequency_random,17
11.5,-0.62689025869621096,0,0,low_frequency_random,17
11.505000000000001,-0.6457153338905095,0,0,low_frequency_random,17
11.51,-0.54569394891441458,0,0,low_frequency_random,17
11.515000000000001,-0.61692398105690605,0,0,low_frequency_random,17
11.52,-0.61101392455562442,0,0,low_frequency_random,17
11.525,-0.53784436178841533,0,0,low_frequency_random,17
11.529999999999999,-0.4369257765075833,0,0,low_frequency_random,17
11.535,-0.51488975271963577,0,0,low_frequency_random,17
11.540000000000001,-0.47480953268305187,0,0,low_frequency_random,17
11.545,-0.46977245656760597,0,0,low_frequency_random,17
11.550000000000001,-0.60540186185961842,0,0,low_frequency_random,17
11.555,-0.6771094325917818,0,0,low_frequency_random,17
11.56,-0.62656672424108806,0,0,low_frequency_random,17
11.565,-0.62575410041684232,0,0,low_frequency_random,17
11.57,-0.62142623347354808,0,0,low_frequency_random,17
11.575000000000001,-0.71120495475325907,0,0,low_frequency_random,17
11.58,-0.72664840496923933,0,0,low_frequency_random,17
11.585000000000001,-0.67534800235257575,0,0,low_frequency_random,17
11.59,-0.59263726274590911,0,0,low_frequency_random,17
11.595000000000001,-0.542910265619021,0,0,low_frequency_random,17
11.6,-0.51289945331059628,0,0,low_frequency_random,17
11.605,-0.55296252814127711,0,0,low_frequency_random,17
11.609999999999999,-0.35384163696980264,0,0,low_frequency_random,17
11.615,-0.28730211998067834,0,0,low_frequency_random,17
11.620000000000001,-0.44197429735004901,0,0,low_frequency_random,17
11.625,-0.51125143211841539,0,0,low_frequency_random,17
11.630000000000001,-0.49380837579994286,0,0,low_frequency_random,17
11.635,-0.57132092831008408,0,0,low_frequency_random,17
11.640000000000001,-0.48738465902574385,0,0,low_frequency_random,17
11.645,-0.46147806332387198,0,0,low_frequency_random,17
11.65,-0.43492718504404998,0,0,low_frequency_random,17
11.654999999999999,-0.46130347927275989,0,0,low_frequency_random,17
11.66,-0.31297111077238088,0,0,low_frequency_random,17
11.665000000000001,-0.30240025663401104,0,0,low_frequency_random,17
11.67,-0.37458901415066254,0,0,low_frequency_random,17
11.675000000000001,-0.50318453698248156,0,0,low_frequency_random,17
11.68,-0.47558770873499812,0,0,low_frequency_random,17
11.685,-0.4906040339386758,0,0,low_frequency_random,17
11.69,-0.57873918363837096,0,0,low_frequency_random,17
11.695,-0.54600579666762739,0,0,low_frequency_random,17
11.700000000000001,-0.60473382924242214,0,0,low_frequency_random,17
11.705,-0.6857036603536375,0,0,low_frequency_random,17
11.710000000000001,-0.68985382405607354,0,0,low_frequency_random,17
11.715,-0.77244196264386555,0,0,low_frequency_random,17
11.720000000000001,-0.77112142073246837,0,0,low_frequency_random,17
11.725,-0.8663570109253772,0,0,low_frequency_random,17
11.73,-0.92606886657761744,0,0,low_frequency_random,17
11.734999999999999,-0.75008906214780735,0,0,low_frequency_random,17
11.74,-0.81889326681379881,0,0,low_frequency_random,17
11.745000000000001,-0.8023636217087492,0,0,low_frequency_random,17
11.75,-0.59124417291773979,0,0,low_frequency_random,17
11.755000000000001,-0.59186971127261923,0,0,low_frequency_random,17
11.76,-0.6160697473179656,0,0,low_frequency_random,17
11.765000000000001,-0.73446526062454964,0,0,low_frequency_random,17
11.77,-0.67163756011495857,0,0,low_frequency_random,17
11.775,-0.85115982381443966,0,0,low_frequency_random,17
11.779999999999999,-0.96317817104835479,0,0,low_frequency_random,17
11.785,-0.9735983670716235,0,0,low_frequency_random,17
11.790000000000001,-0.84887533273721738,0,0,low_frequency_random,17
11.795,-0.69213130785557475,0,0,low_frequency_random,17
11.800000000000001,-0.59599440459858055,0,0,low_frequency_random,17
11.805,-0.57902032697649597,0,0,low_frequency_random,17
11.81,-0.62391142732460114,0,0,low_frequency_random,17
11.815,-0.58709578872741086,0,0,low_frequency_random,17
11.82,-0.47995337763350898,0,0,low_frequency_random,17
11.825000000000001,-0.49524130033821739,0,0,low_frequency_random,17
11.83,-0.4080879334755364,0,0,low_frequency_random,17
11.835000000000001,-0.50908792430642513,0,0,low_frequency_random,17
11.84,-0.50674705190752356,0,0,low_frequency_random,17
11.845000000000001,-0.53120529756935431,0,0,low_frequency_random,17
11.85,-0.49682999409960388,0,0,low_frequency_random,17
11.855,-0.53259292694476046,0,0,low_frequency_random,17
11.859999999999999,-0.58144643849831745,0,0,low_frequency_random,17
11.865,-0.58385278836456789,0,0,low_frequency_random,17
11.870000000000001,-0.61729222435170428,0,0,low_frequency_random,17
11.875,-0.69283721916163477,0,0,low_frequency_random,17
11.880000000000001,-0.87175326554620536,0,0,low_frequency_random,17
11.885,-0.73872342709182148,0,0,low_frequency_random,17
11.890000000000001,-0.88592514768917963,0,0,low_frequency_random,17
11.895,-0.90849679441466569,0,0,low_frequency_random,17
11.9,-0.90748832734638751,0,0,low_frequency_random,17
11.904999999999999,-0.79130785418769412,0,0,low_frequency_random,17
11.91,-0.81325757261720066,0,0,low_frequency_random,17
11.915000000000001,-0.80302604713102699,0,0,low_frequency_random,17
11.92,-0.79714297415190971,0,0,low_frequency_random,17
11.925000000000001,-0.74958618263381105,0,0,low_frequency_random,17
11.93,-0.65088935785207735,0,0,low_frequency_random,17
11.935,-0.70417634087521619,0,0,low_frequency_random,17
11.94,-0.71186738657915627,0,0,low_frequency_random,17
11.945,-0.84382196405767729,0,0,low_frequency_random,17
11.950000000000001,-0.96808703920202543,0,0,low_frequency_random,17
11.955,-1.0694164134171518,0,0,low_frequency_random,17
11.960000000000001,-1.1962839645856558,0,0,low_frequency_random,17
11.965,-1.140065246649131,0,0,low_frequency_random,17
11.970000000000001,-1.1286269729188627,0,0,low_frequency_random,17
11.975,-1.197903158617496,0,0,low_frequency_random,17
11.98,-1.0111556051595201,0,0,low_frequency_random,17
11.984999999999999,-0.99035183189847242,0,0,low_frequency_random,17
11.99,-0.90206564666379396,0,0,low_frequency_random,17
11.995000000000001,-0.85442468528781512,0,0,low_frequency_random,17
12,-0.88824041508571805,0,0,low_frequency_random,17
