time,wind_x,wind_y,wind_z,profile,seed
0,0,0,0,low_frequency_random,12
0.0050000000000000001,-0.00054477987349829898,0,0,low_frequency_random,12
0.01,0.082940607193302887,0,0,low_frequency_random,12
0.014999999999999999,0.1417060037401664,0,0,low_frequency_random,12
0.02,0.19877127531824179,0,0,low_frequency_random,12
0.025000000000000001,0.32695891554822099,0,0,low_frequency_random,12
0.029999999999999999,0.22912415980736445,0,0,low_frequency_random,12
0.035000000000000003,0.17795009086094288,0,0,low_frequency_random,12
0.040000000000000001,0.07167308734219259,0,0,low_frequency_random,12
0.044999999999999998,0.062716921363889122,0,0,low_frequency_random,12
0.050000000000000003,0.14210587463589411,0,0,low_frequency_random,12
0.055,0.13964566817367896,0,0,low_frequency_random,12
0.059999999999999998,0.17852061810896486,0,0,low_frequency_random,12
0.065000000000000002,0.025150108449626285,0,0,low_frequency_random,12
0.070000000000000007,0.03676045338243944,0,0,low_frequency_random,12
0.074999999999999997,-0.035797338920986813,0,0,low_frequency_random,12
0.080000000000000002,0.10605801279114598,0,0,low_frequency_random,12
0.085000000000000006,0.17629997151375432,0,0,low_frequency_random,12
0.089999999999999997,0.2511791554710826,0,0,low_frequency_random,12
0.095000000000000001,0.24530954412911407,0,0,low_frequency_random,12
0.10000000000000001,0.29299272213774979,0,0,low_frequency_random,12
0.105,0.34403132348181442,0,0,low_frequency_random,12
0.11,0.31483198403112367,0,0,low_frequency_random,12
0.115,0.2735712575995588,0,0,low_frequency_random,12
0.12,0.26304789939379003,0,0,low_frequency_random,12
0.125,0.21342062028239983,0,0,low_frequency_random,12
0.13,0.16492764771077445,0,0,low_frequency_random,12
0.13500000000000001,0.14149159476676151,0,0,low_frequency_random,12
0.14000000000000001,0.082657864811938014,0,0,low_frequency_random,12
0.14499999999999999,0.14339888313455718,0,0,low_frequency_random,12
0.14999999999999999,0.01531532474479011,0,0,low_frequency_random,12
0.155,0.080959539744211564,0,0,low_frequency_random,12
0.16,0.030635287766416691,0,0,low_frequency_random,12
0.16500000000000001,-0.013083741967289536,0,0,low_frequency_random,12
0.17000000000000001,-0.12081665046250174,0,0,low_frequency_random,12
0.17500000000000002,-0.13172465599942773,0,0,low_frequency_random,12
0.17999999999999999,-0.15083116801400648,0,0,low_frequency_random,12
0.185,-0.13480063949447374,0,0,low_frequency_random,12
0.19,-0.17672372938767844,0,0,low_frequency_random,12
0.19500000000000001,-0.16836053399525266,0,0,low_frequency_random,12
0.20000000000000001,-0.022308666577246977,0,0,low_frequency_random,12
0.20500000000000002,0.010440944140082162,0,0,low_frequency_random,12
0.20999999999999999,-0.03539183393044304,0,0,low_frequency_random,12
0.215,0.040843225811697526,0,0,low_frequency_random,12
0.22,0.030361135295658218,0,0,low_frequency_random,12
0.22500000000000001,0.077601138132780426,0,0,low_frequency_random,12
0.23000000000000001,0.12611160060057913,0,0,low_frequency_random,12
0.23500000000000001,0.094275409471117552,0,0,low_frequency_random,12
0.23999999999999999,-0.060232536479161436,0,0,low_frequency_random,12
0.245,-0.087675029224569434,0,0,low_frequency_random,12
0.25,-0.043231375944012621,0,0,low_frequency_random,12
0.255,-0.073348727140355188,0,0,low_frequency_random,12
0.26000000000000001,-0.03795296488006069,0,0,low_frequency_random,12
0.26500000000000001,0.040404055510723673,0,0,low_frequency_random,12
0.27000000000000002,-0.0032179374531749738,0,0,low_frequency_random,12
0.27500000000000002,0.09506049422410312,0,0,low_frequency_random,12
0.28000000000000003,0.22400704881326206,0,0,low_frequency_random,12
0.28500000000000003,0.30899812427261791,0,0,low_frequency_random,12
0.28999999999999998,0.40046140926234314,0,0,low_frequency_random,12
0.29499999999999998,0.48598891249745313,0,0,low_frequency_random,12
0.29999999999999999,0.66347818770155687,0,0,low_frequency_random,12
0.30499999999999999,0.67500085395154885,0,0,low_frequency_random,12
0.31,0.6718005838261063,0,0,low_frequency_random,12
0.315,0.71657817830826642,0,0,low_frequency_random,12
0.32000000000000001,0.64052988141846667,0,0,low_frequency_random,12
0.32500000000000001,0.513391073282083,0,0,low_frequency_random,12
0.33000000000000002,0.44044592145351336,0,0,low_frequency_random,12
0.33500000000000002,0.46798005820011307,0,0,low_frequency_random,12
0.34000000000000002,0.50339585132436937,0,0,low_frequency_random,12
0.34500000000000003,0.37828308913159647,0,0,low_frequency_random,12
0.35000000000000003,0.22609520681118708,0,0,low_frequency_random,12
0.35499999999999998,0.19973926974995451,0,0,low_frequency_random,12
0.35999999999999999,0.18373607776378614,0,0,low_frequency_random,12
0.36499999999999999,0.17889344330981988,0,0,low_frequency_random,12
0.37,0.2315762110958659,0,0,low_frequency_random,12
0.375,0.32848269859350326,0,0,low_frequency_random,12
0.38,0.34527001546875574,0,0,low_frequency_random,12
0.38500000000000001,0.39244046833282548,0,0,low_frequency_random,12
0.39000000000000001,0.30308561259506861,0,0,low_frequency_random,12
0.39500000000000002,0.20770409784770649,0,0,low_frequency_random,12
0.40000000000000002,0.22552008671583554,0,0,low_frequency_random,12
0.40500000000000003,0.27743569272103041,0,0,low_frequency_random,12
0.41000000000000003,0.33400650636071155,0,0,low_frequency_random,12
0.41500000000000004,0.37964169945632881,0,0,low_frequency_random,12
0.41999999999999998,0.44032561680674581,0,0,low_frequency_random,12
0.42499999999999999,0.50275409734741627,0,0,low_frequency_random,12
0.42999999999999999,0.36042147980038775,0,0,low_frequency_random,12
0.435,0.30003713636417401,0,0,low_frequency_random,12
0.44,0.33486263170536512,0,0,low_frequency_random,12
0.44500000000000001,0.38080716841529477,0,0,low_frequency_random,12
0.45000000000000001,0.25824228136668309,0,0,low_frequency_random,12
0.45500000000000002,0.35056507770989359,0,0,low_frequency_random,12
0.46000000000000002,0.31379765699488144,0,0,low_frequency_random,12
0.46500000000000002,0.2936849929525015,0,0,low_frequency_random,12
0.47000000000000003,0.31407107471138351,0,0,low_frequency_random,12
0.47500000000000003,0.37232584208875436,0,0,low_frequency_random,12
0.47999999999999998,0.25610552689422139,0,0,low_frequency_random,12
0.48499999999999999,0.33382363073806043,0,0,low_frequency_random,12
0.48999999999999999,0.33832672931528301,0,0,low_frequency_random,12
0.495,0.27512808012735573,0,0,low_frequency_random,12
0.5,0.25178896188385252,0,0,low_frequency_random,12
0.505,0.076102349577907208,0,0,low_frequency_random,12
0.51000000000000001,0.024042559825921267,0,0,low_frequency_random,12
0.51500000000000001,0.038439112892164493,0,0,low_frequency_random,12
0.52000000000000002,-0.018335125900725578,0,0,low_frequency_random,12
0.52500000000000002,-0.044419241901580073,0,0,low_frequency_random,12
0.53000000000000003,-0.055909397995995952,0,0,low_frequency_random,12
0.53500000000000003,-0.051769733353207718,0,0,low_frequency_random,12
0.54000000000000004,0.029935699792266075,0,0,low_frequency_random,12
0.54500000000000004,0.027799701271749619,0,0,low_frequency_random,12
0.55000000000000004,0.006915500240267658,0,0,low_frequency_random,12
0.55500000000000005,0.049865121911588255,0,0,low_frequency_random,12
0.56000000000000005,0.21533132396789662,0,0,low_frequency_random,12
0.56500000000000006,0.18690594740227945,0,0,low_frequency_random,12
0.57000000000000006,0.22690077024242497,0,0,low_frequency_random,12
0.57500000000000007,0.099899506693076762,0,0,low_frequency_random,12
0.57999999999999996,0.20677222646358279,0,0,low_frequency_random,12
0.58499999999999996,0.25836002376879175,0,0,low_frequency_random,12
0.58999999999999997,0.36342941578261406,0,0,low_frequency_random,12
0.59499999999999997,0.35690377097883058,0,0,low_frequency_random,12
0.59999999999999998,0.27190659013124852,0,0,low_frequency_random,12
0.60499999999999998,0.34126151219769235,0,0,low_frequency_random,12
0.60999999999999999,0.39969175075772528,0,0,low_frequency_random,12
0.61499999999999999,0.32850821507694067,0,0,low_frequency_random,12
0.62,0.20932893910137937,0,0,low_frequency_random,12
0.625,0.24412583620039305,0,0,low_frequency_random,12
0.63,0.22923110107839031,0,0,low_frequency_random,12
0.63500000000000001,0.43653973100320997,0,0,low_frequency_random,12
0.64000000000000001,0.38534535755547483,0,0,low_frequency_random,12
0.64500000000000002,0.34124395022974552,0,0,low_frequency_random,12
0.65000000000000002,0.33070295474943351,0,0,low_frequency_random,12
0.65500000000000003,0.19618130582440155,0,0,low_frequency_random,12
0.66000000000000003,0.12425333267248591,0,0,low_frequency_random,12
0.66500000000000004,0.25485444424719395,0,0,low_frequency_random,12
0.67000000000000004,0.24309937942400855,0,0,low_frequency_random,12
0.67500000000000004,0.19333725459233997,0,0,low_frequency_random,12
0.68000000000000005,0.0908749920972583,0,0,low_frequency_random,12
0.68500000000000005,0.13674454628862343,0,0,low_frequency_random,12
0.69000000000000006,0.18859495615043737,0,0,low_frequency_random,12
0.69500000000000006,0.20811949977628247,0,0,low_frequency_random,12
0.70000000000000007,0.17602307471171091,0,0,low_frequency_random,12
0.70499999999999996,0.19952721648696997,0,0,low_frequency_random,12
0.70999999999999996,0.22898304563998523,0,0,low_frequency_random,12
0.71499999999999997,0.17350610877208555,0,0,low_frequency_random,12
0.71999999999999997,0.2223031365119833,0,0,low_frequency_random,12
0.72499999999999998,0.05238808615370627,0,0,low_frequency_random,12
0.72999999999999998,-0.050737987126072817,0,0,low_frequency_random,12
0.73499999999999999,-0.0747376489575724,0,0,low_frequency_random,12
0.73999999999999999,-0.083023165984971461,0,0,low_frequency_random,12
0.745,-0.17551874859430494,0,0,low_frequency_random,12
0.75,-0.14841119496645996,0,0,low_frequency_random,12
0.755,-0.063433214436437596,0,0,low_frequency_random,12
0.76000000000000001,-0.027122906381073675,0,0,low_frequency_random,12
0.76500000000000001,-0.0090701050294392134,0,0,low_frequency_random,12
0.77000000000000002,0.057068882462601854,0,0,low_frequency_random,12
0.77500000000000002,0.089059300469966046,0,0,low_frequency_random,12
0.78000000000000003,-0.0025475928082208249,0,0,low_frequency_random,12
0.78500000000000003,-0.018699533711394621,0,0,low_frequency_random,12
0.79000000000000004,0.084442220446708807,0,0,low_frequency_random,12
0.79500000000000004,-0.0067507465639316117,0,0,low_frequency_random,12
0.80000000000000004,-0.0017457606853875174,0,0,low_frequency_random,12
0.80500000000000005,-0.032789298335028159,0,0,low_frequency_random,12
0.81000000000000005,-0.10428738857922087,0,0,low_frequency_random,12
0.81500000000000006,-0.18448762092830667,0,0,low_frequency_random,12
0.82000000000000006,-0.175505953389435,0,0,low_frequency_random,12
0.82500000000000007,-0.14946557119466872,0,0,low_frequency_random,12
0.83000000000000007,-0.12406027725768445,0,0,low_frequency_random,12
0.83499999999999996,-0.23883645031954487,0,0,low_frequency_random,12
0.83999999999999997,-0.26068689280385604,0,0,low_frequency_random,12
0.84499999999999997,-0.23179815996909853,0,0,low_frequency_random,12
0.84999999999999998,-0.15508641273157076,0,0,low_frequency_random,12
0.85499999999999998,-0.10064648819252359,0,0,low_frequency_random,12
0.85999999999999999,-0.033780891250695652,0,0,low_frequency_random,12
0.86499999999999999,0.053939560653350406,0,0,low_frequency_random,12
0.87,0.11941984327329314,0,0,low_frequency_random,12
0.875,0.053770663174863453,0,0,low_frequency_random,12
0.88,0.058134160466886346,0,0,low_frequency_random,12
0.88500000000000001,0.00093545945971881123,0,0,low_frequency_random,12
0.89000000000000001,-0.18911186479114253,0,0,low_frequency_random,12
0.89500000000000002,-0.32230432924012842,0,0,low_frequency_random,12
0.90000000000000002,-0.15400026567615402,0,0,low_frequency_random,12
0.90500000000000003,-0.24239282651858945,0,0,low_frequency_random,12
0.91000000000000003,-0.42010468111391897,0,0,low_frequency_random,12
0.91500000000000004,-0.46468066328929286,0,0,low_frequency_random,12
0.92000000000000004,-0.34104314639234806,0,0,low_frequency_random,12
0.92500000000000004,-0.34292983063016225,0,0,low_frequency_random,12
0.93000000000000005,-0.30865424367925171,0,0,low_frequency_random,12
0.93500000000000005,-0.32868623968729843,0,0,low_frequency_random,12
0.94000000000000006,-0.33368862108425057,0,0,low_frequency_random,12
0.94500000000000006,-0.23094531838821042,0,0,low_frequency_random,12
0.95000000000000007,-0.16627299196614276,0,0,low_frequency_random,12
0.95500000000000007,-0.17232661223760104,0,0,low_frequency_random,12
0.95999999999999996,-0.10031548504639358,0,0,low_frequency_random,12
0.96499999999999997,-0.014072256783379825,0,0,low_frequency_random,12
0.96999999999999997,-0.031491610813915737,0,0,low_frequency_random,12
0.97499999999999998,-0.0097897571522607765,0,0,low_frequency_random,12
0.97999999999999998,0.010538307871868005,0,0,low_frequency_random,12
0.98499999999999999,-0.042844567294519881,0,0,low_frequency_random,12
0.98999999999999999,0.049209772806835167,0,0,low_frequency_random,12
0.995,0.035633546692997363,0,0,low_frequency_random,12
1,-0.01397808709939706,0,0,low_frequency_random,12
1.0050000000000001,-0.14763757574628034,0,0,low_frequency_random,12
1.01,-0.2478808347364127,0,0,low_frequency_random,12
1.0150000000000001,-0.12491509670538821,0,0,low_frequency_random,12
1.02,-0.21526961337194794,0,0,low_frequency_random,12
1.0249999999999999,-0.17991730452160049,0,0,low_frequency_random,12
1.03,-0.20831837340030224,0,0,low_frequency_random,12
1.0349999999999999,-0.16647521368451856,0,0,low_frequency_random,12
1.04,-0.11758134996103112,0,0,low_frequency_random,12
1.0449999999999999,-0.17894276178191815,0,0,low_frequency_random,12
1.05,-0.20134122398462187,0,0,low_frequency_random,12
1.0549999999999999,-0.19240836844302919,0,0,low_frequency_random,12
1.0600000000000001,-0.18230776946185617,0,0,low_frequency_random,12
1.0649999999999999,-0.18367360166208857,0,0,low_frequency_random,12
1.0700000000000001,-0.20775638118253414,0,0,low_frequency_random,12
1.075,-0.15649307994211659,0,0,low_frequency_random,12
1.0800000000000001,-0.050607264782753347,0,0,low_frequency_random,12
1.085,-0.0072223383686629908,0,0,low_frequency_random,12
1.0900000000000001,-0.066249760003458669,0,0,low_frequency_random,12
1.095,-0.034322467720973852,0,0,low_frequency_random,12
1.1000000000000001,-0.02927514688673143,0,0,low_frequency_random,12
1.105,0.0077090226616584705,0,0,low_frequency_random,12
1.1100000000000001,0.15488981624044601,0,0,low_frequency_random,12
1.115,0.13704373628753988,0,0,low_frequency_random,12
1.1200000000000001,0.13544236605765692,0,0,low_frequency_random,12
1.125,0.06401359003332377,0,0,low_frequency_random,12
1.1300000000000001,0.040636100321271879,0,0,low_frequency_random,12
1.135,-0.0049850091100615418,0,0,low_frequency_random,12
1.1400000000000001,0.12270708269067448,0,0,low_frequency_random,12
1.145,0.14635236821004038,0,0,low_frequency_random,12
1.1500000000000001,0.099983140797444081,0,0,low_frequency_random,12
1.155,0.25345691017595723,0,0,low_frequency_random,12
1.1599999999999999,0.14620662652474781,0,0,low_frequency_random,12
1.165,0.21420645089908391,0,0,low_frequency_random,12
1.1699999999999999,0.29423479812608994,0,0,low_frequency_random,12
1.175,0.33856843759649174,0,0,low_frequency_random,12
1.1799999999999999,0.31603976695637226,0,0,low_frequency_random,12
1.1850000000000001,0.30413773979114683,0,0,low_frequency_random,12
1.1899999999999999,0.27521304725796825,0,0,low_frequency_random,12
1.1950000000000001,0.33656947286339028,0,0,low_frequency_random,12
1.2,0.14904183304655863,0,0,low_frequency_random,12
1.2050000000000001,0.10750113802754235,0,0,low_frequency_random,12
1.21,0.11909018496769949,0,0,low_frequency_random,12
1.2150000000000001,0.072118981068827526,0,0,low_frequency_random,12
1.22,-0.073285237108833709,0,0,low_frequency_random,12
1.2250000000000001,-0.092297563366101759,0,0,low_frequency_random,12
1.23,-0.15209985581687085,0,0,low_frequency_random,12
1.2350000000000001,-0.087479581473214704,0,0,low_frequency_random,12
1.24,0.024470126332622841,0,0,low_frequency_random,12
1.2450000000000001,0.029884651765338673,0,0,low_frequency_random,12
1.25,-0.12460850497889134,0,0,low_frequency_random,12
1.2550000000000001,-0.13964317233444501,0,0,low_frequency_random,12
1.26,-0.21269246081941234,0,0,low_frequency_random,12
1.2650000000000001,-0.15720652974108318,0,0,low_frequency_random,12
1.27,-0.021443433840638876,0,0,low_frequency_random,12
1.2750000000000001,0.0039943206517047865,0,0,low_frequency_random,12
1.28,0.16638814758099918,0,0,low_frequency_random,12
1.2849999999999999,0.2864204561871378,0,0,low_frequency_random,12
1.29,0.34057527532673626,0,0,low_frequency_random,12
1.2949999999999999,0.2702284851642377,0,0,low_frequency_random,12
1.3,0.28555006049807408,0,0,low_frequency_random,12
1.3049999999999999,0.17725803355982084,0,0,low_frequency_random,12
1.3100000000000001,0.26821993950226158,0,0,low_frequency_random,12
1.3149999999999999,0.28593315454562679,0,0,low_frequency_random,12
1.3200000000000001,0.40411723916391118,0,0,low_frequency_random,12
1.325,0.43563644769176768,0,0,low_frequency_random,12
1.3300000000000001,0.28948156275611203,0,0,low_frequency_random,12
1.335,0.35089459275485563,0,0,low_frequency_random,12
1.3400000000000001,0.4348887752057945,0,0,low_frequency_random,12
1.345,0.57709584951653736,0,0,low_frequency_random,12
1.3500000000000001,0.50831799081382667,0,0,low_frequency_random,12
1.355,0.44388494884614615,0,0,low_frequency_random,12
1.3600000000000001,0.45858145556177859,0,0,low_frequency_random,12
1.365,0.38379347952784915,0,0,low_frequency_random,12
1.3700000000000001,0.28358650081197989,0,0,low_frequency_random,12
1.375,0.20615455851743858,0,0,low_frequency_random,12
1.3800000000000001,0.42295629990237649,0,0,low_frequency_random,12
1.385,0.38099361464358067,0,0,low_frequency_random,12
1.3900000000000001,0.30798914305431979,0,0,low_frequency_random,12
1.395,0.27997556941792084,0,0,low_frequency_random,12
1.4000000000000001,0.28756230042070235,0,0,low_frequency_random,12
1.405,0.39763397301115644,0,0,low_frequency_random,12
1.4099999999999999,0.47944747021044548,0,0,low_frequency_random,12
1.415,0.54825142456022424,0,0,low_frequency_random,12
1.4199999999999999,0.55726088509490712,0,0,low_frequency_random,12
1.425,0.57515583247693602,0,0,low_frequency_random,12
1.4299999999999999,0.5294983474982019,0,0,low_frequency_random,12
1.4350000000000001,0.41479768228272629,0,0,low_frequency_random,12
1.4399999999999999,0.58344984138808631,0,0,low_frequency_random,12
1.4450000000000001,0.55210111669494122,0,0,low_frequency_random,12
1.45,0.6381218303634586,0,0,low_frequency_random,12
1.4550000000000001,0.61754542984766236,0,0,low_frequency_random,12
1.46,0.61501169012680457,0,0,low_frequency_random,12
1.4650000000000001,0.6074001874485967,0,0,low_frequency_random,12
1.47,0.50211747696930964,0,0,low_frequency_random,12
1.4750000000000001,0.50096623778591054,0,0,low_frequency_random,12
1.48,0.53639373227230636,0,0,low_frequency_random,12
1.4850000000000001,0.60734535641403431,0,0,low_frequency_random,12
1.49,0.65115628708692397,0,0,low_frequency_random,12
1.4950000000000001,0.73666327124354491,0,0,low_frequency_random,12
1.5,0.76376670904995914,0,0,low_frequency_random,12
1.5050000000000001,0.76669564990669226,0,0,low_frequency_random,12
1.51,0.61300260705634302,0,0,low_frequency_random,12
1.5150000000000001,0.57413213510045469,0,0,low_frequency_random,12
1.52,0.70216049380058421,0,0,low_frequency_random,12
1.5250000000000001,0.71523286283630683,0,0,low_frequency_random,12
1.53,0.78207554506665478,0,0,low_frequency_random,12
1.5350000000000001,0.76804413024286333,0,0,low_frequency_random,12
1.54,0.7172112053336811,0,0,low_frequency_random,12
1.5449999999999999,0.88378474303500409,0,0,low_frequency_random,12
1.55,0.91467055778697126,0,0,low_frequency_random,12
1.5549999999999999,1.0361316694241245,0,0,low_frequency_random,12
1.5600000000000001,1.0800188817442622,0,0,low_frequency_random,12
1.5649999999999999,1.0577803050895804,0,0,low_frequency_random,12
1.5700000000000001,0.88005802634686903,0,0,low_frequency_random,12
1.575,0.88957486506029748,0,0,low_frequency_random,12
1.5800000000000001,0.76670797692162385,0,0,low_frequency_random,12
1.585,0.59219017265948026,0,0,low_frequency_random,12
1.5900000000000001,0.69482807952277548,0,0,low_frequency_random,12
1.595,0.7555770884563302,0,0,low_frequency_random,12
1.6000000000000001,0.80957329347676044,0,0,low_frequency_random,12
1.605,0.81596559667300328,0,0,low_frequency_random,12
1.6100000000000001,0.81546415305477293,0,0,low_frequency_random,12
1.615,0.85160914548360478,0,0,low_frequency_random,12
1.6200000000000001,0.86619109156132768,0,0,low_frequency_random,12
1.625,0.87392619427788809,0,0,low_frequency_random,12
1.6300000000000001,0.9350466291386198,0,0,low_frequency_random,12
1.635,0.74042395682094919,0,0,low_frequency_random,12
1.6400000000000001,0.81421434356379652,0,0,low_frequency_random,12
1.645,0.76570538007121802,0,0,low_frequency_random,12
1.6500000000000001,0.836133445893397,0,0,low_frequency_random,12
1.655,0.93161839380792111,0,0,low_frequency_random,12
1.6600000000000001,0.8652884210118863,0,0,low_frequency_random,12
1.665,0.92969556176419466,0,0,low_frequency_random,12
1.6699999999999999,0.99252685428331311,0,0,low_frequency_random,12
1.675,0.93514667166601129,0,0,low_frequency_random,12
1.6799999999999999,0.8914140038977153,0,0,low_frequency_random,12
1.6850000000000001,0.89868690179779065,0,0,low_frequency_random,12
1.6899999999999999,0.7184634362758886,0,0,low_frequency_random,12
1.6950000000000001,0.68092099108165716,0,0,low_frequency_random,12
1.7,0.69385691835263041,0,0,low_frequency_random,12
1.7050000000000001,0.65590688088993709,0,0,low_frequency_random,12
1.71,0.52598829553303528,0,0,low_frequency_random,12
1.7150000000000001,0.49306599895715131,0,0,low_frequency_random,12
1.72,0.61255933883882852,0,0,low_frequency_random,12
1.7250000000000001,0.71615460831634048,0,0,low_frequency_random,12
1.73,0.70377397886962123,0,0,low_frequency_random,12
1.7350000000000001,0.63659177374051401,0,0,low_frequency_random,12
1.74,0.63271805078633547,0,0,low_frequency_random,12
1.7450000000000001,0.63128910696481411,0,0,low_frequency_random,12
1.75,0.57450900107295944,0,0,low_frequency_random,12
1.7550000000000001,0.54530519188993309,0,0,low_frequency_random,12
1.76,0.59280320664126873,0,0,low_frequency_random,12
1.7650000000000001,0.6648833524046811,0,0,low_frequency_random,12
1.77,0.46714444374029468,0,0,low_frequency_random,12
1.7750000000000001,0.54323995452259655,0,0,low_frequency_random,12
1.78,0.55172401708448648,0,0,low_frequency_random,12
1.7850000000000001,0.6411807216080242,0,0,low_frequency_random,12
1.79,0.63675378422605056,0,0,low_frequency_random,12
1.7949999999999999,0.66906475568946533,0,0,low_frequency_random,12
1.8,0.7970437361803292,0,0,low_frequency_random,12
1.8049999999999999,0.55623438238430845,0,0,low_frequency_random,12
1.8100000000000001,0.68078160363715157,0,0,low_frequency_random,12
1.8149999999999999,0.69286166014262351,0,0,low_frequency_random,12
1.8200000000000001,0.54414093512370232,0,0,low_frequency_random,12
1.825,0.32874380788641977,0,0,low_frequency_random,12
1.8300000000000001,0.35226727767468891,0,0,low_frequency_random,12
1.835,0.26867158272288783,0,0,low_frequency_random,12
1.8400000000000001,0.3477183632301929,0,0,low_frequency_random,12
1.845,0.36341961762947672,0,0,low_frequency_random,12
1.8500000000000001,0.35113586961080512,0,0,low_frequency_random,12
1.855,0.42900654025689866,0,0,low_frequency_random,12
1.8600000000000001,0.4425337731254147,0,0,low_frequency_random,12
1.865,0.49979536360568355,0,0,low_frequency_random,12
1.8700000000000001,0.56393775520398248,0,0,low_frequency_random,12
1.875,0.58699202975644682,0,0,low_frequency_random,12
1.8800000000000001,0.64729488886229292,0,0,low_frequency_random,12
1.885,0.70719213227201327,0,0,low_frequency_random,12
1.8900000000000001,0.59454895023105425,0,0,low_frequency_random,12
1.895,0.5699031858169793,0,0,low_frequency_random,12
1.9000000000000001,0.5575574782265188,0,0,low_frequency_random,12
1.905,0.52470861416861581,0,0,low_frequency_random,12
1.9100000000000001,0.39541527332158916,0,0,low_frequency_random,12
1.915,0.34824896785578385,0,0,low_frequency_random,12
1.9199999999999999,0.37367491888304039,0,0,low_frequency_random,12
1.925,0.38728536422205367,0,0,low_frequency_random,12
1.9299999999999999,0.50708009209959914,0,0,low_frequency_random,12
1.9350000000000001,0.45622564488027967,0,0,low_frequency_random,12
1.9399999999999999,0.41950595057372586,0,0,low_frequency_random,12
1.9450000000000001,0.37177131573964917,0,0,low_frequency_random,12
1.95,0.34476366815623433,0,0,low_frequency_random,12
1.9550000000000001,0.29492904091750127,0,0,low_frequency_random,12
1.96,0.14419740981768439,0,0,low_frequency_random,12
1.9650000000000001,0.17109652488898541,0,0,low_frequency_random,12
1.97,0.24924379196078628,0,0,low_frequency_random,12
1.9750000000000001,0.33750073541545544,0,0,low_frequency_random,12
1.98,0.24912207444750534,0,0,low_frequency_random,12
1.9850000000000001,0.23252332206890394,0,0,low_frequency_random,12
1.99,0.3790577823959857,0,0,low_frequency_random,12
1.9950000000000001,0.36861418187052136,0,0,low_frequency_random,12
2,0.39465139201854743,0,0,low_frequency_random,12
2.0049999999999999,0.3805843267399372,0,0,low_frequency_random,12
2.0100000000000002,0.45903377149986696,0,0,low_frequency_random,12
2.0150000000000001,0.53407587316235439,0,0,low_frequency_random,12
2.02,0.71721499715090054,0,0,low_frequency_random,12
2.0249999999999999,0.75354166367669906,0,0,low_frequency_random,12
2.0300000000000002,0.78565790639535626,0,0,low_frequency_random,12
2.0350000000000001,0.68497024707636411,0,0,low_frequency_random,12
2.04,0.64887963566680473,0,0,low_frequency_random,12
2.0449999999999999,0.58964339804513122,0,0,low_frequency_random,12
2.0499999999999998,0.56051125564023641,0,0,low_frequency_random,12
2.0550000000000002,0.45310807688603,0,0,low_frequency_random,12
2.0600000000000001,0.54796580215605739,0,0,low_frequency_random,12
2.0649999999999999,0.46115003988271114,0,0,low_frequency_random,12
2.0699999999999998,0.48068709921324493,0,0,low_frequency_random,12
2.0750000000000002,0.37774812304673655,0,0,low_frequency_random,12
2.0800000000000001,0.40357758169786889,0,0,low_frequency_random,12
2.085,0.53388628044180508,0,0,low_frequency_random,12
2.0899999999999999,0.46579097968299116,0,0,low_frequency_random,12
2.0950000000000002,0.49260317605218862,0,0,low_frequency_random,12
2.1000000000000001,0.48481839291261231,0,0,low_frequency_random,12
2.105,0.50505554479157189,0,0,low_frequency_random,12
2.1099999999999999,0.53611855183805268,0,0,low_frequency_random,12
2.1150000000000002,0.48273048493634657,0,0,low_frequency_random,12
2.1200000000000001,0.46597206996404367,0,0,low_frequency_random,12
2.125,0.41664382962537111,0,0,low_frequency_random,12
2.1299999999999999,0.34875827421249633,0,0,low_frequency_random,12
2.1350000000000002,0.2490076556582892,0,0,low_frequency_random,12
2.1400000000000001,0.32480706867187403,0,0,low_frequency_random,12
2.145,0.26428539766579284,0,0,low_frequency_random,12
2.1499999999999999,0.31610419534102252,0,0,low_frequency_random,12
2.1550000000000002,0.35883979208644456,0,0,low_frequency_random,12
2.1600000000000001,0.27736707268607619,0,0,low_frequency_random,12
2.165,0.35965126965296473,0,0,low_frequency_random,12
2.1699999999999999,0.28918334155390379,0,0,low_frequency_random,12
2.1750000000000003,0.33792533622047638,0,0,low_frequency_random,12
2.1800000000000002,0.45259764104697164,0,0,low_frequency_random,12
2.1850000000000001,0.39325371913159057,0,0,low_frequency_random,12
2.1899999999999999,0.31716503492495213,0,0,low_frequency_random,12
2.1949999999999998,0.24036358634028038,0,0,low_frequency_random,12
2.2000000000000002,0.42246083572622883,0,0,low_frequency_random,12
2.2050000000000001,0.3903825846425315,0,0,low_frequency_random,12
2.21,0.28747989192630657,0,0,low_frequency_random,12
2.2149999999999999,0.35100954690230657,0,0,low_frequency_random,12
2.2200000000000002,0.33496967847653714,0,0,low_frequency_random,12
2.2250000000000001,0.3304105182027931,0,0,low_frequency_random,12
2.23,0.24886954438359651,0,0,low_frequency_random,12
2.2349999999999999,0.069640674300900512,0,0,low_frequency_random,12
2.2400000000000002,0.010492144066098587,0,0,low_frequency_random,12
2.2450000000000001,-0.073626361780144367,0,0,low_frequency_random,12
2.25,-0.20323226360015406,0,0,low_frequency_random,12
2.2549999999999999,-0.28968057824175675,0,0,low_frequency_random,12
2.2600000000000002,-0.36471953557250908,0,0,low_frequency_random,12
2.2650000000000001,-0.29946834572348824,0,0,low_frequency_random,12
2.27,-0.24245677775995503,0,0,low_frequency_random,12
2.2749999999999999,-0.2009127625718608,0,0,low_frequency_random,12
2.2800000000000002,-0.2433794035123005,0,0,low_frequency_random,12
2.2850000000000001,-0.34351665456676228,0,0,low_frequency_random,12
2.29,-0.31895770298734899,0,0,low_frequency_random,12
2.2949999999999999,-0.28155415157978464,0,0,low_frequency_random,12
2.3000000000000003,-0.20102734261119581,0,0,low_frequency_random,12
2.3050000000000002,-0.20309983365417744,0,0,low_frequency_random,12
2.3100000000000001,-0.21330230083043814,0,0,low_frequency_random,12
2.3149999999999999,-0.18846930137530876,0,0,low_frequency_random,12
2.3199999999999998,-0.262393997595046,0,0,low_frequency_random,12
2.3250000000000002,-0.32616186899838195,0,0,low_frequency_random,12
2.3300000000000001,-0.2741733455126335,0,0,low_frequency_random,12
2.335,-0.37417151361133577,0,0,low_frequency_random,12
2.3399999999999999,-0.379482937695094,0,0,low_frequency_random,12
2.3450000000000002,-0.31593649256401257,0,0,low_frequency_random,12
2.3500000000000001,-0.29618829262949509,0,0,low_frequency_random,12
2.355,-0.26101530456125355,0,0,low_frequency_random,12
2.3599999999999999,-0.3487949788427307,0,0,low_frequency_random,12
2.3650000000000002,-0.35746036181604807,0,0,low_frequency_random,12
2.3700000000000001,-0.37766479618993576,0,0,low_frequency_random,12
2.375,-0.32792779210975986,0,0,low_frequency_random,12
2.3799999999999999,-0.29296262947559937,0,0,low_frequency_random,12
2.3850000000000002,-0.28910561423923647,0,0,low_frequency_random,12
2.3900000000000001,-0.13573239608520118,0,0,low_frequency_random,12
2.395,-0.091244481736658431,0,0,low_frequency_random,12
2.3999999999999999,-0.11305375196618379,0,0,low_frequency_random,12
2.4050000000000002,-0.16064751272186623,0,0,low_frequency_random,12
2.4100000000000001,-0.16183757957560152,0,0,low_frequency_random,12
2.415,-0.20556343136013422,0,0,low_frequency_random,12
2.4199999999999999,-0.072810909705162435,0,0,low_frequency_random,12
2.4250000000000003,-0.025790841832230287,0,0,low_frequency_random,12
2.4300000000000002,-0.049005117749154614,0,0,low_frequency_random,12
2.4350000000000001,-0.099540920617796042,0,0,low_frequency_random,12
2.4399999999999999,-0.18307837043177932,0,0,low_frequency_random,12
2.4449999999999998,-0.20249180830091704,0,0,low_frequency_random,12
2.4500000000000002,-0.095108816747330696,0,0,low_frequency_random,12
2.4550000000000001,-0.025728396259962247,0,0,low_frequency_random,12
2.46,-0.028083336792201315,0,0,low_frequency_random,12
2.4649999999999999,-0.014741501233973751,0,0,low_frequency_random,12
2.4700000000000002,-0.16135596698231483,0,0,low_frequency_random,12
2.4750000000000001,-0.097717083238393107,0,0,low_frequency_random,12
2.48,-0.11259949812595277,0,0,low_frequency_random,12
2.4849999999999999,1.0068482656250266e-05,0,0,low_frequency_random,12
2.4900000000000002,-0.011888375084738325,0,0,low_frequency_random,12
2.4950000000000001,-0.048044307405161593,0,0,low_frequency_random,12
2.5,-0.028132313531664836,0,0,low_frequency_random,12
2.5049999999999999,-0.076206132341948285,0,0,low_frequency_random,12
2.5100000000000002,0.034056594196122919,0,0,low_frequency_random,12
2.5150000000000001,0.059622184479872567,0,0,low_frequency_random,12
2.52,0.091653016063850068,0,0,low_frequency_random,12
2.5249999999999999,0.12100589719427643,0,0,low_frequency_random,12
2.5300000000000002,0.095512635535621421,0,0,low_frequency_random,12
2.5350000000000001,0.136831964692333,0,0,low_frequency_random,12
2.54,0.15357276420047636,0,0,low_frequency_random,12
2.5449999999999999,0.29657527239406034,0,0,low_frequency_random,12
2.5500000000000003,0.30374456890521451,0,0,low_frequency_random,12
2.5550000000000002,0.33604018934609131,0,0,low_frequency_random,12
2.5600000000000001,0.30209013117210448,0,0,low_frequency_random,12
2.5649999999999999,0.27530950939466914,0,0,low_frequency_random,12
2.5699999999999998,0.25429329270771711,0,0,low_frequency_random,12
2.5750000000000002,0.36142788187325992,0,0,low_frequency_random,12
2.5800000000000001,0.37178516256446792,0,0,low_frequency_random,12
2.585,0.45355575208573307,0,0,low_frequency_random,12
2.5899999999999999,0.43678053049778859,0,0,low_frequency_random,12
2.5950000000000002,0.41213737888622232,0,0,low_frequency_random,12
2.6000000000000001,0.26318067456083649,0,0,low_frequency_random,12
2.605,0.33492720058069292,0,0,low_frequency_random,12
2.6099999999999999,0.50477311427494742,0,0,low_frequency_random,12
2.6150000000000002,0.49125486132441215,0,0,low_frequency_random,12
2.6200000000000001,0.61065158715534795,0,0,low_frequency_random,12
2.625,0.6829115084984716,0,0,low_frequency_random,12
2.6299999999999999,0.63243755704458637,0,0,low_frequency_random,12
2.6350000000000002,0.6978828805382632,0,0,low_frequency_random,12
2.6400000000000001,0.63054494532633576,0,0,low_frequency_random,12
2.645,0.61125697775561627,0,0,low_frequency_random,12
2.6499999999999999,0.71342447527598174,0,0,low_frequency_random,12
2.6550000000000002,0.73051234608251803,0,0,low_frequency_random,12
2.6600000000000001,0.64130435488163673,0,0,low_frequency_random,12
2.665,0.75884159545645447,0,0,low_frequency_random,12
2.6699999999999999,0.67536010869538865,0,0,low_frequency_random,12
2.6750000000000003,0.66709414713800441,0,0,low_frequency_random,12
2.6800000000000002,0.64414986643750072,0,0,low_frequency_random,12
2.6850000000000001,0.6360365931890839,0,0,low_frequency_random,12
2.6899999999999999,0.57293416867580382,0,0,low_frequency_random,12
2.6949999999999998,0.44761174686085081,0,0,low_frequency_random,12
2.7000000000000002,0.6013099405412039,0,0,low_frequency_random,12
2.7050000000000001,0.53075477409411242,0,0,low_frequency_random,12
2.71,0.46543950238160542,0,0,low_frequency_random,12
2.7149999999999999,0.27642990988010757,0,0,low_frequency_random,12
2.7200000000000002,0.28999133654195913,0,0,low_frequency_random,12
2.7250000000000001,0.39921368270435736,0,0,low_frequency_random,12
2.73,0.5167215967751535,0,0,low_frequency_random,12
2.7349999999999999,0.74256075263576626,0,0,low_frequency_random,12
2.7400000000000002,0.86640257752999594,0,0,low_frequency_random,12
2.7450000000000001,0.90277826274446715,0,0,low_frequency_random,12
2.75,0.90861281045346021,0,0,low_frequency_random,12
2.7549999999999999,1.0268051112361325,0,0,low_frequency_random,12
2.7600000000000002,1.0272789336027977,0,0,low_frequency_random,12
2.7650000000000001,1.0464155527822285,0,0,low_frequency_random,12
2.77,0.97326374658885595,0,0,low_frequency_random,12
2.7749999999999999,0.98487238453827952,0,0,low_frequency_random,12
2.7800000000000002,1.1458233702981611,0,0,low_frequency_random,12
2.7850000000000001,1.142842464783459,0,0,low_frequency_random,12
2.79,1.1773044874180658,0,0,low_frequency_random,12
2.7949999999999999,0.98805424619974247,0,0,low_frequency_random,12
2.8000000000000003,1.0987671166414279,0,0,low_frequency_random,12
2.8050000000000002,1.1312881600998577,0,0,low_frequency_random,12
2.8100000000000001,1.2461926030113197,0,0,low_frequency_random,12
2.8149999999999999,1.2670996836484973,0,0,low_frequency_random,12
2.8199999999999998,1.2004069587737278,0,0,low_frequency_random,12
2.8250000000000002,1.0930845253232482,0,0,low_frequency_random,12
2.8300000000000001,1.1345225916718704,0,0,low_frequency_random,12
2.835,1.1331756270043252,0,0,low_frequency_random,12
2.8399999999999999,1.0558043738263787,0,0,low_frequency_random,12
2.8450000000000002,1.0507862468309206,0,0,low_frequency_random,12
2.8500000000000001,0.9999234177657883,0,0,low_frequency_random,12
2.855,1.0566427010851409,0,0,low_frequency_random,12
2.8599999999999999,1.0225788755709921,0,0,low_frequency_random,12
2.8650000000000002,0.92334450754657349,0,0,low_frequency_random,12
2.8700000000000001,0.91469708626168456,0,0,low_frequency_random,12
2.875,0.86787077913509558,0,0,low_frequency_random,12
2.8799999999999999,0.98305693953847839,0,0,low_frequency_random,12
2.8850000000000002,0.94248088137398955,0,0,low_frequency_random,12
2.8900000000000001,0.83357175157815,0,0,low_frequency_random,12
2.895,0.82516223133461308,0,0,low_frequency_random,12
2.8999999999999999,0.80039427222565018,0,0,low_frequency_random,12
2.9050000000000002,0.81705234942049842,0,0,low_frequency_random,12
2.9100000000000001,0.82891857941703284,0,0,low_frequency_random,12
2.915,0.74093145704701191,0,0,low_frequency_random,12
2.9199999999999999,0.73102214711523439,0,0,low_frequency_random,12
2.9250000000000003,0.71668247039570998,0,0,low_frequency_random,12
2.9300000000000002,0.61486926557855504,0,0,low_frequency_random,12
2.9350000000000001,0.56322797391669055,0,0,low_frequency_random,12
2.9399999999999999,0.57310572792323877,0,0,low_frequency_random,12
2.9449999999999998,0.43963280197912302,0,0,low_frequency_random,12
2.9500000000000002,0.34695818423909658,0,0,low_frequency_random,12
2.9550000000000001,0.30349982743835602,0,0,low_frequency_random,12
2.96,0.28970936207060421,0,0,low_frequency_random,12
2.9649999999999999,0.32367910945608686,0,0,low_frequency_random,12
2.9700000000000002,0.20813865630512662,0,0,low_frequency_random,12
2.9750000000000001,0.2248658054869439,0,0,low_frequency_random,12
2.98,0.26720883811427765,0,0,low_frequency_random,12
2.9849999999999999,0.38260646859324682,0,0,low_frequency_random,12
2.9900000000000002,0.34068687163771161,0,0,low_frequency_random,12
2.9950000000000001,0.25931715772473685,0,0,low_frequency_random,12
3,0.12902559374875833,0,0,low_frequency_random,12
3.0049999999999999,0.16566819652671641,0,0,low_frequency_random,12
3.0100000000000002,0.26086491636434345,0,0,low_frequency_random,12
3.0150000000000001,0.19810650996910811,0,0,low_frequency_random,12
3.02,0.22616597434479813,0,0,low_frequency_random,12
3.0249999999999999,0.28782139525846606,0,0,low_frequency_random,12
3.0300000000000002,0.35723225487371002,0,0,low_frequency_random,12
3.0350000000000001,0.31893012721387931,0,0,low_frequency_random,12
3.04,0.3648121918841109,0,0,low_frequency_random,12
3.0449999999999999,0.35611923809753593,0,0,low_frequency_random,12
3.0500000000000003,0.27678857115902872,0,0,low_frequency_random,12
3.0550000000000002,0.29487690637056613,0,0,low_frequency_random,12
3.0600000000000001,0.32137706003217048,0,0,low_frequency_random,12
3.0649999999999999,0.24281022931006363,0,0,low_frequency_random,12
3.0700000000000003,0.27719052919123871,0,0,low_frequency_random,12
3.0750000000000002,0.43542299218840363,0,0,low_frequency_random,12
3.0800000000000001,0.31473458757121731,0,0,low_frequency_random,12
3.085,0.37027681729405199,0,0,low_frequency_random,12
3.0899999999999999,0.44259910261650998,0,0,low_frequency_random,12
3.0950000000000002,0.4459177465722205,0,0,low_frequency_random,12
3.1000000000000001,0.47120665650263199,0,0,low_frequency_random,12
3.105,0.44923980047593853,0,0,low_frequency_random,12
3.1099999999999999,0.55629371666889083,0,0,low_frequency_random,12
3.1150000000000002,0.47960587031281088,0,0,low_frequency_random,12
3.1200000000000001,0.46691443678759414,0,0,low_frequency_random,12
3.125,0.31017417932256258,0,0,low_frequency_random,12
3.1299999999999999,0.33421260085024318,0,0,low_frequency_random,12
3.1350000000000002,0.36177276914242584,0,0,low_frequency_random,12
3.1400000000000001,0.22563499272399112,0,0,low_frequency_random,12
3.145,0.15386741562458944,0,0,low_frequency_random,12
3.1499999999999999,0.18954788025145478,0,0,low_frequency_random,12
3.1550000000000002,0.14756693686485867,0,0,low_frequency_random,12
3.1600000000000001,0.047957776343235045,0,0,low_frequency_random,12
3.165,-0.15440807786665028,0,0,low_frequency_random,12
3.1699999999999999,-0.1291071318749567,0,0,low_frequency_random,12
3.1750000000000003,0.022679319090791544,0,0,low_frequency_random,12
3.1800000000000002,-0.017641666816777611,0,0,low_frequency_random,12
3.1850000000000001,0.013270997411364293,0,0,low_frequency_random,12
3.1899999999999999,0.042605228736009033,0,0,low_frequency_random,12
3.1950000000000003,0.03156206044972034,0,0,low_frequency_random,12
3.2000000000000002,0.034940130409369323,0,0,low_frequency_random,12
3.2050000000000001,0.039703016758282951,0,0,low_frequency_random,12
3.21,-0.034233058113688021,0,0,low_frequency_random,12
3.2149999999999999,0.16093417887308722,0,0,low_frequency_random,12
3.2200000000000002,0.37294280831956783,0,0,low_frequency_random,12
3.2250000000000001,0.39168551225531761,0,0,low_frequency_random,12
3.23,0.52813327155158651,0,0,low_frequency_random,12
3.2349999999999999,0.45584623579376776,0,0,low_frequency_random,12
3.2400000000000002,0.43132883798565358,0,0,low_frequency_random,12
3.2450000000000001,0.51543341672013809,0,0,low_frequency_random,12
3.25,0.41685995160680828,0,0,low_frequency_random,12
3.2549999999999999,0.30683466989353858,0,0,low_frequency_random,12
3.2600000000000002,0.3286842809025512,0,0,low_frequency_random,12
3.2650000000000001,0.16522427196546163,0,0,low_frequency_random,12
3.27,0.29828621417579476,0,0,low_frequency_random,12
3.2749999999999999,0.35326063053813678,0,0,low_frequency_random,12
3.2800000000000002,0.36809255156818288,0,0,low_frequency_random,12
3.2850000000000001,0.41728730510871187,0,0,low_frequency_random,12
3.29,0.34060586476894938,0,0,low_frequency_random,12
3.2949999999999999,0.26195450397784537,0,0,low_frequency_random,12
3.3000000000000003,0.32568694709842994,0,0,low_frequency_random,12
3.3050000000000002,0.39771265757996166,0,0,low_frequency_random,12
3.3100000000000001,0.40611075490307452,0,0,low_frequency_random,12
3.3149999999999999,0.39941139554338262,0,0,low_frequency_random,12
3.3200000000000003,0.35377459049207755,0,0,low_frequency_random,12
3.3250000000000002,0.46264352606823594,0,0,low_frequency_random,12
3.3300000000000001,0.34132242210964076,0,0,low_frequency_random,12
3.335,0.27070592835449137,0,0,low_frequency_random,12
3.3399999999999999,0.2259604568608321,0,0,low_frequency_random,12
3.3450000000000002,0.10251449193748144,0,0,low_frequency_random,12
3.3500000000000001,-0.0042879498109367059,0,0,low_frequency_random,12
3.355,-0.086732272850268743,0,0,low_frequency_random,12
3.3599999999999999,-0.0057053694353864232,0,0,low_frequency_random,12
3.3650000000000002,0.13821992350505694,0,0,low_frequency_random,12
3.3700000000000001,0.16534545747109336,0,0,low_frequency_random,12
3.375,0.035181056826682294,0,0,low_frequency_random,12
3.3799999999999999,-0.013439591111232711,0,0,low_frequency_random,12
3.3850000000000002,-0.024265746440309148,0,0,low_frequency_random,12
3.3900000000000001,-0.045606901755698009,0,0,low_frequency_random,12
3.395,-0.074990209376069414,0,0,low_frequency_random,12
3.3999999999999999,-0.03338278180287136,0,0,low_frequency_random,12
3.4050000000000002,-0.18829447908472885,0,0,low_frequency_random,12
3.4100000000000001,-0.233250048436937,0,0,low_frequency_random,12
3.415,-0.21476847632366458,0,0,low_frequency_random,12
3.4199999999999999,-0.15628251966518658,0,0,low_frequency_random,12
3.4250000000000003,-0.13225813748196136,0,0,low_frequency_random,12
3.4300000000000002,-0.12942193409663719,0,0,low_frequency_random,12
3.4350000000000001,-0.13898917397767707,0,0,low_frequency_random,12
3.4399999999999999,-0.19044641084180813,0,0,low_frequency_random,12
3.4450000000000003,-0.18121329199844385,0,0,low_frequency_random,12
3.4500000000000002,-0.1951546656246862,0,0,low_frequency_random,12
3.4550000000000001,-0.2486972505753261,0,0,low_frequency_random,12
3.46,-0.14949910364100719,0,0,low_frequency_random,12
3.4649999999999999,-0.051931528317889664,0,0,low_frequency_random,12
3.4700000000000002,-0.079052843658219171,0,0,low_frequency_random,12
3.4750000000000001,-0.026955910796237534,0,0,low_frequency_random,12
3.48,0.071363928677642491,0,0,low_frequency_random,12
3.4849999999999999,0.095028962140201567,0,0,low_frequency_random,12
3.4900000000000002,0.10757781082258207,0,0,low_frequency_random,12
3.4950000000000001,0.14961989756414579,0,0,low_frequency_random,12
3.5,0.020439671766465023,0,0,low_frequency_random,12
3.5049999999999999,-0.090475392526400938,0,0,low_frequency_random,12
3.5100000000000002,-0.045002051856815578,0,0,low_frequency_random,12
3.5150000000000001,-0.019402147240368699,0,0,low_frequency_random,12
3.52,0.093273468647401811,0,0,low_frequency_random,12
3.5249999999999999,0.056795233966003771,0,0,low_frequency_random,12
3.5300000000000002,0.14774800352474532,0,0,low_frequency_random,12
3.5350000000000001,0.235211692102684,0,0,low_frequency_random,12
3.54,0.39500272734473352,0,0,low_frequency_random,12
3.5449999999999999,0.33288411386657363,0,0,low_frequency_random,12
3.5500000000000003,0.30681905473696264,0,0,low_frequency_random,12
3.5550000000000002,0.33117000916398381,0,0,low_frequency_random,12
3.5600000000000001,0.35469003268816113,0,0,low_frequency_random,12
3.5649999999999999,0.27739813072246461,0,0,low_frequency_random,12
3.5700000000000003,0.23469000629390629,0,0,low_frequency_random,12
3.5750000000000002,0.13374388899776241,0,0,low_frequency_random,12
3.5800000000000001,0.32126679637183403,0,0,low_frequency_random,12
3.585,0.31849459353902171,0,0,low_frequency_random,12
3.5899999999999999,0.32024143721541726,0,0,low_frequency_random,12
3.5950000000000002,0.27385155980886727,0,0,low_frequency_random,12
3.6000000000000001,0.27865783167868424,0,0,low_frequency_random,12
3.605,0.34427107074028324,0,0,low_frequency_random,12
3.6099999999999999,0.32026790634769536,0,0,low_frequency_random,12
3.6150000000000002,0.32048850386603628,0,0,low_frequency_random,12
3.6200000000000001,0.49617846608293892,0,0,low_frequency_random,12
3.625,0.57143575766706345,0,0,low_frequency_random,12
3.6299999999999999,0.59159035091162604,0,0,low_frequency_random,12
3.6350000000000002,0.55915823271452603,0,0,low_frequency_random,12
3.6400000000000001,0.55865981214445903,0,0,low_frequency_random,12
3.645,0.50072444883878819,0,0,low_frequency_random,12
3.6499999999999999,0.52386931290594696,0,0,low_frequency_random,12
3.6550000000000002,0.47154862647322254,0,0,low_frequency_random,12
3.6600000000000001,0.4148439304829204,0,0,low_frequency_random,12
3.665,0.38359186815202923,0,0,low_frequency_random,12
3.6699999999999999,0.29931982650409616,0,0,low_frequency_random,12
3.6750000000000003,0.31610312146756758,0,0,low_frequency_random,12
3.6800000000000002,0.51755692695757594,0,0,low_frequency_random,12
3.6850000000000001,0.46736610168989101,0,0,low_frequency_random,12
3.6899999999999999,0.33447481165102805,0,0,low_frequency_random,12
3.6950000000000003,0.41048278430538782,0,0,low_frequency_random,12
3.7000000000000002,0.40106717284090143,0,0,low_frequency_random,12
3.7050000000000001,0.55734281685472464,0,0,low_frequency_random,12
3.71,0.58511351890011543,0,0,low_frequency_random,12
3.7149999999999999,0.65618321414316949,0,0,low_frequency_random,12
3.7200000000000002,0.59066991316253936,0,0,low_frequency_random,12
3.7250000000000001,0.45989759634202065,0,0,low_frequency_random,12
3.73,0.44180401302845673,0,0,low_frequency_random,12
3.7349999999999999,0.4911899074594322,0,0,low_frequency_random,12
3.7400000000000002,0.41824754728116081,0,0,low_frequency_random,12
3.7450000000000001,0.28720203177966802,0,0,low_frequency_random,12
3.75,0.23584169254346637,0,0,low_frequency_random,12
3.7549999999999999,0.19641328824437027,0,0,low_frequency_random,12
3.7600000000000002,0.16609991248175282,0,0,low_frequency_random,12
3.7650000000000001,0.15915602711556406,0,0,low_frequency_random,12
3.77,0.34513574440666916,0,0,low_frequency_random,12
3.7749999999999999,0.3417538945369174,0,0,low_frequency_random,12
3.7800000000000002,0.29627953096284299,0,0,low_frequency_random,12
3.7850000000000001,0.20404689240699175,0,0,low_frequency_random,12
3.79,0.26215157078396362,0,0,low_frequency_random,12
3.7949999999999999,0.13015777069933118,0,0,low_frequency_random,12
3.8000000000000003,0.23985407622180976,0,0,low_frequency_random,12
3.8050000000000002,0.23313516093106174,0,0,low_frequency_random,12
3.8100000000000001,0.10727953592603386,0,0,low_frequency_random,12
3.8149999999999999,0.1162410684617504,0,0,low_frequency_random,12
3.8200000000000003,0.10127822006351239,0,0,low_frequency_random,12
3.8250000000000002,0.19302160091846615,0,0,low_frequency_random,12
3.8300000000000001,0.067380273174858007,0,0,low_frequency_random,12
3.835,0.077664998079043798,0,0,low_frequency_random,12
3.8399999999999999,0.070415643056420257,0,0,low_frequency_random,12
3.8450000000000002,0.1375415555995719,0,0,low_frequency_random,12
3.8500000000000001,0.040770545572896777,0,0,low_frequency_random,12
3.855,-0.027124406166736025,0,0,low_frequency_random,12
3.8599999999999999,0.12377522675100432,0,0,low_frequency_random,12
3.8650000000000002,0.16159282552752241,0,0,low_frequency_random,12
3.8700000000000001,0.037390157546605921,0,0,low_frequency_random,12
3.875,0.057136235593221965,0,0,low_frequency_random,12
3.8799999999999999,-0.011793173979362991,0,0,low_frequency_random,12
3.8850000000000002,-0.072526443995322626,0,0,low_frequency_random,12
3.8900000000000001,-0.17526598443450631,0,0,low_frequency_random,12
3.895,-0.1021977148890863,0,0,low_frequency_random,12
3.8999999999999999,-0.15051449853598731,0,0,low_frequency_random,12
3.9050000000000002,-0.14010848249539185,0,0,low_frequency_random,12
3.9100000000000001,-0.1395118852360181,0,0,low_frequency_random,12
3.915,-0.26581427161742588,0,0,low_frequency_random,12
3.9199999999999999,-0.32979313605093852,0,0,low_frequency_random,12
3.9250000000000003,-0.27333311667728716,0,0,low_frequency_random,12
3.9300000000000002,-0.40292063194200345,0,0,low_frequency_random,12
3.9350000000000001,-0.38739812925926664,0,0,low_frequency_random,12
3.9399999999999999,-0.39997569791366766,0,0,low_frequency_random,12
3.9450000000000003,-0.35273516757633394,0,0,low_frequency_random,12
3.9500000000000002,-0.30250554099471305,0,0,low_frequency_random,12
3.9550000000000001,-0.24140302541114014,0,0,low_frequency_random,12
3.96,-0.24145143727656679,0,0,low_frequency_random,12
3.9650000000000003,-0.22565939496997237,0,0,low_frequency_random,12
3.9700000000000002,-0.28640065000969778,0,0,low_frequency_random,12
3.9750000000000001,-0.33382120365463019,0,0,low_frequency_random,12
3.98,-0.26619288397221247,0,0,low_frequency_random,12
3.9849999999999999,-0.31795042621775016,0,0,low_frequency_random,12
3.9900000000000002,-0.24032403761872811,0,0,low_frequency_random,12
3.9950000000000001,-0.16500853302851717,0,0,low_frequency_random,12
4,-0.23299762775549099,0,0,low_frequency_random,12
4.0049999999999999,-0.19249763884438495,0,0,low_frequency_random,12
4.0099999999999998,-0.2614474182703449,0,0,low_frequency_random,12
4.0149999999999997,-0.23819187688344445,0,0,low_frequency_random,12
4.0200000000000005,-0.30394161655519214,0,0,low_frequency_random,12
4.0250000000000004,-0.28075377099311805,0,0,low_frequency_random,12
4.0300000000000002,-0.27086189706033553,0,0,low_frequency_random,12
4.0350000000000001,-0.35724899666522175,0,0,low_frequency_random,12
4.04,-0.19699504438380991,0,0,low_frequency_random,12
4.0449999999999999,-0.12408939418890146,0,0,low_frequency_random,12
4.0499999999999998,-0.25542302259130212,0,0,low_frequency_random,12
4.0549999999999997,-0.23087196393598036,0,0,low_frequency_random,12
4.0600000000000005,-0.26797680031283655,0,0,low_frequency_random,12
4.0650000000000004,-0.10769255254847984,0,0,low_frequency_random,12
4.0700000000000003,-0.11583955636955029,0,0,low_frequency_random,12
4.0750000000000002,-0.087836132043308215,0,0,low_frequency_random,12
4.0800000000000001,-0.10569160030318174,0,0,low_frequency_random,12
4.085,-0.058594300911363209,0,0,low_frequency_random,12
4.0899999999999999,-0.10462677191719992,0,0,low_frequency_random,12
4.0949999999999998,-0.17927778195443908,0,0,low_frequency_random,12
4.0999999999999996,-0.22148532670813925,0,0,low_frequency_random,12
4.1050000000000004,-0.25757245403769186,0,0,low_frequency_random,12
4.1100000000000003,-0.20983537945965031,0,0,low_frequency_random,12
4.1150000000000002,-0.20519610357809942,0,0,low_frequency_random,12
4.1200000000000001,-0.24287309714787528,0,0,low_frequency_random,12
4.125,-0.27731773783545788,0,0,low_frequency_random,12
4.1299999999999999,-0.3519834442085068,0,0,low_frequency_random,12
4.1349999999999998,-0.3431815360786602,0,0,low_frequency_random,12
4.1399999999999997,-0.50648358606364396,0,0,low_frequency_random,12
4.1450000000000005,-0.52474221967478318,0,0,low_frequency_random,12
4.1500000000000004,-0.43088323820442109,0,0,low_frequency_random,12
4.1550000000000002,-0.46059122766164351,0,0,low_frequency_random,12
4.1600000000000001,-0.51339017267430753,0,0,low_frequency_random,12
4.165,-0.51026700718116713,0,0,low_frequency_random,12
4.1699999999999999,-0.584734980353532,0,0,low_frequency_random,12
4.1749999999999998,-0.6450751670184165,0,0,low_frequency_random,12
4.1799999999999997,-0.5902695198346507,0,0,low_frequency_random,12
4.1850000000000005,-0.64066940765648317,0,0,low_frequency_random,12
4.1900000000000004,-0.48445792783400943,0,0,low_frequency_random,12
4.1950000000000003,-0.44191637257366967,0,0,low_frequency_random,12
4.2000000000000002,-0.45065855602077154,0,0,low_frequency_random,12
4.2050000000000001,-0.50044549008805728,0,0,low_frequency_random,12
4.21,-0.52110949318790156,0,0,low_frequency_random,12
4.2149999999999999,-0.70190982233231303,0,0,low_frequency_random,12
4.2199999999999998,-0.68166894816957402,0,0,low_frequency_random,12
4.2249999999999996,-0.61017693702404507,0,0,low_frequency_random,12
4.2300000000000004,-0.56423586683515903,0,0,low_frequency_random,12
4.2350000000000003,-0.59844594113811256,0,0,low_frequency_random,12
4.2400000000000002,-0.54906028324436429,0,0,low_frequency_random,12
4.2450000000000001,-0.4981080458102069,0,0,low_frequency_random,12
4.25,-0.50866332026127992,0,0,low_frequency_random,12
4.2549999999999999,-0.48087016500271318,0,0,low_frequency_random,12
4.2599999999999998,-0.39837193831619427,0,0,low_frequency_random,12
4.2649999999999997,-0.36252439265922798,0,0,low_frequency_random,12
4.2700000000000005,-0.39343990622212838,0,0,low_frequency_random,12
4.2750000000000004,-0.39301759272101966,0,0,low_frequency_random,12
4.2800000000000002,-0.38141246870675016,0,0,low_frequency_random,12
4.2850000000000001,-0.50969288965916693,0,0,low_frequency_random,12
4.29,-0.49926390593014885,0,0,low_frequency_random,12
4.2949999999999999,-0.50936463842155433,0,0,low_frequency_random,12
4.2999999999999998,-0.68184159870165273,0,0,low_frequency_random,12
4.3049999999999997,-0.81713330441579091,0,0,low_frequency_random,12
4.3100000000000005,-0.6720489261586946,0,0,low_frequency_random,12
4.3150000000000004,-0.66285280801619961,0,0,low_frequency_random,12
4.3200000000000003,-0.55473042051723698,0,0,low_frequency_random,12
4.3250000000000002,-0.58403556567250781,0,0,low_frequency_random,12
4.3300000000000001,-0.46107971480369159,0,0,low_frequency_random,12
4.335,-0.41559814293807862,0,0,low_frequency_random,12
4.3399999999999999,-0.47012615863642726,0,0,low_frequency_random,12
4.3449999999999998,-0.4476279503274313,0,0,low_frequency_random,12
4.3500000000000005,-0.32241772996463886,0,0,low_frequency_random,12
4.3550000000000004,-0.13209956670145317,0,0,low_frequency_random,12
4.3600000000000003,-0.092048669736512295,0,0,low_frequency_random,12
4.3650000000000002,-0.12875965866229253,0,0,low_frequency_random,12
4.3700000000000001,-0.19851026802352462,0,0,low_frequency_random,12
4.375,-0.14416507433603551,0,0,low_frequency_random,12
4.3799999999999999,-0.057504564475694922,0,0,low_frequency_random,12
4.3849999999999998,-0.04696344995205709,0,0,low_frequency_random,12
4.3899999999999997,-0.056202920762213247,0,0,low_frequency_random,12
4.3950000000000005,0.0084752934606528232,0,0,low_frequency_random,12
4.4000000000000004,0.046731224023869491,0,0,low_frequency_random,12
4.4050000000000002,0.077443714350787757,0,0,low_frequency_random,12
4.4100000000000001,-0.045145565301298374,0,0,low_frequency_random,12
4.415,-0.071463998675073304,0,0,low_frequency_random,12
4.4199999999999999,0.079230100597277114,0,0,low_frequency_random,12
4.4249999999999998,0.077439285913976488,0,0,low_frequency_random,12
4.4299999999999997,0.27057470037571135,0,0,low_frequency_random,12
4.4350000000000005,0.30003467229110237,0,0,low_frequency_random,12
4.4400000000000004,0.27585045703944189,0,0,low_frequency_random,12
4.4450000000000003,0.29708414718851461,0,0,low_frequency_random,12
4.4500000000000002,0.34388375683117928,0,0,low_frequency_random,12
4.4550000000000001,0.28483076571853244,0,0,low_frequency_random,12
4.46,0.30307523812956949,0,0,low_frequency_random,12
4.4649999999999999,0.26853435661607916,0,0,low_frequency_random,12
4.4699999999999998,0.38345129706830539,0,0,low_frequency_random,12
4.4750000000000005,0.34551960910056534,0,0,low_frequency_random,12
4.4800000000000004,0.35349156872784782,0,0,low_frequency_random,12
4.4850000000000003,0.23210435658572662,0,0,low_frequency_random,12
4.4900000000000002,0.1221869333098823,0,0,low_frequency_random,12
4.4950000000000001,0.11446874610999043,0,0,low_frequency_random,12
4.5,0.04105614888120887,0,0,low_frequency_random,12
4.5049999999999999,0.017472435560126467,0,0,low_frequency_random,12
4.5099999999999998,0.036167227752552482,0,0,low_frequency_random,12
4.5149999999999997,0.080745550593186124,0,0,low_frequency_random,12
4.5200000000000005,-0.031896335241569984,0,0,low_frequency_random,12
4.5250000000000004,-0.046518929367145856,0,0,low_frequency_random,12
4.5300000000000002,0.0066056486646754245,0,0,low_frequency_random,12
4.5350000000000001,-0.047336987857702344,0,0,low_frequency_random,12
4.54,-0.15098849660476191,0,0,low_frequency_random,12
4.5449999999999999,-0.20539100079420963,0,0,low_frequency_random,12
4.5499999999999998,-0.07469199095786816,0,0,low_frequency_random,12
4.5549999999999997,-0.07278383678927329,0,0,low_frequency_random,12
4.5600000000000005,0.051880178280271985,0,0,low_frequency_random,12
4.5650000000000004,0.027205247055794822,0,0,low_frequency_random,12
4.5700000000000003,0.12205951265583735,0,0,low_frequency_random,12
4.5750000000000002,0.0062891032761417248,0,0,low_frequency_random,12
4.5800000000000001,-0.013830868632914873,0,0,low_frequency_random,12
4.585,-0.0066788882886753614,0,0,low_frequency_random,12
4.5899999999999999,0.13365885844237976,0,0,low_frequency_random,12
4.5949999999999998,0.17062983216354594,0,0,low_frequency_random,12
4.6000000000000005,0.25919542337775237,0,0,low_frequency_random,12
4.6050000000000004,0.22455395361127078,0,0,low_frequency_random,12
4.6100000000000003,0.1904417972562685,0,0,low_frequency_random,12
4.6150000000000002,0.29133010483231658,0,0,low_frequency_random,12
4.6200000000000001,0.40398036294301598,0,0,low_frequency_random,12
4.625,0.50024292211496957,0,0,low_frequency_random,12
4.6299999999999999,0.59394051427310801,0,0,low_frequency_random,12
4.6349999999999998,0.54968292885000791,0,0,low_frequency_random,12
4.6399999999999997,0.71943758193003959,0,0,low_frequency_random,12
4.6450000000000005,0.72997373607582727,0,0,low_frequency_random,12
4.6500000000000004,0.82830965360122311,0,0,low_frequency_random,12
4.6550000000000002,0.88461816650673697,0,0,low_frequency_random,12
4.6600000000000001,0.74077207761878561,0,0,low_frequency_random,12
4.665,0.58254223967487384,0,0,low_frequency_random,12
4.6699999999999999,0.45236478867810881,0,0,low_frequency_random,12
4.6749999999999998,0.4467707707128552,0,0,low_frequency_random,12
4.6799999999999997,0.53429415328198604,0,0,low_frequency_random,12
4.6850000000000005,0.51241188354700928,0,0,low_frequency_random,12
4.6900000000000004,0.57767352218335033,0,0,low_frequency_random,12
4.6950000000000003,0.47672848645019172,0,0,low_frequency_random,12
4.7000000000000002,0.42518522304660045,0,0,low_frequency_random,12
4.7050000000000001,0.35178652627244966,0,0,low_frequency_random,12
4.71,0.35302952178675867,0,0,low_frequency_random,12
4.7149999999999999,0.25986729268716974,0,0,low_frequency_random,12
4.7199999999999998,0.25081199945067484,0,0,low_frequency_random,12
4.7250000000000005,0.29733166763753449,0,0,low_frequency_random,12
4.7300000000000004,0.25940919147161834,0,0,low_frequency_random,12
4.7350000000000003,0.18715563965530699,0,0,low_frequency_random,12
4.7400000000000002,0.15040870015942415,0,0,low_frequency_random,12
4.7450000000000001,0.052535214647849701,0,0,low_frequency_random,12
4.75,-0.030025599913104321,0,0,low_frequency_random,12
4.7549999999999999,0.034581919011963239,0,0,low_frequency_random,12
4.7599999999999998,0.06190706026163427,0,0,low_frequency_random,12
4.7649999999999997,-0.053099578539906093,0,0,low_frequency_random,12
4.7700000000000005,-0.074993555530995099,0,0,low_frequency_random,12
4.7750000000000004,-0.038067263627585272,0,0,low_frequency_random,12
4.7800000000000002,0.026501337689451968,0,0,low_frequency_random,12
4.7850000000000001,0.077936281510153776,0,0,low_frequency_random,12
4.79,0.15628466226358495,0,0,low_frequency_random,12
4.7949999999999999,0.15283299657427304,0,0,low_frequency_random,12
4.7999999999999998,0.15124685001360252,0,0,low_frequency_random,12
4.8049999999999997,0.13131817374539001,0,0,low_frequency_random,12
4.8100000000000005,0.21889037524605576,0,0,low_frequency_random,12
4.8150000000000004,0.28677536560406902,0,0,low_frequency_random,12
4.8200000000000003,0.42834385156699084,0,0,low_frequency_random,12
4.8250000000000002,0.51631715957118141,0,0,low_frequency_random,12
4.8300000000000001,0.44950446847818992,0,0,low_frequency_random,12
4.835,0.32992167850942528,0,0,low_frequency_random,12
4.8399999999999999,0.21759301117102708,0,0,low_frequency_random,12
4.8449999999999998,0.14547260447627636,0,0,low_frequency_random,12
4.8500000000000005,0.19439372993505283,0,0,low_frequency_random,12
4.8550000000000004,0.081788861944373584,0,0,low_frequency_random,12
4.8600000000000003,-0.080422025467527733,0,0,low_frequency_random,12
4.8650000000000002,-0.094398783517780221,0,0,low_frequency_random,12
4.8700000000000001,-0.029263149133569644,0,0,low_frequency_random,12
4.875,0.032996577962119022,0,0,low_frequency_random,12
4.8799999999999999,0.16607259102038208,0,0,low_frequency_random,12
4.8849999999999998,0.16199170625898854,0,0,low_frequency_random,12
4.8899999999999997,0.11588473152570444,0,0,low_frequency_random,12
4.8950000000000005,0.090174612794284098,0,0,low_frequency_random,12
4.9000000000000004,-0.018082077824939369,0,0,low_frequency_random,12
4.9050000000000002,-0.072823985733410784,0,0,low_frequency_random,12
4.9100000000000001,0.028990159677968488,0,0,low_frequency_random,12
4.915,0.19539330901352811,0,0,low_frequency_random,12
4.9199999999999999,0.29463831165408433,0,0,low_frequency_random,12
4.9249999999999998,0.31535328228673698,0,0,low_frequency_random,12
4.9299999999999997,0.29273519511722923,0,0,low_frequency_random,12
4.9350000000000005,0.30912309180316028,0,0,low_frequency_random,12
4.9400000000000004,0.15468385482576208,0,0,low_frequency_random,12
4.9450000000000003,0.19808797006698725,0,0,low_frequency_random,12
4.9500000000000002,0.25777154527366108,0,0,low_frequency_random,12
4.9550000000000001,0.24367955739945371,0,0,low_frequency_random,12
4.96,0.24189423963210804,0,0,low_frequency_random,12
4.9649999999999999,0.10272098230268006,0,0,low_frequency_random,12
4.9699999999999998,0.16286009632451939,0,0,low_frequency_random,12
4.9750000000000005,0.22279933899976523,0,0,low_frequency_random,12
4.9800000000000004,-0.0020649863799118151,0,0,low_frequency_random,12
4.9850000000000003,-0.05108759010836534,0,0,low_frequency_random,12
4.9900000000000002,-0.025610711289732694,0,0,low_frequency_random,12
4.9950000000000001,0.10566376437632879,0,0,low_frequency_random,12
5,0.033550478070825257,0,0,low_frequency_random,12
5.0049999999999999,0.027816249058495633,0,0,low_frequency_random,12
5.0099999999999998,0.14286366698370168,0,0,low_frequency_random,12
5.0149999999999997,0.17774048444825352,0,0,low_frequency_random,12
5.0200000000000005,0.15702286980448973,0,0,low_frequency_random,12
5.0250000000000004,0.11845090159121995,0,0,low_frequency_random,12
5.0300000000000002,0.11829696761570457,0,0,low_frequency_random,12
5.0350000000000001,0.051948045747029922,0,0,low_frequency_random,12
5.04,0.13104864037758068,0,0,low_frequency_random,12
5.0449999999999999,0.059294233368582194,0,0,low_frequency_random,12
5.0499999999999998,0.10305791938031658,0,0,low_frequency_random,12
5.0549999999999997,0.17645889626489739,0,0,low_frequency_random,12
5.0600000000000005,0.2721118526750409,0,0,low_frequency_random,12
5.0650000000000004,0.28122601686879301,0,0,low_frequency_random,12
5.0700000000000003,0.28326633083130903,0,0,low_frequency_random,12
5.0750000000000002,0.31168148179385491,0,0,low_frequency_random,12
5.0800000000000001,0.32113390516684598,0,0,low_frequency_random,12
5.085,0.41204316762471549,0,0,low_frequency_random,12
5.0899999999999999,0.4068389396445331,0,0,low_frequency_random,12
5.0949999999999998,0.56455614885273553,0,0,low_frequency_random,12
5.1000000000000005,0.79145637308837569,0,0,low_frequency_random,12
5.1050000000000004,0.74156601726362448,0,0,low_frequency_random,12
5.1100000000000003,0.7761777790096096,0,0,low_frequency_random,12
5.1150000000000002,0.68554110278299019,0,0,low_frequency_random,12
5.1200000000000001,0.74806063026351199,0,0,low_frequency_random,12
5.125,0.78330116271672601,0,0,low_frequency_random,12
5.1299999999999999,0.76770730069781512,0,0,low_frequency_random,12
5.1349999999999998,0.68564569891686733,0,0,low_frequency_random,12
5.1399999999999997,0.68965701129338242,0,0,low_frequency_random,12
5.1450000000000005,0.85240064814854377,0,0,low_frequency_random,12
5.1500000000000004,0.98192659496984369,0,0,low_frequency_random,12
5.1550000000000002,1.0128683076345251,0,0,low_frequency_random,12
5.1600000000000001,0.96327522842691737,0,0,low_frequency_random,12
5.165,0.96114018127890322,0,0,low_frequency_random,12
5.1699999999999999,0.89666104842262762,0,0,low_frequency_random,12
5.1749999999999998,0.78812617415420849,0,0,low_frequency_random,12
5.1799999999999997,0.71199679922214609,0,0,low_frequency_random,12
5.1850000000000005,0.76108445626506227,0,0,low_frequency_random,12
5.1900000000000004,0.78549298617463781,0,0,low_frequency_random,12
5.1950000000000003,0.79936599566137934,0,0,low_frequency_random,12
5.2000000000000002,0.71029698268149666,0,0,low_frequency_random,12
5.2050000000000001,0.59690086823254673,0,0,low_frequency_random,12
5.21,0.67807003689684786,0,0,low_frequency_random,12
5.2149999999999999,0.64880195266953611,0,0,low_frequency_random,12
5.2199999999999998,0.74365494209161465,0,0,low_frequency_random,12
5.2250000000000005,0.68307488411827688,0,0,low_frequency_random,12
5.2300000000000004,0.76083493085349474,0,0,low_frequency_random,12
5.2350000000000003,0.77917318916429956,0,0,low_frequency_random,12
5.2400000000000002,0.74329086048233306,0,0,low_frequency_random,12
5.2450000000000001,0.7079030949202465,0,0,low_frequency_random,12
5.25,0.86095876426591755,0,0,low_frequency_random,12
5.2549999999999999,0.93399783356136035,0,0,low_frequency_random,12
5.2599999999999998,0.91103349504312303,0,0,low_frequency_random,12
5.2649999999999997,0.92276692787404824,0,0,low_frequency_random,12
5.2700000000000005,0.79646373310011864,0,0,low_frequency_random,12
5.2750000000000004,0.93323492541894948,0,0,low_frequency_random,12
5.2800000000000002,1.0433905984936664,0,0,low_frequency_random,12
5.2850000000000001,1.0083942670397537,0,0,low_frequency_random,12
5.29,1.0428690495175137,0,0,low_frequency_random,12
5.2949999999999999,0.81871543803646185,0,0,low_frequency_random,12
5.2999999999999998,0.89546354638878722,0,0,low_frequency_random,12
5.3049999999999997,0.93147339195029211,0,0,low_frequency_random,12
5.3100000000000005,0.9504315624092996,0,0,low_frequency_random,12
5.3150000000000004,1.0144563751525115,0,0,low_frequency_random,12
5.3200000000000003,1.0357037574828742,0,0,low_frequency_random,12
5.3250000000000002,0.95440193850483879,0,0,low_frequency_random,12
5.3300000000000001,0.89544394118602189,0,0,low_frequency_random,12
5.335,0.87763735327574277,0,0,low_frequency_random,12
5.3399999999999999,0.94657988985696984,0,0,low_frequency_random,12
5.3449999999999998,0.94449425217659577,0,0,low_frequency_random,12
5.3500000000000005,0.88641393879179353,0,0,low_frequency_random,12
5.3550000000000004,0.91108724447121958,0,0,low_frequency_random,12
5.3600000000000003,0.80781534453178028,0,0,low_frequency_random,12
5.3650000000000002,0.97058789851062777,0,0,low_frequency_random,12
5.3700000000000001,0.99001696050224985,0,0,low_frequency_random,12
5.375,0.90593223719164473,0,0,low_frequency_random,12
5.3799999999999999,0.9146097522473674,0,0,low_frequency_random,12
5.3849999999999998,0.99632540965578631,0,0,low_frequency_random,12
5.3899999999999997,1.0345974234285464,0,0,low_frequency_random,12
5.3950000000000005,1.1927409722187283,0,0,low_frequency_random,12
5.4000000000000004,1.0726477077841965,0,0,low_frequency_random,12
5.4050000000000002,1.1948361743478528,0,0,low_frequency_random,12
5.4100000000000001,1.1864709094735801,0,0,low_frequency_random,12
5.415,1.2511905424677956,0,0,low_frequency_random,12
5.4199999999999999,1.3825248675425177,0,0,low_frequency_random,12
5.4249999999999998,1.2792930583550539,0,0,low_frequency_random,12
5.4299999999999997,1.1592868262038352,0,0,low_frequency_random,12
5.4350000000000005,1.1222074725399822,0,0,low_frequency_random,12
5.4400000000000004,0.98315261177211766,0,0,low_frequency_random,12
5.4450000000000003,0.81640912529976162,0,0,low_frequency_random,12
5.4500000000000002,0.8189455939032475,0,0,low_frequency_random,12
5.4550000000000001,0.90824922066518432,0,0,low_frequency_random,12
5.46,0.86538833132890258,0,0,low_frequency_random,12
5.4649999999999999,0.90148050019012749,0,0,low_frequency_random,12
5.4699999999999998,1.1922771083907604,0,0,low_frequency_random,12
5.4750000000000005,1.2134545141184312,0,0,low_frequency_random,12
5.4800000000000004,1.1831368570179848,0,0,low_frequency_random,12
5.4850000000000003,1.1645530952752579,0,0,low_frequency_random,12
5.4900000000000002,1.1937237987742297,0,0,low_frequency_random,12
5.4950000000000001,1.1653900236791741,0,0,low_frequency_random,12
5.5,1.215649598791247,0,0,low_frequency_random,12
5.5049999999999999,1.2277784165404657,0,0,low_frequency_random,12
5.5099999999999998,1.2961072388578332,0,0,low_frequency_random,12
5.5149999999999997,1.3024552783445811,0,0,low_frequency_random,12
5.5200000000000005,1.2903558825604418,0,0,low_frequency_random,12
5.5250000000000004,1.2101766854514435,0,0,low_frequency_random,12
5.5300000000000002,1.0940328088650801,0,0,low_frequency_random,12
5.5350000000000001,1.0666003435940734,0,0,low_frequency_random,12
5.54,1.0310305682069842,0,0,low_frequency_random,12
5.5449999999999999,1.049403812150387,0,0,low_frequency_random,12
5.5499999999999998,1.0390257662345925,0,0,low_frequency_random,12
5.5549999999999997,1.0034876203454817,0,0,low_frequency_random,12
5.5600000000000005,1.1808808349364144,0,0,low_frequency_random,12
5.5650000000000004,1.2015817620735791,0,0,low_frequency_random,12
5.5700000000000003,1.2940466377268462,0,0,low_frequency_random,12
5.5750000000000002,1.2063347257213606,0,0,low_frequency_random,12
5.5800000000000001,1.2822560591971544,0,0,low_frequency_random,12
5.585,1.3710352012975968,0,0,low_frequency_random,12
5.5899999999999999,1.4013162191406972,0,0,low_frequency_random,12
5.5949999999999998,1.3241447650006122,0,0,low_frequency_random,12
5.6000000000000005,1.4193591817424811,0,0,low_frequency_random,12
5.6050000000000004,1.3552829963315667,0,0,low_frequency_random,12
5.6100000000000003,1.224634452009844,0,0,low_frequency_random,12
5.6150000000000002,1.0893702231005427,0,0,low_frequency_random,12
5.6200000000000001,1.0900138527358705,0,0,low_frequency_random,12
5.625,1.0459408146433911,0,0,low_frequency_random,12
5.6299999999999999,1.1060544167006914,0,0,low_frequency_random,12
5.6349999999999998,1.1551761382040944,0,0,low_frequency_random,12
5.6399999999999997,1.260189501331141,0,0,low_frequency_random,12
5.6450000000000005,1.2818349273683738,0,0,low_frequency_random,12
5.6500000000000004,1.2853408204539307,0,0,low_frequency_random,12
5.6550000000000002,1.2804076489192178,0,0,low_frequency_random,12
5.6600000000000001,1.211581561469115,0,0,low_frequency_random,12
5.665,1.1396400456852549,0,0,low_frequency_random,12
5.6699999999999999,1.0761316293655097,0,0,low_frequency_random,12
5.6749999999999998,1.0900731940642943,0,0,low_frequency_random,12
5.6799999999999997,1.0171296641323948,0,0,low_frequency_random,12
5.6850000000000005,1.0054576599949721,0,0,low_frequency_random,12
5.6900000000000004,1.0875039547635432,0,0,low_frequency_random,12
5.6950000000000003,0.89052458694821712,0,0,low_frequency_random,12
5.7000000000000002,0.81575055730653889,0,0,low_frequency_random,12
5.7050000000000001,0.73179312946192532,0,0,low_frequency_random,12
5.71,0.72676894060317487,0,0,low_frequency_random,12
5.7149999999999999,0.60274349224774837,0,0,low_frequency_random,12
5.7199999999999998,0.54502942527129827,0,0,low_frequency_random,12
5.7250000000000005,0.72497592867152461,0,0,low_frequency_random,12
5.7300000000000004,0.61025827230575913,0,0,low_frequency_random,12
5.7350000000000003,0.59859415011488382,0,0,low_frequency_random,12
5.7400000000000002,0.61064182732264571,0,0,low_frequency_random,12
5.7450000000000001,0.58192727964041413,0,0,low_frequency_random,12
5.75,0.48059372413476598,0,0,low_frequency_random,12
5.7549999999999999,0.55612835513447401,0,0,low_frequency_random,12
5.7599999999999998,0.39742893695139059,0,0,low_frequency_random,12
5.7649999999999997,0.31525679055178957,0,0,low_frequency_random,12
5.7700000000000005,0.29253676501884823,0,0,low_frequency_random,12
5.7750000000000004,0.23726284421220897,0,0,low_frequency_random,12
5.7800000000000002,0.32647662767311647,0,0,low_frequency_random,12
5.7850000000000001,0.29541843454121036,0,0,low_frequency_random,12
5.79,0.44223650137810366,0,0,low_frequency_random,12
5.7949999999999999,0.43416629723398403,0,0,low_frequency_random,12
5.7999999999999998,0.55023233220272316,0,0,low_frequency_random,12
5.8049999999999997,0.57560449274292513,0,0,low_frequency_random,12
5.8100000000000005,0.54657717202853462,0,0,low_frequency_random,12
5.8150000000000004,0.51425232130544063,0,0,low_frequency_random,12
5.8200000000000003,0.58710977669376185,0,0,low_frequency_random,12
5.8250000000000002,0.53357844489530903,0,0,low_frequency_random,12
5.8300000000000001,0.520869301937809,0,0,low_frequency_random,12
5.835,0.44720218482794316,0,0,low_frequency_random,12
5.8399999999999999,0.2737146962918105,0,0,low_frequency_random,12
5.8449999999999998,0.30830332598522625,0,0,low_frequency_random,12
5.8500000000000005,0.35036430107321492,0,0,low_frequency_random,12
5.8550000000000004,0.24415691403069414,0,0,low_frequency_random,12
5.8600000000000003,0.27328764653930071,0,0,low_frequency_random,12
5.8650000000000002,0.24473700933319953,0,0,low_frequency_random,12
5.8700000000000001,0.083101555018929435,0,0,low_frequency_random,12
5.875,-0.00038861628533916337,0,0,low_frequency_random,12
5.8799999999999999,0.045456388951240483,0,0,low_frequency_random,12
5.8849999999999998,0.12094460875395593,0,0,low_frequency_random,12
5.8899999999999997,0.14464969287432536,0,0,low_frequency_random,12
5.8950000000000005,0.36096091512192335,0,0,low_frequency_random,12
5.9000000000000004,0.38068397433882922,0,0,low_frequency_random,12
5.9050000000000002,0.31209292929019161,0,0,low_frequency_random,12
5.9100000000000001,0.1859042251154201,0,0,low_frequency_random,12
5.915,0.298809611413972,0,0,low_frequency_random,12
5.9199999999999999,0.25354464136904015,0,0,low_frequency_random,12
5.9249999999999998,0.21651009923321324,0,0,low_frequency_random,12
5.9299999999999997,0.14406066291342171,0,0,low_frequency_random,12
5.9350000000000005,0.072513762471420357,0,0,low_frequency_random,12
5.9400000000000004,0.037908055341915603,0,0,low_frequency_random,12
5.9450000000000003,0.070173981625238052,0,0,low_frequency_random,12
5.9500000000000002,0.10935829049505832,0,0,low_frequency_random,12
5.9550000000000001,0.1329687097631122,0,0,low_frequency_random,12
5.96,0.20489919239571758,0,0,low_frequency_random,12
5.9649999999999999,0.1615072124543134,0,0,low_frequency_random,12
5.9699999999999998,0.075729657569445857,0,0,low_frequency_random,12
5.9750000000000005,0.068473324628136198,0,0,low_frequency_random,12
5.9800000000000004,-0.099460076892991592,0,0,low_frequency_random,12
5.9850000000000003,-0.032493191092489521,0,0,low_frequency_random,12
5.9900000000000002,0.0070193831495604028,0,0,low_frequency_random,12
5.9950000000000001,0.048120930120622893,0,0,low_frequency_random,12
6,-0.040661889340517739,0,0,low_frequency_random,12
6.0049999999999999,-0.081518537848594599,0,0,low_frequency_random,12
6.0099999999999998,-0.080607127988047561,0,0,low_frequency_random,12
6.0150000000000006,-0.16273742515860737,0,0,low_frequency_random,12
6.0200000000000005,-0.25074872134987758,0,0,low_frequency_random,12
6.0250000000000004,-0.2676601244369971,0,0,low_frequency_random,12
6.0300000000000002,-0.25563860500958352,0,0,low_frequency_random,12
6.0350000000000001,-0.3090198246694032,0,0,low_frequency_random,12
6.04,-0.22604861015920921,0,0,low_frequency_random,12
6.0449999999999999,-0.048162361181867674,0,0,low_frequency_random,12
6.0499999999999998,-0.0026000832286411646,0,0,low_frequency_random,12
6.0549999999999997,-0.018342381563148054,0,0,low_frequency_random,12
6.0600000000000005,-0.045097954960927361,0,0,low_frequency_random,12
6.0650000000000004,0.083429759473758941,0,0,low_frequency_random,12
6.0700000000000003,0.1066610506218279,0,0,low_frequency_random,12
6.0750000000000002,0.1542431542122433,0,0,low_frequency_random,12
6.0800000000000001,0.17075509983626752,0,0,low_frequency_random,12
6.085,0.12355397966875832,0,0,low_frequency_random,12
6.0899999999999999,0.24383108152401245,0,0,low_frequency_random,12
6.0949999999999998,0.22256672997250218,0,0,low_frequency_random,12
6.1000000000000005,0.23302207746197126,0,0,low_frequency_random,12
6.1050000000000004,0.058995464319980845,0,0,low_frequency_random,12
6.1100000000000003,0.23177735874476002,0,0,low_frequency_random,12
6.1150000000000002,0.29044497295690469,0,0,low_frequency_random,12
6.1200000000000001,0.28051263889111167,0,0,low_frequency_random,12
6.125,0.21472026313900233,0,0,low_frequency_random,12
6.1299999999999999,0.16353729928711419,0,0,low_frequency_random,12
6.1349999999999998,0.024853621850385282,0,0,low_frequency_random,12
6.1400000000000006,0.061322063886092584,0,0,low_frequency_random,12
6.1450000000000005,-0.010038394448728213,0,0,low_frequency_random,12
6.1500000000000004,0.023239768093983464,0,0,low_frequency_random,12
6.1550000000000002,0.058453376619727729,0,0,low_frequency_random,12
6.1600000000000001,0.21127388926782148,0,0,low_frequency_random,12
6.165,0.22674087628522321,0,0,low_frequency_random,12
6.1699999999999999,0.24875271793709866,0,0,low_frequency_random,12
6.1749999999999998,0.28739471445210513,0,0,low_frequency_random,12
6.1799999999999997,0.23589797304405852,0,0,low_frequency_random,12
6.1850000000000005,0.21495311815742973,0,0,low_frequency_random,12
6.1900000000000004,0.24012533100361746,0,0,low_frequency_random,12
6.1950000000000003,0.33225519745958321,0,0,low_frequency_random,12
6.2000000000000002,0.39113827733143247,0,0,low_frequency_random,12
6.2050000000000001,0.36875687316099048,0,0,low_frequency_random,12
6.21,0.46609202923878523,0,0,low_frequency_random,12
6.2149999999999999,0.43517649789482837,0,0,low_frequency_random,12
6.2199999999999998,0.31275012607643676,0,0,low_frequency_random,12
6.2250000000000005,0.43896021630624682,0,0,low_frequency_random,12
6.2300000000000004,0.44105228505496175,0,0,low_frequency_random,12
6.2350000000000003,0.40511597523470722,0,0,low_frequency_random,12
6.2400000000000002,0.30980481477091271,0,0,low_frequency_random,12
6.2450000000000001,0.27686251945845403,0,0,low_frequency_random,12
6.25,0.41463926422828584,0,0,low_frequency_random,12
6.2549999999999999,0.41227654124821284,0,0,low_frequency_random,12
6.2599999999999998,0.59310202029160286,0,0,low_frequency_random,12
6.2650000000000006,0.59748937973290084,0,0,low_frequency_random,12
6.2700000000000005,0.69070578584555875,0,0,low_frequency_random,12
6.2750000000000004,0.69571950687227935,0,0,low_frequency_random,12
6.2800000000000002,0.66143918360351583,0,0,low_frequency_random,12
6.2850000000000001,0.62984586820355448,0,0,low_frequency_random,12
6.29,0.61136518408436924,0,0,low_frequency_random,12
6.2949999999999999,0.51753245536752168,0,0,low_frequency_random,12
6.2999999999999998,0.42171679778788518,0,0,low_frequency_random,12
6.3049999999999997,0.45481938183712928,0,0,low_frequency_random,12
6.3100000000000005,0.55883101389994372,0,0,low_frequency_random,12
6.3150000000000004,0.57523721376640669,0,0,low_frequency_random,12
6.3200000000000003,0.58301387031161245,0,0,low_frequency_random,12
6.3250000000000002,0.5137560588749408,0,0,low_frequency_random,12
6.3300000000000001,0.60885218866656521,0,0,low_frequency_random,12
6.335,0.69702348674216086,0,0,low_frequency_random,12
6.3399999999999999,0.60752244177552805,0,0,low_frequency_random,12
6.3449999999999998,0.61727700976831623,0,0,low_frequency_random,12
6.3500000000000005,0.59462970854881614,0,0,low_frequency_random,12
6.3550000000000004,0.47901810834351999,0,0,low_frequency_random,12
6.3600000000000003,0.61294967251158583,0,0,low_frequency_random,12
6.3650000000000002,0.71215262963882453,0,0,low_frequency_random,12
6.3700000000000001,0.74156716546968393,0,0,low_frequency_random,12
6.375,0.85871645253125206,0,0,low_frequency_random,12
6.3799999999999999,0.82110847619766902,0,0,low_frequency_random,12
6.3849999999999998,0.84680734076590225,0,0,low_frequency_random,12
6.3900000000000006,0.9584088022173447,0,0,low_frequency_random,12
6.3950000000000005,0.9376548586647161,0,0,low_frequency_random,12
6.4000000000000004,0.96492775751745508,0,0,low_frequency_random,12
6.4050000000000002,0.89007013619913267,0,0,low_frequency_random,12
6.4100000000000001,0.94522708684505174,0,0,low_frequency_random,12
6.415,1.0408405143549555,0,0,low_frequency_random,12
6.4199999999999999,0.96444994058190492,0,0,low_frequency_random,12
6.4249999999999998,0.90327301131166593,0,0,low_frequency_random,12
6.4299999999999997,0.89975925968792791,0,0,low_frequency_random,12
6.4350000000000005,1.013829908044801,0,0,low_frequency_random,12
6.4400000000000004,0.97402861771153182,0,0,low_frequency_random,12
6.4450000000000003,0.90823877320713908,0,0,low_frequency_random,12
6.4500000000000002,0.90076105052582489,0,0,low_frequency_random,12
6.4550000000000001,0.99299557968145058,0,0,low_frequency_random,12
6.46,0.87072691582162842,0,0,low_frequency_random,12
6.4649999999999999,0.85778481407915297,0,0,low_frequency_random,12
6.4699999999999998,0.96322077864663724,0,0,low_frequency_random,12
6.4750000000000005,0.96050928479543718,0,0,low_frequency_random,12
6.4800000000000004,0.93745804706055091,0,0,low_frequency_random,12
6.4850000000000003,1.0054775555575197,0,0,low_frequency_random,12
6.4900000000000002,0.90773818654672234,0,0,low_frequency_random,12
6.4950000000000001,1.0715892667178537,0,0,low_frequency_random,12
6.5,1.1083712565446744,0,0,low_frequency_random,12
6.5049999999999999,1.0756898133173591,0,0,low_frequency_random,12
6.5099999999999998,1.0802179879674303,0,0,low_frequency_random,12
6.5150000000000006,1.0725305971711347,0,0,low_frequency_random,12
6.5200000000000005,1.0465744093423344,0,0,low_frequency_random,12
6.5250000000000004,0.94572772481040301,0,0,low_frequency_random,12
6.5300000000000002,0.92334390995229587,0,0,low_frequency_random,12
6.5350000000000001,0.78288078385821447,0,0,low_frequency_random,12
6.54,0.89055966186797653,0,0,low_frequency_random,12
6.5449999999999999,0.79712563512412193,0,0,low_frequency_random,12
6.5499999999999998,0.73530641542459985,0,0,low_frequency_random,12
6.5549999999999997,0.66869171313123643,0,0,low_frequency_random,12
6.5600000000000005,0.7235222092281175,0,0,low_frequency_random,12
6.5650000000000004,0.70436710385666645,0,0,low_frequency_random,12
6.5700000000000003,0.81585496098185395,0,0,low_frequency_random,12
6.5750000000000002,0.77536475678054739,0,0,low_frequency_random,12
6.5800000000000001,0.78360370312947225,0,0,low_frequency_random,12
6.585,0.77456188895093825,0,0,low_frequency_random,12
6.5899999999999999,0.74361939526374188,0,0,low_frequency_random,12
6.5949999999999998,0.82921653106061854,0,0,low_frequency_random,12
6.6000000000000005,0.92339597457787004,0,0,low_frequency_random,12
6.6050000000000004,1.0237499580898872,0,0,low_frequency_random,12
6.6100000000000003,0.90814470685740079,0,0,low_frequency_random,12
6.6150000000000002,0.93144997403729368,0,0,low_frequency_random,12
6.6200000000000001,0.83702458485843556,0,0,low_frequency_random,12
6.625,0.74075424740331086,0,0,low_frequency_random,12
6.6299999999999999,0.59288836495574326,0,0,low_frequency_random,12
6.6349999999999998,0.51436077818169379,0,0,low_frequency_random,12
6.6400000000000006,0.5594515971582612,0,0,low_frequency_random,12
6.6450000000000005,0.66784993801151826,0,0,low_frequency_random,12
6.6500000000000004,0.80310216542298973,0,0,low_frequency_random,12
6.6550000000000002,0.72656692780271004,0,0,low_frequency_random,12
6.6600000000000001,0.67306959548208423,0,0,low_frequency_random,12
6.665,0.68837092492683805,0,0,low_frequency_random,12
6.6699999999999999,0.69661887804984879,0,0,low_frequency_random,12
6.6749999999999998,0.71044781582061411,0,0,low_frequency_random,12
6.6799999999999997,0.56678737856380101,0,0,low_frequency_random,12
6.6850000000000005,0.54865821085337396,0,0,low_frequency_random,12
6.6900000000000004,0.5922952197270156,0,0,low_frequency_random,12
6.6950000000000003,0.61030702118408886,0,0,low_frequency_random,12
6.7000000000000002,0.59755217581876263,0,0,low_frequency_random,12
6.7050000000000001,0.53644829195490495,0,0,low_frequency_random,12
6.71,0.52611472348198851,0,0,low_frequency_random,12
6.7149999999999999,0.65101826908668148,0,0,low_frequency_random,12
6.7199999999999998,0.68767310522603542,0,0,low_frequency_random,12
6.7250000000000005,0.76809900106581264,0,0,low_frequency_random,12
6.7300000000000004,0.89655342865286458,0,0,low_frequency_random,12
6.7350000000000003,0.80489513967430426,0,0,low_frequency_random,12
6.7400000000000002,0.85398391971287502,0,0,low_frequency_random,12
6.7450000000000001,0.88610532755797633,0,0,low_frequency_random,12
6.75,0.98698042538978881,0,0,low_frequency_random,12
6.7549999999999999,0.96205518071882501,0,0,low_frequency_random,12
6.7599999999999998,0.93897127572159522,0,0,low_frequency_random,12
6.7650000000000006,0.88072120627740125,0,0,low_frequency_random,12
6.7700000000000005,0.88955150929587057,0,0,low_frequency_random,12
6.7750000000000004,0.86119834223317482,0,0,low_frequency_random,12
6.7800000000000002,0.84293459196258835,0,0,low_frequency_random,12
6.7850000000000001,0.86349497931930619,0,0,low_frequency_random,12
6.79,0.82689817653819908,0,0,low_frequency_random,12
6.7949999999999999,0.74658566485632083,0,0,low_frequency_random,12
6.7999999999999998,0.70796604603305657,0,0,low_frequency_random,12
6.8049999999999997,0.65833043367548827,0,0,low_frequency_random,12
6.8100000000000005,0.6866924427905754,0,0,low_frequency_random,12
6.8150000000000004,0.7802498444191569,0,0,low_frequency_random,12
6.8200000000000003,0.74654294650903696,0,0,low_frequency_random,12
6.8250000000000002,0.54482367224361528,0,0,low_frequency_random,12
6.8300000000000001,0.5860647539411229,0,0,low_frequency_random,12
6.835,0.57545248536617921,0,0,low_frequency_random,12
6.8399999999999999,0.49458933162437269,0,0,low_frequency_random,12
6.8449999999999998,0.46924950521878633,0,0,low_frequency_random,12
6.8500000000000005,0.61225241876537417,0,0,low_frequency_random,12
6.8550000000000004,0.48708103434907413,0,0,low_frequency_random,12
6.8600000000000003,0.38876891275095821,0,0,low_frequency_random,12
6.8650000000000002,0.37874720409922524,0,0,low_frequency_random,12
6.8700000000000001,0.12497569679333054,0,0,low_frequency_random,12
6.875,0.084282997361888462,0,0,low_frequency_random,12
6.8799999999999999,0.15828329961433701,0,0,low_frequency_random,12
6.8849999999999998,0.1973981400584425,0,0,low_frequency_random,12
6.8900000000000006,0.22286615862989445,0,0,low_frequency_random,12
6.8950000000000005,0.19145437131829585,0,0,low_frequency_random,12
6.9000000000000004,0.17420799912841173,0,0,low_frequency_random,12
6.9050000000000002,0.38881378428660324,0,0,low_frequency_random,12
6.9100000000000001,0.40220754446022344,0,0,low_frequency_random,12
6.915,0.50444297484607514,0,0,low_frequency_random,12
6.9199999999999999,0.39840853537387627,0,0,low_frequency_random,12
6.9249999999999998,0.41278461625238155,0,0,low_frequency_random,12
6.9299999999999997,0.43639285241142733,0,0,low_frequency_random,12
6.9350000000000005,0.44322705855231226,0,0,low_frequency_random,12
6.9400000000000004,0.26457695046809582,0,0,low_frequency_random,12
6.9450000000000003,0.22636295621743033,0,0,low_frequency_random,12
6.9500000000000002,0.3382507136213192,0,0,low_frequency_random,12
6.9550000000000001,0.37748735492988889,0,0,low_frequency_random,12
6.96,0.30999653768065383,0,0,low_frequency_random,12
6.9649999999999999,0.37508581543188024,0,0,low_frequency_random,12
6.9699999999999998,0.22022144968453924,0,0,low_frequency_random,12
6.9750000000000005,0.26244942160602619,0,0,low_frequency_random,12
6.9800000000000004,0.28548918219750358,0,0,low_frequency_random,12
6.9850000000000003,0.23175686421462727,0,0,low_frequency_random,12
6.9900000000000002,0.14585386396113509,0,0,low_frequency_random,12
6.9950000000000001,0.0090274233025136597,0,0,low_frequency_random,12
7,-0.012144398306352677,0,0,low_frequency_random,12
7.0049999999999999,0.12278877814689877,0,0,low_frequency_random,12
7.0099999999999998,0.18766883535191464,0,0,low_frequency_random,12
7.0150000000000006,0.21604928413676722,0,0,low_frequency_random,12
7.0200000000000005,0.2853504828998969,0,0,low_frequency_random,12
7.0250000000000004,0.23322574103376131,0,0,low_frequency_random,12
7.0300000000000002,0.27069980568202173,0,0,low_frequency_random,12
7.0350000000000001,0.033123909464211732,0,0,low_frequency_random,12
7.04,-0.0098757504394317575,0,0,low_frequency_random,12
7.0449999999999999,-0.052046490298490872,0,0,low_frequency_random,12
7.0499999999999998,-0.061212478348873861,0,0,low_frequency_random,12
7.0549999999999997,-0.078758420920286815,0,0,low_frequency_random,12
7.0600000000000005,-0.035660915855431179,0,0,low_frequency_random,12
7.0650000000000004,-0.089515927720157026,0,0,low_frequency_random,12
7.0700000000000003,-0.019778465445976515,0,0,low_frequency_random,12
7.0750000000000002,-0.044115783818760607,0,0,low_frequency_random,12
7.0800000000000001,0.021090774681165124,0,0,low_frequency_random,12
7.085,0.02551179398669081,0,0,low_frequency_random,12
7.0899999999999999,0.088349715253385128,0,0,low_frequency_random,12
7.0949999999999998,0.11980737736412717,0,0,low_frequency_random,12
7.1000000000000005,0.066056091153855384,0,0,low_frequency_random,12
7.1050000000000004,0.07542256288417884,0,0,low_frequency_random,12
7.1100000000000003,-0.0342401327190619,0,0,low_frequency_random,12
7.1150000000000002,-0.035489098713460759,0,0,low_frequency_random,12
7.1200000000000001,-0.010491711679449189,0,0,low_frequency_random,12
7.125,-0.037944967784555313,0,0,low_frequency_random,12
7.1299999999999999,-0.056440135129038969,0,0,low_frequency_random,12
7.1349999999999998,0.016603072042946053,0,0,low_frequency_random,12
7.1400000000000006,0.10711946616031263,0,0,low_frequency_random,12
7.1450000000000005,0.21424506589239406,0,0,low_frequency_random,12
7.1500000000000004,0.16210311716589329,0,0,low_frequency_random,12
7.1550000000000002,0.1217738386925175,0,0,low_frequency_random,12
7.1600000000000001,0.17877190014734606,0,0,low_frequency_random,12
7.165,0.24340922904184473,0,0,low_frequency_random,12
7.1699999999999999,0.091381258904545765,0,0,low_frequency_random,12
7.1749999999999998,0.24310795438491001,0,0,low_frequency_random,12
7.1799999999999997,0.32871646574931807,0,0,low_frequency_random,12
7.1850000000000005,0.22249644009716804,0,0,low_frequency_random,12
7.1900000000000004,0.30846605650768749,0,0,low_frequency_random,12
7.1950000000000003,0.26880595649511524,0,0,low_frequency_random,12
7.2000000000000002,0.25306391796764899,0,0,low_frequency_random,12
7.2050000000000001,0.16892715154906557,0,0,low_frequency_random,12
7.21,0.098447651306157638,0,0,low_frequency_random,12
7.2149999999999999,0.063015446273893688,0,0,low_frequency_random,12
7.2199999999999998,0.065768046467982094,0,0,low_frequency_random,12
7.2250000000000005,-0.02702690031283643,0,0,low_frequency_random,12
7.2300000000000004,-0.036220623175497929,0,0,low_frequency_random,12
7.2350000000000003,-0.096445732906827758,0,0,low_frequency_random,12
7.2400000000000002,-0.14188161723378506,0,0,low_frequency_random,12
7.2450000000000001,-0.21555966492408329,0,0,low_frequency_random,12
7.25,-0.26816762703146635,0,0,low_frequency_random,12
7.2549999999999999,-0.14286646457934363,0,0,low_frequency_random,12
7.2599999999999998,-0.27484371926430529,0,0,low_frequency_random,12
7.2650000000000006,-0.38213293157517675,0,0,low_frequency_random,12
7.2700000000000005,-0.38956228401225251,0,0,low_frequency_random,12
7.2750000000000004,-0.43126573363856863,0,0,low_frequency_random,12
7.2800000000000002,-0.51684916256678182,0,0,low_frequency_random,12
7.2850000000000001,-0.48582771301322364,0,0,low_frequency_random,12
7.29,-0.58078394107089237,0,0,low_frequency_random,12
7.2949999999999999,-0.58234822209262971,0,0,low_frequency_random,12
7.2999999999999998,-0.50775612436264805,0,0,low_frequency_random,12
7.3049999999999997,-0.46430962199428438,0,0,low_frequency_random,12
7.3100000000000005,-0.48917029711389526,0,0,low_frequency_random,12
7.3150000000000004,-0.49062266496257467,0,0,low_frequency_random,12
7.3200000000000003,-0.4786605572171001,0,0,low_frequency_random,12
7.3250000000000002,-0.43251793671560457,0,0,low_frequency_random,12
7.3300000000000001,-0.51069659063238537,0,0,low_frequency_random,12
7.335,-0.4113025346761881,0,0,low_frequency_random,12
7.3399999999999999,-0.35348454881253472,0,0,low_frequency_random,12
7.3449999999999998,-0.20732749885258786,0,0,low_frequency_random,12
7.3500000000000005,-0.14343217881421777,0,0,low_frequency_random,12
7.3550000000000004,-0.06500017724141989,0,0,low_frequency_random,12
7.3600000000000003,-0.30424724119986557,0,0,low_frequency_random,12
7.3650000000000002,-0.34224366305530407,0,0,low_frequency_random,12
7.3700000000000001,-0.19622964951144767,0,0,low_frequency_random,12
7.375,-0.16881163536549101,0,0,low_frequency_random,12
7.3799999999999999,-0.20847480063477639,0,0,low_frequency_random,12
7.3849999999999998,-0.15620998319797832,0,0,low_frequency_random,12
7.3900000000000006,-0.15259559027243882,0,0,low_frequency_random,12
7.3950000000000005,-0.12406935801285614,0,0,low_frequency_random,12
7.4000000000000004,-0.18513375841026647,0,0,low_frequency_random,12
7.4050000000000002,-0.14628316412141246,0,0,low_frequency_random,12
7.4100000000000001,-0.028547412157430729,0,0,low_frequency_random,12
7.415,-0.013303246349582945,0,0,low_frequency_random,12
7.4199999999999999,0.018033645211495725,0,0,low_frequency_random,12
7.4249999999999998,-0.04198571765941831,0,0,low_frequency_random,12
7.4299999999999997,-0.0072612068956018419,0,0,low_frequency_random,12
7.4350000000000005,-0.043975189022852697,0,0,low_frequency_random,12
7.4400000000000004,-0.15636927663825706,0,0,low_frequency_random,12
7.4450000000000003,-0.1932616775746116,0,0,low_frequency_random,12
7.4500000000000002,-0.21540503319726714,0,0,low_frequency_random,12
7.4550000000000001,-0.17400057968791363,0,0,low_frequency_random,12
7.46,-0.1014437487809495,0,0,low_frequency_random,12
7.4649999999999999,-0.12135325305458974,0,0,low_frequency_random,12
7.4699999999999998,-0.15408335709541279,0,0,low_frequency_random,12
7.4750000000000005,-0.10681921203586367,0,0,low_frequency_random,12
7.4800000000000004,-0.18297863488741084,0,0,low_frequency_random,12
7.4850000000000003,-0.21354148920589131,0,0,low_frequency_random,12
7.4900000000000002,-0.23611492408125467,0,0,low_frequency_random,12
7.4950000000000001,-0.25285384015635526,0,0,low_frequency_random,12
7.5,-0.30389565791642237,0,0,low_frequency_random,12
7.5049999999999999,-0.17690680079512947,0,0,low_frequency_random,12
7.5099999999999998,-0.10414721845659909,0,0,low_frequency_random,12
7.5150000000000006,-0.1216899771279684,0,0,low_frequency_random,12
7.5200000000000005,-0.24037416420810354,0,0,low_frequency_random,12
7.5250000000000004,-0.28410161828737091,0,0,low_frequency_random,12
7.5300000000000002,-0.23999089738087609,0,0,low_frequency_random,12
7.5350000000000001,-0.39916614811695539,0,0,low_frequency_random,12
7.54,-0.2031776714171607,0,0,low_frequency_random,12
7.5449999999999999,-0.2128362560400191,0,0,low_frequency_random,12
7.5499999999999998,-0.22038056151629534,0,0,low_frequency_random,12
7.5549999999999997,-0.17295140128862563,0,0,low_frequency_random,12
7.5600000000000005,-0.29060122846673608,0,0,low_frequency_random,12
7.5650000000000004,-0.28828071689838852,0,0,low_frequency_random,12
7.5700000000000003,-0.29170530085633878,0,0,low_frequency_random,12
7.5750000000000002,-0.23763499312001063,0,0,low_frequency_random,12
7.5800000000000001,-0.32150162337024324,0,0,low_frequency_random,12
7.585,-0.2740588352954712,0,0,low_frequency_random,12
7.5899999999999999,-0.18166087138476683,0,0,low_frequency_random,12
7.5949999999999998,-0.16119875517176949,0,0,low_frequency_random,12
7.6000000000000005,-0.20790226970213707,0,0,low_frequency_random,12
7.6050000000000004,-0.27881886402353634,0,0,low_frequency_random,12
7.6100000000000003,-0.42354991397589042,0,0,low_frequency_random,12
7.6150000000000002,-0.47129384393015883,0,0,low_frequency_random,12
7.6200000000000001,-0.43272843223818086,0,0,low_frequency_random,12
7.625,-0.31459605595575324,0,0,low_frequency_random,12
7.6299999999999999,-0.23413567329853652,0,0,low_frequency_random,12
7.6349999999999998,-0.14093309974857823,0,0,low_frequency_random,12
7.6400000000000006,-0.18197989337086862,0,0,low_frequency_random,12
7.6450000000000005,-0.21938763775169509,0,0,low_frequency_random,12
7.6500000000000004,-0.34494217712787756,0,0,low_frequency_random,12
7.6550000000000002,-0.40079344624699786,0,0,low_frequency_random,12
7.6600000000000001,-0.49318221419164687,0,0,low_frequency_random,12
7.665,-0.51455160537801425,0,0,low_frequency_random,12
7.6699999999999999,-0.46195339121913193,0,0,low_frequency_random,12
7.6749999999999998,-0.47294808270155314,0,0,low_frequency_random,12
7.6799999999999997,-0.5007484725448923,0,0,low_frequency_random,12
7.6850000000000005,-0.4469954358615631,0,0,low_frequency_random,12
7.6900000000000004,-0.32752122947826856,0,0,low_frequency_random,12
7.6950000000000003,-0.2431270091609854,0,0,low_frequency_random,12
7.7000000000000002,-0.38132555842570892,0,0,low_frequency_random,12
7.7050000000000001,-0.24359619059456122,0,0,low_frequency_random,12
7.71,-0.28121643708940658,0,0,low_frequency_random,12
7.7149999999999999,-0.39873261790317072,0,0,low_frequency_random,12
7.7199999999999998,-0.42898857823854719,0,0,low_frequency_random,12
7.7250000000000005,-0.35032155579498375,0,0,low_frequency_random,12
7.7300000000000004,-0.56491045252723038,0,0,low_frequency_random,12
7.7350000000000003,-0.46086431902308289,0,0,low_frequency_random,12
7.7400000000000002,-0.44444824578888842,0,0,low_frequency_random,12
7.7450000000000001,-0.40070081574734756,0,0,low_frequency_random,12
7.75,-0.51167297557419156,0,0,low_frequency_random,12
7.7549999999999999,-0.55680104979018341,0,0,low_frequency_random,12
7.7599999999999998,-0.64828008415756999,0,0,low_frequency_random,12
7.7650000000000006,-0.55427250207768386,0,0,low_frequency_random,12
7.7700000000000005,-0.61702294583917561,0,0,low_frequency_random,12
7.7750000000000004,-0.58729882061051542,0,0,low_frequency_random,12
7.7800000000000002,-0.640482076943789,0,0,low_frequency_random,12
7.7850000000000001,-0.77369572619514637,0,0,low_frequency_random,12
7.79,-0.70266396830829192,0,0,low_frequency_random,12
7.7949999999999999,-0.6073214824211528,0,0,low_frequency_random,12
7.7999999999999998,-0.48694121062840134,0,0,low_frequency_random,12
7.8050000000000006,-0.53237385911863333,0,0,low_frequency_random,12
7.8100000000000005,-0.52925585496589633,0,0,low_frequency_random,12
7.8150000000000004,-0.47447525315671463,0,0,low_frequency_random,12
7.8200000000000003,-0.4489066213209672,0,0,low_frequency_random,12
7.8250000000000002,-0.43305971278254629,0,0,low_frequency_random,12
7.8300000000000001,-0.24723104729118492,0,0,low_frequency_random,12
7.835,-0.28299686857645945,0,0,low_frequency_random,12
7.8399999999999999,-0.21417093187886294,0,0,low_frequency_random,12
7.8449999999999998,-0.25919951669085256,0,0,low_frequency_random,12
7.8500000000000005,-0.14757135344629724,0,0,low_frequency_random,12
7.8550000000000004,-0.17098811058331059,0,0,low_frequency_random,12
7.8600000000000003,-0.25229857053744242,0,0,low_frequency_random,12
7.8650000000000002,-0.19406543779688668,0,0,low_frequency_random,12
7.8700000000000001,-0.19220266626709723,0,0,low_frequency_random,12
7.875,-0.22501715721850335,0,0,low_frequency_random,12
7.8799999999999999,-0.24495727400280445,0,0,low_frequency_random,12
7.8849999999999998,-0.29642713761473388,0,0,low_frequency_random,12
7.8900000000000006,-0.25661829831817146,0,0,low_frequency_random,12
7.8950000000000005,-0.23208287526570406,0,0,low_frequency_random,12
7.9000000000000004,-0.10067863403998947,0,0,low_frequency_random,12
7.9050000000000002,-0.1577896823145741,0,0,low_frequency_random,12
7.9100000000000001,-0.04544089892554587,0,0,low_frequency_random,12
7.915,-0.003967423051253173,0,0,low_frequency_random,12
7.9199999999999999,-0.12008088611877681,0,0,low_frequency_random,12
7.9249999999999998,-0.0022570690900547419,0,0,low_frequency_random,12
7.9300000000000006,-0.14723880297612441,0,0,low_frequency_random,12
7.9350000000000005,-0.10858581524634967,0,0,low_frequency_random,12
7.9400000000000004,-0.2600246120215598,0,0,low_frequency_random,12
7.9450000000000003,-0.23945672128491796,0,0,low_frequency_random,12
7.9500000000000002,-0.27057283163563001,0,0,low_frequency_random,12
7.9550000000000001,-0.29340370692352374,0,0,low_frequency_random,12
7.96,-0.44756381702862025,0,0,low_frequency_random,12
7.9649999999999999,-0.50873832621976622,0,0,low_frequency_random,12
7.9699999999999998,-0.41311850748749818,0,0,low_frequency_random,12
7.9750000000000005,-0.36224861978866052,0,0,low_frequency_random,12
7.9800000000000004,-0.36663515140691116,0,0,low_frequency_random,12
7.9850000000000003,-0.37567351897219009,0,0,low_frequency_random,12
7.9900000000000002,-0.42599506620271754,0,0,low_frequency_random,12
7.9950000000000001,-0.30754748844424323,0,0,low_frequency_random,12
8,-0.30807311416717231,0,0,low_frequency_random,12
8.0050000000000008,-0.21822713063833021,0,0,low_frequency_random,12
8.0099999999999998,-0.33491639753713665,0,0,low_frequency_random,12
8.0150000000000006,-0.45602447804728952,0,0,low_frequency_random,12
8.0199999999999996,-0.34244648204661121,0,0,low_frequency_random,12
8.0250000000000004,-0.40901736177007469,0,0,low_frequency_random,12
8.0299999999999994,-0.42016510147825936,0,0,low_frequency_random,12
8.0350000000000001,-0.37701557956372439,0,0,low_frequency_random,12
8.0400000000000009,-0.29807074334697092,0,0,low_frequency_random,12
8.0449999999999999,-0.24234396136801312,0,0,low_frequency_random,12
8.0500000000000007,-0.19310819495160828,0,0,low_frequency_random,12
8.0549999999999997,-0.057985521498186976,0,0,low_frequency_random,12
8.0600000000000005,-0.033183941728109276,0,0,low_frequency_random,12
8.0649999999999995,0.043911933435617237,0,0,low_frequency_random,12
8.0700000000000003,0.051246900299694725,0,0,low_frequency_random,12
8.0749999999999993,0.068131500831179789,0,0,low_frequency_random,12
8.0800000000000001,0.22455841154567319,0,0,low_frequency_random,12
8.0850000000000009,0.20708764123531279,0,0,low_frequency_random,12
8.0899999999999999,0.0066190865489158812,0,0,low_frequency_random,12
8.0950000000000006,0.016871080713915843,0,0,low_frequency_random,12
8.0999999999999996,0.036120356648820115,0,0,low_frequency_random,12
8.1050000000000004,0.18717754686376753,0,0,low_frequency_random,12
8.1099999999999994,0.15990724198162723,0,0,low_frequency_random,12
8.1150000000000002,0.069926508053087963,0,0,low_frequency_random,12
8.120000000000001,0.083124296958326072,0,0,low_frequency_random,12
8.125,0.23491018126089791,0,0,low_frequency_random,12
8.1300000000000008,0.20920315409537768,0,0,low_frequency_random,12
8.1349999999999998,0.31339763769846657,0,0,low_frequency_random,12
8.1400000000000006,0.3550945904554475,0,0,low_frequency_random,12
8.1449999999999996,0.40792559118818744,0,0,low_frequency_random,12
8.1500000000000004,0.34062307326540353,0,0,low_frequency_random,12
8.1549999999999994,0.34647308422533146,0,0,low_frequency_random,12
8.1600000000000001,0.2809884069344451,0,0,low_frequency_random,12
8.1650000000000009,0.28112304300013297,0,0,low_frequency_random,12
8.1699999999999999,0.22402006112209055,0,0,low_frequency_random,12
8.1750000000000007,0.31221722041237782,0,0,low_frequency_random,12
8.1799999999999997,0.26763887515343027,0,0,low_frequency_random,12
8.1850000000000005,0.24683055868425688,0,0,low_frequency_random,12
8.1899999999999995,0.064768935523124876,0,0,low_frequency_random,12
8.1950000000000003,-0.016656273013950118,0,0,low_frequency_random,12
8.1999999999999993,0.1782123118581431,0,0,low_frequency_random,12
8.2050000000000001,0.14316568966433826,0,0,low_frequency_random,12
8.2100000000000009,0.0099287154710468173,0,0,low_frequency_random,12
8.2149999999999999,0.0054968764700595316,0,0,low_frequency_random,12
8.2200000000000006,-0.016626270425424583,0,0,low_frequency_random,12
8.2249999999999996,-0.060887881020837448,0,0,low_frequency_random,12
8.2300000000000004,-0.088334035105696401,0,0,low_frequency_random,12
8.2349999999999994,-0.12971780757076729,0,0,low_frequency_random,12
8.2400000000000002,-0.057765591098388747,0,0,low_frequency_random,12
8.245000000000001,-0.15815747834504632,0,0,low_frequency_random,12
8.25,-0.14399103730229021,0,0,low_frequency_random,12
8.2550000000000008,-0.079503739258343725,0,0,low_frequency_random,12
8.2599999999999998,-0.15503734405812186,0,0,low_frequency_random,12
8.2650000000000006,0.024136179557275039,0,0,low_frequency_random,12
8.2699999999999996,0.024610867338596746,0,0,low_frequency_random,12
8.2750000000000004,0.012374509045058445,0,0,low_frequency_random,12
8.2799999999999994,-0.036582197076979683,0,0,low_frequency_random,12
8.2850000000000001,0.022927063351992405,0,0,low_frequency_random,12
8.2900000000000009,-0.10976868009406274,0,0,low_frequency_random,12
8.2949999999999999,-0.066426560208649302,0,0,low_frequency_random,12
8.3000000000000007,0.1082384716432355,0,0,low_frequency_random,12
8.3049999999999997,0.13196499392495858,0,0,low_frequency_random,12
8.3100000000000005,0.19594815225064255,0,0,low_frequency_random,12
8.3149999999999995,0.11876247595925839,0,0,low_frequency_random,12
8.3200000000000003,0.17949158027754053,0,0,low_frequency_random,12
8.3249999999999993,0.11496546935261702,0,0,low_frequency_random,12
8.3300000000000001,0.077707781793428521,0,0,low_frequency_random,12
8.3350000000000009,0.076718277140242735,0,0,low_frequency_random,12
8.3399999999999999,0.22982109464537046,0,0,low_frequency_random,12
8.3450000000000006,0.18110023700608907,0,0,low_frequency_random,12
8.3499999999999996,0.023560393342322322,0,0,low_frequency_random,12
8.3550000000000004,0.034040671354179153,0,0,low_frequency_random,12
8.3599999999999994,0.097072773176740262,0,0,low_frequency_random,12
8.3650000000000002,0.15073208909047703,0,0,low_frequency_random,12
8.370000000000001,0.16959339865662887,0,0,low_frequency_random,12
8.375,0.28096388951576701,0,0,low_frequency_random,12
8.3800000000000008,0.35308064907947412,0,0,low_frequency_random,12
8.3849999999999998,0.42146285510584158,0,0,low_frequency_random,12
8.3900000000000006,0.3878956315349596,0,0,low_frequency_random,12
8.3949999999999996,0.27116728217639058,0,0,low_frequency_random,12
8.4000000000000004,0.40319012090946565,0,0,low_frequency_random,12
8.4049999999999994,0.33452656820086712,0,0,low_frequency_random,12
8.4100000000000001,0.4399936563995126,0,0,low_frequency_random,12
8.4150000000000009,0.53643114281700133,0,0,low_frequency_random,12
8.4199999999999999,0.44357692397215071,0,0,low_frequency_random,12
8.4250000000000007,0.39351035745629043,0,0,low_frequency_random,12
8.4299999999999997,0.42973693840617067,0,0,low_frequency_random,12
8.4350000000000005,0.51026490224657328,0,0,low_frequency_random,12
8.4399999999999995,0.43512834095540709,0,0,low_frequency_random,12
8.4450000000000003,0.41395685648897257,0,0,low_frequency_random,12
8.4499999999999993,0.33335194085806141,0,0,low_frequency_random,12
8.4550000000000001,0.2380311528984749,0,0,low_frequency_random,12
8.4600000000000009,0.24853911534614001,0,0,low_frequency_random,12
8.4649999999999999,0.21282990957041628,0,0,low_frequency_random,12
8.4700000000000006,0.052045439829610712,0,0,low_frequency_random,12
8.4749999999999996,0.087923687877755285,0,0,low_frequency_random,12
8.4800000000000004,0.05961935002006781,0,0,low_frequency_random,12
8.4849999999999994,0.030510405149881587,0,0,low_frequency_random,12
8.4900000000000002,-0.073859018507150015,0,0,low_frequency_random,12
8.495000000000001,-0.012670454667348487,0,0,low_frequency_random,12
8.5,0.014725758806349291,0,0,low_frequency_random,12
8.5050000000000008,0.041612793367496334,0,0,low_frequency_random,12
8.5099999999999998,0.038786566719979987,0,0,low_frequency_random,12
8.5150000000000006,0.069955178442330235,0,0,low_frequency_random,12
8.5199999999999996,0.20023114891770938,0,0,low_frequency_random,12
8.5250000000000004,0.21645804048654929,0,0,low_frequency_random,12
8.5299999999999994,0.23703399415120954,0,0,low_frequency_random,12
8.5350000000000001,0.20214038972387696,0,0,low_frequency_random,12
8.5400000000000009,0.25693608225871956,0,0,low_frequency_random,12
8.5449999999999999,0.23909469114107162,0,0,low_frequency_random,12
8.5500000000000007,0.18223578898392812,0,0,low_frequency_random,12
8.5549999999999997,0.27548845479147194,0,0,low_frequency_random,12
8.5600000000000005,0.26350247728057935,0,0,low_frequency_random,12
8.5649999999999995,0.19494821200592499,0,0,low_frequency_random,12
8.5700000000000003,0.13969769773385693,0,0,low_frequency_random,12
8.5750000000000011,0.099503139108826688,0,0,low_frequency_random,12
8.5800000000000001,0.01480325289512166,0,0,low_frequency_random,12
8.5850000000000009,0.13393147507348582,0,0,low_frequency_random,12
8.5899999999999999,0.18358026786236675,0,0,low_frequency_random,12
8.5950000000000006,0.075775764296866208,0,0,low_frequency_random,12
8.5999999999999996,0.17267813936240922,0,0,low_frequency_random,12
8.6050000000000004,0.14487420404784251,0,0,low_frequency_random,12
8.6099999999999994,0.16794477815350178,0,0,low_frequency_random,12
8.6150000000000002,0.13903564338425553,0,0,low_frequency_random,12
8.620000000000001,0.17474625503198807,0,0,low_frequency_random,12
8.625,0.20746851225019947,0,0,low_frequency_random,12
8.6300000000000008,0.27034051211616761,0,0,low_frequency_random,12
8.6349999999999998,0.33804288757142076,0,0,low_frequency_random,12
8.6400000000000006,0.13184358212676378,0,0,low_frequency_random,12
8.6449999999999996,0.09164275645633882,0,0,low_frequency_random,12
8.6500000000000004,0.088783034154592974,0,0,low_frequency_random,12
8.6549999999999994,0.070743137062252631,0,0,low_frequency_random,12
8.6600000000000001,-0.048185176367426419,0,0,low_frequency_random,12
8.6650000000000009,-0.080666135693856084,0,0,low_frequency_random,12
8.6699999999999999,-0.098616986075634502,0,0,low_frequency_random,12
8.6750000000000007,-0.26626724330484886,0,0,low_frequency_random,12
8.6799999999999997,-0.33915828018034627,0,0,low_frequency_random,12
8.6850000000000005,-0.28441616113547341,0,0,low_frequency_random,12
8.6899999999999995,-0.34895581584218271,0,0,low_frequency_random,12
8.6950000000000003,-0.36801997682729243,0,0,low_frequency_random,12
8.7000000000000011,-0.37281062728627357,0,0,low_frequency_random,12
8.7050000000000001,-0.33712505386910235,0,0,low_frequency_random,12
8.7100000000000009,-0.28322755864720039,0,0,low_frequency_random,12
8.7149999999999999,-0.20325231468355795,0,0,low_frequency_random,12
8.7200000000000006,-0.1982435348998578,0,0,low_frequency_random,12
8.7249999999999996,-0.18604871202149451,0,0,low_frequency_random,12
8.7300000000000004,-0.20060938851604643,0,0,low_frequency_random,12
8.7349999999999994,-0.18752258871615973,0,0,low_frequency_random,12
8.7400000000000002,-0.19940329050936606,0,0,low_frequency_random,12
8.745000000000001,-0.14156613951606473,0,0,low_frequency_random,12
8.75,-0.087374857468891273,0,0,low_frequency_random,12
8.7550000000000008,-0.2001675299049134,0,0,low_frequency_random,12
8.7599999999999998,-0.38389188590886492,0,0,low_frequency_random,12
8.7650000000000006,-0.35023333446535598,0,0,low_frequency_random,12
8.7699999999999996,-0.39353777560865894,0,0,low_frequency_random,12
8.7750000000000004,-0.51871787887023779,0,0,low_frequency_random,12
8.7799999999999994,-0.44287223746473242,0,0,low_frequency_random,12
8.7850000000000001,-0.32316093458474676,0,0,low_frequency_random,12
8.7900000000000009,-0.4163722312199889,0,0,low_frequency_random,12
8.7949999999999999,-0.49367684402870726,0,0,low_frequency_random,12
8.8000000000000007,-0.54938630277834977,0,0,low_frequency_random,12
8.8049999999999997,-0.61464268073599193,0,0,low_frequency_random,12
8.8100000000000005,-0.62546096901268722,0,0,low_frequency_random,12
8.8149999999999995,-0.71686813821492323,0,0,low_frequency_random,12
8.8200000000000003,-0.71937125047978423,0,0,low_frequency_random,12
8.8250000000000011,-0.75261390272976991,0,0,low_frequency_random,12
8.8300000000000001,-0.66982361979350657,0,0,low_frequency_random,12
8.8350000000000009,-0.67959660986168169,0,0,low_frequency_random,12
8.8399999999999999,-0.60983921059827317,0,0,low_frequency_random,12
8.8450000000000006,-0.49154511980815768,0,0,low_frequency_random,12
8.8499999999999996,-0.45215300281458709,0,0,low_frequency_random,12
8.8550000000000004,-0.40268393836239763,0,0,low_frequency_random,12
8.8599999999999994,-0.44475073491864758,0,0,low_frequency_random,12
8.8650000000000002,-0.44676273570343272,0,0,low_frequency_random,12
8.870000000000001,-0.26643405598029779,0,0,low_frequency_random,12
8.875,-0.15991274887087015,0,0,low_frequency_random,12
8.8800000000000008,-0.1609463065488273,0,0,low_frequency_random,12
8.8849999999999998,-0.19707740414601108,0,0,low_frequency_random,12
8.8900000000000006,-0.21351295179833343,0,0,low_frequency_random,12
8.8949999999999996,-0.13004703191114478,0,0,low_frequency_random,12
8.9000000000000004,-0.29939949781598219,0,0,low_frequency_random,12
8.9049999999999994,-0.28323149685399235,0,0,low_frequency_random,12
8.9100000000000001,-0.39307027216459622,0,0,low_frequency_random,12
8.9150000000000009,-0.28224882854787836,0,0,low_frequency_random,12
8.9199999999999999,-0.40125569444443399,0,0,low_frequency_random,12
8.9250000000000007,-0.33119490877766383,0,0,low_frequency_random,12
8.9299999999999997,-0.35831441068665665,0,0,low_frequency_random,12
8.9350000000000005,-0.36055716213087352,0,0,low_frequency_random,12
8.9399999999999995,-0.23121901461043784,0,0,low_frequency_random,12
8.9450000000000003,-0.23588931801737131,0,0,low_frequency_random,12
8.9500000000000011,-0.18505646602568185,0,0,low_frequency_random,12
8.9550000000000001,-0.15821183479373199,0,0,low_frequency_random,12
8.9600000000000009,-0.25541467153792363,0,0,low_frequency_random,12
8.9649999999999999,-0.26228306455169037,0,0,low_frequency_random,12
8.9700000000000006,-0.18721306857730474,0,0,low_frequency_random,12
8.9749999999999996,-0.16279964551515666,0,0,low_frequency_random,12
8.9800000000000004,-0.15058089396034172,0,0,low_frequency_random,12
8.9849999999999994,-0.21177082764966371,0,0,low_frequency_random,12
8.9900000000000002,-0.090315158817509039,0,0,low_frequency_random,12
8.995000000000001,-0.13894740574735179,0,0,low_frequency_random,12
9,0.0022988467379524979,0,0,low_frequency_random,12
9.0050000000000008,0.013752030089728057,0,0,low_frequency_random,12
9.0099999999999998,0.066724551179807717,0,0,low_frequency_random,12
9.0150000000000006,-0.05114213337143042,0,0,low_frequency_random,12
9.0199999999999996,-0.045474649948308007,0,0,low_frequency_random,12
9.0250000000000004,-0.12502570920380807,0,0,low_frequency_random,12
9.0299999999999994,-0.12098874760059483,0,0,low_frequency_random,12
9.0350000000000001,-0.026381959473941022,0,0,low_frequency_random,12
9.0400000000000009,-0.00055892744968460278,0,0,low_frequency_random,12
9.0449999999999999,0.016957365855043868,0,0,low_frequency_random,12
9.0500000000000007,0.092641085096636488,0,0,low_frequency_random,12
9.0549999999999997,-0.0063565954891099813,0,0,low_frequency_random,12
9.0600000000000005,0.00017872541539392869,0,0,low_frequency_random,12
9.0649999999999995,-0.050643024253246814,0,0,low_frequency_random,12
9.0700000000000003,0.036626397440111598,0,0,low_frequency_random,12
9.0750000000000011,-0.021756911833464614,0,0,low_frequency_random,12
9.0800000000000001,0.10754444570886065,0,0,low_frequency_random,12
9.0850000000000009,0.27029961116812973,0,0,low_frequency_random,12
9.0899999999999999,0.098025541156391838,0,0,low_frequency_random,12
9.0950000000000006,0.084671509487919405,0,0,low_frequency_random,12
9.0999999999999996,-0.044001759947095154,0,0,low_frequency_random,12
9.1050000000000004,0.055883244934689547,0,0,low_frequency_random,12
9.1099999999999994,-0.014263866026699046,0,0,low_frequency_random,12
9.1150000000000002,0.03689987630649566,0,0,low_frequency_random,12
9.120000000000001,0.062516903752860675,0,0,low_frequency_random,12
9.125,-0.012418692577611128,0,0,low_frequency_random,12
9.1300000000000008,-0.13460850330105928,0,0,low_frequency_random,12
9.1349999999999998,-0.043265187354888546,0,0,low_frequency_random,12
9.1400000000000006,-0.090882286415158053,0,0,low_frequency_random,12
9.1449999999999996,-0.068116337057472554,0,0,low_frequency_random,12
9.1500000000000004,0.047783856411086137,0,0,low_frequency_random,12
9.1549999999999994,0.045880886760012812,0,0,low_frequency_random,12
9.1600000000000001,0.021950406321015845,0,0,low_frequency_random,12
9.1650000000000009,-0.059887299687719352,0,0,low_frequency_random,12
9.1699999999999999,-0.021392227795670946,0,0,low_frequency_random,12
9.1750000000000007,-0.086680526432628982,0,0,low_frequency_random,12
9.1799999999999997,-0.22165465899392564,0,0,low_frequency_random,12
9.1850000000000005,-0.26727038082675603,0,0,low_frequency_random,12
9.1899999999999995,-0.31609948909393115,0,0,low_frequency_random,12
9.1950000000000003,-0.44529648358760054,0,0,low_frequency_random,12
9.2000000000000011,-0.46235787819842039,0,0,low_frequency_random,12
9.2050000000000001,-0.39418672318380188,0,0,low_frequency_random,12
9.2100000000000009,-0.34569466059397974,0,0,low_frequency_random,12
9.2149999999999999,-0.18007219195521912,0,0,low_frequency_random,12
9.2200000000000006,-0.08714006150859753,0,0,low_frequency_random,12
9.2249999999999996,-0.065119789720589308,0,0,low_frequency_random,12
9.2300000000000004,-0.22852446704002755,0,0,low_frequency_random,12
9.2349999999999994,-0.20836421876097574,0,0,low_frequency_random,12
9.2400000000000002,-0.10773389793309537,0,0,low_frequency_random,12
9.245000000000001,-0.12803915641645783,0,0,low_frequency_random,12
9.25,-0.010301991816155945,0,0,low_frequency_random,12
9.2550000000000008,-0.083375226190563617,0,0,low_frequency_random,12
9.2599999999999998,-0.060143689090008709,0,0,low_frequency_random,12
9.2650000000000006,0.009127798981568444,0,0,low_frequency_random,12
9.2699999999999996,0.14833606169438057,0,0,low_frequency_random,12
9.2750000000000004,0.14541915370553615,0,0,low_frequency_random,12
9.2799999999999994,0.30532164737374479,0,0,low_frequency_random,12
9.2850000000000001,0.27670204996197545,0,0,low_frequency_random,12
9.2900000000000009,0.13158375935051697,0,0,low_frequency_random,12
9.2949999999999999,0.12363813846940408,0,0,low_frequency_random,12
9.3000000000000007,0.23696951536554528,0,0,low_frequency_random,12
9.3049999999999997,0.2098359525491586,0,0,low_frequency_random,12
9.3100000000000005,0.34437585720089325,0,0,low_frequency_random,12
9.3149999999999995,0.32750961377208304,0,0,low_frequency_random,12
9.3200000000000003,0.48211952023680354,0,0,low_frequency_random,12
9.3250000000000011,0.30117129439375023,0,0,low_frequency_random,12
9.3300000000000001,0.48808654154987596,0,0,low_frequency_random,12
9.3350000000000009,0.31995579159695259,0,0,low_frequency_random,12
9.3399999999999999,0.31461682200614882,0,0,low_frequency_random,12
9.3450000000000006,0.21707724930602246,0,0,low_frequency_random,12
9.3499999999999996,0.24310123751014096,0,0,low_frequency_random,12
9.3550000000000004,0.22512972020064109,0,0,low_frequency_random,12
9.3599999999999994,0.20055682998095856,0,0,low_frequency_random,12
9.3650000000000002,0.25254638109744076,0,0,low_frequency_random,12
9.370000000000001,0.33138064821302077,0,0,low_frequency_random,12
9.375,0.30363360588193833,0,0,low_frequency_random,12
9.3800000000000008,0.40446583692653681,0,0,low_frequency_random,12
9.3849999999999998,0.26101079832675911,0,0,low_frequency_random,12
9.3900000000000006,0.17306781178149622,0,0,low_frequency_random,12
9.3949999999999996,0.060682724691147091,0,0,low_frequency_random,12
9.4000000000000004,0.10049689062351305,0,0,low_frequency_random,12
9.4049999999999994,0.1755340886752097,0,0,low_frequency_random,12
9.4100000000000001,0.14005283236349447,0,0,low_frequency_random,12
9.4150000000000009,0.0871386123297576,0,0,low_frequency_random,12
9.4199999999999999,-0.011524648373273411,0,0,low_frequency_random,12
9.4250000000000007,0.044669418010691159,0,0,low_frequency_random,12
9.4299999999999997,0.1386790232118143,0,0,low_frequency_random,12
9.4350000000000005,0.092299478872326257,0,0,low_frequency_random,12
9.4399999999999995,0.07711264076731604,0,0,low_frequency_random,12
9.4450000000000003,0.043590268128666725,0,0,low_frequency_random,12
9.4500000000000011,0.041391856086817329,0,0,low_frequency_random,12
9.4550000000000001,0.079260383139945073,0,0,low_frequency_random,12
9.4600000000000009,-0.10366613134843415,0,0,low_frequency_random,12
9.4649999999999999,-0.1475243693097682,0,0,low_frequency_random,12
9.4700000000000006,-0.079720149863604914,0,0,low_frequency_random,12
9.4749999999999996,-0.15413852318670729,0,0,low_frequency_random,12
9.4800000000000004,-0.048639242443065153,0,0,low_frequency_random,12
9.4849999999999994,0.068453659527231175,0,0,low_frequency_random,12
9.4900000000000002,-0.0092836274504199123,0,0,low_frequency_random,12
9.495000000000001,-0.074095905205776733,0,0,low_frequency_random,12
9.5,0.035337087945972318,0,0,low_frequency_random,12
9.5050000000000008,-0.09954656397059114,0,0,low_frequency_random,12
9.5099999999999998,-0.18522265220359907,0,0,low_frequency_random,12
9.5150000000000006,-0.31788522291256871,0,0,low_frequency_random,12
9.5199999999999996,-0.31354529402276421,0,0,low_frequency_random,12
9.5250000000000004,-0.2820680460090586,0,0,low_frequency_random,12
9.5299999999999994,-0.2398364128857409,0,0,low_frequency_random,12
9.5350000000000001,-0.2148289337287432,0,0,low_frequency_random,12
9.5400000000000009,-0.32879665710136408,0,0,low_frequency_random,12
9.5449999999999999,-0.2294655469200011,0,0,low_frequency_random,12
9.5500000000000007,-0.23282203636298249,0,0,low_frequency_random,12
9.5549999999999997,-0.26386328581893026,0,0,low_frequency_random,12
9.5600000000000005,-0.12031892761186169,0,0,low_frequency_random,12
9.5649999999999995,-0.10915311147259928,0,0,low_frequency_random,12
9.5700000000000003,-0.079207909659059203,0,0,low_frequency_random,12
9.5750000000000011,-0.0093359230514730163,0,0,low_frequency_random,12
9.5800000000000001,0.15737531195463325,0,0,low_frequency_random,12
9.5850000000000009,0.15568563759391807,0,0,low_frequency_random,12
9.5899999999999999,0.21201367804951854,0,0,low_frequency_random,12
9.5950000000000006,0.018244132097975346,0,0,low_frequency_random,12
9.5999999999999996,-0.062650499669854948,0,0,low_frequency_random,12
9.6050000000000004,0.10786018835368583,0,0,low_frequency_random,12
9.6099999999999994,0.27182976140163251,0,0,low_frequency_random,12
9.6150000000000002,0.25768654877526209,0,0,low_frequency_random,12
9.620000000000001,0.18222679152923921,0,0,low_frequency_random,12
9.625,0.068000336020127838,0,0,low_frequency_random,12
9.6300000000000008,-0.032027248770191863,0,0,low_frequency_random,12
9.6349999999999998,-0.080020324405271154,0,0,low_frequency_random,12
9.6400000000000006,-0.2229760280047722,0,0,low_frequency_random,12
9.6449999999999996,-0.23150870182889413,0,0,low_frequency_random,12
9.6500000000000004,-0.24505526651568743,0,0,low_frequency_random,12
9.6549999999999994,-0.34667919861683344,0,0,low_frequency_random,12
9.6600000000000001,-0.45334607975334335,0,0,low_frequency_random,12
9.6650000000000009,-0.54874472051337464,0,0,low_frequency_random,12
9.6699999999999999,-0.58728347078205934,0,0,low_frequency_random,12
9.6750000000000007,-0.60340150698368633,0,0,low_frequency_random,12
9.6799999999999997,-0.55437585693971658,0,0,low_frequency_random,12
9.6850000000000005,-0.69709074873022825,0,0,low_frequency_random,12
9.6899999999999995,-0.72344104254494901,0,0,low_frequency_random,12
9.6950000000000003,-0.71816357212414983,0,0,low_frequency_random,12
9.7000000000000011,-0.68905295684463208,0,0,low_frequency_random,12
9.7050000000000001,-0.61609214254433986,0,0,low_frequency_random,12
9.7100000000000009,-0.6474265563924464,0,0,low_frequency_random,12
9.7149999999999999,-0.54265975367350749,0,0,low_frequency_random,12
9.7200000000000006,-0.35136573989837167,0,0,low_frequency_random,12
9.7249999999999996,-0.31342270138108869,0,0,low_frequency_random,12
9.7300000000000004,-0.18371198258173693,0,0,low_frequency_random,12
9.7349999999999994,-0.10192834354830368,0,0,low_frequency_random,12
9.7400000000000002,-0.063701029093537115,0,0,low_frequency_random,12
9.745000000000001,-0.079996545531029167,0,0,low_frequency_random,12
9.75,-0.057217435336726657,0,0,low_frequency_random,12
9.7550000000000008,0.11362003581260874,0,0,low_frequency_random,12
9.7599999999999998,0.12082667974325953,0,0,low_frequency_random,12
9.7650000000000006,0.058323638011237383,0,0,low_frequency_random,12
9.7699999999999996,0.019138905232205287,0,0,low_frequency_random,12
9.7750000000000004,0.085267944967450035,0,0,low_frequency_random,12
9.7799999999999994,0.034607299691005539,0,0,low_frequency_random,12
9.7850000000000001,0.11198682066520005,0,0,low_frequency_random,12
9.7900000000000009,0.17424681969390779,0,0,low_frequency_random,12
9.7949999999999999,0.1951048876278367,0,0,low_frequency_random,12
9.8000000000000007,0.33354017779048195,0,0,low_frequency_random,12
9.8049999999999997,0.22756861588533916,0,0,low_frequency_random,12
9.8100000000000005,0.18416712661786877,0,0,low_frequency_random,12
9.8149999999999995,0.17189136510425299,0,0,low_frequency_random,12
9.8200000000000003,0.20618035602913953,0,0,low_frequency_random,12
9.8250000000000011,0.096872849783198697,0,0,low_frequency_random,12
9.8300000000000001,0.051954975684404173,0,0,low_frequency_random,12
9.8350000000000009,0.1609883402897534,0,0,low_frequency_random,12
9.8399999999999999,0.12951695398846691,0,0,low_frequency_random,12
9.8450000000000006,0.20631557715570276,0,0,low_frequency_random,12
9.8499999999999996,0.18731782313646719,0,0,low_frequency_random,12
9.8550000000000004,0.12569042870113045,0,0,low_frequency_random,12
9.8599999999999994,0.16821151834898665,0,0,low_frequency_random,12
9.8650000000000002,0.27536281887086828,0,0,low_frequency_random,12
9.870000000000001,0.27038496348380103,0,0,low_frequency_random,12
9.875,0.1615057567753688,0,0,low_frequency_random,12
9.8800000000000008,0.096643827015537281,0,0,low_frequency_random,12
9.8849999999999998,0.058790086410328408,0,0,low_frequency_random,12
9.8900000000000006,0.03628235183010535,0,0,low_frequency_random,12
9.8949999999999996,-0.041999037692731805,0,0,low_frequency_random,12
9.9000000000000004,0.013683415060185167,0,0,low_frequency_random,12
9.9049999999999994,-0.074698144505675537,0,0,low_frequency_random,12
9.9100000000000001,0.0051140795052989629,0,0,low_frequency_random,12
9.9150000000000009,-0.082920673792511584,0,0,low_frequency_random,12
9.9199999999999999,-0.16402201839017561,0,0,low_frequency_random,12
9.9250000000000007,-0.072209719968190866,0,0,low_frequency_random,12
9.9299999999999997,-0.014891755609702399,0,0,low_frequency_random,12
9.9350000000000005,-0.044388062121651348,0,0,low_frequency_random,12
9.9399999999999995,-0.095012169102563271,0,0,low_frequency_random,12
9.9450000000000003,-0.1148904614605257,0,0,low_frequency_random,12
9.9500000000000011,-0.11225718236915465,0,0,low_frequency_random,12
9.9550000000000001,-0.092971011316751478,0,0,low_frequency_random,12
9.9600000000000009,-0.0083161344616759503,0,0,low_frequency_random,12
9.9649999999999999,-0.077844000948296549,0,0,low_frequency_random,12
9.9700000000000006,-0.078476991514039668,0,0,low_frequency_random,12
9.9749999999999996,-0.07442247468925603,0,0,low_frequency_random,12
9.9800000000000004,-0.18774857373150253,0,0,low_frequency_random,12
9.9849999999999994,-0.092805235945984207,0,0,low_frequency_random,12
9.9900000000000002,0.043406166274788646,0,0,low_frequency_random,12
9.995000000000001,0.040868418451950064,0,0,low_frequency_random,12
10,-0.10519493777979785,0,0,low_frequency_random,12
10.005000000000001,-0.17369908942168338,0,0,low_frequency_random,12
10.01,-0.098475251389535473,0,0,low_frequency_random,12
10.015000000000001,-0.26730446088055415,0,0,low_frequency_random,12
10.02,-0.43264909284770237,0,0,low_frequency_random,12
10.025,-0.47565421909938593,0,0,low_frequency_random,12
10.029999999999999,-0.43847731508090171,0,0,low_frequency_random,12
10.035,-0.3719723441234819,0,0,low_frequency_random,12
10.040000000000001,-0.29074985693167804,0,0,low_frequency_random,12
10.045,-0.48719418567076506,0,0,low_frequency_random,12
10.050000000000001,-0.53691586386386814,0,0,low_frequency_random,12
10.055,-0.6180997071431229,0,0,low_frequency_random,12
10.06,-0.69983130599163335,0,0,low_frequency_random,12
10.065,-0.63720382871137604,0,0,low_frequency_random,12
10.07,-0.60394485795658936,0,0,low_frequency_random,12
10.075000000000001,-0.66565645463012613,0,0,low_frequency_random,12
10.08,-0.64802440003309913,0,0,low_frequency_random,12
10.085000000000001,-0.63166941922805453,0,0,low_frequency_random,12
10.09,-0.52856397701983926,0,0,low_frequency_random,12
10.095000000000001,-0.5745536424617006,0,0,low_frequency_random,12
10.1,-0.52405203865955396,0,0,low_frequency_random,12
10.105,-0.58331862957492275,0,0,low_frequency_random,12
10.109999999999999,-0.5476862507776098,0,0,low_frequency_random,12
10.115,-0.55090372330533299,0,0,low_frequency_random,12
10.120000000000001,-0.52955731444633847,0,0,low_frequency_random,12
10.125,-0.52954109761843182,0,0,low_frequency_random,12
10.130000000000001,-0.40641837249954071,0,0,low_frequency_random,12
10.135,-0.46194909216372532,0,0,low_frequency_random,12
10.140000000000001,-0.53517188001806026,0,0,low_frequency_random,12
10.145,-0.57723902865976062,0,0,low_frequency_random,12
10.15,-0.53641102153446951,0,0,low_frequency_random,12
10.154999999999999,-0.4751981225060542,0,0,low_frequency_random,12
10.16,-0.47520907617959507,0,0,low_frequency_random,12
10.165000000000001,-0.52364496733548471,0,0,low_frequency_random,12
10.17,-0.55092986419229373,0,0,low_frequency_random,12
10.175000000000001,-0.60009099241744646,0,0,low_frequency_random,12
10.18,-0.55399083396064031,0,0,low_frequency_random,12
10.185,-0.5487602169566238,0,0,low_frequency_random,12
10.19,-0.52392293372013343,0,0,low_frequency_random,12
10.195,-0.51231432060347559,0,0,low_frequency_random,12
10.200000000000001,-0.49978099696711464,0,0,low_frequency_random,12
10.205,-0.40233024742311502,0,0,low_frequency_random,12
10.210000000000001,-0.43439308017649908,0,0,low_frequency_random,12
10.215,-0.39500851042304241,0,0,low_frequency_random,12
10.220000000000001,-0.35311919159389399,0,0,low_frequency_random,12
10.225,-0.40489904482454186,0,0,low_frequency_random,12
10.23,-0.27076381655734028,0,0,low_frequency_random,12
10.234999999999999,-0.24836264198156932,0,0,low_frequency_random,12
10.24,-0.33366668771231539,0,0,low_frequency_random,12
10.245000000000001,-0.25413077402722478,0,0,low_frequency_random,12
10.25,-0.20628781978645858,0,0,low_frequency_random,12
10.255000000000001,-0.14771422226503034,0,0,low_frequency_random,12
10.26,-0.16117435415676273,0,0,low_frequency_random,12
10.265000000000001,-0.18645764821194352,0,0,low_frequency_random,12
10.27,-0.17178682405392379,0,0,low_frequency_random,12
10.275,-0.27586749237657604,0,0,low_frequency_random,12
10.279999999999999,-0.26008962579321859,0,0,low_frequency_random,12
10.285,-0.25192932719345101,0,0,low_frequency_random,12
10.290000000000001,-0.17949937322821158,0,0,low_frequency_random,12
10.295,-0.19411252735603438,0,0,low_frequency_random,12
10.300000000000001,-0.14491340902456967,0,0,low_frequency_random,12
10.305,-0.25438328505019497,0,0,low_frequency_random,12
10.31,-0.31204247363569754,0,0,low_frequency_random,12
10.315,-0.24893347250148948,0,0,low_frequency_random,12
10.32,-0.13316416160615746,0,0,low_frequency_random,12
10.325000000000001,-0.062342470564514196,0,0,low_frequency_random,12
10.33,-0.17854302201249159,0,0,low_frequency_random,12
10.335000000000001,-0.25819135407205918,0,0,low_frequency_random,12
10.34,-0.30481994803097723,0,0,low_frequency_random,12
10.345000000000001,-0.20651657545684426,0,0,low_frequency_random,12
10.35,-0.2529194267346086,0,0,low_frequency_random,12
10.355,-0.23336159651031019,0,0,low_frequency_random,12
10.359999999999999,-0.19604503227649234,0,0,low_frequency_random,12
10.365,-0.15920879749032399,0,0,low_frequency_random,12
10.370000000000001,-0.16975455044057919,0,0,low_frequency_random,12
10.375,-0.14322834630118422,0,0,low_frequency_random,12
10.380000000000001,-0.076280543695524367,0,0,low_frequency_random,12
10.385,-0.06285854720868625,0,0,low_frequency_random,12
10.390000000000001,-0.066046578486705504,0,0,low_frequency_random,12
10.395,-0.0039363041745497859,0,0,low_frequency_random,12
10.4,0.11474268236153533,0,0,low_frequency_random,12
10.404999999999999,0.3074213145497327,0,0,low_frequency_random,12
10.41,0.21798168214590996,0,0,low_frequency_random,12
10.415000000000001,0.23927808533993314,0,0,low_frequency_random,12
10.42,0.24728155804385546,0,0,low_frequency_random,12
10.425000000000001,0.16129153236620491,0,0,low_frequency_random,12
10.43,0.13910579256079417,0,0,low_frequency_random,12
10.435,0.08609566706326624,0,0,low_frequency_random,12
10.44,0.0097210860216093847,0,0,low_frequency_random,12
10.445,-0.03747582148939415,0,0,low_frequency_random,12
10.450000000000001,0.012265762369831602,0,0,low_frequency_random,12
10.455,-0.068064041143635304,0,0,low_frequency_random,12
10.460000000000001,-0.10894318567245648,0,0,low_frequency_random,12
10.465,-0.11911438484421,0,0,low_frequency_random,12
10.470000000000001,-0.19654964768021838,0,0,low_frequency_random,12
10.475,-0.29216067612412089,0,0,low_frequency_random,12
10.48,-0.41597461711942618,0,0,low_frequency_random,12
10.484999999999999,-0.47385321622898186,0,0,low_frequency_random,12
10.49,-0.36364015360671209,0,0,low_frequency_random,12
10.495000000000001,-0.49596952585043774,0,0,low_frequency_random,12
10.5,-0.42952190363774606,0,0,low_frequency_random,12
10.505000000000001,-0.50133061446455152,0,0,low_frequency_random,12
10.51,-0.57466930456166354,0,0,low_frequency_random,12
10.515000000000001,-0.51386197077939522,0,0,low_frequency_random,12
10.52,-0.47044162014081353,0,0,low_frequency_random,12
10.525,-0.42060372406073709,0,0,low_frequency_random,12
10.529999999999999,-0.42160711461851491,0,0,low_frequency_random,12
10.535,-0.35486236847667646,0,0,low_frequency_random,12
10.540000000000001,-0.40470827458116265,0,0,low_frequency_random,12
10.545,-0.37820149618307386,0,0,low_frequency_random,12
10.550000000000001,-0.3035530871344464,0,0,low_frequency_random,12
10.555,-0.30809907521962526,0,0,low_frequency_random,12
10.56,-0.37603385052131033,0,0,low_frequency_random,12
10.565,-0.2464243464868672,0,0,low_frequency_random,12
10.57,-0.26506270491256273,0,0,low_frequency_random,12
10.575000000000001,-0.34249615949010986,0,0,low_frequency_random,12
10.58,-0.29397652524098472,0,0,low_frequency_random,12
10.585000000000001,-0.19547824366831776,0,0,low_frequency_random,12
10.59,-0.15216613636619075,0,0,low_frequency_random,12
10.595000000000001,-0.246662405177977,0,0,low_frequency_random,12
10.6,-0.24245093324770928,0,0,low_frequency_random,12
10.605,-0.21860422231577287,0,0,low_frequency_random,12
10.609999999999999,-0.16959271797637374,0,0,low_frequency_random,12
10.615,-0.28152440018946912,0,0,low_frequency_random,12
10.620000000000001,-0.38085892372871533,0,0,low_frequency_random,12
10.625,-0.36529058725986846,0,0,low_frequency_random,12
10.630000000000001,-0.36393317922852353,0,0,low_frequency_random,12
10.635,-0.3279670385326216,0,0,low_frequency_random,12
10.640000000000001,-0.23685435575206762,0,0,low_frequency_random,12
10.645,-0.34362296123728453,0,0,low_frequency_random,12
10.65,-0.43228037084650772,0,0,low_frequency_random,12
10.654999999999999,-0.47774220628375902,0,0,low_frequency_random,12
10.66,-0.35866313194722477,0,0,low_frequency_random,12
10.665000000000001,-0.37491091713795771,0,0,low_frequency_random,12
10.67,-0.29896585856948632,0,0,low_frequency_random,12
10.675000000000001,-0.48569842367539223,0,0,low_frequency_random,12
10.68,-0.46792537839477166,0,0,low_frequency_random,12
10.685,-0.395226809859482,0,0,low_frequency_random,12
10.69,-0.28408577795305323,0,0,low_frequency_random,12
10.695,-0.33946324341370454,0,0,low_frequency_random,12
10.700000000000001,-0.18048862958590112,0,0,low_frequency_random,12
10.705,-0.24396417327890504,0,0,low_frequency_random,12
10.710000000000001,-0.12784497891562507,0,0,low_frequency_random,12
10.715,0.0075375436507317539,0,0,low_frequency_random,12
10.720000000000001,0.0025344145257918983,0,0,low_frequency_random,12
10.725,-0.10153456191644669,0,0,low_frequency_random,12
10.73,0.073752700221854109,0,0,low_frequency_random,12
10.734999999999999,0.10504356072118826,0,0,low_frequency_random,12
10.74,0.011898988184094822,0,0,low_frequency_random,12
10.745000000000001,0.052513379003076059,0,0,low_frequency_random,12
10.75,-0.029143373549462698,0,0,low_frequency_random,12
10.755000000000001,-0.014096558455941856,0,0,low_frequency_random,12
10.76,-0.099265738530304265,0,0,low_frequency_random,12
10.765000000000001,-0.27689472747583244,0,0,low_frequency_random,12
10.77,-0.2214951789284621,0,0,low_frequency_random,12
10.775,-0.27517150343791047,0,0,low_frequency_random,12
10.779999999999999,-0.28435491724477363,0,0,low_frequency_random,12
10.785,-0.27465287183804155,0,0,low_frequency_random,12
10.790000000000001,-0.2876308291527403,0,0,low_frequency_random,12
10.795,-0.34239496306515027,0,0,low_frequency_random,12
10.800000000000001,-0.31273378324478396,0,0,low_frequency_random,12
10.805,-0.26402702060182981,0,0,low_frequency_random,12
10.81,-0.24530766838808563,0,0,low_frequency_random,12
10.815,-0.2717061730819163,0,0,low_frequency_random,12
10.82,-0.26710566320372303,0,0,low_frequency_random,12
10.825000000000001,-0.14609293522577199,0,0,low_frequency_random,12
10.83,-0.048943255007709019,0,0,low_frequency_random,12
10.835000000000001,-0.066070353405767598,0,0,low_frequency_random,12
10.84,-0.014704013145886256,0,0,low_frequency_random,12
10.845000000000001,0.035506424247207208,0,0,low_frequency_random,12
10.85,0.086047358952919512,0,0,low_frequency_random,12
10.855,0.094707610251409516,0,0,low_frequency_random,12
10.859999999999999,0.13904668730270586,0,0,low_frequency_random,12
10.865,0.11901575227306786,0,0,low_frequency_random,12
10.870000000000001,0.1806267377578063,0,0,low_frequency_random,12
10.875,0.22918759899400179,0,0,low_frequency_random,12
10.880000000000001,0.28913911714457652,0,0,low_frequency_random,12
10.885,0.34772252421519712,0,0,low_frequency_random,12
10.890000000000001,0.39783433692839082,0,0,low_frequency_random,12
10.895,0.34228699897017162,0,0,low_frequency_random,12
10.9,0.25572782797854687,0,0,low_frequency_random,12
10.904999999999999,0.27308933424266052,0,0,low_frequency_random,12
10.91,0.24827956057003711,0,0,low_frequency_random,12
10.915000000000001,0.31220828448930621,0,0,low_frequency_random,12
10.92,0.26700344245551533,0,0,low_frequency_random,12
10.925000000000001,0.23590726639607884,0,0,low_frequency_random,12
10.93,0.13525316441691615,0,0,low_frequency_random,12
10.935,0.13137691275594565,0,0,low_frequency_random,12
10.94,0.10529573865201326,0,0,low_frequency_random,12
10.945,0.20083844005200308,0,0,low_frequency_random,12
10.950000000000001,0.21048611596481281,0,0,low_frequency_random,12
10.955,0.32533314473771957,0,0,low_frequency_random,12
10.960000000000001,0.27000806475213246,0,0,low_frequency_random,12
10.965,0.14948224691046558,0,0,low_frequency_random,12
10.970000000000001,0.23954228902534636,0,0,low_frequency_random,12
10.975,0.28411862444536934,0,0,low_frequency_random,12
10.98,0.41287159403504725,0,0,low_frequency_random,12
10.984999999999999,0.36506496013878986,0,0,low_frequency_random,12
10.99,0.23411291661654454,0,0,low_frequency_random,12
10.995000000000001,0.3647218895148967,0,0,low_frequency_random,12
11,0.39519125985254422,0,0,low_frequency_random,12
11.005000000000001,0.35750466267892866,0,0,low_frequency_random,12
11.01,0.53538459699912155,0,0,low_frequency_random,12
11.015000000000001,0.54859009612332676,0,0,low_frequency_random,12
11.02,0.49382392503329464,0,0,low_frequency_random,12
11.025,0.53459812519531669,0,0,low_frequency_random,12
11.029999999999999,0.50381743242827737,0,0,low_frequency_random,12
11.035,0.44966780109592508,0,0,low_frequency_random,12
11.040000000000001,0.49298538141896209,0,0,low_frequency_random,12
11.045,0.50744705207349949,0,0,low_frequency_random,12
11.050000000000001,0.50383229006222885,0,0,low_frequency_random,12
11.055,0.50659067603143459,0,0,low_frequency_random,12
11.06,0.41133859804874351,0,0,low_frequency_random,12
11.065,0.47891912348139121,0,0,low_frequency_random,12
11.07,0.64002858912394633,0,0,low_frequency_random,12
11.075000000000001,0.67283639325318867,0,0,low_frequency_random,12
11.08,0.78360239092048423,0,0,low_frequency_random,12
11.085000000000001,0.94923806798269073,0,0,low_frequency_random,12
11.09,0.94090064328591672,0,0,low_frequency_random,12
11.095000000000001,0.89638589005684832,0,0,low_frequency_random,12
11.1,0.82987336713094495,0,0,low_frequency_random,12
11.105,0.80179828619687221,0,0,low_frequency_random,12
11.109999999999999,0.8724246668712593,0,0,low_frequency_random,12
11.115,0.86979464882387547,0,0,low_frequency_random,12
11.120000000000001,0.97159327555862129,0,0,low_frequency_random,12
11.125,0.92950618194100365,0,0,low_frequency_random,12
11.130000000000001,1.0675589226768909,0,0,low_frequency_random,12
11.135,1.0502759584077099,0,0,low_frequency_random,12
11.140000000000001,1.0513032020316795,0,0,low_frequency_random,12
11.145,1.0643371386053291,0,0,low_frequency_random,12
11.15,1.0537496459384994,0,0,low_frequency_random,12
11.154999999999999,1.0521751275871805,0,0,low_frequency_random,12
11.16,1.1057458808611667,0,0,low_frequency_random,12
11.165000000000001,1.1037324956021846,0,0,low_frequency_random,12
11.17,1.145336535953277,0,0,low_frequency_random,12
11.175000000000001,1.0895719681261673,0,0,low_frequency_random,12
11.18,1.0340010201114891,0,0,low_frequency_random,12
11.185,0.93015975069667944,0,0,low_frequency_random,12
11.19,0.99342087057111939,0,0,low_frequency_random,12
11.195,0.93408084230185984,0,0,low_frequency_random,12
11.200000000000001,0.97476254035838028,0,0,low_frequency_random,12
11.205,0.98880607849277291,0,0,low_frequency_random,12
11.210000000000001,1.0042826802540652,0,0,low_frequency_random,12
11.215,0.99205079631542104,0,0,low_frequency_random,12
11.220000000000001,1.0425446939757794,0,0,low_frequency_random,12
11.225,1.0866651168892869,0,0,low_frequency_random,12
11.23,1.2209438709650462,0,0,low_frequency_random,12
11.234999999999999,1.2086258390249927,0,0,low_frequency_random,12
11.24,1.1849747551808898,0,0,low_frequency_random,12
11.245000000000001,1.0961283270480058,0,0,low_frequency_random,12
11.25,1.2725897781435545,0,0,low_frequency_random,12
11.255000000000001,1.2227667999980576,0,0,low_frequency_random,12
11.26,1.291968633156821,0,0,low_frequency_random,12
11.265000000000001,1.3569709815249802,0,0,low_frequency_random,12
11.27,1.2665814931137209,0,0,low_frequency_random,12
11.275,1.2215927907121391,0,0,low_frequency_random,12
11.279999999999999,1.2839249608681575,0,0,low_frequency_random,12
11.285,1.2877946397361706,0,0,low_frequency_random,12
11.290000000000001,1.1916521344713666,0,0,low_frequency_random,12
11.295,1.2059379624722901,0,0,low_frequency_random,12
11.300000000000001,1.3283836321405926,0,0,low_frequency_random,12
11.305,1.3586837187090595,0,0,low_frequency_random,12
11.31,1.4044860960927164,0,0,low_frequency_random,12
11.315,1.5072206898337983,0,0,low_frequency_random,12
11.32,1.6783096942122555,0,0,low_frequency_random,12
11.325000000000001,1.6818759098972875,0,0,low_frequency_random,12
11.33,1.6344731255145113,0,0,low_frequency_random,12
11.335000000000001,1.6296806007358484,0,0,low_frequency_random,12
11.34,1.5927323486497067,0,0,low_frequency_random,12
11.345000000000001,1.4861602662377418,0,0,low_frequency_random,12
11.35,1.4745767218500767,0,0,low_frequency_random,12
11.355,1.3994854504679344,0,0,low_frequency_random,12
11.359999999999999,1.4975847499707573,0,0,low_frequency_random,12
11.365,1.4879446002147525,0,0,low_frequency_random,12
11.370000000000001,1.2822408603219455,0,0,low_frequency_random,12
11.375,1.2004407227567278,0,0,low_frequency_random,12
11.380000000000001,1.2282127193515915,0,0,low_frequency_random,12
11.385,1.1802930152902564,0,0,low_frequency_random,12
11.390000000000001,1.1132403011789322,0,0,low_frequency_random,12
11.395,1.0660686326430846,0,0,low_frequency_random,12
11.4,0.99601401973373127,0,0,low_frequency_random,12
11.404999999999999,1.039102533772436,0,0,low_frequency_random,12
11.41,0.99707229684129095,0,0,low_frequency_random,12
11.415000000000001,0.91950009196691185,0,0,low_frequency_random,12
11.42,0.97995075032624168,0,0,low_frequency_random,12
11.425000000000001,0.88069931089920472,0,0,low_frequency_random,12
11.43,0.89197243642909407,0,0,low_frequency_random,12
11.435,0.80650348331130961,0,0,low_frequency_random,12
11.44,0.76634175538949889,0,0,low_frequency_random,12
11.445,0.72047173727517766,0,0,low_frequency_random,12
11.450000000000001,0.62444972907590335,0,0,low_frequency_random,12
11.455,0.57139246935142241,0,0,low_frequency_random,12
11.460000000000001,0.68099969758290468,0,0,low_frequency_random,12
11.465,0.58566534660457714,0,0,low_frequency_random,12
11.470000000000001,0.73622662873298239,0,0,low_frequency_random,12
11.475,0.79384297766745093,0,0,low_frequency_random,12
11.48,0.90996502912100896,0,0,low_frequency_random,12
11.484999999999999,0.86280336734145657,0,0,low_frequency_random,12
11.49,0.94043121367656801,0,0,low_frequency_random,12
11.495000000000001,0.94832732236549655,0,0,low_frequency_random,12
11.5,1.1018327463425956,0,0,low_frequency_random,12
11.505000000000001,1.0588663467441042,0,0,low_frequency_random,12
11.51,1.1489690214802326,0,0,low_frequency_random,12
11.515000000000001,1.0931150469875139,0,0,low_frequency_random,12
11.52,1.1959617938100575,0,0,low_frequency_random,12
11.525,1.1578276209828671,0,0,low_frequency_random,12
11.529999999999999,1.0604053223121848,0,0,low_frequency_random,12
11.535,0.9430696307334725,0,0,low_frequency_random,12
11.540000000000001,0.88885179610389675,0,0,low_frequency_random,12
11.545,1.0030289223758286,0,0,low_frequency_random,12
11.550000000000001,0.88972468313187658,0,0,low_frequency_random,12
11.555,0.82044732193767766,0,0,low_frequency_random,12
11.56,0.80309552961807695,0,0,low_frequency_random,12
11.565,0.79718028033188326,0,0,low_frequency_random,12
11.57,0.80723632722016658,0,0,low_frequency_random,12
11.575000000000001,0.92633014972093064,0,0,low_frequency_random,12
11.58,0.90053501713859796,0,0,low_frequency_random,12
11.585000000000001,0.77643676571298326,0,0,low_frequency_random,12
11.59,0.8273797687642106,0,0,low_frequency_random,12
11.595000000000001,0.78587865558452186,0,0,low_frequency_random,12
11.6,0.75986899488304172,0,0,low_frequency_random,12
11.605,0.76280663217971956,0,0,low_frequency_random,12
11.609999999999999,0.88214169710735724,0,0,low_frequency_random,12
11.615,0.97271036134824507,0,0,low_frequency_random,12
11.620000000000001,0.96861350476160146,0,0,low_frequency_random,12
11.625,0.93302556269136427,0,0,low_frequency_random,12
11.630000000000001,0.96163815414311582,0,0,low_frequency_random,12
11.635,0.89365810654708877,0,0,low_frequency_random,12
11.640000000000001,0.74573257461162834,0,0,low_frequency_random,12
11.645,0.68648415242041294,0,0,low_frequency_random,12
11.65,0.75841798447061182,0,0,low_frequency_random,12
11.654999999999999,0.69810688288862788,0,0,low_frequency_random,12
11.66,0.65180357992822036,0,0,low_frequency_random,12
11.665000000000001,0.76226273463802408,0,0,low_frequency_random,12
11.67,0.8732017001369935,0,0,low_frequency_random,12
11.675000000000001,0.9857836535156459,0,0,low_frequency_random,12
11.68,0.91799264785723589,0,0,low_frequency_random,12
11.685,0.95223556184049751,0,0,low_frequency_random,12
11.69,1.0544602460578931,0,0,low_frequency_random,12
11.695,1.130338727200197,0,0,low_frequency_random,12
11.700000000000001,1.093770169287144,0,0,low_frequency_random,12
11.705,1.0707010861345694,0,0,low_frequency_random,12
11.710000000000001,1.0050606957767407,0,0,low_frequency_random,12
11.715,0.95681811116412419,0,0,low_frequency_random,12
11.720000000000001,0.98088890660258754,0,0,low_frequency_random,12
11.725,1.0047333012590813,0,0,low_frequency_random,12
11.73,0.92957184733158948,0,0,low_frequency_random,12
11.734999999999999,0.97658244316415455,0,0,low_frequency_random,12
11.74,0.98677898996302438,0,0,low_frequency_random,12
11.745000000000001,1.0840755642283109,0,0,low_frequency_random,12
11.75,1.0354542363022863,0,0,low_frequency_random,12
11.755000000000001,1.0475807998037472,0,0,low_frequency_random,12
11.76,0.86343178753624417,0,0,low_frequency_random,12
11.765000000000001,0.92028701123563073,0,0,low_frequency_random,12
11.77,0.96163806651975259,0,0,low_frequency_random,12
11.775,1.0250984456562062,0,0,low_frequency_random,12
11.779999999999999,1.0231939264012211,0,0,low_frequency_random,12
11.785,1.0208117273235267,0,0,low_frequency_random,12
11.790000000000001,1.0113626341043966,0,0,low_frequency_random,12
11.795,1.1059270678825583,0,0,low_frequency_random,12
11.800000000000001,1.0246547589381638,0,0,low_frequency_random,12
11.805,1.0133693302963493,0,0,low_frequency_random,12
11.81,1.0577411034312052,0,0,low_frequency_random,12
11.815,1.0254360693931066,0,0,low_frequency_random,12
11.82,0.94868380878119174,0,0,low_frequency_random,12
11.825000000000001,0.92209022095883442,0,0,low_frequency_random,12
11.83,0.94424725663850817,0,0,low_frequency_random,12
11.835000000000001,1.0667417817848448,0,0,low_frequency_random,12
11.84,1.0218821307046964,0,0,low_frequency_random,12
11.845000000000001,0.84715442999794099,0,0,low_frequency_random,12
11.85,0.92558957736101788,0,0,low_frequency_random,12
11.855,0.92280437824385542,0,0,low_frequency_random,12
11.859999999999999,0.96770398792834988,0,0,low_frequency_random,12
11.865,0.95614268724739393,0,0,low_frequency_random,12
11.870000000000001,0.95010103891485564,0,0,low_frequency_random,12
11.875,0.79381569672189811,0,0,low_frequency_random,12
11.880000000000001,0.83519134578951881,0,0,low_frequency_random,12
11.885,0.74402064080421182,0,0,low_frequency_random,12
11.890000000000001,0.79186867709727626,0,0,low_frequency_random,12
11.895,0.63604819817927749,0,0,low_frequency_random,12
11.9,0.72519405404084825,0,0,low_frequency_random,12
11.904999999999999,0.70607066318319578,0,0,low_frequency_random,12
11.91,0.51747932809424746,0,0,low_frequency_random,12
11.915000000000001,0.52170848656196234,0,0,low_frequency_random,12
11.92,0.5240141750692352,0,0,low_frequency_random,12
11.925000000000001,0.52676198345460112,0,0,low_frequency_random,12
11.93,0.43339225845865131,0,0,low_frequency_random,12
11.935,0.60492385790873071,0,0,low_frequency_random,12
11.94,0.55882004792149198,0,0,low_frequency_random,12
11.945,0.63176836791706081,0,0,low_frequency_random,12
11.950000000000001,0.42773042423452201,0,0,low_frequency_random,12
11.955,0.47072130192459494,0,0,low_frequency_random,12
11.960000000000001,0.50360589598203809,0,0,low_frequency_random,12
11.965,0.49562428629895988,0,0,low_frequency_random,12
11.970000000000001,0.58740787443656217,0,0,low_frequency_random,12
11.975,0.53321479446206732,0,0,low_frequency_random,12
11.98,0.56249411834493546,0,0,low_frequency_random,12
11.984999999999999,0.55079348949920082,0,0,low_frequency_random,12
11.99,0.5659894096256366,0,0,low_frequency_random,12
11.995000000000001,0.48217952977734641,0,0,low_frequency_random,12
12,0.52723529300419525,0,0,low_frequency_random,12
