time,wind_x,wind_y,wind_z,profile,seed
0,0,0,0,low_frequency_random,19
0.0050000000000000001,-0.029528130538030686,0,0,low_frequency_random,19
0.01,0.049947034830436277,0,0,low_frequency_random,19
0.014999999999999999,0.082883522924856207,0,0,low_frequency_random,19
0.02,0.033140418491832385,0,0,low_frequency_random,19
0.025000000000000001,0.086612245569340024,0,0,low_frequency_random,19
0.029999999999999999,-0.029534288659254851,0,0,low_frequency_random,19
0.035000000000000003,0.017973335069100663,0,0,low_frequency_random,19
0.040000000000000001,-0.026950552997311587,0,0,low_frequency_random,19
0.044999999999999998,0.023574083294417864,0,0,low_frequency_random,19
0.050000000000000003,0.058496123763533678,0,0,low_frequency_random,19
0.055,-0.0030224007906395275,0,0,low_frequency_random,19
0.059999999999999998,0.039156719474761931,0,0,low_frequency_random,19
0.065000000000000002,0.066247395124459957,0,0,low_frequency_random,19
0.070000000000000007,0.014354497426233244,0,0,low_frequency_random,19
0.074999999999999997,0.17397555094103495,0,0,low_frequency_random,19
0.080000000000000002,0.23710458078580671,0,0,low_frequency_random,19
0.085000000000000006,0.14159271739601906,0,0,low_frequency_random,19
0.089999999999999997,0.062045152834440676,0,0,low_frequency_random,19
0.095000000000000001,0.087019001656181538,0,0,low_frequency_random,19
0.10000000000000001,0.11148625371471214,0,0,low_frequency_random,19
0.105,0.05292679864403705,0,0,low_frequency_random,19
0.11,0.14969038264891091,0,0,low_frequency_random,19
0.115,0.15668580497840978,0,0,low_frequency_random,19
0.12,0.087061841786832475,0,0,low_frequency_random,19
0.125,0.056734565922619933,0,0,low_frequency_random,19
0.13,0.04218381383841683,0,0,low_frequency_random,19
0.13500000000000001,-0.081981410410600808,0,0,low_frequency_random,19
0.14000000000000001,-0.14798340200087473,0,0,low_frequency_random,19
0.14499999999999999,-0.29167706234649349,0,0,low_frequency_random,19
0.14999999999999999,-0.31364822167797946,0,0,low_frequency_random,19
0.155,-0.2631950048132326,0,0,low_frequency_random,19
0.16,-0.36449373324314061,0,0,low_frequency_random,19
0.16500000000000001,-0.33697319561686612,0,0,low_frequency_random,19
0.17000000000000001,-0.42966985135764524,0,0,low_frequency_random,19
0.17500000000000002,-0.44058426311274607,0,0,low_frequency_random,19
0.17999999999999999,-0.47957710316232388,0,0,low_frequency_random,19
0.185,-0.5739179257945608,0,0,low_frequency_random,19
0.19,-0.61487378684915228,0,0,low_frequency_random,19
0.19500000000000001,-0.70960004709531277,0,0,low_frequency_random,19
0.20000000000000001,-0.68263862437320111,0,0,low_frequency_random,19
0.20500000000000002,-0.67554912389736055,0,0,low_frequency_random,19
0.20999999999999999,-0.57642222881155303,0,0,low_frequency_random,19
0.215,-0.69031553223264819,0,0,low_frequency_random,19
0.22,-0.59966859415820339,0,0,low_frequency_random,19
0.22500000000000001,-0.60296260312152894,0,0,low_frequency_random,19
0.23000000000000001,-0.56760728010045736,0,0,low_frequency_random,19
0.23500000000000001,-0.57981605516184109,0,0,low_frequency_random,19
0.23999999999999999,-0.45347553458220602,0,0,low_frequency_random,19
0.245,-0.34060901929484022,0,0,low_frequency_random,19
0.25,-0.25364292525220555,0,0,low_frequency_random,19
0.255,-0.23167311813185484,0,0,low_frequency_random,19
0.26000000000000001,-0.4170762728771038,0,0,low_frequency_random,19
0.26500000000000001,-0.37060087928133068,0,0,low_frequency_random,19
0.27000000000000002,-0.37136669581643,0,0,low_frequency_random,19
0.27500000000000002,-0.3802053256419789,0,0,low_frequency_random,19
0.28000000000000003,-0.34363100134710683,0,0,low_frequency_random,19
0.28500000000000003,-0.24667856359202914,0,0,low_frequency_random,19
0.28999999999999998,-0.22411996970338197,0,0,low_frequency_random,19
0.29499999999999998,-0.26022314505107136,0,0,low_frequency_random,19
0.29999999999999999,-0.32098931718432672,0,0,low_frequency_random,19
0.30499999999999999,-0.2898565655899436,0,0,low_frequency_random,19
0.31,-0.20074458904791631,0,0,low_frequency_random,19
0.315,-0.15601456125321744,0,0,low_frequency_random,19
0.32000000000000001,-0.11870074002968165,0,0,low_frequency_random,19
0.32500000000000001,-0.15409828000426201,0,0,low_frequency_random,19
0.33000000000000002,-0.2519549757544377,0,0,low_frequency_random,19
0.33500000000000002,-0.17520340978678045,0,0,low_frequency_random,19
0.34000000000000002,-0.12594146054397296,0,0,low_frequency_random,19
0.34500000000000003,-0.27115791935783506,0,0,low_frequency_random,19
0.35000000000000003,-0.3270372836819917,0,0,low_frequency_random,19
0.35499999999999998,-0.24549643588094272,0,0,low_frequency_random,19
0.35999999999999999,-0.15906140276545214,0,0,low_frequency_random,19
0.36499999999999999,-0.20941034646300916,0,0,low_frequency_random,19
0.37,-0.028538565829717505,0,0,low_frequency_random,19
0.375,0.083462305336769627,0,0,low_frequency_random,19
0.38,0.15928027643109022,0,0,low_frequency_random,19
0.38500000000000001,0.14829706210536742,0,0,low_frequency_random,19
0.39000000000000001,0.036535891824105382,0,0,low_frequency_random,19
0.39500000000000002,0.10103257616698361,0,0,low_frequency_random,19
0.40000000000000002,0.24245435260477197,0,0,low_frequency_random,19
0.40500000000000003,0.31417970205529427,0,0,low_frequency_random,19
0.41000000000000003,0.22659756110630971,0,0,low_frequency_random,19
0.41500000000000004,0.31633712062199965,0,0,low_frequency_random,19
0.41999999999999998,0.26169825292676807,0,0,low_frequency_random,19
0.42499999999999999,0.084987091847260027,0,0,low_frequency_random,19
0.42999999999999999,0.11011388012998806,0,0,low_frequency_random,19
0.435,-0.10671657843639809,0,0,low_frequency_random,19
0.44,-0.097162405507413965,0,0,low_frequency_random,19
0.44500000000000001,-0.015919552905790307,0,0,low_frequency_random,19
0.45000000000000001,0.067027173656821204,0,0,low_frequency_random,19
0.45500000000000002,0.28382101984375241,0,0,low_frequency_random,19
0.46000000000000002,0.33585279187944661,0,0,low_frequency_random,19
0.46500000000000002,0.25570804815164905,0,0,low_frequency_random,19
0.47000000000000003,0.30355044407637527,0,0,low_frequency_random,19
0.47500000000000003,0.35623597289964426,0,0,low_frequency_random,19
0.47999999999999998,0.30796888012199469,0,0,low_frequency_random,19
0.48499999999999999,0.16678660725515271,0,0,low_frequency_random,19
0.48999999999999999,0.13613335582250993,0,0,low_frequency_random,19
0.495,0.080042955607253302,0,0,low_frequency_random,19
0.5,0.047994011697265214,0,0,low_frequency_random,19
0.505,0.032761430597363431,0,0,low_frequency_random,19
0.51000000000000001,0.092761720540510267,0,0,low_frequency_random,19
0.51500000000000001,0.13982934489040263,0,0,low_frequency_random,19
0.52000000000000002,0.25292305505665896,0,0,low_frequency_random,19
0.52500000000000002,0.2097538700634384,0,0,low_frequency_random,19
0.53000000000000003,0.2809338469778303,0,0,low_frequency_random,19
0.53500000000000003,0.14033797463279646,0,0,low_frequency_random,19
0.54000000000000004,0.14168411034065992,0,0,low_frequency_random,19
0.54500000000000004,0.014498354284126158,0,0,low_frequency_random,19
0.55000000000000004,-0.056156142712542899,0,0,low_frequency_random,19
0.55500000000000005,0.02741195282583328,0,0,low_frequency_random,19
0.56000000000000005,-0.04864217837702102,0,0,low_frequency_random,19
0.56500000000000006,0.066499667852843988,0,0,low_frequency_random,19
0.57000000000000006,0.20316624282217643,0,0,low_frequency_random,19
0.57500000000000007,0.24500836901730844,0,0,low_frequency_random,19
0.57999999999999996,0.2198947305101015,0,0,low_frequency_random,19
0.58499999999999996,0.14040226597249991,0,0,low_frequency_random,19
0.58999999999999997,0.072910401434999869,0,0,low_frequency_random,19
0.59499999999999997,0.066920328224785469,0,0,low_frequency_random,19
0.59999999999999998,-0.012548853623899889,0,0,low_frequency_random,19
0.60499999999999998,-0.0197637306321739,0,0,low_frequency_random,19
0.60999999999999999,-0.081823686235946061,0,0,low_frequency_random,19
0.61499999999999999,-0.032368947287785145,0,0,low_frequency_random,19
0.62,-0.17847855387374981,0,0,low_frequency_random,19
0.625,-0.1390679038153223,0,0,low_frequency_random,19
0.63,-0.062140910791685655,0,0,low_frequency_random,19
0.63500000000000001,-0.14191088964734291,0,0,low_frequency_random,19
0.64000000000000001,-0.023842910169158987,0,0,low_frequency_random,19
0.64500000000000002,0.098550878219248725,0,0,low_frequency_random,19
0.65000000000000002,0.15309708047971071,0,0,low_frequency_random,19
0.65500000000000003,0.033252981911151155,0,0,low_frequency_random,19
0.66000000000000003,0.054656743578959388,0,0,low_frequency_random,19
0.66500000000000004,-0.074098783434060872,0,0,low_frequency_random,19
0.67000000000000004,-0.11009222216784498,0,0,low_frequency_random,19
0.67500000000000004,-0.21007125631813445,0,0,low_frequency_random,19
0.68000000000000005,-0.19652575326628954,0,0,low_frequency_random,19
0.68500000000000005,-0.25509041316354636,0,0,low_frequency_random,19
0.69000000000000006,-0.22690197312170626,0,0,low_frequency_random,19
0.69500000000000006,-0.1522941189523157,0,0,low_frequency_random,19
0.70000000000000007,-0.20779934053193325,0,0,low_frequency_random,19
0.70499999999999996,-0.16363288536435269,0,0,low_frequency_random,19
0.70999999999999996,-0.19558804697419832,0,0,low_frequency_random,19
0.71499999999999997,-0.21231949644485593,0,0,low_frequency_random,19
0.71999999999999997,-0.2355732833550753,0,0,low_frequency_random,19
0.72499999999999998,-0.29428926123707577,0,0,low_frequency_random,19
0.72999999999999998,-0.33828631572030227,0,0,low_frequency_random,19
0.73499999999999999,-0.26402603284486514,0,0,low_frequency_random,19
0.73999999999999999,-0.1796134248188036,0,0,low_frequency_random,19
0.745,-0.1817114884095048,0,0,low_frequency_random,19
0.75,-0.11436238408739227,0,0,low_frequency_random,19
0.755,-0.034903558206992563,0,0,low_frequency_random,19
0.76000000000000001,0.017116528932266228,0,0,low_frequency_random,19
0.76500000000000001,-0.15119013145546867,0,0,low_frequency_random,19
0.77000000000000002,-0.15712173132231319,0,0,low_frequency_random,19
0.77500000000000002,-0.055683641960083047,0,0,low_frequency_random,19
0.78000000000000003,-0.030954515525743041,0,0,low_frequency_random,19
0.78500000000000003,-0.038941460803371075,0,0,low_frequency_random,19
0.79000000000000004,-0.067122681366141468,0,0,low_frequency_random,19
0.79500000000000004,-0.044665179816103379,0,0,low_frequency_random,19
0.80000000000000004,-0.073933722754345732,0,0,low_frequency_random,19
0.80500000000000005,-0.0062855234558084339,0,0,low_frequency_random,19
0.81000000000000005,-0.013847837066240227,0,0,low_frequency_random,19
0.81500000000000006,-0.014485620605101765,0,0,low_frequency_random,19
0.82000000000000006,0.023836253440791998,0,0,low_frequency_random,19
0.82500000000000007,0.12100304879900005,0,0,low_frequency_random,19
0.83000000000000007,0.10806849327962487,0,0,low_frequency_random,19
0.83499999999999996,0.14313972445940792,0,0,low_frequency_random,19
0.83999999999999997,0.12018930709424171,0,0,low_frequency_random,19
0.84499999999999997,0.023438509974246,0,0,low_frequency_random,19
0.84999999999999998,0.022976905719748718,0,0,low_frequency_random,19
0.85499999999999998,0.065959865692110667,0,0,low_frequency_random,19
0.85999999999999999,0.093962555730273761,0,0,low_frequency_random,19
0.86499999999999999,0.086211530155285793,0,0,low_frequency_random,19
0.87,0.06506475103004275,0,0,low_frequency_random,19
0.875,-0.033312339511351721,0,0,low_frequency_random,19
0.88,-0.043660502148246974,0,0,low_frequency_random,19
0.88500000000000001,0.08265858824270611,0,0,low_frequency_random,19
0.89000000000000001,0.063773654782079081,0,0,low_frequency_random,19
0.89500000000000002,0.060249487088847198,0,0,low_frequency_random,19
0.90000000000000002,0.1704731592235241,0,0,low_frequency_random,19
0.90500000000000003,0.17878862160837178,0,0,low_frequency_random,19
0.91000000000000003,0.19785506879120127,0,0,low_frequency_random,19
0.91500000000000004,0.10493993032402885,0,0,low_frequency_random,19
0.92000000000000004,0.16941415576704671,0,0,low_frequency_random,19
0.92500000000000004,0.27834353795405187,0,0,low_frequency_random,19
0.93000000000000005,0.27211115273504588,0,0,low_frequency_random,19
0.93500000000000005,0.3542718257624467,0,0,low_frequency_random,19
0.94000000000000006,0.42996041132922369,0,0,low_frequency_random,19
0.94500000000000006,0.20979414770466545,0,0,low_frequency_random,19
0.95000000000000007,0.31580434644388772,0,0,low_frequency_random,19
0.95500000000000007,0.20230556230192256,0,0,low_frequency_random,19
0.95999999999999996,0.2354919656559199,0,0,low_frequency_random,19
0.96499999999999997,0.27032239016755344,0,0,low_frequency_random,19
0.96999999999999997,0.25004735675464657,0,0,low_frequency_random,19
0.97499999999999998,0.21999216904837585,0,0,low_frequency_random,19
0.97999999999999998,0.18839240830949913,0,0,low_frequency_random,19
0.98499999999999999,0.14974089520971648,0,0,low_frequency_random,19
0.98999999999999999,0.1127385767975103,0,0,low_frequency_random,19
0.995,0.054259999775300286,0,0,low_frequency_random,19
1,0.046205003181881754,0,0,low_frequency_random,19
1.0050000000000001,0.053892416748569309,0,0,low_frequency_random,19
1.01,0.037245069943793743,0,0,low_frequency_random,19
1.0150000000000001,0.061197370334151402,0,0,low_frequency_random,19
1.02,-0.0051093911134462155,0,0,low_frequency_random,19
1.0249999999999999,0.0092140087951750431,0,0,low_frequency_random,19
1.03,0.073261457138900116,0,0,low_frequency_random,19
1.0349999999999999,0.19751589638800016,0,0,low_frequency_random,19
1.04,0.09521921402462824,0,0,low_frequency_random,19
1.0449999999999999,0.15454451066554492,0,0,low_frequency_random,19
1.05,0.17466000200188753,0,0,low_frequency_random,19
1.0549999999999999,0.017438226278652019,0,0,low_frequency_random,19
1.0600000000000001,-0.032928052997084643,0,0,low_frequency_random,19
1.0649999999999999,-0.11241800508300638,0,0,low_frequency_random,19
1.0700000000000001,-0.070905768302872443,0,0,low_frequency_random,19
1.075,0.046722436148992436,0,0,low_frequency_random,19
1.0800000000000001,0.14641788682026199,0,0,low_frequency_random,19
1.085,0.16489266504654043,0,0,low_frequency_random,19
1.0900000000000001,0.27363304544688849,0,0,low_frequency_random,19
1.095,0.30301737325761802,0,0,low_frequency_random,19
1.1000000000000001,0.31905373027277339,0,0,low_frequency_random,19
1.105,0.19652683515172098,0,0,low_frequency_random,19
1.1100000000000001,0.13779364565231764,0,0,low_frequency_random,19
1.115,0.10759618129362977,0,0,low_frequency_random,19
1.1200000000000001,0.045584693794166756,0,0,low_frequency_random,19
1.125,-0.033371103554940065,0,0,low_frequency_random,19
1.1300000000000001,-0.071220152594347608,0,0,low_frequency_random,19
1.135,0.0083055891628856238,0,0,low_frequency_random,19
1.1400000000000001,0.044215163940976882,0,0,low_frequency_random,19
1.145,0.065101147708975182,0,0,low_frequency_random,19
1.1500000000000001,0.03608732365480747,0,0,low_frequency_random,19
1.155,-0.00022742398208443898,0,0,low_frequency_random,19
1.1599999999999999,-0.002763082174805114,0,0,low_frequency_random,19
1.165,-0.061997435432355676,0,0,low_frequency_random,19
1.1699999999999999,-0.048450909272897531,0,0,low_frequency_random,19
1.175,-0.059870937709875831,0,0,low_frequency_random,19
1.1799999999999999,-0.083950936713603305,0,0,low_frequency_random,19
1.1850000000000001,-0.071137082329539941,0,0,low_frequency_random,19
1.1899999999999999,-0.073538024430788579,0,0,low_frequency_random,19
1.1950000000000001,-0.052312543131621606,0,0,low_frequency_random,19
1.2,-0.12779583180211812,0,0,low_frequency_random,19
1.2050000000000001,-0.20747834362791889,0,0,low_frequency_random,19
1.21,-0.2736776109204575,0,0,low_frequency_random,19
1.2150000000000001,-0.35153896017737618,0,0,low_frequency_random,19
1.22,-0.25251455805344225,0,0,low_frequency_random,19
1.2250000000000001,-0.3219541156125218,0,0,low_frequency_random,19
1.23,-0.29486965501775553,0,0,low_frequency_random,19
1.2350000000000001,-0.24149815228187646,0,0,low_frequency_random,19
1.24,-0.13091312651243392,0,0,low_frequency_random,19
1.2450000000000001,-0.14981358425347091,0,0,low_frequency_random,19
1.25,-0.19630754389056418,0,0,low_frequency_random,19
1.2550000000000001,-0.18464411383377277,0,0,low_frequency_random,19
1.26,-0.046134987097274066,0,0,low_frequency_random,19
1.2650000000000001,-0.070501179741349743,0,0,low_frequency_random,19
1.27,-0.0013288419543889679,0,0,low_frequency_random,19
1.2750000000000001,0.071330367637523387,0,0,low_frequency_random,19
1.28,-0.023163222154633192,0,0,low_frequency_random,19
1.2849999999999999,0.063615862889000591,0,0,low_frequency_random,19
1.29,0.11835659709674307,0,0,low_frequency_random,19
1.2949999999999999,-0.0080269534286508265,0,0,low_frequency_random,19
1.3,0.065229210086293468,0,0,low_frequency_random,19
1.3049999999999999,0.16108039196084598,0,0,low_frequency_random,19
1.3100000000000001,0.16447724697580968,0,0,low_frequency_random,19
1.3149999999999999,0.18422405651084239,0,0,low_frequency_random,19
1.3200000000000001,0.23803118598094908,0,0,low_frequency_random,19
1.325,0.26175434118577873,0,0,low_frequency_random,19
1.3300000000000001,0.19111618144370215,0,0,low_frequency_random,19
1.335,0.095658556018902108,0,0,low_frequency_random,19
1.3400000000000001,0.034967575293270381,0,0,low_frequency_random,19
1.345,-0.023951730822455761,0,0,low_frequency_random,19
1.3500000000000001,0.023503050815339325,0,0,low_frequency_random,19
1.355,-0.078332919044233312,0,0,low_frequency_random,19
1.3600000000000001,-0.14649246729239429,0,0,low_frequency_random,19
1.365,-0.21636203421518663,0,0,low_frequency_random,19
1.3700000000000001,-0.11901967615276243,0,0,low_frequency_random,19
1.375,0.013140132663218188,0,0,low_frequency_random,19
1.3800000000000001,0.046727792496400002,0,0,low_frequency_random,19
1.385,0.1083258043271051,0,0,low_frequency_random,19
1.3900000000000001,0.1581257873967675,0,0,low_frequency_random,19
1.395,0.081732873220633828,0,0,low_frequency_random,19
1.4000000000000001,0.027440797562204224,0,0,low_frequency_random,19
1.405,0.06282795616394643,0,0,low_frequency_random,19
1.4099999999999999,0.070481384872215641,0,0,low_frequency_random,19
1.415,-0.097296891253031897,0,0,low_frequency_random,19
1.4199999999999999,-0.17476310155192734,0,0,low_frequency_random,19
1.425,-0.18021183636349056,0,0,low_frequency_random,19
1.4299999999999999,-0.29594701012170899,0,0,low_frequency_random,19
1.4350000000000001,-0.25022748928248395,0,0,low_frequency_random,19
1.4399999999999999,-0.20167552119786519,0,0,low_frequency_random,19
1.4450000000000001,-0.10292464057702549,0,0,low_frequency_random,19
1.45,-0.19437813136539001,0,0,low_frequency_random,19
1.4550000000000001,-0.21537939760617075,0,0,low_frequency_random,19
1.46,-0.15298359277052181,0,0,low_frequency_random,19
1.4650000000000001,-0.22574656567209231,0,0,low_frequency_random,19
1.47,-0.22511160128382038,0,0,low_frequency_random,19
1.4750000000000001,-0.28223901029790804,0,0,low_frequency_random,19
1.48,-0.28703937732736351,0,0,low_frequency_random,19
1.4850000000000001,-0.3884232070997698,0,0,low_frequency_random,19
1.49,-0.38974702162382108,0,0,low_frequency_random,19
1.4950000000000001,-0.27008491884094998,0,0,low_frequency_random,19
1.5,-0.18199433529772213,0,0,low_frequency_random,19
1.5050000000000001,-0.23507335395135065,0,0,low_frequency_random,19
1.51,-0.24889778893334019,0,0,low_frequency_random,19
1.5150000000000001,-0.33699237019425904,0,0,low_frequency_random,19
1.52,-0.26093328356625739,0,0,low_frequency_random,19
1.5250000000000001,-0.24475293214866736,0,0,low_frequency_random,19
1.53,-0.16285300140813364,0,0,low_frequency_random,19
1.5350000000000001,-0.16673973838083392,0,0,low_frequency_random,19
1.54,-0.22284327190156583,0,0,low_frequency_random,19
1.5449999999999999,-0.16696035658657027,0,0,low_frequency_random,19
1.55,-0.269504205502196,0,0,low_frequency_random,19
1.5549999999999999,-0.28884172331121077,0,0,low_frequency_random,19
1.5600000000000001,-0.20361049535151893,0,0,low_frequency_random,19
1.5649999999999999,-0.25865782981638147,0,0,low_frequency_random,19
1.5700000000000001,-0.4822760834297859,0,0,low_frequency_random,19
1.575,-0.56839372013364431,0,0,low_frequency_random,19
1.5800000000000001,-0.42496400394509654,0,0,low_frequency_random,19
1.585,-0.4577010487082413,0,0,low_frequency_random,19
1.5900000000000001,-0.55819150046569177,0,0,low_frequency_random,19
1.595,-0.60189913817824225,0,0,low_frequency_random,19
1.6000000000000001,-0.49612852393696627,0,0,low_frequency_random,19
1.605,-0.53784844132999565,0,0,low_frequency_random,19
1.6100000000000001,-0.63029951305455911,0,0,low_frequency_random,19
1.615,-0.49106266106891849,0,0,low_frequency_random,19
1.6200000000000001,-0.48810999417004586,0,0,low_frequency_random,19
1.625,-0.42930941617189278,0,0,low_frequency_random,19
1.6300000000000001,-0.55386065894285008,0,0,low_frequency_random,19
1.635,-0.44376777941248013,0,0,low_frequency_random,19
1.6400000000000001,-0.43165651645710901,0,0,low_frequency_random,19
1.645,-0.30862211280882929,0,0,low_frequency_random,19
1.6500000000000001,-0.21648713021331079,0,0,low_frequency_random,19
1.655,-0.2186613329576447,0,0,low_frequency_random,19
1.6600000000000001,-0.20704921921516076,0,0,low_frequency_random,19
1.665,-0.20612766022652984,0,0,low_frequency_random,19
1.6699999999999999,0.024849216174824135,0,0,low_frequency_random,19
1.675,0.093200545376871918,0,0,low_frequency_random,19
1.6799999999999999,0.20164119190653895,0,0,low_frequency_random,19
1.6850000000000001,0.26145397933344672,0,0,low_frequency_random,19
1.6899999999999999,0.11059176908143209,0,0,low_frequency_random,19
1.6950000000000001,0.0087085348292630232,0,0,low_frequency_random,19
1.7,0.12930451349374295,0,0,low_frequency_random,19
1.7050000000000001,0.14558276278933566,0,0,low_frequency_random,19
1.71,0.094932740809641772,0,0,low_frequency_random,19
1.7150000000000001,0.14129690526998598,0,0,low_frequency_random,19
1.72,0.15763000394402943,0,0,low_frequency_random,19
1.7250000000000001,0.33602687897405215,0,0,low_frequency_random,19
1.73,0.28800653729047732,0,0,low_frequency_random,19
1.7350000000000001,0.23907374925606645,0,0,low_frequency_random,19
1.74,0.26295790953771775,0,0,low_frequency_random,19
1.7450000000000001,0.35102044807579214,0,0,low_frequency_random,19
1.75,0.35754430129658055,0,0,low_frequency_random,19
1.7550000000000001,0.41465142598990495,0,0,low_frequency_random,19
1.76,0.40628101085200596,0,0,low_frequency_random,19
1.7650000000000001,0.39858305093822627,0,0,low_frequency_random,19
1.77,0.38303762409577474,0,0,low_frequency_random,19
1.7750000000000001,0.35127025604227508,0,0,low_frequency_random,19
1.78,0.42277551173092437,0,0,low_frequency_random,19
1.7850000000000001,0.3869943094154768,0,0,low_frequency_random,19
1.79,0.47145905413848055,0,0,low_frequency_random,19
1.7949999999999999,0.34346142486181719,0,0,low_frequency_random,19
1.8,0.16933654323070363,0,0,low_frequency_random,19
1.8049999999999999,0.38464148977797208,0,0,low_frequency_random,19
1.8100000000000001,0.2872686823636727,0,0,low_frequency_random,19
1.8149999999999999,0.35775611433609389,0,0,low_frequency_random,19
1.8200000000000001,0.37023247820519167,0,0,low_frequency_random,19
1.825,0.44501604302112396,0,0,low_frequency_random,19
1.8300000000000001,0.63229914063913784,0,0,low_frequency_random,19
1.835,0.64734239752900091,0,0,low_frequency_random,19
1.8400000000000001,0.70983595804338573,0,0,low_frequency_random,19
1.845,0.67976229971777258,0,0,low_frequency_random,19
1.8500000000000001,0.7269953810579185,0,0,low_frequency_random,19
1.855,0.61898066281281594,0,0,low_frequency_random,19
1.8600000000000001,0.73174976293146365,0,0,low_frequency_random,19
1.865,0.73570626830710317,0,0,low_frequency_random,19
1.8700000000000001,0.65559047200486886,0,0,low_frequency_random,19
1.875,0.64277361628080654,0,0,low_frequency_random,19
1.8800000000000001,0.63279457918986981,0,0,low_frequency_random,19
1.885,0.73668127204809986,0,0,low_frequency_random,19
1.8900000000000001,0.61433532174494643,0,0,low_frequency_random,19
1.895,0.54379206463279406,0,0,low_frequency_random,19
1.9000000000000001,0.59819909482417055,0,0,low_frequency_random,19
1.905,0.55601038488357568,0,0,low_frequency_random,19
1.9100000000000001,0.55366734900783987,0,0,low_frequency_random,19
1.915,0.59422035463239142,0,0,low_frequency_random,19
1.9199999999999999,0.52064218274282814,0,0,low_frequency_random,19
1.925,0.54749881121708976,0,0,low_frequency_random,19
1.9299999999999999,0.41732688721391298,0,0,low_frequency_random,19
1.9350000000000001,0.30323817300067057,0,0,low_frequency_random,19
1.9399999999999999,0.3135841412274385,0,0,low_frequency_random,19
1.9450000000000001,0.24473139138544414,0,0,low_frequency_random,19
1.95,0.17307284114902016,0,0,low_frequency_random,19
1.9550000000000001,0.096837922195263132,0,0,low_frequency_random,19
1.96,0.10090441168774075,0,0,low_frequency_random,19
1.9650000000000001,0.078808768348787944,0,0,low_frequency_random,19
1.97,0.080184164125499974,0,0,low_frequency_random,19
1.9750000000000001,0.12753870187705485,0,0,low_frequency_random,19
1.98,0.27673067120873363,0,0,low_frequency_random,19
1.9850000000000001,0.24961858882479024,0,0,low_frequency_random,19
1.99,0.34761188220892064,0,0,low_frequency_random,19
1.9950000000000001,0.32269494438885182,0,0,low_frequency_random,19
2,0.2414543818455169,0,0,low_frequency_random,19
2.0049999999999999,0.27052491353527008,0,0,low_frequency_random,19
2.0100000000000002,0.24424410787075312,0,0,low_frequency_random,19
2.0150000000000001,0.37643867676064369,0,0,low_frequency_random,19
2.02,0.30051098611432042,0,0,low_frequency_random,19
2.0249999999999999,0.32858718904488471,0,0,low_frequency_random,19
2.0300000000000002,0.39065431933409994,0,0,low_frequency_random,19
2.0350000000000001,0.43416557020071384,0,0,low_frequency_random,19
2.04,0.58594760503725207,0,0,low_frequency_random,19
2.0449999999999999,0.50411424158460072,0,0,low_frequency_random,19
2.0499999999999998,0.51104655586335312,0,0,low_frequency_random,19
2.0550000000000002,0.52545740641469418,0,0,low_frequency_random,19
2.0600000000000001,0.64233528246893401,0,0,low_frequency_random,19
2.0649999999999999,0.52753080762215843,0,0,low_frequency_random,19
2.0699999999999998,0.40095336338646514,0,0,low_frequency_random,19
2.0750000000000002,0.37506074154677344,0,0,low_frequency_random,19
2.0800000000000001,0.40559526073182822,0,0,low_frequency_random,19
2.085,0.36406555692325632,0,0,low_frequency_random,19
2.0899999999999999,0.31629112111506313,0,0,low_frequency_random,19
2.0950000000000002,0.29428099665315632,0,0,low_frequency_random,19
2.1000000000000001,0.32884896330677688,0,0,low_frequency_random,19
2.105,0.40348463727385808,0,0,low_frequency_random,19
2.1099999999999999,0.36760608136661038,0,0,low_frequency_random,19
2.1150000000000002,0.2817935876492651,0,0,low_frequency_random,19
2.1200000000000001,0.32401385581672809,0,0,low_frequency_random,19
2.125,0.26523025189659055,0,0,low_frequency_random,19
2.1299999999999999,0.41324881840263589,0,0,low_frequency_random,19
2.1350000000000002,0.40461442974758011,0,0,low_frequency_random,19
2.1400000000000001,0.45005138143343404,0,0,low_frequency_random,19
2.145,0.37523614201802047,0,0,low_frequency_random,19
2.1499999999999999,0.4107546001928552,0,0,low_frequency_random,19
2.1550000000000002,0.37158280501465518,0,0,low_frequency_random,19
2.1600000000000001,0.32724825000630092,0,0,low_frequency_random,19
2.165,0.34577304695165667,0,0,low_frequency_random,19
2.1699999999999999,0.34059754110975043,0,0,low_frequency_random,19
2.1750000000000003,0.40069855618898265,0,0,low_frequency_random,19
2.1800000000000002,0.39767412474750757,0,0,low_frequency_random,19
2.1850000000000001,0.45826099716369972,0,0,low_frequency_random,19
2.1899999999999999,0.4649401839171225,0,0,low_frequency_random,19
2.1949999999999998,0.42285760511525028,0,0,low_frequency_random,19
2.2000000000000002,0.50528619887163451,0,0,low_frequency_random,19
2.2050000000000001,0.49108088830959506,0,0,low_frequency_random,19
2.21,0.45989904608713134,0,0,low_frequency_random,19
2.2149999999999999,0.41125978103593602,0,0,low_frequency_random,19
2.2200000000000002,0.45760857183985187,0,0,low_frequency_random,19
2.2250000000000001,0.36055253510314522,0,0,low_frequency_random,19
2.23,0.22480628222471102,0,0,low_frequency_random,19
2.2349999999999999,0.19090959980353117,0,0,low_frequency_random,19
2.2400000000000002,0.14086102468655437,0,0,low_frequency_random,19
2.2450000000000001,0.10077090090711895,0,0,low_frequency_random,19
2.25,0.12893186629694245,0,0,low_frequency_random,19
2.2549999999999999,0.27320082648472732,0,0,low_frequency_random,19
2.2600000000000002,0.2917232098745689,0,0,low_frequency_random,19
2.2650000000000001,0.2565999836277002,0,0,low_frequency_random,19
2.27,0.15566973254671163,0,0,low_frequency_random,19
2.2749999999999999,0.092576006976209935,0,0,low_frequency_random,19
2.2800000000000002,-0.0048311553118331879,0,0,low_frequency_random,19
2.2850000000000001,-0.12926165052371996,0,0,low_frequency_random,19
2.29,-0.16431518571012113,0,0,low_frequency_random,19
2.2949999999999999,-0.1031650390243109,0,0,low_frequency_random,19
2.3000000000000003,-0.10288511875686976,0,0,low_frequency_random,19
2.3050000000000002,-0.10177777377347495,0,0,low_frequency_random,19
2.3100000000000001,-0.13515089559353782,0,0,low_frequency_random,19
2.3149999999999999,-0.13839140155055951,0,0,low_frequency_random,19
2.3199999999999998,-0.16367488670819366,0,0,low_frequency_random,19
2.3250000000000002,-0.26646508823475062,0,0,low_frequency_random,19
2.3300000000000001,-0.22641630702419116,0,0,low_frequency_random,19
2.335,-0.25691973236649818,0,0,low_frequency_random,19
2.3399999999999999,-0.27617432409906062,0,0,low_frequency_random,19
2.3450000000000002,-0.3937913692145264,0,0,low_frequency_random,19
2.3500000000000001,-0.28953867668945543,0,0,low_frequency_random,19
2.355,-0.18798857363687149,0,0,low_frequency_random,19
2.3599999999999999,-0.26898013713719682,0,0,low_frequency_random,19
2.3650000000000002,-0.36768584176971009,0,0,low_frequency_random,19
2.3700000000000001,-0.45063702682859313,0,0,low_frequency_random,19
2.375,-0.40166092226952005,0,0,low_frequency_random,19
2.3799999999999999,-0.30485436531143173,0,0,low_frequency_random,19
2.3850000000000002,-0.35386710941234006,0,0,low_frequency_random,19
2.3900000000000001,-0.46637901940901499,0,0,low_frequency_random,19
2.395,-0.55608192843279713,0,0,low_frequency_random,19
2.3999999999999999,-0.52516335964545935,0,0,low_frequency_random,19
2.4050000000000002,-0.52350951458902339,0,0,low_frequency_random,19
2.4100000000000001,-0.56714270366737407,0,0,low_frequency_random,19
2.415,-0.64537753537879616,0,0,low_frequency_random,19
2.4199999999999999,-0.75610833202016992,0,0,low_frequency_random,19
2.4250000000000003,-0.74859396207653139,0,0,low_frequency_random,19
2.4300000000000002,-0.71979209880988604,0,0,low_frequency_random,19
2.4350000000000001,-0.6566127370791911,0,0,low_frequency_random,19
2.4399999999999999,-0.7189225843961865,0,0,low_frequency_random,19
2.4449999999999998,-0.6624110731884455,0,0,low_frequency_random,19
2.4500000000000002,-0.72630394053305747,0,0,low_frequency_random,19
2.4550000000000001,-0.74324216598591664,0,0,low_frequency_random,19
2.46,-0.58524760583445246,0,0,low_frequency_random,19
2.4649999999999999,-0.46827021034053762,0,0,low_frequency_random,19
2.4700000000000002,-0.49475176595990561,0,0,low_frequency_random,19
2.4750000000000001,-0.32359764783847339,0,0,low_frequency_random,19
2.48,-0.3964517237230803,0,0,low_frequency_random,19
2.4849999999999999,-0.43071007177442716,0,0,low_frequency_random,19
2.4900000000000002,-0.57937150977021545,0,0,low_frequency_random,19
2.4950000000000001,-0.61356909809585336,0,0,low_frequency_random,19
2.5,-0.57560950731596561,0,0,low_frequency_random,19
2.5049999999999999,-0.47263255355916634,0,0,low_frequency_random,19
2.5100000000000002,-0.34948373975452135,0,0,low_frequency_random,19
2.5150000000000001,-0.32067125311844369,0,0,low_frequency_random,19
2.52,-0.21396660103026804,0,0,low_frequency_random,19
2.5249999999999999,-0.34438848262382959,0,0,low_frequency_random,19
2.5300000000000002,-0.27615799390431328,0,0,low_frequency_random,19
2.5350000000000001,-0.30776962052457218,0,0,low_frequency_random,19
2.54,-0.30064162067916628,0,0,low_frequency_random,19
2.5449999999999999,-0.3234618288677229,0,0,low_frequency_random,19
2.5500000000000003,-0.35648032645697819,0,0,low_frequency_random,19
2.5550000000000002,-0.31683545225154358,0,0,low_frequency_random,19
2.5600000000000001,-0.36149682563368746,0,0,low_frequency_random,19
2.5649999999999999,-0.35017914880287421,0,0,low_frequency_random,19
2.5699999999999998,-0.33620100781271905,0,0,low_frequency_random,19
2.5750000000000002,-0.31470486943209708,0,0,low_frequency_random,19
2.5800000000000001,-0.19895627580441355,0,0,low_frequency_random,19
2.585,-0.05632453385224348,0,0,low_frequency_random,19
2.5899999999999999,-0.18028065324319076,0,0,low_frequency_random,19
2.5950000000000002,-0.097505206998751398,0,0,low_frequency_random,19
2.6000000000000001,-0.15729309095358962,0,0,low_frequency_random,19
2.605,-0.16046753027705427,0,0,low_frequency_random,19
2.6099999999999999,-0.068016120185605045,0,0,low_frequency_random,19
2.6150000000000002,-0.21585916002694891,0,0,low_frequency_random,19
2.6200000000000001,-0.1643605223639899,0,0,low_frequency_random,19
2.625,-0.18608382763036474,0,0,low_frequency_random,19
2.6299999999999999,-0.21086190835799923,0,0,low_frequency_random,19
2.6350000000000002,-0.21135750952588658,0,0,low_frequency_random,19
2.6400000000000001,-0.27192732562127342,0,0,low_frequency_random,19
2.645,-0.36683717265451271,0,0,low_frequency_random,19
2.6499999999999999,-0.40136376011701319,0,0,low_frequency_random,19
2.6550000000000002,-0.46726041827873627,0,0,low_frequency_random,19
2.6600000000000001,-0.39806911139801937,0,0,low_frequency_random,19
2.665,-0.46271269728907904,0,0,low_frequency_random,19
2.6699999999999999,-0.41016875990442964,0,0,low_frequency_random,19
2.6750000000000003,-0.51751348174984568,0,0,low_frequency_random,19
2.6800000000000002,-0.47833337164876844,0,0,low_frequency_random,19
2.6850000000000001,-0.33369397564370851,0,0,low_frequency_random,19
2.6899999999999999,-0.21453345218003073,0,0,low_frequency_random,19
2.6949999999999998,-0.21749151849335213,0,0,low_frequency_random,19
2.7000000000000002,-0.059020203574516927,0,0,low_frequency_random,19
2.7050000000000001,-0.3034302575913187,0,0,low_frequency_random,19
2.71,-0.33420717309724712,0,0,low_frequency_random,19
2.7149999999999999,-0.47791218170778699,0,0,low_frequency_random,19
2.7200000000000002,-0.59844184041730586,0,0,low_frequency_random,19
2.7250000000000001,-0.72213426500686473,0,0,low_frequency_random,19
2.73,-0.82539285003937657,0,0,low_frequency_random,19
2.7349999999999999,-0.90296311947950325,0,0,low_frequency_random,19
2.7400000000000002,-0.91924207187780638,0,0,low_frequency_random,19
2.7450000000000001,-0.82532773174188057,0,0,low_frequency_random,19
2.75,-0.77768759940427601,0,0,low_frequency_random,19
2.7549999999999999,-0.8056001210034921,0,0,low_frequency_random,19
2.7600000000000002,-0.86512473612118201,0,0,low_frequency_random,19
2.7650000000000001,-0.89704020936070528,0,0,low_frequency_random,19
2.77,-0.69138337817642981,0,0,low_frequency_random,19
2.7749999999999999,-0.81954575198879021,0,0,low_frequency_random,19
2.7800000000000002,-0.6950464559581816,0,0,low_frequency_random,19
2.7850000000000001,-0.66480489297045742,0,0,low_frequency_random,19
2.79,-0.66227926904241075,0,0,low_frequency_random,19
2.7949999999999999,-0.41112423078839783,0,0,low_frequency_random,19
2.8000000000000003,-0.37515496235847856,0,0,low_frequency_random,19
2.8050000000000002,-0.42874377762615407,0,0,low_frequency_random,19
2.8100000000000001,-0.39879484758934303,0,0,low_frequency_random,19
2.8149999999999999,-0.31164143251091098,0,0,low_frequency_random,19
2.8199999999999998,-0.24621778998594479,0,0,low_frequency_random,19
2.8250000000000002,-0.21567145277122216,0,0,low_frequency_random,19
2.8300000000000001,-0.2438392519720867,0,0,low_frequency_random,19
2.835,-0.32720056726312952,0,0,low_frequency_random,19
2.8399999999999999,-0.30488982197474157,0,0,low_frequency_random,19
2.8450000000000002,-0.24327414812684067,0,0,low_frequency_random,19
2.8500000000000001,-0.28763758884584689,0,0,low_frequency_random,19
2.855,-0.38481681092110587,0,0,low_frequency_random,19
2.8599999999999999,-0.49260723390586231,0,0,low_frequency_random,19
2.8650000000000002,-0.61273724492936976,0,0,low_frequency_random,19
2.8700000000000001,-0.64048666795558373,0,0,low_frequency_random,19
2.875,-0.74830737991662644,0,0,low_frequency_random,19
2.8799999999999999,-0.66694612482589821,0,0,low_frequency_random,19
2.8850000000000002,-0.80849417343426977,0,0,low_frequency_random,19
2.8900000000000001,-0.88001455710863674,0,0,low_frequency_random,19
2.895,-0.80447629516129882,0,0,low_frequency_random,19
2.8999999999999999,-0.7743993851463874,0,0,low_frequency_random,19
2.9050000000000002,-0.76158419721768766,0,0,low_frequency_random,19
2.9100000000000001,-0.79385657180831126,0,0,low_frequency_random,19
2.915,-0.81403683834546481,0,0,low_frequency_random,19
2.9199999999999999,-0.78745986602597462,0,0,low_frequency_random,19
2.9250000000000003,-0.71757711845950356,0,0,low_frequency_random,19
2.9300000000000002,-0.70900361166160875,0,0,low_frequency_random,19
2.9350000000000001,-0.68749786894035436,0,0,low_frequency_random,19
2.9399999999999999,-0.79140363224806365,0,0,low_frequency_random,19
2.9449999999999998,-0.73404995680068574,0,0,low_frequency_random,19
2.9500000000000002,-0.57755527772736204,0,0,low_frequency_random,19
2.9550000000000001,-0.62241259218586764,0,0,low_frequency_random,19
2.96,-0.5922605531966002,0,0,low_frequency_random,19
2.9649999999999999,-0.64633583520182603,0,0,low_frequency_random,19
2.9700000000000002,-0.60226615607502243,0,0,low_frequency_random,19
2.9750000000000001,-0.56329455456252908,0,0,low_frequency_random,19
2.98,-0.69784847233734038,0,0,low_frequency_random,19
2.9849999999999999,-0.7192867330938274,0,0,low_frequency_random,19
2.9900000000000002,-0.73352992850603149,0,0,low_frequency_random,19
2.9950000000000001,-0.77791896495703061,0,0,low_frequency_random,19
3,-0.73827910947552544,0,0,low_frequency_random,19
3.0049999999999999,-0.77911635242425925,0,0,low_frequency_random,19
3.0100000000000002,-0.87892817974376458,0,0,low_frequency_random,19
3.0150000000000001,-0.71805935482367178,0,0,low_frequency_random,19
3.02,-0.69172570761488195,0,0,low_frequency_random,19
3.0249999999999999,-0.56118908697335446,0,0,low_frequency_random,19
3.0300000000000002,-0.52152910850601886,0,0,low_frequency_random,19
3.0350000000000001,-0.50457792025766679,0,0,low_frequency_random,19
3.04,-0.42222043622820693,0,0,low_frequency_random,19
3.0449999999999999,-0.36804473493468953,0,0,low_frequency_random,19
3.0500000000000003,-0.3947186729400588,0,0,low_frequency_random,19
3.0550000000000002,-0.3839021944303137,0,0,low_frequency_random,19
3.0600000000000001,-0.42008368179242273,0,0,low_frequency_random,19
3.0649999999999999,-0.34825930337513994,0,0,low_frequency_random,19
3.0700000000000003,-0.43152371922832583,0,0,low_frequency_random,19
3.0750000000000002,-0.43662485112187466,0,0,low_frequency_random,19
3.0800000000000001,-0.40510133159739059,0,0,low_frequency_random,19
3.085,-0.40514657665928594,0,0,low_frequency_random,19
3.0899999999999999,-0.38232799483284169,0,0,low_frequency_random,19
3.0950000000000002,-0.48835164933808445,0,0,low_frequency_random,19
3.1000000000000001,-0.64869626846459605,0,0,low_frequency_random,19
3.105,-0.52435967860120547,0,0,low_frequency_random,19
3.1099999999999999,-0.56264776237563274,0,0,low_frequency_random,19
3.1150000000000002,-0.58194880570716256,0,0,low_frequency_random,19
3.1200000000000001,-0.56218520343649692,0,0,low_frequency_random,19
3.125,-0.51059514698303721,0,0,low_frequency_random,19
3.1299999999999999,-0.44069359965986876,0,0,low_frequency_random,19
3.1350000000000002,-0.37012078121177339,0,0,low_frequency_random,19
3.1400000000000001,-0.41081691292995176,0,0,low_frequency_random,19
3.145,-0.42055048485176566,0,0,low_frequency_random,19
3.1499999999999999,-0.45108933276162705,0,0,low_frequency_random,19
3.1550000000000002,-0.60103384555587536,0,0,low_frequency_random,19
3.1600000000000001,-0.61871583720942869,0,0,low_frequency_random,19
3.165,-0.63410026674780207,0,0,low_frequency_random,19
3.1699999999999999,-0.72815869020667989,0,0,low_frequency_random,19
3.1750000000000003,-0.87248475361768163,0,0,low_frequency_random,19
3.1800000000000002,-0.88978387456121888,0,0,low_frequency_random,19
3.1850000000000001,-0.93170121352430302,0,0,low_frequency_random,19
3.1899999999999999,-0.95622766947100291,0,0,low_frequency_random,19
3.1950000000000003,-0.84354730010414203,0,0,low_frequency_random,19
3.2000000000000002,-0.85836727404185464,0,0,low_frequency_random,19
3.2050000000000001,-0.87777773113574187,0,0,low_frequency_random,19
3.21,-0.99168554237710149,0,0,low_frequency_random,19
3.2149999999999999,-1.0117599078377491,0,0,low_frequency_random,19
3.2200000000000002,-0.93513317455236233,0,0,low_frequency_random,19
3.2250000000000001,-0.88396186603832827,0,0,low_frequency_random,19
3.23,-0.93969455506119615,0,0,low_frequency_random,19
3.2349999999999999,-0.86945431819435925,0,0,low_frequency_random,19
3.2400000000000002,-0.70389453966426729,0,0,low_frequency_random,19
3.2450000000000001,-0.80856349101080982,0,0,low_frequency_random,19
3.25,-0.82248385094628307,0,0,low_frequency_random,19
3.2549999999999999,-0.9692876390247015,0,0,low_frequency_random,19
3.2600000000000002,-0.83874231892676832,0,0,low_frequency_random,19
3.2650000000000001,-0.96891186213754499,0,0,low_frequency_random,19
3.27,-0.942091576373285,0,0,low_frequency_random,19
3.2749999999999999,-0.91838185221746071,0,0,low_frequency_random,19
3.2800000000000002,-0.81435783226128022,0,0,low_frequency_random,19
3.2850000000000001,-0.8167043567590675,0,0,low_frequency_random,19
3.29,-0.84119688128368308,0,0,low_frequency_random,19
3.2949999999999999,-0.96324888628161365,0,0,low_frequency_random,19
3.3000000000000003,-1.0450430870914973,0,0,low_frequency_random,19
3.3050000000000002,-1.053460296735883,0,0,low_frequency_random,19
3.3100000000000001,-0.97386939328850342,0,0,low_frequency_random,19
3.3149999999999999,-1.1131261060097102,0,0,low_frequency_random,19
3.3200000000000003,-1.0368396092950181,0,0,low_frequency_random,19
3.3250000000000002,-1.0734534508018678,0,0,low_frequency_random,19
3.3300000000000001,-1.1984230168598122,0,0,low_frequency_random,19
3.335,-1.1628778843097538,0,0,low_frequency_random,19
3.3399999999999999,-1.1230059604526379,0,0,low_frequency_random,19
3.3450000000000002,-1.0421267286347358,0,0,low_frequency_random,19
3.3500000000000001,-0.97774902166771849,0,0,low_frequency_random,19
3.355,-1.0232069107286039,0,0,low_frequency_random,19
3.3599999999999999,-0.98203738168774113,0,0,low_frequency_random,19
3.3650000000000002,-0.97997682066114156,0,0,low_frequency_random,19
3.3700000000000001,-0.96129576362877922,0,0,low_frequency_random,19
3.375,-0.98557440532926144,0,0,low_frequency_random,19
3.3799999999999999,-1.0567653058017117,0,0,low_frequency_random,19
3.3850000000000002,-1.0634800777954267,0,0,low_frequency_random,19
3.3900000000000001,-1.0243465988838316,0,0,low_frequency_random,19
3.395,-1.1151946004333602,0,0,low_frequency_random,19
3.3999999999999999,-1.1114864750176161,0,0,low_frequency_random,19
3.4050000000000002,-1.1769228360012605,0,0,low_frequency_random,19
3.4100000000000001,-1.27507798123495,0,0,low_frequency_random,19
3.415,-1.3019284803865305,0,0,low_frequency_random,19
3.4199999999999999,-1.2601063766140586,0,0,low_frequency_random,19
3.4250000000000003,-1.1869482244348881,0,0,low_frequency_random,19
3.4300000000000002,-1.2481540550872665,0,0,low_frequency_random,19
3.4350000000000001,-1.2936012081610202,0,0,low_frequency_random,19
3.4399999999999999,-1.36719786920891,0,0,low_frequency_random,19
3.4450000000000003,-1.3312003381524051,0,0,low_frequency_random,19
3.4500000000000002,-1.3208387509846042,0,0,low_frequency_random,19
3.4550000000000001,-1.2793844411524466,0,0,low_frequency_random,19
3.46,-1.164071575984901,0,0,low_frequency_random,19
3.4649999999999999,-1.1822148410421813,0,0,low_frequency_random,19
3.4700000000000002,-1.207921922845558,0,0,low_frequency_random,19
3.4750000000000001,-1.1217230031016392,0,0,low_frequency_random,19
3.48,-1.1260603539062415,0,0,low_frequency_random,19
3.4849999999999999,-1.1653829324780876,0,0,low_frequency_random,19
3.4900000000000002,-1.0914593453035297,0,0,low_frequency_random,19
3.4950000000000001,-1.0153750743200622,0,0,low_frequency_random,19
3.5,-1.1224828198337551,0,0,low_frequency_random,19
3.5049999999999999,-1.2003400569134175,0,0,low_frequency_random,19
3.5100000000000002,-1.1809808707631935,0,0,low_frequency_random,19
3.5150000000000001,-1.0899835158451583,0,0,low_frequency_random,19
3.52,-1.0256304312636169,0,0,low_frequency_random,19
3.5249999999999999,-1.087319913033223,0,0,low_frequency_random,19
3.5300000000000002,-1.0823944966403298,0,0,low_frequency_random,19
3.5350000000000001,-1.16034339811083,0,0,low_frequency_random,19
3.54,-1.0453616277843185,0,0,low_frequency_random,19
3.5449999999999999,-0.85456140798596525,0,0,low_frequency_random,19
3.5500000000000003,-0.91688910038283078,0,0,low_frequency_random,19
3.5550000000000002,-0.92915299601786305,0,0,low_frequency_random,19
3.5600000000000001,-1.0122078497000275,0,0,low_frequency_random,19
3.5649999999999999,-0.96055508816440438,0,0,low_frequency_random,19
3.5700000000000003,-0.98364253814466651,0,0,low_frequency_random,19
3.5750000000000002,-0.95631899477972648,0,0,low_frequency_random,19
3.5800000000000001,-0.99533389580692977,0,0,low_frequency_random,19
3.585,-0.97220383532151844,0,0,low_frequency_random,19
3.5899999999999999,-1.1170293444794828,0,0,low_frequency_random,19
3.5950000000000002,-1.0743429852286059,0,0,low_frequency_random,19
3.6000000000000001,-1.2147591350131128,0,0,low_frequency_random,19
3.605,-1.1553415227134785,0,0,low_frequency_random,19
3.6099999999999999,-1.054509594367373,0,0,low_frequency_random,19
3.6150000000000002,-1.0165322661280256,0,0,low_frequency_random,19
3.6200000000000001,-0.95013764800302203,0,0,low_frequency_random,19
3.625,-0.81617903964023419,0,0,low_frequency_random,19
3.6299999999999999,-0.80224547262746604,0,0,low_frequency_random,19
3.6350000000000002,-0.86604916940954602,0,0,low_frequency_random,19
3.6400000000000001,-0.94159382374848455,0,0,low_frequency_random,19
3.645,-0.88031519978020734,0,0,low_frequency_random,19
3.6499999999999999,-1.0501718421010187,0,0,low_frequency_random,19
3.6550000000000002,-1.072280405892678,0,0,low_frequency_random,19
3.6600000000000001,-1.1301086919204399,0,0,low_frequency_random,19
3.665,-1.1381908751475167,0,0,low_frequency_random,19
3.6699999999999999,-1.1547351586140047,0,0,low_frequency_random,19
3.6750000000000003,-1.2373626506846884,0,0,low_frequency_random,19
3.6800000000000002,-1.1454155318901136,0,0,low_frequency_random,19
3.6850000000000001,-1.0598840163923895,0,0,low_frequency_random,19
3.6899999999999999,-1.1896906830227565,0,0,low_frequency_random,19
3.6950000000000003,-1.166813671438081,0,0,low_frequency_random,19
3.7000000000000002,-1.1565700380740009,0,0,low_frequency_random,19
3.7050000000000001,-1.316590785213926,0,0,low_frequency_random,19
3.71,-1.3302705066952227,0,0,low_frequency_random,19
3.7149999999999999,-1.2984054202024853,0,0,low_frequency_random,19
3.7200000000000002,-1.3459305119332354,0,0,low_frequency_random,19
3.7250000000000001,-1.3426735127567417,0,0,low_frequency_random,19
3.73,-1.2743411926571344,0,0,low_frequency_random,19
3.7349999999999999,-1.2951113107184233,0,0,low_frequency_random,19
3.7400000000000002,-1.3123761032214722,0,0,low_frequency_random,19
3.7450000000000001,-1.3257548519573499,0,0,low_frequency_random,19
3.75,-1.3896233548519861,0,0,low_frequency_random,19
3.7549999999999999,-1.4219776644251123,0,0,low_frequency_random,19
3.7600000000000002,-1.3656277605286034,0,0,low_frequency_random,19
3.7650000000000001,-1.3640188546122787,0,0,low_frequency_random,19
3.77,-1.460914593296238,0,0,low_frequency_random,19
3.7749999999999999,-1.4734646016337209,0,0,low_frequency_random,19
3.7800000000000002,-1.4625978692731958,0,0,low_frequency_random,19
3.7850000000000001,-1.4408295763165533,0,0,low_frequency_random,19
3.79,-1.4205783583786964,0,0,low_frequency_random,19
3.7949999999999999,-1.4499902207051918,0,0,low_frequency_random,19
3.8000000000000003,-1.5089930550125348,0,0,low_frequency_random,19
3.8050000000000002,-1.480340515642997,0,0,low_frequency_random,19
3.8100000000000001,-1.4909025004615319,0,0,low_frequency_random,19
3.8149999999999999,-1.425302977765041,0,0,low_frequency_random,19
3.8200000000000003,-1.489120924487402,0,0,low_frequency_random,19
3.8250000000000002,-1.4940182665091328,0,0,low_frequency_random,19
3.8300000000000001,-1.3865078258292389,0,0,low_frequency_random,19
3.835,-1.4865483989314683,0,0,low_frequency_random,19
3.8399999999999999,-1.5697152607984026,0,0,low_frequency_random,19
3.8450000000000002,-1.534552918863975,0,0,low_frequency_random,19
3.8500000000000001,-1.3629833774665094,0,0,low_frequency_random,19
3.855,-1.3948441647167213,0,0,low_frequency_random,19
3.8599999999999999,-1.4180605444907255,0,0,low_frequency_random,19
3.8650000000000002,-1.4094641687718032,0,0,low_frequency_random,19
3.8700000000000001,-1.5173127500960411,0,0,low_frequency_random,19
3.875,-1.461697967604326,0,0,low_frequency_random,19
3.8799999999999999,-1.4360160102985542,0,0,low_frequency_random,19
3.8850000000000002,-1.4619625391973714,0,0,low_frequency_random,19
3.8900000000000001,-1.58515421056288,0,0,low_frequency_random,19
3.895,-1.4773839231844339,0,0,low_frequency_random,19
3.8999999999999999,-1.4313331338445596,0,0,low_frequency_random,19
3.9050000000000002,-1.371485959957458,0,0,low_frequency_random,19
3.9100000000000001,-1.3042202170328219,0,0,low_frequency_random,19
3.915,-1.3240897845327546,0,0,low_frequency_random,19
3.9199999999999999,-1.3161237728681465,0,0,low_frequency_random,19
3.9250000000000003,-1.3339694514340508,0,0,low_frequency_random,19
3.9300000000000002,-1.1548537032764612,0,0,low_frequency_random,19
3.9350000000000001,-1.2141197869458222,0,0,low_frequency_random,19
3.9399999999999999,-1.1533418863025016,0,0,low_frequency_random,19
3.9450000000000003,-1.2403633322336702,0,0,low_frequency_random,19
3.9500000000000002,-1.1779415273535583,0,0,low_frequency_random,19
3.9550000000000001,-1.3080008049759209,0,0,low_frequency_random,19
3.96,-1.3699663988943469,0,0,low_frequency_random,19
3.9650000000000003,-1.3270614693560343,0,0,low_frequency_random,19
3.9700000000000002,-1.3112948412241237,0,0,low_frequency_random,19
3.9750000000000001,-1.2864168739026964,0,0,low_frequency_random,19
3.98,-1.3283109239157052,0,0,low_frequency_random,19
3.9849999999999999,-1.3453950384346853,0,0,low_frequency_random,19
3.9900000000000002,-1.3127154263817686,0,0,low_frequency_random,19
3.9950000000000001,-1.2306036342926436,0,0,low_frequency_random,19
4,-1.2314555214656462,0,0,low_frequency_random,19
4.0049999999999999,-1.2274605321661476,0,0,low_frequency_random,19
4.0099999999999998,-1.2737785009909661,0,0,low_frequency_random,19
4.0149999999999997,-1.4009104494157156,0,0,low_frequency_random,19
4.0200000000000005,-1.4068982543287933,0,0,low_frequency_random,19
4.0250000000000004,-1.4132159077900723,0,0,low_frequency_random,19
4.0300000000000002,-1.3781154142663294,0,0,low_frequency_random,19
4.0350000000000001,-1.4502346407357729,0,0,low_frequency_random,19
4.04,-1.5093641765295749,0,0,low_frequency_random,19
4.0449999999999999,-1.6117515370153532,0,0,low_frequency_random,19
4.0499999999999998,-1.6996264730121242,0,0,low_frequency_random,19
4.0549999999999997,-1.7360494481652884,0,0,low_frequency_random,19
4.0600000000000005,-1.8177377671466612,0,0,low_frequency_random,19
4.0650000000000004,-1.9441116148768693,0,0,low_frequency_random,19
4.0700000000000003,-2.019770370164637,0,0,low_frequency_random,19
4.0750000000000002,-2.153895959741801,0,0,low_frequency_random,19
4.0800000000000001,-2.189970264594518,0,0,low_frequency_random,19
4.085,-2.2779551028496789,0,0,low_frequency_random,19
4.0899999999999999,-2.2777590844290296,0,0,low_frequency_random,19
4.0949999999999998,-2.3982438338095391,0,0,low_frequency_random,19
4.0999999999999996,-2.3311530424174047,0,0,low_frequency_random,19
4.1050000000000004,-2.5070572495248946,0,0,low_frequency_random,19
4.1100000000000003,-2.3287883712295261,0,0,low_frequency_random,19
4.1150000000000002,-2.2368778385756012,0,0,low_frequency_random,19
4.1200000000000001,-2.2092860795092744,0,0,low_frequency_random,19
4.125,-2.1359525265917658,0,0,low_frequency_random,19
4.1299999999999999,-2.145700676585947,0,0,low_frequency_random,19
4.1349999999999998,-2.2499300151700572,0,0,low_frequency_random,19
4.1399999999999997,-2.1305691491890717,0,0,low_frequency_random,19
4.1450000000000005,-2.0337071896633319,0,0,low_frequency_random,19
4.1500000000000004,-1.8828520986085453,0,0,low_frequency_random,19
4.1550000000000002,-1.8545396410702044,0,0,low_frequency_random,19
4.1600000000000001,-1.8488037843144032,0,0,low_frequency_random,19
4.165,-1.7984504142859337,0,0,low_frequency_random,19
4.1699999999999999,-1.7651374737524796,0,0,low_frequency_random,19
4.1749999999999998,-1.7234098638787925,0,0,low_frequency_random,19
4.1799999999999997,-1.6633017930793244,0,0,low_frequency_random,19
4.1850000000000005,-1.568456129843669,0,0,low_frequency_random,19
4.1900000000000004,-1.5638316012880507,0,0,low_frequency_random,19
4.1950000000000003,-1.4726843613428138,0,0,low_frequency_random,19
4.2000000000000002,-1.6105817109376015,0,0,low_frequency_random,19
4.2050000000000001,-1.6183525756802102,0,0,low_frequency_random,19
4.21,-1.4402718149224298,0,0,low_frequency_random,19
4.2149999999999999,-1.4109306268403898,0,0,low_frequency_random,19
4.2199999999999998,-1.4897827613545409,0,0,low_frequency_random,19
4.2249999999999996,-1.4757897609307833,0,0,low_frequency_random,19
4.2300000000000004,-1.6224290645090325,0,0,low_frequency_random,19
4.2350000000000003,-1.6817406411234934,0,0,low_frequency_random,19
4.2400000000000002,-1.477081113924041,0,0,low_frequency_random,19
4.2450000000000001,-1.4022533768021359,0,0,low_frequency_random,19
4.25,-1.3832085833623315,0,0,low_frequency_random,19
4.2549999999999999,-1.431095291499179,0,0,low_frequency_random,19
4.2599999999999998,-1.385683192723925,0,0,low_frequency_random,19
4.2649999999999997,-1.3009337882854712,0,0,low_frequency_random,19
4.2700000000000005,-1.3023860620815313,0,0,low_frequency_random,19
4.2750000000000004,-1.2358304579287227,0,0,low_frequency_random,19
4.2800000000000002,-1.262623236714693,0,0,low_frequency_random,19
4.2850000000000001,-1.1582094702188466,0,0,low_frequency_random,19
4.29,-1.2111604225246158,0,0,low_frequency_random,19
4.2949999999999999,-1.2950740585530498,0,0,low_frequency_random,19
4.2999999999999998,-1.4087737629480719,0,0,low_frequency_random,19
4.3049999999999997,-1.4278878546124043,0,0,low_frequency_random,19
4.3100000000000005,-1.3738109473805122,0,0,low_frequency_random,19
4.3150000000000004,-1.2835915274400713,0,0,low_frequency_random,19
4.3200000000000003,-1.2683106329701208,0,0,low_frequency_random,19
4.3250000000000002,-1.2974826611783075,0,0,low_frequency_random,19
4.3300000000000001,-1.3095398820023734,0,0,low_frequency_random,19
4.335,-1.3431462878921765,0,0,low_frequency_random,19
4.3399999999999999,-1.3279550287250139,0,0,low_frequency_random,19
4.3449999999999998,-1.3245136266887139,0,0,low_frequency_random,19
4.3500000000000005,-1.1853376735108605,0,0,low_frequency_random,19
4.3550000000000004,-1.010223203006217,0,0,low_frequency_random,19
4.3600000000000003,-1.0983511290007186,0,0,low_frequency_random,19
4.3650000000000002,-1.0165940934631541,0,0,low_frequency_random,19
4.3700000000000001,-0.94729975309178716,0,0,low_frequency_random,19
4.375,-1.0233953429410512,0,0,low_frequency_random,19
4.3799999999999999,-1.0003573571798943,0,0,low_frequency_random,19
4.3849999999999998,-1.0947889921475966,0,0,low_frequency_random,19
4.3899999999999997,-1.2044065051261952,0,0,low_frequency_random,19
4.3950000000000005,-1.2416768973310646,0,0,low_frequency_random,19
4.4000000000000004,-1.270324728075279,0,0,low_frequency_random,19
4.4050000000000002,-1.2751912665646599,0,0,low_frequency_random,19
4.4100000000000001,-1.3622571528519472,0,0,low_frequency_random,19
4.415,-1.3299643506217258,0,0,low_frequency_random,19
4.4199999999999999,-1.305045862254157,0,0,low_frequency_random,19
4.4249999999999998,-1.2816426688851008,0,0,low_frequency_random,19
4.4299999999999997,-1.3071764423169085,0,0,low_frequency_random,19
4.4350000000000005,-1.2379015915890774,0,0,low_frequency_random,19
4.4400000000000004,-1.2509443026406295,0,0,low_frequency_random,19
4.4450000000000003,-1.2387291935018059,0,0,low_frequency_random,19
4.4500000000000002,-1.2620858712808218,0,0,low_frequency_random,19
4.4550000000000001,-1.5106452631441978,0,0,low_frequency_random,19
4.46,-1.3908194812743662,0,0,low_frequency_random,19
4.4649999999999999,-1.4675509502247712,0,0,low_frequency_random,19
4.4699999999999998,-1.4357414004972062,0,0,low_frequency_random,19
4.4750000000000005,-1.3857568690954944,0,0,low_frequency_random,19
4.4800000000000004,-1.4328359640094586,0,0,low_frequency_random,19
4.4850000000000003,-1.4737042761887376,0,0,low_frequency_random,19
4.4900000000000002,-1.4293604273604246,0,0,low_frequency_random,19
4.4950000000000001,-1.4982489668178574,0,0,low_frequency_random,19
4.5,-1.2560146682030742,0,0,low_frequency_random,19
4.5049999999999999,-1.243467050937404,0,0,low_frequency_random,19
4.5099999999999998,-1.3763846535707092,0,0,low_frequency_random,19
4.5149999999999997,-1.3206443757260022,0,0,low_frequency_random,19
4.5200000000000005,-1.2446356445632172,0,0,low_frequency_random,19
4.5250000000000004,-1.149860323407754,0,0,low_frequency_random,19
4.5300000000000002,-1.1540484670973961,0,0,low_frequency_random,19
4.5350000000000001,-1.2827389588935332,0,0,low_frequency_random,19
4.54,-1.2495888646123903,0,0,low_frequency_random,19
4.5449999999999999,-1.1920589147264691,0,0,low_frequency_random,19
4.5499999999999998,-1.251108082296803,0,0,low_frequency_random,19
4.5549999999999997,-1.2357352994454136,0,0,low_frequency_random,19
4.5600000000000005,-1.2969498617365394,0,0,low_frequency_random,19
4.5650000000000004,-1.1691276498576595,0,0,low_frequency_random,19
4.5700000000000003,-1.0728588572447384,0,0,low_frequency_random,19
4.5750000000000002,-1.0477574812188715,0,0,low_frequency_random,19
4.5800000000000001,-1.0447942513473067,0,0,low_frequency_random,19
4.585,-1.0874205959518266,0,0,low_frequency_random,19
4.5899999999999999,-0.99368949141229135,0,0,low_frequency_random,19
4.5949999999999998,-0.99805822186800908,0,0,low_frequency_random,19
4.6000000000000005,-0.97604065228058212,0,0,low_frequency_random,19
4.6050000000000004,-0.90031529415965306,0,0,low_frequency_random,19
4.6100000000000003,-0.91554939997280915,0,0,low_frequency_random,19
4.6150000000000002,-0.92259919550995273,0,0,low_frequency_random,19
4.6200000000000001,-0.99599827681429864,0,0,low_frequency_random,19
4.625,-0.97162787797672923,0,0,low_frequency_random,19
4.6299999999999999,-1.0577118994106931,0,0,low_frequency_random,19
4.6349999999999998,-0.97547538414987522,0,0,low_frequency_random,19
4.6399999999999997,-1.0288738489992595,0,0,low_frequency_random,19
4.6450000000000005,-0.930813560047691,0,0,low_frequency_random,19
4.6500000000000004,-0.86988368484551937,0,0,low_frequency_random,19
4.6550000000000002,-0.89496584408909563,0,0,low_frequency_random,19
4.6600000000000001,-0.88507978882634419,0,0,low_frequency_random,19
4.665,-0.92837186553197237,0,0,low_frequency_random,19
4.6699999999999999,-0.89869528930055476,0,0,low_frequency_random,19
4.6749999999999998,-0.91505850774381314,0,0,low_frequency_random,19
4.6799999999999997,-0.8445369993155305,0,0,low_frequency_random,19
4.6850000000000005,-0.67640708082547496,0,0,low_frequency_random,19
4.6900000000000004,-0.86658272904264078,0,0,low_frequency_random,19
4.6950000000000003,-0.76621336662246242,0,0,low_frequency_random,19
4.7000000000000002,-0.67830025698500862,0,0,low_frequency_random,19
4.7050000000000001,-0.7709488943747127,0,0,low_frequency_random,19
4.71,-0.80971176957328672,0,0,low_frequency_random,19
4.7149999999999999,-0.79583797630958786,0,0,low_frequency_random,19
4.7199999999999998,-0.76782034903686935,0,0,low_frequency_random,19
4.7250000000000005,-0.71843089233331425,0,0,low_frequency_random,19
4.7300000000000004,-0.65078274085497423,0,0,low_frequency_random,19
4.7350000000000003,-0.66977626424896131,0,0,low_frequency_random,19
4.7400000000000002,-0.72150266973451049,0,0,low_frequency_random,19
4.7450000000000001,-0.77419454740550198,0,0,low_frequency_random,19
4.75,-0.80473986627653671,0,0,low_frequency_random,19
4.7549999999999999,-0.75429720033764769,0,0,low_frequency_random,19
4.7599999999999998,-0.71064498188405978,0,0,low_frequency_random,19
4.7649999999999997,-0.71578821099649215,0,0,low_frequency_random,19
4.7700000000000005,-0.76072684254561751,0,0,low_frequency_random,19
4.7750000000000004,-0.7245613302735241,0,0,low_frequency_random,19
4.7800000000000002,-0.72498370926434208,0,0,low_frequency_random,19
4.7850000000000001,-0.60279633380138897,0,0,low_frequency_random,19
4.79,-0.72232849245390529,0,0,low_frequency_random,19
4.7949999999999999,-0.69136379145297444,0,0,low_frequency_random,19
4.7999999999999998,-0.58691889024801036,0,0,low_frequency_random,19
4.8049999999999997,-0.6738820537851884,0,0,low_frequency_random,19
4.8100000000000005,-0.69887152585903511,0,0,low_frequency_random,19
4.8150000000000004,-0.78996000635069019,0,0,low_frequency_random,19
4.8200000000000003,-0.99345551858572079,0,0,low_frequency_random,19
4.8250000000000002,-1.1045993796811515,0,0,low_frequency_random,19
4.8300000000000001,-1.0100880437308677,0,0,low_frequency_random,19
4.835,-0.96795036309411686,0,0,low_frequency_random,19
4.8399999999999999,-1.0294770561045612,0,0,low_frequency_random,19
4.8449999999999998,-1.0767853516985118,0,0,low_frequency_random,19
4.8500000000000005,-1.0604901223452763,0,0,low_frequency_random,19
4.8550000000000004,-1.1200111089561129,0,0,low_frequency_random,19
4.8600000000000003,-1.1511277310528818,0,0,low_frequency_random,19
4.8650000000000002,-1.2411796725228184,0,0,low_frequency_random,19
4.8700000000000001,-1.2671876143101963,0,0,low_frequency_random,19
4.875,-1.2969985202252645,0,0,low_frequency_random,19
4.8799999999999999,-1.1743932040794682,0,0,low_frequency_random,19
4.8849999999999998,-1.116133199812436,0,0,low_frequency_random,19
4.8899999999999997,-1.1927910094326715,0,0,low_frequency_random,19
4.8950000000000005,-1.1821070340030719,0,0,low_frequency_random,19
4.9000000000000004,-1.2137762890870625,0,0,low_frequency_random,19
4.9050000000000002,-1.164177644613134,0,0,low_frequency_random,19
4.9100000000000001,-1.1165510960508747,0,0,low_frequency_random,19
4.915,-1.0886217649662591,0,0,low_frequency_random,19
4.9199999999999999,-1.0744661275603398,0,0,low_frequency_random,19
4.9249999999999998,-1.0481185185509085,0,0,low_frequency_random,19
4.9299999999999997,-1.1203126135275223,0,0,low_frequency_random,19
4.9350000000000005,-1.1295253790741937,0,0,low_frequency_random,19
4.9400000000000004,-1.1209318452722197,0,0,low_frequency_random,19
4.9450000000000003,-1.0660117093353627,0,0,low_frequency_random,19
4.9500000000000002,-1.0292681341650918,0,0,low_frequency_random,19
4.9550000000000001,-1.0507107705032028,0,0,low_frequency_random,19
4.96,-1.1238637424327145,0,0,low_frequency_random,19
4.9649999999999999,-0.97235231209291217,0,0,low_frequency_random,19
4.9699999999999998,-0.80596433134496648,0,0,low_frequency_random,19
4.9750000000000005,-0.84382643732950058,0,0,low_frequency_random,19
4.9800000000000004,-0.78377541586390687,0,0,low_frequency_random,19
4.9850000000000003,-0.56897221521415675,0,0,low_frequency_random,19
4.9900000000000002,-0.56094469517050305,0,0,low_frequency_random,19
4.9950000000000001,-0.58074732151698161,0,0,low_frequency_random,19
5,-0.52915546748593789,0,0,low_frequency_random,19
5.0049999999999999,-0.5461754048538997,0,0,low_frequency_random,19
5.0099999999999998,-0.58569456512498475,0,0,low_frequency_random,19
5.0149999999999997,-0.60745930626091049,0,0,low_frequency_random,19
5.0200000000000005,-0.7308421469419889,0,0,low_frequency_random,19
5.0250000000000004,-0.79627259685412721,0,0,low_frequency_random,19
5.0300000000000002,-0.78114607970366701,0,0,low_frequency_random,19
5.0350000000000001,-0.6793558944591912,0,0,low_frequency_random,19
5.04,-0.59825783714893233,0,0,low_frequency_random,19
5.0449999999999999,-0.69647215232893567,0,0,low_frequency_random,19
5.0499999999999998,-0.60485002758878326,0,0,low_frequency_random,19
5.0549999999999997,-0.59153543308134326,0,0,low_frequency_random,19
5.0600000000000005,-0.59453536020524633,0,0,low_frequency_random,19
5.0650000000000004,-0.60465850191510528,0,0,low_frequency_random,19
5.0700000000000003,-0.62243518914958074,0,0,low_frequency_random,19
5.0750000000000002,-0.45739280395023785,0,0,low_frequency_random,19
5.0800000000000001,-0.41444824745062692,0,0,low_frequency_random,19
5.085,-0.52503555674452773,0,0,low_frequency_random,19
5.0899999999999999,-0.65899264621414189,0,0,low_frequency_random,19
5.0949999999999998,-0.6494305009613992,0,0,low_frequency_random,19
5.1000000000000005,-0.64882603783385073,0,0,low_frequency_random,19
5.1050000000000004,-0.6589424774029643,0,0,low_frequency_random,19
5.1100000000000003,-0.67140780890472729,0,0,low_frequency_random,19
5.1150000000000002,-0.70278335315437057,0,0,low_frequency_random,19
5.1200000000000001,-0.74581502582707138,0,0,low_frequency_random,19
5.125,-0.67188498205299574,0,0,low_frequency_random,19
5.1299999999999999,-0.70070991177845066,0,0,low_frequency_random,19
5.1349999999999998,-0.70026467591474928,0,0,low_frequency_random,19
5.1399999999999997,-0.61558016928374149,0,0,low_frequency_random,19
5.1450000000000005,-0.5584532083724143,0,0,low_frequency_random,19
5.1500000000000004,-0.51761144241971879,0,0,low_frequency_random,19
5.1550000000000002,-0.70177219825038528,0,0,low_frequency_random,19
5.1600000000000001,-0.73729907101440606,0,0,low_frequency_random,19
5.165,-0.70914638554807496,0,0,low_frequency_random,19
5.1699999999999999,-0.69091367081279742,0,0,low_frequency_random,19
5.1749999999999998,-0.66549377322116865,0,0,low_frequency_random,19
5.1799999999999997,-0.70792251827428399,0,0,low_frequency_random,19
5.1850000000000005,-0.5964435893738752,0,0,low_frequency_random,19
5.1900000000000004,-0.56237562835251653,0,0,low_frequency_random,19
5.1950000000000003,-0.6044821044463633,0,0,low_frequency_random,19
5.2000000000000002,-0.73462785499666805,0,0,low_frequency_random,19
5.2050000000000001,-0.82998730361732875,0,0,low_frequency_random,19
5.21,-0.87990730245024784,0,0,low_frequency_random,19
5.2149999999999999,-1.0220516523639738,0,0,low_frequency_random,19
5.2199999999999998,-0.97593927237844802,0,0,low_frequency_random,19
5.2250000000000005,-0.93733896746234258,0,0,low_frequency_random,19
5.2300000000000004,-0.91420515460006402,0,0,low_frequency_random,19
5.2350000000000003,-0.94096517115941214,0,0,low_frequency_random,19
5.2400000000000002,-0.98891296457760169,0,0,low_frequency_random,19
5.2450000000000001,-0.98335611409232437,0,0,low_frequency_random,19
5.25,-0.96778044997003521,0,0,low_frequency_random,19
5.2549999999999999,-1.1739156247094373,0,0,low_frequency_random,19
5.2599999999999998,-1.190435643102419,0,0,low_frequency_random,19
5.2649999999999997,-1.2107275283207479,0,0,low_frequency_random,19
5.2700000000000005,-1.1919505061834703,0,0,low_frequency_random,19
5.2750000000000004,-1.2725128501134999,0,0,low_frequency_random,19
5.2800000000000002,-1.4096141493413699,0,0,low_frequency_random,19
5.2850000000000001,-1.3268181123383038,0,0,low_frequency_random,19
5.29,-1.2978468748416734,0,0,low_frequency_random,19
5.2949999999999999,-1.3958569485288874,0,0,low_frequency_random,19
5.2999999999999998,-1.4973216910946134,0,0,low_frequency_random,19
5.3049999999999997,-1.5101795176736397,0,0,low_frequency_random,19
5.3100000000000005,-1.5685841936765517,0,0,low_frequency_random,19
5.3150000000000004,-1.6024249828898307,0,0,low_frequency_random,19
5.3200000000000003,-1.5197371435448401,0,0,low_frequency_random,19
5.3250000000000002,-1.5151826050542003,0,0,low_frequency_random,19
5.3300000000000001,-1.4560867590683884,0,0,low_frequency_random,19
5.335,-1.3699645107670801,0,0,low_frequency_random,19
5.3399999999999999,-1.5612168748434421,0,0,low_frequency_random,19
5.3449999999999998,-1.4255219195530935,0,0,low_frequency_random,19
5.3500000000000005,-1.238496947573122,0,0,low_frequency_random,19
5.3550000000000004,-1.2030775052517992,0,0,low_frequency_random,19
5.3600000000000003,-1.2490713419940731,0,0,low_frequency_random,19
5.3650000000000002,-1.261991884084934,0,0,low_frequency_random,19
5.3700000000000001,-0.94040852833148891,0,0,low_frequency_random,19
5.375,-0.97014110174144186,0,0,low_frequency_random,19
5.3799999999999999,-0.82442896469383753,0,0,low_frequency_random,19
5.3849999999999998,-0.82538071196683904,0,0,low_frequency_random,19
5.3899999999999997,-0.9112255756858465,0,0,low_frequency_random,19
5.3950000000000005,-1.0192958341155212,0,0,low_frequency_random,19
5.4000000000000004,-1.0490915570466917,0,0,low_frequency_random,19
5.4050000000000002,-1.0695248609205146,0,0,low_frequency_random,19
5.4100000000000001,-1.0149499383941105,0,0,low_frequency_random,19
5.415,-0.98618421466353257,0,0,low_frequency_random,19
5.4199999999999999,-0.82317570085803549,0,0,low_frequency_random,19
5.4249999999999998,-0.86661149260841019,0,0,low_frequency_random,19
5.4299999999999997,-0.7553514617822058,0,0,low_frequency_random,19
5.4350000000000005,-0.72436779474118951,0,0,low_frequency_random,19
5.4400000000000004,-0.72697980731881473,0,0,low_frequency_random,19
5.4450000000000003,-0.7870774302369945,0,0,low_frequency_random,19
5.4500000000000002,-0.72512959693891088,0,0,low_frequency_random,19
5.4550000000000001,-0.68854136786554743,0,0,low_frequency_random,19
5.46,-0.58926571798773431,0,0,low_frequency_random,19
5.4649999999999999,-0.70862529160487475,0,0,low_frequency_random,19
5.4699999999999998,-0.70519415611165603,0,0,low_frequency_random,19
5.4750000000000005,-0.58738488005997103,0,0,low_frequency_random,19
5.4800000000000004,-0.59959546250018458,0,0,low_frequency_random,19
5.4850000000000003,-0.54003695057889978,0,0,low_frequency_random,19
5.4900000000000002,-0.55912334064305258,0,0,low_frequency_random,19
5.4950000000000001,-0.52452477530655828,0,0,low_frequency_random,19
5.5,-0.48677592823516314,0,0,low_frequency_random,19
5.5049999999999999,-0.51858404177246398,0,0,low_frequency_random,19
5.5099999999999998,-0.47112161295883787,0,0,low_frequency_random,19
5.5149999999999997,-0.50186928132582664,0,0,low_frequency_random,19
5.5200000000000005,-0.47199419566432482,0,0,low_frequency_random,19
5.5250000000000004,-0.47491031817817958,0,0,low_frequency_random,19
5.5300000000000002,-0.50774472746347388,0,0,low_frequency_random,19
5.5350000000000001,-0.55224966300669831,0,0,low_frequency_random,19
5.54,-0.48177296284345567,0,0,low_frequency_random,19
5.5449999999999999,-0.45601807924437249,0,0,low_frequency_random,19
5.5499999999999998,-0.47104756907848533,0,0,low_frequency_random,19
5.5549999999999997,-0.37067665693856472,0,0,low_frequency_random,19
5.5600000000000005,-0.4243237563987291,0,0,low_frequency_random,19
5.5650000000000004,-0.5322131515597035,0,0,low_frequency_random,19
5.5700000000000003,-0.57269261896859913,0,0,low_frequency_random,19
5.5750000000000002,-0.42383721173916444,0,0,low_frequency_random,19
5.5800000000000001,-0.41457126488264756,0,0,low_frequency_random,19
5.585,-0.41649301939547057,0,0,low_frequency_random,19
5.5899999999999999,-0.4702403986000756,0,0,low_frequency_random,19
5.5949999999999998,-0.4271725844534181,0,0,low_frequency_random,19
5.6000000000000005,-0.44334873911224992,0,0,low_frequency_random,19
5.6050000000000004,-0.47479147432472235,0,0,low_frequency_random,19
5.6100000000000003,-0.40688656998058215,0,0,low_frequency_random,19
5.6150000000000002,-0.28150126531013803,0,0,low_frequency_random,19
5.6200000000000001,-0.30805871706122023,0,0,low_frequency_random,19
5.625,-0.26134694391072238,0,0,low_frequency_random,19
5.6299999999999999,-0.2856065196812837,0,0,low_frequency_random,19
5.6349999999999998,-0.32868045128871504,0,0,low_frequency_random,19
5.6399999999999997,-0.33816818329480247,0,0,low_frequency_random,19
5.6450000000000005,-0.3339449270157735,0,0,low_frequency_random,19
5.6500000000000004,-0.31962727510017985,0,0,low_frequency_random,19
5.6550000000000002,-0.35755450140873107,0,0,low_frequency_random,19
5.6600000000000001,-0.45937266058001275,0,0,low_frequency_random,19
5.665,-0.6047596936087708,0,0,low_frequency_random,19
5.6699999999999999,-0.45904038844978268,0,0,low_frequency_random,19
5.6749999999999998,-0.43415062120728415,0,0,low_frequency_random,19
5.6799999999999997,-0.39605076511569443,0,0,low_frequency_random,19
5.6850000000000005,-0.41833712988207117,0,0,low_frequency_random,19
5.6900000000000004,-0.33050901103089292,0,0,low_frequency_random,19
5.6950000000000003,-0.38061534132634139,0,0,low_frequency_random,19
5.7000000000000002,-0.26112159759449238,0,0,low_frequency_random,19
5.7050000000000001,-0.35636880106112734,0,0,low_frequency_random,19
5.71,-0.35444411343096516,0,0,low_frequency_random,19
5.7149999999999999,-0.27697105211991474,0,0,low_frequency_random,19
5.7199999999999998,-0.35801707568904489,0,0,low_frequency_random,19
5.7250000000000005,-0.41243776350292993,0,0,low_frequency_random,19
5.7300000000000004,-0.44256171894922086,0,0,low_frequency_random,19
5.7350000000000003,-0.48590166910204519,0,0,low_frequency_random,19
5.7400000000000002,-0.62019821897748095,0,0,low_frequency_random,19
5.7450000000000001,-0.61424705280089087,0,0,low_frequency_random,19
5.75,-0.46927307004310531,0,0,low_frequency_random,19
5.7549999999999999,-0.4878858756354264,0,0,low_frequency_random,19
5.7599999999999998,-0.49915527573898866,0,0,low_frequency_random,19
5.7649999999999997,-0.54128999502041564,0,0,low_frequency_random,19
5.7700000000000005,-0.54654052713829937,0,0,low_frequency_random,19
5.7750000000000004,-0.63443801704772895,0,0,low_frequency_random,19
5.7800000000000002,-0.69799096093784319,0,0,low_frequency_random,19
5.7850000000000001,-0.66777610248337105,0,0,low_frequency_random,19
5.79,-0.53359716557090864,0,0,low_frequency_random,19
5.7949999999999999,-0.32382764274884407,0,0,low_frequency_random,19
5.7999999999999998,-0.25285000981195882,0,0,low_frequency_random,19
5.8049999999999997,-0.12883565123917567,0,0,low_frequency_random,19
5.8100000000000005,-0.087597652492818964,0,0,low_frequency_random,19
5.8150000000000004,-0.19971639702347621,0,0,low_frequency_random,19
5.8200000000000003,-0.25151865182361122,0,0,low_frequency_random,19
5.8250000000000002,-0.19837445349091387,0,0,low_frequency_random,19
5.8300000000000001,-0.12478025802404581,0,0,low_frequency_random,19
5.835,-0.092799861586497945,0,0,low_frequency_random,19
5.8399999999999999,0.045546322285319601,0,0,low_frequency_random,19
5.8449999999999998,0.055785059265363438,0,0,low_frequency_random,19
5.8500000000000005,0.019385687224782837,0,0,low_frequency_random,19
5.8550000000000004,0.085571605218024274,0,0,low_frequency_random,19
5.8600000000000003,0.094015585239286451,0,0,low_frequency_random,19
5.8650000000000002,0.13569068818800162,0,0,low_frequency_random,19
5.8700000000000001,0.070145111655958131,0,0,low_frequency_random,19
5.875,0.046276022470380831,0,0,low_frequency_random,19
5.8799999999999999,0.16440903592691158,0,0,low_frequency_random,19
5.8849999999999998,0.088559194580128897,0,0,low_frequency_random,19
5.8899999999999997,0.023087243944411126,0,0,low_frequency_random,19
5.8950000000000005,0.026374875150690934,0,0,low_frequency_random,19
5.9000000000000004,0.0031491519968670466,0,0,low_frequency_random,19
5.9050000000000002,-0.0013305109278745298,0,0,low_frequency_random,19
5.9100000000000001,0.059764086187827338,0,0,low_frequency_random,19
5.915,0.049233927218476498,0,0,low_frequency_random,19
5.9199999999999999,-0.00061449580770994022,0,0,low_frequency_random,19
5.9249999999999998,0.065698471956745372,0,0,low_frequency_random,19
5.9299999999999997,0.048786678103022507,0,0,low_frequency_random,19
5.9350000000000005,-0.015975779322280705,0,0,low_frequency_random,19
5.9400000000000004,-0.0128936653086288,0,0,low_frequency_random,19
5.9450000000000003,0.0093038563859949384,0,0,low_frequency_random,19
5.9500000000000002,-0.023679784733703323,0,0,low_frequency_random,19
5.9550000000000001,0.10739691156588042,0,0,low_frequency_random,19
5.96,0.10936012104364358,0,0,low_frequency_random,19
5.9649999999999999,0.26467487640594561,0,0,low_frequency_random,19
5.9699999999999998,0.17036636157693053,0,0,low_frequency_random,19
5.9750000000000005,0.29134623034052504,0,0,low_frequency_random,19
5.9800000000000004,0.33740147160402151,0,0,low_frequency_random,19
5.9850000000000003,0.34831140467228788,0,0,low_frequency_random,19
5.9900000000000002,0.45878798766111228,0,0,low_frequency_random,19
5.9950000000000001,0.45637726592760697,0,0,low_frequency_random,19
6,0.44443926908626008,0,0,low_frequency_random,19
6.0049999999999999,0.3649981536003104,0,0,low_frequency_random,19
6.0099999999999998,0.46866106312108524,0,0,low_frequency_random,19
6.0150000000000006,0.36221985650615568,0,0,low_frequency_random,19
6.0200000000000005,0.53082980920920297,0,0,low_frequency_random,19
6.0250000000000004,0.48838410866709364,0,0,low_frequency_random,19
6.0300000000000002,0.42810340314410844,0,0,low_frequency_random,19
6.0350000000000001,0.52524496432078538,0,0,low_frequency_random,19
6.04,0.51041478891652536,0,0,low_frequency_random,19
6.0449999999999999,0.57473693526121161,0,0,low_frequency_random,19
6.0499999999999998,0.56085890577548803,0,0,low_frequency_random,19
6.0549999999999997,0.5189192309537175,0,0,low_frequency_random,19
6.0600000000000005,0.56721584540914871,0,0,low_frequency_random,19
6.0650000000000004,0.42513043967321884,0,0,low_frequency_random,19
6.0700000000000003,0.38372419640938471,0,0,low_frequency_random,19
6.0750000000000002,0.35058497482875717,0,0,low_frequency_random,19
6.0800000000000001,0.29333527774363266,0,0,low_frequency_random,19
6.085,0.24240110764038764,0,0,low_frequency_random,19
6.0899999999999999,0.35857600667442979,0,0,low_frequency_random,19
6.0949999999999998,0.39359720334541348,0,0,low_frequency_random,19
6.1000000000000005,0.24169562621147828,0,0,low_frequency_random,19
6.1050000000000004,0.38910058278942439,0,0,low_frequency_random,19
6.1100000000000003,0.46115168697363634,0,0,low_frequency_random,19
6.1150000000000002,0.59380969759044366,0,0,low_frequency_random,19
6.1200000000000001,0.56305597772375127,0,0,low_frequency_random,19
6.125,0.55101726626555747,0,0,low_frequency_random,19
6.1299999999999999,0.55762787495297739,0,0,low_frequency_random,19
6.1349999999999998,0.60781463291321858,0,0,low_frequency_random,19
6.1400000000000006,0.5498905185043963,0,0,low_frequency_random,19
6.1450000000000005,0.51370542451396262,0,0,low_frequency_random,19
6.1500000000000004,0.44399035794158437,0,0,low_frequency_random,19
6.1550000000000002,0.51328516881849262,0,0,low_frequency_random,19
6.1600000000000001,0.49787603785842111,0,0,low_frequency_random,19
6.165,0.51518909605468788,0,0,low_frequency_random,19
6.1699999999999999,0.51240820926647479,0,0,low_frequency_random,19
6.1749999999999998,0.54238537101777506,0,0,low_frequency_random,19
6.1799999999999997,0.49987605678860114,0,0,low_frequency_random,19
6.1850000000000005,0.55853994706848886,0,0,low_frequency_random,19
6.1900000000000004,0.44902505964952694,0,0,low_frequency_random,19
6.1950000000000003,0.42162128288609119,0,0,low_frequency_random,19
6.2000000000000002,0.35392801107002086,0,0,low_frequency_random,19
6.2050000000000001,0.30082414853490103,0,0,low_frequency_random,19
6.21,0.40105462919440832,0,0,low_frequency_random,19
6.2149999999999999,0.53777587348612155,0,0,low_frequency_random,19
6.2199999999999998,0.52128262268348236,0,0,low_frequency_random,19
6.2250000000000005,0.39549240498772009,0,0,low_frequency_random,19
6.2300000000000004,0.37827195555573895,0,0,low_frequency_random,19
6.2350000000000003,0.5372572708856832,0,0,low_frequency_random,19
6.2400000000000002,0.58018497320292062,0,0,low_frequency_random,19
6.2450000000000001,0.55434633258975752,0,0,low_frequency_random,19
6.25,0.50920140440186545,0,0,low_frequency_random,19
6.2549999999999999,0.64553114357267816,0,0,low_frequency_random,19
6.2599999999999998,0.64850475390433515,0,0,low_frequency_random,19
6.2650000000000006,0.72682012815979347,0,0,low_frequency_random,19
6.2700000000000005,0.72197985033321532,0,0,low_frequency_random,19
6.2750000000000004,0.72261764494572811,0,0,low_frequency_random,19
6.2800000000000002,0.691949667418993,0,0,low_frequency_random,19
6.2850000000000001,0.63097263621782884,0,0,low_frequency_random,19
6.29,0.60089297482730442,0,0,low_frequency_random,19
6.2949999999999999,0.60569892005823367,0,0,low_frequency_random,19
6.2999999999999998,0.53078831763357859,0,0,low_frequency_random,19
6.3049999999999997,0.56092718078953852,0,0,low_frequency_random,19
6.3100000000000005,0.67419093337852631,0,0,low_frequency_random,19
6.3150000000000004,0.74331654400028946,0,0,low_frequency_random,19
6.3200000000000003,0.72809018678866311,0,0,low_frequency_random,19
6.3250000000000002,0.58853678953188082,0,0,low_frequency_random,19
6.3300000000000001,0.68317776744584102,0,0,low_frequency_random,19
6.335,0.70992387395955747,0,0,low_frequency_random,19
6.3399999999999999,0.75634300707367907,0,0,low_frequency_random,19
6.3449999999999998,0.83768353669722972,0,0,low_frequency_random,19
6.3500000000000005,0.98889688188639013,0,0,low_frequency_random,19
6.3550000000000004,1.143361738911953,0,0,low_frequency_random,19
6.3600000000000003,1.1906916668832397,0,0,low_frequency_random,19
6.3650000000000002,1.2123043036246834,0,0,low_frequency_random,19
6.3700000000000001,1.1786142873379468,0,0,low_frequency_random,19
6.375,1.2211893107147802,0,0,low_frequency_random,19
6.3799999999999999,1.2355818832985741,0,0,low_frequency_random,19
6.3849999999999998,1.2578688390891481,0,0,low_frequency_random,19
6.3900000000000006,1.2145362353627285,0,0,low_frequency_random,19
6.3950000000000005,1.2306080721254915,0,0,low_frequency_random,19
6.4000000000000004,1.1438928529201842,0,0,low_frequency_random,19
6.4050000000000002,1.2469872416786107,0,0,low_frequency_random,19
6.4100000000000001,1.3047958223572402,0,0,low_frequency_random,19
6.415,1.3483419019397069,0,0,low_frequency_random,19
6.4199999999999999,1.4483276901264794,0,0,low_frequency_random,19
6.4249999999999998,1.3762583095291574,0,0,low_frequency_random,19
6.4299999999999997,1.4850673363237072,0,0,low_frequency_random,19
6.4350000000000005,1.4683832619391308,0,0,low_frequency_random,19
6.4400000000000004,1.4734017174536327,0,0,low_frequency_random,19
6.4450000000000003,1.2948154839401693,0,0,low_frequency_random,19
6.4500000000000002,1.31264097555357,0,0,low_frequency_random,19
6.4550000000000001,1.3114692313659837,0,0,low_frequency_random,19
6.46,1.3641515078603674,0,0,low_frequency_random,19
6.4649999999999999,1.3052900967687833,0,0,low_frequency_random,19
6.4699999999999998,1.2366261804501941,0,0,low_frequency_random,19
6.4750000000000005,1.2026970199345073,0,0,low_frequency_random,19
6.4800000000000004,1.1843451374284903,0,0,low_frequency_random,19
6.4850000000000003,1.2747023356304663,0,0,low_frequency_random,19
6.4900000000000002,1.383416735300077,0,0,low_frequency_random,19
6.4950000000000001,1.369887299604724,0,0,low_frequency_random,19
6.5,1.3606538366324321,0,0,low_frequency_random,19
6.5049999999999999,1.405639937642146,0,0,low_frequency_random,19
6.5099999999999998,1.4799611650080238,0,0,low_frequency_random,19
6.5150000000000006,1.5235124062560048,0,0,low_frequency_random,19
6.5200000000000005,1.5407336419840543,0,0,low_frequency_random,19
6.5250000000000004,1.564169834971586,0,0,low_frequency_random,19
6.5300000000000002,1.5937962044324576,0,0,low_frequency_random,19
6.5350000000000001,1.5308185432040198,0,0,low_frequency_random,19
6.54,1.5972703023576493,0,0,low_frequency_random,19
6.5449999999999999,1.5063998128589269,0,0,low_frequency_random,19
6.5499999999999998,1.4305061692833647,0,0,low_frequency_random,19
6.5549999999999997,1.289308066713617,0,0,low_frequency_random,19
6.5600000000000005,1.2229179770535039,0,0,low_frequency_random,19
6.5650000000000004,1.1468756103402673,0,0,low_frequency_random,19
6.5700000000000003,1.1240244205789975,0,0,low_frequency_random,19
6.5750000000000002,1.1335747998888157,0,0,low_frequency_random,19
6.5800000000000001,0.98849308018634674,0,0,low_frequency_random,19
6.585,0.96404510935117771,0,0,low_frequency_random,19
6.5899999999999999,0.81170155940082855,0,0,low_frequency_random,19
6.5949999999999998,0.7043345490349574,0,0,low_frequency_random,19
6.6000000000000005,0.54676889376275706,0,0,low_frequency_random,19
6.6050000000000004,0.58994757367390904,0,0,low_frequency_random,19
6.6100000000000003,0.61584136317140104,0,0,low_frequency_random,19
6.6150000000000002,0.54620990230651933,0,0,low_frequency_random,19
6.6200000000000001,0.45368346781708513,0,0,low_frequency_random,19
6.625,0.35981704921086421,0,0,low_frequency_random,19
6.6299999999999999,0.30081062097422046,0,0,low_frequency_random,19
6.6349999999999998,0.20437992171349256,0,0,low_frequency_random,19
6.6400000000000006,0.047557144248685318,0,0,low_frequency_random,19
6.6450000000000005,0.087663680103158281,0,0,low_frequency_random,19
6.6500000000000004,0.00022617318250096885,0,0,low_frequency_random,19
6.6550000000000002,-0.036657749608121903,0,0,low_frequency_random,19
6.6600000000000001,-0.079503209345429537,0,0,low_frequency_random,19
6.665,-0.12898295004781543,0,0,low_frequency_random,19
6.6699999999999999,-0.15325823392999927,0,0,low_frequency_random,19
6.6749999999999998,-0.1604549625487334,0,0,low_frequency_random,19
6.6799999999999997,-0.14415987492831819,0,0,low_frequency_random,19
6.6850000000000005,-0.13451773732568764,0,0,low_frequency_random,19
6.6900000000000004,-0.045073755177024666,0,0,low_frequency_random,19
6.6950000000000003,-0.1279305620790149,0,0,low_frequency_random,19
6.7000000000000002,-0.097859799274919751,0,0,low_frequency_random,19
6.7050000000000001,-0.20190394304946768,0,0,low_frequency_random,19
6.71,-0.36088173275910729,0,0,low_frequency_random,19
6.7149999999999999,-0.34854718383171052,0,0,low_frequency_random,19
6.7199999999999998,-0.28066132864594012,0,0,low_frequency_random,19
6.7250000000000005,-0.28685118275271326,0,0,low_frequency_random,19
6.7300000000000004,-0.13079317170556659,0,0,low_frequency_random,19
6.7350000000000003,-0.049953805086355094,0,0,low_frequency_random,19
6.7400000000000002,0.10150178161849854,0,0,low_frequency_random,19
6.7450000000000001,0.092510969287339248,0,0,low_frequency_random,19
6.75,0.069111344194675975,0,0,low_frequency_random,19
6.7549999999999999,0.1984391172519851,0,0,low_frequency_random,19
6.7599999999999998,-0.0097552655643321218,0,0,low_frequency_random,19
6.7650000000000006,-0.065314344736515345,0,0,low_frequency_random,19
6.7700000000000005,-0.080883206056108506,0,0,low_frequency_random,19
6.7750000000000004,-0.040753892012372173,0,0,low_frequency_random,19
6.7800000000000002,-0.089245870172229735,0,0,low_frequency_random,19
6.7850000000000001,-0.028634595529751353,0,0,low_frequency_random,19
6.79,-0.11564186268215028,0,0,low_frequency_random,19
6.7949999999999999,0.020987085668402128,0,0,low_frequency_random,19
6.7999999999999998,0.12279870510643767,0,0,low_frequency_random,19
6.8049999999999997,0.15147722041586889,0,0,low_frequency_random,19
6.8100000000000005,0.28643093889972171,0,0,low_frequency_random,19
6.8150000000000004,0.40455432572211031,0,0,low_frequency_random,19
6.8200000000000003,0.28115866438409798,0,0,low_frequency_random,19
6.8250000000000002,0.25981842474781314,0,0,low_frequency_random,19
6.8300000000000001,0.3247217096696916,0,0,low_frequency_random,19
6.835,0.4468200545968915,0,0,low_frequency_random,19
6.8399999999999999,0.53975031823087916,0,0,low_frequency_random,19
6.8449999999999998,0.59180417314206468,0,0,low_frequency_random,19
6.8500000000000005,0.39419682272372603,0,0,low_frequency_random,19
6.8550000000000004,0.40516650131298615,0,0,low_frequency_random,19
6.8600000000000003,0.24902683102600962,0,0,low_frequency_random,19
6.8650000000000002,0.24233604284000906,0,0,low_frequency_random,19
6.8700000000000001,0.17230972988812626,0,0,low_frequency_random,19
6.875,0.16496531027486336,0,0,low_frequency_random,19
6.8799999999999999,0.20840803321344248,0,0,low_frequency_random,19
6.8849999999999998,0.28682534743020549,0,0,low_frequency_random,19
6.8900000000000006,0.34307695447177528,0,0,low_frequency_random,19
6.8950000000000005,0.41791110978614737,0,0,low_frequency_random,19
6.9000000000000004,0.43329120744113514,0,0,low_frequency_random,19
6.9050000000000002,0.39879392226488292,0,0,low_frequency_random,19
6.9100000000000001,0.47621383722130656,0,0,low_frequency_random,19
6.915,0.4890008706503956,0,0,low_frequency_random,19
6.9199999999999999,0.5372498940948659,0,0,low_frequency_random,19
6.9249999999999998,0.47129651050187005,0,0,low_frequency_random,19
6.9299999999999997,0.5714606929111159,0,0,low_frequency_random,19
6.9350000000000005,0.65748424877342848,0,0,low_frequency_random,19
6.9400000000000004,0.58052400767403989,0,0,low_frequency_random,19
6.9450000000000003,0.52389973322004424,0,0,low_frequency_random,19
6.9500000000000002,0.53173405616538716,0,0,low_frequency_random,19
6.9550000000000001,0.40712822497376877,0,0,low_frequency_random,19
6.96,0.52404781364174169,0,0,low_frequency_random,19
6.9649999999999999,0.51041764700082282,0,0,low_frequency_random,19
6.9699999999999998,0.5281863721552329,0,0,low_frequency_random,19
6.9750000000000005,0.47890416049308293,0,0,low_frequency_random,19
6.9800000000000004,0.53741097365748891,0,0,low_frequency_random,19
6.9850000000000003,0.65555930116898398,0,0,low_frequency_random,19
6.9900000000000002,0.54040906661708532,0,0,low_frequency_random,19
6.9950000000000001,0.60495936693563923,0,0,low_frequency_random,19
7,0.76136349649024426,0,0,low_frequency_random,19
7.0049999999999999,0.68618367273834679,0,0,low_frequency_random,19
7.0099999999999998,0.69948490435437782,0,0,low_frequency_random,19
7.0150000000000006,0.74821911432572041,0,0,low_frequency_random,19
7.0200000000000005,0.76937538104323044,0,0,low_frequency_random,19
7.0250000000000004,0.82744201632350844,0,0,low_frequency_random,19
7.0300000000000002,0.7074712164769219,0,0,low_frequency_random,19
7.0350000000000001,0.78489312714256931,0,0,low_frequency_random,19
7.04,0.78019974353233279,0,0,low_frequency_random,19
7.0449999999999999,0.61117376101640664,0,0,low_frequency_random,19
7.0499999999999998,0.68189456191846343,0,0,low_frequency_random,19
7.0549999999999997,0.75981057748162928,0,0,low_frequency_random,19
7.0600000000000005,0.70333007752670895,0,0,low_frequency_random,19
7.0650000000000004,0.66949795537800794,0,0,low_frequency_random,19
7.0700000000000003,0.58867979421632699,0,0,low_frequency_random,19
7.0750000000000002,0.44218159204108887,0,0,low_frequency_random,19
7.0800000000000001,0.26407183768948173,0,0,low_frequency_random,19
7.085,0.27735714888140922,0,0,low_frequency_random,19
7.0899999999999999,0.27602851139916279,0,0,low_frequency_random,19
7.0949999999999998,0.17402458678097438,0,0,low_frequency_random,19
7.1000000000000005,0.071204792697995359,0,0,low_frequency_random,19
7.1050000000000004,0.096744151947704901,0,0,low_frequency_random,19
7.1100000000000003,-0.034777807217407489,0,0,low_frequency_random,19
7.1150000000000002,-0.040934800329136878,0,0,low_frequency_random,19
7.1200000000000001,0.024855843569367569,0,0,low_frequency_random,19
7.125,-0.070202272020304754,0,0,low_frequency_random,19
7.1299999999999999,-0.2296748907244956,0,0,low_frequency_random,19
7.1349999999999998,-0.19723497211095817,0,0,low_frequency_random,19
7.1400000000000006,-0.19423897367193402,0,0,low_frequency_random,19
7.1450000000000005,-0.032181413879553311,0,0,low_frequency_random,19
7.1500000000000004,-0.12365443685812672,0,0,low_frequency_random,19
7.1550000000000002,0.00021646069535816159,0,0,low_frequency_random,19
7.1600000000000001,-0.079696462014331143,0,0,low_frequency_random,19
7.165,-0.020909008413983472,0,0,low_frequency_random,19
7.1699999999999999,-0.026329724459931217,0,0,low_frequency_random,19
7.1749999999999998,0.038432747203771163,0,0,low_frequency_random,19
7.1799999999999997,0.091644763976648877,0,0,low_frequency_random,19
7.1850000000000005,0.015891246006361742,0,0,low_frequency_random,19
7.1900000000000004,-0.032073543790540657,0,0,low_frequency_random,19
7.1950000000000003,0.050105700208784479,0,0,low_frequency_random,19
7.2000000000000002,0.099666015923742357,0,0,low_frequency_random,19
7.2050000000000001,0.03669090391940856,0,0,low_frequency_random,19
7.21,0.016180453160207164,0,0,low_frequency_random,19
7.2149999999999999,-0.03525298601320398,0,0,low_frequency_random,19
7.2199999999999998,-0.064677143085531755,0,0,low_frequency_random,19
7.2250000000000005,-0.064149677100275249,0,0,low_frequency_random,19
7.2300000000000004,-0.10755313640368259,0,0,low_frequency_random,19
7.2350000000000003,-0.15226953969743412,0,0,low_frequency_random,19
7.2400000000000002,-0.0079697445570985626,0,0,low_frequency_random,19
7.2450000000000001,-0.044157562225245875,0,0,low_frequency_random,19
7.25,0.05503311657912853,0,0,low_frequency_random,19
7.2549999999999999,-0.0084310778139451911,0,0,low_frequency_random,19
7.2599999999999998,-0.099491071133043882,0,0,low_frequency_random,19
7.2650000000000006,-0.030246126419894742,0,0,low_frequency_random,19
7.2700000000000005,0.0085950170410854822,0,0,low_frequency_random,19
7.2750000000000004,0.035077038286293535,0,0,low_frequency_random,19
7.2800000000000002,0.14034078986498275,0,0,low_frequency_random,19
7.2850000000000001,0.087563094139014128,0,0,low_frequency_random,19
7.29,0.18888808234105098,0,0,low_frequency_random,19
7.2949999999999999,0.34402851423996406,0,0,low_frequency_random,19
7.2999999999999998,0.35013933508516443,0,0,low_frequency_random,19
7.3049999999999997,0.56246430109851808,0,0,low_frequency_random,19
7.3100000000000005,0.60859624494541953,0,0,low_frequency_random,19
7.3150000000000004,0.56149933331313129,0,0,low_frequency_random,19
7.3200000000000003,0.54373843250956877,0,0,low_frequency_random,19
7.3250000000000002,0.52874246972077443,0,0,low_frequency_random,19
7.3300000000000001,0.45112528344189251,0,0,low_frequency_random,19
7.335,0.62058932605002548,0,0,low_frequency_random,19
7.3399999999999999,0.65245475325391489,0,0,low_frequency_random,19
7.3449999999999998,0.73647287586171517,0,0,low_frequency_random,19
7.3500000000000005,0.76128580192427708,0,0,low_frequency_random,19
7.3550000000000004,0.83481526158586139,0,0,low_frequency_random,19
7.3600000000000003,0.83472764985935377,0,0,low_frequency_random,19
7.3650000000000002,0.86514269563369695,0,0,low_frequency_random,19
7.3700000000000001,0.85375117772816311,0,0,low_frequency_random,19
7.375,0.87839168410548074,0,0,low_frequency_random,19
7.3799999999999999,0.81393202815038568,0,0,low_frequency_random,19
7.3849999999999998,0.72551743923941814,0,0,low_frequency_random,19
7.3900000000000006,0.61046295108940851,0,0,low_frequency_random,19
7.3950000000000005,0.61147747871660274,0,0,low_frequency_random,19
7.4000000000000004,0.56029965793972047,0,0,low_frequency_random,19
7.4050000000000002,0.50866764228938655,0,0,low_frequency_random,19
7.4100000000000001,0.66844709386854073,0,0,low_frequency_random,19
7.415,0.7070001518455411,0,0,low_frequency_random,19
7.4199999999999999,0.80324998694352323,0,0,low_frequency_random,19
7.4249999999999998,0.87215896324934561,0,0,low_frequency_random,19
7.4299999999999997,0.78563025523879393,0,0,low_frequency_random,19
7.4350000000000005,0.82463865189609087,0,0,low_frequency_random,19
7.4400000000000004,0.94072624000631122,0,0,low_frequency_random,19
7.4450000000000003,0.92813202357966884,0,0,low_frequency_random,19
7.4500000000000002,0.85065376618202926,0,0,low_frequency_random,19
7.4550000000000001,0.68259777404582389,0,0,low_frequency_random,19
7.46,0.59985591272346339,0,0,low_frequency_random,19
7.4649999999999999,0.58831198436194343,0,0,low_frequency_random,19
7.4699999999999998,0.60161978550127593,0,0,low_frequency_random,19
7.4750000000000005,0.54456595373387018,0,0,low_frequency_random,19
7.4800000000000004,0.45260653717405347,0,0,low_frequency_random,19
7.4850000000000003,0.50518974287225404,0,0,low_frequency_random,19
7.4900000000000002,0.51697283898884427,0,0,low_frequency_random,19
7.4950000000000001,0.58389521209863582,0,0,low_frequency_random,19
7.5,0.63919972115906609,0,0,low_frequency_random,19
7.5049999999999999,0.67497134194307773,0,0,low_frequency_random,19
7.5099999999999998,0.60425793337458633,0,0,low_frequency_random,19
7.5150000000000006,0.47513634969893825,0,0,low_frequency_random,19
7.5200000000000005,0.46170956975045674,0,0,low_frequency_random,19
7.5250000000000004,0.38962147907023598,0,0,low_frequency_random,19
7.5300000000000002,0.28700840276939882,0,0,low_frequency_random,19
7.5350000000000001,0.24087073826800123,0,0,low_frequency_random,19
7.54,0.2535100741764858,0,0,low_frequency_random,19
7.5449999999999999,0.17197298493115776,0,0,low_frequency_random,19
7.5499999999999998,0.23947804103825915,0,0,low_frequency_random,19
7.5549999999999997,0.27438806368760138,0,0,low_frequency_random,19
7.5600000000000005,0.26584757144022764,0,0,low_frequency_random,19
7.5650000000000004,0.24692600797206365,0,0,low_frequency_random,19
7.5700000000000003,0.23019509399709775,0,0,low_frequency_random,19
7.5750000000000002,0.27630359327338777,0,0,low_frequency_random,19
7.5800000000000001,0.20074828995758881,0,0,low_frequency_random,19
7.585,0.20874214399099722,0,0,low_frequency_random,19
7.5899999999999999,0.23946387522409274,0,0,low_frequency_random,19
7.5949999999999998,0.23338427374913875,0,0,low_frequency_random,19
7.6000000000000005,0.39409061553893648,0,0,low_frequency_random,19
7.6050000000000004,0.32202325493593187,0,0,low_frequency_random,19
7.6100000000000003,0.3672558608611472,0,0,low_frequency_random,19
7.6150000000000002,0.45774739117648605,0,0,low_frequency_random,19
7.6200000000000001,0.38656853090279319,0,0,low_frequency_random,19
7.625,0.46355581433880799,0,0,low_frequency_random,19
7.6299999999999999,0.52291801993827469,0,0,low_frequency_random,19
7.6349999999999998,0.6027000875996904,0,0,low_frequency_random,19
7.6400000000000006,0.6186942610224796,0,0,low_frequency_random,19
7.6450000000000005,0.65439424861303663,0,0,low_frequency_random,19
7.6500000000000004,0.67366634446712004,0,0,low_frequency_random,19
7.6550000000000002,0.68436252846182244,0,0,low_frequency_random,19
7.6600000000000001,0.60665633417200293,0,0,low_frequency_random,19
7.665,0.66447946304997074,0,0,low_frequency_random,19
7.6699999999999999,0.69865660458881251,0,0,low_frequency_random,19
7.6749999999999998,0.58869766460838524,0,0,low_frequency_random,19
7.6799999999999997,0.53143553355852735,0,0,low_frequency_random,19
7.6850000000000005,0.44737581031538104,0,0,low_frequency_random,19
7.6900000000000004,0.67724938270699642,0,0,low_frequency_random,19
7.6950000000000003,0.63056250853724927,0,0,low_frequency_random,19
7.7000000000000002,0.58936765886652132,0,0,low_frequency_random,19
7.7050000000000001,0.51667259025045609,0,0,low_frequency_random,19
7.71,0.42889638098693716,0,0,low_frequency_random,19
7.7149999999999999,0.4565523903032872,0,0,low_frequency_random,19
7.7199999999999998,0.49314056290033548,0,0,low_frequency_random,19
7.7250000000000005,0.4740920812568537,0,0,low_frequency_random,19
7.7300000000000004,0.32804835612381861,0,0,low_frequency_random,19
7.7350000000000003,0.41015243247087957,0,0,low_frequency_random,19
7.7400000000000002,0.41548106511207028,0,0,low_frequency_random,19
7.7450000000000001,0.45688896152952069,0,0,low_frequency_random,19
7.75,0.43550366229091803,0,0,low_frequency_random,19
7.7549999999999999,0.36844731334432845,0,0,low_frequency_random,19
7.7599999999999998,0.40547651681700642,0,0,low_frequency_random,19
7.7650000000000006,0.34725819325240809,0,0,low_frequency_random,19
7.7700000000000005,0.42717416797564317,0,0,low_frequency_random,19
7.7750000000000004,0.26173095330040674,0,0,low_frequency_random,19
7.7800000000000002,0.22569742039167465,0,0,low_frequency_random,19
7.7850000000000001,0.0942865441786431,0,0,low_frequency_random,19
7.79,0.12843834894588069,0,0,low_frequency_random,19
7.7949999999999999,0.14560781461254552,0,0,low_frequency_random,19
7.7999999999999998,0.089199797029884592,0,0,low_frequency_random,19
7.8050000000000006,0.060224624910500221,0,0,low_frequency_random,19
7.8100000000000005,0.0072936815479855213,0,0,low_frequency_random,19
7.8150000000000004,-0.0058073352257351349,0,0,low_frequency_random,19
7.8200000000000003,0.056836800914958151,0,0,low_frequency_random,19
7.8250000000000002,0.015195123915817954,0,0,low_frequency_random,19
7.8300000000000001,-0.064329746248076233,0,0,low_frequency_random,19
7.835,-0.058604404737709885,0,0,low_frequency_random,19
7.8399999999999999,-0.16582900710629681,0,0,low_frequency_random,19
7.8449999999999998,-0.11385278036019966,0,0,low_frequency_random,19
7.8500000000000005,-0.083736510209272155,0,0,low_frequency_random,19
7.8550000000000004,-0.1882602477256988,0,0,low_frequency_random,19
7.8600000000000003,-0.15482629913251741,0,0,low_frequency_random,19
7.8650000000000002,-0.19694527433323544,0,0,low_frequency_random,19
7.8700000000000001,-0.11944365411997844,0,0,low_frequency_random,19
7.875,-0.11177091236671198,0,0,low_frequency_random,19
7.8799999999999999,-0.16476547766100202,0,0,low_frequency_random,19
7.8849999999999998,-0.11785790278658168,0,0,low_frequency_random,19
7.8900000000000006,-0.16533802194225428,0,0,low_frequency_random,19
7.8950000000000005,-0.19548906453228709,0,0,low_frequency_random,19
7.9000000000000004,-0.21240622979483917,0,0,low_frequency_random,19
7.9050000000000002,-0.24777620083747331,0,0,low_frequency_random,19
7.9100000000000001,-0.18731158584374916,0,0,low_frequency_random,19
7.915,-0.27477523656799296,0,0,low_frequency_random,19
7.9199999999999999,-0.30123490938751091,0,0,low_frequency_random,19
7.9249999999999998,-0.25201884493276894,0,0,low_frequency_random,19
7.9300000000000006,-0.29317533793024109,0,0,low_frequency_random,19
7.9350000000000005,-0.19818988278669653,0,0,low_frequency_random,19
7.9400000000000004,-0.16922620321605175,0,0,low_frequency_random,19
7.9450000000000003,-0.19230952542992283,0,0,low_frequency_random,19
7.9500000000000002,-0.15379197981386308,0,0,low_frequency_random,19
7.9550000000000001,-0.28887276702018472,0,0,low_frequency_random,19
7.96,-0.2489075604600253,0,0,low_frequency_random,19
7.9649999999999999,-0.18632825241222123,0,0,low_frequency_random,19
7.9699999999999998,-0.16306257393787107,0,0,low_frequency_random,19
7.9750000000000005,-0.21560037326516729,0,0,low_frequency_random,19
7.9800000000000004,-0.29498806644626352,0,0,low_frequency_random,19
7.9850000000000003,-0.23559612574856953,0,0,low_frequency_random,19
7.9900000000000002,-0.18836345642662986,0,0,low_frequency_random,19
7.9950000000000001,-0.098059303089218272,0,0,low_frequency_random,19
8,-0.1505597294700155,0,0,low_frequency_random,19
8.0050000000000008,-0.19995030886779136,0,0,low_frequency_random,19
8.0099999999999998,-0.25044479066282943,0,0,low_frequency_random,19
8.0150000000000006,-0.29131973863081823,0,0,low_frequency_random,19
8.0199999999999996,-0.1771561705903274,0,0,low_frequency_random,19
8.0250000000000004,-0.17449536202604188,0,0,low_frequency_random,19
8.0299999999999994,-0.09264389818098509,0,0,low_frequency_random,19
8.0350000000000001,-0.12736077169904939,0,0,low_frequency_random,19
8.0400000000000009,-0.1979023297339452,0,0,low_frequency_random,19
8.0449999999999999,-0.36328123866420936,0,0,low_frequency_random,19
8.0500000000000007,-0.39224970175753066,0,0,low_frequency_random,19
8.0549999999999997,-0.29110342477839923,0,0,low_frequency_random,19
8.0600000000000005,-0.41164706518338839,0,0,low_frequency_random,19
8.0649999999999995,-0.42124198525903678,0,0,low_frequency_random,19
8.0700000000000003,-0.44356526048738837,0,0,low_frequency_random,19
8.0749999999999993,-0.55205870277440616,0,0,low_frequency_random,19
8.0800000000000001,-0.57923212254875989,0,0,low_frequency_random,19
8.0850000000000009,-0.54844419304401859,0,0,low_frequency_random,19
8.0899999999999999,-0.48701385475578485,0,0,low_frequency_random,19
8.0950000000000006,-0.48965954584692872,0,0,low_frequency_random,19
8.0999999999999996,-0.44178790065950196,0,0,low_frequency_random,19
8.1050000000000004,-0.35491075915349446,0,0,low_frequency_random,19
8.1099999999999994,-0.41681411741050634,0,0,low_frequency_random,19
8.1150000000000002,-0.60605486621358517,0,0,low_frequency_random,19
8.120000000000001,-0.58737233428658087,0,0,low_frequency_random,19
8.125,-0.56193790158347967,0,0,low_frequency_random,19
8.1300000000000008,-0.61850539689034001,0,0,low_frequency_random,19
8.1349999999999998,-0.74490140295808205,0,0,low_frequency_random,19
8.1400000000000006,-0.8047536947317212,0,0,low_frequency_random,19
8.1449999999999996,-0.74394115296224983,0,0,low_frequency_random,19
8.1500000000000004,-0.71910885294757076,0,0,low_frequency_random,19
8.1549999999999994,-0.67765852889424505,0,0,low_frequency_random,19
8.1600000000000001,-0.69994400957964409,0,0,low_frequency_random,19
8.1650000000000009,-0.71711030314954827,0,0,low_frequency_random,19
8.1699999999999999,-0.79640808383636807,0,0,low_frequency_random,19
8.1750000000000007,-0.71740260690945545,0,0,low_frequency_random,19
8.1799999999999997,-0.77453791752612433,0,0,low_frequency_random,19
8.1850000000000005,-0.70760282713175482,0,0,low_frequency_random,19
8.1899999999999995,-0.76598906274044276,0,0,low_frequency_random,19
8.1950000000000003,-0.71176028131464775,0,0,low_frequency_random,19
8.1999999999999993,-0.61739679803497671,0,0,low_frequency_random,19
8.2050000000000001,-0.62385406556290535,0,0,low_frequency_random,19
8.2100000000000009,-0.69593085526126164,0,0,low_frequency_random,19
8.2149999999999999,-0.74736663655134106,0,0,low_frequency_random,19
8.2200000000000006,-0.81364867967435051,0,0,low_frequency_random,19
8.2249999999999996,-0.73628902761010295,0,0,low_frequency_random,19
8.2300000000000004,-0.65756768709322055,0,0,low_frequency_random,19
8.2349999999999994,-0.68630874321125546,0,0,low_frequency_random,19
8.2400000000000002,-0.69454308984776536,0,0,low_frequency_random,19
8.245000000000001,-0.7405242307949117,0,0,low_frequency_random,19
8.25,-0.58219059937270157,0,0,low_frequency_random,19
8.2550000000000008,-0.60942493298984002,0,0,low_frequency_random,19
8.2599999999999998,-0.60266433040275169,0,0,low_frequency_random,19
8.2650000000000006,-0.65228227025913943,0,0,low_frequency_random,19
8.2699999999999996,-0.73830714962733202,0,0,low_frequency_random,19
8.2750000000000004,-0.78164796334735742,0,0,low_frequency_random,19
8.2799999999999994,-0.76912260986951664,0,0,low_frequency_random,19
8.2850000000000001,-0.76705517710380844,0,0,low_frequency_random,19
8.2900000000000009,-0.83322157828351395,0,0,low_frequency_random,19
8.2949999999999999,-0.85429490429984711,0,0,low_frequency_random,19
8.3000000000000007,-0.76864442957659806,0,0,low_frequency_random,19
8.3049999999999997,-0.74435195163648316,0,0,low_frequency_random,19
8.3100000000000005,-0.82043746166589271,0,0,low_frequency_random,19
8.3149999999999995,-0.82636358596719051,0,0,low_frequency_random,19
8.3200000000000003,-0.87385593734130163,0,0,low_frequency_random,19
8.3249999999999993,-0.79695414298110001,0,0,low_frequency_random,19
8.3300000000000001,-0.89800673903354722,0,0,low_frequency_random,19
8.3350000000000009,-0.87585308628426062,0,0,low_frequency_random,19
8.3399999999999999,-0.91838432484482213,0,0,low_frequency_random,19
8.3450000000000006,-0.80593850209314088,0,0,low_frequency_random,19
8.3499999999999996,-0.81012492701601213,0,0,low_frequency_random,19
8.3550000000000004,-0.7268285649152082,0,0,low_frequency_random,19
8.3599999999999994,-0.82079336299683114,0,0,low_frequency_random,19
8.3650000000000002,-0.86099681501401482,0,0,low_frequency_random,19
8.370000000000001,-0.68350708616821532,0,0,low_frequency_random,19
8.375,-0.73223070204989626,0,0,low_frequency_random,19
8.3800000000000008,-0.69834440884784532,0,0,low_frequency_random,19
8.3849999999999998,-0.64727619400965297,0,0,low_frequency_random,19
8.3900000000000006,-0.7173320128880043,0,0,low_frequency_random,19
8.3949999999999996,-0.79525915564228833,0,0,low_frequency_random,19
8.4000000000000004,-0.8107307755864761,0,0,low_frequency_random,19
8.4049999999999994,-0.72890597270238433,0,0,low_frequency_random,19
8.4100000000000001,-0.71859009453382605,0,0,low_frequency_random,19
8.4150000000000009,-0.82491297339846414,0,0,low_frequency_random,19
8.4199999999999999,-0.82517466693135777,0,0,low_frequency_random,19
8.4250000000000007,-0.77037355171433997,0,0,low_frequency_random,19
8.4299999999999997,-0.78134179836777362,0,0,low_frequency_random,19
8.4350000000000005,-0.89528744334901755,0,0,low_frequency_random,19
8.4399999999999995,-1.012303666877608,0,0,low_frequency_random,19
8.4450000000000003,-0.90811769052595159,0,0,low_frequency_random,19
8.4499999999999993,-0.76112030073602166,0,0,low_frequency_random,19
8.4550000000000001,-0.74360204855130474,0,0,low_frequency_random,19
8.4600000000000009,-0.85018230941643125,0,0,low_frequency_random,19
8.4649999999999999,-0.93837848998515327,0,0,low_frequency_random,19
8.4700000000000006,-0.93940743451448172,0,0,low_frequency_random,19
8.4749999999999996,-0.9249307851775731,0,0,low_frequency_random,19
8.4800000000000004,-0.8882531644079994,0,0,low_frequency_random,19
8.4849999999999994,-0.86681175494529272,0,0,low_frequency_random,19
8.4900000000000002,-0.84911123383424358,0,0,low_frequency_random,19
8.495000000000001,-0.82215600998903315,0,0,low_frequency_random,19
8.5,-0.74156144202188345,0,0,low_frequency_random,19
8.5050000000000008,-0.55748315429516504,0,0,low_frequency_random,19
8.5099999999999998,-0.50604436065732217,0,0,low_frequency_random,19
8.5150000000000006,-0.45400731330180705,0,0,low_frequency_random,19
8.5199999999999996,-0.56271798322011124,0,0,low_frequency_random,19
8.5250000000000004,-0.53253413751058354,0,0,low_frequency_random,19
8.5299999999999994,-0.57996095556484062,0,0,low_frequency_random,19
8.5350000000000001,-0.5495849850543969,0,0,low_frequency_random,19
8.5400000000000009,-0.67974044180888549,0,0,low_frequency_random,19
8.5449999999999999,-0.70892667630299189,0,0,low_frequency_random,19
8.5500000000000007,-0.58040420368746737,0,0,low_frequency_random,19
8.5549999999999997,-0.45694857236035591,0,0,low_frequency_random,19
8.5600000000000005,-0.51493009452222227,0,0,low_frequency_random,19
8.5649999999999995,-0.46794779034006895,0,0,low_frequency_random,19
8.5700000000000003,-0.49677748731677829,0,0,low_frequency_random,19
8.5750000000000011,-0.49445106708438968,0,0,low_frequency_random,19
8.5800000000000001,-0.56785415376252113,0,0,low_frequency_random,19
8.5850000000000009,-0.52763718695220396,0,0,low_frequency_random,19
8.5899999999999999,-0.3774585659443277,0,0,low_frequency_random,19
8.5950000000000006,-0.24642958009112001,0,0,low_frequency_random,19
8.5999999999999996,-0.17424517604918383,0,0,low_frequency_random,19
8.6050000000000004,-0.24396901574163657,0,0,low_frequency_random,19
8.6099999999999994,-0.37999924709667449,0,0,low_frequency_random,19
8.6150000000000002,-0.37609356318010273,0,0,low_frequency_random,19
8.620000000000001,-0.33767817912698722,0,0,low_frequency_random,19
8.625,-0.23460815325293988,0,0,low_frequency_random,19
8.6300000000000008,-0.22442476588802476,0,0,low_frequency_random,19
8.6349999999999998,-0.15161625364829895,0,0,low_frequency_random,19
8.6400000000000006,-0.20171048259408986,0,0,low_frequency_random,19
8.6449999999999996,-0.21234666812438602,0,0,low_frequency_random,19
8.6500000000000004,-0.3004473284818982,0,0,low_frequency_random,19
8.6549999999999994,-0.16617780229799142,0,0,low_frequency_random,19
8.6600000000000001,-0.17433039825367938,0,0,low_frequency_random,19
8.6650000000000009,-0.232024394743053,0,0,low_frequency_random,19
8.6699999999999999,-0.35329595212973541,0,0,low_frequency_random,19
8.6750000000000007,-0.29515580593129714,0,0,low_frequency_random,19
8.6799999999999997,-0.21858577119468769,0,0,low_frequency_random,19
8.6850000000000005,-0.15207728457641245,0,0,low_frequency_random,19
8.6899999999999995,-0.24750480709272729,0,0,low_frequency_random,19
8.6950000000000003,-0.20184188180093532,0,0,low_frequency_random,19
8.7000000000000011,-0.20197058436082702,0,0,low_frequency_random,19
8.7050000000000001,-0.24727881178862268,0,0,low_frequency_random,19
8.7100000000000009,-0.28643489990750187,0,0,low_frequency_random,19
8.7149999999999999,-0.31366666579072294,0,0,low_frequency_random,19
8.7200000000000006,-0.30494970067997129,0,0,low_frequency_random,19
8.7249999999999996,-0.28687937875292502,0,0,low_frequency_random,19
8.7300000000000004,-0.33711622393850149,0,0,low_frequency_random,19
8.7349999999999994,-0.2470139566571245,0,0,low_frequency_random,19
8.7400000000000002,-0.22075353078186963,0,0,low_frequency_random,19
8.745000000000001,-0.20890722935110553,0,0,low_frequency_random,19
8.75,-0.21648795162632339,0,0,low_frequency_random,19
8.7550000000000008,-0.17468063333368017,0,0,low_frequency_random,19
8.7599999999999998,-0.045847228703795428,0,0,low_frequency_random,19
8.7650000000000006,0.021964774899727327,0,0,low_frequency_random,19
8.7699999999999996,-0.088405965890256746,0,0,low_frequency_random,19
8.7750000000000004,-0.15047548414763065,0,0,low_frequency_random,19
8.7799999999999994,-0.063000503136572822,0,0,low_frequency_random,19
8.7850000000000001,-0.014931559600519784,0,0,low_frequency_random,19
8.7900000000000009,0.035138589110327557,0,0,low_frequency_random,19
8.7949999999999999,0.1249651499092162,0,0,low_frequency_random,19
8.8000000000000007,0.16686211248394803,0,0,low_frequency_random,19
8.8049999999999997,0.088815083056469943,0,0,low_frequency_random,19
8.8100000000000005,0.093560940076394178,0,0,low_frequency_random,19
8.8149999999999995,0.15009068933257641,0,0,low_frequency_random,19
8.8200000000000003,0.20167568518872631,0,0,low_frequency_random,19
8.8250000000000011,0.26920252786689036,0,0,low_frequency_random,19
8.8300000000000001,0.13588968578255711,0,0,low_frequency_random,19
8.8350000000000009,0.20393746611956037,0,0,low_frequency_random,19
8.8399999999999999,0.19593100129048382,0,0,low_frequency_random,19
8.8450000000000006,0.15271243684574326,0,0,low_frequency_random,19
8.8499999999999996,0.1921043454867335,0,0,low_frequency_random,19
8.8550000000000004,0.34846266039228502,0,0,low_frequency_random,19
8.8599999999999994,0.37712950449744276,0,0,low_frequency_random,19
8.8650000000000002,0.30044042633685919,0,0,low_frequency_random,19
8.870000000000001,0.35463224532301807,0,0,low_frequency_random,19
8.875,0.42136864769859839,0,0,low_frequency_random,19
8.8800000000000008,0.31931460452593818,0,0,low_frequency_random,19
8.8849999999999998,0.31961853303004478,0,0,low_frequency_random,19
8.8900000000000006,0.30220814039994898,0,0,low_frequency_random,19
8.8949999999999996,0.2832646521532281,0,0,low_frequency_random,19
8.9000000000000004,0.19002280243714897,0,0,low_frequency_random,19
8.9049999999999994,0.15194018904231399,0,0,low_frequency_random,19
8.9100000000000001,0.16604499518013421,0,0,low_frequency_random,19
8.9150000000000009,0.19879849611948955,0,0,low_frequency_random,19
8.9199999999999999,0.28567715293941942,0,0,low_frequency_random,19
8.9250000000000007,0.2826817499313668,0,0,low_frequency_random,19
8.9299999999999997,0.37847705946741045,0,0,low_frequency_random,19
8.9350000000000005,0.44147606647456594,0,0,low_frequency_random,19
8.9399999999999995,0.42171166704205904,0,0,low_frequency_random,19
8.9450000000000003,0.46681286949206763,0,0,low_frequency_random,19
8.9500000000000011,0.58663046096967797,0,0,low_frequency_random,19
8.9550000000000001,0.47771716540389819,0,0,low_frequency_random,19
8.9600000000000009,0.4513060857002259,0,0,low_frequency_random,19
8.9649999999999999,0.46137431747867003,0,0,low_frequency_random,19
8.9700000000000006,0.53003708417173057,0,0,low_frequency_random,19
8.9749999999999996,0.44822694094354226,0,0,low_frequency_random,19
8.9800000000000004,0.45339004355435975,0,0,low_frequency_random,19
8.9849999999999994,0.41945442123373622,0,0,low_frequency_random,19
8.9900000000000002,0.35081773796332683,0,0,low_frequency_random,19
8.995000000000001,0.43639430105431803,0,0,low_frequency_random,19
9,0.4760381408866719,0,0,low_frequency_random,19
9.0050000000000008,0.39632449216217092,0,0,low_frequency_random,19
9.0099999999999998,0.39170232753051115,0,0,low_frequency_random,19
9.0150000000000006,0.33510466827308505,0,0,low_frequency_random,19
9.0199999999999996,0.21798874487418049,0,0,low_frequency_random,19
9.0250000000000004,0.29172697013084137,0,0,low_frequency_random,19
9.0299999999999994,0.34890319762334848,0,0,low_frequency_random,19
9.0350000000000001,0.38265891343180908,0,0,low_frequency_random,19
9.0400000000000009,0.38198661481420437,0,0,low_frequency_random,19
9.0449999999999999,0.418025014598853,0,0,low_frequency_random,19
9.0500000000000007,0.38251913117084385,0,0,low_frequency_random,19
9.0549999999999997,0.23671515691341871,0,0,low_frequency_random,19
9.0600000000000005,0.21389252926358548,0,0,low_frequency_random,19
9.0649999999999995,0.32332005205826514,0,0,low_frequency_random,19
9.0700000000000003,0.27313309733145186,0,0,low_frequency_random,19
9.0750000000000011,0.29874641936036467,0,0,low_frequency_random,19
9.0800000000000001,0.21123803002464286,0,0,low_frequency_random,19
9.0850000000000009,0.33506752134137319,0,0,low_frequency_random,19
9.0899999999999999,0.25778320789483206,0,0,low_frequency_random,19
9.0950000000000006,0.24229552395064022,0,0,low_frequency_random,19
9.0999999999999996,0.17306491398373358,0,0,low_frequency_random,19
9.1050000000000004,0.13936947022089241,0,0,low_frequency_random,19
9.1099999999999994,0.22496916422868418,0,0,low_frequency_random,19
9.1150000000000002,0.13746938305355616,0,0,low_frequency_random,19
9.120000000000001,0.033038544574322523,0,0,low_frequency_random,19
9.125,-0.13350312804577075,0,0,low_frequency_random,19
9.1300000000000008,-0.25608275396137919,0,0,low_frequency_random,19
9.1349999999999998,-0.13958034072403908,0,0,low_frequency_random,19
9.1400000000000006,-0.23410030572376289,0,0,low_frequency_random,19
9.1449999999999996,-0.14985539440409498,0,0,low_frequency_random,19
9.1500000000000004,-0.19903103274390455,0,0,low_frequency_random,19
9.1549999999999994,-0.25359897753424521,0,0,low_frequency_random,19
9.1600000000000001,-0.27690854782507729,0,0,low_frequency_random,19
9.1650000000000009,-0.30443383962061488,0,0,low_frequency_random,19
9.1699999999999999,-0.47480832307692,0,0,low_frequency_random,19
9.1750000000000007,-0.52646822300823704,0,0,low_frequency_random,19
9.1799999999999997,-0.52529183185604567,0,0,low_frequency_random,19
9.1850000000000005,-0.63352265492213622,0,0,low_frequency_random,19
9.1899999999999995,-0.55170555616917261,0,0,low_frequency_random,19
9.1950000000000003,-0.5222126970137555,0,0,low_frequency_random,19
9.2000000000000011,-0.51478922319250087,0,0,low_frequency_random,19
9.2050000000000001,-0.44019656908404181,0,0,low_frequency_random,19
9.2100000000000009,-0.39214878479995874,0,0,low_frequency_random,19
9.2149999999999999,-0.44919949624259414,0,0,low_frequency_random,19
9.2200000000000006,-0.39973599302254309,0,0,low_frequency_random,19
9.2249999999999996,-0.52599080175584012,0,0,low_frequency_random,19
9.2300000000000004,-0.47719008730952456,0,0,low_frequency_random,19
9.2349999999999994,-0.51567835938465245,0,0,low_frequency_random,19
9.2400000000000002,-0.45734373556852737,0,0,low_frequency_random,19
9.245000000000001,-0.39808461782526805,0,0,low_frequency_random,19
9.25,-0.37530594992721772,0,0,low_frequency_random,19
9.2550000000000008,-0.33138309602047389,0,0,low_frequency_random,19
9.2599999999999998,-0.19992341422780932,0,0,low_frequency_random,19
9.2650000000000006,-0.25603400047386349,0,0,low_frequency_random,19
9.2699999999999996,-0.14650006808271859,0,0,low_frequency_random,19
9.2750000000000004,-0.23381652239380296,0,0,low_frequency_random,19
9.2799999999999994,-0.24341575090621878,0,0,low_frequency_random,19
9.2850000000000001,-0.25489756562066046,0,0,low_frequency_random,19
9.2900000000000009,-0.2157515999566621,0,0,low_frequency_random,19
9.2949999999999999,-0.20956802364549329,0,0,low_frequency_random,19
9.3000000000000007,-0.10028839653264626,0,0,low_frequency_random,19
9.3049999999999997,-0.021192861962626902,0,0,low_frequency_random,19
9.3100000000000005,-0.0091772414864111397,0,0,low_frequency_random,19
9.3149999999999995,-0.037912007004371924,0,0,low_frequency_random,19
9.3200000000000003,-0.028204854300302281,0,0,low_frequency_random,19
9.3250000000000011,-0.33450720259865546,0,0,low_frequency_random,19
9.3300000000000001,-0.34021163193635989,0,0,low_frequency_random,19
9.3350000000000009,-0.25666168750616103,0,0,low_frequency_random,19
9.3399999999999999,-0.23637056852559557,0,0,low_frequency_random,19
9.3450000000000006,-0.23944385401830773,0,0,low_frequency_random,19
9.3499999999999996,-0.31306722898038886,0,0,low_frequency_random,19
9.3550000000000004,-0.33193255667859672,0,0,low_frequency_random,19
9.3599999999999994,-0.30252561739774986,0,0,low_frequency_random,19
9.3650000000000002,-0.43415554472452372,0,0,low_frequency_random,19
9.370000000000001,-0.39269664767590862,0,0,low_frequency_random,19
9.375,-0.43196913360784139,0,0,low_frequency_random,19
9.3800000000000008,-0.50667250328929425,0,0,low_frequency_random,19
9.3849999999999998,-0.52830870281919717,0,0,low_frequency_random,19
9.3900000000000006,-0.53769645449165182,0,0,low_frequency_random,19
9.3949999999999996,-0.57521630964427994,0,0,low_frequency_random,19
9.4000000000000004,-0.525928079752077,0,0,low_frequency_random,19
9.4049999999999994,-0.56082199752036055,0,0,low_frequency_random,19
9.4100000000000001,-0.57988095612356017,0,0,low_frequency_random,19
9.4150000000000009,-0.65130343797050716,0,0,low_frequency_random,19
9.4199999999999999,-0.59876424489994173,0,0,low_frequency_random,19
9.4250000000000007,-0.64080297343763626,0,0,low_frequency_random,19
9.4299999999999997,-0.68425689943002777,0,0,low_frequency_random,19
9.4350000000000005,-0.59793585731029553,0,0,low_frequency_random,19
9.4399999999999995,-0.5454444839141922,0,0,low_frequency_random,19
9.4450000000000003,-0.49651243809815016,0,0,low_frequency_random,19
9.4500000000000011,-0.52252460322881533,0,0,low_frequency_random,19
9.4550000000000001,-0.48561391899656797,0,0,low_frequency_random,19
9.4600000000000009,-0.44305381234891344,0,0,low_frequency_random,19
9.4649999999999999,-0.55442219978833229,0,0,low_frequency_random,19
9.4700000000000006,-0.58191266927279039,0,0,low_frequency_random,19
9.4749999999999996,-0.57335809747897726,0,0,low_frequency_random,19
9.4800000000000004,-0.67757277541128469,0,0,low_frequency_random,19
9.4849999999999994,-0.67715016011466089,0,0,low_frequency_random,19
9.4900000000000002,-0.64585813144355353,0,0,low_frequency_random,19
9.495000000000001,-0.74635648600839366,0,0,low_frequency_random,19
9.5,-0.58439242119824741,0,0,low_frequency_random,19
9.5050000000000008,-0.62765670902631887,0,0,low_frequency_random,19
9.5099999999999998,-0.57263331771623283,0,0,low_frequency_random,19
9.5150000000000006,-0.58355097935668854,0,0,low_frequency_random,19
9.5199999999999996,-0.60409697237425075,0,0,low_frequency_random,19
9.5250000000000004,-0.62063295642373528,0,0,low_frequency_random,19
9.5299999999999994,-0.5584468129856146,0,0,low_frequency_random,19
9.5350000000000001,-0.60407931910397616,0,0,low_frequency_random,19
9.5400000000000009,-0.64155834680175805,0,0,low_frequency_random,19
9.5449999999999999,-0.67269261443270401,0,0,low_frequency_random,19
9.5500000000000007,-0.74969322755364598,0,0,low_frequency_random,19
9.5549999999999997,-0.73851217186390972,0,0,low_frequency_random,19
9.5600000000000005,-0.79455837795758932,0,0,low_frequency_random,19
9.5649999999999995,-0.67578453654668591,0,0,low_frequency_random,19
9.5700000000000003,-0.73276629865978715,0,0,low_frequency_random,19
9.5750000000000011,-0.75020174930418393,0,0,low_frequency_random,19
9.5800000000000001,-0.60799056958401176,0,0,low_frequency_random,19
9.5850000000000009,-0.53965192145607455,0,0,low_frequency_random,19
9.5899999999999999,-0.51916944813267907,0,0,low_frequency_random,19
9.5950000000000006,-0.53686820670992563,0,0,low_frequency_random,19
9.5999999999999996,-0.64138204491373452,0,0,low_frequency_random,19
9.6050000000000004,-0.69158286688677917,0,0,low_frequency_random,19
9.6099999999999994,-0.62723650953400567,0,0,low_frequency_random,19
9.6150000000000002,-0.46974309130817526,0,0,low_frequency_random,19
9.620000000000001,-0.48217173029879234,0,0,low_frequency_random,19
9.625,-0.48720645128561185,0,0,low_frequency_random,19
9.6300000000000008,-0.37725463922016134,0,0,low_frequency_random,19
9.6349999999999998,-0.41466150414894276,0,0,low_frequency_random,19
9.6400000000000006,-0.49023379623940094,0,0,low_frequency_random,19
9.6449999999999996,-0.57657925110193353,0,0,low_frequency_random,19
9.6500000000000004,-0.63993207334595548,0,0,low_frequency_random,19
9.6549999999999994,-0.52927830618629379,0,0,low_frequency_random,19
9.6600000000000001,-0.50205836363194767,0,0,low_frequency_random,19
9.6650000000000009,-0.58139300460764565,0,0,low_frequency_random,19
9.6699999999999999,-0.47288802409859343,0,0,low_frequency_random,19
9.6750000000000007,-0.49433377074669366,0,0,low_frequency_random,19
9.6799999999999997,-0.44140108660758076,0,0,low_frequency_random,19
9.6850000000000005,-0.52614327600403854,0,0,low_frequency_random,19
9.6899999999999995,-0.52038662433090366,0,0,low_frequency_random,19
9.6950000000000003,-0.45911024287528857,0,0,low_frequency_random,19
9.7000000000000011,-0.44437970751041556,0,0,low_frequency_random,19
9.7050000000000001,-0.45167005758691736,0,0,low_frequency_random,19
9.7100000000000009,-0.28753546161532151,0,0,low_frequency_random,19
9.7149999999999999,-0.31204220569997343,0,0,low_frequency_random,19
9.7200000000000006,-0.27512427773481862,0,0,low_frequency_random,19
9.7249999999999996,-0.39336082209465262,0,0,low_frequency_random,19
9.7300000000000004,-0.35326157425239718,0,0,low_frequency_random,19
9.7349999999999994,-0.29101532296317562,0,0,low_frequency_random,19
9.7400000000000002,-0.25797252664593728,0,0,low_frequency_random,19
9.745000000000001,-0.2786188641280517,0,0,low_frequency_random,19
9.75,-0.15147361772249129,0,0,low_frequency_random,19
9.7550000000000008,-0.25024458054332543,0,0,low_frequency_random,19
9.7599999999999998,-0.30234925229960863,0,0,low_frequency_random,19
9.7650000000000006,-0.37523065956319779,0,0,low_frequency_random,19
9.7699999999999996,-0.4680026349492552,0,0,low_frequency_random,19
9.7750000000000004,-0.46108741952910709,0,0,low_frequency_random,19
9.7799999999999994,-0.32417774223311291,0,0,low_frequency_random,19
9.7850000000000001,-0.30144204287146659,0,0,low_frequency_random,19
9.7900000000000009,-0.38794650114437024,0,0,low_frequency_random,19
9.7949999999999999,-0.30481595502954767,0,0,low_frequency_random,19
9.8000000000000007,-0.30285808221036614,0,0,low_frequency_random,19
9.8049999999999997,-0.25312657698875451,0,0,low_frequency_random,19
9.8100000000000005,-0.11462927711882778,0,0,low_frequency_random,19
9.8149999999999995,-0.018753210371409673,0,0,low_frequency_random,19
9.8200000000000003,0.12533928855209661,0,0,low_frequency_random,19
9.8250000000000011,0.19037850321618693,0,0,low_frequency_random,19
9.8300000000000001,0.13179801409292671,0,0,low_frequency_random,19
9.8350000000000009,0.015241941838110229,0,0,low_frequency_random,19
9.8399999999999999,-0.019735599801118935,0,0,low_frequency_random,19
9.8450000000000006,0.039783995087105589,0,0,low_frequency_random,19
9.8499999999999996,0.097161537907093254,0,0,low_frequency_random,19
9.8550000000000004,0.118111105264084,0,0,low_frequency_random,19
9.8599999999999994,0.13786797476553475,0,0,low_frequency_random,19
9.8650000000000002,0.0060440734067130353,0,0,low_frequency_random,19
9.870000000000001,0.039982279213320801,0,0,low_frequency_random,19
9.875,0.12958113934264681,0,0,low_frequency_random,19
9.8800000000000008,0.14356826374365247,0,0,low_frequency_random,19
9.8849999999999998,0.12224145241607111,0,0,low_frequency_random,19
9.8900000000000006,0.049252875223792639,0,0,low_frequency_random,19
9.8949999999999996,0.017474987507384313,0,0,low_frequency_random,19
9.9000000000000004,-0.017314477839606379,0,0,low_frequency_random,19
9.9049999999999994,0.01382761848492518,0,0,low_frequency_random,19
9.9100000000000001,-0.017255527091601521,0,0,low_frequency_random,19
9.9150000000000009,0.039105338018880123,0,0,low_frequency_random,19
9.9199999999999999,0.1619762522987894,0,0,low_frequency_random,19
9.9250000000000007,0.16192460201557707,0,0,low_frequency_random,19
9.9299999999999997,0.19249853433497149,0,0,low_frequency_random,19
9.9350000000000005,0.14215484664491412,0,0,low_frequency_random,19
9.9399999999999995,0.11087106589251397,0,0,low_frequency_random,19
9.9450000000000003,0.058575995921019308,0,0,low_frequency_random,19
9.9500000000000011,0.017389846394010332,0,0,low_frequency_random,19
9.9550000000000001,-0.072657832283786264,0,0,low_frequency_random,19
9.9600000000000009,-0.028511707677246124,0,0,low_frequency_random,19
9.9649999999999999,0.020046406574695377,0,0,low_frequency_random,19
9.9700000000000006,0.14875241271375741,0,0,low_frequency_random,19
9.9749999999999996,0.26695639301165952,0,0,low_frequency_random,19
9.9800000000000004,0.15842630345639708,0,0,low_frequency_random,19
9.9849999999999994,0.25264654865910924,0,0,low_frequency_random,19
9.9900000000000002,0.22234239745908674,0,0,low_frequency_random,19
9.995000000000001,0.27433714772714468,0,0,low_frequency_random,19
10,0.28081058299085837,0,0,low_frequency_random,19
10.005000000000001,0.34567408038709785,0,0,low_frequency_random,19
10.01,0.42891370944462748,0,0,low_frequency_random,19
10.015000000000001,0.3848722672352507,0,0,low_frequency_random,19
10.02,0.41511855459569541,0,0,low_frequency_random,19
10.025,0.54901023936242521,0,0,low_frequency_random,19
10.029999999999999,0.44343776828219472,0,0,low_frequency_random,19
10.035,0.41117777560299001,0,0,low_frequency_random,19
10.040000000000001,0.28225096690994955,0,0,low_frequency_random,19
10.045,0.32919893383313081,0,0,low_frequency_random,19
10.050000000000001,0.24598611033044637,0,0,low_frequency_random,19
10.055,0.251520530718089,0,0,low_frequency_random,19
10.06,0.18953001776876405,0,0,low_frequency_random,19
10.065,0.16246952637827261,0,0,low_frequency_random,19
10.07,0.14840803479124401,0,0,low_frequency_random,19
10.075000000000001,0.19371624609398724,0,0,low_frequency_random,19
10.08,0.16239120630088497,0,0,low_frequency_random,19
10.085000000000001,0.1502815609602331,0,0,low_frequency_random,19
10.09,0.19232063784359249,0,0,low_frequency_random,19
10.095000000000001,0.1870992406798884,0,0,low_frequency_random,19
10.1,0.14426600541583376,0,0,low_frequency_random,19
10.105,0.052064985443095776,0,0,low_frequency_random,19
10.109999999999999,0.090766016940452943,0,0,low_frequency_random,19
10.115,0.14285107818644582,0,0,low_frequency_random,19
10.120000000000001,0.19181569001106727,0,0,low_frequency_random,19
10.125,0.24552276017904312,0,0,low_frequency_random,19
10.130000000000001,0.36218661457774087,0,0,low_frequency_random,19
10.135,0.39314058522036061,0,0,low_frequency_random,19
10.140000000000001,0.42688232037698554,0,0,low_frequency_random,19
10.145,0.30349480402806422,0,0,low_frequency_random,19
10.15,0.18745213429001509,0,0,low_frequency_random,19
10.154999999999999,0.20582098272183288,0,0,low_frequency_random,19
10.16,0.32156383638790664,0,0,low_frequency_random,19
10.165000000000001,0.50292901889592456,0,0,low_frequency_random,19
10.17,0.54059088120043464,0,0,low_frequency_random,19
10.175000000000001,0.47305235590260736,0,0,low_frequency_random,19
10.18,0.42202913675812936,0,0,low_frequency_random,19
10.185,0.24483602042972746,0,0,low_frequency_random,19
10.19,0.28161434707698868,0,0,low_frequency_random,19
10.195,0.31692367193925175,0,0,low_frequency_random,19
10.200000000000001,0.35971661677345151,0,0,low_frequency_random,19
10.205,0.42865936304502811,0,0,low_frequency_random,19
10.210000000000001,0.48949281677569123,0,0,low_frequency_random,19
10.215,0.54327977389362248,0,0,low_frequency_random,19
10.220000000000001,0.49234141960671696,0,0,low_frequency_random,19
10.225,0.5726592138180534,0,0,low_frequency_random,19
10.23,0.73911596593716289,0,0,low_frequency_random,19
10.234999999999999,0.74215093288345402,0,0,low_frequency_random,19
10.24,0.64636842876742917,0,0,low_frequency_random,19
10.245000000000001,0.60954513442756963,0,0,low_frequency_random,19
10.25,0.48118233631948815,0,0,low_frequency_random,19
10.255000000000001,0.59330460736333368,0,0,low_frequency_random,19
10.26,0.55101527993650201,0,0,low_frequency_random,19
10.265000000000001,0.56269198752016425,0,0,low_frequency_random,19
10.27,0.45414126176001718,0,0,low_frequency_random,19
10.275,0.45192709038954104,0,0,low_frequency_random,19
10.279999999999999,0.4526232106761795,0,0,low_frequency_random,19
10.285,0.38999747301353965,0,0,low_frequency_random,19
10.290000000000001,0.51250465829237268,0,0,low_frequency_random,19
10.295,0.58593577342475012,0,0,low_frequency_random,19
10.300000000000001,0.55112882536022501,0,0,low_frequency_random,19
10.305,0.69811718556197877,0,0,low_frequency_random,19
10.31,0.64418318731096869,0,0,low_frequency_random,19
10.315,0.61790150496439533,0,0,low_frequency_random,19
10.32,0.48732363290946085,0,0,low_frequency_random,19
10.325000000000001,0.55618377421021059,0,0,low_frequency_random,19
10.33,0.54847540520727667,0,0,low_frequency_random,19
10.335000000000001,0.75227797543381048,0,0,low_frequency_random,19
10.34,0.92192288335264494,0,0,low_frequency_random,19
10.345000000000001,1.0851593726698834,0,0,low_frequency_random,19
10.35,1.102540066746359,0,0,low_frequency_random,19
10.355,1.2033501188311129,0,0,low_frequency_random,19
10.359999999999999,1.016031673553814,0,0,low_frequency_random,19
10.365,1.1220515559433319,0,0,low_frequency_random,19
10.370000000000001,1.1294098016680716,0,0,low_frequency_random,19
10.375,1.1291633106566326,0,0,low_frequency_random,19
10.380000000000001,1.0266373315307271,0,0,low_frequency_random,19
10.385,1.1050488912422707,0,0,low_frequency_random,19
10.390000000000001,0.9333582043497286,0,0,low_frequency_random,19
10.395,0.99628928695752283,0,0,low_frequency_random,19
10.4,0.88189417501528711,0,0,low_frequency_random,19
10.404999999999999,0.88596689732640133,0,0,low_frequency_random,19
10.41,0.95740222721686419,0,0,low_frequency_random,19
10.415000000000001,1.0798816440646708,0,0,low_frequency_random,19
10.42,1.0171078855362816,0,0,low_frequency_random,19
10.425000000000001,1.0137401011733,0,0,low_frequency_random,19
10.43,1.0658592950165349,0,0,low_frequency_random,19
10.435,1.2074459634579453,0,0,low_frequency_random,19
10.44,1.1577795969975098,0,0,low_frequency_random,19
10.445,1.0941888027753692,0,0,low_frequency_random,19
10.450000000000001,1.1986449689602039,0,0,low_frequency_random,19
10.455,1.2329853324951163,0,0,low_frequency_random,19
10.460000000000001,1.2908471432356907,0,0,low_frequency_random,19
10.465,1.3263531730471172,0,0,low_frequency_random,19
10.470000000000001,1.5373257391309076,0,0,low_frequency_random,19
10.475,1.2799630255733616,0,0,low_frequency_random,19
10.48,1.3168889122284428,0,0,low_frequency_random,19
10.484999999999999,1.3515459201278917,0,0,low_frequency_random,19
10.49,1.4378761220580367,0,0,low_frequency_random,19
10.495000000000001,1.521482714008126,0,0,low_frequency_random,19
10.5,1.5928470219991904,0,0,low_frequency_random,19
10.505000000000001,1.6656971144851747,0,0,low_frequency_random,19
10.51,1.5777215803325502,0,0,low_frequency_random,19
10.515000000000001,1.6436874933199652,0,0,low_frequency_random,19
10.52,1.6669299996857341,0,0,low_frequency_random,19
10.525,1.6445417674453799,0,0,low_frequency_random,19
10.529999999999999,1.5357937905398773,0,0,low_frequency_random,19
10.535,1.5684146378354529,0,0,low_frequency_random,19
10.540000000000001,1.5457717891494342,0,0,low_frequency_random,19
10.545,1.5506732036431461,0,0,low_frequency_random,19
10.550000000000001,1.427714372053424,0,0,low_frequency_random,19
10.555,1.389968529290035,0,0,low_frequency_random,19
10.56,1.3950501320568354,0,0,low_frequency_random,19
10.565,1.4208005411732456,0,0,low_frequency_random,19
10.57,1.4029510358164679,0,0,low_frequency_random,19
10.575000000000001,1.3873471704701081,0,0,low_frequency_random,19
10.58,1.2605486605982745,0,0,low_frequency_random,19
10.585000000000001,1.2572186541905359,0,0,low_frequency_random,19
10.59,1.2832845626289833,0,0,low_frequency_random,19
10.595000000000001,1.1979922626153394,0,0,low_frequency_random,19
10.6,1.0943984474539192,0,0,low_frequency_random,19
10.605,1.0911115566449092,0,0,low_frequency_random,19
10.609999999999999,1.1451865645429626,0,0,low_frequency_random,19
10.615,1.1435301547285481,0,0,low_frequency_random,19
10.620000000000001,1.121554850993117,0,0,low_frequency_random,19
10.625,1.0709943594974238,0,0,low_frequency_random,19
10.630000000000001,1.0771673853046764,0,0,low_frequency_random,19
10.635,1.0689227606489895,0,0,low_frequency_random,19
10.640000000000001,1.1359393923566217,0,0,low_frequency_random,19
10.645,1.1352962621015137,0,0,low_frequency_random,19
10.65,1.1077852331434654,0,0,low_frequency_random,19
10.654999999999999,1.0220569502390668,0,0,low_frequency_random,19
10.66,0.95029786256950255,0,0,low_frequency_random,19
10.665000000000001,1.0183728713267324,0,0,low_frequency_random,19
10.67,1.0822423212728354,0,0,low_frequency_random,19
10.675000000000001,1.0817514526027436,0,0,low_frequency_random,19
10.68,1.0555932965679922,0,0,low_frequency_random,19
10.685,1.1404037087414536,0,0,low_frequency_random,19
10.69,1.1190867596196656,0,0,low_frequency_random,19
10.695,1.1127078491969,0,0,low_frequency_random,19
10.700000000000001,1.1330590003095111,0,0,low_frequency_random,19
10.705,1.0130641857342495,0,0,low_frequency_random,19
10.710000000000001,0.92982589482038636,0,0,low_frequency_random,19
10.715,0.90730175538640856,0,0,low_frequency_random,19
10.720000000000001,0.83270252857149574,0,0,low_frequency_random,19
10.725,0.74674161952654405,0,0,low_frequency_random,19
10.73,0.72347978847926719,0,0,low_frequency_random,19
10.734999999999999,0.67033179918802865,0,0,low_frequency_random,19
10.74,0.7069661183496978,0,0,low_frequency_random,19
10.745000000000001,0.68770623473043968,0,0,low_frequency_random,19
10.75,0.66471602512351491,0,0,low_frequency_random,19
10.755000000000001,0.78543702063126275,0,0,low_frequency_random,19
10.76,0.77421127833290815,0,0,low_frequency_random,19
10.765000000000001,0.77702938849642955,0,0,low_frequency_random,19
10.77,0.72625072783483635,0,0,low_frequency_random,19
10.775,0.71869938176678139,0,0,low_frequency_random,19
10.779999999999999,0.93104323442020576,0,0,low_frequency_random,19
10.785,0.88306367431275556,0,0,low_frequency_random,19
10.790000000000001,0.78651081306092985,0,0,low_frequency_random,19
10.795,0.79862505573927312,0,0,low_frequency_random,19
10.800000000000001,0.75548451047348497,0,0,low_frequency_random,19
10.805,0.73843955811274253,0,0,low_frequency_random,19
10.81,0.80601844854686788,0,0,low_frequency_random,19
10.815,0.75424703503544832,0,0,low_frequency_random,19
10.82,0.79717665467597576,0,0,low_frequency_random,19
10.825000000000001,0.87078657219882061,0,0,low_frequency_random,19
10.83,0.97730011186427157,0,0,low_frequency_random,19
10.835000000000001,0.96949978949287119,0,0,low_frequency_random,19
10.84,0.82472753777955943,0,0,low_frequency_random,19
10.845000000000001,0.98830003319045101,0,0,low_frequency_random,19
10.85,1.0347152927538243,0,0,low_frequency_random,19
10.855,1.0520336693609424,0,0,low_frequency_random,19
10.859999999999999,0.99162444204615774,0,0,low_frequency_random,19
10.865,1.054288054715437,0,0,low_frequency_random,19
10.870000000000001,1.0766911841831046,0,0,low_frequency_random,19
10.875,1.1078770034504559,0,0,low_frequency_random,19
10.880000000000001,1.197765794411271,0,0,low_frequency_random,19
10.885,1.4109798749197999,0,0,low_frequency_random,19
10.890000000000001,1.1583480219058886,0,0,low_frequency_random,19
10.895,1.1472966145997969,0,0,low_frequency_random,19
10.9,1.0969722185252728,0,0,low_frequency_random,19
10.904999999999999,0.95648520095544209,0,0,low_frequency_random,19
10.91,0.85450851129639149,0,0,low_frequency_random,19
10.915000000000001,0.82280441828942352,0,0,low_frequency_random,19
10.92,0.9069990610319989,0,0,low_frequency_random,19
10.925000000000001,1.0748192376119334,0,0,low_frequency_random,19
10.93,0.97250544636265401,0,0,low_frequency_random,19
10.935,1.03448036664247,0,0,low_frequency_random,19
10.94,1.0937057481163026,0,0,low_frequency_random,19
10.945,1.088533187470506,0,0,low_frequency_random,19
10.950000000000001,1.0548796178276596,0,0,low_frequency_random,19
10.955,0.78748810745570264,0,0,low_frequency_random,19
10.960000000000001,0.92236119396841398,0,0,low_frequency_random,19
10.965,0.98497560973786091,0,0,low_frequency_random,19
10.970000000000001,0.93471592043049445,0,0,low_frequency_random,19
10.975,0.87076156242113412,0,0,low_frequency_random,19
10.98,0.83982506713729799,0,0,low_frequency_random,19
10.984999999999999,0.99365173443899413,0,0,low_frequency_random,19
10.99,1.0088369404674766,0,0,low_frequency_random,19
10.995000000000001,0.96820306249457433,0,0,low_frequency_random,19
11,0.87484264318960459,0,0,low_frequency_random,19
11.005000000000001,0.89164781088923795,0,0,low_frequency_random,19
11.01,0.87451061828146015,0,0,low_frequency_random,19
11.015000000000001,0.92996945362554229,0,0,low_frequency_random,19
11.02,0.87049276303584877,0,0,low_frequency_random,19
11.025,0.84851781713104502,0,0,low_frequency_random,19
11.029999999999999,0.73245207797634215,0,0,low_frequency_random,19
11.035,0.69500149743124995,0,0,low_frequency_random,19
11.040000000000001,0.7896466181840115,0,0,low_frequency_random,19
11.045,0.77601577772327757,0,0,low_frequency_random,19
11.050000000000001,0.72133571801682006,0,0,low_frequency_random,19
11.055,0.62946153272312733,0,0,low_frequency_random,19
11.06,0.69013249350561878,0,0,low_frequency_random,19
11.065,0.66121145552534333,0,0,low_frequency_random,19
11.07,0.62398910620131942,0,0,low_frequency_random,19
11.075000000000001,0.65475030187594818,0,0,low_frequency_random,19
11.08,0.6103964875040071,0,0,low_frequency_random,19
11.085000000000001,0.54931222696390003,0,0,low_frequency_random,19
11.09,0.57656143898426016,0,0,low_frequency_random,19
11.095000000000001,0.67194766751760759,0,0,low_frequency_random,19
11.1,0.68198356507616842,0,0,low_frequency_random,19
11.105,0.69632888023890493,0,0,low_frequency_random,19
11.109999999999999,0.65057599734138472,0,0,low_frequency_random,19
11.115,0.44769884084197553,0,0,low_frequency_random,19
11.120000000000001,0.38035368411057369,0,0,low_frequency_random,19
11.125,0.23245915202759221,0,0,low_frequency_random,19
11.130000000000001,0.2071890875735819,0,0,low_frequency_random,19
11.135,0.26509700094704286,0,0,low_frequency_random,19
11.140000000000001,0.2216032993376682,0,0,low_frequency_random,19
11.145,0.1829691369638376,0,0,low_frequency_random,19
11.15,0.30392770489279636,0,0,low_frequency_random,19
11.154999999999999,0.2440654771270343,0,0,low_frequency_random,19
11.16,0.27821676128974837,0,0,low_frequency_random,19
11.165000000000001,0.30522363842927758,0,0,low_frequency_random,19
11.17,0.32424526110716928,0,0,low_frequency_random,19
11.175000000000001,0.39921564082996641,0,0,low_frequency_random,19
11.18,0.50315154735875178,0,0,low_frequency_random,19
11.185,0.57730104112224534,0,0,low_frequency_random,19
11.19,0.4381850071318476,0,0,low_frequency_random,19
11.195,0.40030144937758405,0,0,low_frequency_random,19
11.200000000000001,0.34318834280326527,0,0,low_frequency_random,19
11.205,0.16936512082718058,0,0,low_frequency_random,19
11.210000000000001,0.18066825203141501,0,0,low_frequency_random,19
11.215,0.073219455636889419,0,0,low_frequency_random,19
11.220000000000001,0.21260749562847303,0,0,low_frequency_random,19
11.225,0.20841665074178772,0,0,low_frequency_random,19
11.23,0.39216086458053734,0,0,low_frequency_random,19
11.234999999999999,0.4185155620449888,0,0,low_frequency_random,19
11.24,0.50238186123823936,0,0,low_frequency_random,19
11.245000000000001,0.43534114885023945,0,0,low_frequency_random,19
11.25,0.3815710847702195,0,0,low_frequency_random,19
11.255000000000001,0.23446552232446422,0,0,low_frequency_random,19
11.26,0.28432164444902142,0,0,low_frequency_random,19
11.265000000000001,0.48082846393729534,0,0,low_frequency_random,19
11.27,0.39905411277121544,0,0,low_frequency_random,19
11.275,0.41655801187578417,0,0,low_frequency_random,19
11.279999999999999,0.36474614159017377,0,0,low_frequency_random,19
11.285,0.30099408495632296,0,0,low_frequency_random,19
11.290000000000001,0.28275722673717618,0,0,low_frequency_random,19
11.295,0.32389240488913773,0,0,low_frequency_random,19
11.300000000000001,0.40274404193546459,0,0,low_frequency_random,19
11.305,0.35406918614873006,0,0,low_frequency_random,19
11.31,0.25287266964697475,0,0,low_frequency_random,19
11.315,0.17076145751976046,0,0,low_frequency_random,19
11.32,0.18326696600898756,0,0,low_frequency_random,19
11.325000000000001,0.13879659857994919,0,0,low_frequency_random,19
11.33,0.13301198567518097,0,0,low_frequency_random,19
11.335000000000001,0.12889281170219866,0,0,low_frequency_random,19
11.34,0.10100632514840702,0,0,low_frequency_random,19
11.345000000000001,-0.023937304451292205,0,0,low_frequency_random,19
11.35,0.0021981513701344914,0,0,low_frequency_random,19
11.355,0.033649101538993302,0,0,low_frequency_random,19
11.359999999999999,0.086812744916504786,0,0,low_frequency_random,19
11.365,-0.0076063503600144189,0,0,low_frequency_random,19
11.370000000000001,0.090204692286054614,0,0,low_frequency_random,19
11.375,0.13533815967507568,0,0,low_frequency_random,19
11.380000000000001,0.21753239715158612,0,0,low_frequency_random,19
11.385,0.41671063913271866,0,0,low_frequency_random,19
11.390000000000001,0.36733074006640393,0,0,low_frequency_random,19
11.395,0.43224540668752154,0,0,low_frequency_random,19
11.4,0.54212285056129017,0,0,low_frequency_random,19
11.404999999999999,0.47058584758702937,0,0,low_frequency_random,19
11.41,0.60142171766665919,0,0,low_frequency_random,19
11.415000000000001,0.59869028464122809,0,0,low_frequency_random,19
11.42,0.71155542728200594,0,0,low_frequency_random,19
11.425000000000001,0.73369803294913061,0,0,low_frequency_random,19
11.43,0.82582060557531289,0,0,low_frequency_random,19
11.435,0.85991581098637104,0,0,low_frequency_random,19
11.44,0.6514930632091257,0,0,low_frequency_random,19
11.445,0.6455973505805398,0,0,low_frequency_random,19
11.450000000000001,0.68316402741418902,0,0,low_frequency_random,19
11.455,0.71631218725596368,0,0,low_frequency_random,19
11.460000000000001,0.71305212333919987,0,0,low_frequency_random,19
11.465,0.74878648990421959,0,0,low_frequency_random,19
11.470000000000001,0.70323454956773457,0,0,low_frequency_random,19
11.475,0.51011968152029696,0,0,low_frequency_random,19
11.48,0.51231859227609367,0,0,low_frequency_random,19
11.484999999999999,0.76280311093881525,0,0,low_frequency_random,19
11.49,0.76052737378821034,0,0,low_frequency_random,19
11.495000000000001,0.77601959782982943,0,0,low_frequency_random,19
11.5,0.76738152706763463,0,0,low_frequency_random,19
11.505000000000001,0.80088714422158258,0,0,low_frequency_random,19
11.51,0.85502066026954926,0,0,low_frequency_random,19
11.515000000000001,0.86989895468759182,0,0,low_frequency_random,19
11.52,0.99254415353782499,0,0,low_frequency_random,19
11.525,1.0480748279228296,0,0,low_frequency_random,19
11.529999999999999,1.1966119226034444,0,0,low_frequency_random,19
11.535,1.1956275096478033,0,0,low_frequency_random,19
11.540000000000001,1.1346077477730081,0,0,low_frequency_random,19
11.545,1.1981795460510767,0,0,low_frequency_random,19
11.550000000000001,1.1475062821440349,0,0,low_frequency_random,19
11.555,1.1897770311259566,0,0,low_frequency_random,19
11.56,1.2107037601876283,0,0,low_frequency_random,19
11.565,1.3676455662883558,0,0,low_frequency_random,19
11.57,1.3745380325727035,0,0,low_frequency_random,19
11.575000000000001,1.2685249275590125,0,0,low_frequency_random,19
11.58,1.3765113932666837,0,0,low_frequency_random,19
11.585000000000001,1.420981876326294,0,0,low_frequency_random,19
11.59,1.4075765577354715,0,0,low_frequency_random,19
11.595000000000001,1.4208531016331742,0,0,low_frequency_random,19
11.6,1.3678389292497495,0,0,low_frequency_random,19
11.605,1.3279520303172931,0,0,low_frequency_random,19
11.609999999999999,1.3178390269874576,0,0,low_frequency_random,19
11.615,1.2729312242090967,0,0,low_frequency_random,19
11.620000000000001,1.2992753083214099,0,0,low_frequency_random,19
11.625,1.1927387089700663,0,0,low_frequency_random,19
11.630000000000001,1.2345324924568966,0,0,low_frequency_random,19
11.635,1.2637078043964578,0,0,low_frequency_random,19
11.640000000000001,1.218573140260262,0,0,low_frequency_random,19
11.645,1.0864726914383129,0,0,low_frequency_random,19
11.65,1.2550234384923478,0,0,low_frequency_random,19
11.654999999999999,1.1712009363655824,0,0,low_frequency_random,19
11.66,1.3010774530833089,0,0,low_frequency_random,19
11.665000000000001,1.2231382066637284,0,0,low_frequency_random,19
11.67,1.1427643709460975,0,0,low_frequency_random,19
11.675000000000001,1.0741724643044894,0,0,low_frequency_random,19
11.68,0.99922747446477889,0,0,low_frequency_random,19
11.685,0.95910401138730783,0,0,low_frequency_random,19
11.69,0.81572692166820382,0,0,low_frequency_random,19
11.695,0.70820570845809261,0,0,low_frequency_random,19
11.700000000000001,0.59830998504593813,0,0,low_frequency_random,19
11.705,0.64620928894439122,0,0,low_frequency_random,19
11.710000000000001,0.66108054073004008,0,0,low_frequency_random,19
11.715,0.65459170830270896,0,0,low_frequency_random,19
11.720000000000001,0.66871151698792941,0,0,low_frequency_random,19
11.725,0.76241124130780236,0,0,low_frequency_random,19
11.73,0.73296260159192561,0,0,low_frequency_random,19
11.734999999999999,0.73272717015823319,0,0,low_frequency_random,19
11.74,0.6804986596126521,0,0,low_frequency_random,19
11.745000000000001,0.63413771617421644,0,0,low_frequency_random,19
11.75,0.68157128601667916,0,0,low_frequency_random,19
11.755000000000001,0.62033912862144402,0,0,low_frequency_random,19
11.76,0.59906260577545811,0,0,low_frequency_random,19
11.765000000000001,0.608475637841005,0,0,low_frequency_random,19
11.77,0.73591281321354929,0,0,low_frequency_random,19
11.775,0.65671159954630742,0,0,low_frequency_random,19
11.779999999999999,0.57932100642666251,0,0,low_frequency_random,19
11.785,0.60797060646810297,0,0,low_frequency_random,19
11.790000000000001,0.64860060274569697,0,0,low_frequency_random,19
11.795,0.58981054157511548,0,0,low_frequency_random,19
11.800000000000001,0.62117766979921973,0,0,low_frequency_random,19
11.805,0.57148836391019331,0,0,low_frequency_random,19
11.81,0.56273783569319613,0,0,low_frequency_random,19
11.815,0.66429376384528849,0,0,low_frequency_random,19
11.82,0.7184645550458747,0,0,low_frequency_random,19
11.825000000000001,0.83580356586829896,0,0,low_frequency_random,19
11.83,0.7524704254471517,0,0,low_frequency_random,19
11.835000000000001,0.74143255115500373,0,0,low_frequency_random,19
11.84,0.86899997772905213,0,0,low_frequency_random,19
11.845000000000001,0.86885426412545619,0,0,low_frequency_random,19
11.85,0.9315515779573974,0,0,low_frequency_random,19
11.855,0.93729888214489465,0,0,low_frequency_random,19
11.859999999999999,0.82776517784006598,0,0,low_frequency_random,19
11.865,1.0908707029153963,0,0,low_frequency_random,19
11.870000000000001,1.1445216605125201,0,0,low_frequency_random,19
11.875,0.96230431003446815,0,0,low_frequency_random,19
11.880000000000001,0.95087686903125301,0,0,low_frequency_random,19
11.885,0.93275238920428127,0,0,low_frequency_random,19
11.890000000000001,0.91855411307249157,0,0,low_frequency_random,19
11.895,0.88866840467348784,0,0,low_frequency_random,19
11.9,0.91617273957804424,0,0,low_frequency_random,19
11.904999999999999,0.89240061769973855,0,0,low_frequency_random,19
11.91,0.99938299670480846,0,0,low_frequency_random,19
11.915000000000001,0.94690789158211175,0,0,low_frequency_random,19
11.92,0.96355056556504837,0,0,low_frequency_random,19
11.925000000000001,0.99329261313303185,0,0,low_frequency_random,19
11.93,1.0134794855281386,0,0,low_frequency_random,19
11.935,0.87994060279085251,0,0,low_frequency_random,19
11.94,0.88627767852029882,0,0,low_frequency_random,19
11.945,0.82783333112985624,0,0,low_frequency_random,19
11.950000000000001,0.79694442446321123,0,0,low_frequency_random,19
11.955,0.7687825040858195,0,0,low_frequency_random,19
11.960000000000001,0.75754729191711578,0,0,low_frequency_random,19
11.965,0.83456270874391558,0,0,low_frequency_random,19
11.970000000000001,0.84749587793738312,0,0,low_frequency_random,19
11.975,1.0005524569605948,0,0,low_frequency_random,19
11.98,1.0201811078305241,0,0,low_frequency_random,19
11.984999999999999,0.93295613059785887,0,0,low_frequency_random,19
11.99,0.9225741611253685,0,0,low_frequency_random,19
11.995000000000001,0.99452215410484701,0,0,low_frequency_random,19
12,1.091763707597684,0,0,low_frequency_random,19
