time,wind_x,wind_y,wind_z,profile,seed
0,0,0,0,low_frequency_random,18
0.0050000000000000001,-0.034500912313932569,0,0,low_frequency_random,18
0.01,-0.12451103086086968,0,0,low_frequency_random,18
0.014999999999999999,-0.070117025253557647,0,0,low_frequency_random,18
0.02,-0.15817138097128275,0,0,low_frequency_random,18
0.025000000000000001,0.0033288034872821781,0,0,low_frequency_random,18
0.029999999999999999,0.077056726009122237,0,0,low_frequency_random,18
0.035000000000000003,0.048003072057140481,0,0,low_frequency_random,18
0.040000000000000001,0.093291048450906383,0,0,low_frequency_random,18
0.044999999999999998,0.22143123726836655,0,0,low_frequency_random,18
0.050000000000000003,0.44647878206170943,0,0,low_frequency_random,18
0.055,0.37057505543774605,0,0,low_frequency_random,18
0.059999999999999998,0.45372013149852886,0,0,low_frequency_random,18
0.065000000000000002,0.49277311051402467,0,0,low_frequency_random,18
0.070000000000000007,0.46800710546850488,0,0,low_frequency_random,18
0.074999999999999997,0.5528307797026597,0,0,low_frequency_random,18
0.080000000000000002,0.59051432467454901,0,0,low_frequency_random,18
0.085000000000000006,0.67345358865067972,0,0,low_frequency_random,18
0.089999999999999997,0.6281277615328752,0,0,low_frequency_random,18
0.095000000000000001,0.62479614038036746,0,0,low_frequency_random,18
0.10000000000000001,0.65319802047374964,0,0,low_frequency_random,18
0.105,0.65150445795062795,0,0,low_frequency_random,18
0.11,0.649577553401538,0,0,low_frequency_random,18
0.115,0.58501781559978738,0,0,low_frequency_random,18
0.12,0.59218515486321288,0,0,low_frequency_random,18
0.125,0.60420587972175821,0,0,low_frequency_random,18
0.13,0.59629982860419783,0,0,low_frequency_random,18
0.13500000000000001,0.59214887892687607,0,0,low_frequency_random,18
0.14000000000000001,0.64477336214994507,0,0,low_frequency_random,18
0.14499999999999999,0.58900074107946299,0,0,low_frequency_random,18
0.14999999999999999,0.64164589627839475,0,0,low_frequency_random,18
0.155,0.62619764429330815,0,0,low_frequency_random,18
0.16,0.62755654774382463,0,0,low_frequency_random,18
0.16500000000000001,0.60919337304207033,0,0,low_frequency_random,18
0.17000000000000001,0.67791011318017125,0,0,low_frequency_random,18
0.17500000000000002,0.73522281826788805,0,0,low_frequency_random,18
0.17999999999999999,0.73204551854449407,0,0,low_frequency_random,18
0.185,0.69340026687056389,0,0,low_frequency_random,18
0.19,0.83808339151095201,0,0,low_frequency_random,18
0.19500000000000001,0.87691730760233233,0,0,low_frequency_random,18
0.20000000000000001,0.78105968585766972,0,0,low_frequency_random,18
0.20500000000000002,0.77681450893173754,0,0,low_frequency_random,18
0.20999999999999999,0.76397566879807688,0,0,low_frequency_random,18
0.215,0.81777284151380536,0,0,low_frequency_random,18
0.22,0.79561174665631706,0,0,low_frequency_random,18
0.22500000000000001,0.73264499606878331,0,0,low_frequency_random,18
0.23000000000000001,0.83577932979757774,0,0,low_frequency_random,18
0.23500000000000001,0.67260512021444607,0,0,low_frequency_random,18
0.23999999999999999,0.55640176137337094,0,0,low_frequency_random,18
0.245,0.51190898747128344,0,0,low_frequency_random,18
0.25,0.46831152020680367,0,0,low_frequency_random,18
0.255,0.4558179121209297,0,0,low_frequency_random,18
0.26000000000000001,0.45262752054886146,0,0,low_frequency_random,18
0.26500000000000001,0.52999495416068476,0,0,low_frequency_random,18
0.27000000000000002,0.40606784251368372,0,0,low_frequency_random,18
0.27500000000000002,0.6421354237877599,0,0,low_frequency_random,18
0.28000000000000003,0.68772139982809788,0,0,low_frequency_random,18
0.28500000000000003,0.62259930708016908,0,0,low_frequency_random,18
0.28999999999999998,0.57389207478229509,0,0,low_frequency_random,18
0.29499999999999998,0.53249413185941719,0,0,low_frequency_random,18
0.29999999999999999,0.35176334856408109,0,0,low_frequency_random,18
0.30499999999999999,0.38199051587276078,0,0,low_frequency_random,18
0.31,0.29141182686086997,0,0,low_frequency_random,18
0.315,0.24669104979743003,0,0,low_frequency_random,18
0.32000000000000001,0.1580022291940065,0,0,low_frequency_random,18
0.32500000000000001,0.10949507337009265,0,0,low_frequency_random,18
0.33000000000000002,0.11084827380025888,0,0,low_frequency_random,18
0.33500000000000002,0.0076855190250530586,0,0,low_frequency_random,18
0.34000000000000002,0.12869280650484308,0,0,low_frequency_random,18
0.34500000000000003,0.026267345006490403,0,0,low_frequency_random,18
0.35000000000000003,-0.013620717338258884,0,0,low_frequency_random,18
0.35499999999999998,-0.015597334554169133,0,0,low_frequency_random,18
0.35999999999999999,0.034060087077541309,0,0,low_frequency_random,18
0.36499999999999999,0.05069369550338057,0,0,low_frequency_random,18
0.37,0.052939491176626011,0,0,low_frequency_random,18
0.375,0.091416523489681323,0,0,low_frequency_random,18
0.38,0.11981609635262896,0,0,low_frequency_random,18
0.38500000000000001,0.04096792890885656,0,0,low_frequency_random,18
0.39000000000000001,0.086024348847683257,0,0,low_frequency_random,18
0.39500000000000002,0.032452123770810304,0,0,low_frequency_random,18
0.40000000000000002,-0.060938885864638102,0,0,low_frequency_random,18
0.40500000000000003,-0.069907760033764532,0,0,low_frequency_random,18
0.41000000000000003,-0.11168315632688548,0,0,low_frequency_random,18
0.41500000000000004,-0.093930299403688688,0,0,low_frequency_random,18
0.41999999999999998,-0.07238497405622013,0,0,low_frequency_random,18
0.42499999999999999,-0.1226648618202682,0,0,low_frequency_random,18
0.42999999999999999,-0.099466564535357266,0,0,low_frequency_random,18
0.435,-0.10653444359244545,0,0,low_frequency_random,18
0.44,-0.2386883194634814,0,0,low_frequency_random,18
0.44500000000000001,-0.11706808995486626,0,0,low_frequency_random,18
0.45000000000000001,-0.11992911852490269,0,0,low_frequency_random,18
0.45500000000000002,-0.13465245383194682,0,0,low_frequency_random,18
0.46000000000000002,-0.069116475275212058,0,0,low_frequency_random,18
0.46500000000000002,-0.18398679718767857,0,0,low_frequency_random,18
0.47000000000000003,-0.24138337659581416,0,0,low_frequency_random,18
0.47500000000000003,-0.1692044874858353,0,0,low_frequency_random,18
0.47999999999999998,-0.32474627913913851,0,0,low_frequency_random,18
0.48499999999999999,-0.3951779709505035,0,0,low_frequency_random,18
0.48999999999999999,-0.26494948918443106,0,0,low_frequency_random,18
0.495,-0.21974385301285618,0,0,low_frequency_random,18
0.5,-0.30084524042900673,0,0,low_frequency_random,18
0.505,-0.29895294502997527,0,0,low_frequency_random,18
0.51000000000000001,-0.24196267059477894,0,0,low_frequency_random,18
0.51500000000000001,-0.30761034275795063,0,0,low_frequency_random,18
0.52000000000000002,-0.3081988398250029,0,0,low_frequency_random,18
0.52500000000000002,-0.28235320926630308,0,0,low_frequency_random,18
0.53000000000000003,-0.2810420651778201,0,0,low_frequency_random,18
0.53500000000000003,-0.16095164761964395,0,0,low_frequency_random,18
0.54000000000000004,-0.1542854920150602,0,0,low_frequency_random,18
0.54500000000000004,-0.16894148324831043,0,0,low_frequency_random,18
0.55000000000000004,-0.15317308628908524,0,0,low_frequency_random,18
0.55500000000000005,-0.18569517449359296,0,0,low_frequency_random,18
0.56000000000000005,-0.25220394197134977,0,0,low_frequency_random,18
0.56500000000000006,-0.2725253877465908,0,0,low_frequency_random,18
0.57000000000000006,-0.32526919890961931,0,0,low_frequency_random,18
0.57500000000000007,-0.17883617362439758,0,0,low_frequency_random,18
0.57999999999999996,-0.0090524435131364434,0,0,low_frequency_random,18
0.58499999999999996,-0.041199070505745276,0,0,low_frequency_random,18
0.58999999999999997,-0.26582639410501296,0,0,low_frequency_random,18
0.59499999999999997,-0.29532777998763893,0,0,low_frequency_random,18
0.59999999999999998,-0.24213370505625295,0,0,low_frequency_random,18
0.60499999999999998,-0.29251461797523942,0,0,low_frequency_random,18
0.60999999999999999,-0.23781363668347952,0,0,low_frequency_random,18
0.61499999999999999,-0.18721747187879606,0,0,low_frequency_random,18
0.62,-0.23696535455994952,0,0,low_frequency_random,18
0.625,-0.25626059741017676,0,0,low_frequency_random,18
0.63,-0.33439619141407456,0,0,low_frequency_random,18
0.63500000000000001,-0.36750318049163544,0,0,low_frequency_random,18
0.64000000000000001,-0.45485301873592554,0,0,low_frequency_random,18
0.64500000000000002,-0.49575596099359831,0,0,low_frequency_random,18
0.65000000000000002,-0.37616298150803246,0,0,low_frequency_random,18
0.65500000000000003,-0.39986215680820231,0,0,low_frequency_random,18
0.66000000000000003,-0.31114963275804386,0,0,low_frequency_random,18
0.66500000000000004,-0.28409621158265946,0,0,low_frequency_random,18
0.67000000000000004,-0.40251166828898272,0,0,low_frequency_random,18
0.67500000000000004,-0.40847548850956772,0,0,low_frequency_random,18
0.68000000000000005,-0.44336876297854577,0,0,low_frequency_random,18
0.68500000000000005,-0.53953258089556688,0,0,low_frequency_random,18
0.69000000000000006,-0.57456801386943035,0,0,low_frequency_random,18
0.69500000000000006,-0.47468271855446353,0,0,low_frequency_random,18
0.70000000000000007,-0.37568663485762194,0,0,low_frequency_random,18
0.70499999999999996,-0.40732351007109685,0,0,low_frequency_random,18
0.70999999999999996,-0.46279823242956258,0,0,low_frequency_random,18
0.71499999999999997,-0.46431621453502719,0,0,low_frequency_random,18
0.71999999999999997,-0.43525125077301824,0,0,low_frequency_random,18
0.72499999999999998,-0.32891501708117016,0,0,low_frequency_random,18
0.72999999999999998,-0.37407582525430494,0,0,low_frequency_random,18
0.73499999999999999,-0.44769994292674281,0,0,low_frequency_random,18
0.73999999999999999,-0.4502358117386126,0,0,low_frequency_random,18
0.745,-0.60684064126884485,0,0,low_frequency_random,18
0.75,-0.61503502683886468,0,0,low_frequency_random,18
0.755,-0.57892707058680659,0,0,low_frequency_random,18
0.76000000000000001,-0.72832033855226985,0,0,low_frequency_random,18
0.76500000000000001,-0.65457099729839219,0,0,low_frequency_random,18
0.77000000000000002,-0.70197796518727296,0,0,low_frequency_random,18
0.77500000000000002,-0.71561140201418205,0,0,low_frequency_random,18
0.78000000000000003,-0.73524708683686268,0,0,low_frequency_random,18
0.78500000000000003,-0.74458970366259869,0,0,low_frequency_random,18
0.79000000000000004,-0.74453215428012776,0,0,low_frequency_random,18
0.79500000000000004,-0.78985747175413168,0,0,low_frequency_random,18
0.80000000000000004,-0.94558683828314938,0,0,low_frequency_random,18
0.80500000000000005,-0.87279297618696972,0,0,low_frequency_random,18
0.81000000000000005,-0.87957651726820318,0,0,low_frequency_random,18
0.81500000000000006,-0.83424061940291061,0,0,low_frequency_random,18
0.82000000000000006,-0.81193062961452722,0,0,low_frequency_random,18
0.82500000000000007,-0.7123353365198396,0,0,low_frequency_random,18
0.83000000000000007,-0.71187146813279922,0,0,low_frequency_random,18
0.83499999999999996,-0.75155989084695285,0,0,low_frequency_random,18
0.83999999999999997,-0.53317967690165058,0,0,low_frequency_random,18
0.84499999999999997,-0.4112609085575134,0,0,low_frequency_random,18
0.84999999999999998,-0.34080692242498828,0,0,low_frequency_random,18
0.85499999999999998,-0.24469198301532302,0,0,low_frequency_random,18
0.85999999999999999,-0.13288003670468473,0,0,low_frequency_random,18
0.86499999999999999,-0.30177291896228181,0,0,low_frequency_random,18
0.87,-0.34429784879952241,0,0,low_frequency_random,18
0.875,-0.33114786719133044,0,0,low_frequency_random,18
0.88,-0.28087326234711635,0,0,low_frequency_random,18
0.88500000000000001,-0.33210520291274143,0,0,low_frequency_random,18
0.89000000000000001,-0.31924002599555656,0,0,low_frequency_random,18
0.89500000000000002,-0.40169943410151177,0,0,low_frequency_random,18
0.90000000000000002,-0.42333101029935249,0,0,low_frequency_random,18
0.90500000000000003,-0.57938260664215491,0,0,low_frequency_random,18
0.91000000000000003,-0.61343624200069569,0,0,low_frequency_random,18
0.91500000000000004,-0.48441294186561468,0,0,low_frequency_random,18
0.92000000000000004,-0.5837562375485299,0,0,low_frequency_random,18
0.92500000000000004,-0.53245622156778294,0,0,low_frequency_random,18
0.93000000000000005,-0.63515395959192644,0,0,low_frequency_random,18
0.93500000000000005,-0.7183376886568279,0,0,low_frequency_random,18
0.94000000000000006,-0.53051011727465891,0,0,low_frequency_random,18
0.94500000000000006,-0.59950563511879373,0,0,low_frequency_random,18
0.95000000000000007,-0.60737787764216489,0,0,low_frequency_random,18
0.95500000000000007,-0.64043055405294624,0,0,low_frequency_random,18
0.95999999999999996,-0.8581554790809871,0,0,low_frequency_random,18
0.96499999999999997,-0.87151518826464036,0,0,low_frequency_random,18
0.96999999999999997,-0.81585126662578911,0,0,low_frequency_random,18
0.97499999999999998,-0.91970817920627823,0,0,low_frequency_random,18
0.97999999999999998,-1.02177343367273,0,0,low_frequency_random,18
0.98499999999999999,-1.0888055131632199,0,0,low_frequency_random,18
0.98999999999999999,-1.0488654134611719,0,0,low_frequency_random,18
0.995,-1.1197826793186016,0,0,low_frequency_random,18
1,-1.0514196994886014,0,0,low_frequency_random,18
1.0050000000000001,-0.99434725830115767,0,0,low_frequency_random,18
1.01,-1.1379989911270245,0,0,low_frequency_random,18
1.0150000000000001,-1.2448933268137767,0,0,low_frequency_random,18
1.02,-1.2480378015683555,0,0,low_frequency_random,18
1.0249999999999999,-1.3179755859716498,0,0,low_frequency_random,18
1.03,-1.2497060286848753,0,0,low_frequency_random,18
1.0349999999999999,-1.1501756611812763,0,0,low_frequency_random,18
1.04,-1.1961310363285542,0,0,low_frequency_random,18
1.0449999999999999,-1.1077663713139412,0,0,low_frequency_random,18
1.05,-1.0463121330864511,0,0,low_frequency_random,18
1.0549999999999999,-1.0361476493612254,0,0,low_frequency_random,18
1.0600000000000001,-0.9445315076339027,0,0,low_frequency_random,18
1.0649999999999999,-0.96753826526014775,0,0,low_frequency_random,18
1.0700000000000001,-0.92988293432184665,0,0,low_frequency_random,18
1.075,-0.9731798492817515,0,0,low_frequency_random,18
1.0800000000000001,-1.0376158922545649,0,0,low_frequency_random,18
1.085,-0.9025455148471293,0,0,low_frequency_random,18
1.0900000000000001,-0.7598252588838984,0,0,low_frequency_random,18
1.095,-0.73603567833694616,0,0,low_frequency_random,18
1.1000000000000001,-0.63864412023173633,0,0,low_frequency_random,18
1.105,-0.6567312254249521,0,0,low_frequency_random,18
1.1100000000000001,-0.699838554180363,0,0,low_frequency_random,18
1.115,-0.64458127071504523,0,0,low_frequency_random,18
1.1200000000000001,-0.51448145863411487,0,0,low_frequency_random,18
1.125,-0.50427938901200675,0,0,low_frequency_random,18
1.1300000000000001,-0.48293506628007338,0,0,low_frequency_random,18
1.135,-0.47483245531826673,0,0,low_frequency_random,18
1.1400000000000001,-0.53722331036972415,0,0,low_frequency_random,18
1.145,-0.67910610665428606,0,0,low_frequency_random,18
1.1500000000000001,-0.66188581452821571,0,0,low_frequency_random,18
1.155,-0.76252068721489819,0,0,low_frequency_random,18
1.1599999999999999,-0.62496707016422937,0,0,low_frequency_random,18
1.165,-0.60387618874331883,0,0,low_frequency_random,18
1.1699999999999999,-0.54792100213035233,0,0,low_frequency_random,18
1.175,-0.47557970125091081,0,0,low_frequency_random,18
1.1799999999999999,-0.55451225580192598,0,0,low_frequency_random,18
1.1850000000000001,-0.63803835237943218,0,0,low_frequency_random,18
1.1899999999999999,-0.51969326559515461,0,0,low_frequency_random,18
1.1950000000000001,-0.475112541982674,0,0,low_frequency_random,18
1.2,-0.46095560602423674,0,0,low_frequency_random,18
1.2050000000000001,-0.39221801227953962,0,0,low_frequency_random,18
1.21,-0.55286644932914741,0,0,low_frequency_random,18
1.2150000000000001,-0.46321225160291563,0,0,low_frequency_random,18
1.22,-0.44234988337904912,0,0,low_frequency_random,18
1.2250000000000001,-0.40186102417869934,0,0,low_frequency_random,18
1.23,-0.33919498922840541,0,0,low_frequency_random,18
1.2350000000000001,-0.16921596767171668,0,0,low_frequency_random,18
1.24,-0.10744192307628038,0,0,low_frequency_random,18
1.2450000000000001,-0.10758575597602012,0,0,low_frequency_random,18
1.25,-0.16963321011650823,0,0,low_frequency_random,18
1.2550000000000001,0.045564806826651871,0,0,low_frequency_random,18
1.26,-0.10790046706674747,0,0,low_frequency_random,18
1.2650000000000001,-0.12532350692272681,0,0,low_frequency_random,18
1.27,-0.14350149431883399,0,0,low_frequency_random,18
1.2750000000000001,-0.21866119835702369,0,0,low_frequency_random,18
1.28,-0.27383442367342653,0,0,low_frequency_random,18
1.2849999999999999,-0.29208680645988389,0,0,low_frequency_random,18
1.29,-0.40348411965438014,0,0,low_frequency_random,18
1.2949999999999999,-0.4481176962544377,0,0,low_frequency_random,18
1.3,-0.44298179542734534,0,0,low_frequency_random,18
1.3049999999999999,-0.58984218859935766,0,0,low_frequency_random,18
1.3100000000000001,-0.61675835520770694,0,0,low_frequency_random,18
1.3149999999999999,-0.62718084480993963,0,0,low_frequency_random,18
1.3200000000000001,-0.66160210712614931,0,0,low_frequency_random,18
1.325,-0.69507931379713062,0,0,low_frequency_random,18
1.3300000000000001,-0.72564586952685284,0,0,low_frequency_random,18
1.335,-0.78389824457790713,0,0,low_frequency_random,18
1.3400000000000001,-0.86254750645723011,0,0,low_frequency_random,18
1.345,-0.82553105928398907,0,0,low_frequency_random,18
1.3500000000000001,-0.83299523133799247,0,0,low_frequency_random,18
1.355,-0.83301501577684811,0,0,low_frequency_random,18
1.3600000000000001,-0.71266744906045398,0,0,low_frequency_random,18
1.365,-0.61961089033184369,0,0,low_frequency_random,18
1.3700000000000001,-0.65071359793210359,0,0,low_frequency_random,18
1.375,-0.50703169608832666,0,0,low_frequency_random,18
1.3800000000000001,-0.50201999897033922,0,0,low_frequency_random,18
1.385,-0.40362433060526159,0,0,low_frequency_random,18
1.3900000000000001,-0.53933160194030338,0,0,low_frequency_random,18
1.395,-0.39452162985966455,0,0,low_frequency_random,18
1.4000000000000001,-0.39833416413803974,0,0,low_frequency_random,18
1.405,-0.45138039912363748,0,0,low_frequency_random,18
1.4099999999999999,-0.51237598947972696,0,0,low_frequency_random,18
1.415,-0.70439455239664273,0,0,low_frequency_random,18
1.4199999999999999,-0.80168364076739529,0,0,low_frequency_random,18
1.425,-0.85583078174759963,0,0,low_frequency_random,18
1.4299999999999999,-0.73000938402342264,0,0,low_frequency_random,18
1.4350000000000001,-0.7209806175229625,0,0,low_frequency_random,18
1.4399999999999999,-0.74987711734947349,0,0,low_frequency_random,18
1.4450000000000001,-0.65337865786429994,0,0,low_frequency_random,18
1.45,-0.61954737350001921,0,0,low_frequency_random,18
1.4550000000000001,-0.66713085304705821,0,0,low_frequency_random,18
1.46,-0.73243009052168462,0,0,low_frequency_random,18
1.4650000000000001,-0.86816235939086484,0,0,low_frequency_random,18
1.47,-0.87638624049446123,0,0,low_frequency_random,18
1.4750000000000001,-1.0465142362741511,0,0,low_frequency_random,18
1.48,-0.97665144447421082,0,0,low_frequency_random,18
1.4850000000000001,-1.1028019928420514,0,0,low_frequency_random,18
1.49,-1.0958671860804934,0,0,low_frequency_random,18
1.4950000000000001,-1.0079802547905761,0,0,low_frequency_random,18
1.5,-1.0687056389651894,0,0,low_frequency_random,18
1.5050000000000001,-1.0711745648636291,0,0,low_frequency_random,18
1.51,-0.91131964430449375,0,0,low_frequency_random,18
1.5150000000000001,-0.94225977110361581,0,0,low_frequency_random,18
1.52,-0.85787589565446098,0,0,low_frequency_random,18
1.5250000000000001,-0.78135291792711825,0,0,low_frequency_random,18
1.53,-0.9225438494940158,0,0,low_frequency_random,18
1.5350000000000001,-0.89210796983869112,0,0,low_frequency_random,18
1.54,-0.98653161103614484,0,0,low_frequency_random,18
1.5449999999999999,-0.96325101820102388,0,0,low_frequency_random,18
1.55,-0.93362136130462359,0,0,low_frequency_random,18
1.5549999999999999,-0.834374000166617,0,0,low_frequency_random,18
1.5600000000000001,-0.83117892098212964,0,0,low_frequency_random,18
1.5649999999999999,-0.81276009721632747,0,0,low_frequency_random,18
1.5700000000000001,-0.77770267739524579,0,0,low_frequency_random,18
1.575,-0.58529168680729426,0,0,low_frequency_random,18
1.5800000000000001,-0.54933600763928603,0,0,low_frequency_random,18
1.585,-0.38536408046661252,0,0,low_frequency_random,18
1.5900000000000001,-0.42832944783110577,0,0,low_frequency_random,18
1.595,-0.49489531415856919,0,0,low_frequency_random,18
1.6000000000000001,-0.4322282822069044,0,0,low_frequency_random,18
1.605,-0.4875591376277798,0,0,low_frequency_random,18
1.6100000000000001,-0.4599254623145711,0,0,low_frequency_random,18
1.615,-0.45603701717207945,0,0,low_frequency_random,18
1.6200000000000001,-0.27471130116593867,0,0,low_frequency_random,18
1.625,-0.13166078779653903,0,0,low_frequency_random,18
1.6300000000000001,0.055447498842005505,0,0,low_frequency_random,18
1.635,0.12497274695104869,0,0,low_frequency_random,18
1.6400000000000001,0.12115404653186848,0,0,low_frequency_random,18
1.645,0.11700249859813497,0,0,low_frequency_random,18
1.6500000000000001,0.28220082736209107,0,0,low_frequency_random,18
1.655,0.19862937073208403,0,0,low_frequency_random,18
1.6600000000000001,0.16472267279870956,0,0,low_frequency_random,18
1.665,0.095559728318908119,0,0,low_frequency_random,18
1.6699999999999999,0.19223919239145471,0,0,low_frequency_random,18
1.675,0.19451707060165274,0,0,low_frequency_random,18
1.6799999999999999,0.27394984697396729,0,0,low_frequency_random,18
1.6850000000000001,0.38562875109952988,0,0,low_frequency_random,18
1.6899999999999999,0.61984159266618033,0,0,low_frequency_random,18
1.6950000000000001,0.69772365389297686,0,0,low_frequency_random,18
1.7,0.51227531064952414,0,0,low_frequency_random,18
1.7050000000000001,0.34863444652631159,0,0,low_frequency_random,18
1.71,0.33735957841828323,0,0,low_frequency_random,18
1.7150000000000001,0.46418210049993913,0,0,low_frequency_random,18
1.72,0.39638001379122151,0,0,low_frequency_random,18
1.7250000000000001,0.37331012464881419,0,0,low_frequency_random,18
1.73,0.26480686154278138,0,0,low_frequency_random,18
1.7350000000000001,0.22016454775685693,0,0,low_frequency_random,18
1.74,0.249170100664803,0,0,low_frequency_random,18
1.7450000000000001,0.24759539683393109,0,0,low_frequency_random,18
1.75,0.26453611262688959,0,0,low_frequency_random,18
1.7550000000000001,0.34019093875102491,0,0,low_frequency_random,18
1.76,0.32513321772409765,0,0,low_frequency_random,18
1.7650000000000001,0.26682920392743215,0,0,low_frequency_random,18
1.77,0.049400625422845124,0,0,low_frequency_random,18
1.7750000000000001,-0.038308348639365282,0,0,low_frequency_random,18
1.78,0.061667135198231256,0,0,low_frequency_random,18
1.7850000000000001,-0.039556418275245926,0,0,low_frequency_random,18
1.79,-0.089084844106264605,0,0,low_frequency_random,18
1.7949999999999999,-0.16297586044719642,0,0,low_frequency_random,18
1.8,-0.16778903495432437,0,0,low_frequency_random,18
1.8049999999999999,-0.12269023582710056,0,0,low_frequency_random,18
1.8100000000000001,-0.18519573559278138,0,0,low_frequency_random,18
1.8149999999999999,-0.25842038193799866,0,0,low_frequency_random,18
1.8200000000000001,-0.21312622848297377,0,0,low_frequency_random,18
1.825,-0.33966216663814641,0,0,low_frequency_random,18
1.8300000000000001,-0.31592840629239899,0,0,low_frequency_random,18
1.835,-0.37969040749503979,0,0,low_frequency_random,18
1.8400000000000001,-0.39681646205147686,0,0,low_frequency_random,18
1.845,-0.33284733687275514,0,0,low_frequency_random,18
1.8500000000000001,-0.27828861704462421,0,0,low_frequency_random,18
1.855,-0.20071201674360323,0,0,low_frequency_random,18
1.8600000000000001,-0.25546430086481942,0,0,low_frequency_random,18
1.865,-0.25495515498411364,0,0,low_frequency_random,18
1.8700000000000001,-0.31516993068373689,0,0,low_frequency_random,18
1.875,-0.39980842343770373,0,0,low_frequency_random,18
1.8800000000000001,-0.43002946309303802,0,0,low_frequency_random,18
1.885,-0.4048436924335479,0,0,low_frequency_random,18
1.8900000000000001,-0.39830415146971154,0,0,low_frequency_random,18
1.895,-0.40243278661412374,0,0,low_frequency_random,18
1.9000000000000001,-0.48525282681583604,0,0,low_frequency_random,18
1.905,-0.48416358761784595,0,0,low_frequency_random,18
1.9100000000000001,-0.45258411343272226,0,0,low_frequency_random,18
1.915,-0.30390641607314972,0,0,low_frequency_random,18
1.9199999999999999,-0.33551572808809976,0,0,low_frequency_random,18
1.925,-0.2543663153542231,0,0,low_frequency_random,18
1.9299999999999999,-0.24680595447323725,0,0,low_frequency_random,18
1.9350000000000001,-0.004144779011922145,0,0,low_frequency_random,18
1.9399999999999999,0.061005030881985764,0,0,low_frequency_random,18
1.9450000000000001,0.20667308446097143,0,0,low_frequency_random,18
1.95,0.27834237896107583,0,0,low_frequency_random,18
1.9550000000000001,0.21483159948840458,0,0,low_frequency_random,18
1.96,0.15210915731239016,0,0,low_frequency_random,18
1.9650000000000001,0.15945565267342729,0,0,low_frequency_random,18
1.97,0.085322881784118954,0,0,low_frequency_random,18
1.9750000000000001,0.11940085278439083,0,0,low_frequency_random,18
1.98,0.072689072064784019,0,0,low_frequency_random,18
1.9850000000000001,0.058021506851757394,0,0,low_frequency_random,18
1.99,-0.063961958611196829,0,0,low_frequency_random,18
1.9950000000000001,0.093908709671777391,0,0,low_frequency_random,18
2,0.0091317181010807241,0,0,low_frequency_random,18
2.0049999999999999,0.0061678487329527715,0,0,low_frequency_random,18
2.0100000000000002,-0.054314479519269383,0,0,low_frequency_random,18
2.0150000000000001,-0.030584648726430141,0,0,low_frequency_random,18
2.02,0.079700930440296469,0,0,low_frequency_random,18
2.0249999999999999,0.14897812028759089,0,0,low_frequency_random,18
2.0300000000000002,0.016831099371829777,0,0,low_frequency_random,18
2.0350000000000001,0.046374642152866158,0,0,low_frequency_random,18
2.04,0.13370050745614959,0,0,low_frequency_random,18
2.0449999999999999,0.24449562485978948,0,0,low_frequency_random,18
2.0499999999999998,0.20467544888154945,0,0,low_frequency_random,18
2.0550000000000002,0.16113247693512817,0,0,low_frequency_random,18
2.0600000000000001,0.021260503399314429,0,0,low_frequency_random,18
2.0649999999999999,0.2090179097803915,0,0,low_frequency_random,18
2.0699999999999998,0.19155928035743586,0,0,low_frequency_random,18
2.0750000000000002,0.16425040322346399,0,0,low_frequency_random,18
2.0800000000000001,0.11479276750669859,0,0,low_frequency_random,18
2.085,0.12632512187644004,0,0,low_frequency_random,18
2.0899999999999999,0.19079862781980686,0,0,low_frequency_random,18
2.0950000000000002,0.2658194221569814,0,0,low_frequency_random,18
2.1000000000000001,0.22790486667412874,0,0,low_frequency_random,18
2.105,0.13810595794681391,0,0,low_frequency_random,18
2.1099999999999999,0.2125240838706077,0,0,low_frequency_random,18
2.1150000000000002,0.16236095948536491,0,0,low_frequency_random,18
2.1200000000000001,0.31932258784178247,0,0,low_frequency_random,18
2.125,0.37180840150948319,0,0,low_frequency_random,18
2.1299999999999999,0.3399477165449914,0,0,low_frequency_random,18
2.1350000000000002,0.45802345956631346,0,0,low_frequency_random,18
2.1400000000000001,0.3234195307098805,0,0,low_frequency_random,18
2.145,0.33505451051377,0,0,low_frequency_random,18
2.1499999999999999,0.35636025714056235,0,0,low_frequency_random,18
2.1550000000000002,0.39388869044932207,0,0,low_frequency_random,18
2.1600000000000001,0.3212406584003511,0,0,low_frequency_random,18
2.165,0.33837777143657016,0,0,low_frequency_random,18
2.1699999999999999,0.38883603195640881,0,0,low_frequency_random,18
2.1750000000000003,0.46306874410582849,0,0,low_frequency_random,18
2.1800000000000002,0.45739184587303594,0,0,low_frequency_random,18
2.1850000000000001,0.34279115050719289,0,0,low_frequency_random,18
2.1899999999999999,0.38382858535734382,0,0,low_frequency_random,18
2.1949999999999998,0.27821299697675816,0,0,low_frequency_random,18
2.2000000000000002,0.27351614870333602,0,0,low_frequency_random,18
2.2050000000000001,0.26510435579398578,0,0,low_frequency_random,18
2.21,0.48576663277934151,0,0,low_frequency_random,18
2.2149999999999999,0.47183706867270309,0,0,low_frequency_random,18
2.2200000000000002,0.35915138921260104,0,0,low_frequency_random,18
2.2250000000000001,0.32087759122553022,0,0,low_frequency_random,18
2.23,0.38627564722928182,0,0,low_frequency_random,18
2.2349999999999999,0.35275270918512441,0,0,low_frequency_random,18
2.2400000000000002,0.49537963609533431,0,0,low_frequency_random,18
2.2450000000000001,0.50337956028632358,0,0,low_frequency_random,18
2.25,0.60557241529604633,0,0,low_frequency_random,18
2.2549999999999999,0.69088933726054613,0,0,low_frequency_random,18
2.2600000000000002,0.61986111614981487,0,0,low_frequency_random,18
2.2650000000000001,0.65502570917843828,0,0,low_frequency_random,18
2.27,0.60403726996411122,0,0,low_frequency_random,18
2.2749999999999999,0.6364812095065443,0,0,low_frequency_random,18
2.2800000000000002,0.61911823918193276,0,0,low_frequency_random,18
2.2850000000000001,0.65972792297195693,0,0,low_frequency_random,18
2.29,0.61400691081922254,0,0,low_frequency_random,18
2.2949999999999999,0.61732064046589852,0,0,low_frequency_random,18
2.3000000000000003,0.54202398456774248,0,0,low_frequency_random,18
2.3050000000000002,0.47327583324862477,0,0,low_frequency_random,18
2.3100000000000001,0.54592320676075323,0,0,low_frequency_random,18
2.3149999999999999,0.51042590931113396,0,0,low_frequency_random,18
2.3199999999999998,0.40308194854865315,0,0,low_frequency_random,18
2.3250000000000002,0.30021747471580534,0,0,low_frequency_random,18
2.3300000000000001,0.28728712538858203,0,0,low_frequency_random,18
2.335,0.37658810413968768,0,0,low_frequency_random,18
2.3399999999999999,0.35750246571213085,0,0,low_frequency_random,18
2.3450000000000002,0.39037587475451879,0,0,low_frequency_random,18
2.3500000000000001,0.37066345894923636,0,0,low_frequency_random,18
2.355,0.33029301308032155,0,0,low_frequency_random,18
2.3599999999999999,0.35102100556360871,0,0,low_frequency_random,18
2.3650000000000002,0.33104620168380006,0,0,low_frequency_random,18
2.3700000000000001,0.48471001868421049,0,0,low_frequency_random,18
2.375,0.50473999138829284,0,0,low_frequency_random,18
2.3799999999999999,0.56810433141530881,0,0,low_frequency_random,18
2.3850000000000002,0.52800387245331426,0,0,low_frequency_random,18
2.3900000000000001,0.50575040325931242,0,0,low_frequency_random,18
2.395,0.38580111198413486,0,0,low_frequency_random,18
2.3999999999999999,0.35003892988796659,0,0,low_frequency_random,18
2.4050000000000002,0.23651432830620506,0,0,low_frequency_random,18
2.4100000000000001,0.15554592802076117,0,0,low_frequency_random,18
2.415,0.12895490067146748,0,0,low_frequency_random,18
2.4199999999999999,-0.030846058194727577,0,0,low_frequency_random,18
2.4250000000000003,-0.19373397453001889,0,0,low_frequency_random,18
2.4300000000000002,-0.31265241901242452,0,0,low_frequency_random,18
2.4350000000000001,-0.23707811554092414,0,0,low_frequency_random,18
2.4399999999999999,-0.21157992748912535,0,0,low_frequency_random,18
2.4449999999999998,-0.073573326102598841,0,0,low_frequency_random,18
2.4500000000000002,-0.019969259160620707,0,0,low_frequency_random,18
2.4550000000000001,-0.082733682146512319,0,0,low_frequency_random,18
2.46,-0.055234679962464499,0,0,low_frequency_random,18
2.4649999999999999,-0.084536770692040908,0,0,low_frequency_random,18
2.4700000000000002,-0.21612117135673842,0,0,low_frequency_random,18
2.4750000000000001,-0.23217661088042288,0,0,low_frequency_random,18
2.48,-0.22423221139647972,0,0,low_frequency_random,18
2.4849999999999999,-0.12303665228340853,0,0,low_frequency_random,18
2.4900000000000002,-0.045002165654549856,0,0,low_frequency_random,18
2.4950000000000001,-0.15142108128209308,0,0,low_frequency_random,18
2.5,-0.23490069414205481,0,0,low_frequency_random,18
2.5049999999999999,-0.19718505869876157,0,0,low_frequency_random,18
2.5100000000000002,-0.17741858418949535,0,0,low_frequency_random,18
2.5150000000000001,-0.19942545893061051,0,0,low_frequency_random,18
2.52,-0.21172875621341147,0,0,low_frequency_random,18
2.5249999999999999,-0.1263496400509847,0,0,low_frequency_random,18
2.5300000000000002,-0.045831438585112613,0,0,low_frequency_random,18
2.5350000000000001,-0.089653280883871825,0,0,low_frequency_random,18
2.54,-0.12865803267063874,0,0,low_frequency_random,18
2.5449999999999999,-0.13989286749365143,0,0,low_frequency_random,18
2.5500000000000003,-0.21935544170871074,0,0,low_frequency_random,18
2.5550000000000002,-0.26999547002318103,0,0,low_frequency_random,18
2.5600000000000001,-0.15258736029003858,0,0,low_frequency_random,18
2.5649999999999999,-0.063220876150427457,0,0,low_frequency_random,18
2.5699999999999998,-0.078583315245314825,0,0,low_frequency_random,18
2.5750000000000002,-0.067098840510316782,0,0,low_frequency_random,18
2.5800000000000001,0.051305234514969253,0,0,low_frequency_random,18
2.585,-0.00034255094857944812,0,0,low_frequency_random,18
2.5899999999999999,-0.074986613017768558,0,0,low_frequency_random,18
2.5950000000000002,-0.012287237885208933,0,0,low_frequency_random,18
2.6000000000000001,0.012369726110583124,0,0,low_frequency_random,18
2.605,-0.095217046354729135,0,0,low_frequency_random,18
2.6099999999999999,-0.063321019076080037,0,0,low_frequency_random,18
2.6150000000000002,-0.11134931358358703,0,0,low_frequency_random,18
2.6200000000000001,-0.12137870815093309,0,0,low_frequency_random,18
2.625,0.045566700204512547,0,0,low_frequency_random,18
2.6299999999999999,0.049225949631719966,0,0,low_frequency_random,18
2.6350000000000002,0.013875482672458361,0,0,low_frequency_random,18
2.6400000000000001,-0.079409700494842778,0,0,low_frequency_random,18
2.645,-0.021071914055813573,0,0,low_frequency_random,18
2.6499999999999999,-0.042099011423995039,0,0,low_frequency_random,18
2.6550000000000002,0.011227981646607703,0,0,low_frequency_random,18
2.6600000000000001,0.14234588257316733,0,0,low_frequency_random,18
2.665,0.20418510535865503,0,0,low_frequency_random,18
2.6699999999999999,0.29442807113083402,0,0,low_frequency_random,18
2.6750000000000003,0.40260412339403956,0,0,low_frequency_random,18
2.6800000000000002,0.27450919022910358,0,0,low_frequency_random,18
2.6850000000000001,0.24707196607230211,0,0,low_frequency_random,18
2.6899999999999999,0.13628666177553672,0,0,low_frequency_random,18
2.6949999999999998,0.18822183400697806,0,0,low_frequency_random,18
2.7000000000000002,0.16659631970213645,0,0,low_frequency_random,18
2.7050000000000001,0.20061520639406846,0,0,low_frequency_random,18
2.71,0.20400587297745015,0,0,low_frequency_random,18
2.7149999999999999,0.14779995421455988,0,0,low_frequency_random,18
2.7200000000000002,0.098095627007741631,0,0,low_frequency_random,18
2.7250000000000001,0.12805449273494027,0,0,low_frequency_random,18
2.73,0.17711226112637965,0,0,low_frequency_random,18
2.7349999999999999,0.13151735443778004,0,0,low_frequency_random,18
2.7400000000000002,-0.014857707823863753,0,0,low_frequency_random,18
2.7450000000000001,-0.20952831565793784,0,0,low_frequency_random,18
2.75,-0.1653192951644224,0,0,low_frequency_random,18
2.7549999999999999,-0.12195423462243157,0,0,low_frequency_random,18
2.7600000000000002,-0.19403341498629037,0,0,low_frequency_random,18
2.7650000000000001,-0.1975953048784326,0,0,low_frequency_random,18
2.77,-0.10149070538034255,0,0,low_frequency_random,18
2.7749999999999999,-0.082935645160461785,0,0,low_frequency_random,18
2.7800000000000002,0.023323693678762136,0,0,low_frequency_random,18
2.7850000000000001,0.085870297802854503,0,0,low_frequency_random,18
2.79,0.03532742917031316,0,0,low_frequency_random,18
2.7949999999999999,-0.071294761606495005,0,0,low_frequency_random,18
2.8000000000000003,-0.0032023717908100241,0,0,low_frequency_random,18
2.8050000000000002,0.016840562818792218,0,0,low_frequency_random,18
2.8100000000000001,0.11650873897109904,0,0,low_frequency_random,18
2.8149999999999999,0.11960766462434555,0,0,low_frequency_random,18
2.8199999999999998,0.17290762163055357,0,0,low_frequency_random,18
2.8250000000000002,0.12339039955665959,0,0,low_frequency_random,18
2.8300000000000001,-0.052249627797726073,0,0,low_frequency_random,18
2.835,-0.087422468724842661,0,0,low_frequency_random,18
2.8399999999999999,-0.23125575274172105,0,0,low_frequency_random,18
2.8450000000000002,-0.29251737025761615,0,0,low_frequency_random,18
2.8500000000000001,-0.33136342475314906,0,0,low_frequency_random,18
2.855,-0.20258540655034232,0,0,low_frequency_random,18
2.8599999999999999,-0.24736569558225835,0,0,low_frequency_random,18
2.8650000000000002,-0.14938492375887286,0,0,low_frequency_random,18
2.8700000000000001,-0.27491496929639531,0,0,low_frequency_random,18
2.875,-0.13080674429961595,0,0,low_frequency_random,18
2.8799999999999999,-0.29031118103485043,0,0,low_frequency_random,18
2.8850000000000002,-0.33768800609212957,0,0,low_frequency_random,18
2.8900000000000001,-0.19323221501491716,0,0,low_frequency_random,18
2.895,-0.066144526299130063,0,0,low_frequency_random,18
2.8999999999999999,-0.029606845364695301,0,0,low_frequency_random,18
2.9050000000000002,-0.0096389464163843183,0,0,low_frequency_random,18
2.9100000000000001,0.059731888750167716,0,0,low_frequency_random,18
2.915,-0.027985693534156544,0,0,low_frequency_random,18
2.9199999999999999,0.002904132111077231,0,0,low_frequency_random,18
2.9250000000000003,0.13318410373984554,0,0,low_frequency_random,18
2.9300000000000002,0.25326016207955315,0,0,low_frequency_random,18
2.9350000000000001,0.097175367491337789,0,0,low_frequency_random,18
2.9399999999999999,0.16030237029060268,0,0,low_frequency_random,18
2.9449999999999998,0.12925301373714701,0,0,low_frequency_random,18
2.9500000000000002,0.04668277691863576,0,0,low_frequency_random,18
2.9550000000000001,-0.042925560915565319,0,0,low_frequency_random,18
2.96,-0.12900025802328621,0,0,low_frequency_random,18
2.9649999999999999,-0.25697981276639381,0,0,low_frequency_random,18
2.9700000000000002,-0.16990331548789384,0,0,low_frequency_random,18
2.9750000000000001,-0.35258261568984522,0,0,low_frequency_random,18
2.98,-0.39580440104507925,0,0,low_frequency_random,18
2.9849999999999999,-0.47167203659099244,0,0,low_frequency_random,18
2.9900000000000002,-0.38042878544817349,0,0,low_frequency_random,18
2.9950000000000001,-0.4323690977491263,0,0,low_frequency_random,18
3,-0.44343887058851289,0,0,low_frequency_random,18
3.0049999999999999,-0.55934167383621913,0,0,low_frequency_random,18
3.0100000000000002,-0.59736295222593372,0,0,low_frequency_random,18
3.0150000000000001,-0.55218161570224245,0,0,low_frequency_random,18
3.02,-0.65126900491634188,0,0,low_frequency_random,18
3.0249999999999999,-0.61089895726046473,0,0,low_frequency_random,18
3.0300000000000002,-0.61768755639634798,0,0,low_frequency_random,18
3.0350000000000001,-0.59130722527284929,0,0,low_frequency_random,18
3.04,-0.55489145120669037,0,0,low_frequency_random,18
3.0449999999999999,-0.4912449712144844,0,0,low_frequency_random,18
3.0500000000000003,-0.68204831591524773,0,0,low_frequency_random,18
3.0550000000000002,-0.58281964746331516,0,0,low_frequency_random,18
3.0600000000000001,-0.6811442778816823,0,0,low_frequency_random,18
3.0649999999999999,-0.80656847090898798,0,0,low_frequency_random,18
3.0700000000000003,-0.82576264950307199,0,0,low_frequency_random,18
3.0750000000000002,-0.79734200010420331,0,0,low_frequency_random,18
3.0800000000000001,-0.68469582740851931,0,0,low_frequency_random,18
3.085,-0.73502614755530815,0,0,low_frequency_random,18
3.0899999999999999,-0.5877147942164811,0,0,low_frequency_random,18
3.0950000000000002,-0.61159538883306219,0,0,low_frequency_random,18
3.1000000000000001,-0.53459646455813981,0,0,low_frequency_random,18
3.105,-0.61508088544121686,0,0,low_frequency_random,18
3.1099999999999999,-0.59160897493707609,0,0,low_frequency_random,18
3.1150000000000002,-0.60942325699480948,0,0,low_frequency_random,18
3.1200000000000001,-0.55543469705198201,0,0,low_frequency_random,18
3.125,-0.52311406951184469,0,0,low_frequency_random,18
3.1299999999999999,-0.50814248517599514,0,0,low_frequency_random,18
3.1350000000000002,-0.54663526126190809,0,0,low_frequency_random,18
3.1400000000000001,-0.55289856435252649,0,0,low_frequency_random,18
3.145,-0.57911889026430585,0,0,low_frequency_random,18
3.1499999999999999,-0.6867869632328979,0,0,low_frequency_random,18
3.1550000000000002,-0.82323292687118466,0,0,low_frequency_random,18
3.1600000000000001,-0.86518014006479382,0,0,low_frequency_random,18
3.165,-0.9226655828847774,0,0,low_frequency_random,18
3.1699999999999999,-0.92314862291590083,0,0,low_frequency_random,18
3.1750000000000003,-0.88155868539659465,0,0,low_frequency_random,18
3.1800000000000002,-0.81799095436488956,0,0,low_frequency_random,18
3.1850000000000001,-0.93313770205777091,0,0,low_frequency_random,18
3.1899999999999999,-0.97507310350434107,0,0,low_frequency_random,18
3.1950000000000003,-1.0520016583417084,0,0,low_frequency_random,18
3.2000000000000002,-1.037417986708735,0,0,low_frequency_random,18
3.2050000000000001,-1.0962500683828587,0,0,low_frequency_random,18
3.21,-1.0527569042117242,0,0,low_frequency_random,18
3.2149999999999999,-1.0173939244338619,0,0,low_frequency_random,18
3.2200000000000002,-0.90841176828445425,0,0,low_frequency_random,18
3.2250000000000001,-0.79521918753475074,0,0,low_frequency_random,18
3.23,-0.90544965579681302,0,0,low_frequency_random,18
3.2349999999999999,-0.94063830088660727,0,0,low_frequency_random,18
3.2400000000000002,-1.0151079477423655,0,0,low_frequency_random,18
3.2450000000000001,-1.0516384586777081,0,0,low_frequency_random,18
3.25,-1.0122805459427595,0,0,low_frequency_random,18
3.2549999999999999,-1.0078136665462298,0,0,low_frequency_random,18
3.2600000000000002,-1.0685219813568818,0,0,low_frequency_random,18
3.2650000000000001,-1.0345687460618627,0,0,low_frequency_random,18
3.27,-1.1173978970064142,0,0,low_frequency_random,18
3.2749999999999999,-1.1972537793612663,0,0,low_frequency_random,18
3.2800000000000002,-1.2989508678385375,0,0,low_frequency_random,18
3.2850000000000001,-1.2742545224584239,0,0,low_frequency_random,18
3.29,-1.2527389773034183,0,0,low_frequency_random,18
3.2949999999999999,-1.2396881413085161,0,0,low_frequency_random,18
3.3000000000000003,-1.2087391985064033,0,0,low_frequency_random,18
3.3050000000000002,-1.1101251525077844,0,0,low_frequency_random,18
3.3100000000000001,-1.1708570972500301,0,0,low_frequency_random,18
3.3149999999999999,-1.1055515646292675,0,0,low_frequency_random,18
3.3200000000000003,-0.99011378080574552,0,0,low_frequency_random,18
3.3250000000000002,-0.97621869064895073,0,0,low_frequency_random,18
3.3300000000000001,-1.101033759294737,0,0,low_frequency_random,18
3.335,-1.2406589368004461,0,0,low_frequency_random,18
3.3399999999999999,-1.232829464222623,0,0,low_frequency_random,18
3.3450000000000002,-1.1630578221987422,0,0,low_frequency_random,18
3.3500000000000001,-1.2430884665817996,0,0,low_frequency_random,18
3.355,-1.2452470751263556,0,0,low_frequency_random,18
3.3599999999999999,-1.2101207029001353,0,0,low_frequency_random,18
3.3650000000000002,-1.1114327348780388,0,0,low_frequency_random,18
3.3700000000000001,-1.2013832152892974,0,0,low_frequency_random,18
3.375,-1.1513594177401052,0,0,low_frequency_random,18
3.3799999999999999,-1.1737663397295659,0,0,low_frequency_random,18
3.3850000000000002,-1.214110084913256,0,0,low_frequency_random,18
3.3900000000000001,-1.1835770928154039,0,0,low_frequency_random,18
3.395,-1.0893694946747192,0,0,low_frequency_random,18
3.3999999999999999,-1.1428536001526564,0,0,low_frequency_random,18
3.4050000000000002,-1.2625869731254107,0,0,low_frequency_random,18
3.4100000000000001,-1.2546456957303467,0,0,low_frequency_random,18
3.415,-1.3414248619346119,0,0,low_frequency_random,18
3.4199999999999999,-1.4276399657780472,0,0,low_frequency_random,18
3.4250000000000003,-1.512105396364636,0,0,low_frequency_random,18
3.4300000000000002,-1.5783473931138248,0,0,low_frequency_random,18
3.4350000000000001,-1.5351191098259052,0,0,low_frequency_random,18
3.4399999999999999,-1.5435237589258926,0,0,low_frequency_random,18
3.4450000000000003,-1.5683113632972283,0,0,low_frequency_random,18
3.4500000000000002,-1.5551432542208306,0,0,low_frequency_random,18
3.4550000000000001,-1.6009784230191493,0,0,low_frequency_random,18
3.46,-1.6125832547611412,0,0,low_frequency_random,18
3.4649999999999999,-1.4827046237148607,0,0,low_frequency_random,18
3.4700000000000002,-1.4654940670128831,0,0,low_frequency_random,18
3.4750000000000001,-1.4890849650426223,0,0,low_frequency_random,18
3.48,-1.4859284785706461,0,0,low_frequency_random,18
3.4849999999999999,-1.4366958244880461,0,0,low_frequency_random,18
3.4900000000000002,-1.4058684869145803,0,0,low_frequency_random,18
3.4950000000000001,-1.4215552152115545,0,0,low_frequency_random,18
3.5,-1.425699691524926,0,0,low_frequency_random,18
3.5049999999999999,-1.4760791757824403,0,0,low_frequency_random,18
3.5100000000000002,-1.3200605183200933,0,0,low_frequency_random,18
3.5150000000000001,-1.2736682912466775,0,0,low_frequency_random,18
3.52,-1.1951757418745803,0,0,low_frequency_random,18
3.5249999999999999,-1.2150366858042236,0,0,low_frequency_random,18
3.5300000000000002,-1.1634398607589833,0,0,low_frequency_random,18
3.5350000000000001,-1.2394079736377235,0,0,low_frequency_random,18
3.54,-1.3298484411559341,0,0,low_frequency_random,18
3.5449999999999999,-1.1968993386604116,0,0,low_frequency_random,18
3.5500000000000003,-1.1269411945894665,0,0,low_frequency_random,18
3.5550000000000002,-1.1639796453976214,0,0,low_frequency_random,18
3.5600000000000001,-1.3391656486865486,0,0,low_frequency_random,18
3.5649999999999999,-1.2945975761437298,0,0,low_frequency_random,18
3.5700000000000003,-1.2159228025457285,0,0,low_frequency_random,18
3.5750000000000002,-1.270367485232365,0,0,low_frequency_random,18
3.5800000000000001,-1.2357776865317556,0,0,low_frequency_random,18
3.585,-1.3376678922357021,0,0,low_frequency_random,18
3.5899999999999999,-1.4037523534980509,0,0,low_frequency_random,18
3.5950000000000002,-1.423600075745995,0,0,low_frequency_random,18
3.6000000000000001,-1.3907310951547058,0,0,low_frequency_random,18
3.605,-1.353812080267379,0,0,low_frequency_random,18
3.6099999999999999,-1.231562061733489,0,0,low_frequency_random,18
3.6150000000000002,-1.1879181428830863,0,0,low_frequency_random,18
3.6200000000000001,-1.2246982705816551,0,0,low_frequency_random,18
3.625,-1.1779696375802866,0,0,low_frequency_random,18
3.6299999999999999,-1.1575920991786848,0,0,low_frequency_random,18
3.6350000000000002,-1.158130754035799,0,0,low_frequency_random,18
3.6400000000000001,-1.1507395609693891,0,0,low_frequency_random,18
3.645,-1.1543849367582277,0,0,low_frequency_random,18
3.6499999999999999,-1.1529579262393754,0,0,low_frequency_random,18
3.6550000000000002,-1.3859004352231499,0,0,low_frequency_random,18
3.6600000000000001,-1.2915980057976668,0,0,low_frequency_random,18
3.665,-1.283739127198025,0,0,low_frequency_random,18
3.6699999999999999,-1.2824233445909476,0,0,low_frequency_random,18
3.6750000000000003,-1.2726046165376375,0,0,low_frequency_random,18
3.6800000000000002,-1.2656302531234875,0,0,low_frequency_random,18
3.6850000000000001,-1.3416902271865074,0,0,low_frequency_random,18
3.6899999999999999,-1.2451101212005362,0,0,low_frequency_random,18
3.6950000000000003,-1.2649001918634104,0,0,low_frequency_random,18
3.7000000000000002,-1.1988703134922984,0,0,low_frequency_random,18
3.7050000000000001,-1.2546679175410931,0,0,low_frequency_random,18
3.71,-1.3002770809098423,0,0,low_frequency_random,18
3.7149999999999999,-1.2905896617341681,0,0,low_frequency_random,18
3.7200000000000002,-1.2534512786574572,0,0,low_frequency_random,18
3.7250000000000001,-1.0722988006586005,0,0,low_frequency_random,18
3.73,-1.1906695268313019,0,0,low_frequency_random,18
3.7349999999999999,-1.2784398470840228,0,0,low_frequency_random,18
3.7400000000000002,-1.2930254396704948,0,0,low_frequency_random,18
3.7450000000000001,-1.3263180902649325,0,0,low_frequency_random,18
3.75,-1.1903261664590026,0,0,low_frequency_random,18
3.7549999999999999,-1.1954459504685369,0,0,low_frequency_random,18
3.7600000000000002,-1.2663299609169867,0,0,low_frequency_random,18
3.7650000000000001,-1.3720897860244738,0,0,low_frequency_random,18
3.77,-1.4065984090829016,0,0,low_frequency_random,18
3.7749999999999999,-1.5339615853102653,0,0,low_frequency_random,18
3.7800000000000002,-1.5036267651991995,0,0,low_frequency_random,18
3.7850000000000001,-1.3518510767893479,0,0,low_frequency_random,18
3.79,-1.4346221240503167,0,0,low_frequency_random,18
3.7949999999999999,-1.4032036061933213,0,0,low_frequency_random,18
3.8000000000000003,-1.3426731025704672,0,0,low_frequency_random,18
3.8050000000000002,-1.3367558424657311,0,0,low_frequency_random,18
3.8100000000000001,-1.3445110656351704,0,0,low_frequency_random,18
3.8149999999999999,-1.3057320494206843,0,0,low_frequency_random,18
3.8200000000000003,-1.1916183025034948,0,0,low_frequency_random,18
3.8250000000000002,-1.2137112697337966,0,0,low_frequency_random,18
3.8300000000000001,-1.2608355564265494,0,0,low_frequency_random,18
3.835,-1.276863590578416,0,0,low_frequency_random,18
3.8399999999999999,-1.3433349384549964,0,0,low_frequency_random,18
3.8450000000000002,-1.2003668065806024,0,0,low_frequency_random,18
3.8500000000000001,-1.1759449466268053,0,0,low_frequency_random,18
3.855,-1.1882277543400115,0,0,low_frequency_random,18
3.8599999999999999,-1.1468110240257883,0,0,low_frequency_random,18
3.8650000000000002,-1.1591502395910804,0,0,low_frequency_random,18
3.8700000000000001,-1.0634296427394461,0,0,low_frequency_random,18
3.875,-1.2391127002339366,0,0,low_frequency_random,18
3.8799999999999999,-1.3261631041432229,0,0,low_frequency_random,18
3.8850000000000002,-1.2494278674502377,0,0,low_frequency_random,18
3.8900000000000001,-1.1766203114716554,0,0,low_frequency_random,18
3.895,-1.1449339987355203,0,0,low_frequency_random,18
3.8999999999999999,-1.1249811776396887,0,0,low_frequency_random,18
3.9050000000000002,-1.0538174874216992,0,0,low_frequency_random,18
3.9100000000000001,-1.0628633355796333,0,0,low_frequency_random,18
3.915,-1.0885076922755548,0,0,low_frequency_random,18
3.9199999999999999,-1.0523471398021298,0,0,low_frequency_random,18
3.9250000000000003,-1.126399685695916,0,0,low_frequency_random,18
3.9300000000000002,-1.180449504767368,0,0,low_frequency_random,18
3.9350000000000001,-1.0584624704664749,0,0,low_frequency_random,18
3.9399999999999999,-0.96253064802457733,0,0,low_frequency_random,18
3.9450000000000003,-0.92123739809440863,0,0,low_frequency_random,18
3.9500000000000002,-0.93712125256480305,0,0,low_frequency_random,18
3.9550000000000001,-0.84041266586101737,0,0,low_frequency_random,18
3.96,-0.76057961507363836,0,0,low_frequency_random,18
3.9650000000000003,-0.77281726386409122,0,0,low_frequency_random,18
3.9700000000000002,-0.75077547642631315,0,0,low_frequency_random,18
3.9750000000000001,-0.69499754002745917,0,0,low_frequency_random,18
3.98,-0.87164638727572252,0,0,low_frequency_random,18
3.9849999999999999,-0.88734415393533461,0,0,low_frequency_random,18
3.9900000000000002,-1.0043389870082304,0,0,low_frequency_random,18
3.9950000000000001,-1.077244964553878,0,0,low_frequency_random,18
4,-1.0487760242687898,0,0,low_frequency_random,18
4.0049999999999999,-1.0102041135969544,0,0,low_frequency_random,18
4.0099999999999998,-1.1002208772121078,0,0,low_frequency_random,18
4.0149999999999997,-1.0851754772944913,0,0,low_frequency_random,18
4.0200000000000005,-1.0993331612227986,0,0,low_frequency_random,18
4.0250000000000004,-0.98222014283225101,0,0,low_frequency_random,18
4.0300000000000002,-0.95948153985909523,0,0,low_frequency_random,18
4.0350000000000001,-1.0144428813771391,0,0,low_frequency_random,18
4.04,-0.98215973826497405,0,0,low_frequency_random,18
4.0449999999999999,-0.87178917523474619,0,0,low_frequency_random,18
4.0499999999999998,-0.894543538224852,0,0,low_frequency_random,18
4.0549999999999997,-0.90223533761247166,0,0,low_frequency_random,18
4.0600000000000005,-0.84166594529985572,0,0,low_frequency_random,18
4.0650000000000004,-0.91169639274054692,0,0,low_frequency_random,18
4.0700000000000003,-0.83848457075006788,0,0,low_frequency_random,18
4.0750000000000002,-0.93262179502904918,0,0,low_frequency_random,18
4.0800000000000001,-0.87744746685219888,0,0,low_frequency_random,18
4.085,-0.89917324400605414,0,0,low_frequency_random,18
4.0899999999999999,-0.88667303820913002,0,0,low_frequency_random,18
4.0949999999999998,-0.99422151087488231,0,0,low_frequency_random,18
4.0999999999999996,-1.0165107715071047,0,0,low_frequency_random,18
4.1050000000000004,-1.0734250868251398,0,0,low_frequency_random,18
4.1100000000000003,-1.1513418920540479,0,0,low_frequency_random,18
4.1150000000000002,-1.2880418247992849,0,0,low_frequency_random,18
4.1200000000000001,-1.2811093598785408,0,0,low_frequency_random,18
4.125,-1.3149701740609685,0,0,low_frequency_random,18
4.1299999999999999,-1.4288356787096954,0,0,low_frequency_random,18
4.1349999999999998,-1.4669841887255595,0,0,low_frequency_random,18
4.1399999999999997,-1.4718306108755466,0,0,low_frequency_random,18
4.1450000000000005,-1.4587406058407548,0,0,low_frequency_random,18
4.1500000000000004,-1.3730802190880906,0,0,low_frequency_random,18
4.1550000000000002,-1.4111580610966741,0,0,low_frequency_random,18
4.1600000000000001,-1.4680683816420077,0,0,low_frequency_random,18
4.165,-1.5271997734868896,0,0,low_frequency_random,18
4.1699999999999999,-1.4109710564428406,0,0,low_frequency_random,18
4.1749999999999998,-1.4906669843613596,0,0,low_frequency_random,18
4.1799999999999997,-1.6385098181213313,0,0,low_frequency_random,18
4.1850000000000005,-1.7215720915774093,0,0,low_frequency_random,18
4.1900000000000004,-1.8026974019476363,0,0,low_frequency_random,18
4.1950000000000003,-1.8695049133718264,0,0,low_frequency_random,18
4.2000000000000002,-1.7174734585244658,0,0,low_frequency_random,18
4.2050000000000001,-1.6422229864209517,0,0,low_frequency_random,18
4.21,-1.7052628537079451,0,0,low_frequency_random,18
4.2149999999999999,-1.6346847793332082,0,0,low_frequency_random,18
4.2199999999999998,-1.6517457064760162,0,0,low_frequency_random,18
4.2249999999999996,-1.578274856263941,0,0,low_frequency_random,18
4.2300000000000004,-1.3883399998200241,0,0,low_frequency_random,18
4.2350000000000003,-1.3546463491387983,0,0,low_frequency_random,18
4.2400000000000002,-1.366740257708247,0,0,low_frequency_random,18
4.2450000000000001,-1.2667682281560604,0,0,low_frequency_random,18
4.25,-1.2365793019998044,0,0,low_frequency_random,18
4.2549999999999999,-1.2953383769073072,0,0,low_frequency_random,18
4.2599999999999998,-1.3087101709152134,0,0,low_frequency_random,18
4.2649999999999997,-1.3049905204080747,0,0,low_frequency_random,18
4.2700000000000005,-1.2473075082017446,0,0,low_frequency_random,18
4.2750000000000004,-1.1795392794897797,0,0,low_frequency_random,18
4.2800000000000002,-1.1192473784846069,0,0,low_frequency_random,18
4.2850000000000001,-1.0486739893979473,0,0,low_frequency_random,18
4.29,-1.2923251303764076,0,0,low_frequency_random,18
4.2949999999999999,-1.3882077710463703,0,0,low_frequency_random,18
4.2999999999999998,-1.285118215118888,0,0,low_frequency_random,18
4.3049999999999997,-1.2724952810419929,0,0,low_frequency_random,18
4.3100000000000005,-1.3764636567084187,0,0,low_frequency_random,18
4.3150000000000004,-1.4464332534657487,0,0,low_frequency_random,18
4.3200000000000003,-1.4071042434664109,0,0,low_frequency_random,18
4.3250000000000002,-1.4322208624720068,0,0,low_frequency_random,18
4.3300000000000001,-1.284579926593308,0,0,low_frequency_random,18
4.335,-1.4251149905532605,0,0,low_frequency_random,18
4.3399999999999999,-1.5361886608531934,0,0,low_frequency_random,18
4.3449999999999998,-1.4387094821943347,0,0,low_frequency_random,18
4.3500000000000005,-1.2952099927151566,0,0,low_frequency_random,18
4.3550000000000004,-1.2389120057114427,0,0,low_frequency_random,18
4.3600000000000003,-1.2528017316609774,0,0,low_frequency_random,18
4.3650000000000002,-1.3269870993463893,0,0,low_frequency_random,18
4.3700000000000001,-1.4097426387230241,0,0,low_frequency_random,18
4.375,-1.4049986160734149,0,0,low_frequency_random,18
4.3799999999999999,-1.4269870151661921,0,0,low_frequency_random,18
4.3849999999999998,-1.40413810281214,0,0,low_frequency_random,18
4.3899999999999997,-1.2235448660490365,0,0,low_frequency_random,18
4.3950000000000005,-1.2292717062634302,0,0,low_frequency_random,18
4.4000000000000004,-1.1950598640804699,0,0,low_frequency_random,18
4.4050000000000002,-1.0294497037712924,0,0,low_frequency_random,18
4.4100000000000001,-1.0805352762264757,0,0,low_frequency_random,18
4.415,-1.0146225873572361,0,0,low_frequency_random,18
4.4199999999999999,-1.0916573228036777,0,0,low_frequency_random,18
4.4249999999999998,-1.2063514745559569,0,0,low_frequency_random,18
4.4299999999999997,-0.96098170139594574,0,0,low_frequency_random,18
4.4350000000000005,-0.97575925399177388,0,0,low_frequency_random,18
4.4400000000000004,-0.94484402216639241,0,0,low_frequency_random,18
4.4450000000000003,-1.0622876779628534,0,0,low_frequency_random,18
4.4500000000000002,-1.0168073425332873,0,0,low_frequency_random,18
4.4550000000000001,-0.97742469642897267,0,0,low_frequency_random,18
4.46,-1.0110888982596882,0,0,low_frequency_random,18
4.4649999999999999,-0.94470398214427209,0,0,low_frequency_random,18
4.4699999999999998,-0.93966998989078121,0,0,low_frequency_random,18
4.4750000000000005,-0.92605968765752888,0,0,low_frequency_random,18
4.4800000000000004,-0.90585731786072909,0,0,low_frequency_random,18
4.4850000000000003,-0.90224733126428935,0,0,low_frequency_random,18
4.4900000000000002,-1.0637808954706067,0,0,low_frequency_random,18
4.4950000000000001,-0.98329512773117034,0,0,low_frequency_random,18
4.5,-0.90474897928286269,0,0,low_frequency_random,18
4.5049999999999999,-0.98578855472717719,0,0,low_frequency_random,18
4.5099999999999998,-0.97651079748114988,0,0,low_frequency_random,18
4.5149999999999997,-1.1724919541287369,0,0,low_frequency_random,18
4.5200000000000005,-1.0798921047573158,0,0,low_frequency_random,18
4.5250000000000004,-1.000364164474226,0,0,low_frequency_random,18
4.5300000000000002,-1.0473571105962971,0,0,low_frequency_random,18
4.5350000000000001,-0.99783909837153717,0,0,low_frequency_random,18
4.54,-0.86301693316251504,0,0,low_frequency_random,18
4.5449999999999999,-0.90444877543537383,0,0,low_frequency_random,18
4.5499999999999998,-1.0017864472900484,0,0,low_frequency_random,18
4.5549999999999997,-1.0416268390105223,0,0,low_frequency_random,18
4.5600000000000005,-0.94351155153002564,0,0,low_frequency_random,18
4.5650000000000004,-0.86301688461697912,0,0,low_frequency_random,18
4.5700000000000003,-0.8623919353632743,0,0,low_frequency_random,18
4.5750000000000002,-0.90873266384998908,0,0,low_frequency_random,18
4.5800000000000001,-0.81533180467962907,0,0,low_frequency_random,18
4.585,-0.92412009059201228,0,0,low_frequency_random,18
4.5899999999999999,-0.93754836201408964,0,0,low_frequency_random,18
4.5949999999999998,-0.97897771433465852,0,0,low_frequency_random,18
4.6000000000000005,-0.88228456965774749,0,0,low_frequency_random,18
4.6050000000000004,-0.79570951591030969,0,0,low_frequency_random,18
4.6100000000000003,-0.88431620100421682,0,0,low_frequency_random,18
4.6150000000000002,-0.75796388398756309,0,0,low_frequency_random,18
4.6200000000000001,-0.64278912852313341,0,0,low_frequency_random,18
4.625,-0.6118701840830616,0,0,low_frequency_random,18
4.6299999999999999,-0.58341837003296182,0,0,low_frequency_random,18
4.6349999999999998,-0.54569059303565159,0,0,low_frequency_random,18
4.6399999999999997,-0.49037568077057497,0,0,low_frequency_random,18
4.6450000000000005,-0.41845216954805131,0,0,low_frequency_random,18
4.6500000000000004,-0.51079013433530984,0,0,low_frequency_random,18
4.6550000000000002,-0.26546297957229681,0,0,low_frequency_random,18
4.6600000000000001,-0.21418894995003152,0,0,low_frequency_random,18
4.665,-0.21378385859309451,0,0,low_frequency_random,18
4.6699999999999999,-0.16922530690625945,0,0,low_frequency_random,18
4.6749999999999998,-0.068544163190281532,0,0,low_frequency_random,18
4.6799999999999997,-0.030445389925919338,0,0,low_frequency_random,18
4.6850000000000005,-0.088371419555414707,0,0,low_frequency_random,18
4.6900000000000004,-0.091478475487533475,0,0,low_frequency_random,18
4.6950000000000003,0.030832464570771947,0,0,low_frequency_random,18
4.7000000000000002,-0.036194052083566838,0,0,low_frequency_random,18
4.7050000000000001,-0.095733732998169924,0,0,low_frequency_random,18
4.71,-0.13385636148177474,0,0,low_frequency_random,18
4.7149999999999999,-0.077142181987287325,0,0,low_frequency_random,18
4.7199999999999998,-0.01041589393431365,0,0,low_frequency_random,18
4.7250000000000005,-0.11496829971503211,0,0,low_frequency_random,18
4.7300000000000004,-0.13542288072354147,0,0,low_frequency_random,18
4.7350000000000003,0.001215408714515448,0,0,low_frequency_random,18
4.7400000000000002,0.058361419506038265,0,0,low_frequency_random,18
4.7450000000000001,0.11026168690819792,0,0,low_frequency_random,18
4.75,0.10792164012265935,0,0,low_frequency_random,18
4.7549999999999999,-0.032204632656822135,0,0,low_frequency_random,18
4.7599999999999998,0.0096014694357892533,0,0,low_frequency_random,18
4.7649999999999997,-0.064243699934528845,0,0,low_frequency_random,18
4.7700000000000005,-0.22534209357344409,0,0,low_frequency_random,18
4.7750000000000004,0.0099475471274939331,0,0,low_frequency_random,18
4.7800000000000002,0.12692203047727688,0,0,low_frequency_random,18
4.7850000000000001,0.22429280614026056,0,0,low_frequency_random,18
4.79,0.30220301557331186,0,0,low_frequency_random,18
4.7949999999999999,0.27803967901339166,0,0,low_frequency_random,18
4.7999999999999998,0.17036264020482406,0,0,low_frequency_random,18
4.8049999999999997,0.21985575806204072,0,0,low_frequency_random,18
4.8100000000000005,0.34361522397897415,0,0,low_frequency_random,18
4.8150000000000004,0.39887481589524926,0,0,low_frequency_random,18
4.8200000000000003,0.3397805865913105,0,0,low_frequency_random,18
4.8250000000000002,0.26336238666082151,0,0,low_frequency_random,18
4.8300000000000001,0.21554196951244028,0,0,low_frequency_random,18
4.835,0.20961284918053513,0,0,low_frequency_random,18
4.8399999999999999,0.18860783193621261,0,0,low_frequency_random,18
4.8449999999999998,0.22257066962733643,0,0,low_frequency_random,18
4.8500000000000005,0.17838335496863553,0,0,low_frequency_random,18
4.8550000000000004,0.18579772511501128,0,0,low_frequency_random,18
4.8600000000000003,0.21898274612628552,0,0,low_frequency_random,18
4.8650000000000002,0.18829827142146643,0,0,low_frequency_random,18
4.8700000000000001,0.17292776708802399,0,0,low_frequency_random,18
4.875,0.22544003194496054,0,0,low_frequency_random,18
4.8799999999999999,0.097307111374671296,0,0,low_frequency_random,18
4.8849999999999998,0.04368090251202264,0,0,low_frequency_random,18
4.8899999999999997,0.13620994602085068,0,0,low_frequency_random,18
4.8950000000000005,0.080887123224247931,0,0,low_frequency_random,18
4.9000000000000004,-0.0027320011721119891,0,0,low_frequency_random,18
4.9050000000000002,-0.17427714158200863,0,0,low_frequency_random,18
4.9100000000000001,-0.23777663881614464,0,0,low_frequency_random,18
4.915,-0.26264960734620024,0,0,low_frequency_random,18
4.9199999999999999,-0.26174103479807709,0,0,low_frequency_random,18
4.9249999999999998,-0.23116120519327107,0,0,low_frequency_random,18
4.9299999999999997,-0.21081187609359517,0,0,low_frequency_random,18
4.9350000000000005,-0.29070331605874283,0,0,low_frequency_random,18
4.9400000000000004,-0.30913011881918506,0,0,low_frequency_random,18
4.9450000000000003,-0.27451702964597779,0,0,low_frequency_random,18
4.9500000000000002,-0.25609504632131352,0,0,low_frequency_random,18
4.9550000000000001,-0.18625523368942304,0,0,low_frequency_random,18
4.96,-0.069750821322280901,0,0,low_frequency_random,18
4.9649999999999999,-0.019489100494903662,0,0,low_frequency_random,18
4.9699999999999998,0.07524470528305105,0,0,low_frequency_random,18
4.9750000000000005,0.08575839714480131,0,0,low_frequency_random,18
4.9800000000000004,0.16072140231641052,0,0,low_frequency_random,18
4.9850000000000003,0.091739732989612327,0,0,low_frequency_random,18
4.9900000000000002,0.24037570983580914,0,0,low_frequency_random,18
4.9950000000000001,0.29375900960955115,0,0,low_frequency_random,18
5,0.27808084257611676,0,0,low_frequency_random,18
5.0049999999999999,0.092366966389516025,0,0,low_frequency_random,18
5.0099999999999998,0.093733346153820632,0,0,low_frequency_random,18
5.0149999999999997,0.076267539100527609,0,0,low_frequency_random,18
5.0200000000000005,0.035897333389324479,0,0,low_frequency_random,18
5.0250000000000004,-0.05510583514709385,0,0,low_frequency_random,18
5.0300000000000002,-0.060023585214064368,0,0,low_frequency_random,18
5.0350000000000001,-0.10793348692241977,0,0,low_frequency_random,18
5.04,-0.050711777804070338,0,0,low_frequency_random,18
5.0449999999999999,-0.015911057070403967,0,0,low_frequency_random,18
5.0499999999999998,-0.0036826473601599009,0,0,low_frequency_random,18
5.0549999999999997,0.012908782604432099,0,0,low_frequency_random,18
5.0600000000000005,0.061637753239518367,0,0,low_frequency_random,18
5.0650000000000004,0.11901440986611726,0,0,low_frequency_random,18
5.0700000000000003,0.2289049840755753,0,0,low_frequency_random,18
5.0750000000000002,0.2484523161748794,0,0,low_frequency_random,18
5.0800000000000001,0.25070576076553891,0,0,low_frequency_random,18
5.085,0.35023211259434206,0,0,low_frequency_random,18
5.0899999999999999,0.31411306643395853,0,0,low_frequency_random,18
5.0949999999999998,0.31873914213243199,0,0,low_frequency_random,18
5.1000000000000005,0.3574553125286255,0,0,low_frequency_random,18
5.1050000000000004,0.45383191385565302,0,0,low_frequency_random,18
5.1100000000000003,0.53950641638407293,0,0,low_frequency_random,18
5.1150000000000002,0.50922241082373476,0,0,low_frequency_random,18
5.1200000000000001,0.50189788362047172,0,0,low_frequency_random,18
5.125,0.31888021509386899,0,0,low_frequency_random,18
5.1299999999999999,0.39135032908869244,0,0,low_frequency_random,18
5.1349999999999998,0.35234597202775919,0,0,low_frequency_random,18
5.1399999999999997,0.36240899477354455,0,0,low_frequency_random,18
5.1450000000000005,0.29135761532075988,0,0,low_frequency_random,18
5.1500000000000004,0.20672173837724761,0,0,low_frequency_random,18
5.1550000000000002,0.16419868672357557,0,0,low_frequency_random,18
5.1600000000000001,0.14650890989670892,0,0,low_frequency_random,18
5.165,0.24522993444683874,0,0,low_frequency_random,18
5.1699999999999999,0.29271410927384361,0,0,low_frequency_random,18
5.1749999999999998,0.26690663633312661,0,0,low_frequency_random,18
5.1799999999999997,0.36639921371482975,0,0,low_frequency_random,18
5.1850000000000005,0.39230923159692044,0,0,low_frequency_random,18
5.1900000000000004,0.56350744771104044,0,0,low_frequency_random,18
5.1950000000000003,0.6914489336674029,0,0,low_frequency_random,18
5.2000000000000002,0.71552591349832662,0,0,low_frequency_random,18
5.2050000000000001,0.59635158783045783,0,0,low_frequency_random,18
5.21,0.63713537683498711,0,0,low_frequency_random,18
5.2149999999999999,0.51500216240028518,0,0,low_frequency_random,18
5.2199999999999998,0.59040286285325438,0,0,low_frequency_random,18
5.2250000000000005,0.55960094655832004,0,0,low_frequency_random,18
5.2300000000000004,0.69889646427556618,0,0,low_frequency_random,18
5.2350000000000003,0.73135937602944867,0,0,low_frequency_random,18
5.2400000000000002,0.74522444420934442,0,0,low_frequency_random,18
5.2450000000000001,0.84222224143195912,0,0,low_frequency_random,18
5.25,0.82030525554744305,0,0,low_frequency_random,18
5.2549999999999999,0.95748872680348707,0,0,low_frequency_random,18
5.2599999999999998,1.0618722823207094,0,0,low_frequency_random,18
5.2649999999999997,1.1149698368233161,0,0,low_frequency_random,18
5.2700000000000005,1.0788189368535972,0,0,low_frequency_random,18
5.2750000000000004,1.0552171664946017,0,0,low_frequency_random,18
5.2800000000000002,1.1071835808915693,0,0,low_frequency_random,18
5.2850000000000001,1.2142460652575331,0,0,low_frequency_random,18
5.29,1.2320186046655728,0,0,low_frequency_random,18
5.2949999999999999,1.2653929529706265,0,0,low_frequency_random,18
5.2999999999999998,1.1676981977419403,0,0,low_frequency_random,18
5.3049999999999997,1.0673954804508308,0,0,low_frequency_random,18
5.3100000000000005,0.97699155511332014,0,0,low_frequency_random,18
5.3150000000000004,0.97303307988844112,0,0,low_frequency_random,18
5.3200000000000003,1.0647127355627761,0,0,low_frequency_random,18
5.3250000000000002,1.1862690558138416,0,0,low_frequency_random,18
5.3300000000000001,1.2862880453300685,0,0,low_frequency_random,18
5.335,1.3580506596528659,0,0,low_frequency_random,18
5.3399999999999999,1.2983919512286823,0,0,low_frequency_random,18
5.3449999999999998,1.3509953062506745,0,0,low_frequency_random,18
5.3500000000000005,1.4352455268298019,0,0,low_frequency_random,18
5.3550000000000004,1.386928268713213,0,0,low_frequency_random,18
5.3600000000000003,1.3718451015233557,0,0,low_frequency_random,18
5.3650000000000002,1.470942427039772,0,0,low_frequency_random,18
5.3700000000000001,1.5130025591349998,0,0,low_frequency_random,18
5.375,1.6402247557543168,0,0,low_frequency_random,18
5.3799999999999999,1.5791834402736846,0,0,low_frequency_random,18
5.3849999999999998,1.4724156315439116,0,0,low_frequency_random,18
5.3899999999999997,1.609505217689609,0,0,low_frequency_random,18
5.3950000000000005,1.7370483352382389,0,0,low_frequency_random,18
5.4000000000000004,1.7898377942785018,0,0,low_frequency_random,18
5.4050000000000002,1.7747171299128355,0,0,low_frequency_random,18
5.4100000000000001,1.7221637639768828,0,0,low_frequency_random,18
5.415,1.8049412908638109,0,0,low_frequency_random,18
5.4199999999999999,1.7809911641758873,0,0,low_frequency_random,18
5.4249999999999998,1.7014725141863074,0,0,low_frequency_random,18
5.4299999999999997,1.6979099760171052,0,0,low_frequency_random,18
5.4350000000000005,1.8015469972986398,0,0,low_frequency_random,18
5.4400000000000004,1.8447591586403023,0,0,low_frequency_random,18
5.4450000000000003,1.7147690058213041,0,0,low_frequency_random,18
5.4500000000000002,1.7750450199383647,0,0,low_frequency_random,18
5.4550000000000001,1.834359065380925,0,0,low_frequency_random,18
5.46,1.8786226137615489,0,0,low_frequency_random,18
5.4649999999999999,1.7574431407864566,0,0,low_frequency_random,18
5.4699999999999998,1.675818966550833,0,0,low_frequency_random,18
5.4750000000000005,1.591126927333123,0,0,low_frequency_random,18
5.4800000000000004,1.5983872131965993,0,0,low_frequency_random,18
5.4850000000000003,1.600130876724535,0,0,low_frequency_random,18
5.4900000000000002,1.6002403817841588,0,0,low_frequency_random,18
5.4950000000000001,1.4729010565636584,0,0,low_frequency_random,18
5.5,1.4757958850631261,0,0,low_frequency_random,18
5.5049999999999999,1.5203958881033603,0,0,low_frequency_random,18
5.5099999999999998,1.60475152817809,0,0,low_frequency_random,18
5.5149999999999997,1.6391705222155992,0,0,low_frequency_random,18
5.5200000000000005,1.5887727804312686,0,0,low_frequency_random,18
5.5250000000000004,1.5651727426870217,0,0,low_frequency_random,18
5.5300000000000002,1.5277532568658088,0,0,low_frequency_random,18
5.5350000000000001,1.5345885753831006,0,0,low_frequency_random,18
5.54,1.5227800374215659,0,0,low_frequency_random,18
5.5449999999999999,1.4250151874279022,0,0,low_frequency_random,18
5.5499999999999998,1.4558527345708796,0,0,low_frequency_random,18
5.5549999999999997,1.5001385237657934,0,0,low_frequency_random,18
5.5600000000000005,1.3941836079898926,0,0,low_frequency_random,18
5.5650000000000004,1.2983783268050926,0,0,low_frequency_random,18
5.5700000000000003,1.3892754307386115,0,0,low_frequency_random,18
5.5750000000000002,1.375468227281051,0,0,low_frequency_random,18
5.5800000000000001,1.3384625167049631,0,0,low_frequency_random,18
5.585,1.2286566153277068,0,0,low_frequency_random,18
5.5899999999999999,1.1569698978602292,0,0,low_frequency_random,18
5.5949999999999998,1.1459236113377673,0,0,low_frequency_random,18
5.6000000000000005,0.93620109126462525,0,0,low_frequency_random,18
5.6050000000000004,0.93782040897136054,0,0,low_frequency_random,18
5.6100000000000003,0.96760957623125277,0,0,low_frequency_random,18
5.6150000000000002,0.91002977921088135,0,0,low_frequency_random,18
5.6200000000000001,0.81646803295120973,0,0,low_frequency_random,18
5.625,0.69316704310806021,0,0,low_frequency_random,18
5.6299999999999999,0.83552275031715462,0,0,low_frequency_random,18
5.6349999999999998,0.86595357678897877,0,0,low_frequency_random,18
5.6399999999999997,0.76230610312215519,0,0,low_frequency_random,18
5.6450000000000005,0.8147163394212632,0,0,low_frequency_random,18
5.6500000000000004,0.81152148350597908,0,0,low_frequency_random,18
5.6550000000000002,0.73186454734336015,0,0,low_frequency_random,18
5.6600000000000001,0.79093860906083469,0,0,low_frequency_random,18
5.665,0.73001457992656127,0,0,low_frequency_random,18
5.6699999999999999,0.82787908830629497,0,0,low_frequency_random,18
5.6749999999999998,0.85035804098651224,0,0,low_frequency_random,18
5.6799999999999997,0.90517234200904917,0,0,low_frequency_random,18
5.6850000000000005,0.90196735964109853,0,0,low_frequency_random,18
5.6900000000000004,0.74659392832020122,0,0,low_frequency_random,18
5.6950000000000003,0.6649926466123115,0,0,low_frequency_random,18
5.7000000000000002,0.57455958207654301,0,0,low_frequency_random,18
5.7050000000000001,0.57673008930458558,0,0,low_frequency_random,18
5.71,0.67436643857828282,0,0,low_frequency_random,18
5.7149999999999999,0.67244168146823158,0,0,low_frequency_random,18
5.7199999999999998,0.70824814317076634,0,0,low_frequency_random,18
5.7250000000000005,0.64539847584962928,0,0,low_frequency_random,18
5.7300000000000004,0.60032757062953579,0,0,low_frequency_random,18
5.7350000000000003,0.54044656503491151,0,0,low_frequency_random,18
5.7400000000000002,0.59465836033163511,0,0,low_frequency_random,18
5.7450000000000001,0.3818166079143433,0,0,low_frequency_random,18
5.75,0.37952137371678063,0,0,low_frequency_random,18
5.7549999999999999,0.39787293431418574,0,0,low_frequency_random,18
5.7599999999999998,0.43810657133937891,0,0,low_frequency_random,18
5.7649999999999997,0.48688944127442391,0,0,low_frequency_random,18
5.7700000000000005,0.44359700668038926,0,0,low_frequency_random,18
5.7750000000000004,0.38395919172708914,0,0,low_frequency_random,18
5.7800000000000002,0.25240002582553606,0,0,low_frequency_random,18
5.7850000000000001,0.41564826503683994,0,0,low_frequency_random,18
5.79,0.49270893417672129,0,0,low_frequency_random,18
5.7949999999999999,0.43353804070692692,0,0,low_frequency_random,18
5.7999999999999998,0.35976842019515454,0,0,low_frequency_random,18
5.8049999999999997,0.42105162157163256,0,0,low_frequency_random,18
5.8100000000000005,0.38938157994029016,0,0,low_frequency_random,18
5.8150000000000004,0.40000561047907285,0,0,low_frequency_random,18
5.8200000000000003,0.26499187898977289,0,0,low_frequency_random,18
5.8250000000000002,0.13125574661434761,0,0,low_frequency_random,18
5.8300000000000001,0.23945808388017664,0,0,low_frequency_random,18
5.835,0.087949729183293385,0,0,low_frequency_random,18
5.8399999999999999,0.098960672428478863,0,0,low_frequency_random,18
5.8449999999999998,0.13153476981804729,0,0,low_frequency_random,18
5.8500000000000005,0.15779066057604949,0,0,low_frequency_random,18
5.8550000000000004,0.15093901860411382,0,0,low_frequency_random,18
5.8600000000000003,-0.022279310525058771,0,0,low_frequency_random,18
5.8650000000000002,-0.055645833742187123,0,0,low_frequency_random,18
5.8700000000000001,-0.10526099685891629,0,0,low_frequency_random,18
5.875,-0.19682293596548589,0,0,low_frequency_random,18
5.8799999999999999,-0.34505351883066848,0,0,low_frequency_random,18
5.8849999999999998,-0.38724790009618915,0,0,low_frequency_random,18
5.8899999999999997,-0.31236986160161795,0,0,low_frequency_random,18
5.8950000000000005,-0.37549475275393518,0,0,low_frequency_random,18
5.9000000000000004,-0.42370874608747683,0,0,low_frequency_random,18
5.9050000000000002,-0.31225952351926289,0,0,low_frequency_random,18
5.9100000000000001,-0.4039137027202136,0,0,low_frequency_random,18
5.915,-0.37307532787186548,0,0,low_frequency_random,18
5.9199999999999999,-0.50987084053738219,0,0,low_frequency_random,18
5.9249999999999998,-0.63962741829626613,0,0,low_frequency_random,18
5.9299999999999997,-0.6759237829674607,0,0,low_frequency_random,18
5.9350000000000005,-0.70013209936824317,0,0,low_frequency_random,18
5.9400000000000004,-0.72042606363477502,0,0,low_frequency_random,18
5.9450000000000003,-0.83635939088335598,0,0,low_frequency_random,18
5.9500000000000002,-0.83159275344729722,0,0,low_frequency_random,18
5.9550000000000001,-0.77375645021673434,0,0,low_frequency_random,18
5.96,-0.93478102690593823,0,0,low_frequency_random,18
5.9649999999999999,-0.9324818847203975,0,0,low_frequency_random,18
5.9699999999999998,-0.97232052935343538,0,0,low_frequency_random,18
5.9750000000000005,-0.94271260523361755,0,0,low_frequency_random,18
5.9800000000000004,-0.92588407987860477,0,0,low_frequency_random,18
5.9850000000000003,-0.91218943026977062,0,0,low_frequency_random,18
5.9900000000000002,-0.82080804803842677,0,0,low_frequency_random,18
5.9950000000000001,-0.82460316410542811,0,0,low_frequency_random,18
6,-0.82034149585552463,0,0,low_frequency_random,18
6.0049999999999999,-0.86981576966756868,0,0,low_frequency_random,18
6.0099999999999998,-0.91495766006960644,0,0,low_frequency_random,18
6.0150000000000006,-0.86794840085334712,0,0,low_frequency_random,18
6.0200000000000005,-0.91436639088874738,0,0,low_frequency_random,18
6.0250000000000004,-0.8789779879252253,0,0,low_frequency_random,18
6.0300000000000002,-0.91764887684568996,0,0,low_frequency_random,18
6.0350000000000001,-0.85377477364646992,0,0,low_frequency_random,18
6.04,-0.90928928118914232,0,0,low_frequency_random,18
6.0449999999999999,-0.88610398402164137,0,0,low_frequency_random,18
6.0499999999999998,-0.78076927729866796,0,0,low_frequency_random,18
6.0549999999999997,-0.83338014939293648,0,0,low_frequency_random,18
6.0600000000000005,-0.93338669431369292,0,0,low_frequency_random,18
6.0650000000000004,-0.80198872431693169,0,0,low_frequency_random,18
6.0700000000000003,-0.7890834825214198,0,0,low_frequency_random,18
6.0750000000000002,-0.80493244690185761,0,0,low_frequency_random,18
6.0800000000000001,-0.67367264972163809,0,0,low_frequency_random,18
6.085,-0.68338708585533903,0,0,low_frequency_random,18
6.0899999999999999,-0.68990953998918292,0,0,low_frequency_random,18
6.0949999999999998,-0.61275173995809185,0,0,low_frequency_random,18
6.1000000000000005,-0.63354899432406753,0,0,low_frequency_random,18
6.1050000000000004,-0.77146637079372526,0,0,low_frequency_random,18
6.1100000000000003,-0.77029797811312173,0,0,low_frequency_random,18
6.1150000000000002,-0.79449504342309185,0,0,low_frequency_random,18
6.1200000000000001,-0.79115660901768015,0,0,low_frequency_random,18
6.125,-0.71326576601760194,0,0,low_frequency_random,18
6.1299999999999999,-0.7222773091555208,0,0,low_frequency_random,18
6.1349999999999998,-0.77565449381376794,0,0,low_frequency_random,18
6.1400000000000006,-0.83388159651524663,0,0,low_frequency_random,18
6.1450000000000005,-0.94326050483938473,0,0,low_frequency_random,18
6.1500000000000004,-0.9699781236260141,0,0,low_frequency_random,18
6.1550000000000002,-1.039647915005417,0,0,low_frequency_random,18
6.1600000000000001,-1.0290321790859305,0,0,low_frequency_random,18
6.165,-0.99126033197985797,0,0,low_frequency_random,18
6.1699999999999999,-0.89701770105793011,0,0,low_frequency_random,18
6.1749999999999998,-1.0324009257825808,0,0,low_frequency_random,18
6.1799999999999997,-1.0303881834816326,0,0,low_frequency_random,18
6.1850000000000005,-1.0710756647532436,0,0,low_frequency_random,18
6.1900000000000004,-1.0511982004137332,0,0,low_frequency_random,18
6.1950000000000003,-1.0910240943576415,0,0,low_frequency_random,18
6.2000000000000002,-1.079831873571897,0,0,low_frequency_random,18
6.2050000000000001,-0.92682647768145698,0,0,low_frequency_random,18
6.21,-0.91386654124455213,0,0,low_frequency_random,18
6.2149999999999999,-0.95006755473013227,0,0,low_frequency_random,18
6.2199999999999998,-0.78699976982082442,0,0,low_frequency_random,18
6.2250000000000005,-0.74192477402198065,0,0,low_frequency_random,18
6.2300000000000004,-0.7894699774450733,0,0,low_frequency_random,18
6.2350000000000003,-0.87561433086906693,0,0,low_frequency_random,18
6.2400000000000002,-0.95655661489529731,0,0,low_frequency_random,18
6.2450000000000001,-0.87183025374921452,0,0,low_frequency_random,18
6.25,-0.8020088979194806,0,0,low_frequency_random,18
6.2549999999999999,-0.79649664000673337,0,0,low_frequency_random,18
6.2599999999999998,-0.64322138445164212,0,0,low_frequency_random,18
6.2650000000000006,-0.59339250257548926,0,0,low_frequency_random,18
6.2700000000000005,-0.54164723354007838,0,0,low_frequency_random,18
6.2750000000000004,-0.41116418922217823,0,0,low_frequency_random,18
6.2800000000000002,-0.15823664009751975,0,0,low_frequency_random,18
6.2850000000000001,-0.19062203802878303,0,0,low_frequency_random,18
6.29,-0.16378030985787081,0,0,low_frequency_random,18
6.2949999999999999,-0.41511059459832245,0,0,low_frequency_random,18
6.2999999999999998,-0.34137842856049194,0,0,low_frequency_random,18
6.3049999999999997,-0.29291817603652831,0,0,low_frequency_random,18
6.3100000000000005,-0.31766688128359422,0,0,low_frequency_random,18
6.3150000000000004,-0.2866414209747758,0,0,low_frequency_random,18
6.3200000000000003,-0.24404627083007158,0,0,low_frequency_random,18
6.3250000000000002,-0.23210815685783184,0,0,low_frequency_random,18
6.3300000000000001,-0.22401924731355491,0,0,low_frequency_random,18
6.335,-0.33983997545354799,0,0,low_frequency_random,18
6.3399999999999999,-0.24336971368318952,0,0,low_frequency_random,18
6.3449999999999998,-0.25671362600695014,0,0,low_frequency_random,18
6.3500000000000005,-0.36778307682303751,0,0,low_frequency_random,18
6.3550000000000004,-0.31599141601600467,0,0,low_frequency_random,18
6.3600000000000003,-0.39009540186730429,0,0,low_frequency_random,18
6.3650000000000002,-0.42769472723841495,0,0,low_frequency_random,18
6.3700000000000001,-0.45393029192665052,0,0,low_frequency_random,18
6.375,-0.25468068328995319,0,0,low_frequency_random,18
6.3799999999999999,-0.13861851136942005,0,0,low_frequency_random,18
6.3849999999999998,-0.13330562816956135,0,0,low_frequency_random,18
6.3900000000000006,-0.16445213457034114,0,0,low_frequency_random,18
6.3950000000000005,-0.12347716715134947,0,0,low_frequency_random,18
6.4000000000000004,-0.14110077320805706,0,0,low_frequency_random,18
6.4050000000000002,-0.11293261120872272,0,0,low_frequency_random,18
6.4100000000000001,-0.20358909503921269,0,0,low_frequency_random,18
6.415,-0.25701096723658179,0,0,low_frequency_random,18
6.4199999999999999,-0.20199521938474155,0,0,low_frequency_random,18
6.4249999999999998,-0.21715377717405163,0,0,low_frequency_random,18
6.4299999999999997,-0.21585612861086698,0,0,low_frequency_random,18
6.4350000000000005,-0.20162159420117495,0,0,low_frequency_random,18
6.4400000000000004,-0.24119108089919622,0,0,low_frequency_random,18
6.4450000000000003,-0.34707843989871318,0,0,low_frequency_random,18
6.4500000000000002,-0.33450771065478963,0,0,low_frequency_random,18
6.4550000000000001,-0.28490352017234516,0,0,low_frequency_random,18
6.46,-0.24301829970162153,0,0,low_frequency_random,18
6.4649999999999999,-0.2150032259548913,0,0,low_frequency_random,18
6.4699999999999998,-0.21630201203911145,0,0,low_frequency_random,18
6.4750000000000005,-0.14067212732955739,0,0,low_frequency_random,18
6.4800000000000004,-0.15315846164593591,0,0,low_frequency_random,18
6.4850000000000003,-0.041233464607522863,0,0,low_frequency_random,18
6.4900000000000002,-0.21990497776901774,0,0,low_frequency_random,18
6.4950000000000001,-0.12981864797637083,0,0,low_frequency_random,18
6.5,-0.10347418068332458,0,0,low_frequency_random,18
6.5049999999999999,-0.039506535535432083,0,0,low_frequency_random,18
6.5099999999999998,-0.10095275673326197,0,0,low_frequency_random,18
6.5150000000000006,0.024912133083065766,0,0,low_frequency_random,18
6.5200000000000005,-0.063913212797076943,0,0,low_frequency_random,18
6.5250000000000004,-0.01947152626204901,0,0,low_frequency_random,18
6.5300000000000002,-0.071723184760239339,0,0,low_frequency_random,18
6.5350000000000001,0.054976811535905681,0,0,low_frequency_random,18
6.54,-0.0033110993535659175,0,0,low_frequency_random,18
6.5449999999999999,-0.07910752898676579,0,0,low_frequency_random,18
6.5499999999999998,-0.17400288422009055,0,0,low_frequency_random,18
6.5549999999999997,-0.077214456747158003,0,0,low_frequency_random,18
6.5600000000000005,-0.041487952516154884,0,0,low_frequency_random,18
6.5650000000000004,0.022767181121164208,0,0,low_frequency_random,18
6.5700000000000003,0.028775687283752328,0,0,low_frequency_random,18
6.5750000000000002,0.16017458599713572,0,0,low_frequency_random,18
6.5800000000000001,0.10116393135153662,0,0,low_frequency_random,18
6.585,0.035806257917164352,0,0,low_frequency_random,18
6.5899999999999999,0.11869661105719645,0,0,low_frequency_random,18
6.5949999999999998,0.11770650603250503,0,0,low_frequency_random,18
6.6000000000000005,0.073831891679308398,0,0,low_frequency_random,18
6.6050000000000004,0.13098916342096645,0,0,low_frequency_random,18
6.6100000000000003,0.057407321438186359,0,0,low_frequency_random,18
6.6150000000000002,0.10666988848250525,0,0,low_frequency_random,18
6.6200000000000001,0.080454556859510154,0,0,low_frequency_random,18
6.625,0.13885322385161375,0,0,low_frequency_random,18
6.6299999999999999,0.17393753943242765,0,0,low_frequency_random,18
6.6349999999999998,0.36118497381539616,0,0,low_frequency_random,18
6.6400000000000006,0.39475138035137586,0,0,low_frequency_random,18
6.6450000000000005,0.432819853442174,0,0,low_frequency_random,18
6.6500000000000004,0.39495990842219819,0,0,low_frequency_random,18
6.6550000000000002,0.44042057911164556,0,0,low_frequency_random,18
6.6600000000000001,0.49102665502636345,0,0,low_frequency_random,18
6.665,0.53021565238330393,0,0,low_frequency_random,18
6.6699999999999999,0.64716824406464135,0,0,low_frequency_random,18
6.6749999999999998,0.59729756934356093,0,0,low_frequency_random,18
6.6799999999999997,0.65567202671582769,0,0,low_frequency_random,18
6.6850000000000005,0.67722649375269861,0,0,low_frequency_random,18
6.6900000000000004,0.81524912705303354,0,0,low_frequency_random,18
6.6950000000000003,0.77345277396492995,0,0,low_frequency_random,18
6.7000000000000002,0.86841770712152278,0,0,low_frequency_random,18
6.7050000000000001,0.8767127591102345,0,0,low_frequency_random,18
6.71,0.76191822697323797,0,0,low_frequency_random,18
6.7149999999999999,0.87334082646473865,0,0,low_frequency_random,18
6.7199999999999998,0.84129390957787986,0,0,low_frequency_random,18
6.7250000000000005,0.84794515819035732,0,0,low_frequency_random,18
6.7300000000000004,0.81389167659382988,0,0,low_frequency_random,18
6.7350000000000003,0.80394021936026483,0,0,low_frequency_random,18
6.7400000000000002,0.74687570691291083,0,0,low_frequency_random,18
6.7450000000000001,0.66968648786779217,0,0,low_frequency_random,18
6.75,0.62057330715636283,0,0,low_frequency_random,18
6.7549999999999999,0.65593444799021472,0,0,low_frequency_random,18
6.7599999999999998,0.45133640689887133,0,0,low_frequency_random,18
6.7650000000000006,0.30313575684879535,0,0,low_frequency_random,18
6.7700000000000005,0.30200916013454349,0,0,low_frequency_random,18
6.7750000000000004,0.27767173107151361,0,0,low_frequency_random,18
6.7800000000000002,0.23161039802224623,0,0,low_frequency_random,18
6.7850000000000001,0.26455094170694576,0,0,low_frequency_random,18
6.79,0.22226181501934034,0,0,low_frequency_random,18
6.7949999999999999,0.20559001995489909,0,0,low_frequency_random,18
6.7999999999999998,0.21743482337732756,0,0,low_frequency_random,18
6.8049999999999997,0.15396963626282478,0,0,low_frequency_random,18
6.8100000000000005,0.12319316578744126,0,0,low_frequency_random,18
6.8150000000000004,0.17366094890279782,0,0,low_frequency_random,18
6.8200000000000003,0.11943278539234112,0,0,low_frequency_random,18
6.8250000000000002,0.047502819516179365,0,0,low_frequency_random,18
6.8300000000000001,-0.096868565676652002,0,0,low_frequency_random,18
6.835,-0.13832748609459858,0,0,low_frequency_random,18
6.8399999999999999,-0.28383192702784082,0,0,low_frequency_random,18
6.8449999999999998,-0.31425303909249092,0,0,low_frequency_random,18
6.8500000000000005,-0.28530329569483848,0,0,low_frequency_random,18
6.8550000000000004,-0.12696383670071942,0,0,low_frequency_random,18
6.8600000000000003,-0.087425220659066868,0,0,low_frequency_random,18
6.8650000000000002,0.027064610866627009,0,0,low_frequency_random,18
6.8700000000000001,0.04399460108295361,0,0,low_frequency_random,18
6.875,0.093303022846187245,0,0,low_frequency_random,18
6.8799999999999999,-0.0059161841646571678,0,0,low_frequency_random,18
6.8849999999999998,-0.011069396392985193,0,0,low_frequency_random,18
6.8900000000000006,-0.26804456257346998,0,0,low_frequency_random,18
6.8950000000000005,-0.34271411918496214,0,0,low_frequency_random,18
6.9000000000000004,-0.35660355449057718,0,0,low_frequency_random,18
6.9050000000000002,-0.27094274674058549,0,0,low_frequency_random,18
6.9100000000000001,-0.34827624041871352,0,0,low_frequency_random,18
6.915,-0.45505691528486614,0,0,low_frequency_random,18
6.9199999999999999,-0.44478210868338708,0,0,low_frequency_random,18
6.9249999999999998,-0.41352213836189922,0,0,low_frequency_random,18
6.9299999999999997,-0.32988664092412295,0,0,low_frequency_random,18
6.9350000000000005,-0.26127293609646118,0,0,low_frequency_random,18
6.9400000000000004,-0.34880039570121041,0,0,low_frequency_random,18
6.9450000000000003,-0.38864362507898509,0,0,low_frequency_random,18
6.9500000000000002,-0.3655905047521516,0,0,low_frequency_random,18
6.9550000000000001,-0.30072880307620814,0,0,low_frequency_random,18
6.96,-0.25210680118794843,0,0,low_frequency_random,18
6.9649999999999999,-0.24024687768190967,0,0,low_frequency_random,18
6.9699999999999998,-0.40587841651016698,0,0,low_frequency_random,18
6.9750000000000005,-0.28824493924757361,0,0,low_frequency_random,18
6.9800000000000004,-0.42675545594302061,0,0,low_frequency_random,18
6.9850000000000003,-0.42845999140263608,0,0,low_frequency_random,18
6.9900000000000002,-0.34105218223944761,0,0,low_frequency_random,18
6.9950000000000001,-0.22369876612386463,0,0,low_frequency_random,18
7,-0.29775347351079401,0,0,low_frequency_random,18
7.0049999999999999,-0.24828882467503366,0,0,low_frequency_random,18
7.0099999999999998,-0.3116188712600757,0,0,low_frequency_random,18
7.0150000000000006,-0.29778872730222017,0,0,low_frequency_random,18
7.0200000000000005,-0.27548713574887373,0,0,low_frequency_random,18
7.0250000000000004,-0.30889517288269019,0,0,low_frequency_random,18
7.0300000000000002,-0.27104103401346735,0,0,low_frequency_random,18
7.0350000000000001,-0.36714007184457104,0,0,low_frequency_random,18
7.04,-0.37557980459123108,0,0,low_frequency_random,18
7.0449999999999999,-0.43011430098341258,0,0,low_frequency_random,18
7.0499999999999998,-0.37792982086126525,0,0,low_frequency_random,18
7.0549999999999997,-0.34554079680781113,0,0,low_frequency_random,18
7.0600000000000005,-0.30974543907636687,0,0,low_frequency_random,18
7.0650000000000004,-0.35370196511241681,0,0,low_frequency_random,18
7.0700000000000003,-0.44482619390574368,0,0,low_frequency_random,18
7.0750000000000002,-0.42305509570071831,0,0,low_frequency_random,18
7.0800000000000001,-0.39406229155284322,0,0,low_frequency_random,18
7.085,-0.33104196161165067,0,0,low_frequency_random,18
7.0899999999999999,-0.34515194866377857,0,0,low_frequency_random,18
7.0949999999999998,-0.29585139771257457,0,0,low_frequency_random,18
7.1000000000000005,-0.22867704400487476,0,0,low_frequency_random,18
7.1050000000000004,-0.29843467306435723,0,0,low_frequency_random,18
7.1100000000000003,-0.36319231167042132,0,0,low_frequency_random,18
7.1150000000000002,-0.36696440691107562,0,0,low_frequency_random,18
7.1200000000000001,-0.38822071505604555,0,0,low_frequency_random,18
7.125,-0.49401026793140101,0,0,low_frequency_random,18
7.1299999999999999,-0.49481148201823744,0,0,low_frequency_random,18
7.1349999999999998,-0.61421415614707942,0,0,low_frequency_random,18
7.1400000000000006,-0.70010287680233407,0,0,low_frequency_random,18
7.1450000000000005,-0.52233240053926588,0,0,low_frequency_random,18
7.1500000000000004,-0.42411449865196565,0,0,low_frequency_random,18
7.1550000000000002,-0.4443461165386266,0,0,low_frequency_random,18
7.1600000000000001,-0.46063327591219116,0,0,low_frequency_random,18
7.165,-0.47211220481691024,0,0,low_frequency_random,18
7.1699999999999999,-0.37679047335934368,0,0,low_frequency_random,18
7.1749999999999998,-0.36180356414933118,0,0,low_frequency_random,18
7.1799999999999997,-0.29363165482297449,0,0,low_frequency_random,18
7.1850000000000005,-0.2473166658303792,0,0,low_frequency_random,18
7.1900000000000004,-0.33780703683173491,0,0,low_frequency_random,18
7.1950000000000003,-0.34041831249401355,0,0,low_frequency_random,18
7.2000000000000002,-0.30395084399321193,0,0,low_frequency_random,18
7.2050000000000001,-0.42978932187421814,0,0,low_frequency_random,18
7.21,-0.38187673749686546,0,0,low_frequency_random,18
7.2149999999999999,-0.37040321716427577,0,0,low_frequency_random,18
7.2199999999999998,-0.28230649420740939,0,0,low_frequency_random,18
7.2250000000000005,-0.26358490178799338,0,0,low_frequency_random,18
7.2300000000000004,-0.26110152962105687,0,0,low_frequency_random,18
7.2350000000000003,-0.3444520818863186,0,0,low_frequency_random,18
7.2400000000000002,-0.41064284383171062,0,0,low_frequency_random,18
7.2450000000000001,-0.41716336668996024,0,0,low_frequency_random,18
7.25,-0.38532826096782541,0,0,low_frequency_random,18
7.2549999999999999,-0.2209040459455974,0,0,low_frequency_random,18
7.2599999999999998,-0.08855701123933421,0,0,low_frequency_random,18
7.2650000000000006,-0.15318164506407497,0,0,low_frequency_random,18
7.2700000000000005,-0.050000977207054167,0,0,low_frequency_random,18
7.2750000000000004,-0.14872917462880975,0,0,low_frequency_random,18
7.2800000000000002,-0.22552368705504389,0,0,low_frequency_random,18
7.2850000000000001,-0.15871928000250496,0,0,low_frequency_random,18
7.29,-0.058924124148103121,0,0,low_frequency_random,18
7.2949999999999999,-0.14574936339485789,0,0,low_frequency_random,18
7.2999999999999998,-0.087327783063739811,0,0,low_frequency_random,18
7.3049999999999997,-0.11012734874372218,0,0,low_frequency_random,18
7.3100000000000005,0.030187830552189432,0,0,low_frequency_random,18
7.3150000000000004,0.0077319319263132492,0,0,low_frequency_random,18
7.3200000000000003,-0.034398899321623932,0,0,low_frequency_random,18
7.3250000000000002,-0.04861384971833102,0,0,low_frequency_random,18
7.3300000000000001,0.0083377112848863968,0,0,low_frequency_random,18
7.335,0.11310300333153649,0,0,low_frequency_random,18
7.3399999999999999,0.14630924596645853,0,0,low_frequency_random,18
7.3449999999999998,0.20100838517649622,0,0,low_frequency_random,18
7.3500000000000005,0.15763042919217321,0,0,low_frequency_random,18
7.3550000000000004,0.25698239459880273,0,0,low_frequency_random,18
7.3600000000000003,0.21905587911964441,0,0,low_frequency_random,18
7.3650000000000002,0.22582288564164221,0,0,low_frequency_random,18
7.3700000000000001,0.19605795840985979,0,0,low_frequency_random,18
7.375,0.15161585675414321,0,0,low_frequency_random,18
7.3799999999999999,0.092917874752476121,0,0,low_frequency_random,18
7.3849999999999998,0.034510500565893429,0,0,low_frequency_random,18
7.3900000000000006,0.13231061736237498,0,0,low_frequency_random,18
7.3950000000000005,-0.089366193482556394,0,0,low_frequency_random,18
7.4000000000000004,-0.036217128172289927,0,0,low_frequency_random,18
7.4050000000000002,-0.17643498083884912,0,0,low_frequency_random,18
7.4100000000000001,-0.12055604133680184,0,0,low_frequency_random,18
7.415,-0.21667070750037437,0,0,low_frequency_random,18
7.4199999999999999,-0.23170849198246687,0,0,low_frequency_random,18
7.4249999999999998,-0.23187527160138899,0,0,low_frequency_random,18
7.4299999999999997,-0.34894212770251826,0,0,low_frequency_random,18
7.4350000000000005,-0.26894877886560065,0,0,low_frequency_random,18
7.4400000000000004,-0.31131956827257495,0,0,low_frequency_random,18
7.4450000000000003,-0.30817692824129084,0,0,low_frequency_random,18
7.4500000000000002,-0.12107997477672369,0,0,low_frequency_random,18
7.4550000000000001,-0.1394495488164329,0,0,low_frequency_random,18
7.46,-0.056049859263492124,0,0,low_frequency_random,18
7.4649999999999999,-0.11664351825782138,0,0,low_frequency_random,18
7.4699999999999998,0.0073859623693573045,0,0,low_frequency_random,18
7.4750000000000005,-0.089301304289733444,0,0,low_frequency_random,18
7.4800000000000004,-0.043518350748451333,0,0,low_frequency_random,18
7.4850000000000003,-0.13739038791197969,0,0,low_frequency_random,18
7.4900000000000002,-0.10052177614701951,0,0,low_frequency_random,18
7.4950000000000001,0.03876491888123236,0,0,low_frequency_random,18
7.5,0.24549628167948234,0,0,low_frequency_random,18
7.5049999999999999,0.18145250812564259,0,0,low_frequency_random,18
7.5099999999999998,0.27659155732359819,0,0,low_frequency_random,18
7.5150000000000006,0.060013220388734967,0,0,low_frequency_random,18
7.5200000000000005,-0.014467056444685926,0,0,low_frequency_random,18
7.5250000000000004,0.065998796647549762,0,0,low_frequency_random,18
7.5300000000000002,0.051667446017639937,0,0,low_frequency_random,18
7.5350000000000001,0.064530323983863977,0,0,low_frequency_random,18
7.54,0.019734467127445941,0,0,low_frequency_random,18
7.5449999999999999,0.05360940905690835,0,0,low_frequency_random,18
7.5499999999999998,0.13620975635348098,0,0,low_frequency_random,18
7.5549999999999997,0.29981706057704904,0,0,low_frequency_random,18
7.5600000000000005,0.34278925350085271,0,0,low_frequency_random,18
7.5650000000000004,0.39993046302538732,0,0,low_frequency_random,18
7.5700000000000003,0.48536464077171326,0,0,low_frequency_random,18
7.5750000000000002,0.47063194557396099,0,0,low_frequency_random,18
7.5800000000000001,0.57672617950776051,0,0,low_frequency_random,18
7.585,0.53814443237569187,0,0,low_frequency_random,18
7.5899999999999999,0.68794578008911322,0,0,low_frequency_random,18
7.5949999999999998,0.68247427349130629,0,0,low_frequency_random,18
7.6000000000000005,0.69032089833085619,0,0,low_frequency_random,18
7.6050000000000004,0.70356715874171238,0,0,low_frequency_random,18
7.6100000000000003,0.71921721018702567,0,0,low_frequency_random,18
7.6150000000000002,0.78257498256237246,0,0,low_frequency_random,18
7.6200000000000001,0.76393783337022547,0,0,low_frequency_random,18
7.625,0.71888295371159527,0,0,low_frequency_random,18
7.6299999999999999,0.6347832505421076,0,0,low_frequency_random,18
7.6349999999999998,0.59618789271399641,0,0,low_frequency_random,18
7.6400000000000006,0.52427875407345104,0,0,low_frequency_random,18
7.6450000000000005,0.60997325757148046,0,0,low_frequency_random,18
7.6500000000000004,0.61868685131550771,0,0,low_frequency_random,18
7.6550000000000002,0.61321871212535484,0,0,low_frequency_random,18
7.6600000000000001,0.50497673513221297,0,0,low_frequency_random,18
7.665,0.57437638978696337,0,0,low_frequency_random,18
7.6699999999999999,0.30619114654583895,0,0,low_frequency_random,18
7.6749999999999998,0.32988492272300857,0,0,low_frequency_random,18
7.6799999999999997,0.33344395788001935,0,0,low_frequency_random,18
7.6850000000000005,0.28308032730873223,0,0,low_frequency_random,18
7.6900000000000004,0.29624325344774632,0,0,low_frequency_random,18
7.6950000000000003,0.20908016223799919,0,0,low_frequency_random,18
7.7000000000000002,0.20191577730925869,0,0,low_frequency_random,18
7.7050000000000001,0.17078145627880253,0,0,low_frequency_random,18
7.71,0.1413402776817092,0,0,low_frequency_random,18
7.7149999999999999,0.15221115024796519,0,0,low_frequency_random,18
7.7199999999999998,0.29900762265727565,0,0,low_frequency_random,18
7.7250000000000005,0.35574881819932885,0,0,low_frequency_random,18
7.7300000000000004,0.4280794951789374,0,0,low_frequency_random,18
7.7350000000000003,0.37395255234230373,0,0,low_frequency_random,18
7.7400000000000002,0.40014092593161826,0,0,low_frequency_random,18
7.7450000000000001,0.38945613073896829,0,0,low_frequency_random,18
7.75,0.36360143281690771,0,0,low_frequency_random,18
7.7549999999999999,0.29922022210006088,0,0,low_frequency_random,18
7.7599999999999998,0.32590687107133259,0,0,low_frequency_random,18
7.7650000000000006,0.43950271477646596,0,0,low_frequency_random,18
7.7700000000000005,0.494011392275921,0,0,low_frequency_random,18
7.7750000000000004,0.63513444770206495,0,0,low_frequency_random,18
7.7800000000000002,0.66488214822920566,0,0,low_frequency_random,18
7.7850000000000001,0.60931268387953497,0,0,low_frequency_random,18
7.79,0.59260165421466215,0,0,low_frequency_random,18
7.7949999999999999,0.56079732687142592,0,0,low_frequency_random,18
7.7999999999999998,0.42476344949772193,0,0,low_frequency_random,18
7.8050000000000006,0.29776198938250709,0,0,low_frequency_random,18
7.8100000000000005,0.32400149395577882,0,0,low_frequency_random,18
7.8150000000000004,0.37498594210305369,0,0,low_frequency_random,18
7.8200000000000003,0.56762481630288464,0,0,low_frequency_random,18
7.8250000000000002,0.65563279356666526,0,0,low_frequency_random,18
7.8300000000000001,0.74829167500332727,0,0,low_frequency_random,18
7.835,0.78309406220052746,0,0,low_frequency_random,18
7.8399999999999999,0.89289065662810463,0,0,low_frequency_random,18
7.8449999999999998,0.79503203537420797,0,0,low_frequency_random,18
7.8500000000000005,0.79431693693798033,0,0,low_frequency_random,18
7.8550000000000004,0.98218440149604047,0,0,low_frequency_random,18
7.8600000000000003,1.0241515734897491,0,0,low_frequency_random,18
7.8650000000000002,1.0747308940804139,0,0,low_frequency_random,18
7.8700000000000001,1.0393309292517963,0,0,low_frequency_random,18
7.875,0.88283934153771115,0,0,low_frequency_random,18
7.8799999999999999,0.9714803903796424,0,0,low_frequency_random,18
7.8849999999999998,0.80655988271155032,0,0,low_frequency_random,18
7.8900000000000006,0.94878628618788496,0,0,low_frequency_random,18
7.8950000000000005,0.83686995621960536,0,0,low_frequency_random,18
7.9000000000000004,0.92012202412641997,0,0,low_frequency_random,18
7.9050000000000002,0.87591639233187513,0,0,low_frequency_random,18
7.9100000000000001,0.93844160729758697,0,0,low_frequency_random,18
7.915,0.84089404604407247,0,0,low_frequency_random,18
7.9199999999999999,0.72909328107615734,0,0,low_frequency_random,18
7.9249999999999998,0.80711038170541172,0,0,low_frequency_random,18
7.9300000000000006,0.87306428003398451,0,0,low_frequency_random,18
7.9350000000000005,0.90600381831877974,0,0,low_frequency_random,18
7.9400000000000004,0.94441971093069099,0,0,low_frequency_random,18
7.9450000000000003,0.8990796821245024,0,0,low_frequency_random,18
7.9500000000000002,1.0250992363755729,0,0,low_frequency_random,18
7.9550000000000001,0.99889582037344882,0,0,low_frequency_random,18
7.96,0.9243039278975318,0,0,low_frequency_random,18
7.9649999999999999,0.92614590873513214,0,0,low_frequency_random,18
7.9699999999999998,0.89238523894758748,0,0,low_frequency_random,18
7.9750000000000005,0.8262461589732657,0,0,low_frequency_random,18
7.9800000000000004,0.67534461543447299,0,0,low_frequency_random,18
7.9850000000000003,0.80770781952249193,0,0,low_frequency_random,18
7.9900000000000002,0.77275126770461577,0,0,low_frequency_random,18
7.9950000000000001,0.94914305912482311,0,0,low_frequency_random,18
8,0.91383165854871018,0,0,low_frequency_random,18
8.0050000000000008,0.89751696538684234,0,0,low_frequency_random,18
8.0099999999999998,0.90254769721256145,0,0,low_frequency_random,18
8.0150000000000006,0.82666804301237851,0,0,low_frequency_random,18
8.0199999999999996,0.77030476641059342,0,0,low_frequency_random,18
8.0250000000000004,0.70515633553577239,0,0,low_frequency_random,18
8.0299999999999994,0.65078980194835601,0,0,low_frequency_random,18
8.0350000000000001,0.72312769690507961,0,0,low_frequency_random,18
8.0400000000000009,0.59929266718205332,0,0,low_frequency_random,18
8.0449999999999999,0.56238972015115807,0,0,low_frequency_random,18
8.0500000000000007,0.80582360035153378,0,0,low_frequency_random,18
8.0549999999999997,0.74714684392261588,0,0,low_frequency_random,18
8.0600000000000005,0.76195780635713506,0,0,low_frequency_random,18
8.0649999999999995,0.68560603456874802,0,0,low_frequency_random,18
8.0700000000000003,0.66673017029631476,0,0,low_frequency_random,18
8.0749999999999993,0.63866521175618696,0,0,low_frequency_random,18
8.0800000000000001,0.71939952245858119,0,0,low_frequency_random,18
8.0850000000000009,0.70056103751441734,0,0,low_frequency_random,18
8.0899999999999999,0.65639850456272486,0,0,low_frequency_random,18
8.0950000000000006,0.59080406020646359,0,0,low_frequency_random,18
8.0999999999999996,0.51141530903621657,0,0,low_frequency_random,18
8.1050000000000004,0.34929086356121708,0,0,low_frequency_random,18
8.1099999999999994,0.43040212242182391,0,0,low_frequency_random,18
8.1150000000000002,0.29908762078076723,0,0,low_frequency_random,18
8.120000000000001,0.1378111247411162,0,0,low_frequency_random,18
8.125,0.085499964046132332,0,0,low_frequency_random,18
8.1300000000000008,-0.13994634868094852,0,0,low_frequency_random,18
8.1349999999999998,-0.20948242350773111,0,0,low_frequency_random,18
8.1400000000000006,-0.20701799980107052,0,0,low_frequency_random,18
8.1449999999999996,-0.25031029208836503,0,0,low_frequency_random,18
8.1500000000000004,-0.21646438330174952,0,0,low_frequency_random,18
8.1549999999999994,-0.19508178531437384,0,0,low_frequency_random,18
8.1600000000000001,-0.12734998876800679,0,0,low_frequency_random,18
8.1650000000000009,-0.068729930581400145,0,0,low_frequency_random,18
8.1699999999999999,0.0078559350235120617,0,0,low_frequency_random,18
8.1750000000000007,-0.016185595839604168,0,0,low_frequency_random,18
8.1799999999999997,-0.098008490469667864,0,0,low_frequency_random,18
8.1850000000000005,-0.158255589505681,0,0,low_frequency_random,18
8.1899999999999995,-0.23547909649945434,0,0,low_frequency_random,18
8.1950000000000003,-0.27270295347419626,0,0,low_frequency_random,18
8.1999999999999993,-0.36416626036696875,0,0,low_frequency_random,18
8.2050000000000001,-0.39806051295436362,0,0,low_frequency_random,18
8.2100000000000009,-0.32339031682269803,0,0,low_frequency_random,18
8.2149999999999999,-0.32906392043383426,0,0,low_frequency_random,18
8.2200000000000006,-0.36866341908916367,0,0,low_frequency_random,18
8.2249999999999996,-0.35423364556308562,0,0,low_frequency_random,18
8.2300000000000004,-0.3255652601558956,0,0,low_frequency_random,18
8.2349999999999994,-0.33703635024551021,0,0,low_frequency_random,18
8.2400000000000002,-0.31213559035936145,0,0,low_frequency_random,18
8.245000000000001,-0.33341600479353084,0,0,low_frequency_random,18
8.25,-0.34895604099243549,0,0,low_frequency_random,18
8.2550000000000008,-0.36779758228394532,0,0,low_frequency_random,18
8.2599999999999998,-0.4959736575694067,0,0,low_frequency_random,18
8.2650000000000006,-0.49898269022177105,0,0,low_frequency_random,18
8.2699999999999996,-0.57786481532167522,0,0,low_frequency_random,18
8.2750000000000004,-0.60487244400819495,0,0,low_frequency_random,18
8.2799999999999994,-0.5680216887285412,0,0,low_frequency_random,18
8.2850000000000001,-0.53098967960807919,0,0,low_frequency_random,18
8.2900000000000009,-0.33972819997118886,0,0,low_frequency_random,18
8.2949999999999999,-0.46556269711692749,0,0,low_frequency_random,18
8.3000000000000007,-0.37405253133065658,0,0,low_frequency_random,18
8.3049999999999997,-0.33032499183319119,0,0,low_frequency_random,18
8.3100000000000005,-0.34831653558711512,0,0,low_frequency_random,18
8.3149999999999995,-0.29700019337896416,0,0,low_frequency_random,18
8.3200000000000003,-0.36835777331793301,0,0,low_frequency_random,18
8.3249999999999993,-0.36151734560387083,0,0,low_frequency_random,18
8.3300000000000001,-0.3857571263287084,0,0,low_frequency_random,18
8.3350000000000009,-0.23641036234037657,0,0,low_frequency_random,18
8.3399999999999999,-0.2477306300080552,0,0,low_frequency_random,18
8.3450000000000006,-0.24552061451631399,0,0,low_frequency_random,18
8.3499999999999996,-0.20123349016638198,0,0,low_frequency_random,18
8.3550000000000004,-0.23298513811628294,0,0,low_frequency_random,18
8.3599999999999994,-0.20534455571836058,0,0,low_frequency_random,18
8.3650000000000002,-0.17261969944804859,0,0,low_frequency_random,18
8.370000000000001,-0.10673955883379084,0,0,low_frequency_random,18
8.375,-0.097937361968601699,0,0,low_frequency_random,18
8.3800000000000008,-0.058177749508071044,0,0,low_frequency_random,18
8.3849999999999998,-0.1274171457393917,0,0,low_frequency_random,18
8.3900000000000006,0.0081133485268028438,0,0,low_frequency_random,18
8.3949999999999996,-0.050763206304018121,0,0,low_frequency_random,18
8.4000000000000004,-0.17773956677107991,0,0,low_frequency_random,18
8.4049999999999994,-0.21019261803264871,0,0,low_frequency_random,18
8.4100000000000001,-0.22258564932036651,0,0,low_frequency_random,18
8.4150000000000009,-0.41300285454971686,0,0,low_frequency_random,18
8.4199999999999999,-0.41077559459591168,0,0,low_frequency_random,18
8.4250000000000007,-0.31342587982775316,0,0,low_frequency_random,18
8.4299999999999997,-0.29009874404954639,0,0,low_frequency_random,18
8.4350000000000005,-0.11171275171168935,0,0,low_frequency_random,18
8.4399999999999995,-0.16561702157244237,0,0,low_frequency_random,18
8.4450000000000003,-0.25082982184776059,0,0,low_frequency_random,18
8.4499999999999993,-0.19535516653050597,0,0,low_frequency_random,18
8.4550000000000001,-0.042941715602717978,0,0,low_frequency_random,18
8.4600000000000009,0.050377978150402528,0,0,low_frequency_random,18
8.4649999999999999,-0.058016044229312377,0,0,low_frequency_random,18
8.4700000000000006,-0.18538928895973236,0,0,low_frequency_random,18
8.4749999999999996,-0.18475097378867553,0,0,low_frequency_random,18
8.4800000000000004,-0.19232427031461413,0,0,low_frequency_random,18
8.4849999999999994,-0.10387024528107773,0,0,low_frequency_random,18
8.4900000000000002,-0.12205082758252313,0,0,low_frequency_random,18
8.495000000000001,-0.16723550298090387,0,0,low_frequency_random,18
8.5,-0.13233446895603726,0,0,low_frequency_random,18
8.5050000000000008,-0.10384008954781948,0,0,low_frequency_random,18
8.5099999999999998,-0.028955325375520771,0,0,low_frequency_random,18
8.5150000000000006,0.06993981393038623,0,0,low_frequency_random,18
8.5199999999999996,-0.023388501589707261,0,0,low_frequency_random,18
8.5250000000000004,-0.00057653907325355691,0,0,low_frequency_random,18
8.5299999999999994,-0.039769545701575176,0,0,low_frequency_random,18
8.5350000000000001,-0.070678357227803829,0,0,low_frequency_random,18
8.5400000000000009,-0.023557898100180066,0,0,low_frequency_random,18
8.5449999999999999,-0.097527749175311512,0,0,low_frequency_random,18
8.5500000000000007,-0.20020387984573618,0,0,low_frequency_random,18
8.5549999999999997,-0.081803391980443271,0,0,low_frequency_random,18
8.5600000000000005,0.03527490259653035,0,0,low_frequency_random,18
8.5649999999999995,-0.063184979105782052,0,0,low_frequency_random,18
8.5700000000000003,0.0218034854084143,0,0,low_frequency_random,18
8.5750000000000011,0.012570803552815242,0,0,low_frequency_random,18
8.5800000000000001,0.057600472172911164,0,0,low_frequency_random,18
8.5850000000000009,-0.055842454996010302,0,0,low_frequency_random,18
8.5899999999999999,-0.16175700777467675,0,0,low_frequency_random,18
8.5950000000000006,-0.2029797097096642,0,0,low_frequency_random,18
8.5999999999999996,-0.22054845335586049,0,0,low_frequency_random,18
8.6050000000000004,-0.25969412334117381,0,0,low_frequency_random,18
8.6099999999999994,-0.17163317024014968,0,0,low_frequency_random,18
8.6150000000000002,-0.18457786479208013,0,0,low_frequency_random,18
8.620000000000001,-0.1366493708211409,0,0,low_frequency_random,18
8.625,-0.038483747974103755,0,0,low_frequency_random,18
8.6300000000000008,0.0091788830609987604,0,0,low_frequency_random,18
8.6349999999999998,-0.051367059707777198,0,0,low_frequency_random,18
8.6400000000000006,-0.008257032288787651,0,0,low_frequency_random,18
8.6449999999999996,-0.023706874241488041,0,0,low_frequency_random,18
8.6500000000000004,-0.034951701367267607,0,0,low_frequency_random,18
8.6549999999999994,-0.036101710198990028,0,0,low_frequency_random,18
8.6600000000000001,-0.054043642099471045,0,0,low_frequency_random,18
8.6650000000000009,-0.14210999776888594,0,0,low_frequency_random,18
8.6699999999999999,-0.12563484560533983,0,0,low_frequency_random,18
8.6750000000000007,-0.15122506441110906,0,0,low_frequency_random,18
8.6799999999999997,-0.085695877780153057,0,0,low_frequency_random,18
8.6850000000000005,-0.17637248872447678,0,0,low_frequency_random,18
8.6899999999999995,-0.20594568407510352,0,0,low_frequency_random,18
8.6950000000000003,-0.24281628229130106,0,0,low_frequency_random,18
8.7000000000000011,-0.31720755635869058,0,0,low_frequency_random,18
8.7050000000000001,-0.35776846791920108,0,0,low_frequency_random,18
8.7100000000000009,-0.32618401768236022,0,0,low_frequency_random,18
8.7149999999999999,-0.30627537189775805,0,0,low_frequency_random,18
8.7200000000000006,-0.37525059964829838,0,0,low_frequency_random,18
8.7249999999999996,-0.53088152291574975,0,0,low_frequency_random,18
8.7300000000000004,-0.57066934747996267,0,0,low_frequency_random,18
8.7349999999999994,-0.59369380363073554,0,0,low_frequency_random,18
8.7400000000000002,-0.59055145462269809,0,0,low_frequency_random,18
8.745000000000001,-0.71216167517638607,0,0,low_frequency_random,18
8.75,-0.58085762729644419,0,0,low_frequency_random,18
8.7550000000000008,-0.36411104333030442,0,0,low_frequency_random,18
8.7599999999999998,-0.46574734633162551,0,0,low_frequency_random,18
8.7650000000000006,-0.42924202914807319,0,0,low_frequency_random,18
8.7699999999999996,-0.55671474535450627,0,0,low_frequency_random,18
8.7750000000000004,-0.63556808885623506,0,0,low_frequency_random,18
8.7799999999999994,-0.66818058925039581,0,0,low_frequency_random,18
8.7850000000000001,-0.66787256948830986,0,0,low_frequency_random,18
8.7900000000000009,-0.63475705505018865,0,0,low_frequency_random,18
8.7949999999999999,-0.55785089797320309,0,0,low_frequency_random,18
8.8000000000000007,-0.46342777949409136,0,0,low_frequency_random,18
8.8049999999999997,-0.44191989144619509,0,0,low_frequency_random,18
8.8100000000000005,-0.35966189958286665,0,0,low_frequency_random,18
8.8149999999999995,-0.35665608555052097,0,0,low_frequency_random,18
8.8200000000000003,-0.30608732398525845,0,0,low_frequency_random,18
8.8250000000000011,-0.12069375714466762,0,0,low_frequency_random,18
8.8300000000000001,-0.20084753976824438,0,0,low_frequency_random,18
8.8350000000000009,-0.32117250359578925,0,0,low_frequency_random,18
8.8399999999999999,-0.34880385471978831,0,0,low_frequency_random,18
8.8450000000000006,-0.3866033049546938,0,0,low_frequency_random,18
8.8499999999999996,-0.21010019283158232,0,0,low_frequency_random,18
8.8550000000000004,-0.33272553089847495,0,0,low_frequency_random,18
8.8599999999999994,-0.42600022974873891,0,0,low_frequency_random,18
8.8650000000000002,-0.48432950861027868,0,0,low_frequency_random,18
8.870000000000001,-0.5551379261209044,0,0,low_frequency_random,18
8.875,-0.45486405281123665,0,0,low_frequency_random,18
8.8800000000000008,-0.51242522661581358,0,0,low_frequency_random,18
8.8849999999999998,-0.48985425361287716,0,0,low_frequency_random,18
8.8900000000000006,-0.53685745414873487,0,0,low_frequency_random,18
8.8949999999999996,-0.38135442118589702,0,0,low_frequency_random,18
8.9000000000000004,-0.35499147150887789,0,0,low_frequency_random,18
8.9049999999999994,-0.36668280401570419,0,0,low_frequency_random,18
8.9100000000000001,-0.21866651214365718,0,0,low_frequency_random,18
8.9150000000000009,-0.29699571636307287,0,0,low_frequency_random,18
8.9199999999999999,-0.40561982438086425,0,0,low_frequency_random,18
8.9250000000000007,-0.43247205646516412,0,0,low_frequency_random,18
8.9299999999999997,-0.40040872189810639,0,0,low_frequency_random,18
8.9350000000000005,-0.40477154247447533,0,0,low_frequency_random,18
8.9399999999999995,-0.39611984744402801,0,0,low_frequency_random,18
8.9450000000000003,-0.32800227089705447,0,0,low_frequency_random,18
8.9500000000000011,-0.31565867909578443,0,0,low_frequency_random,18
8.9550000000000001,-0.14948260144155984,0,0,low_frequency_random,18
8.9600000000000009,-0.33198155887439595,0,0,low_frequency_random,18
8.9649999999999999,-0.2855251373801328,0,0,low_frequency_random,18
8.9700000000000006,-0.18823003539091787,0,0,low_frequency_random,18
8.9749999999999996,-0.36846939746890789,0,0,low_frequency_random,18
8.9800000000000004,-0.48386669812722638,0,0,low_frequency_random,18
8.9849999999999994,-0.55649248172933508,0,0,low_frequency_random,18
8.9900000000000002,-0.4328742204484432,0,0,low_frequency_random,18
8.995000000000001,-0.58830818347613278,0,0,low_frequency_random,18
9,-0.51997842038320408,0,0,low_frequency_random,18
9.0050000000000008,-0.62502148776641941,0,0,low_frequency_random,18
9.0099999999999998,-0.6753780068564198,0,0,low_frequency_random,18
9.0150000000000006,-0.68822505128566303,0,0,low_frequency_random,18
9.0199999999999996,-0.72964287419181628,0,0,low_frequency_random,18
9.0250000000000004,-0.7395581326963484,0,0,low_frequency_random,18
9.0299999999999994,-0.79636019115697065,0,0,low_frequency_random,18
9.0350000000000001,-0.79970426318460952,0,0,low_frequency_random,18
9.0400000000000009,-0.81826804741663584,0,0,low_frequency_random,18
9.0449999999999999,-0.72838337593258873,0,0,low_frequency_random,18
9.0500000000000007,-0.80839571724977954,0,0,low_frequency_random,18
9.0549999999999997,-0.73023755132938895,0,0,low_frequency_random,18
9.0600000000000005,-0.78225814711889075,0,0,low_frequency_random,18
9.0649999999999995,-0.64729974878505825,0,0,low_frequency_random,18
9.0700000000000003,-0.77351182562093912,0,0,low_frequency_random,18
9.0750000000000011,-0.79831807545486544,0,0,low_frequency_random,18
9.0800000000000001,-0.7720860667514462,0,0,low_frequency_random,18
9.0850000000000009,-0.83749593303039971,0,0,low_frequency_random,18
9.0899999999999999,-0.90270502782991835,0,0,low_frequency_random,18
9.0950000000000006,-0.94250891716907115,0,0,low_frequency_random,18
9.0999999999999996,-0.96513173901997684,0,0,low_frequency_random,18
9.1050000000000004,-0.9208379209037475,0,0,low_frequency_random,18
9.1099999999999994,-0.89730663179647663,0,0,low_frequency_random,18
9.1150000000000002,-0.86408977744702198,0,0,low_frequency_random,18
9.120000000000001,-0.83979589574961377,0,0,low_frequency_random,18
9.125,-0.75422494936301043,0,0,low_frequency_random,18
9.1300000000000008,-0.81092468112327398,0,0,low_frequency_random,18
9.1349999999999998,-0.75875040392656579,0,0,low_frequency_random,18
9.1400000000000006,-0.80979853325679518,0,0,low_frequency_random,18
9.1449999999999996,-0.84062758823095574,0,0,low_frequency_random,18
9.1500000000000004,-0.93210657108925454,0,0,low_frequency_random,18
9.1549999999999994,-0.86035549299045067,0,0,low_frequency_random,18
9.1600000000000001,-0.95702039207837408,0,0,low_frequency_random,18
9.1650000000000009,-0.95827966777717621,0,0,low_frequency_random,18
9.1699999999999999,-0.97525766956006266,0,0,low_frequency_random,18
9.1750000000000007,-1.0693939391314597,0,0,low_frequency_random,18
9.1799999999999997,-1.1353613791069961,0,0,low_frequency_random,18
9.1850000000000005,-1.1827069560546832,0,0,low_frequency_random,18
9.1899999999999995,-1.0460941822014056,0,0,low_frequency_random,18
9.1950000000000003,-0.96654098429816271,0,0,low_frequency_random,18
9.2000000000000011,-0.86897804396328748,0,0,low_frequency_random,18
9.2050000000000001,-0.86430433453497091,0,0,low_frequency_random,18
9.2100000000000009,-0.8384637282169054,0,0,low_frequency_random,18
9.2149999999999999,-0.8221157393184082,0,0,low_frequency_random,18
9.2200000000000006,-0.69959025848957546,0,0,low_frequency_random,18
9.2249999999999996,-0.74678875209322737,0,0,low_frequency_random,18
9.2300000000000004,-0.77347761404764892,0,0,low_frequency_random,18
9.2349999999999994,-0.69393192824910133,0,0,low_frequency_random,18
9.2400000000000002,-0.54780669466494047,0,0,low_frequency_random,18
9.245000000000001,-0.52498839587905144,0,0,low_frequency_random,18
9.25,-0.46046707576811458,0,0,low_frequency_random,18
9.2550000000000008,-0.40848707394357914,0,0,low_frequency_random,18
9.2599999999999998,-0.35450783018515791,0,0,low_frequency_random,18
9.2650000000000006,-0.34940750620558336,0,0,low_frequency_random,18
9.2699999999999996,-0.44907330785223432,0,0,low_frequency_random,18
9.2750000000000004,-0.4283695244055632,0,0,low_frequency_random,18
9.2799999999999994,-0.43224113123885688,0,0,low_frequency_random,18
9.2850000000000001,-0.43057222411238999,0,0,low_frequency_random,18
9.2900000000000009,-0.42112195237960376,0,0,low_frequency_random,18
9.2949999999999999,-0.41778524150958196,0,0,low_frequency_random,18
9.3000000000000007,-0.29160488509381283,0,0,low_frequency_random,18
9.3049999999999997,-0.41265500144697803,0,0,low_frequency_random,18
9.3100000000000005,-0.25851780932891355,0,0,low_frequency_random,18
9.3149999999999995,-0.29308812406199602,0,0,low_frequency_random,18
9.3200000000000003,-0.26696766022947027,0,0,low_frequency_random,18
9.3250000000000011,-0.29115651894861017,0,0,low_frequency_random,18
9.3300000000000001,-0.18311008180456845,0,0,low_frequency_random,18
9.3350000000000009,-0.15976555181212473,0,0,low_frequency_random,18
9.3399999999999999,-0.066195121750161207,0,0,low_frequency_random,18
9.3450000000000006,-0.10892596278978725,0,0,low_frequency_random,18
9.3499999999999996,-0.096417217019578338,0,0,low_frequency_random,18
9.3550000000000004,-0.15398568818692532,0,0,low_frequency_random,18
9.3599999999999994,-0.14195843481984666,0,0,low_frequency_random,18
9.3650000000000002,-0.13814910834721864,0,0,low_frequency_random,18
9.370000000000001,-0.27475776907996374,0,0,low_frequency_random,18
9.375,-0.3835691085844139,0,0,low_frequency_random,18
9.3800000000000008,-0.42493378696375217,0,0,low_frequency_random,18
9.3849999999999998,-0.19640529161161854,0,0,low_frequency_random,18
9.3900000000000006,-0.14851886702660069,0,0,low_frequency_random,18
9.3949999999999996,-0.15707157477176029,0,0,low_frequency_random,18
9.4000000000000004,-0.03650115445857946,0,0,low_frequency_random,18
9.4049999999999994,-0.077265780024747266,0,0,low_frequency_random,18
9.4100000000000001,-0.1492866690347687,0,0,low_frequency_random,18
9.4150000000000009,-0.21001504146448352,0,0,low_frequency_random,18
9.4199999999999999,-0.093516514569825321,0,0,low_frequency_random,18
9.4250000000000007,-0.1256103457289697,0,0,low_frequency_random,18
9.4299999999999997,-0.059113614658849303,0,0,low_frequency_random,18
9.4350000000000005,0.071323988474900596,0,0,low_frequency_random,18
9.4399999999999995,0.1407060389519913,0,0,low_frequency_random,18
9.4450000000000003,0.18637259857107782,0,0,low_frequency_random,18
9.4500000000000011,0.20967154161429261,0,0,low_frequency_random,18
9.4550000000000001,0.20725770882038433,0,0,low_frequency_random,18
9.4600000000000009,0.19643475668490396,0,0,low_frequency_random,18
9.4649999999999999,0.14088680008093002,0,0,low_frequency_random,18
9.4700000000000006,0.14087612354728354,0,0,low_frequency_random,18
9.4749999999999996,0.050007658891360218,0,0,low_frequency_random,18
9.4800000000000004,0.1484020345192778,0,0,low_frequency_random,18
9.4849999999999994,0.13448970321676665,0,0,low_frequency_random,18
9.4900000000000002,0.14643740425067794,0,0,low_frequency_random,18
9.495000000000001,0.12359580576138451,0,0,low_frequency_random,18
9.5,0.091296155254704969,0,0,low_frequency_random,18
9.5050000000000008,0.1317434051130244,0,0,low_frequency_random,18
9.5099999999999998,0.14779662413678574,0,0,low_frequency_random,18
9.5150000000000006,0.32922835665670025,0,0,low_frequency_random,18
9.5199999999999996,0.37219626809952694,0,0,low_frequency_random,18
9.5250000000000004,0.46746575050354539,0,0,low_frequency_random,18
9.5299999999999994,0.39390987631487229,0,0,low_frequency_random,18
9.5350000000000001,0.27632821236741567,0,0,low_frequency_random,18
9.5400000000000009,0.31122249269059499,0,0,low_frequency_random,18
9.5449999999999999,0.29276370242810251,0,0,low_frequency_random,18
9.5500000000000007,0.34008340472347859,0,0,low_frequency_random,18
9.5549999999999997,0.26389140630252916,0,0,low_frequency_random,18
9.5600000000000005,0.20026436457432409,0,0,low_frequency_random,18
9.5649999999999995,0.04148169847892727,0,0,low_frequency_random,18
9.5700000000000003,0.1445080501874012,0,0,low_frequency_random,18
9.5750000000000011,0.26082210192893818,0,0,low_frequency_random,18
9.5800000000000001,0.17756374046126797,0,0,low_frequency_random,18
9.5850000000000009,0.1912203936833404,0,0,low_frequency_random,18
9.5899999999999999,0.34181406696137956,0,0,low_frequency_random,18
9.5950000000000006,0.36766757779549841,0,0,low_frequency_random,18
9.5999999999999996,0.35770322085876249,0,0,low_frequency_random,18
9.6050000000000004,0.33144971465748857,0,0,low_frequency_random,18
9.6099999999999994,0.3654923186409299,0,0,low_frequency_random,18
9.6150000000000002,0.44017896169305276,0,0,low_frequency_random,18
9.620000000000001,0.47486760253588683,0,0,low_frequency_random,18
9.625,0.37424674503149391,0,0,low_frequency_random,18
9.6300000000000008,0.35240855388436576,0,0,low_frequency_random,18
9.6349999999999998,0.38058469920400184,0,0,low_frequency_random,18
9.6400000000000006,0.21655596781771971,0,0,low_frequency_random,18
9.6449999999999996,0.24807299389007526,0,0,low_frequency_random,18
9.6500000000000004,0.076573456508831184,0,0,low_frequency_random,18
9.6549999999999994,0.062309404177393814,0,0,low_frequency_random,18
9.6600000000000001,0.13171948739404993,0,0,low_frequency_random,18
9.6650000000000009,0.11607741887304926,0,0,low_frequency_random,18
9.6699999999999999,0.084676514295012717,0,0,low_frequency_random,18
9.6750000000000007,0.15301555713779494,0,0,low_frequency_random,18
9.6799999999999997,0.12585735656179772,0,0,low_frequency_random,18
9.6850000000000005,0.28189339061712382,0,0,low_frequency_random,18
9.6899999999999995,0.19236883218369558,0,0,low_frequency_random,18
9.6950000000000003,0.14858666703311441,0,0,low_frequency_random,18
9.7000000000000011,0.21692040335216703,0,0,low_frequency_random,18
9.7050000000000001,0.059054964392701192,0,0,low_frequency_random,18
9.7100000000000009,0.081780389660727842,0,0,low_frequency_random,18
9.7149999999999999,0.067592484698074745,0,0,low_frequency_random,18
9.7200000000000006,0.023925163258261391,0,0,low_frequency_random,18
9.7249999999999996,-0.0648201896792968,0,0,low_frequency_random,18
9.7300000000000004,-0.096140200761403616,0,0,low_frequency_random,18
9.7349999999999994,-0.052369082147515386,0,0,low_frequency_random,18
9.7400000000000002,-0.11162394273640243,0,0,low_frequency_random,18
9.745000000000001,-0.15716523640912797,0,0,low_frequency_random,18
9.75,-0.075064125402332066,0,0,low_frequency_random,18
9.7550000000000008,-0.011328629092190109,0,0,low_frequency_random,18
9.7599999999999998,0.087580256375591775,0,0,low_frequency_random,18
9.7650000000000006,0.21455858809953318,0,0,low_frequency_random,18
9.7699999999999996,0.21872759299830852,0,0,low_frequency_random,18
9.7750000000000004,0.18225457724108809,0,0,low_frequency_random,18
9.7799999999999994,0.13471718748931197,0,0,low_frequency_random,18
9.7850000000000001,0.037282803197562178,0,0,low_frequency_random,18
9.7900000000000009,0.045420524200172431,0,0,low_frequency_random,18
9.7949999999999999,0.15070695517873225,0,0,low_frequency_random,18
9.8000000000000007,0.16304829616015182,0,0,low_frequency_random,18
9.8049999999999997,0.080459791495305216,0,0,low_frequency_random,18
9.8100000000000005,0.090019115534642924,0,0,low_frequency_random,18
9.8149999999999995,0.15857751816931176,0,0,low_frequency_random,18
9.8200000000000003,0.19141425367897438,0,0,low_frequency_random,18
9.8250000000000011,0.13708217929323399,0,0,low_frequency_random,18
9.8300000000000001,0.13535935952604683,0,0,low_frequency_random,18
9.8350000000000009,0.16618312801991231,0,0,low_frequency_random,18
9.8399999999999999,0.20969722030851357,0,0,low_frequency_random,18
9.8450000000000006,0.15440615117680012,0,0,low_frequency_random,18
9.8499999999999996,0.089603297098996337,0,0,low_frequency_random,18
9.8550000000000004,0.17537814804078253,0,0,low_frequency_random,18
9.8599999999999994,0.3291418841660938,0,0,low_frequency_random,18
9.8650000000000002,0.37181201689417959,0,0,low_frequency_random,18
9.870000000000001,0.25965169386989456,0,0,low_frequency_random,18
9.875,0.28202126176579395,0,0,low_frequency_random,18
9.8800000000000008,0.29042044634775988,0,0,low_frequency_random,18
9.8849999999999998,0.30028764899869698,0,0,low_frequency_random,18
9.8900000000000006,0.27128313926980741,0,0,low_frequency_random,18
9.8949999999999996,0.24774829748231147,0,0,low_frequency_random,18
9.9000000000000004,0.19639736550398393,0,0,low_frequency_random,18
9.9049999999999994,0.21399590456735196,0,0,low_frequency_random,18
9.9100000000000001,0.22747946234668201,0,0,low_frequency_random,18
9.9150000000000009,0.32033092432823945,0,0,low_frequency_random,18
9.9199999999999999,0.25188114388248045,0,0,low_frequency_random,18
9.9250000000000007,0.28746154048615297,0,0,low_frequency_random,18
9.9299999999999997,0.33184256386628724,0,0,low_frequency_random,18
9.9350000000000005,0.26001922277251088,0,0,low_frequency_random,18
9.9399999999999995,0.3107948742317107,0,0,low_frequency_random,18
9.9450000000000003,0.25828748951457015,0,0,low_frequency_random,18
9.9500000000000011,0.31822223694347329,0,0,low_frequency_random,18
9.9550000000000001,0.38454023286920497,0,0,low_frequency_random,18
9.9600000000000009,0.34523757872693944,0,0,low_frequency_random,18
9.9649999999999999,0.23550253198940785,0,0,low_frequency_random,18
9.9700000000000006,0.14045437383209217,0,0,low_frequency_random,18
9.9749999999999996,0.20107893000151711,0,0,low_frequency_random,18
9.9800000000000004,0.13196172885212104,0,0,low_frequency_random,18
9.9849999999999994,0.058499868930142987,0,0,low_frequency_random,18
9.9900000000000002,0.10922778526391476,0,0,low_frequency_random,18
9.995000000000001,0.066381475710506926,0,0,low_frequency_random,18
10,0.050588343745742712,0,0,low_frequency_random,18
10.005000000000001,-0.088964963708602338,0,0,low_frequency_random,18
10.01,0.013118985621271131,0,0,low_frequency_random,18
10.015000000000001,0.078626173484545467,0,0,low_frequency_random,18
10.02,0.25467725117664597,0,0,low_frequency_random,18
10.025,0.23201018892515182,0,0,low_frequency_random,18
10.029999999999999,0.10851127012716882,0,0,low_frequency_random,18
10.035,0.24126153605987732,0,0,low_frequency_random,18
10.040000000000001,0.13774498805422333,0,0,low_frequency_random,18
10.045,0.20026060873513635,0,0,low_frequency_random,18
10.050000000000001,0.26365580276430267,0,0,low_frequency_random,18
10.055,0.16513074444860248,0,0,low_frequency_random,18
10.06,0.13739854985226926,0,0,low_frequency_random,18
10.065,0.12925590807757378,0,0,low_frequency_random,18
10.07,0.21030436961398655,0,0,low_frequency_random,18
10.075000000000001,0.24012935814517725,0,0,low_frequency_random,18
10.08,0.24679386238164974,0,0,low_frequency_random,18
10.085000000000001,0.20750874879140785,0,0,low_frequency_random,18
10.09,0.30717365069144253,0,0,low_frequency_random,18
10.095000000000001,0.36632893599314265,0,0,low_frequency_random,18
10.1,0.20118374284221749,0,0,low_frequency_random,18
10.105,0.084106464782721435,0,0,low_frequency_random,18
10.109999999999999,0.1454287201313802,0,0,low_frequency_random,18
10.115,0.21307291569689721,0,0,low_frequency_random,18
10.120000000000001,0.26729795431207914,0,0,low_frequency_random,18
10.125,0.34787823337364454,0,0,low_frequency_random,18
10.130000000000001,0.335026549748697,0,0,low_frequency_random,18
10.135,0.20271405566214468,0,0,low_frequency_random,18
10.140000000000001,0.23818654850174267,0,0,low_frequency_random,18
10.145,0.32389219848731404,0,0,low_frequency_random,18
10.15,0.2867174609762046,0,0,low_frequency_random,18
10.154999999999999,0.26293939664619947,0,0,low_frequency_random,18
10.16,0.28879104628434171,0,0,low_frequency_random,18
10.165000000000001,0.24122122212681063,0,0,low_frequency_random,18
10.17,0.257409483350447,0,0,low_frequency_random,18
10.175000000000001,0.1979057582837524,0,0,low_frequency_random,18
10.18,0.29752774932102621,0,0,low_frequency_random,18
10.185,0.32938886567052517,0,0,low_frequency_random,18
10.19,0.28538571675044438,0,0,low_frequency_random,18
10.195,0.20809475190390636,0,0,low_frequency_random,18
10.200000000000001,0.22694989470564181,0,0,low_frequency_random,18
10.205,0.28276538834022741,0,0,low_frequency_random,18
10.210000000000001,0.16364903425144534,0,0,low_frequency_random,18
10.215,0.117827322938935,0,0,low_frequency_random,18
10.220000000000001,-0.029019423839377223,0,0,low_frequency_random,18
10.225,-0.014206048099507609,0,0,low_frequency_random,18
10.23,-0.013791664252242042,0,0,low_frequency_random,18
10.234999999999999,-0.1131692832633082,0,0,low_frequency_random,18
10.24,-0.11308866131003253,0,0,low_frequency_random,18
10.245000000000001,-0.14450425650552084,0,0,low_frequency_random,18
10.25,-0.15169733820591039,0,0,low_frequency_random,18
10.255000000000001,-0.19467195323707662,0,0,low_frequency_random,18
10.26,-0.25286967004596994,0,0,low_frequency_random,18
10.265000000000001,-0.21743802679516316,0,0,low_frequency_random,18
10.27,-0.11994018606507044,0,0,low_frequency_random,18
10.275,-0.092251140218352318,0,0,low_frequency_random,18
10.279999999999999,-0.072667349343868176,0,0,low_frequency_random,18
10.285,-0.14113340381808281,0,0,low_frequency_random,18
10.290000000000001,-0.091607124633350703,0,0,low_frequency_random,18
10.295,0.065944866039663166,0,0,low_frequency_random,18
10.300000000000001,0.19730427048126692,0,0,low_frequency_random,18
10.305,0.24326536123456635,0,0,low_frequency_random,18
10.31,0.31693029758372143,0,0,low_frequency_random,18
10.315,0.32403944746318342,0,0,low_frequency_random,18
10.32,0.33397109703946803,0,0,low_frequency_random,18
10.325000000000001,0.31447588438968549,0,0,low_frequency_random,18
10.33,0.29603423601250889,0,0,low_frequency_random,18
10.335000000000001,0.32777313134515496,0,0,low_frequency_random,18
10.34,0.3818956369282005,0,0,low_frequency_random,18
10.345000000000001,0.37323674207217422,0,0,low_frequency_random,18
10.35,0.34963106328443655,0,0,low_frequency_random,18
10.355,0.46298138313668219,0,0,low_frequency_random,18
10.359999999999999,0.38430299742540402,0,0,low_frequency_random,18
10.365,0.37880280134340621,0,0,low_frequency_random,18
10.370000000000001,0.54674589282389285,0,0,low_frequency_random,18
10.375,0.71868826693371601,0,0,low_frequency_random,18
10.380000000000001,0.84604418177964957,0,0,low_frequency_random,18
10.385,0.93762658493697892,0,0,low_frequency_random,18
10.390000000000001,0.73562472752835251,0,0,low_frequency_random,18
10.395,0.86044529375392342,0,0,low_frequency_random,18
10.4,0.84561291985361398,0,0,low_frequency_random,18
10.404999999999999,0.9439896603379504,0,0,low_frequency_random,18
10.41,0.98897893451239938,0,0,low_frequency_random,18
10.415000000000001,1.0429051396103337,0,0,low_frequency_random,18
10.42,1.0813363931367723,0,0,low_frequency_random,18
10.425000000000001,1.0802404792736149,0,0,low_frequency_random,18
10.43,1.1302329261290907,0,0,low_frequency_random,18
10.435,0.96202911586108186,0,0,low_frequency_random,18
10.44,0.81801961231408094,0,0,low_frequency_random,18
10.445,0.87662664894922815,0,0,low_frequency_random,18
10.450000000000001,0.9737082490549972,0,0,low_frequency_random,18
10.455,0.97892234518726529,0,0,low_frequency_random,18
10.460000000000001,0.90771869289416895,0,0,low_frequency_random,18
10.465,0.95121411390263699,0,0,low_frequency_random,18
10.470000000000001,1.0062639121488244,0,0,low_frequency_random,18
10.475,0.96461128334225454,0,0,low_frequency_random,18
10.48,0.88871671375480743,0,0,low_frequency_random,18
10.484999999999999,0.90487507916366827,0,0,low_frequency_random,18
10.49,0.94040150352986718,0,0,low_frequency_random,18
10.495000000000001,0.97838274797093139,0,0,low_frequency_random,18
10.5,0.97656100438228532,0,0,low_frequency_random,18
10.505000000000001,1.0420299214339734,0,0,low_frequency_random,18
10.51,0.95713264712986446,0,0,low_frequency_random,18
10.515000000000001,0.94894499558282208,0,0,low_frequency_random,18
10.52,1.0288756810682256,0,0,low_frequency_random,18
10.525,1.0997274636309504,0,0,low_frequency_random,18
10.529999999999999,1.068932564269083,0,0,low_frequency_random,18
10.535,1.0856134203977916,0,0,low_frequency_random,18
10.540000000000001,0.99685093898086186,0,0,low_frequency_random,18
10.545,1.1546470778047353,0,0,low_frequency_random,18
10.550000000000001,1.1465732206822077,0,0,low_frequency_random,18
10.555,1.1033693430228668,0,0,low_frequency_random,18
10.56,1.1892849202961822,0,0,low_frequency_random,18
10.565,1.1316626921468356,0,0,low_frequency_random,18
10.57,1.2184530015940997,0,0,low_frequency_random,18
10.575000000000001,1.1950932751402066,0,0,low_frequency_random,18
10.58,1.1029774731210487,0,0,low_frequency_random,18
10.585000000000001,1.1137754865703229,0,0,low_frequency_random,18
10.59,1.144750472794037,0,0,low_frequency_random,18
10.595000000000001,1.1295648242031637,0,0,low_frequency_random,18
10.6,1.079690416376595,0,0,low_frequency_random,18
10.605,1.0740153232393428,0,0,low_frequency_random,18
10.609999999999999,1.2714523968356266,0,0,low_frequency_random,18
10.615,1.2836707740385749,0,0,low_frequency_random,18
10.620000000000001,1.4236463767421415,0,0,low_frequency_random,18
10.625,1.3662868283190734,0,0,low_frequency_random,18
10.630000000000001,1.2146179950650027,0,0,low_frequency_random,18
10.635,1.1067741175707539,0,0,low_frequency_random,18
10.640000000000001,1.1111553621830466,0,0,low_frequency_random,18
10.645,1.0427426018095136,0,0,low_frequency_random,18
10.65,0.9469703949551127,0,0,low_frequency_random,18
10.654999999999999,0.92018670109150558,0,0,low_frequency_random,18
10.66,0.95542030637270803,0,0,low_frequency_random,18
10.665000000000001,0.95720557161678244,0,0,low_frequency_random,18
10.67,0.93280811991122181,0,0,low_frequency_random,18
10.675000000000001,1.0113812574883341,0,0,low_frequency_random,18
10.68,0.94984756853067009,0,0,low_frequency_random,18
10.685,0.91561792108327877,0,0,low_frequency_random,18
10.69,1.0717757946567981,0,0,low_frequency_random,18
10.695,0.96778713564598462,0,0,low_frequency_random,18
10.700000000000001,1.0451674176127395,0,0,low_frequency_random,18
10.705,0.94873771186034817,0,0,low_frequency_random,18
10.710000000000001,1.045223669057648,0,0,low_frequency_random,18
10.715,1.0077563229761266,0,0,low_frequency_random,18
10.720000000000001,0.96299178810744923,0,0,low_frequency_random,18
10.725,0.89462263316253332,0,0,low_frequency_random,18
10.73,0.85616507962706323,0,0,low_frequency_random,18
10.734999999999999,0.91140389419628343,0,0,low_frequency_random,18
10.74,0.75141091149035522,0,0,low_frequency_random,18
10.745000000000001,0.71065649906284334,0,0,low_frequency_random,18
10.75,0.63128047931272391,0,0,low_frequency_random,18
10.755000000000001,0.6301291944137194,0,0,low_frequency_random,18
10.76,0.57031234918603946,0,0,low_frequency_random,18
10.765000000000001,0.46926283966147087,0,0,low_frequency_random,18
10.77,0.38605623236520392,0,0,low_frequency_random,18
10.775,0.34475309173006569,0,0,low_frequency_random,18
10.779999999999999,0.33872842263631853,0,0,low_frequency_random,18
10.785,0.28138347171297862,0,0,low_frequency_random,18
10.790000000000001,0.39799416358772327,0,0,low_frequency_random,18
10.795,0.40920137180260824,0,0,low_frequency_random,18
10.800000000000001,0.44639506467203532,0,0,low_frequency_random,18
10.805,0.36378192083503341,0,0,low_frequency_random,18
10.81,0.35879234790803932,0,0,low_frequency_random,18
10.815,0.43919458040218246,0,0,low_frequency_random,18
10.82,0.36914523436229096,0,0,low_frequency_random,18
10.825000000000001,0.44411240286772402,0,0,low_frequency_random,18
10.83,0.47608122628995542,0,0,low_frequency_random,18
10.835000000000001,0.52924502231008153,0,0,low_frequency_random,18
10.84,0.60752603339495959,0,0,low_frequency_random,18
10.845000000000001,0.64185912230254882,0,0,low_frequency_random,18
10.85,0.52049282786250473,0,0,low_frequency_random,18
10.855,0.49423912512141266,0,0,low_frequency_random,18
10.859999999999999,0.38549444441166758,0,0,low_frequency_random,18
10.865,0.38492998359226921,0,0,low_frequency_random,18
10.870000000000001,0.37226139942229469,0,0,low_frequency_random,18
10.875,0.34062199790944492,0,0,low_frequency_random,18
10.880000000000001,0.38266564598937836,0,0,low_frequency_random,18
10.885,0.31686402768893146,0,0,low_frequency_random,18
10.890000000000001,0.29694216432751397,0,0,low_frequency_random,18
10.895,0.2037468696172049,0,0,low_frequency_random,18
10.9,0.13458311552973173,0,0,low_frequency_random,18
10.904999999999999,0.16610424334696156,0,0,low_frequency_random,18
10.91,0.17410627158862219,0,0,low_frequency_random,18
10.915000000000001,0.16637750026765838,0,0,low_frequency_random,18
10.92,-0.020407611989930491,0,0,low_frequency_random,18
10.925000000000001,-0.025279248515558995,0,0,low_frequency_random,18
10.93,-0.058917418347835732,0,0,low_frequency_random,18
10.935,-0.11936494669819353,0,0,low_frequency_random,18
10.94,-0.16253236039351976,0,0,low_frequency_random,18
10.945,-0.17163389696853501,0,0,low_frequency_random,18
10.950000000000001,-0.2159821747672156,0,0,low_frequency_random,18
10.955,-0.27011295715286832,0,0,low_frequency_random,18
10.960000000000001,-0.30858550917074734,0,0,low_frequency_random,18
10.965,-0.28649367358143768,0,0,low_frequency_random,18
10.970000000000001,-0.30496241935455026,0,0,low_frequency_random,18
10.975,-0.38062675424369208,0,0,low_frequency_random,18
10.98,-0.40800814385453904,0,0,low_frequency_random,18
10.984999999999999,-0.41344935359846025,0,0,low_frequency_random,18
10.99,-0.42585397904904149,0,0,low_frequency_random,18
10.995000000000001,-0.41002185012477677,0,0,low_frequency_random,18
11,-0.39485425382755651,0,0,low_frequency_random,18
11.005000000000001,-0.42555651042357578,0,0,low_frequency_random,18
11.01,-0.43243811698545959,0,0,low_frequency_random,18
11.015000000000001,-0.34875423211912199,0,0,low_frequency_random,18
11.02,-0.39905391573182381,0,0,low_frequency_random,18
11.025,-0.33869034387004032,0,0,low_frequency_random,18
11.029999999999999,-0.33650758767349448,0,0,low_frequency_random,18
11.035,-0.23861658264078328,0,0,low_frequency_random,18
11.040000000000001,-0.049473323941899766,0,0,low_frequency_random,18
11.045,0.047284177823426886,0,0,low_frequency_random,18
11.050000000000001,0.030599987873274403,0,0,low_frequency_random,18
11.055,0.070347270589746505,0,0,low_frequency_random,18
11.06,0.10448155520416172,0,0,low_frequency_random,18
11.065,0.13294603725801074,0,0,low_frequency_random,18
11.07,0.091510360055920462,0,0,low_frequency_random,18
11.075000000000001,0.11350613816482148,0,0,low_frequency_random,18
11.08,0.1482372053592626,0,0,low_frequency_random,18
11.085000000000001,0.10894340159100224,0,0,low_frequency_random,18
11.09,0.027561366732497594,0,0,low_frequency_random,18
11.095000000000001,-0.029186040346583671,0,0,low_frequency_random,18
11.1,-0.22947397874304828,0,0,low_frequency_random,18
11.105,-0.34453649115576973,0,0,low_frequency_random,18
11.109999999999999,-0.48146572950194988,0,0,low_frequency_random,18
11.115,-0.37694610368402726,0,0,low_frequency_random,18
11.120000000000001,-0.35501589674278494,0,0,low_frequency_random,18
11.125,-0.52100687283285096,0,0,low_frequency_random,18
11.130000000000001,-0.41109480585445601,0,0,low_frequency_random,18
11.135,-0.37532924225060904,0,0,low_frequency_random,18
11.140000000000001,-0.41820943698278035,0,0,low_frequency_random,18
11.145,-0.50625802602159498,0,0,low_frequency_random,18
11.15,-0.49802715537160452,0,0,low_frequency_random,18
11.154999999999999,-0.56268990787731177,0,0,low_frequency_random,18
11.16,-0.58685855784394958,0,0,low_frequency_random,18
11.165000000000001,-0.57636151080388054,0,0,low_frequency_random,18
11.17,-0.56303048969245972,0,0,low_frequency_random,18
11.175000000000001,-0.49775362741532703,0,0,low_frequency_random,18
11.18,-0.30308160289592323,0,0,low_frequency_random,18
11.185,-0.14824832268026231,0,0,low_frequency_random,18
11.19,-0.15355354986673239,0,0,low_frequency_random,18
11.195,-0.20002751751288589,0,0,low_frequency_random,18
11.200000000000001,-0.21518674352629213,0,0,low_frequency_random,18
11.205,-0.26778033921351596,0,0,low_frequency_random,18
11.210000000000001,-0.18396040638767747,0,0,low_frequency_random,18
11.215,-0.18716764165637723,0,0,low_frequency_random,18
11.220000000000001,-0.18815144284672694,0,0,low_frequency_random,18
11.225,-0.19534475514918312,0,0,low_frequency_random,18
11.23,-0.37928948599164669,0,0,low_frequency_random,18
11.234999999999999,-0.42053121400177484,0,0,low_frequency_random,18
11.24,-0.51679870922444815,0,0,low_frequency_random,18
11.245000000000001,-0.51701822848058221,0,0,low_frequency_random,18
11.25,-0.3063276593220754,0,0,low_frequency_random,18
11.255000000000001,-0.22794100645117149,0,0,low_frequency_random,18
11.26,-0.19915935203698737,0,0,low_frequency_random,18
11.265000000000001,-0.26508359819904054,0,0,low_frequency_random,18
11.27,-0.26392922785516726,0,0,low_frequency_random,18
11.275,-0.29469128411504419,0,0,low_frequency_random,18
11.279999999999999,-0.21387869294615558,0,0,low_frequency_random,18
11.285,-0.20926953562582465,0,0,low_frequency_random,18
11.290000000000001,-0.022491963644595991,0,0,low_frequency_random,18
11.295,-0.091844447175843724,0,0,low_frequency_random,18
11.300000000000001,-0.14064739158276274,0,0,low_frequency_random,18
11.305,-0.13067505458817882,0,0,low_frequency_random,18
11.31,-0.10818182028128695,0,0,low_frequency_random,18
11.315,-0.077592663770864753,0,0,low_frequency_random,18
11.32,-0.13535857138142976,0,0,low_frequency_random,18
11.325000000000001,-0.20434817740495553,0,0,low_frequency_random,18
11.33,-0.10328227412841069,0,0,low_frequency_random,18
11.335000000000001,-0.051966238899420127,0,0,low_frequency_random,18
11.34,-0.10823037409990616,0,0,low_frequency_random,18
11.345000000000001,-0.015041549340787705,0,0,low_frequency_random,18
11.35,0.0037977146670365412,0,0,low_frequency_random,18
11.355,-0.13002649787216347,0,0,low_frequency_random,18
11.359999999999999,-0.19416430432635701,0,0,low_frequency_random,18
11.365,-0.041571053181257811,0,0,low_frequency_random,18
11.370000000000001,-0.055849384652062836,0,0,low_frequency_random,18
11.375,-0.11423441191917719,0,0,low_frequency_random,18
11.380000000000001,-0.050498647999207044,0,0,low_frequency_random,18
11.385,0.10932240665112825,0,0,low_frequency_random,18
11.390000000000001,0.097951962009005272,0,0,low_frequency_random,18
11.395,-0.029392418899748113,0,0,low_frequency_random,18
11.4,0.02221254967175711,0,0,low_frequency_random,18
11.404999999999999,-0.081090802161186609,0,0,low_frequency_random,18
11.41,-0.17887744770716207,0,0,low_frequency_random,18
11.415000000000001,-0.1839090325429997,0,0,low_frequency_random,18
11.42,-0.22838902144784012,0,0,low_frequency_random,18
11.425000000000001,-0.2190695621769313,0,0,low_frequency_random,18
11.43,-0.20091921557481945,0,0,low_frequency_random,18
11.435,-0.21858082709401133,0,0,low_frequency_random,18
11.44,-0.25461648359361422,0,0,low_frequency_random,18
11.445,-0.24372780989451359,0,0,low_frequency_random,18
11.450000000000001,-0.22830538082068616,0,0,low_frequency_random,18
11.455,-0.18822370667268928,0,0,low_frequency_random,18
11.460000000000001,-0.16530407321207818,0,0,low_frequency_random,18
11.465,-0.28424975169962385,0,0,low_frequency_random,18
11.470000000000001,-0.35911601590340769,0,0,low_frequency_random,18
11.475,-0.39309193695852473,0,0,low_frequency_random,18
11.48,-0.27917354950186252,0,0,low_frequency_random,18
11.484999999999999,-0.28329960757118772,0,0,low_frequency_random,18
11.49,-0.22357187712758447,0,0,low_frequency_random,18
11.495000000000001,-0.32673921359050223,0,0,low_frequency_random,18
11.5,-0.2719943665791687,0,0,low_frequency_random,18
11.505000000000001,-0.21758667927550948,0,0,low_frequency_random,18
11.51,-0.22117554871647777,0,0,low_frequency_random,18
11.515000000000001,-0.33865829967299638,0,0,low_frequency_random,18
11.52,-0.29861677751229676,0,0,low_frequency_random,18
11.525,-0.28333420934659997,0,0,low_frequency_random,18
11.529999999999999,-0.21152071573457659,0,0,low_frequency_random,18
11.535,-0.18061514401088749,0,0,low_frequency_random,18
11.540000000000001,-0.074108292703397513,0,0,low_frequency_random,18
11.545,-0.0082001052817312486,0,0,low_frequency_random,18
11.550000000000001,-0.05338795942502797,0,0,low_frequency_random,18
11.555,-0.042190469252709667,0,0,low_frequency_random,18
11.56,-0.12647296356947579,0,0,low_frequency_random,18
11.565,-0.24741010686302978,0,0,low_frequency_random,18
11.57,-0.27390345337253602,0,0,low_frequency_random,18
11.575000000000001,-0.24136060235363391,0,0,low_frequency_random,18
11.58,-0.37565150671800068,0,0,low_frequency_random,18
11.585000000000001,-0.47523432424532569,0,0,low_frequency_random,18
11.59,-0.68236014306020099,0,0,low_frequency_random,18
11.595000000000001,-0.57969393242720257,0,0,low_frequency_random,18
11.6,-0.54962856648112501,0,0,low_frequency_random,18
11.605,-0.59305942440480319,0,0,low_frequency_random,18
11.609999999999999,-0.54986342405589428,0,0,low_frequency_random,18
11.615,-0.6574591474272895,0,0,low_frequency_random,18
11.620000000000001,-0.61980993983023125,0,0,low_frequency_random,18
11.625,-0.63897306642486984,0,0,low_frequency_random,18
11.630000000000001,-0.65435771190745506,0,0,low_frequency_random,18
11.635,-0.65827574164449743,0,0,low_frequency_random,18
11.640000000000001,-0.79668468731250763,0,0,low_frequency_random,18
11.645,-0.75444960571223763,0,0,low_frequency_random,18
11.65,-0.86251042766684838,0,0,low_frequency_random,18
11.654999999999999,-0.99758722113425347,0,0,low_frequency_random,18
11.66,-0.95626200808409245,0,0,low_frequency_random,18
11.665000000000001,-1.0036225224008073,0,0,low_frequency_random,18
11.67,-1.1006088528198401,0,0,low_frequency_random,18
11.675000000000001,-1.1409775626140912,0,0,low_frequency_random,18
11.68,-1.1381690660524841,0,0,low_frequency_random,18
11.685,-1.0639241170443052,0,0,low_frequency_random,18
11.69,-0.87904426175770412,0,0,low_frequency_random,18
11.695,-0.86171247339640644,0,0,low_frequency_random,18
11.700000000000001,-1.0519987151102119,0,0,low_frequency_random,18
11.705,-1.1394998178811353,0,0,low_frequency_random,18
11.710000000000001,-1.049844041400448,0,0,low_frequency_random,18
11.715,-1.0952771286333891,0,0,low_frequency_random,18
11.720000000000001,-1.1987289796591964,0,0,low_frequency_random,18
11.725,-1.073543158484878,0,0,low_frequency_random,18
11.73,-1.1620078723028131,0,0,low_frequency_random,18
11.734999999999999,-1.0945378334146847,0,0,low_frequency_random,18
11.74,-1.0373250414999398,0,0,low_frequency_random,18
11.745000000000001,-1.1144931407895444,0,0,low_frequency_random,18
11.75,-1.0547312973964063,0,0,low_frequency_random,18
11.755000000000001,-1.0513761587328863,0,0,low_frequency_random,18
11.76,-1.0975919784127381,0,0,low_frequency_random,18
11.765000000000001,-1.0905235098034731,0,0,low_frequency_random,18
11.77,-1.0248479046462191,0,0,low_frequency_random,18
11.775,-0.89335568682044819,0,0,low_frequency_random,18
11.779999999999999,-0.87393422107052321,0,0,low_frequency_random,18
11.785,-0.93503829167968333,0,0,low_frequency_random,18
11.790000000000001,-0.87738931114843433,0,0,low_frequency_random,18
11.795,-0.86329917191452188,0,0,low_frequency_random,18
11.800000000000001,-0.92438081152594498,0,0,low_frequency_random,18
11.805,-0.84230375619634057,0,0,low_frequency_random,18
11.81,-0.86719919421466363,0,0,low_frequency_random,18
11.815,-0.80457456966770746,0,0,low_frequency_random,18
11.82,-0.85925662081542442,0,0,low_frequency_random,18
11.825000000000001,-0.89200059676337007,0,0,low_frequency_random,18
11.83,-0.84981776776213458,0,0,low_frequency_random,18
11.835000000000001,-0.87188559884984984,0,0,low_frequency_random,18
11.84,-0.80924987462412457,0,0,low_frequency_random,18
11.845000000000001,-0.74593441520070125,0,0,low_frequency_random,18
11.85,-0.64364895086298413,0,0,low_frequency_random,18
11.855,-0.53934630342643952,0,0,low_frequency_random,18
11.859999999999999,-0.42193366004457278,0,0,low_frequency_random,18
11.865,-0.21405253150743828,0,0,low_frequency_random,18
11.870000000000001,-0.17944537841595415,0,0,low_frequency_random,18
11.875,-0.048017238290096936,0,0,low_frequency_random,18
11.880000000000001,-0.056714718731341332,0,0,low_frequency_random,18
11.885,0.12535072225410587,0,0,low_frequency_random,18
11.890000000000001,0.059762451880544562,0,0,low_frequency_random,18
11.895,0.061026284891602112,0,0,low_frequency_random,18
11.9,-0.039696298294404096,0,0,low_frequency_random,18
11.904999999999999,0.0033274712828705935,0,0,low_frequency_random,18
11.91,-0.033621658476919294,0,0,low_frequency_random,18
11.915000000000001,-0.064045293714579857,0,0,low_frequency_random,18
11.92,-0.2168417457839813,0,0,low_frequency_random,18
11.925000000000001,-0.14306009542483467,0,0,low_frequency_random,18
11.93,-0.1684129177974302,0,0,low_frequency_random,18
11.935,-0.17272302218657373,0,0,low_frequency_random,18
11.94,-0.18200615788896529,0,0,low_frequency_random,18
11.945,-0.081175047619290827,0,0,low_frequency_random,18
11.950000000000001,-0.045157556270310581,0,0,low_frequency_random,18
11.955,0.027742815511196707,0,0,low_frequency_random,18
11.960000000000001,0.020294809748977051,0,0,low_frequency_random,18
11.965,-0.031915679999259747,0,0,low_frequency_random,18
11.970000000000001,-0.090631923799419381,0,0,low_frequency_random,18
11.975,-0.032451565261701253,0,0,low_frequency_random,18
11.98,0.05153190861226508,0,0,low_frequency_random,18
11.984999999999999,-0.038698893785655906,0,0,low_frequency_random,18
11.99,-0.00089611355658932024,0,0,low_frequency_random,18
11.995000000000001,-0.083879655211877263,0,0,low_frequency_random,18
12,-0.17308641690848375,0,0,low_frequency_random,18
