time,wind_x,wind_y,wind_z,profile,seed
0,0,0,0,low_frequency_random,8
0.0050000000000000001,-0.13871438179249138,0,0,low_frequency_random,8
0.01,-0.24468719192289246,0,0,low_frequency_random,8
0.014999999999999999,-0.3520836910834147,0,0,low_frequency_random,8
0.02,-0.37838685971185421,0,0,low_frequency_random,8
0.025000000000000001,-0.5610446195675014,0,0,low_frequency_random,8
0.029999999999999999,-0.57332047269036024,0,0,low_frequency_random,8
0.035000000000000003,-0.64684831555354338,0,0,low_frequency_random,8
0.040000000000000001,-0.572312479587607,0,0,low_frequency_random,8
0.044999999999999998,-0.49310125153957851,0,0,low_frequency_random,8
0.050000000000000003,-0.37953911286372366,0,0,low_frequency_random,8
0.055,-0.31640171931609662,0,0,low_frequency_random,8
0.059999999999999998,-0.31905545756500037,0,0,low_frequency_random,8
0.065000000000000002,-0.24885224380326959,0,0,low_frequency_random,8
0.070000000000000007,-0.12747306543600173,0,0,low_frequency_random,8
0.074999999999999997,-0.17899440655945428,0,0,low_frequency_random,8
0.080000000000000002,-0.12939539286317056,0,0,low_frequency_random,8
0.085000000000000006,-0.13215541985434009,0,0,low_frequency_random,8
0.089999999999999997,-0.01658235815193583,0,0,low_frequency_random,8
0.095000000000000001,-0.083284224083118988,0,0,low_frequency_random,8
0.10000000000000001,-0.10693238718207271,0,0,low_frequency_random,8
0.105,-0.077484289192904343,0,0,low_frequency_random,8
0.11,-0.05650052799523643,0,0,low_frequency_random,8
0.115,-0.18704735991934374,0,0,low_frequency_random,8
0.12,-0.15737391994741901,0,0,low_frequency_random,8
0.125,-0.16604517996866811,0,0,low_frequency_random,8
0.13,-0.18434900429016318,0,0,low_frequency_random,8
0.13500000000000001,-0.19582269703530936,0,0,low_frequency_random,8
0.14000000000000001,-0.17737199409255569,0,0,low_frequency_random,8
0.14499999999999999,-0.3214364770629865,0,0,low_frequency_random,8
0.14999999999999999,-0.19594582792741227,0,0,low_frequency_random,8
0.155,-0.26371194795816449,0,0,low_frequency_random,8
0.16,-0.441258766717885,0,0,low_frequency_random,8
0.16500000000000001,-0.44559957815034973,0,0,low_frequency_random,8
0.17000000000000001,-0.32706959729056428,0,0,low_frequency_random,8
0.17500000000000002,-0.36682290412264273,0,0,low_frequency_random,8
0.17999999999999999,-0.24120092731110065,0,0,low_frequency_random,8
0.185,-0.11575331323150033,0,0,low_frequency_random,8
0.19,-0.18402235709174572,0,0,low_frequency_random,8
0.19500000000000001,-0.37982220841053294,0,0,low_frequency_random,8
0.20000000000000001,-0.47649593512460925,0,0,low_frequency_random,8
0.20500000000000002,-0.3793618163516444,0,0,low_frequency_random,8
0.20999999999999999,-0.44264850066585293,0,0,low_frequency_random,8
0.215,-0.56099347428626278,0,0,low_frequency_random,8
0.22,-0.66494409918763364,0,0,low_frequency_random,8
0.22500000000000001,-0.66161330107350502,0,0,low_frequency_random,8
0.23000000000000001,-0.66039695883182803,0,0,low_frequency_random,8
0.23500000000000001,-0.58751366824115214,0,0,low_frequency_random,8
0.23999999999999999,-0.50565683246628323,0,0,low_frequency_random,8
0.245,-0.57752871834323138,0,0,low_frequency_random,8
0.25,-0.58715769121952122,0,0,low_frequency_random,8
0.255,-0.67471768657810849,0,0,low_frequency_random,8
0.26000000000000001,-0.66561561253714485,0,0,low_frequency_random,8
0.26500000000000001,-0.75411482371537397,0,0,low_frequency_random,8
0.27000000000000002,-0.84613423382159048,0,0,low_frequency_random,8
0.27500000000000002,-0.67246416796174613,0,0,low_frequency_random,8
0.28000000000000003,-0.66652559216035556,0,0,low_frequency_random,8
0.28500000000000003,-0.61187536104415086,0,0,low_frequency_random,8
0.28999999999999998,-0.40628231337654264,0,0,low_frequency_random,8
0.29499999999999998,-0.34154570681219265,0,0,low_frequency_random,8
0.29999999999999999,-0.3489508676151481,0,0,low_frequency_random,8
0.30499999999999999,-0.34285416705720961,0,0,low_frequency_random,8
0.31,-0.40055494348229709,0,0,low_frequency_random,8
0.315,-0.31122850448931322,0,0,low_frequency_random,8
0.32000000000000001,-0.3360326223565453,0,0,low_frequency_random,8
0.32500000000000001,-0.19368882634097093,0,0,low_frequency_random,8
0.33000000000000002,-0.22023467433072635,0,0,low_frequency_random,8
0.33500000000000002,-0.24735550639964443,0,0,low_frequency_random,8
0.34000000000000002,-0.27958830668321194,0,0,low_frequency_random,8
0.34500000000000003,-0.22826322226819698,0,0,low_frequency_random,8
0.35000000000000003,-0.2122071785838541,0,0,low_frequency_random,8
0.35499999999999998,-0.10170791418248858,0,0,low_frequency_random,8
0.35999999999999999,-0.14535817394667652,0,0,low_frequency_random,8
0.36499999999999999,-0.12147207234370745,0,0,low_frequency_random,8
0.37,0.033783924836801635,0,0,low_frequency_random,8
0.375,0.014432868180826012,0,0,low_frequency_random,8
0.38,0.056863606504028004,0,0,low_frequency_random,8
0.38500000000000001,0.18201685481817009,0,0,low_frequency_random,8
0.39000000000000001,0.22527424546120922,0,0,low_frequency_random,8
0.39500000000000002,0.1735169090787318,0,0,low_frequency_random,8
0.40000000000000002,0.0080751004097026069,0,0,low_frequency_random,8
0.40500000000000003,0.19901028016691297,0,0,low_frequency_random,8
0.41000000000000003,0.2323569709966794,0,0,low_frequency_random,8
0.41500000000000004,0.33178881543355199,0,0,low_frequency_random,8
0.41999999999999998,0.29212399242509585,0,0,low_frequency_random,8
0.42499999999999999,0.43578261600732615,0,0,low_frequency_random,8
0.42999999999999999,0.47506859823630493,0,0,low_frequency_random,8
0.435,0.47667304041203257,0,0,low_frequency_random,8
0.44,0.40233023665093082,0,0,low_frequency_random,8
0.44500000000000001,0.42970490010707046,0,0,low_frequency_random,8
0.45000000000000001,0.38873643897168408,0,0,low_frequency_random,8
0.45500000000000002,0.36902053469854851,0,0,low_frequency_random,8
0.46000000000000002,0.23770299884229185,0,0,low_frequency_random,8
0.46500000000000002,0.19737104246544251,0,0,low_frequency_random,8
0.47000000000000003,0.20914506378090458,0,0,low_frequency_random,8
0.47500000000000003,0.10828709646696615,0,0,low_frequency_random,8
0.47999999999999998,0.11364398452767378,0,0,low_frequency_random,8
0.48499999999999999,0.16600831028939672,0,0,low_frequency_random,8
0.48999999999999999,0.1407007694948835,0,0,low_frequency_random,8
0.495,0.090460187242144052,0,0,low_frequency_random,8
0.5,0.040522847006867521,0,0,low_frequency_random,8
0.505,0.11542428603657784,0,0,low_frequency_random,8
0.51000000000000001,-0.0076055360256400972,0,0,low_frequency_random,8
0.51500000000000001,-0.031543749443149541,0,0,low_frequency_random,8
0.52000000000000002,-0.064855126404054053,0,0,low_frequency_random,8
0.52500000000000002,-0.053040636214529674,0,0,low_frequency_random,8
0.53000000000000003,-0.058327816822919737,0,0,low_frequency_random,8
0.53500000000000003,-0.14641635769093878,0,0,low_frequency_random,8
0.54000000000000004,0.017113886779408227,0,0,low_frequency_random,8
0.54500000000000004,0.031202024020135836,0,0,low_frequency_random,8
0.55000000000000004,-0.076048813561259324,0,0,low_frequency_random,8
0.55500000000000005,-0.1468062786922853,0,0,low_frequency_random,8
0.56000000000000005,-0.13828676565796241,0,0,low_frequency_random,8
0.56500000000000006,-0.088681801433688728,0,0,low_frequency_random,8
0.57000000000000006,-0.19534403165079212,0,0,low_frequency_random,8
0.57500000000000007,-0.13760477072882621,0,0,low_frequency_random,8
0.57999999999999996,-0.24650774363554348,0,0,low_frequency_random,8
0.58499999999999996,-0.30867084096294639,0,0,low_frequency_random,8
0.58999999999999997,-0.2390535030418339,0,0,low_frequency_random,8
0.59499999999999997,-0.10212093213674961,0,0,low_frequency_random,8
0.59999999999999998,-0.108371325260333,0,0,low_frequency_random,8
0.60499999999999998,-0.13253213147083093,0,0,low_frequency_random,8
0.60999999999999999,-0.030692245146305419,0,0,low_frequency_random,8
0.61499999999999999,-0.11608352810064596,0,0,low_frequency_random,8
0.62,-0.093326281370309308,0,0,low_frequency_random,8
0.625,-0.074247720901934253,0,0,low_frequency_random,8
0.63,0.0066668875363731783,0,0,low_frequency_random,8
0.63500000000000001,0.030460319816518283,0,0,low_frequency_random,8
0.64000000000000001,0.0090500196213849221,0,0,low_frequency_random,8
0.64500000000000002,0.058046593974995328,0,0,low_frequency_random,8
0.65000000000000002,-0.032143259277033473,0,0,low_frequency_random,8
0.65500000000000003,0.032980693804130941,0,0,low_frequency_random,8
0.66000000000000003,-0.020863663388581526,0,0,low_frequency_random,8
0.66500000000000004,-0.093407183088271631,0,0,low_frequency_random,8
0.67000000000000004,-0.12227964770480469,0,0,low_frequency_random,8
0.67500000000000004,-0.11799884124510666,0,0,low_frequency_random,8
0.68000000000000005,-0.060705268274492116,0,0,low_frequency_random,8
0.68500000000000005,-0.077373707730992239,0,0,low_frequency_random,8
0.69000000000000006,-0.0182768151146935,0,0,low_frequency_random,8
0.69500000000000006,0.059626328945950394,0,0,low_frequency_random,8
0.70000000000000007,0.050889344515592419,0,0,low_frequency_random,8
0.70499999999999996,-0.027692334934544996,0,0,low_frequency_random,8
0.70999999999999996,0.045842300737612827,0,0,low_frequency_random,8
0.71499999999999997,0.067594546045249712,0,0,low_frequency_random,8
0.71999999999999997,-0.10153590728312971,0,0,low_frequency_random,8
0.72499999999999998,-0.17989534042951255,0,0,low_frequency_random,8
0.72999999999999998,-0.16757374623444102,0,0,low_frequency_random,8
0.73499999999999999,-0.27621659950015942,0,0,low_frequency_random,8
0.73999999999999999,-0.32921657433078744,0,0,low_frequency_random,8
0.745,-0.46426649929736352,0,0,low_frequency_random,8
0.75,-0.42985015685749867,0,0,low_frequency_random,8
0.755,-0.40843304879479875,0,0,low_frequency_random,8
0.76000000000000001,-0.3923410841998195,0,0,low_frequency_random,8
0.76500000000000001,-0.2748752424352684,0,0,low_frequency_random,8
0.77000000000000002,-0.30164205647190256,0,0,low_frequency_random,8
0.77500000000000002,-0.32321430954891922,0,0,low_frequency_random,8
0.78000000000000003,-0.16041155317173503,0,0,low_frequency_random,8
0.78500000000000003,-0.26342090369630511,0,0,low_frequency_random,8
0.79000000000000004,-0.20391958339998201,0,0,low_frequency_random,8
0.79500000000000004,-0.30784778079670655,0,0,low_frequency_random,8
0.80000000000000004,-0.28745907331210413,0,0,low_frequency_random,8
0.80500000000000005,-0.11718503146847345,0,0,low_frequency_random,8
0.81000000000000005,-0.094946245001892041,0,0,low_frequency_random,8
0.81500000000000006,-0.15606447694625963,0,0,low_frequency_random,8
0.82000000000000006,0.034975331330242804,0,0,low_frequency_random,8
0.82500000000000007,-0.0085962808174970609,0,0,low_frequency_random,8
0.83000000000000007,-0.025007973161512657,0,0,low_frequency_random,8
0.83499999999999996,-0.00059422833744883843,0,0,low_frequency_random,8
0.83999999999999997,-0.10772852593811966,0,0,low_frequency_random,8
0.84499999999999997,-0.018205920694439867,0,0,low_frequency_random,8
0.84999999999999998,0.11106779491575572,0,0,low_frequency_random,8
0.85499999999999998,0.17106366967725092,0,0,low_frequency_random,8
0.85999999999999999,0.19657343345398803,0,0,low_frequency_random,8
0.86499999999999999,0.18367900174500099,0,0,low_frequency_random,8
0.87,0.25352476728287576,0,0,low_frequency_random,8
0.875,0.00088274990570430534,0,0,low_frequency_random,8
0.88,-0.0090783716610020378,0,0,low_frequency_random,8
0.88500000000000001,0.011405846708198943,0,0,low_frequency_random,8
0.89000000000000001,-0.1470971757094785,0,0,low_frequency_random,8
0.89500000000000002,-0.11235519460176284,0,0,low_frequency_random,8
0.90000000000000002,-0.12196977155312352,0,0,low_frequency_random,8
0.90500000000000003,-0.12411982369716511,0,0,low_frequency_random,8
0.91000000000000003,-0.11540971085659615,0,0,low_frequency_random,8
0.91500000000000004,-0.068937929497399575,0,0,low_frequency_random,8
0.92000000000000004,-0.032048498732171901,0,0,low_frequency_random,8
0.92500000000000004,-0.11466977621427778,0,0,low_frequency_random,8
0.93000000000000005,-0.12343147274835335,0,0,low_frequency_random,8
0.93500000000000005,-0.13734737780996303,0,0,low_frequency_random,8
0.94000000000000006,-0.13359622832842244,0,0,low_frequency_random,8
0.94500000000000006,-0.18009924526196891,0,0,low_frequency_random,8
0.95000000000000007,-0.10180625082662401,0,0,low_frequency_random,8
0.95500000000000007,0.0028050123750111289,0,0,low_frequency_random,8
0.95999999999999996,0.12422329808957398,0,0,low_frequency_random,8
0.96499999999999997,0.27567557615853377,0,0,low_frequency_random,8
0.96999999999999997,0.39346505603573206,0,0,low_frequency_random,8
0.97499999999999998,0.3547999051922377,0,0,low_frequency_random,8
0.97999999999999998,0.3040028032458546,0,0,low_frequency_random,8
0.98499999999999999,0.27075483044641424,0,0,low_frequency_random,8
0.98999999999999999,0.31396806323956095,0,0,low_frequency_random,8
0.995,0.3020416015452192,0,0,low_frequency_random,8
1,0.37962484251823597,0,0,low_frequency_random,8
1.0050000000000001,0.5094333831551674,0,0,low_frequency_random,8
1.01,0.47255754762562407,0,0,low_frequency_random,8
1.0150000000000001,0.54838174121776861,0,0,low_frequency_random,8
1.02,0.51428951834328496,0,0,low_frequency_random,8
1.0249999999999999,0.41065746111360379,0,0,low_frequency_random,8
1.03,0.30735505664448903,0,0,low_frequency_random,8
1.0349999999999999,0.28035543823800602,0,0,low_frequency_random,8
1.04,0.12740811438752433,0,0,low_frequency_random,8
1.0449999999999999,0.16661784808222044,0,0,low_frequency_random,8
1.05,0.28633981076195214,0,0,low_frequency_random,8
1.0549999999999999,0.19193924409252169,0,0,low_frequency_random,8
1.0600000000000001,0.16430353946694692,0,0,low_frequency_random,8
1.0649999999999999,0.28666066747026242,0,0,low_frequency_random,8
1.0700000000000001,0.31294019920180144,0,0,low_frequency_random,8
1.075,0.32699368150698577,0,0,low_frequency_random,8
1.0800000000000001,0.3044922728006666,0,0,low_frequency_random,8
1.085,0.38426300685979281,0,0,low_frequency_random,8
1.0900000000000001,0.40862016224459508,0,0,low_frequency_random,8
1.095,0.32006352939170346,0,0,low_frequency_random,8
1.1000000000000001,0.12438514852298033,0,0,low_frequency_random,8
1.105,-0.090235386040915272,0,0,low_frequency_random,8
1.1100000000000001,-0.037302880041025589,0,0,low_frequency_random,8
1.115,-0.0583504833091626,0,0,low_frequency_random,8
1.1200000000000001,0.057501900356748382,0,0,low_frequency_random,8
1.125,0.097912884338867412,0,0,low_frequency_random,8
1.1300000000000001,-0.0040845396531807021,0,0,low_frequency_random,8
1.135,0.019108989752548003,0,0,low_frequency_random,8
1.1400000000000001,0.11412473449528165,0,0,low_frequency_random,8
1.145,0.04159497616341068,0,0,low_frequency_random,8
1.1500000000000001,0.00078966784052242334,0,0,low_frequency_random,8
1.155,0.13971723044153364,0,0,low_frequency_random,8
1.1599999999999999,-0.00034242096616446394,0,0,low_frequency_random,8
1.165,-0.087346062425031706,0,0,low_frequency_random,8
1.1699999999999999,-0.003116803862829351,0,0,low_frequency_random,8
1.175,0.012778683761357004,0,0,low_frequency_random,8
1.1799999999999999,-0.078456295679074986,0,0,low_frequency_random,8
1.1850000000000001,-0.19419418254177212,0,0,low_frequency_random,8
1.1899999999999999,-0.15624175281755992,0,0,low_frequency_random,8
1.1950000000000001,-0.058563280077118376,0,0,low_frequency_random,8
1.2,0.0076905934941868051,0,0,low_frequency_random,8
1.2050000000000001,0.040464996484877461,0,0,low_frequency_random,8
1.21,0.15960256285546059,0,0,low_frequency_random,8
1.2150000000000001,0.18363586649583866,0,0,low_frequency_random,8
1.22,0.1162879482781934,0,0,low_frequency_random,8
1.2250000000000001,0.27785286004723125,0,0,low_frequency_random,8
1.23,0.17798903232086655,0,0,low_frequency_random,8
1.2350000000000001,0.16636507858730357,0,0,low_frequency_random,8
1.24,0.15970452707052232,0,0,low_frequency_random,8
1.2450000000000001,0.27311326861275903,0,0,low_frequency_random,8
1.25,0.21080727420337081,0,0,low_frequency_random,8
1.2550000000000001,0.18767348767571762,0,0,low_frequency_random,8
1.26,0.044660289463128416,0,0,low_frequency_random,8
1.2650000000000001,0.07137296315674338,0,0,low_frequency_random,8
1.27,0.10654114071431686,0,0,low_frequency_random,8
1.2750000000000001,0.15793408381200272,0,0,low_frequency_random,8
1.28,0.083192638655618434,0,0,low_frequency_random,8
1.2849999999999999,0.10163954782717211,0,0,low_frequency_random,8
1.29,0.030577491921095767,0,0,low_frequency_random,8
1.2949999999999999,-0.0078088984146436058,0,0,low_frequency_random,8
1.3,-0.014040663225914077,0,0,low_frequency_random,8
1.3049999999999999,0.089183090757251851,0,0,low_frequency_random,8
1.3100000000000001,0.053603648796819198,0,0,low_frequency_random,8
1.3149999999999999,0.067219408938695963,0,0,low_frequency_random,8
1.3200000000000001,-0.00074145458156810173,0,0,low_frequency_random,8
1.325,-0.046486091745016708,0,0,low_frequency_random,8
1.3300000000000001,-0.1025285646254421,0,0,low_frequency_random,8
1.335,-0.11502851432525807,0,0,low_frequency_random,8
1.3400000000000001,-0.053657216242591767,0,0,low_frequency_random,8
1.345,-0.14207201632174191,0,0,low_frequency_random,8
1.3500000000000001,-0.084486974129904135,0,0,low_frequency_random,8
1.355,-0.1605890569679824,0,0,low_frequency_random,8
1.3600000000000001,-0.13369278004258112,0,0,low_frequency_random,8
1.365,-0.1777837209265743,0,0,low_frequency_random,8
1.3700000000000001,-0.20181404668150349,0,0,low_frequency_random,8
1.375,-0.23290076717482211,0,0,low_frequency_random,8
1.3800000000000001,-0.14499122344251467,0,0,low_frequency_random,8
1.385,-0.12515857861624646,0,0,low_frequency_random,8
1.3900000000000001,-0.040266123536151041,0,0,low_frequency_random,8
1.395,-0.070660799208891206,0,0,low_frequency_random,8
1.4000000000000001,-0.090917661004914122,0,0,low_frequency_random,8
1.405,0.036607478135723917,0,0,low_frequency_random,8
1.4099999999999999,-0.096878616990102417,0,0,low_frequency_random,8
1.415,-0.16833296942728343,0,0,low_frequency_random,8
1.4199999999999999,-0.18357156397271118,0,0,low_frequency_random,8
1.425,-0.039196977573177638,0,0,low_frequency_random,8
1.4299999999999999,-0.089547027083461822,0,0,low_frequency_random,8
1.4350000000000001,-0.027658787727296762,0,0,low_frequency_random,8
1.4399999999999999,0.096833894854621308,0,0,low_frequency_random,8
1.4450000000000001,0.075533037005735493,0,0,low_frequency_random,8
1.45,0.059325899339480612,0,0,low_frequency_random,8
1.4550000000000001,0.19039512765898817,0,0,low_frequency_random,8
1.46,0.14325822600657101,0,0,low_frequency_random,8
1.4650000000000001,0.056467044315533232,0,0,low_frequency_random,8
1.47,0.12026219730005,0,0,low_frequency_random,8
1.4750000000000001,0.076419484309954711,0,0,low_frequency_random,8
1.48,0.17755917315226499,0,0,low_frequency_random,8
1.4850000000000001,0.21765489689210887,0,0,low_frequency_random,8
1.49,0.074531789038045804,0,0,low_frequency_random,8
1.4950000000000001,0.094375476574467349,0,0,low_frequency_random,8
1.5,0.092770506041705933,0,0,low_frequency_random,8
1.5050000000000001,0.037298990409514614,0,0,low_frequency_random,8
1.51,0.12318424013626836,0,0,low_frequency_random,8
1.5150000000000001,-0.02089734081139305,0,0,low_frequency_random,8
1.52,-0.12293931187004006,0,0,low_frequency_random,8
1.5250000000000001,-0.16409581751605287,0,0,low_frequency_random,8
1.53,-0.10213317924900135,0,0,low_frequency_random,8
1.5350000000000001,-0.22686895719108041,0,0,low_frequency_random,8
1.54,-0.27889467294478526,0,0,low_frequency_random,8
1.5449999999999999,-0.33696502578383891,0,0,low_frequency_random,8
1.55,-0.45837641285014402,0,0,low_frequency_random,8
1.5549999999999999,-0.48959544026640389,0,0,low_frequency_random,8
1.5600000000000001,-0.58177379222208392,0,0,low_frequency_random,8
1.5649999999999999,-0.61789360120134906,0,0,low_frequency_random,8
1.5700000000000001,-0.59496641463479416,0,0,low_frequency_random,8
1.575,-0.66808166829835725,0,0,low_frequency_random,8
1.5800000000000001,-0.73770973398808348,0,0,low_frequency_random,8
1.585,-0.81635658342421746,0,0,low_frequency_random,8
1.5900000000000001,-0.88357113811282018,0,0,low_frequency_random,8
1.595,-1.0080262172724124,0,0,low_frequency_random,8
1.6000000000000001,-1.1008658889309688,0,0,low_frequency_random,8
1.605,-1.089215350106524,0,0,low_frequency_random,8
1.6100000000000001,-1.1575467362311844,0,0,low_frequency_random,8
1.615,-0.8937067307564277,0,0,low_frequency_random,8
1.6200000000000001,-0.95787875000100919,0,0,low_frequency_random,8
1.625,-0.91990248503725258,0,0,low_frequency_random,8
1.6300000000000001,-1.0391766973906289,0,0,low_frequency_random,8
1.635,-1.0589368506079138,0,0,low_frequency_random,8
1.6400000000000001,-1.1008381552749871,0,0,low_frequency_random,8
1.645,-1.1050541400182712,0,0,low_frequency_random,8
1.6500000000000001,-0.99623777806991309,0,0,low_frequency_random,8
1.655,-1.0078893205213557,0,0,low_frequency_random,8
1.6600000000000001,-1.1026289018089885,0,0,low_frequency_random,8
1.665,-1.0904685729536396,0,0,low_frequency_random,8
1.6699999999999999,-1.1651346869777925,0,0,low_frequency_random,8
1.675,-1.1715294824256723,0,0,low_frequency_random,8
1.6799999999999999,-1.0401560488395076,0,0,low_frequency_random,8
1.6850000000000001,-0.960731833528359,0,0,low_frequency_random,8
1.6899999999999999,-0.87077885679343148,0,0,low_frequency_random,8
1.6950000000000001,-0.82483587926195867,0,0,low_frequency_random,8
1.7,-0.82324243530767705,0,0,low_frequency_random,8
1.7050000000000001,-0.94345929774904747,0,0,low_frequency_random,8
1.71,-0.97742954073951638,0,0,low_frequency_random,8
1.7150000000000001,-1.0157019662443416,0,0,low_frequency_random,8
1.72,-0.95668321550199453,0,0,low_frequency_random,8
1.7250000000000001,-0.87254932812185948,0,0,low_frequency_random,8
1.73,-0.83001095716844486,0,0,low_frequency_random,8
1.7350000000000001,-0.88967843928816215,0,0,low_frequency_random,8
1.74,-0.7375731799503511,0,0,low_frequency_random,8
1.7450000000000001,-0.62059033409485875,0,0,low_frequency_random,8
1.75,-0.63486349303329104,0,0,low_frequency_random,8
1.7550000000000001,-0.61596727297053067,0,0,low_frequency_random,8
1.76,-0.56180052152909399,0,0,low_frequency_random,8
1.7650000000000001,-0.55070795812498174,0,0,low_frequency_random,8
1.77,-0.55582447175258476,0,0,low_frequency_random,8
1.7750000000000001,-0.5135973832150873,0,0,low_frequency_random,8
1.78,-0.51020539495636941,0,0,low_frequency_random,8
1.7850000000000001,-0.49135660325494329,0,0,low_frequency_random,8
1.79,-0.61749236471000379,0,0,low_frequency_random,8
1.7949999999999999,-0.74269890305309894,0,0,low_frequency_random,8
1.8,-0.60005523280031836,0,0,low_frequency_random,8
1.8049999999999999,-0.71854815528899518,0,0,low_frequency_random,8
1.8100000000000001,-0.67608331829723012,0,0,low_frequency_random,8
1.8149999999999999,-0.64714512323210283,0,0,low_frequency_random,8
1.8200000000000001,-0.62616118196981518,0,0,low_frequency_random,8
1.825,-0.67838813592607106,0,0,low_frequency_random,8
1.8300000000000001,-0.59394517783217382,0,0,low_frequency_random,8
1.835,-0.56297147068964692,0,0,low_frequency_random,8
1.8400000000000001,-0.58746823923498659,0,0,low_frequency_random,8
1.845,-0.69683443994936445,0,0,low_frequency_random,8
1.8500000000000001,-0.71168972294169197,0,0,low_frequency_random,8
1.855,-0.75593713102065574,0,0,low_frequency_random,8
1.8600000000000001,-0.85258118705587949,0,0,low_frequency_random,8
1.865,-0.81791534354963891,0,0,low_frequency_random,8
1.8700000000000001,-0.7673260462601097,0,0,low_frequency_random,8
1.875,-0.6968292293727939,0,0,low_frequency_random,8
1.8800000000000001,-0.68344174792325874,0,0,low_frequency_random,8
1.885,-0.6990544637388113,0,0,low_frequency_random,8
1.8900000000000001,-0.60386998588965257,0,0,low_frequency_random,8
1.895,-0.53835224173793006,0,0,low_frequency_random,8
1.9000000000000001,-0.3504704566421627,0,0,low_frequency_random,8
1.905,-0.30266580299330165,0,0,low_frequency_random,8
1.9100000000000001,-0.37439681195048569,0,0,low_frequency_random,8
1.915,-0.29364972589853933,0,0,low_frequency_random,8
1.9199999999999999,-0.10409342795918169,0,0,low_frequency_random,8
1.925,-0.079683795600880486,0,0,low_frequency_random,8
1.9299999999999999,-0.091743248823949797,0,0,low_frequency_random,8
1.9350000000000001,-0.13666929213888299,0,0,low_frequency_random,8
1.9399999999999999,0.019090514643895301,0,0,low_frequency_random,8
1.9450000000000001,0.00672734737448678,0,0,low_frequency_random,8
1.95,-0.01016480265285491,0,0,low_frequency_random,8
1.9550000000000001,0.017162513892395613,0,0,low_frequency_random,8
1.96,-0.093506384911030832,0,0,low_frequency_random,8
1.9650000000000001,-0.11163720579844533,0,0,low_frequency_random,8
1.97,-0.20910717680373977,0,0,low_frequency_random,8
1.9750000000000001,-0.2159980237189208,0,0,low_frequency_random,8
1.98,-0.17162068606469605,0,0,low_frequency_random,8
1.9850000000000001,-0.093019212403489829,0,0,low_frequency_random,8
1.99,-0.12222443767187234,0,0,low_frequency_random,8
1.9950000000000001,-0.05210294829102069,0,0,low_frequency_random,8
2,-0.079251041002529915,0,0,low_frequency_random,8
2.0049999999999999,-0.20709709112707742,0,0,low_frequency_random,8
2.0100000000000002,-0.15611868984175528,0,0,low_frequency_random,8
2.0150000000000001,-0.16759938921271159,0,0,low_frequency_random,8
2.02,-0.15361685171142522,0,0,low_frequency_random,8
2.0249999999999999,-0.35787182283125635,0,0,low_frequency_random,8
2.0300000000000002,-0.33425794056658881,0,0,low_frequency_random,8
2.0350000000000001,-0.30776556348523476,0,0,low_frequency_random,8
2.04,-0.28137767729646396,0,0,low_frequency_random,8
2.0449999999999999,-0.19147843674280854,0,0,low_frequency_random,8
2.0499999999999998,-0.21393051879422306,0,0,low_frequency_random,8
2.0550000000000002,-0.03540943690241366,0,0,low_frequency_random,8
2.0600000000000001,0.028855157777455162,0,0,low_frequency_random,8
2.0649999999999999,0.07850719662498043,0,0,low_frequency_random,8
2.0699999999999998,-0.1151196916455825,0,0,low_frequency_random,8
2.0750000000000002,-0.26561641029782979,0,0,low_frequency_random,8
2.0800000000000001,-0.13785144879508227,0,0,low_frequency_random,8
2.085,-0.09914354794399996,0,0,low_frequency_random,8
2.0899999999999999,-0.017243735045726585,0,0,low_frequency_random,8
2.0950000000000002,-0.040356381103603456,0,0,low_frequency_random,8
2.1000000000000001,-0.042312890549921302,0,0,low_frequency_random,8
2.105,0.012573223308076906,0,0,low_frequency_random,8
2.1099999999999999,-0.04273261994539615,0,0,low_frequency_random,8
2.1150000000000002,0.071532761861897082,0,0,low_frequency_random,8
2.1200000000000001,-0.0089770932249107621,0,0,low_frequency_random,8
2.125,0.017545015827710796,0,0,low_frequency_random,8
2.1299999999999999,0.0049362308603791861,0,0,low_frequency_random,8
2.1350000000000002,0.042676687310525124,0,0,low_frequency_random,8
2.1400000000000001,0.15189060779521543,0,0,low_frequency_random,8
2.145,0.071648570690322752,0,0,low_frequency_random,8
2.1499999999999999,0.11792799853450738,0,0,low_frequency_random,8
2.1550000000000002,0.13766071591937618,0,0,low_frequency_random,8
2.1600000000000001,0.21519045949814919,0,0,low_frequency_random,8
2.165,0.22329080757277442,0,0,low_frequency_random,8
2.1699999999999999,0.19408997574241113,0,0,low_frequency_random,8
2.1750000000000003,0.24454802854609217,0,0,low_frequency_random,8
2.1800000000000002,0.36128937229936053,0,0,low_frequency_random,8
2.1850000000000001,0.43631927466207238,0,0,low_frequency_random,8
2.1899999999999999,0.45833523528384129,0,0,low_frequency_random,8
2.1949999999999998,0.50184444220470159,0,0,low_frequency_random,8
2.2000000000000002,0.38811764258758302,0,0,low_frequency_random,8
2.2050000000000001,0.35492096636696674,0,0,low_frequency_random,8
2.21,0.34496738208985323,0,0,low_frequency_random,8
2.2149999999999999,0.31235933927215631,0,0,low_frequency_random,8
2.2200000000000002,0.26686424955602228,0,0,low_frequency_random,8
2.2250000000000001,0.27373099490079339,0,0,low_frequency_random,8
2.23,0.31636413575779992,0,0,low_frequency_random,8
2.2349999999999999,0.48161399711780173,0,0,low_frequency_random,8
2.2400000000000002,0.43522117246491004,0,0,low_frequency_random,8
2.2450000000000001,0.37242252457562164,0,0,low_frequency_random,8
2.25,0.46202760215167493,0,0,low_frequency_random,8
2.2549999999999999,0.48402836307754804,0,0,low_frequency_random,8
2.2600000000000002,0.42258004755189904,0,0,low_frequency_random,8
2.2650000000000001,0.55458327562321985,0,0,low_frequency_random,8
2.27,0.54702266993958282,0,0,low_frequency_random,8
2.2749999999999999,0.5300466123225458,0,0,low_frequency_random,8
2.2800000000000002,0.49008995279977235,0,0,low_frequency_random,8
2.2850000000000001,0.42574565475318077,0,0,low_frequency_random,8
2.29,0.44319199382277086,0,0,low_frequency_random,8
2.2949999999999999,0.37597498904483839,0,0,low_frequency_random,8
2.3000000000000003,0.58131240648681026,0,0,low_frequency_random,8
2.3050000000000002,0.6160914293195725,0,0,low_frequency_random,8
2.3100000000000001,0.60405366966605289,0,0,low_frequency_random,8
2.3149999999999999,0.54988386195350825,0,0,low_frequency_random,8
2.3199999999999998,0.57787980246166959,0,0,low_frequency_random,8
2.3250000000000002,0.66448343516245945,0,0,low_frequency_random,8
2.3300000000000001,0.69019094932389036,0,0,low_frequency_random,8
2.335,0.6051297428048501,0,0,low_frequency_random,8
2.3399999999999999,0.59300470099767244,0,0,low_frequency_random,8
2.3450000000000002,0.46310160570353986,0,0,low_frequency_random,8
2.3500000000000001,0.58419119265980568,0,0,low_frequency_random,8
2.355,0.64460042923479088,0,0,low_frequency_random,8
2.3599999999999999,0.66668650548673125,0,0,low_frequency_random,8
2.3650000000000002,0.69539868533732629,0,0,low_frequency_random,8
2.3700000000000001,0.65531251135684376,0,0,low_frequency_random,8
2.375,0.64909548301478093,0,0,low_frequency_random,8
2.3799999999999999,0.73124488411508159,0,0,low_frequency_random,8
2.3850000000000002,0.73277775524893307,0,0,low_frequency_random,8
2.3900000000000001,0.7848061404501333,0,0,low_frequency_random,8
2.395,0.80716382771888073,0,0,low_frequency_random,8
2.3999999999999999,0.83037664439908188,0,0,low_frequency_random,8
2.4050000000000002,0.86042827339419137,0,0,low_frequency_random,8
2.4100000000000001,0.94797169785122448,0,0,low_frequency_random,8
2.415,0.92887849311480897,0,0,low_frequency_random,8
2.4199999999999999,0.98744627206484403,0,0,low_frequency_random,8
2.4250000000000003,0.92850379313817422,0,0,low_frequency_random,8
2.4300000000000002,0.886617745985119,0,0,low_frequency_random,8
2.4350000000000001,0.83423863601970993,0,0,low_frequency_random,8
2.4399999999999999,0.90744004071392736,0,0,low_frequency_random,8
2.4449999999999998,0.88823675660434487,0,0,low_frequency_random,8
2.4500000000000002,0.99116475926133352,0,0,low_frequency_random,8
2.4550000000000001,0.91445213676600445,0,0,low_frequency_random,8
2.46,0.9503370472136381,0,0,low_frequency_random,8
2.4649999999999999,0.86315153702297231,0,0,low_frequency_random,8
2.4700000000000002,0.95825106503056712,0,0,low_frequency_random,8
2.4750000000000001,0.90804508712239718,0,0,low_frequency_random,8
2.48,0.94981164067869883,0,0,low_frequency_random,8
2.4849999999999999,0.90009887246079112,0,0,low_frequency_random,8
2.4900000000000002,0.84444974522612148,0,0,low_frequency_random,8
2.4950000000000001,0.86938861341390328,0,0,low_frequency_random,8
2.5,0.73803886572077126,0,0,low_frequency_random,8
2.5049999999999999,0.64907703172125109,0,0,low_frequency_random,8
2.5100000000000002,0.77624937835838037,0,0,low_frequency_random,8
2.5150000000000001,0.71669397611273922,0,0,low_frequency_random,8
2.52,0.78799679796557032,0,0,low_frequency_random,8
2.5249999999999999,0.72522773012966313,0,0,low_frequency_random,8
2.5300000000000002,0.60050915778211178,0,0,low_frequency_random,8
2.5350000000000001,0.57428162882295786,0,0,low_frequency_random,8
2.54,0.6501843641568501,0,0,low_frequency_random,8
2.5449999999999999,0.65454472317235035,0,0,low_frequency_random,8
2.5500000000000003,0.63734116459048384,0,0,low_frequency_random,8
2.5550000000000002,0.71194901910021624,0,0,low_frequency_random,8
2.5600000000000001,0.65729897362546985,0,0,low_frequency_random,8
2.5649999999999999,0.72113986040064026,0,0,low_frequency_random,8
2.5699999999999998,0.75181203409396213,0,0,low_frequency_random,8
2.5750000000000002,0.67537436829587227,0,0,low_frequency_random,8
2.5800000000000001,0.75488924873936114,0,0,low_frequency_random,8
2.585,0.84969321517857166,0,0,low_frequency_random,8
2.5899999999999999,0.83489183321834504,0,0,low_frequency_random,8
2.5950000000000002,0.84904132169205948,0,0,low_frequency_random,8
2.6000000000000001,0.83111568231737887,0,0,low_frequency_random,8
2.605,0.74599570786652836,0,0,low_frequency_random,8
2.6099999999999999,0.81379849172260477,0,0,low_frequency_random,8
2.6150000000000002,0.7375489537509955,0,0,low_frequency_random,8
2.6200000000000001,0.78398507699342335,0,0,low_frequency_random,8
2.625,0.74564033801568197,0,0,low_frequency_random,8
2.6299999999999999,0.66783029755208212,0,0,low_frequency_random,8
2.6350000000000002,0.72122381874388808,0,0,low_frequency_random,8
2.6400000000000001,0.74396610902440985,0,0,low_frequency_random,8
2.645,0.89515451016939851,0,0,low_frequency_random,8
2.6499999999999999,0.89269520404959291,0,0,low_frequency_random,8
2.6550000000000002,0.90778717985471791,0,0,low_frequency_random,8
2.6600000000000001,0.9201193969850695,0,0,low_frequency_random,8
2.665,0.90325965900816751,0,0,low_frequency_random,8
2.6699999999999999,1.0114814399301533,0,0,low_frequency_random,8
2.6750000000000003,1.1341576760307794,0,0,low_frequency_random,8
2.6800000000000002,1.1905964680575549,0,0,low_frequency_random,8
2.6850000000000001,1.1121327195489485,0,0,low_frequency_random,8
2.6899999999999999,1.1505986485858681,0,0,low_frequency_random,8
2.6949999999999998,1.1576556440188093,0,0,low_frequency_random,8
2.7000000000000002,1.1242291251747458,0,0,low_frequency_random,8
2.7050000000000001,1.003100972307581,0,0,low_frequency_random,8
2.71,1.0769250189190152,0,0,low_frequency_random,8
2.7149999999999999,1.1756038112517384,0,0,low_frequency_random,8
2.7200000000000002,1.2029253984842112,0,0,low_frequency_random,8
2.7250000000000001,1.2416249400874508,0,0,low_frequency_random,8
2.73,1.3840799987366998,0,0,low_frequency_random,8
2.7349999999999999,1.5399671066185276,0,0,low_frequency_random,8
2.7400000000000002,1.5584058401398866,0,0,low_frequency_random,8
2.7450000000000001,1.3314143785483026,0,0,low_frequency_random,8
2.75,1.3900153129535142,0,0,low_frequency_random,8
2.7549999999999999,1.4036314364199642,0,0,low_frequency_random,8
2.7600000000000002,1.4596509872880437,0,0,low_frequency_random,8
2.7650000000000001,1.4194781872379187,0,0,low_frequency_random,8
2.77,1.3408211063891089,0,0,low_frequency_random,8
2.7749999999999999,1.3830270426022753,0,0,low_frequency_random,8
2.7800000000000002,1.3604331717883649,0,0,low_frequency_random,8
2.7850000000000001,1.3699373040426506,0,0,low_frequency_random,8
2.79,1.4043288117496104,0,0,low_frequency_random,8
2.7949999999999999,1.4133900076430652,0,0,low_frequency_random,8
2.8000000000000003,1.299388678153915,0,0,low_frequency_random,8
2.8050000000000002,1.3462523867069631,0,0,low_frequency_random,8
2.8100000000000001,1.3079686639393746,0,0,low_frequency_random,8
2.8149999999999999,1.2918097124965828,0,0,low_frequency_random,8
2.8199999999999998,1.3261731712688911,0,0,low_frequency_random,8
2.8250000000000002,1.2105080543070232,0,0,low_frequency_random,8
2.8300000000000001,1.1898266814756404,0,0,low_frequency_random,8
2.835,1.0444981332283358,0,0,low_frequency_random,8
2.8399999999999999,1.0008359260482746,0,0,low_frequency_random,8
2.8450000000000002,1.0285358343981086,0,0,low_frequency_random,8
2.8500000000000001,1.0172689113695494,0,0,low_frequency_random,8
2.855,0.99445702892484944,0,0,low_frequency_random,8
2.8599999999999999,1.0395067907642579,0,0,low_frequency_random,8
2.8650000000000002,1.0058282306650421,0,0,low_frequency_random,8
2.8700000000000001,0.87675880180418064,0,0,low_frequency_random,8
2.875,0.95983250725804126,0,0,low_frequency_random,8
2.8799999999999999,0.9736112321277488,0,0,low_frequency_random,8
2.8850000000000002,1.0330175893072402,0,0,low_frequency_random,8
2.8900000000000001,0.99638375984168359,0,0,low_frequency_random,8
2.895,0.9575170626208539,0,0,low_frequency_random,8
2.8999999999999999,0.89391713471017531,0,0,low_frequency_random,8
2.9050000000000002,0.73591248721865798,0,0,low_frequency_random,8
2.9100000000000001,0.69439657739506333,0,0,low_frequency_random,8
2.915,0.64202700378978173,0,0,low_frequency_random,8
2.9199999999999999,0.76335454030868877,0,0,low_frequency_random,8
2.9250000000000003,0.60617032567960361,0,0,low_frequency_random,8
2.9300000000000002,0.60338662470681581,0,0,low_frequency_random,8
2.9350000000000001,0.58334418912732722,0,0,low_frequency_random,8
2.9399999999999999,0.57098039325618577,0,0,low_frequency_random,8
2.9449999999999998,0.55240150868812343,0,0,low_frequency_random,8
2.9500000000000002,0.5629876064236804,0,0,low_frequency_random,8
2.9550000000000001,0.62380870404654098,0,0,low_frequency_random,8
2.96,0.4842870626714495,0,0,low_frequency_random,8
2.9649999999999999,0.5431795702208706,0,0,low_frequency_random,8
2.9700000000000002,0.5126383564829623,0,0,low_frequency_random,8
2.9750000000000001,0.42564523918249558,0,0,low_frequency_random,8
2.98,0.2691907051698903,0,0,low_frequency_random,8
2.9849999999999999,0.11587641687009997,0,0,low_frequency_random,8
2.9900000000000002,0.10228915122145667,0,0,low_frequency_random,8
2.9950000000000001,0.0050090305322011558,0,0,low_frequency_random,8
3,-0.09224667559199691,0,0,low_frequency_random,8
3.0049999999999999,-0.13883619764530161,0,0,low_frequency_random,8
3.0100000000000002,-0.14430456488406643,0,0,low_frequency_random,8
3.0150000000000001,-0.18879656548896323,0,0,low_frequency_random,8
3.02,-0.28580601552474355,0,0,low_frequency_random,8
3.0249999999999999,-0.34182501513312641,0,0,low_frequency_random,8
3.0300000000000002,-0.36149824974178796,0,0,low_frequency_random,8
3.0350000000000001,-0.45065237307776185,0,0,low_frequency_random,8
3.04,-0.38343891404369779,0,0,low_frequency_random,8
3.0449999999999999,-0.28724351910360163,0,0,low_frequency_random,8
3.0500000000000003,-0.18946855560387155,0,0,low_frequency_random,8
3.0550000000000002,-0.22046655971997753,0,0,low_frequency_random,8
3.0600000000000001,-0.25266587092958454,0,0,low_frequency_random,8
3.0649999999999999,-0.33029835558036458,0,0,low_frequency_random,8
3.0700000000000003,-0.22471036963253835,0,0,low_frequency_random,8
3.0750000000000002,-0.26697107587574048,0,0,low_frequency_random,8
3.0800000000000001,-0.097698872711524914,0,0,low_frequency_random,8
3.085,-0.26467396471083687,0,0,low_frequency_random,8
3.0899999999999999,-0.25040042952903624,0,0,low_frequency_random,8
3.0950000000000002,-0.2139947180034934,0,0,low_frequency_random,8
3.1000000000000001,-0.21716970658054047,0,0,low_frequency_random,8
3.105,-0.17407811922779393,0,0,low_frequency_random,8
3.1099999999999999,-0.018669748791587365,0,0,low_frequency_random,8
3.1150000000000002,-0.026009150455195914,0,0,low_frequency_random,8
3.1200000000000001,0.035689374720056052,0,0,low_frequency_random,8
3.125,-0.0038929848771516937,0,0,low_frequency_random,8
3.1299999999999999,-0.1071444328466899,0,0,low_frequency_random,8
3.1350000000000002,-0.19424951091156312,0,0,low_frequency_random,8
3.1400000000000001,-0.12984873119268592,0,0,low_frequency_random,8
3.145,-0.10696006901035439,0,0,low_frequency_random,8
3.1499999999999999,-0.22364832867161133,0,0,low_frequency_random,8
3.1550000000000002,-0.20040249250093589,0,0,low_frequency_random,8
3.1600000000000001,-0.15404238663254888,0,0,low_frequency_random,8
3.165,-0.11693113041396468,0,0,low_frequency_random,8
3.1699999999999999,-0.028729543956070774,0,0,low_frequency_random,8
3.1750000000000003,-0.14636730606654039,0,0,low_frequency_random,8
3.1800000000000002,-0.22248410950623554,0,0,low_frequency_random,8
3.1850000000000001,-0.30818513059267599,0,0,low_frequency_random,8
3.1899999999999999,-0.29643414116515898,0,0,low_frequency_random,8
3.1950000000000003,-0.1921619983064205,0,0,low_frequency_random,8
3.2000000000000002,-0.22713865548107559,0,0,low_frequency_random,8
3.2050000000000001,-0.19938163503761552,0,0,low_frequency_random,8
3.21,-0.12982001142205668,0,0,low_frequency_random,8
3.2149999999999999,-0.16608989839660529,0,0,low_frequency_random,8
3.2200000000000002,-0.10131091985869643,0,0,low_frequency_random,8
3.2250000000000001,-0.11022414970797412,0,0,low_frequency_random,8
3.23,0.031005920942473189,0,0,low_frequency_random,8
3.2349999999999999,0.1425392733499278,0,0,low_frequency_random,8
3.2400000000000002,0.10675810742219352,0,0,low_frequency_random,8
3.2450000000000001,0.064391527072073365,0,0,low_frequency_random,8
3.25,0.21183876385596326,0,0,low_frequency_random,8
3.2549999999999999,0.14292622012872497,0,0,low_frequency_random,8
3.2600000000000002,0.23585072450701178,0,0,low_frequency_random,8
3.2650000000000001,0.20361831100879602,0,0,low_frequency_random,8
3.27,0.11235374139328629,0,0,low_frequency_random,8
3.2749999999999999,0.25117680377863422,0,0,low_frequency_random,8
3.2800000000000002,0.28663859368119077,0,0,low_frequency_random,8
3.2850000000000001,0.20501227793082155,0,0,low_frequency_random,8
3.29,0.18729043229583683,0,0,low_frequency_random,8
3.2949999999999999,0.13028019574540436,0,0,low_frequency_random,8
3.3000000000000003,0.054937012398946133,0,0,low_frequency_random,8
3.3050000000000002,0.048529479293021094,0,0,low_frequency_random,8
3.3100000000000001,0.13757781323732204,0,0,low_frequency_random,8
3.3149999999999999,0.026597373876503794,0,0,low_frequency_random,8
3.3200000000000003,0.068175966728472884,0,0,low_frequency_random,8
3.3250000000000002,-0.045808466412767007,0,0,low_frequency_random,8
3.3300000000000001,-0.04928972201318698,0,0,low_frequency_random,8
3.335,-0.16234156240905151,0,0,low_frequency_random,8
3.3399999999999999,-0.26652111188820127,0,0,low_frequency_random,8
3.3450000000000002,-0.3189555048311199,0,0,low_frequency_random,8
3.3500000000000001,-0.23780920239902056,0,0,low_frequency_random,8
3.355,-0.17013244595040619,0,0,low_frequency_random,8
3.3599999999999999,-0.18046391921592539,0,0,low_frequency_random,8
3.3650000000000002,-0.20528712315159869,0,0,low_frequency_random,8
3.3700000000000001,-0.19551035728445279,0,0,low_frequency_random,8
3.375,0.02946142678888794,0,0,low_frequency_random,8
3.3799999999999999,0.056441801988138585,0,0,low_frequency_random,8
3.3850000000000002,0.045178970925179328,0,0,low_frequency_random,8
3.3900000000000001,0.0058447085252087069,0,0,low_frequency_random,8
3.395,-0.019630221652633291,0,0,low_frequency_random,8
3.3999999999999999,0.029200873303918552,0,0,low_frequency_random,8
3.4050000000000002,0.074471479490197681,0,0,low_frequency_random,8
3.4100000000000001,-0.11691264540277306,0,0,low_frequency_random,8
3.415,0.050416525307812293,0,0,low_frequency_random,8
3.4199999999999999,0.084761618293051427,0,0,low_frequency_random,8
3.4250000000000003,0.076058604553154593,0,0,low_frequency_random,8
3.4300000000000002,0.28864607113372326,0,0,low_frequency_random,8
3.4350000000000001,0.16321743314543655,0,0,low_frequency_random,8
3.4399999999999999,0.061964602571516703,0,0,low_frequency_random,8
3.4450000000000003,0.15021981216086142,0,0,low_frequency_random,8
3.4500000000000002,0.14892511581862072,0,0,low_frequency_random,8
3.4550000000000001,0.21815735065632702,0,0,low_frequency_random,8
3.46,0.31435993168558157,0,0,low_frequency_random,8
3.4649999999999999,0.45806067714890869,0,0,low_frequency_random,8
3.4700000000000002,0.50839214032426472,0,0,low_frequency_random,8
3.4750000000000001,0.45458163808975183,0,0,low_frequency_random,8
3.48,0.31808859602720402,0,0,low_frequency_random,8
3.4849999999999999,0.32685317747334414,0,0,low_frequency_random,8
3.4900000000000002,0.18435343747114064,0,0,low_frequency_random,8
3.4950000000000001,0.18770812707594406,0,0,low_frequency_random,8
3.5,0.12249828084472961,0,0,low_frequency_random,8
3.5049999999999999,0.15184175807835726,0,0,low_frequency_random,8
3.5100000000000002,0.20603900416606666,0,0,low_frequency_random,8
3.5150000000000001,0.20112229338859,0,0,low_frequency_random,8
3.52,0.089479755750983783,0,0,low_frequency_random,8
3.5249999999999999,0.1002081842025724,0,0,low_frequency_random,8
3.5300000000000002,0.041222829109144127,0,0,low_frequency_random,8
3.5350000000000001,0.065163274210643662,0,0,low_frequency_random,8
3.54,0.027593217918939726,0,0,low_frequency_random,8
3.5449999999999999,0.21323878217128617,0,0,low_frequency_random,8
3.5500000000000003,0.16762817822099479,0,0,low_frequency_random,8
3.5550000000000002,0.011984535760267923,0,0,low_frequency_random,8
3.5600000000000001,-0.061903241994578286,0,0,low_frequency_random,8
3.5649999999999999,-0.055785537904683699,0,0,low_frequency_random,8
3.5700000000000003,0.16591857490209469,0,0,low_frequency_random,8
3.5750000000000002,0.2764675176330631,0,0,low_frequency_random,8
3.5800000000000001,0.22682429868341974,0,0,low_frequency_random,8
3.585,0.22538489776205592,0,0,low_frequency_random,8
3.5899999999999999,0.1270740025744827,0,0,low_frequency_random,8
3.5950000000000002,0.0085145622778961261,0,0,low_frequency_random,8
3.6000000000000001,0.082880150421429558,0,0,low_frequency_random,8
3.605,0.11466745703650863,0,0,low_frequency_random,8
3.6099999999999999,0.0527942796866488,0,0,low_frequency_random,8
3.6150000000000002,-0.0059538828274499564,0,0,low_frequency_random,8
3.6200000000000001,0.027301522805185073,0,0,low_frequency_random,8
3.625,0.080582540195198255,0,0,low_frequency_random,8
3.6299999999999999,0.014775800640866601,0,0,low_frequency_random,8
3.6350000000000002,-0.12365859555061159,0,0,low_frequency_random,8
3.6400000000000001,-0.051938299014743311,0,0,low_frequency_random,8
3.645,-0.11166425147987369,0,0,low_frequency_random,8
3.6499999999999999,-0.25888378192033223,0,0,low_frequency_random,8
3.6550000000000002,-0.27383608707191137,0,0,low_frequency_random,8
3.6600000000000001,-0.25647906054295977,0,0,low_frequency_random,8
3.665,-0.1789976079424784,0,0,low_frequency_random,8
3.6699999999999999,-0.21401027001548545,0,0,low_frequency_random,8
3.6750000000000003,-0.19162516032284926,0,0,low_frequency_random,8
3.6800000000000002,-0.29343406201508482,0,0,low_frequency_random,8
3.6850000000000001,-0.25553090875129447,0,0,low_frequency_random,8
3.6899999999999999,-0.37901822203885316,0,0,low_frequency_random,8
3.6950000000000003,-0.3293770843487771,0,0,low_frequency_random,8
3.7000000000000002,-0.3151161840318436,0,0,low_frequency_random,8
3.7050000000000001,-0.43672265680855549,0,0,low_frequency_random,8
3.71,-0.48603600315582535,0,0,low_frequency_random,8
3.7149999999999999,-0.35143467388088001,0,0,low_frequency_random,8
3.7200000000000002,-0.4357027729147544,0,0,low_frequency_random,8
3.7250000000000001,-0.56687809684238455,0,0,low_frequency_random,8
3.73,-0.58825327243681913,0,0,low_frequency_random,8
3.7349999999999999,-0.57301772946911256,0,0,low_frequency_random,8
3.7400000000000002,-0.505465001510641,0,0,low_frequency_random,8
3.7450000000000001,-0.51567769114514717,0,0,low_frequency_random,8
3.75,-0.55142864694936378,0,0,low_frequency_random,8
3.7549999999999999,-0.5684121629662604,0,0,low_frequency_random,8
3.7600000000000002,-0.50456786473733461,0,0,low_frequency_random,8
3.7650000000000001,-0.51739360441333904,0,0,low_frequency_random,8
3.77,-0.47101816081216646,0,0,low_frequency_random,8
3.7749999999999999,-0.61310330675817448,0,0,low_frequency_random,8
3.7800000000000002,-0.63987319797219044,0,0,low_frequency_random,8
3.7850000000000001,-0.64468928491151212,0,0,low_frequency_random,8
3.79,-0.55938600771540359,0,0,low_frequency_random,8
3.7949999999999999,-0.52050001946223456,0,0,low_frequency_random,8
3.8000000000000003,-0.50152073292698773,0,0,low_frequency_random,8
3.8050000000000002,-0.41296869475002274,0,0,low_frequency_random,8
3.8100000000000001,-0.39788502121788211,0,0,low_frequency_random,8
3.8149999999999999,-0.14385598384396281,0,0,low_frequency_random,8
3.8200000000000003,-0.21681680054928865,0,0,low_frequency_random,8
3.8250000000000002,-0.20624622655168215,0,0,low_frequency_random,8
3.8300000000000001,-0.057612065190163458,0,0,low_frequency_random,8
3.835,0.0052428687871285823,0,0,low_frequency_random,8
3.8399999999999999,0.030268567156908233,0,0,low_frequency_random,8
3.8450000000000002,0.11126696361304123,0,0,low_frequency_random,8
3.8500000000000001,0.073401035083550628,0,0,low_frequency_random,8
3.855,0.082697449107990276,0,0,low_frequency_random,8
3.8599999999999999,0.096845624262135541,0,0,low_frequency_random,8
3.8650000000000002,0.252827034061889,0,0,low_frequency_random,8
3.8700000000000001,0.27847842323761152,0,0,low_frequency_random,8
3.875,0.44462488181099452,0,0,low_frequency_random,8
3.8799999999999999,0.44101238731651238,0,0,low_frequency_random,8
3.8850000000000002,0.46094396753585265,0,0,low_frequency_random,8
3.8900000000000001,0.32258678163591398,0,0,low_frequency_random,8
3.895,0.37218703765392519,0,0,low_frequency_random,8
3.8999999999999999,0.21209038173602018,0,0,low_frequency_random,8
3.9050000000000002,0.2658202455918659,0,0,low_frequency_random,8
3.9100000000000001,0.34406884944158767,0,0,low_frequency_random,8
3.915,0.3754211285041188,0,0,low_frequency_random,8
3.9199999999999999,0.28983074768368228,0,0,low_frequency_random,8
3.9250000000000003,0.26601002793788742,0,0,low_frequency_random,8
3.9300000000000002,0.051845707860099566,0,0,low_frequency_random,8
3.9350000000000001,-0.0060599188365861797,0,0,low_frequency_random,8
3.9399999999999999,0.012927084425772395,0,0,low_frequency_random,8
3.9450000000000003,0.013110263901554262,0,0,low_frequency_random,8
3.9500000000000002,-0.016855938242562755,0,0,low_frequency_random,8
3.9550000000000001,0.087912857506140724,0,0,low_frequency_random,8
3.96,0.11508986211466896,0,0,low_frequency_random,8
3.9650000000000003,0.1137565623115715,0,0,low_frequency_random,8
3.9700000000000002,0.12769490066524591,0,0,low_frequency_random,8
3.9750000000000001,0.040582336971646871,0,0,low_frequency_random,8
3.98,0.024933199887820459,0,0,low_frequency_random,8
3.9849999999999999,-0.13390626459307489,0,0,low_frequency_random,8
3.9900000000000002,-0.35657701814972165,0,0,low_frequency_random,8
3.9950000000000001,-0.38490653247724066,0,0,low_frequency_random,8
4,-0.3106653100013112,0,0,low_frequency_random,8
4.0049999999999999,-0.39982314564866567,0,0,low_frequency_random,8
4.0099999999999998,-0.36886292003072696,0,0,low_frequency_random,8
4.0149999999999997,-0.5098466781565697,0,0,low_frequency_random,8
4.0200000000000005,-0.51182341065288617,0,0,low_frequency_random,8
4.0250000000000004,-0.5102105781943268,0,0,low_frequency_random,8
4.0300000000000002,-0.5105531545996469,0,0,low_frequency_random,8
4.0350000000000001,-0.62628425832896129,0,0,low_frequency_random,8
4.04,-0.58116098173443609,0,0,low_frequency_random,8
4.0449999999999999,-0.52461736519180768,0,0,low_frequency_random,8
4.0499999999999998,-0.48057927089391467,0,0,low_frequency_random,8
4.0549999999999997,-0.29732086092533938,0,0,low_frequency_random,8
4.0600000000000005,-0.32597907886337607,0,0,low_frequency_random,8
4.0650000000000004,-0.31044343633364646,0,0,low_frequency_random,8
4.0700000000000003,-0.21249698203900144,0,0,low_frequency_random,8
4.0750000000000002,-0.3204005709085338,0,0,low_frequency_random,8
4.0800000000000001,-0.39331333891567427,0,0,low_frequency_random,8
4.085,-0.30406671866585444,0,0,low_frequency_random,8
4.0899999999999999,-0.3312117101818744,0,0,low_frequency_random,8
4.0949999999999998,-0.39476203868315424,0,0,low_frequency_random,8
4.0999999999999996,-0.3540092260055851,0,0,low_frequency_random,8
4.1050000000000004,-0.46189279394591437,0,0,low_frequency_random,8
4.1100000000000003,-0.44856364054408182,0,0,low_frequency_random,8
4.1150000000000002,-0.53016954067035915,0,0,low_frequency_random,8
4.1200000000000001,-0.58037367977224641,0,0,low_frequency_random,8
4.125,-0.79139297259722396,0,0,low_frequency_random,8
4.1299999999999999,-0.77093264184594978,0,0,low_frequency_random,8
4.1349999999999998,-0.74779154020465455,0,0,low_frequency_random,8
4.1399999999999997,-0.75888666251928938,0,0,low_frequency_random,8
4.1450000000000005,-0.80902724384023161,0,0,low_frequency_random,8
4.1500000000000004,-0.7867701814272039,0,0,low_frequency_random,8
4.1550000000000002,-0.66481662356827342,0,0,low_frequency_random,8
4.1600000000000001,-0.59132951516656063,0,0,low_frequency_random,8
4.165,-0.64556444676640001,0,0,low_frequency_random,8
4.1699999999999999,-0.62283649492003323,0,0,low_frequency_random,8
4.1749999999999998,-0.63984016077717076,0,0,low_frequency_random,8
4.1799999999999997,-0.59312089721921735,0,0,low_frequency_random,8
4.1850000000000005,-0.65430835162762402,0,0,low_frequency_random,8
4.1900000000000004,-0.53116068925790649,0,0,low_frequency_random,8
4.1950000000000003,-0.5907791279339154,0,0,low_frequency_random,8
4.2000000000000002,-0.66749193260909423,0,0,low_frequency_random,8
4.2050000000000001,-0.63559607393807116,0,0,low_frequency_random,8
4.21,-0.49986634299526356,0,0,low_frequency_random,8
4.2149999999999999,-0.63137854885713507,0,0,low_frequency_random,8
4.2199999999999998,-0.62238879872491382,0,0,low_frequency_random,8
4.2249999999999996,-0.56763374576872028,0,0,low_frequency_random,8
4.2300000000000004,-0.34713270655098571,0,0,low_frequency_random,8
4.2350000000000003,-0.46460938817749764,0,0,low_frequency_random,8
4.2400000000000002,-0.37044401260865889,0,0,low_frequency_random,8
4.2450000000000001,-0.42586071442528195,0,0,low_frequency_random,8
4.25,-0.44879340933221024,0,0,low_frequency_random,8
4.2549999999999999,-0.36850444357547429,0,0,low_frequency_random,8
4.2599999999999998,-0.36082935527486543,0,0,low_frequency_random,8
4.2649999999999997,-0.46686474131911104,0,0,low_frequency_random,8
4.2700000000000005,-0.48073931923363122,0,0,low_frequency_random,8
4.2750000000000004,-0.50810439369188043,0,0,low_frequency_random,8
4.2800000000000002,-0.49003832202787984,0,0,low_frequency_random,8
4.2850000000000001,-0.56210991471225935,0,0,low_frequency_random,8
4.29,-0.61414697477568458,0,0,low_frequency_random,8
4.2949999999999999,-0.63768135832609463,0,0,low_frequency_random,8
4.2999999999999998,-0.63219329257677304,0,0,low_frequency_random,8
4.3049999999999997,-0.64248290403976649,0,0,low_frequency_random,8
4.3100000000000005,-0.60470302115671404,0,0,low_frequency_random,8
4.3150000000000004,-0.55035321034221629,0,0,low_frequency_random,8
4.3200000000000003,-0.52147987594473411,0,0,low_frequency_random,8
4.3250000000000002,-0.57200233361309694,0,0,low_frequency_random,8
4.3300000000000001,-0.69389925326174551,0,0,low_frequency_random,8
4.335,-0.76235581866485269,0,0,low_frequency_random,8
4.3399999999999999,-0.81433533209399289,0,0,low_frequency_random,8
4.3449999999999998,-0.83264554903273125,0,0,low_frequency_random,8
4.3500000000000005,-0.75736943778054489,0,0,low_frequency_random,8
4.3550000000000004,-0.76249980098421977,0,0,low_frequency_random,8
4.3600000000000003,-0.83828914369013396,0,0,low_frequency_random,8
4.3650000000000002,-0.94315575477214908,0,0,low_frequency_random,8
4.3700000000000001,-0.95209862200994955,0,0,low_frequency_random,8
4.375,-0.97227248606246575,0,0,low_frequency_random,8
4.3799999999999999,-1.0573976808475583,0,0,low_frequency_random,8
4.3849999999999998,-1.1886736491959908,0,0,low_frequency_random,8
4.3899999999999997,-1.215718351831317,0,0,low_frequency_random,8
4.3950000000000005,-1.1840655949231029,0,0,low_frequency_random,8
4.4000000000000004,-1.167072058188992,0,0,low_frequency_random,8
4.4050000000000002,-1.283286718458299,0,0,low_frequency_random,8
4.4100000000000001,-1.3177138414061786,0,0,low_frequency_random,8
4.415,-1.3326652822816478,0,0,low_frequency_random,8
4.4199999999999999,-1.4094454356295834,0,0,low_frequency_random,8
4.4249999999999998,-1.4154875949949601,0,0,low_frequency_random,8
4.4299999999999997,-1.4658998010388311,0,0,low_frequency_random,8
4.4350000000000005,-1.3909463900367875,0,0,low_frequency_random,8
4.4400000000000004,-1.4423986521865351,0,0,low_frequency_random,8
4.4450000000000003,-1.3116369177585969,0,0,low_frequency_random,8
4.4500000000000002,-1.2296244601998561,0,0,low_frequency_random,8
4.4550000000000001,-1.197420074242922,0,0,low_frequency_random,8
4.46,-1.1744401104371045,0,0,low_frequency_random,8
4.4649999999999999,-1.0591842276667167,0,0,low_frequency_random,8
4.4699999999999998,-1.0851434721264195,0,0,low_frequency_random,8
4.4750000000000005,-1.0480232891028796,0,0,low_frequency_random,8
4.4800000000000004,-1.0640254000112477,0,0,low_frequency_random,8
4.4850000000000003,-0.93729192502173764,0,0,low_frequency_random,8
4.4900000000000002,-0.95765585786228158,0,0,low_frequency_random,8
4.4950000000000001,-0.97399557814309867,0,0,low_frequency_random,8
4.5,-1.1809685327566295,0,0,low_frequency_random,8
4.5049999999999999,-1.1564951525846134,0,0,low_frequency_random,8
4.5099999999999998,-1.1806380947734256,0,0,low_frequency_random,8
4.5149999999999997,-1.1306491162160432,0,0,low_frequency_random,8
4.5200000000000005,-1.2434327873372018,0,0,low_frequency_random,8
4.5250000000000004,-1.3080662431901322,0,0,low_frequency_random,8
4.5300000000000002,-1.1983786399361369,0,0,low_frequency_random,8
4.5350000000000001,-1.2550439100987276,0,0,low_frequency_random,8
4.54,-1.2343560590756328,0,0,low_frequency_random,8
4.5449999999999999,-1.1564246413314967,0,0,low_frequency_random,8
4.5499999999999998,-1.1455478393122156,0,0,low_frequency_random,8
4.5549999999999997,-1.1361243276013251,0,0,low_frequency_random,8
4.5600000000000005,-1.034890297406118,0,0,low_frequency_random,8
4.5650000000000004,-1.0732868292478086,0,0,low_frequency_random,8
4.5700000000000003,-1.0230058202464585,0,0,low_frequency_random,8
4.5750000000000002,-1.0402605369709181,0,0,low_frequency_random,8
4.5800000000000001,-1.1259465044501742,0,0,low_frequency_random,8
4.585,-1.1173994312190418,0,0,low_frequency_random,8
4.5899999999999999,-1.0062258251074239,0,0,low_frequency_random,8
4.5949999999999998,-1.0152812590512459,0,0,low_frequency_random,8
4.6000000000000005,-1.0663137155279898,0,0,low_frequency_random,8
4.6050000000000004,-1.0778385933075678,0,0,low_frequency_random,8
4.6100000000000003,-1.111491610721643,0,0,low_frequency_random,8
4.6150000000000002,-1.0655002275314727,0,0,low_frequency_random,8
4.6200000000000001,-1.1406066205110774,0,0,low_frequency_random,8
4.625,-1.063272059883184,0,0,low_frequency_random,8
4.6299999999999999,-1.0251454912524447,0,0,low_frequency_random,8
4.6349999999999998,-0.92233476576738715,0,0,low_frequency_random,8
4.6399999999999997,-0.95444211977078752,0,0,low_frequency_random,8
4.6450000000000005,-0.87455458633047733,0,0,low_frequency_random,8
4.6500000000000004,-0.94991347570443208,0,0,low_frequency_random,8
4.6550000000000002,-0.89700284798615404,0,0,low_frequency_random,8
4.6600000000000001,-0.91057593781909585,0,0,low_frequency_random,8
4.665,-0.99548026631394415,0,0,low_frequency_random,8
4.6699999999999999,-0.92737950666860847,0,0,low_frequency_random,8
4.6749999999999998,-0.80653287353977621,0,0,low_frequency_random,8
4.6799999999999997,-0.65956016277054019,0,0,low_frequency_random,8
4.6850000000000005,-0.61994065065075132,0,0,low_frequency_random,8
4.6900000000000004,-0.63583260954096477,0,0,low_frequency_random,8
4.6950000000000003,-0.51443542150073063,0,0,low_frequency_random,8
4.7000000000000002,-0.58752662674444145,0,0,low_frequency_random,8
4.7050000000000001,-0.57316818828717009,0,0,low_frequency_random,8
4.71,-0.68845333172977863,0,0,low_frequency_random,8
4.7149999999999999,-0.67347475089500075,0,0,low_frequency_random,8
4.7199999999999998,-0.64945326179056528,0,0,low_frequency_random,8
4.7250000000000005,-0.67857660637328798,0,0,low_frequency_random,8
4.7300000000000004,-0.5914129262577561,0,0,low_frequency_random,8
4.7350000000000003,-0.59858081599709445,0,0,low_frequency_random,8
4.7400000000000002,-0.55751106328865285,0,0,low_frequency_random,8
4.7450000000000001,-0.51156763518614856,0,0,low_frequency_random,8
4.75,-0.51875642708220182,0,0,low_frequency_random,8
4.7549999999999999,-0.72096034733937497,0,0,low_frequency_random,8
4.7599999999999998,-0.7504805383870321,0,0,low_frequency_random,8
4.7649999999999997,-0.73391015698718443,0,0,low_frequency_random,8
4.7700000000000005,-0.81170921024778098,0,0,low_frequency_random,8
4.7750000000000004,-0.80387604420725445,0,0,low_frequency_random,8
4.7800000000000002,-0.91963808376636413,0,0,low_frequency_random,8
4.7850000000000001,-0.86552482763913186,0,0,low_frequency_random,8
4.79,-0.81201769340859697,0,0,low_frequency_random,8
4.7949999999999999,-0.77625567531212891,0,0,low_frequency_random,8
4.7999999999999998,-0.81176223644107182,0,0,low_frequency_random,8
4.8049999999999997,-0.78519006517028611,0,0,low_frequency_random,8
4.8100000000000005,-0.88290857518447963,0,0,low_frequency_random,8
4.8150000000000004,-0.94208504367019785,0,0,low_frequency_random,8
4.8200000000000003,-0.90457283755472528,0,0,low_frequency_random,8
4.8250000000000002,-0.95539125500534561,0,0,low_frequency_random,8
4.8300000000000001,-0.97190793216949023,0,0,low_frequency_random,8
4.835,-0.97018677609167192,0,0,low_frequency_random,8
4.8399999999999999,-0.88185292359407408,0,0,low_frequency_random,8
4.8449999999999998,-0.93301982910583314,0,0,low_frequency_random,8
4.8500000000000005,-0.97500105689625127,0,0,low_frequency_random,8
4.8550000000000004,-1.0281393121146696,0,0,low_frequency_random,8
4.8600000000000003,-1.1573187774801441,0,0,low_frequency_random,8
4.8650000000000002,-1.1386212785382819,0,0,low_frequency_random,8
4.8700000000000001,-1.3007650003133591,0,0,low_frequency_random,8
4.875,-1.3618321187297517,0,0,low_frequency_random,8
4.8799999999999999,-1.2540147580440633,0,0,low_frequency_random,8
4.8849999999999998,-1.2498573161056614,0,0,low_frequency_random,8
4.8899999999999997,-1.4275778582856899,0,0,low_frequency_random,8
4.8950000000000005,-1.5036951523045814,0,0,low_frequency_random,8
4.9000000000000004,-1.3662338371235148,0,0,low_frequency_random,8
4.9050000000000002,-1.3853801543657016,0,0,low_frequency_random,8
4.9100000000000001,-1.2338102288212209,0,0,low_frequency_random,8
4.915,-1.2756423063606146,0,0,low_frequency_random,8
4.9199999999999999,-1.4681088484837792,0,0,low_frequency_random,8
4.9249999999999998,-1.4433179437167813,0,0,low_frequency_random,8
4.9299999999999997,-1.4587561208011517,0,0,low_frequency_random,8
4.9350000000000005,-1.4329307743807018,0,0,low_frequency_random,8
4.9400000000000004,-1.5138526608065359,0,0,low_frequency_random,8
4.9450000000000003,-1.5961402161003067,0,0,low_frequency_random,8
4.9500000000000002,-1.6396738016777899,0,0,low_frequency_random,8
4.9550000000000001,-1.7208477572516667,0,0,low_frequency_random,8
4.96,-1.6481277954444349,0,0,low_frequency_random,8
4.9649999999999999,-1.5548246612125172,0,0,low_frequency_random,8
4.9699999999999998,-1.5686397475345231,0,0,low_frequency_random,8
4.9750000000000005,-1.489660727894432,0,0,low_frequency_random,8
4.9800000000000004,-1.54213735410508,0,0,low_frequency_random,8
4.9850000000000003,-1.563616231117563,0,0,low_frequency_random,8
4.9900000000000002,-1.6936482306822569,0,0,low_frequency_random,8
4.9950000000000001,-1.589102986257213,0,0,low_frequency_random,8
5,-1.6281998545113787,0,0,low_frequency_random,8
5.0049999999999999,-1.5234439277501557,0,0,low_frequency_random,8
5.0099999999999998,-1.4195437420414168,0,0,low_frequency_random,8
5.0149999999999997,-1.3738230181752853,0,0,low_frequency_random,8
5.0200000000000005,-1.3510996970164031,0,0,low_frequency_random,8
5.0250000000000004,-1.4291734447367705,0,0,low_frequency_random,8
5.0300000000000002,-1.3550933826898548,0,0,low_frequency_random,8
5.0350000000000001,-1.3006735856620237,0,0,low_frequency_random,8
5.04,-1.2070138860552497,0,0,low_frequency_random,8
5.0449999999999999,-1.1739129318524328,0,0,low_frequency_random,8
5.0499999999999998,-1.2664890698974034,0,0,low_frequency_random,8
5.0549999999999997,-1.3512477130667919,0,0,low_frequency_random,8
5.0600000000000005,-1.2698992268069944,0,0,low_frequency_random,8
5.0650000000000004,-1.1325122144063933,0,0,low_frequency_random,8
5.0700000000000003,-1.1473603017332137,0,0,low_frequency_random,8
5.0750000000000002,-1.1472585396639556,0,0,low_frequency_random,8
5.0800000000000001,-1.1158041616349044,0,0,low_frequency_random,8
5.085,-1.0935527470652566,0,0,low_frequency_random,8
5.0899999999999999,-1.0642973297993523,0,0,low_frequency_random,8
5.0949999999999998,-1.0798404716416314,0,0,low_frequency_random,8
5.1000000000000005,-1.0594610001176399,0,0,low_frequency_random,8
5.1050000000000004,-1.1003301099076097,0,0,low_frequency_random,8
5.1100000000000003,-1.1045361215074334,0,0,low_frequency_random,8
5.1150000000000002,-1.0463898055317422,0,0,low_frequency_random,8
5.1200000000000001,-1.0381190083733194,0,0,low_frequency_random,8
5.125,-1.084618696289116,0,0,low_frequency_random,8
5.1299999999999999,-1.0574159231659825,0,0,low_frequency_random,8
5.1349999999999998,-1.1418798345325043,0,0,low_frequency_random,8
5.1399999999999997,-1.1903731015506207,0,0,low_frequency_random,8
5.1450000000000005,-1.2700726072322823,0,0,low_frequency_random,8
5.1500000000000004,-1.2431829239101451,0,0,low_frequency_random,8
5.1550000000000002,-1.1877966162088649,0,0,low_frequency_random,8
5.1600000000000001,-1.2133865667680197,0,0,low_frequency_random,8
5.165,-1.2809768032969262,0,0,low_frequency_random,8
5.1699999999999999,-1.2393266841700064,0,0,low_frequency_random,8
5.1749999999999998,-1.2154854891908591,0,0,low_frequency_random,8
5.1799999999999997,-1.3373059988320721,0,0,low_frequency_random,8
5.1850000000000005,-1.255767507060281,0,0,low_frequency_random,8
5.1900000000000004,-1.178369483960704,0,0,low_frequency_random,8
5.1950000000000003,-1.1959607782055734,0,0,low_frequency_random,8
5.2000000000000002,-1.1986857404744189,0,0,low_frequency_random,8
5.2050000000000001,-1.2042091924246601,0,0,low_frequency_random,8
5.21,-1.2399382856613106,0,0,low_frequency_random,8
5.2149999999999999,-1.2029593726229304,0,0,low_frequency_random,8
5.2199999999999998,-1.2588576036713961,0,0,low_frequency_random,8
5.2250000000000005,-1.2812473108479649,0,0,low_frequency_random,8
5.2300000000000004,-1.2680354285030595,0,0,low_frequency_random,8
5.2350000000000003,-1.4012862271647346,0,0,low_frequency_random,8
5.2400000000000002,-1.4405561886908844,0,0,low_frequency_random,8
5.2450000000000001,-1.538885644863605,0,0,low_frequency_random,8
5.25,-1.5741336942677981,0,0,low_frequency_random,8
5.2549999999999999,-1.6138463362016495,0,0,low_frequency_random,8
5.2599999999999998,-1.6288939171733885,0,0,low_frequency_random,8
5.2649999999999997,-1.6177935651925575,0,0,low_frequency_random,8
5.2700000000000005,-1.7001768748064838,0,0,low_frequency_random,8
5.2750000000000004,-1.6778490863605537,0,0,low_frequency_random,8
5.2800000000000002,-1.8159816256776908,0,0,low_frequency_random,8
5.2850000000000001,-1.7427414495022773,0,0,low_frequency_random,8
5.29,-1.7509853857683455,0,0,low_frequency_random,8
5.2949999999999999,-1.690168285793394,0,0,low_frequency_random,8
5.2999999999999998,-1.8453178368946481,0,0,low_frequency_random,8
5.3049999999999997,-1.7375313437013549,0,0,low_frequency_random,8
5.3100000000000005,-1.763642472671322,0,0,low_frequency_random,8
5.3150000000000004,-1.7396987592310156,0,0,low_frequency_random,8
5.3200000000000003,-1.7337835289294181,0,0,low_frequency_random,8
5.3250000000000002,-1.7420689362578563,0,0,low_frequency_random,8
5.3300000000000001,-1.7819924171343071,0,0,low_frequency_random,8
5.335,-1.9442118496614293,0,0,low_frequency_random,8
5.3399999999999999,-1.8462491370921157,0,0,low_frequency_random,8
5.3449999999999998,-1.6988204553925308,0,0,low_frequency_random,8
5.3500000000000005,-1.7490703969879347,0,0,low_frequency_random,8
5.3550000000000004,-1.6429174803791278,0,0,low_frequency_random,8
5.3600000000000003,-1.5688239650992222,0,0,low_frequency_random,8
5.3650000000000002,-1.5415414877727385,0,0,low_frequency_random,8
5.3700000000000001,-1.5528985411763097,0,0,low_frequency_random,8
5.375,-1.5055357265327713,0,0,low_frequency_random,8
5.3799999999999999,-1.5571880732783279,0,0,low_frequency_random,8
5.3849999999999998,-1.583396957622921,0,0,low_frequency_random,8
5.3899999999999997,-1.6252456984674759,0,0,low_frequency_random,8
5.3950000000000005,-1.6835921768436124,0,0,low_frequency_random,8
5.4000000000000004,-1.7259501169852784,0,0,low_frequency_random,8
5.4050000000000002,-1.6759797124740539,0,0,low_frequency_random,8
5.4100000000000001,-1.6205224623128411,0,0,low_frequency_random,8
5.415,-1.6833035701709267,0,0,low_frequency_random,8
5.4199999999999999,-1.6868682429795645,0,0,low_frequency_random,8
5.4249999999999998,-1.7000458473584152,0,0,low_frequency_random,8
5.4299999999999997,-1.8364971664832441,0,0,low_frequency_random,8
5.4350000000000005,-1.7436519655322904,0,0,low_frequency_random,8
5.4400000000000004,-1.8282094873376642,0,0,low_frequency_random,8
5.4450000000000003,-1.7338484111175536,0,0,low_frequency_random,8
5.4500000000000002,-1.9164983949354462,0,0,low_frequency_random,8
5.4550000000000001,-1.9741658102439812,0,0,low_frequency_random,8
5.46,-1.9080859295850796,0,0,low_frequency_random,8
5.4649999999999999,-1.8679820038675348,0,0,low_frequency_random,8
5.4699999999999998,-1.8225620404078988,0,0,low_frequency_random,8
5.4750000000000005,-1.8208981914937328,0,0,low_frequency_random,8
5.4800000000000004,-1.6512802804241211,0,0,low_frequency_random,8
5.4850000000000003,-1.6412915105479109,0,0,low_frequency_random,8
5.4900000000000002,-1.609384174281097,0,0,low_frequency_random,8
5.4950000000000001,-1.6624197389538511,0,0,low_frequency_random,8
5.5,-1.7208472157976296,0,0,low_frequency_random,8
5.5049999999999999,-1.6051495112485519,0,0,low_frequency_random,8
5.5099999999999998,-1.489429312789204,0,0,low_frequency_random,8
5.5149999999999997,-1.6288786419520158,0,0,low_frequency_random,8
5.5200000000000005,-1.6672251490208914,0,0,low_frequency_random,8
5.5250000000000004,-1.5604977571318497,0,0,low_frequency_random,8
5.5300000000000002,-1.5471234131191143,0,0,low_frequency_random,8
5.5350000000000001,-1.4626330474580065,0,0,low_frequency_random,8
5.54,-1.6009967743132767,0,0,low_frequency_random,8
5.5449999999999999,-1.5790630620991428,0,0,low_frequency_random,8
5.5499999999999998,-1.5705942296496804,0,0,low_frequency_random,8
5.5549999999999997,-1.5579890634849962,0,0,low_frequency_random,8
5.5600000000000005,-1.6027060628713674,0,0,low_frequency_random,8
5.5650000000000004,-1.5981014330806771,0,0,low_frequency_random,8
5.5700000000000003,-1.4479078890599317,0,0,low_frequency_random,8
5.5750000000000002,-1.5272409432539042,0,0,low_frequency_random,8
5.5800000000000001,-1.5251677545019571,0,0,low_frequency_random,8
5.585,-1.5422421967232707,0,0,low_frequency_random,8
5.5899999999999999,-1.5560251949674744,0,0,low_frequency_random,8
5.5949999999999998,-1.4030702749651955,0,0,low_frequency_random,8
5.6000000000000005,-1.2687204737368993,0,0,low_frequency_random,8
5.6050000000000004,-1.2917776325026928,0,0,low_frequency_random,8
5.6100000000000003,-1.2423559430420541,0,0,low_frequency_random,8
5.6150000000000002,-1.3016401871098056,0,0,low_frequency_random,8
5.6200000000000001,-1.2688747947820957,0,0,low_frequency_random,8
5.625,-1.292080360193302,0,0,low_frequency_random,8
5.6299999999999999,-1.1662571938984299,0,0,low_frequency_random,8
5.6349999999999998,-1.1232925193879715,0,0,low_frequency_random,8
5.6399999999999997,-1.2019950948372755,0,0,low_frequency_random,8
5.6450000000000005,-1.339986470155023,0,0,low_frequency_random,8
5.6500000000000004,-1.4228885708943126,0,0,low_frequency_random,8
5.6550000000000002,-1.2449887034426621,0,0,low_frequency_random,8
5.6600000000000001,-1.3167357101916695,0,0,low_frequency_random,8
5.665,-1.4239716912354752,0,0,low_frequency_random,8
5.6699999999999999,-1.470959949516635,0,0,low_frequency_random,8
5.6749999999999998,-1.5027128623986834,0,0,low_frequency_random,8
5.6799999999999997,-1.4449304118892576,0,0,low_frequency_random,8
5.6850000000000005,-1.4983695574699207,0,0,low_frequency_random,8
5.6900000000000004,-1.3558888551333257,0,0,low_frequency_random,8
5.6950000000000003,-1.347699133833248,0,0,low_frequency_random,8
5.7000000000000002,-1.3157010195154495,0,0,low_frequency_random,8
5.7050000000000001,-1.1934396303661641,0,0,low_frequency_random,8
5.71,-1.1720148245173778,0,0,low_frequency_random,8
5.7149999999999999,-1.1391136758002405,0,0,low_frequency_random,8
5.7199999999999998,-1.0805667799574916,0,0,low_frequency_random,8
5.7250000000000005,-1.1328350594349752,0,0,low_frequency_random,8
5.7300000000000004,-1.1693644141549371,0,0,low_frequency_random,8
5.7350000000000003,-1.1076086983176046,0,0,low_frequency_random,8
5.7400000000000002,-1.1639970561130144,0,0,low_frequency_random,8
5.7450000000000001,-1.2032719237227607,0,0,low_frequency_random,8
5.75,-1.1208319649605052,0,0,low_frequency_random,8
5.7549999999999999,-1.0661002000123918,0,0,low_frequency_random,8
5.7599999999999998,-1.0321650273487739,0,0,low_frequency_random,8
5.7649999999999997,-1.1177162737057584,0,0,low_frequency_random,8
5.7700000000000005,-0.95191964327576828,0,0,low_frequency_random,8
5.7750000000000004,-0.95833490599234339,0,0,low_frequency_random,8
5.7800000000000002,-0.97814583129982458,0,0,low_frequency_random,8
5.7850000000000001,-0.9868729113478858,0,0,low_frequency_random,8
5.79,-1.0489002400411518,0,0,low_frequency_random,8
5.7949999999999999,-1.0649387461802433,0,0,low_frequency_random,8
5.7999999999999998,-0.89786078487572096,0,0,low_frequency_random,8
5.8049999999999997,-1.0143760155071,0,0,low_frequency_random,8
5.8100000000000005,-0.82867294437420369,0,0,low_frequency_random,8
5.8150000000000004,-0.90105757435159983,0,0,low_frequency_random,8
5.8200000000000003,-0.97313200660631283,0,0,low_frequency_random,8
5.8250000000000002,-0.85844796151235636,0,0,low_frequency_random,8
5.8300000000000001,-0.70008909188214341,0,0,low_frequency_random,8
5.835,-0.72908523761706945,0,0,low_frequency_random,8
5.8399999999999999,-0.65922053499703626,0,0,low_frequency_random,8
5.8449999999999998,-0.71954623305970866,0,0,low_frequency_random,8
5.8500000000000005,-0.74612215142727267,0,0,low_frequency_random,8
5.8550000000000004,-0.80481273097017836,0,0,low_frequency_random,8
5.8600000000000003,-0.79239167514645192,0,0,low_frequency_random,8
5.8650000000000002,-0.84331110335872039,0,0,low_frequency_random,8
5.8700000000000001,-0.83148432562074004,0,0,low_frequency_random,8
5.875,-0.8586474563623685,0,0,low_frequency_random,8
5.8799999999999999,-0.85831601585047912,0,0,low_frequency_random,8
5.8849999999999998,-0.85284643247277137,0,0,low_frequency_random,8
5.8899999999999997,-0.90770649397422776,0,0,low_frequency_random,8
5.8950000000000005,-0.93938918123174109,0,0,low_frequency_random,8
5.9000000000000004,-1.0329773974974268,0,0,low_frequency_random,8
5.9050000000000002,-0.99323882405534614,0,0,low_frequency_random,8
5.9100000000000001,-0.93501986128602244,0,0,low_frequency_random,8
5.915,-0.96632613318138227,0,0,low_frequency_random,8
5.9199999999999999,-0.99137954132115713,0,0,low_frequency_random,8
5.9249999999999998,-1.0378400795064109,0,0,low_frequency_random,8
5.9299999999999997,-1.0767437860678426,0,0,low_frequency_random,8
5.9350000000000005,-1.0672754933090982,0,0,low_frequency_random,8
5.9400000000000004,-1.2053723326869725,0,0,low_frequency_random,8
5.9450000000000003,-1.3241449717078759,0,0,low_frequency_random,8
5.9500000000000002,-1.3203133045554512,0,0,low_frequency_random,8
5.9550000000000001,-1.2510860775740229,0,0,low_frequency_random,8
5.96,-1.309138640740332,0,0,low_frequency_random,8
5.9649999999999999,-1.2472361229065636,0,0,low_frequency_random,8
5.9699999999999998,-1.1738698231999931,0,0,low_frequency_random,8
5.9750000000000005,-1.1679662826297312,0,0,low_frequency_random,8
5.9800000000000004,-0.99232627648621041,0,0,low_frequency_random,8
5.9850000000000003,-1.0055036746909916,0,0,low_frequency_random,8
5.9900000000000002,-0.99838051903412295,0,0,low_frequency_random,8
5.9950000000000001,-1.0929403973010448,0,0,low_frequency_random,8
6,-1.178360617797614,0,0,low_frequency_random,8
6.0049999999999999,-1.1728991146158527,0,0,low_frequency_random,8
6.0099999999999998,-1.1296556016312655,0,0,low_frequency_random,8
6.0150000000000006,-1.1500126707877041,0,0,low_frequency_random,8
6.0200000000000005,-1.1580762048947777,0,0,low_frequency_random,8
6.0250000000000004,-1.153629002949242,0,0,low_frequency_random,8
6.0300000000000002,-1.0975438724099744,0,0,low_frequency_random,8
6.0350000000000001,-1.2384424177882476,0,0,low_frequency_random,8
6.04,-1.1796844883773436,0,0,low_frequency_random,8
6.0449999999999999,-1.2522700915347056,0,0,low_frequency_random,8
6.0499999999999998,-1.2183119054526588,0,0,low_frequency_random,8
6.0549999999999997,-1.1611878376830036,0,0,low_frequency_random,8
6.0600000000000005,-1.2796016706469424,0,0,low_frequency_random,8
6.0650000000000004,-1.1964948870882521,0,0,low_frequency_random,8
6.0700000000000003,-1.1984287132051576,0,0,low_frequency_random,8
6.0750000000000002,-1.248690018447866,0,0,low_frequency_random,8
6.0800000000000001,-1.1133924200873506,0,0,low_frequency_random,8
6.085,-1.2231564674610589,0,0,low_frequency_random,8
6.0899999999999999,-1.3520911042452166,0,0,low_frequency_random,8
6.0949999999999998,-1.3447632167879926,0,0,low_frequency_random,8
6.1000000000000005,-1.3180625626398497,0,0,low_frequency_random,8
6.1050000000000004,-1.3439409898835932,0,0,low_frequency_random,8
6.1100000000000003,-1.3061944688835621,0,0,low_frequency_random,8
6.1150000000000002,-1.5031879806877093,0,0,low_frequency_random,8
6.1200000000000001,-1.4307537401666881,0,0,low_frequency_random,8
6.125,-1.4240644301780274,0,0,low_frequency_random,8
6.1299999999999999,-1.5176416271973301,0,0,low_frequency_random,8
6.1349999999999998,-1.6200315521809214,0,0,low_frequency_random,8
6.1400000000000006,-1.5884327359666945,0,0,low_frequency_random,8
6.1450000000000005,-1.5620038752256875,0,0,low_frequency_random,8
6.1500000000000004,-1.6196845033086,0,0,low_frequency_random,8
6.1550000000000002,-1.6153439505106608,0,0,low_frequency_random,8
6.1600000000000001,-1.6166112805564385,0,0,low_frequency_random,8
6.165,-1.5340457410010742,0,0,low_frequency_random,8
6.1699999999999999,-1.6120265961967759,0,0,low_frequency_random,8
6.1749999999999998,-1.5337263125362872,0,0,low_frequency_random,8
6.1799999999999997,-1.5279319070904611,0,0,low_frequency_random,8
6.1850000000000005,-1.526004713819594,0,0,low_frequency_random,8
6.1900000000000004,-1.4850302740096057,0,0,low_frequency_random,8
6.1950000000000003,-1.5251910068188397,0,0,low_frequency_random,8
6.2000000000000002,-1.6404800326727034,0,0,low_frequency_random,8
6.2050000000000001,-1.7717632455465064,0,0,low_frequency_random,8
6.21,-1.6900817700100277,0,0,low_frequency_random,8
6.2149999999999999,-1.829000027388485,0,0,low_frequency_random,8
6.2199999999999998,-1.7450127062728864,0,0,low_frequency_random,8
6.2250000000000005,-1.8011600502252789,0,0,low_frequency_random,8
6.2300000000000004,-1.7122366358893446,0,0,low_frequency_random,8
6.2350000000000003,-1.7854451738718993,0,0,low_frequency_random,8
6.2400000000000002,-1.7597873825674406,0,0,low_frequency_random,8
6.2450000000000001,-1.7437207859890327,0,0,low_frequency_random,8
6.25,-1.6799190831275226,0,0,low_frequency_random,8
6.2549999999999999,-1.7102755688141666,0,0,low_frequency_random,8
6.2599999999999998,-1.6726602108105524,0,0,low_frequency_random,8
6.2650000000000006,-1.5448506205056289,0,0,low_frequency_random,8
6.2700000000000005,-1.652456047889401,0,0,low_frequency_random,8
6.2750000000000004,-1.5677825471987394,0,0,low_frequency_random,8
6.2800000000000002,-1.6505312078850805,0,0,low_frequency_random,8
6.2850000000000001,-1.5701012639881027,0,0,low_frequency_random,8
6.29,-1.5980604770544549,0,0,low_frequency_random,8
6.2949999999999999,-1.4796279384517752,0,0,low_frequency_random,8
6.2999999999999998,-1.4974154142740566,0,0,low_frequency_random,8
6.3049999999999997,-1.5347329312857232,0,0,low_frequency_random,8
6.3100000000000005,-1.4479788831546418,0,0,low_frequency_random,8
6.3150000000000004,-1.4643964698742915,0,0,low_frequency_random,8
6.3200000000000003,-1.4772027718193188,0,0,low_frequency_random,8
6.3250000000000002,-1.396978375540862,0,0,low_frequency_random,8
6.3300000000000001,-1.2788696470838123,0,0,low_frequency_random,8
6.335,-1.2062444460954316,0,0,low_frequency_random,8
6.3399999999999999,-1.3545649577352781,0,0,low_frequency_random,8
6.3449999999999998,-1.3224549922922497,0,0,low_frequency_random,8
6.3500000000000005,-1.293584054583659,0,0,low_frequency_random,8
6.3550000000000004,-1.2185600274698432,0,0,low_frequency_random,8
6.3600000000000003,-1.1281874056094587,0,0,low_frequency_random,8
6.3650000000000002,-1.0403267562695868,0,0,low_frequency_random,8
6.3700000000000001,-0.9950267563597005,0,0,low_frequency_random,8
6.375,-0.82623519412474966,0,0,low_frequency_random,8
6.3799999999999999,-0.83149068412872662,0,0,low_frequency_random,8
6.3849999999999998,-0.87755171220774508,0,0,low_frequency_random,8
6.3900000000000006,-0.97020682488669496,0,0,low_frequency_random,8
6.3950000000000005,-0.991868061318114,0,0,low_frequency_random,8
6.4000000000000004,-0.92019015633120604,0,0,low_frequency_random,8
6.4050000000000002,-0.90840057715387612,0,0,low_frequency_random,8
6.4100000000000001,-0.78647880842582163,0,0,low_frequency_random,8
6.415,-0.77749530772592812,0,0,low_frequency_random,8
6.4199999999999999,-0.81059422597247255,0,0,low_frequency_random,8
6.4249999999999998,-0.67897612834300847,0,0,low_frequency_random,8
6.4299999999999997,-0.68512340760419954,0,0,low_frequency_random,8
6.4350000000000005,-0.58365605394247888,0,0,low_frequency_random,8
6.4400000000000004,-0.7528606579135193,0,0,low_frequency_random,8
6.4450000000000003,-0.84660605475928075,0,0,low_frequency_random,8
6.4500000000000002,-0.87731911402275742,0,0,low_frequency_random,8
6.4550000000000001,-0.94899930385420217,0,0,low_frequency_random,8
6.46,-0.9177586525282484,0,0,low_frequency_random,8
6.4649999999999999,-0.90002189048759262,0,0,low_frequency_random,8
6.4699999999999998,-0.87086629839584173,0,0,low_frequency_random,8
6.4750000000000005,-0.93035288375386571,0,0,low_frequency_random,8
6.4800000000000004,-0.98804454879383541,0,0,low_frequency_random,8
6.4850000000000003,-1.0288090436893991,0,0,low_frequency_random,8
6.4900000000000002,-0.89888820002241387,0,0,low_frequency_random,8
6.4950000000000001,-0.91200945680321499,0,0,low_frequency_random,8
6.5,-0.82966453580867294,0,0,low_frequency_random,8
6.5049999999999999,-0.88683817174445145,0,0,low_frequency_random,8
6.5099999999999998,-0.99218102787614992,0,0,low_frequency_random,8
6.5150000000000006,-0.97433387293452101,0,0,low_frequency_random,8
6.5200000000000005,-0.89047628407609902,0,0,low_frequency_random,8
6.5250000000000004,-1.0176515834476687,0,0,low_frequency_random,8
6.5300000000000002,-1.0546150516217376,0,0,low_frequency_random,8
6.5350000000000001,-0.99922462036178383,0,0,low_frequency_random,8
6.54,-1.0156829900080471,0,0,low_frequency_random,8
6.5449999999999999,-1.0352002611058133,0,0,low_frequency_random,8
6.5499999999999998,-0.96959086377828951,0,0,low_frequency_random,8
6.5549999999999997,-0.95293029425967435,0,0,low_frequency_random,8
6.5600000000000005,-0.93497678984159605,0,0,low_frequency_random,8
6.5650000000000004,-0.97162439031565773,0,0,low_frequency_random,8
6.5700000000000003,-0.94626900145205395,0,0,low_frequency_random,8
6.5750000000000002,-0.98335204673607002,0,0,low_frequency_random,8
6.5800000000000001,-0.86679820522254558,0,0,low_frequency_random,8
6.585,-1.1102108772056662,0,0,low_frequency_random,8
6.5899999999999999,-1.0971258778510791,0,0,low_frequency_random,8
6.5949999999999998,-1.0348674380769545,0,0,low_frequency_random,8
6.6000000000000005,-1.1068500215546648,0,0,low_frequency_random,8
6.6050000000000004,-1.0552607918495576,0,0,low_frequency_random,8
6.6100000000000003,-1.1083078390227847,0,0,low_frequency_random,8
6.6150000000000002,-1.0485535124015044,0,0,low_frequency_random,8
6.6200000000000001,-0.91280833895294322,0,0,low_frequency_random,8
6.625,-0.92856697084134676,0,0,low_frequency_random,8
6.6299999999999999,-0.7479261868359881,0,0,low_frequency_random,8
6.6349999999999998,-0.74762520469283567,0,0,low_frequency_random,8
6.6400000000000006,-0.93870525462425958,0,0,low_frequency_random,8
6.6450000000000005,-0.9683813553809979,0,0,low_frequency_random,8
6.6500000000000004,-0.95528094216555259,0,0,low_frequency_random,8
6.6550000000000002,-0.93476182708686217,0,0,low_frequency_random,8
6.6600000000000001,-0.93380590846137868,0,0,low_frequency_random,8
6.665,-0.90114046012205495,0,0,low_frequency_random,8
6.6699999999999999,-0.91454966551806216,0,0,low_frequency_random,8
6.6749999999999998,-0.80646980246837263,0,0,low_frequency_random,8
6.6799999999999997,-0.77940817582949318,0,0,low_frequency_random,8
6.6850000000000005,-0.78945823799011761,0,0,low_frequency_random,8
6.6900000000000004,-0.64207425678323993,0,0,low_frequency_random,8
6.6950000000000003,-0.74391413299768305,0,0,low_frequency_random,8
6.7000000000000002,-0.89373493247043156,0,0,low_frequency_random,8
6.7050000000000001,-0.9473665736794411,0,0,low_frequency_random,8
6.71,-1.1497782195980222,0,0,low_frequency_random,8
6.7149999999999999,-1.1072975916128462,0,0,low_frequency_random,8
6.7199999999999998,-1.1294903306125732,0,0,low_frequency_random,8
6.7250000000000005,-0.95920729280294403,0,0,low_frequency_random,8
6.7300000000000004,-1.0325209430173321,0,0,low_frequency_random,8
6.7350000000000003,-1.1260582382403086,0,0,low_frequency_random,8
6.7400000000000002,-1.0697571417553502,0,0,low_frequency_random,8
6.7450000000000001,-1.0172762176943235,0,0,low_frequency_random,8
6.75,-0.9625112028741164,0,0,low_frequency_random,8
6.7549999999999999,-1.0076556405099082,0,0,low_frequency_random,8
6.7599999999999998,-1.0529775139449393,0,0,low_frequency_random,8
6.7650000000000006,-1.0076643475309903,0,0,low_frequency_random,8
6.7700000000000005,-1.0186455609162772,0,0,low_frequency_random,8
6.7750000000000004,-0.97114978115859651,0,0,low_frequency_random,8
6.7800000000000002,-0.87999984627744809,0,0,low_frequency_random,8
6.7850000000000001,-0.90171545418093579,0,0,low_frequency_random,8
6.79,-0.85497713351287319,0,0,low_frequency_random,8
6.7949999999999999,-1.0073297002867072,0,0,low_frequency_random,8
6.7999999999999998,-0.87815820180705539,0,0,low_frequency_random,8
6.8049999999999997,-0.75469709338798885,0,0,low_frequency_random,8
6.8100000000000005,-0.73916864390222303,0,0,low_frequency_random,8
6.8150000000000004,-0.75417855323365934,0,0,low_frequency_random,8
6.8200000000000003,-0.73922918809956328,0,0,low_frequency_random,8
6.8250000000000002,-0.71492868773207618,0,0,low_frequency_random,8
6.8300000000000001,-0.71564092953110214,0,0,low_frequency_random,8
6.835,-0.76197897758220634,0,0,low_frequency_random,8
6.8399999999999999,-0.73299920235085148,0,0,low_frequency_random,8
6.8449999999999998,-0.63021400293879404,0,0,low_frequency_random,8
6.8500000000000005,-0.77759781758243118,0,0,low_frequency_random,8
6.8550000000000004,-0.81182525244124348,0,0,low_frequency_random,8
6.8600000000000003,-0.87075063748653947,0,0,low_frequency_random,8
6.8650000000000002,-0.95511695202772118,0,0,low_frequency_random,8
6.8700000000000001,-0.95043512069321201,0,0,low_frequency_random,8
6.875,-1.1195214064810282,0,0,low_frequency_random,8
6.8799999999999999,-1.146542949724527,0,0,low_frequency_random,8
6.8849999999999998,-1.0724649405866904,0,0,low_frequency_random,8
6.8900000000000006,-0.99499610083184109,0,0,low_frequency_random,8
6.8950000000000005,-0.9353857628621417,0,0,low_frequency_random,8
6.9000000000000004,-0.90298131307839702,0,0,low_frequency_random,8
6.9050000000000002,-0.83174286202758796,0,0,low_frequency_random,8
6.9100000000000001,-0.81384269189325087,0,0,low_frequency_random,8
6.915,-0.76898722798734553,0,0,low_frequency_random,8
6.9199999999999999,-0.70465230605906115,0,0,low_frequency_random,8
6.9249999999999998,-0.57937124951932084,0,0,low_frequency_random,8
6.9299999999999997,-0.4906352771193947,0,0,low_frequency_random,8
6.9350000000000005,-0.41345247307559507,0,0,low_frequency_random,8
6.9400000000000004,-0.52627356959920468,0,0,low_frequency_random,8
6.9450000000000003,-0.49796155706312772,0,0,low_frequency_random,8
6.9500000000000002,-0.47811818160602337,0,0,low_frequency_random,8
6.9550000000000001,-0.51458917269420978,0,0,low_frequency_random,8
6.96,-0.59077645094811326,0,0,low_frequency_random,8
6.9649999999999999,-0.53233258452871446,0,0,low_frequency_random,8
6.9699999999999998,-0.51995811657910596,0,0,low_frequency_random,8
6.9750000000000005,-0.5385196343091182,0,0,low_frequency_random,8
6.9800000000000004,-0.62054538049623698,0,0,low_frequency_random,8
6.9850000000000003,-0.67495680442184847,0,0,low_frequency_random,8
6.9900000000000002,-0.71127574691782969,0,0,low_frequency_random,8
6.9950000000000001,-0.68152916103964878,0,0,low_frequency_random,8
7,-0.54591553622086353,0,0,low_frequency_random,8
7.0049999999999999,-0.52629158721926028,0,0,low_frequency_random,8
7.0099999999999998,-0.68162976618024862,0,0,low_frequency_random,8
7.0150000000000006,-0.64363517170542583,0,0,low_frequency_random,8
7.0200000000000005,-0.60342616283200967,0,0,low_frequency_random,8
7.0250000000000004,-0.68172904761792796,0,0,low_frequency_random,8
7.0300000000000002,-0.78445953931671353,0,0,low_frequency_random,8
7.0350000000000001,-0.78085220784792542,0,0,low_frequency_random,8
7.04,-0.71878531515624833,0,0,low_frequency_random,8
7.0449999999999999,-0.68404793204440673,0,0,low_frequency_random,8
7.0499999999999998,-0.55861665267413962,0,0,low_frequency_random,8
7.0549999999999997,-0.56911149761731128,0,0,low_frequency_random,8
7.0600000000000005,-0.56835996829547719,0,0,low_frequency_random,8
7.0650000000000004,-0.63822854102161941,0,0,low_frequency_random,8
7.0700000000000003,-0.56100463593602634,0,0,low_frequency_random,8
7.0750000000000002,-0.54557373676660947,0,0,low_frequency_random,8
7.0800000000000001,-0.50274631694299099,0,0,low_frequency_random,8
7.085,-0.68547290091720203,0,0,low_frequency_random,8
7.0899999999999999,-0.82900328480841212,0,0,low_frequency_random,8
7.0949999999999998,-0.80109502110875774,0,0,low_frequency_random,8
7.1000000000000005,-0.75430723764342777,0,0,low_frequency_random,8
7.1050000000000004,-0.7902365155355322,0,0,low_frequency_random,8
7.1100000000000003,-0.81709993406217585,0,0,low_frequency_random,8
7.1150000000000002,-0.76186356689507806,0,0,low_frequency_random,8
7.1200000000000001,-0.82971673767843734,0,0,low_frequency_random,8
7.125,-0.83128422507471667,0,0,low_frequency_random,8
7.1299999999999999,-0.91036071153509213,0,0,low_frequency_random,8
7.1349999999999998,-0.96015253571453285,0,0,low_frequency_random,8
7.1400000000000006,-0.89705207239913554,0,0,low_frequency_random,8
7.1450000000000005,-1.0388728911693792,0,0,low_frequency_random,8
7.1500000000000004,-1.100708149643163,0,0,low_frequency_random,8
7.1550000000000002,-1.3012564639748629,0,0,low_frequency_random,8
7.1600000000000001,-1.2767125595581927,0,0,low_frequency_random,8
7.165,-1.261872217229751,0,0,low_frequency_random,8
7.1699999999999999,-1.0329603978880448,0,0,low_frequency_random,8
7.1749999999999998,-1.0665606244816459,0,0,low_frequency_random,8
7.1799999999999997,-1.0500680015784338,0,0,low_frequency_random,8
7.1850000000000005,-0.96466785794450949,0,0,low_frequency_random,8
7.1900000000000004,-0.91220810695688748,0,0,low_frequency_random,8
7.1950000000000003,-0.93676073608416444,0,0,low_frequency_random,8
7.2000000000000002,-0.83974642454147719,0,0,low_frequency_random,8
7.2050000000000001,-1.0590524599962221,0,0,low_frequency_random,8
7.21,-1.0217063374075865,0,0,low_frequency_random,8
7.2149999999999999,-1.0823422934790676,0,0,low_frequency_random,8
7.2199999999999998,-1.1455939626160574,0,0,low_frequency_random,8
7.2250000000000005,-1.2302572550530158,0,0,low_frequency_random,8
7.2300000000000004,-1.2043868544480554,0,0,low_frequency_random,8
7.2350000000000003,-1.2880324748960632,0,0,low_frequency_random,8
7.2400000000000002,-1.2770988569317985,0,0,low_frequency_random,8
7.2450000000000001,-1.1402884618496145,0,0,low_frequency_random,8
7.25,-1.200067361618981,0,0,low_frequency_random,8
7.2549999999999999,-1.1941275073903874,0,0,low_frequency_random,8
7.2599999999999998,-1.2444986629316483,0,0,low_frequency_random,8
7.2650000000000006,-1.3521412382813052,0,0,low_frequency_random,8
7.2700000000000005,-1.3078324137772195,0,0,low_frequency_random,8
7.2750000000000004,-1.2123379931620357,0,0,low_frequency_random,8
7.2800000000000002,-1.268659460965998,0,0,low_frequency_random,8
7.2850000000000001,-1.2672250792973865,0,0,low_frequency_random,8
7.29,-1.2814110571854143,0,0,low_frequency_random,8
7.2949999999999999,-1.3434889421581417,0,0,low_frequency_random,8
7.2999999999999998,-1.2801747095616629,0,0,low_frequency_random,8
7.3049999999999997,-1.4432191355677346,0,0,low_frequency_random,8
7.3100000000000005,-1.3264353876180599,0,0,low_frequency_random,8
7.3150000000000004,-1.3727979017998895,0,0,low_frequency_random,8
7.3200000000000003,-1.2350445879418859,0,0,low_frequency_random,8
7.3250000000000002,-1.1988299710114547,0,0,low_frequency_random,8
7.3300000000000001,-1.2092703716684987,0,0,low_frequency_random,8
7.335,-1.3477762722323421,0,0,low_frequency_random,8
7.3399999999999999,-1.4569624896687645,0,0,low_frequency_random,8
7.3449999999999998,-1.4064759952198931,0,0,low_frequency_random,8
7.3500000000000005,-1.4691879183029044,0,0,low_frequency_random,8
7.3550000000000004,-1.4020065341461454,0,0,low_frequency_random,8
7.3600000000000003,-1.5089124279266344,0,0,low_frequency_random,8
7.3650000000000002,-1.4269596540294274,0,0,low_frequency_random,8
7.3700000000000001,-1.4330584879201913,0,0,low_frequency_random,8
7.375,-1.4058044436566441,0,0,low_frequency_random,8
7.3799999999999999,-1.4814599130680162,0,0,low_frequency_random,8
7.3849999999999998,-1.5203331403139582,0,0,low_frequency_random,8
7.3900000000000006,-1.4847238384529939,0,0,low_frequency_random,8
7.3950000000000005,-1.4769221662306835,0,0,low_frequency_random,8
7.4000000000000004,-1.5592239626126196,0,0,low_frequency_random,8
7.4050000000000002,-1.5477316506342358,0,0,low_frequency_random,8
7.4100000000000001,-1.6713130782916499,0,0,low_frequency_random,8
7.415,-1.5147994055513232,0,0,low_frequency_random,8
7.4199999999999999,-1.4751591330356286,0,0,low_frequency_random,8
7.4249999999999998,-1.5210223262680742,0,0,low_frequency_random,8
7.4299999999999997,-1.551035526194418,0,0,low_frequency_random,8
7.4350000000000005,-1.6385823041832073,0,0,low_frequency_random,8
7.4400000000000004,-1.6371030834583837,0,0,low_frequency_random,8
7.4450000000000003,-1.862038032079653,0,0,low_frequency_random,8
7.4500000000000002,-1.8684801320686488,0,0,low_frequency_random,8
7.4550000000000001,-1.7379529333430499,0,0,low_frequency_random,8
7.46,-1.9113707262026434,0,0,low_frequency_random,8
7.4649999999999999,-1.9026266510409584,0,0,low_frequency_random,8
7.4699999999999998,-1.951598874631495,0,0,low_frequency_random,8
7.4750000000000005,-1.9697395300496454,0,0,low_frequency_random,8
7.4800000000000004,-2.0675574732890607,0,0,low_frequency_random,8
7.4850000000000003,-1.9926159883875605,0,0,low_frequency_random,8
7.4900000000000002,-2.0997992705397932,0,0,low_frequency_random,8
7.4950000000000001,-2.0251182827957876,0,0,low_frequency_random,8
7.5,-1.9424793201806083,0,0,low_frequency_random,8
7.5049999999999999,-1.9282820490836672,0,0,low_frequency_random,8
7.5099999999999998,-1.8838161729445655,0,0,low_frequency_random,8
7.5150000000000006,-2.0432030276511273,0,0,low_frequency_random,8
7.5200000000000005,-2.0976823729961578,0,0,low_frequency_random,8
7.5250000000000004,-2.2988321987410449,0,0,low_frequency_random,8
7.5300000000000002,-2.2490836902612936,0,0,low_frequency_random,8
7.5350000000000001,-2.1572812282833755,0,0,low_frequency_random,8
7.54,-2.2783140458318072,0,0,low_frequency_random,8
7.5449999999999999,-2.2619302673936095,0,0,low_frequency_random,8
7.5499999999999998,-2.2808186527981418,0,0,low_frequency_random,8
7.5549999999999997,-2.4332038681603363,0,0,low_frequency_random,8
7.5600000000000005,-2.460504691266129,0,0,low_frequency_random,8
7.5650000000000004,-2.4524626328251578,0,0,low_frequency_random,8
7.5700000000000003,-2.3709280144610134,0,0,low_frequency_random,8
7.5750000000000002,-2.3780288485643113,0,0,low_frequency_random,8
7.5800000000000001,-2.3237344077429869,0,0,low_frequency_random,8
7.585,-2.1661554165503163,0,0,low_frequency_random,8
7.5899999999999999,-2.0719740440239987,0,0,low_frequency_random,8
7.5949999999999998,-2.1318358997709486,0,0,low_frequency_random,8
7.6000000000000005,-2.0852818346649986,0,0,low_frequency_random,8
7.6050000000000004,-1.9445276668679705,0,0,low_frequency_random,8
7.6100000000000003,-1.7194692779295078,0,0,low_frequency_random,8
7.6150000000000002,-1.6515712408590189,0,0,low_frequency_random,8
7.6200000000000001,-1.550988658251897,0,0,low_frequency_random,8
7.625,-1.4721201223844256,0,0,low_frequency_random,8
7.6299999999999999,-1.3000867050235037,0,0,low_frequency_random,8
7.6349999999999998,-1.2180749567132321,0,0,low_frequency_random,8
7.6400000000000006,-1.124412991880785,0,0,low_frequency_random,8
7.6450000000000005,-1.1917051108459227,0,0,low_frequency_random,8
7.6500000000000004,-1.2119879823696342,0,0,low_frequency_random,8
7.6550000000000002,-1.3290836583952785,0,0,low_frequency_random,8
7.6600000000000001,-1.3936044942298151,0,0,low_frequency_random,8
7.665,-1.361163324197449,0,0,low_frequency_random,8
7.6699999999999999,-1.2640743682307349,0,0,low_frequency_random,8
7.6749999999999998,-1.1712898280967614,0,0,low_frequency_random,8
7.6799999999999997,-1.1258444468941873,0,0,low_frequency_random,8
7.6850000000000005,-0.94423924744404075,0,0,low_frequency_random,8
7.6900000000000004,-1.0402451416395826,0,0,low_frequency_random,8
7.6950000000000003,-1.0351739533414646,0,0,low_frequency_random,8
7.7000000000000002,-0.90830037579707568,0,0,low_frequency_random,8
7.7050000000000001,-0.87085111470553966,0,0,low_frequency_random,8
7.71,-0.85013707216273171,0,0,low_frequency_random,8
7.7149999999999999,-0.76458291201859585,0,0,low_frequency_random,8
7.7199999999999998,-0.81619811184648738,0,0,low_frequency_random,8
7.7250000000000005,-0.86595504392079325,0,0,low_frequency_random,8
7.7300000000000004,-0.88904979047483434,0,0,low_frequency_random,8
7.7350000000000003,-0.73231348502680838,0,0,low_frequency_random,8
7.7400000000000002,-0.82929007628543183,0,0,low_frequency_random,8
7.7450000000000001,-0.8714827039010471,0,0,low_frequency_random,8
7.75,-0.68112929764398544,0,0,low_frequency_random,8
7.7549999999999999,-0.64286698376545315,0,0,low_frequency_random,8
7.7599999999999998,-0.65801711666937135,0,0,low_frequency_random,8
7.7650000000000006,-0.80228983528273523,0,0,low_frequency_random,8
7.7700000000000005,-0.78278546001863369,0,0,low_frequency_random,8
7.7750000000000004,-0.7794450789881161,0,0,low_frequency_random,8
7.7800000000000002,-0.69632123173005367,0,0,low_frequency_random,8
7.7850000000000001,-0.75894727179683441,0,0,low_frequency_random,8
7.79,-0.80818632738486063,0,0,low_frequency_random,8
7.7949999999999999,-0.73384033576950114,0,0,low_frequency_random,8
7.7999999999999998,-0.80655174762675119,0,0,low_frequency_random,8
7.8050000000000006,-0.67222592648953716,0,0,low_frequency_random,8
7.8100000000000005,-0.68136644113755107,0,0,low_frequency_random,8
7.8150000000000004,-0.64222452843575695,0,0,low_frequency_random,8
7.8200000000000003,-0.68477252295881841,0,0,low_frequency_random,8
7.8250000000000002,-0.54302023615214345,0,0,low_frequency_random,8
7.8300000000000001,-0.58524410289339479,0,0,low_frequency_random,8
7.835,-0.47338263080668291,0,0,low_frequency_random,8
7.8399999999999999,-0.51024874708863321,0,0,low_frequency_random,8
7.8449999999999998,-0.47313077236832529,0,0,low_frequency_random,8
7.8500000000000005,-0.53805620542185306,0,0,low_frequency_random,8
7.8550000000000004,-0.47045749966825817,0,0,low_frequency_random,8
7.8600000000000003,-0.33855329254341576,0,0,low_frequency_random,8
7.8650000000000002,-0.37543473594252269,0,0,low_frequency_random,8
7.8700000000000001,-0.22209286071660334,0,0,low_frequency_random,8
7.875,-0.20972792519755915,0,0,low_frequency_random,8
7.8799999999999999,-0.26486238605721207,0,0,low_frequency_random,8
7.8849999999999998,-0.23841026938950499,0,0,low_frequency_random,8
7.8900000000000006,-0.26985979792779236,0,0,low_frequency_random,8
7.8950000000000005,-0.24602365320623795,0,0,low_frequency_random,8
7.9000000000000004,-0.28146835352395944,0,0,low_frequency_random,8
7.9050000000000002,-0.40397411977554515,0,0,low_frequency_random,8
7.9100000000000001,-0.29808600377812333,0,0,low_frequency_random,8
7.915,-0.27424889075373871,0,0,low_frequency_random,8
7.9199999999999999,-0.29749802707048695,0,0,low_frequency_random,8
7.9249999999999998,-0.24390235827447815,0,0,low_frequency_random,8
7.9300000000000006,-0.35035319448870278,0,0,low_frequency_random,8
7.9350000000000005,-0.36471424380283624,0,0,low_frequency_random,8
7.9400000000000004,-0.30334150485631173,0,0,low_frequency_random,8
7.9450000000000003,-0.18695287532854904,0,0,low_frequency_random,8
7.9500000000000002,-0.16759179521342882,0,0,low_frequency_random,8
7.9550000000000001,-0.093889712007678622,0,0,low_frequency_random,8
7.96,-0.23112773735091457,0,0,low_frequency_random,8
7.9649999999999999,-0.22820329945905612,0,0,low_frequency_random,8
7.9699999999999998,-0.15380809214704982,0,0,low_frequency_random,8
7.9750000000000005,-0.042479802332733713,0,0,low_frequency_random,8
7.9800000000000004,-0.13406637114758096,0,0,low_frequency_random,8
7.9850000000000003,-0.0017858746315305152,0,0,low_frequency_random,8
7.9900000000000002,0.2020440637584133,0,0,low_frequency_random,8
7.9950000000000001,0.22105020952998428,0,0,low_frequency_random,8
8,0.085437641876308507,0,0,low_frequency_random,8
8.0050000000000008,0.14362905878861498,0,0,low_frequency_random,8
8.0099999999999998,0.19987043472460389,0,0,low_frequency_random,8
8.0150000000000006,0.16697202504490061,0,0,low_frequency_random,8
8.0199999999999996,0.28169048601485863,0,0,low_frequency_random,8
8.0250000000000004,0.42886485567705152,0,0,low_frequency_random,8
8.0299999999999994,0.34843560324099698,0,0,low_frequency_random,8
8.0350000000000001,0.26452373722693012,0,0,low_frequency_random,8
8.0400000000000009,0.28609714905918004,0,0,low_frequency_random,8
8.0449999999999999,0.3834058158028808,0,0,low_frequency_random,8
8.0500000000000007,0.2811913813378652,0,0,low_frequency_random,8
8.0549999999999997,0.21617152939599008,0,0,low_frequency_random,8
8.0600000000000005,0.19186726640688004,0,0,low_frequency_random,8
8.0649999999999995,0.12287593098077693,0,0,low_frequency_random,8
8.0700000000000003,0.10055069138140538,0,0,low_frequency_random,8
8.0749999999999993,0.17792714997377956,0,0,low_frequency_random,8
8.0800000000000001,0.10241295762270743,0,0,low_frequency_random,8
8.0850000000000009,0.15766657446003493,0,0,low_frequency_random,8
8.0899999999999999,0.15415502068367784,0,0,low_frequency_random,8
8.0950000000000006,0.12843016056977907,0,0,low_frequency_random,8
8.0999999999999996,0.011881158694652075,0,0,low_frequency_random,8
8.1050000000000004,0.027846795261944834,0,0,low_frequency_random,8
8.1099999999999994,0.068309561824637974,0,0,low_frequency_random,8
8.1150000000000002,0.00014595826491782538,0,0,low_frequency_random,8
8.120000000000001,0.071943155937599285,0,0,low_frequency_random,8
8.125,0.15061204712873452,0,0,low_frequency_random,8
8.1300000000000008,0.16068000214381145,0,0,low_frequency_random,8
8.1349999999999998,0.086813476907747919,0,0,low_frequency_random,8
8.1400000000000006,0.076396100244083387,0,0,low_frequency_random,8
8.1449999999999996,0.15108142614131581,0,0,low_frequency_random,8
8.1500000000000004,0.22342298665874583,0,0,low_frequency_random,8
8.1549999999999994,0.21475110231242789,0,0,low_frequency_random,8
8.1600000000000001,0.19581668223099041,0,0,low_frequency_random,8
8.1650000000000009,0.25540326523168783,0,0,low_frequency_random,8
8.1699999999999999,0.30845992258103683,0,0,low_frequency_random,8
8.1750000000000007,0.39013307174045952,0,0,low_frequency_random,8
8.1799999999999997,0.30014434266110801,0,0,low_frequency_random,8
8.1850000000000005,0.2896983877530559,0,0,low_frequency_random,8
8.1899999999999995,0.36125348857726541,0,0,low_frequency_random,8
8.1950000000000003,0.30152039037220751,0,0,low_frequency_random,8
8.1999999999999993,0.31120836681273228,0,0,low_frequency_random,8
8.2050000000000001,0.2519117184118817,0,0,low_frequency_random,8
8.2100000000000009,0.33057379426047906,0,0,low_frequency_random,8
8.2149999999999999,0.43789080606763925,0,0,low_frequency_random,8
8.2200000000000006,0.39566224688787482,0,0,low_frequency_random,8
8.2249999999999996,0.58767087480155455,0,0,low_frequency_random,8
8.2300000000000004,0.65534054075364989,0,0,low_frequency_random,8
8.2349999999999994,0.63066525464264678,0,0,low_frequency_random,8
8.2400000000000002,0.67353463238092182,0,0,low_frequency_random,8
8.245000000000001,0.63691020215822214,0,0,low_frequency_random,8
8.25,0.72168560071710774,0,0,low_frequency_random,8
8.2550000000000008,0.71004300837587608,0,0,low_frequency_random,8
8.2599999999999998,0.64059805200732056,0,0,low_frequency_random,8
8.2650000000000006,0.62088966850996841,0,0,low_frequency_random,8
8.2699999999999996,0.51952223525160068,0,0,low_frequency_random,8
8.2750000000000004,0.33550846053687056,0,0,low_frequency_random,8
8.2799999999999994,0.2215159487976136,0,0,low_frequency_random,8
8.2850000000000001,0.2657204263053522,0,0,low_frequency_random,8
8.2900000000000009,0.21953272491130094,0,0,low_frequency_random,8
8.2949999999999999,0.24973605651556785,0,0,low_frequency_random,8
8.3000000000000007,0.21045787524363127,0,0,low_frequency_random,8
8.3049999999999997,0.20479279403590842,0,0,low_frequency_random,8
8.3100000000000005,0.22788587136361485,0,0,low_frequency_random,8
8.3149999999999995,0.29535433093538904,0,0,low_frequency_random,8
8.3200000000000003,0.21485708704237894,0,0,low_frequency_random,8
8.3249999999999993,0.14507577985067097,0,0,low_frequency_random,8
8.3300000000000001,0.1485836409245205,0,0,low_frequency_random,8
8.3350000000000009,0.27540601004936194,0,0,low_frequency_random,8
8.3399999999999999,0.296405042150514,0,0,low_frequency_random,8
8.3450000000000006,0.28016463946010522,0,0,low_frequency_random,8
8.3499999999999996,0.26611229050504498,0,0,low_frequency_random,8
8.3550000000000004,0.24529721783980987,0,0,low_frequency_random,8
8.3599999999999994,0.19475518964133751,0,0,low_frequency_random,8
8.3650000000000002,0.26534401617344061,0,0,low_frequency_random,8
8.370000000000001,0.41570276274512818,0,0,low_frequency_random,8
8.375,0.43670328796072272,0,0,low_frequency_random,8
8.3800000000000008,0.31928013976548242,0,0,low_frequency_random,8
8.3849999999999998,0.17228035006629522,0,0,low_frequency_random,8
8.3900000000000006,0.32905037279521288,0,0,low_frequency_random,8
8.3949999999999996,0.18838805648042245,0,0,low_frequency_random,8
8.4000000000000004,0.37837488137623376,0,0,low_frequency_random,8
8.4049999999999994,0.41605664690769545,0,0,low_frequency_random,8
8.4100000000000001,0.40441170178505093,0,0,low_frequency_random,8
8.4150000000000009,0.47234616148103992,0,0,low_frequency_random,8
8.4199999999999999,0.47394897245364587,0,0,low_frequency_random,8
8.4250000000000007,0.60765741677806462,0,0,low_frequency_random,8
8.4299999999999997,0.56702096649287548,0,0,low_frequency_random,8
8.4350000000000005,0.59116430072095461,0,0,low_frequency_random,8
8.4399999999999995,0.54685081616058828,0,0,low_frequency_random,8
8.4450000000000003,0.58786090577866623,0,0,low_frequency_random,8
8.4499999999999993,0.65223727388739283,0,0,low_frequency_random,8
8.4550000000000001,0.54510600334328885,0,0,low_frequency_random,8
8.4600000000000009,0.4124690292330731,0,0,low_frequency_random,8
8.4649999999999999,0.4924346158741581,0,0,low_frequency_random,8
8.4700000000000006,0.55455643808561117,0,0,low_frequency_random,8
8.4749999999999996,0.59117432165583561,0,0,low_frequency_random,8
8.4800000000000004,0.53255326934648473,0,0,low_frequency_random,8
8.4849999999999994,0.43776423487615163,0,0,low_frequency_random,8
8.4900000000000002,0.35501135517180338,0,0,low_frequency_random,8
8.495000000000001,0.35584968337459427,0,0,low_frequency_random,8
8.5,0.27613370938798754,0,0,low_frequency_random,8
8.5050000000000008,0.19612254255073983,0,0,low_frequency_random,8
8.5099999999999998,0.22618363390429375,0,0,low_frequency_random,8
8.5150000000000006,0.36211154277608942,0,0,low_frequency_random,8
8.5199999999999996,0.51826663237846626,0,0,low_frequency_random,8
8.5250000000000004,0.5381105349681915,0,0,low_frequency_random,8
8.5299999999999994,0.63082434971862,0,0,low_frequency_random,8
8.5350000000000001,0.6699137225889028,0,0,low_frequency_random,8
8.5400000000000009,0.69974131852060606,0,0,low_frequency_random,8
8.5449999999999999,0.69279192627671526,0,0,low_frequency_random,8
8.5500000000000007,0.64268034725095424,0,0,low_frequency_random,8
8.5549999999999997,0.60007873081336627,0,0,low_frequency_random,8
8.5600000000000005,0.61986764862424704,0,0,low_frequency_random,8
8.5649999999999995,0.7374579215373761,0,0,low_frequency_random,8
8.5700000000000003,0.62842643316680369,0,0,low_frequency_random,8
8.5750000000000011,0.58339883559494676,0,0,low_frequency_random,8
8.5800000000000001,0.49005644500868129,0,0,low_frequency_random,8
8.5850000000000009,0.54506720514464502,0,0,low_frequency_random,8
8.5899999999999999,0.743747117061901,0,0,low_frequency_random,8
8.5950000000000006,0.78219554077568743,0,0,low_frequency_random,8
8.5999999999999996,0.67557605640633633,0,0,low_frequency_random,8
8.6050000000000004,0.71366801882472375,0,0,low_frequency_random,8
8.6099999999999994,0.87389182652704589,0,0,low_frequency_random,8
8.6150000000000002,0.8081815084637558,0,0,low_frequency_random,8
8.620000000000001,0.62124346117383555,0,0,low_frequency_random,8
8.625,0.4575172025741534,0,0,low_frequency_random,8
8.6300000000000008,0.49353489896363523,0,0,low_frequency_random,8
8.6349999999999998,0.3372214361873922,0,0,low_frequency_random,8
8.6400000000000006,0.46136236483608178,0,0,low_frequency_random,8
8.6449999999999996,0.26427745112705742,0,0,low_frequency_random,8
8.6500000000000004,0.24949048014023278,0,0,low_frequency_random,8
8.6549999999999994,0.14224399080491112,0,0,low_frequency_random,8
8.6600000000000001,0.21086922166200034,0,0,low_frequency_random,8
8.6650000000000009,0.23875924321595118,0,0,low_frequency_random,8
8.6699999999999999,0.28807730723112313,0,0,low_frequency_random,8
8.6750000000000007,0.34571863326848545,0,0,low_frequency_random,8
8.6799999999999997,0.27780606953230702,0,0,low_frequency_random,8
8.6850000000000005,0.28389827098296638,0,0,low_frequency_random,8
8.6899999999999995,0.20722925898064706,0,0,low_frequency_random,8
8.6950000000000003,0.17533571427448505,0,0,low_frequency_random,8
8.7000000000000011,0.18849165128868298,0,0,low_frequency_random,8
8.7050000000000001,0.15308639629003618,0,0,low_frequency_random,8
8.7100000000000009,0.03690299363464028,0,0,low_frequency_random,8
8.7149999999999999,-0.072509074388051875,0,0,low_frequency_random,8
8.7200000000000006,-0.16928813499331774,0,0,low_frequency_random,8
8.7249999999999996,-0.25996214000977935,0,0,low_frequency_random,8
8.7300000000000004,-0.3546836537341585,0,0,low_frequency_random,8
8.7349999999999994,-0.24306548659068947,0,0,low_frequency_random,8
8.7400000000000002,-0.17586004850093295,0,0,low_frequency_random,8
8.745000000000001,-0.15196826994852822,0,0,low_frequency_random,8
8.75,-0.039381059229600474,0,0,low_frequency_random,8
8.7550000000000008,0.0017212868010302446,0,0,low_frequency_random,8
8.7599999999999998,-0.03902884883803464,0,0,low_frequency_random,8
8.7650000000000006,0.053821958120255753,0,0,low_frequency_random,8
8.7699999999999996,0.093820481268758596,0,0,low_frequency_random,8
8.7750000000000004,-0.078429574654388087,0,0,low_frequency_random,8
8.7799999999999994,0.10474304529558424,0,0,low_frequency_random,8
8.7850000000000001,0.092538879303209129,0,0,low_frequency_random,8
8.7900000000000009,-0.051194265241115047,0,0,low_frequency_random,8
8.7949999999999999,0.055743475469526169,0,0,low_frequency_random,8
8.8000000000000007,0.064594561569080486,0,0,low_frequency_random,8
8.8049999999999997,0.075794723711331266,0,0,low_frequency_random,8
8.8100000000000005,0.19095066350696899,0,0,low_frequency_random,8
8.8149999999999995,0.26004632045850051,0,0,low_frequency_random,8
8.8200000000000003,0.28527815703930742,0,0,low_frequency_random,8
8.8250000000000011,0.30184473661476385,0,0,low_frequency_random,8
8.8300000000000001,0.30825670393175797,0,0,low_frequency_random,8
8.8350000000000009,0.29210233954008563,0,0,low_frequency_random,8
8.8399999999999999,0.17826133565407418,0,0,low_frequency_random,8
8.8450000000000006,0.26490885297714745,0,0,low_frequency_random,8
8.8499999999999996,0.26362923614694073,0,0,low_frequency_random,8
8.8550000000000004,0.2529986483363964,0,0,low_frequency_random,8
8.8599999999999994,0.31278920464189264,0,0,low_frequency_random,8
8.8650000000000002,0.2548080550422851,0,0,low_frequency_random,8
8.870000000000001,0.21948078132174242,0,0,low_frequency_random,8
8.875,0.27326402657477272,0,0,low_frequency_random,8
8.8800000000000008,0.25303973818338243,0,0,low_frequency_random,8
8.8849999999999998,0.16141116971569344,0,0,low_frequency_random,8
8.8900000000000006,0.073992582577512997,0,0,low_frequency_random,8
8.8949999999999996,0.31047238816150674,0,0,low_frequency_random,8
8.9000000000000004,0.26296230654802177,0,0,low_frequency_random,8
8.9049999999999994,0.44173232271749491,0,0,low_frequency_random,8
8.9100000000000001,0.37902218692444145,0,0,low_frequency_random,8
8.9150000000000009,0.40584674713395935,0,0,low_frequency_random,8
8.9199999999999999,0.36526917754393096,0,0,low_frequency_random,8
8.9250000000000007,0.26608175521547528,0,0,low_frequency_random,8
8.9299999999999997,0.23645037973633526,0,0,low_frequency_random,8
8.9350000000000005,0.40396236016815806,0,0,low_frequency_random,8
8.9399999999999995,0.33690098664752788,0,0,low_frequency_random,8
8.9450000000000003,0.24979751502373998,0,0,low_frequency_random,8
8.9500000000000011,0.27874567572098924,0,0,low_frequency_random,8
8.9550000000000001,0.19190999721367069,0,0,low_frequency_random,8
8.9600000000000009,0.12151842082521555,0,0,low_frequency_random,8
8.9649999999999999,-0.0005605033211382171,0,0,low_frequency_random,8
8.9700000000000006,0.075825903150287283,0,0,low_frequency_random,8
8.9749999999999996,0.12803245875532043,0,0,low_frequency_random,8
8.9800000000000004,-0.071340287478688563,0,0,low_frequency_random,8
8.9849999999999994,-0.018795266479297662,0,0,low_frequency_random,8
8.9900000000000002,-0.042099915979959518,0,0,low_frequency_random,8
8.995000000000001,-0.052668790605625813,0,0,low_frequency_random,8
9,-0.11744717167385518,0,0,low_frequency_random,8
9.0050000000000008,-0.10305020993736896,0,0,low_frequency_random,8
9.0099999999999998,-0.055232955440788663,0,0,low_frequency_random,8
9.0150000000000006,-0.12538767824287872,0,0,low_frequency_random,8
9.0199999999999996,-0.13020643589056374,0,0,low_frequency_random,8
9.0250000000000004,-0.13810586138792258,0,0,low_frequency_random,8
9.0299999999999994,-0.2079873320298718,0,0,low_frequency_random,8
9.0350000000000001,-0.25613858165120418,0,0,low_frequency_random,8
9.0400000000000009,-0.26859577278108582,0,0,low_frequency_random,8
9.0449999999999999,-0.20382384537908715,0,0,low_frequency_random,8
9.0500000000000007,-0.26190035092936903,0,0,low_frequency_random,8
9.0549999999999997,-0.26408627474416801,0,0,low_frequency_random,8
9.0600000000000005,-0.18489285175466483,0,0,low_frequency_random,8
9.0649999999999995,-0.075320398785916912,0,0,low_frequency_random,8
9.0700000000000003,-0.19693769279413953,0,0,low_frequency_random,8
9.0750000000000011,-0.18248289599220888,0,0,low_frequency_random,8
9.0800000000000001,-0.20464574375532557,0,0,low_frequency_random,8
9.0850000000000009,-0.25179005634954188,0,0,low_frequency_random,8
9.0899999999999999,-0.31279841507394951,0,0,low_frequency_random,8
9.0950000000000006,-0.17737807056037244,0,0,low_frequency_random,8
9.0999999999999996,-0.098328038823638525,0,0,low_frequency_random,8
9.1050000000000004,-0.12243935465314018,0,0,low_frequency_random,8
9.1099999999999994,-0.11676999458990223,0,0,low_frequency_random,8
9.1150000000000002,-0.12575155247087166,0,0,low_frequency_random,8
9.120000000000001,-0.14415356939031945,0,0,low_frequency_random,8
9.125,-0.079885203746547437,0,0,low_frequency_random,8
9.1300000000000008,-0.12022999604636017,0,0,low_frequency_random,8
9.1349999999999998,-0.063355085325082966,0,0,low_frequency_random,8
9.1400000000000006,-0.18121948605995117,0,0,low_frequency_random,8
9.1449999999999996,-0.16175130147482927,0,0,low_frequency_random,8
9.1500000000000004,-0.17228063583788919,0,0,low_frequency_random,8
9.1549999999999994,-0.2194177538755808,0,0,low_frequency_random,8
9.1600000000000001,-0.18562935774431361,0,0,low_frequency_random,8
9.1650000000000009,-0.17493962691027026,0,0,low_frequency_random,8
9.1699999999999999,-0.20116038570229344,0,0,low_frequency_random,8
9.1750000000000007,-0.093344022312656746,0,0,low_frequency_random,8
9.1799999999999997,-0.10347913366473897,0,0,low_frequency_random,8
9.1850000000000005,-0.11871582586907804,0,0,low_frequency_random,8
9.1899999999999995,-0.16181767728280533,0,0,low_frequency_random,8
9.1950000000000003,-0.072512873221929675,0,0,low_frequency_random,8
9.2000000000000011,0.0043614721177255567,0,0,low_frequency_random,8
9.2050000000000001,-0.18554114197657356,0,0,low_frequency_random,8
9.2100000000000009,-0.25827747823785996,0,0,low_frequency_random,8
9.2149999999999999,-0.2283891074040342,0,0,low_frequency_random,8
9.2200000000000006,-0.15035507023681899,0,0,low_frequency_random,8
9.2249999999999996,-0.10809018491787971,0,0,low_frequency_random,8
9.2300000000000004,-0.11493070637813219,0,0,low_frequency_random,8
9.2349999999999994,0.0045306737145098808,0,0,low_frequency_random,8
9.2400000000000002,-0.035697960377441988,0,0,low_frequency_random,8
9.245000000000001,-0.025641015366501482,0,0,low_frequency_random,8
9.25,-0.023027148646369806,0,0,low_frequency_random,8
9.2550000000000008,-0.010490761814110882,0,0,low_frequency_random,8
9.2599999999999998,-0.083255954627088707,0,0,low_frequency_random,8
9.2650000000000006,-0.10205261655639473,0,0,low_frequency_random,8
9.2699999999999996,-0.042410944489191665,0,0,low_frequency_random,8
9.2750000000000004,0.041820765115115031,0,0,low_frequency_random,8
9.2799999999999994,0.11078499611387188,0,0,low_frequency_random,8
9.2850000000000001,0.15180518015482194,0,0,low_frequency_random,8
9.2900000000000009,0.13288998351186243,0,0,low_frequency_random,8
9.2949999999999999,0.18758671787917172,0,0,low_frequency_random,8
9.3000000000000007,0.18743104740086677,0,0,low_frequency_random,8
9.3049999999999997,0.20119592811475309,0,0,low_frequency_random,8
9.3100000000000005,0.23961651006163154,0,0,low_frequency_random,8
9.3149999999999995,0.17604513027564098,0,0,low_frequency_random,8
9.3200000000000003,0.22417639513987458,0,0,low_frequency_random,8
9.3250000000000011,0.31635872622419769,0,0,low_frequency_random,8
9.3300000000000001,0.18903527900855413,0,0,low_frequency_random,8
9.3350000000000009,0.16596974863384378,0,0,low_frequency_random,8
9.3399999999999999,0.1388470558922221,0,0,low_frequency_random,8
9.3450000000000006,0.26870363089302673,0,0,low_frequency_random,8
9.3499999999999996,0.27889823331670305,0,0,low_frequency_random,8
9.3550000000000004,0.3290410741834065,0,0,low_frequency_random,8
9.3599999999999994,0.3894283150691365,0,0,low_frequency_random,8
9.3650000000000002,0.32748988857932243,0,0,low_frequency_random,8
9.370000000000001,0.22239244914167225,0,0,low_frequency_random,8
9.375,0.31363060706677481,0,0,low_frequency_random,8
9.3800000000000008,0.41718499894110683,0,0,low_frequency_random,8
9.3849999999999998,0.48750942380780488,0,0,low_frequency_random,8
9.3900000000000006,0.55294254851756675,0,0,low_frequency_random,8
9.3949999999999996,0.49513171635560393,0,0,low_frequency_random,8
9.4000000000000004,0.43672024450695979,0,0,low_frequency_random,8
9.4049999999999994,0.43697441874756021,0,0,low_frequency_random,8
9.4100000000000001,0.48937766816567274,0,0,low_frequency_random,8
9.4150000000000009,0.46236457576979645,0,0,low_frequency_random,8
9.4199999999999999,0.43738162773788281,0,0,low_frequency_random,8
9.4250000000000007,0.4758471414941734,0,0,low_frequency_random,8
9.4299999999999997,0.6027482319614571,0,0,low_frequency_random,8
9.4350000000000005,0.475106580866752,0,0,low_frequency_random,8
9.4399999999999995,0.45599371301907893,0,0,low_frequency_random,8
9.4450000000000003,0.33550183426268976,0,0,low_frequency_random,8
9.4500000000000011,0.1902087827828762,0,0,low_frequency_random,8
9.4550000000000001,0.28025772887170758,0,0,low_frequency_random,8
9.4600000000000009,0.19842632722697723,0,0,low_frequency_random,8
9.4649999999999999,0.22756908357788233,0,0,low_frequency_random,8
9.4700000000000006,0.31719247200657918,0,0,low_frequency_random,8
9.4749999999999996,0.37223788450255579,0,0,low_frequency_random,8
9.4800000000000004,0.29228348911663066,0,0,low_frequency_random,8
9.4849999999999994,0.32179758456196494,0,0,low_frequency_random,8
9.4900000000000002,0.31514623773351758,0,0,low_frequency_random,8
9.495000000000001,0.25773596941755261,0,0,low_frequency_random,8
9.5,0.23123831318896332,0,0,low_frequency_random,8
9.5050000000000008,0.18803291827801566,0,0,low_frequency_random,8
9.5099999999999998,0.2690676940586173,0,0,low_frequency_random,8
9.5150000000000006,0.26681904262046741,0,0,low_frequency_random,8
9.5199999999999996,0.23297571754180521,0,0,low_frequency_random,8
9.5250000000000004,0.26447329642276513,0,0,low_frequency_random,8
9.5299999999999994,0.29585072783296584,0,0,low_frequency_random,8
9.5350000000000001,0.34310291956081079,0,0,low_frequency_random,8
9.5400000000000009,0.42172844069723175,0,0,low_frequency_random,8
9.5449999999999999,0.36000969226681484,0,0,low_frequency_random,8
9.5500000000000007,0.31492635478437436,0,0,low_frequency_random,8
9.5549999999999997,0.4040845086909266,0,0,low_frequency_random,8
9.5600000000000005,0.34735551386408065,0,0,low_frequency_random,8
9.5649999999999995,0.40260862814256299,0,0,low_frequency_random,8
9.5700000000000003,0.22434915973404479,0,0,low_frequency_random,8
9.5750000000000011,0.2216785629557165,0,0,low_frequency_random,8
9.5800000000000001,0.15200234602530721,0,0,low_frequency_random,8
9.5850000000000009,0.13431494498861754,0,0,low_frequency_random,8
9.5899999999999999,0.16593837029709166,0,0,low_frequency_random,8
9.5950000000000006,0.007318673506501977,0,0,low_frequency_random,8
9.5999999999999996,-0.11528871725308087,0,0,low_frequency_random,8
9.6050000000000004,-0.11778470974449119,0,0,low_frequency_random,8
9.6099999999999994,-0.2122254679314648,0,0,low_frequency_random,8
9.6150000000000002,-0.19379205015663437,0,0,low_frequency_random,8
9.620000000000001,-0.18789079015972948,0,0,low_frequency_random,8
9.625,-0.27140996577575915,0,0,low_frequency_random,8
9.6300000000000008,-0.19722872991847823,0,0,low_frequency_random,8
9.6349999999999998,-0.1398362968332349,0,0,low_frequency_random,8
9.6400000000000006,-0.10538930146798328,0,0,low_frequency_random,8
9.6449999999999996,-0.15165010109129123,0,0,low_frequency_random,8
9.6500000000000004,-0.1954895407122057,0,0,low_frequency_random,8
9.6549999999999994,-0.30863343199465276,0,0,low_frequency_random,8
9.6600000000000001,-0.47328979433082363,0,0,low_frequency_random,8
9.6650000000000009,-0.50188713674909269,0,0,low_frequency_random,8
9.6699999999999999,-0.44305918581933518,0,0,low_frequency_random,8
9.6750000000000007,-0.46250423726065154,0,0,low_frequency_random,8
9.6799999999999997,-0.41491800419422065,0,0,low_frequency_random,8
9.6850000000000005,-0.45897464812417532,0,0,low_frequency_random,8
9.6899999999999995,-0.49445305370975889,0,0,low_frequency_random,8
9.6950000000000003,-0.52783437525849031,0,0,low_frequency_random,8
9.7000000000000011,-0.42944203564168965,0,0,low_frequency_random,8
9.7050000000000001,-0.52027116306563226,0,0,low_frequency_random,8
9.7100000000000009,-0.57396326680252496,0,0,low_frequency_random,8
9.7149999999999999,-0.51144043743848355,0,0,low_frequency_random,8
9.7200000000000006,-0.43168189371619387,0,0,low_frequency_random,8
9.7249999999999996,-0.38118108555749747,0,0,low_frequency_random,8
9.7300000000000004,-0.17030277980663577,0,0,low_frequency_random,8
9.7349999999999994,-0.17969647851604262,0,0,low_frequency_random,8
9.7400000000000002,-0.17760742943983826,0,0,low_frequency_random,8
9.745000000000001,-0.22244447869504386,0,0,low_frequency_random,8
9.75,-0.24660237704460847,0,0,low_frequency_random,8
9.7550000000000008,-0.10431244477399237,0,0,low_frequency_random,8
9.7599999999999998,-0.018831596146272236,0,0,low_frequency_random,8
9.7650000000000006,-0.044961708403323683,0,0,low_frequency_random,8
9.7699999999999996,0.061364991075695034,0,0,low_frequency_random,8
9.7750000000000004,-0.012495732695313663,0,0,low_frequency_random,8
9.7799999999999994,0.13495624260395783,0,0,low_frequency_random,8
9.7850000000000001,0.10484940120118794,0,0,low_frequency_random,8
9.7900000000000009,0.17053297332791467,0,0,low_frequency_random,8
9.7949999999999999,0.066101316383116754,0,0,low_frequency_random,8
9.8000000000000007,0.080430412069876778,0,0,low_frequency_random,8
9.8049999999999997,0.048268017081731208,0,0,low_frequency_random,8
9.8100000000000005,0.030804142957134528,0,0,low_frequency_random,8
9.8149999999999995,0.023175715913617816,0,0,low_frequency_random,8
9.8200000000000003,-0.11073106351856057,0,0,low_frequency_random,8
9.8250000000000011,-0.24125724887834926,0,0,low_frequency_random,8
9.8300000000000001,-0.12870029752301537,0,0,low_frequency_random,8
9.8350000000000009,-0.22103723218852145,0,0,low_frequency_random,8
9.8399999999999999,-0.39785342660819056,0,0,low_frequency_random,8
9.8450000000000006,-0.35990355855847367,0,0,low_frequency_random,8
9.8499999999999996,-0.35749186402349492,0,0,low_frequency_random,8
9.8550000000000004,-0.34230539254016523,0,0,low_frequency_random,8
9.8599999999999994,-0.37640520647392606,0,0,low_frequency_random,8
9.8650000000000002,-0.31979110381672116,0,0,low_frequency_random,8
9.870000000000001,-0.2444110684442361,0,0,low_frequency_random,8
9.875,-0.26012859615766776,0,0,low_frequency_random,8
9.8800000000000008,-0.22562153654421252,0,0,low_frequency_random,8
9.8849999999999998,-0.37977599211536672,0,0,low_frequency_random,8
9.8900000000000006,-0.39860012475905987,0,0,low_frequency_random,8
9.8949999999999996,-0.46899639106248014,0,0,low_frequency_random,8
9.9000000000000004,-0.55799588914660969,0,0,low_frequency_random,8
9.9049999999999994,-0.47881568203696045,0,0,low_frequency_random,8
9.9100000000000001,-0.64826113469932845,0,0,low_frequency_random,8
9.9150000000000009,-0.62583545604812685,0,0,low_frequency_random,8
9.9199999999999999,-0.73376072448894081,0,0,low_frequency_random,8
9.9250000000000007,-0.6420047798087245,0,0,low_frequency_random,8
9.9299999999999997,-0.62834537184690931,0,0,low_frequency_random,8
9.9350000000000005,-0.55316777173514464,0,0,low_frequency_random,8
9.9399999999999995,-0.57199525492494707,0,0,low_frequency_random,8
9.9450000000000003,-0.68532915153459006,0,0,low_frequency_random,8
9.9500000000000011,-0.48893225978550769,0,0,low_frequency_random,8
9.9550000000000001,-0.50043438488870251,0,0,low_frequency_random,8
9.9600000000000009,-0.58863068083250203,0,0,low_frequency_random,8
9.9649999999999999,-0.49750340326585807,0,0,low_frequency_random,8
9.9700000000000006,-0.32612989876597753,0,0,low_frequency_random,8
9.9749999999999996,-0.32202513150001971,0,0,low_frequency_random,8
9.9800000000000004,-0.35750166484322704,0,0,low_frequency_random,8
9.9849999999999994,-0.30140970482006801,0,0,low_frequency_random,8
9.9900000000000002,-0.22741147138426912,0,0,low_frequency_random,8
9.995000000000001,-0.1472422185750912,0,0,low_frequency_random,8
10,-0.16846164355374926,0,0,low_frequency_random,8
10.005000000000001,-0.1664627411355957,0,0,low_frequency_random,8
10.01,-0.12611159027801577,0,0,low_frequency_random,8
10.015000000000001,0.037555482118359018,0,0,low_frequency_random,8
10.02,0.14366814673636163,0,0,low_frequency_random,8
10.025,0.099820487044022549,0,0,low_frequency_random,8
10.029999999999999,0.13796118243917799,0,0,low_frequency_random,8
10.035,0.20906938021100607,0,0,low_frequency_random,8
10.040000000000001,0.16364089459422079,0,0,low_frequency_random,8
10.045,-0.068475793660107004,0,0,low_frequency_random,8
10.050000000000001,-0.055279254567979566,0,0,low_frequency_random,8
10.055,-0.094629763286723845,0,0,low_frequency_random,8
10.06,-0.070551005586058091,0,0,low_frequency_random,8
10.065,-0.0359812539016253,0,0,low_frequency_random,8
10.07,-0.01987098366122576,0,0,low_frequency_random,8
10.075000000000001,-0.013372366007303377,0,0,low_frequency_random,8
10.08,0.079038801264737696,0,0,low_frequency_random,8
10.085000000000001,0.047839012170737813,0,0,low_frequency_random,8
10.09,-0.068041511598682242,0,0,low_frequency_random,8
10.095000000000001,-0.24613335864858119,0,0,low_frequency_random,8
10.1,-0.19612269128594595,0,0,low_frequency_random,8
10.105,-0.29903673072693426,0,0,low_frequency_random,8
10.109999999999999,-0.30510050025507507,0,0,low_frequency_random,8
10.115,-0.29291479066654746,0,0,low_frequency_random,8
10.120000000000001,-0.22043242554181763,0,0,low_frequency_random,8
10.125,-0.14250675186086426,0,0,low_frequency_random,8
10.130000000000001,-0.13061866758327761,0,0,low_frequency_random,8
10.135,-0.11858745542234594,0,0,low_frequency_random,8
10.140000000000001,0.02314976325821691,0,0,low_frequency_random,8
10.145,-0.14186721558963483,0,0,low_frequency_random,8
10.15,-0.15201093801152019,0,0,low_frequency_random,8
10.154999999999999,-0.20977432203143634,0,0,low_frequency_random,8
10.16,-0.21403945593485871,0,0,low_frequency_random,8
10.165000000000001,-0.062286598062234882,0,0,low_frequency_random,8
10.17,-0.095089871039901505,0,0,low_frequency_random,8
10.175000000000001,-0.18804057456338963,0,0,low_frequency_random,8
10.18,-0.29722699769864264,0,0,low_frequency_random,8
10.185,-0.29108501509084883,0,0,low_frequency_random,8
10.19,-0.33994125441673156,0,0,low_frequency_random,8
10.195,-0.41549804026029691,0,0,low_frequency_random,8
10.200000000000001,-0.31229920140602374,0,0,low_frequency_random,8
10.205,-0.13419425581103039,0,0,low_frequency_random,8
10.210000000000001,-0.16711078077876576,0,0,low_frequency_random,8
10.215,-0.23041877629884361,0,0,low_frequency_random,8
10.220000000000001,-0.1723681917982566,0,0,low_frequency_random,8
10.225,-0.19400563568962861,0,0,low_frequency_random,8
10.23,-0.11792802516507127,0,0,low_frequency_random,8
10.234999999999999,-0.02005003136432032,0,0,low_frequency_random,8
10.24,0.026721596227362778,0,0,low_frequency_random,8
10.245000000000001,0.047024031471469191,0,0,low_frequency_random,8
10.25,-0.01692104692806521,0,0,low_frequency_random,8
10.255000000000001,0.071044481809914614,0,0,low_frequency_random,8
10.26,0.17684242888998275,0,0,low_frequency_random,8
10.265000000000001,0.07306100367549892,0,0,low_frequency_random,8
10.27,0.035031178803747523,0,0,low_frequency_random,8
10.275,0.086518266612308853,0,0,low_frequency_random,8
10.279999999999999,0.11729167291593216,0,0,low_frequency_random,8
10.285,0.22258166464005574,0,0,low_frequency_random,8
10.290000000000001,0.15115840746490583,0,0,low_frequency_random,8
10.295,0.14072079699505777,0,0,low_frequency_random,8
10.300000000000001,0.14776873966146664,0,0,low_frequency_random,8
10.305,0.15719863330912148,0,0,low_frequency_random,8
10.31,0.2549967015132224,0,0,low_frequency_random,8
10.315,0.32950233352315733,0,0,low_frequency_random,8
10.32,0.45692700473072262,0,0,low_frequency_random,8
10.325000000000001,0.46080499816905029,0,0,low_frequency_random,8
10.33,0.42681925324717179,0,0,low_frequency_random,8
10.335000000000001,0.50249615031892525,0,0,low_frequency_random,8
10.34,0.54421198112383085,0,0,low_frequency_random,8
10.345000000000001,0.46080045204810594,0,0,low_frequency_random,8
10.35,0.37403637682937196,0,0,low_frequency_random,8
10.355,0.39864085476281941,0,0,low_frequency_random,8
10.359999999999999,0.48502944630407652,0,0,low_frequency_random,8
10.365,0.41174673876735163,0,0,low_frequency_random,8
10.370000000000001,0.56229959007632779,0,0,low_frequency_random,8
10.375,0.61610507467905085,0,0,low_frequency_random,8
10.380000000000001,0.62384560960081437,0,0,low_frequency_random,8
10.385,0.72571678923347771,0,0,low_frequency_random,8
10.390000000000001,0.73714224824690489,0,0,low_frequency_random,8
10.395,0.62562014770169405,0,0,low_frequency_random,8
10.4,0.59217878451360251,0,0,low_frequency_random,8
10.404999999999999,0.66583666205999503,0,0,low_frequency_random,8
10.41,0.74116231643256603,0,0,low_frequency_random,8
10.415000000000001,0.70744355949668536,0,0,low_frequency_random,8
10.42,0.69791706921473318,0,0,low_frequency_random,8
10.425000000000001,0.69576099580618,0,0,low_frequency_random,8
10.43,0.54216963719894018,0,0,low_frequency_random,8
10.435,0.48342002845385851,0,0,low_frequency_random,8
10.44,0.4321981849158445,0,0,low_frequency_random,8
10.445,0.49747436470574635,0,0,low_frequency_random,8
10.450000000000001,0.39151483657146507,0,0,low_frequency_random,8
10.455,0.45396194582276045,0,0,low_frequency_random,8
10.460000000000001,0.43688035927206875,0,0,low_frequency_random,8
10.465,0.41999346475463389,0,0,low_frequency_random,8
10.470000000000001,0.26717078543667228,0,0,low_frequency_random,8
10.475,0.39200117409452129,0,0,low_frequency_random,8
10.48,0.57504279494957844,0,0,low_frequency_random,8
10.484999999999999,0.44600672945116832,0,0,low_frequency_random,8
10.49,0.40673786365750209,0,0,low_frequency_random,8
10.495000000000001,0.22008052384940022,0,0,low_frequency_random,8
10.5,0.21888248316206679,0,0,low_frequency_random,8
10.505000000000001,0.22659436617347639,0,0,low_frequency_random,8
10.51,0.24003282877390145,0,0,low_frequency_random,8
10.515000000000001,0.1209794252690337,0,0,low_frequency_random,8
10.52,0.28789388417971884,0,0,low_frequency_random,8
10.525,0.36153000609563057,0,0,low_frequency_random,8
10.529999999999999,0.22353825954870712,0,0,low_frequency_random,8
10.535,0.15704193964601992,0,0,low_frequency_random,8
10.540000000000001,0.1309422165498775,0,0,low_frequency_random,8
10.545,0.12291922600206429,0,0,low_frequency_random,8
10.550000000000001,0.26045742338783157,0,0,low_frequency_random,8
10.555,0.16905137918630361,0,0,low_frequency_random,8
10.56,0.12168080548963132,0,0,low_frequency_random,8
10.565,0.095996593274030567,0,0,low_frequency_random,8
10.57,0.071671923722896255,0,0,low_frequency_random,8
10.575000000000001,0.063727571031976293,0,0,low_frequency_random,8
10.58,0.090400307716686321,0,0,low_frequency_random,8
10.585000000000001,0.23882864390097841,0,0,low_frequency_random,8
10.59,0.35198212003417884,0,0,low_frequency_random,8
10.595000000000001,0.38597412393788844,0,0,low_frequency_random,8
10.6,0.26600034393764249,0,0,low_frequency_random,8
10.605,0.18675911065220152,0,0,low_frequency_random,8
10.609999999999999,0.10833450507249347,0,0,low_frequency_random,8
10.615,0.095049157401778411,0,0,low_frequency_random,8
10.620000000000001,-6.9199805580344442e-05,0,0,low_frequency_random,8
10.625,-0.052506681796119364,0,0,low_frequency_random,8
10.630000000000001,0.014978398120788362,0,0,low_frequency_random,8
10.635,0.11967909227870545,0,0,low_frequency_random,8
10.640000000000001,0.10435010186906735,0,0,low_frequency_random,8
10.645,0.22594856174120531,0,0,low_frequency_random,8
10.65,-0.006683460764328214,0,0,low_frequency_random,8
10.654999999999999,-0.0083860839122749421,0,0,low_frequency_random,8
10.66,-0.056788976972188265,0,0,low_frequency_random,8
10.665000000000001,0.0055029986057896357,0,0,low_frequency_random,8
10.67,-0.0058764438119770493,0,0,low_frequency_random,8
10.675000000000001,0.013379958124257692,0,0,low_frequency_random,8
10.68,0.054995340499313705,0,0,low_frequency_random,8
10.685,0.039945110762105593,0,0,low_frequency_random,8
10.69,0.089123265587954956,0,0,low_frequency_random,8
10.695,0.051622570062122265,0,0,low_frequency_random,8
10.700000000000001,-0.049459536542315143,0,0,low_frequency_random,8
10.705,-0.10321201644053253,0,0,low_frequency_random,8
10.710000000000001,-0.088426555438156418,0,0,low_frequency_random,8
10.715,-0.12855995265196746,0,0,low_frequency_random,8
10.720000000000001,-0.18833738545658738,0,0,low_frequency_random,8
10.725,-0.32851376690193612,0,0,low_frequency_random,8
10.73,-0.40232243234659687,0,0,low_frequency_random,8
10.734999999999999,-0.34997685368861331,0,0,low_frequency_random,8
10.74,-0.31662208268671604,0,0,low_frequency_random,8
10.745000000000001,-0.25266832440879283,0,0,low_frequency_random,8
10.75,-0.28589434750350834,0,0,low_frequency_random,8
10.755000000000001,-0.30257844894369801,0,0,low_frequency_random,8
10.76,-0.24319370555717018,0,0,low_frequency_random,8
10.765000000000001,-0.33288561855407345,0,0,low_frequency_random,8
10.77,-0.084875515943509616,0,0,low_frequency_random,8
10.775,-0.17087100773216435,0,0,low_frequency_random,8
10.779999999999999,-0.12395145264067858,0,0,low_frequency_random,8
10.785,0.0081319258700277702,0,0,low_frequency_random,8
10.790000000000001,-0.0496592133704164,0,0,low_frequency_random,8
10.795,-0.25873736919592227,0,0,low_frequency_random,8
10.800000000000001,-0.38363468493261843,0,0,low_frequency_random,8
10.805,-0.56523133146805515,0,0,low_frequency_random,8
10.81,-0.75216690112884421,0,0,low_frequency_random,8
10.815,-0.59789242500778805,0,0,low_frequency_random,8
10.82,-0.51960327864107048,0,0,low_frequency_random,8
10.825000000000001,-0.44965218757238007,0,0,low_frequency_random,8
10.83,-0.52597952286875238,0,0,low_frequency_random,8
10.835000000000001,-0.52052287897312199,0,0,low_frequency_random,8
10.84,-0.55817676680025663,0,0,low_frequency_random,8
10.845000000000001,-0.5797545286549417,0,0,low_frequency_random,8
10.85,-0.5996118211583088,0,0,low_frequency_random,8
10.855,-0.50947263457439917,0,0,low_frequency_random,8
10.859999999999999,-0.4806405894667663,0,0,low_frequency_random,8
10.865,-0.46454616854700254,0,0,low_frequency_random,8
10.870000000000001,-0.4796443909092839,0,0,low_frequency_random,8
10.875,-0.61176284350323007,0,0,low_frequency_random,8
10.880000000000001,-0.57249470698728178,0,0,low_frequency_random,8
10.885,-0.56319959411364517,0,0,low_frequency_random,8
10.890000000000001,-0.41041485965714031,0,0,low_frequency_random,8
10.895,-0.56100266977677149,0,0,low_frequency_random,8
10.9,-0.6410208225969104,0,0,low_frequency_random,8
10.904999999999999,-0.63451296533257595,0,0,low_frequency_random,8
10.91,-0.59588938201527675,0,0,low_frequency_random,8
10.915000000000001,-0.55135386316032342,0,0,low_frequency_random,8
10.92,-0.55568092753796305,0,0,low_frequency_random,8
10.925000000000001,-0.60185347087770413,0,0,low_frequency_random,8
10.93,-0.59113064615473576,0,0,low_frequency_random,8
10.935,-0.43876624083124383,0,0,low_frequency_random,8
10.94,-0.35781669512621572,0,0,low_frequency_random,8
10.945,-0.45885695677122723,0,0,low_frequency_random,8
10.950000000000001,-0.49936435358822795,0,0,low_frequency_random,8
10.955,-0.63886423104692147,0,0,low_frequency_random,8
10.960000000000001,-0.7311950615944337,0,0,low_frequency_random,8
10.965,-0.65303953398872527,0,0,low_frequency_random,8
10.970000000000001,-0.54148182316069293,0,0,low_frequency_random,8
10.975,-0.5937257688215688,0,0,low_frequency_random,8
10.98,-0.53185191992580538,0,0,low_frequency_random,8
10.984999999999999,-0.62781373581283551,0,0,low_frequency_random,8
10.99,-0.54057599731619843,0,0,low_frequency_random,8
10.995000000000001,-0.56952456509702631,0,0,low_frequency_random,8
11,-0.58056848670220995,0,0,low_frequency_random,8
11.005000000000001,-0.64348933566548716,0,0,low_frequency_random,8
11.01,-0.68708992888476439,0,0,low_frequency_random,8
11.015000000000001,-0.52799776689435829,0,0,low_frequency_random,8
11.02,-0.49010371454330764,0,0,low_frequency_random,8
11.025,-0.43401110737379783,0,0,low_frequency_random,8
11.029999999999999,-0.45878501507594999,0,0,low_frequency_random,8
11.035,-0.48050710055571277,0,0,low_frequency_random,8
11.040000000000001,-0.50592497990124119,0,0,low_frequency_random,8
11.045,-0.57760174655962038,0,0,low_frequency_random,8
11.050000000000001,-0.51598311473284009,0,0,low_frequency_random,8
11.055,-0.59700985519845629,0,0,low_frequency_random,8
11.06,-0.53774384960139376,0,0,low_frequency_random,8
11.065,-0.41408718345074796,0,0,low_frequency_random,8
11.07,-0.34341488376901169,0,0,low_frequency_random,8
11.075000000000001,-0.42740149346816331,0,0,low_frequency_random,8
11.08,-0.29005492044809444,0,0,low_frequency_random,8
11.085000000000001,-0.35846116049913529,0,0,low_frequency_random,8
11.09,-0.37576670543356783,0,0,low_frequency_random,8
11.095000000000001,-0.41554819113765307,0,0,low_frequency_random,8
11.1,-0.48775303665078223,0,0,low_frequency_random,8
11.105,-0.5703522752846053,0,0,low_frequency_random,8
11.109999999999999,-0.60511476218364779,0,0,low_frequency_random,8
11.115,-0.60445341764217586,0,0,low_frequency_random,8
11.120000000000001,-0.58816633528313711,0,0,low_frequency_random,8
11.125,-0.70358433172907975,0,0,low_frequency_random,8
11.130000000000001,-0.57328203642962694,0,0,low_frequency_random,8
11.135,-0.54906687462192461,0,0,low_frequency_random,8
11.140000000000001,-0.53441524516364003,0,0,low_frequency_random,8
11.145,-0.5198525970022746,0,0,low_frequency_random,8
11.15,-0.45051877838080889,0,0,low_frequency_random,8
11.154999999999999,-0.40565364035967355,0,0,low_frequency_random,8
11.16,-0.37960028106779203,0,0,low_frequency_random,8
11.165000000000001,-0.44283645504218461,0,0,low_frequency_random,8
11.17,-0.38225870576539855,0,0,low_frequency_random,8
11.175000000000001,-0.37910178587440985,0,0,low_frequency_random,8
11.18,-0.37593076162743955,0,0,low_frequency_random,8
11.185,-0.39880587907570469,0,0,low_frequency_random,8
11.19,-0.36309516441012601,0,0,low_frequency_random,8
11.195,-0.32228304081095677,0,0,low_frequency_random,8
11.200000000000001,-0.29105612346428844,0,0,low_frequency_random,8
11.205,-0.15041794958036633,0,0,low_frequency_random,8
11.210000000000001,-0.076270948501012695,0,0,low_frequency_random,8
11.215,-0.064921151822833756,0,0,low_frequency_random,8
11.220000000000001,-0.022355543514817743,0,0,low_frequency_random,8
11.225,-0.15397797044457465,0,0,low_frequency_random,8
11.23,-0.079378607302027046,0,0,low_frequency_random,8
11.234999999999999,-0.11357965383086596,0,0,low_frequency_random,8
11.24,-0.17303179357700657,0,0,low_frequency_random,8
11.245000000000001,-0.11990462667393928,0,0,low_frequency_random,8
11.25,-0.2018360890953167,0,0,low_frequency_random,8
11.255000000000001,-0.1426623543898253,0,0,low_frequency_random,8
11.26,-0.19387740315883151,0,0,low_frequency_random,8
11.265000000000001,-0.30580917604016172,0,0,low_frequency_random,8
11.27,-0.31851162624193674,0,0,low_frequency_random,8
11.275,-0.24753480732529876,0,0,low_frequency_random,8
11.279999999999999,-0.29132741443353882,0,0,low_frequency_random,8
11.285,-0.23646256631556256,0,0,low_frequency_random,8
11.290000000000001,-0.24053138092310294,0,0,low_frequency_random,8
11.295,-0.23559933077983877,0,0,low_frequency_random,8
11.300000000000001,-0.15241328052368272,0,0,low_frequency_random,8
11.305,-0.14597982810592136,0,0,low_frequency_random,8
11.31,0.085279702060913981,0,0,low_frequency_random,8
11.315,0.061229754763373251,0,0,low_frequency_random,8
11.32,-0.0097557173270367489,0,0,low_frequency_random,8
11.325000000000001,-0.16934404992184862,0,0,low_frequency_random,8
11.33,-0.26819670328196277,0,0,low_frequency_random,8
11.335000000000001,-0.27160542448841601,0,0,low_frequency_random,8
11.34,-0.41699187293403367,0,0,low_frequency_random,8
11.345000000000001,-0.53459514345347725,0,0,low_frequency_random,8
11.35,-0.49751490688949446,0,0,low_frequency_random,8
11.355,-0.51966411330122075,0,0,low_frequency_random,8
11.359999999999999,-0.5964728667306165,0,0,low_frequency_random,8
11.365,-0.73642999384888208,0,0,low_frequency_random,8
11.370000000000001,-0.80182780813107868,0,0,low_frequency_random,8
11.375,-0.81786107158069477,0,0,low_frequency_random,8
11.380000000000001,-0.84063959709553282,0,0,low_frequency_random,8
11.385,-0.85817988682501689,0,0,low_frequency_random,8
11.390000000000001,-0.88315148586599723,0,0,low_frequency_random,8
11.395,-0.91691518227973556,0,0,low_frequency_random,8
11.4,-0.88801484004070685,0,0,low_frequency_random,8
11.404999999999999,-0.80937579832628637,0,0,low_frequency_random,8
11.41,-0.75508031510817142,0,0,low_frequency_random,8
11.415000000000001,-0.79832007971665409,0,0,low_frequency_random,8
11.42,-0.72726679273199835,0,0,low_frequency_random,8
11.425000000000001,-0.68470326581822871,0,0,low_frequency_random,8
11.43,-0.64265928335738798,0,0,low_frequency_random,8
11.435,-0.58708794839895806,0,0,low_frequency_random,8
11.44,-0.53308283458757111,0,0,low_frequency_random,8
11.445,-0.62058623301929261,0,0,low_frequency_random,8
11.450000000000001,-0.6187044264132382,0,0,low_frequency_random,8
11.455,-0.64735468176376687,0,0,low_frequency_random,8
11.460000000000001,-0.7300538123551592,0,0,low_frequency_random,8
11.465,-0.48768342102189699,0,0,low_frequency_random,8
11.470000000000001,-0.50986914234714975,0,0,low_frequency_random,8
11.475,-0.57185455510146255,0,0,low_frequency_random,8
11.48,-0.5268914782263594,0,0,low_frequency_random,8
11.484999999999999,-0.54520330812440954,0,0,low_frequency_random,8
11.49,-0.58487138833998298,0,0,low_frequency_random,8
11.495000000000001,-0.56163249189477005,0,0,low_frequency_random,8
11.5,-0.50417787947797876,0,0,low_frequency_random,8
11.505000000000001,-0.46827233399748142,0,0,low_frequency_random,8
11.51,-0.40227115957858506,0,0,low_frequency_random,8
11.515000000000001,-0.46758698281781524,0,0,low_frequency_random,8
11.52,-0.54022736119496861,0,0,low_frequency_random,8
11.525,-0.42366974253762579,0,0,low_frequency_random,8
11.529999999999999,-0.50736152767305154,0,0,low_frequency_random,8
11.535,-0.45967275735478358,0,0,low_frequency_random,8
11.540000000000001,-0.49072787518918504,0,0,low_frequency_random,8
11.545,-0.6003042697309654,0,0,low_frequency_random,8
11.550000000000001,-0.54933510284380171,0,0,low_frequency_random,8
11.555,-0.48123245541252341,0,0,low_frequency_random,8
11.56,-0.66712877857395547,0,0,low_frequency_random,8
11.565,-0.73308137043700594,0,0,low_frequency_random,8
11.57,-0.72277737105254247,0,0,low_frequency_random,8
11.575000000000001,-0.88514623894653999,0,0,low_frequency_random,8
11.58,-0.84327992176791788,0,0,low_frequency_random,8
11.585000000000001,-1.0175479486878571,0,0,low_frequency_random,8
11.59,-0.89914004103734302,0,0,low_frequency_random,8
11.595000000000001,-0.98492785335911814,0,0,low_frequency_random,8
11.6,-0.97377577233068224,0,0,low_frequency_random,8
11.605,-1.0871122025847637,0,0,low_frequency_random,8
11.609999999999999,-0.97922520821843184,0,0,low_frequency_random,8
11.615,-1.0165600624359727,0,0,low_frequency_random,8
11.620000000000001,-1.0899711974907254,0,0,low_frequency_random,8
11.625,-1.0783391258711612,0,0,low_frequency_random,8
11.630000000000001,-1.0996757668886539,0,0,low_frequency_random,8
11.635,-1.3319100923581109,0,0,low_frequency_random,8
11.640000000000001,-1.3784394674733667,0,0,low_frequency_random,8
11.645,-1.3579431321775337,0,0,low_frequency_random,8
11.65,-1.4303862902592561,0,0,low_frequency_random,8
11.654999999999999,-1.4112915920772022,0,0,low_frequency_random,8
11.66,-1.4293584635433425,0,0,low_frequency_random,8
11.665000000000001,-1.3614200146411166,0,0,low_frequency_random,8
11.67,-1.400207740123758,0,0,low_frequency_random,8
11.675000000000001,-1.2732952639432549,0,0,low_frequency_random,8
11.68,-1.3177575328441655,0,0,low_frequency_random,8
11.685,-1.3190011732802738,0,0,low_frequency_random,8
11.69,-1.3519405842273795,0,0,low_frequency_random,8
11.695,-1.4409428408800951,0,0,low_frequency_random,8
11.700000000000001,-1.4464680214546719,0,0,low_frequency_random,8
11.705,-1.4941727046686806,0,0,low_frequency_random,8
11.710000000000001,-1.4213352263180794,0,0,low_frequency_random,8
11.715,-1.4225401162223907,0,0,low_frequency_random,8
11.720000000000001,-1.341997923035908,0,0,low_frequency_random,8
11.725,-1.263445545571561,0,0,low_frequency_random,8
11.73,-1.2918497540805525,0,0,low_frequency_random,8
11.734999999999999,-1.2986403653911518,0,0,low_frequency_random,8
11.74,-1.0741869586020494,0,0,low_frequency_random,8
11.745000000000001,-0.98786127438027949,0,0,low_frequency_random,8
11.75,-0.95878650050471026,0,0,low_frequency_random,8
11.755000000000001,-0.81114487143458736,0,0,low_frequency_random,8
11.76,-0.86115108896159975,0,0,low_frequency_random,8
11.765000000000001,-0.98134773427963384,0,0,low_frequency_random,8
11.77,-0.89315794308257479,0,0,low_frequency_random,8
11.775,-0.91708457750365491,0,0,low_frequency_random,8
11.779999999999999,-1.0420442407001347,0,0,low_frequency_random,8
11.785,-1.0959751899047987,0,0,low_frequency_random,8
11.790000000000001,-1.0818720091183924,0,0,low_frequency_random,8
11.795,-1.1592515527057632,0,0,low_frequency_random,8
11.800000000000001,-1.1450630484719939,0,0,low_frequency_random,8
11.805,-1.0821510008433477,0,0,low_frequency_random,8
11.81,-1.0338091993603287,0,0,low_frequency_random,8
11.815,-0.93608100288121676,0,0,low_frequency_random,8
11.82,-1.0485760425767838,0,0,low_frequency_random,8
11.825000000000001,-0.85713422952189477,0,0,low_frequency_random,8
11.83,-1.0251583504551043,0,0,low_frequency_random,8
11.835000000000001,-1.0807725508388486,0,0,low_frequency_random,8
11.84,-1.1731463387131904,0,0,low_frequency_random,8
11.845000000000001,-1.1175540120056302,0,0,low_frequency_random,8
11.85,-1.0907988915088811,0,0,low_frequency_random,8
11.855,-0.97316589157179534,0,0,low_frequency_random,8
11.859999999999999,-0.88479594520149329,0,0,low_frequency_random,8
11.865,-0.81295257109093011,0,0,low_frequency_random,8
11.870000000000001,-0.80983788565202353,0,0,low_frequency_random,8
11.875,-0.77024244313007872,0,0,low_frequency_random,8
11.880000000000001,-0.78708953739585374,0,0,low_frequency_random,8
11.885,-0.69069836317436417,0,0,low_frequency_random,8
11.890000000000001,-0.62694562091195949,0,0,low_frequency_random,8
11.895,-0.51385240388922304,0,0,low_frequency_random,8
11.9,-0.4925244127049177,0,0,low_frequency_random,8
11.904999999999999,-0.49709656048276957,0,0,low_frequency_random,8
11.91,-0.4406383291874999,0,0,low_frequency_random,8
11.915000000000001,-0.47052248937383878,0,0,low_frequency_random,8
11.92,-0.48206328703051371,0,0,low_frequency_random,8
11.925000000000001,-0.54751021094434393,0,0,low_frequency_random,8
11.93,-0.49640210862714446,0,0,low_frequency_random,8
11.935,-0.47002877650584129,0,0,low_frequency_random,8
11.94,-0.51689990366257943,0,0,low_frequency_random,8
11.945,-0.34658406697413136,0,0,low_frequency_random,8
11.950000000000001,-0.29493662335076254,0,0,low_frequency_random,8
11.955,-0.30822760235229396,0,0,low_frequency_random,8
11.960000000000001,-0.37667860592104563,0,0,low_frequency_random,8
11.965,-0.43988796515049172,0,0,low_frequency_random,8
11.970000000000001,-0.4463476175815001,0,0,low_frequency_random,8
11.975,-0.57560840822011983,0,0,low_frequency_random,8
11.98,-0.64397326624051365,0,0,low_frequency_random,8
11.984999999999999,-0.62222503890979508,0,0,low_frequency_random,8
11.99,-0.54862698139445443,0,0,low_frequency_random,8
11.995000000000001,-0.64016994603852939,0,0,low_frequency_random,8
12,-0.54211589159426232,0,0,low_frequency_random,8
