time,wind_x,wind_y,wind_z,profile,seed
0,0,0,0,low_frequency_random,1
0.0050000000000000001,0.027577762304429879,0,0,low_frequency_random,1
0.01,0.093005687320454278,0,0,low_frequency_random,1
0.014999999999999999,0.11891083567499716,0,0,low_frequency_random,1
0.02,0.014325276157225383,0,0,low_frequency_random,1
0.025000000000000001,0.086501603371219288,0,0,low_frequency_random,1
0.029999999999999999,0.12169105140991389,0,0,low_frequency_random,1
0.035000000000000003,0.078235023181905061,0,0,low_frequency_random,1
0.040000000000000001,0.12421829086053596,0,0,low_frequency_random,1
0.044999999999999998,0.15269177844342549,0,0,low_frequency_random,1
0.050000000000000003,0.17540212062601915,0,0,low_frequency_random,1
0.055,0.17679540558160595,0,0,low_frequency_random,1
0.059999999999999998,0.21954155860505939,0,0,low_frequency_random,1
0.065000000000000002,0.15967724797462246,0,0,low_frequency_random,1
0.070000000000000007,0.14588057275061034,0,0,low_frequency_random,1
0.074999999999999997,0.10667966862471837,0,0,low_frequency_random,1
0.080000000000000002,0.15393577847136469,0,0,low_frequency_random,1
0.085000000000000006,0.15633786127636351,0,0,low_frequency_random,1
0.089999999999999997,0.13221995253886759,0,0,low_frequency_random,1
0.095000000000000001,0.069163882171325991,0,0,low_frequency_random,1
0.10000000000000001,0.048294878065631139,0,0,low_frequency_random,1
0.105,0.048703755749247672,0,0,low_frequency_random,1
0.11,0.026467618248683183,0,0,low_frequency_random,1
0.115,0.12960244122627718,0,0,low_frequency_random,1
0.12,0.20929306555533592,0,0,low_frequency_random,1
0.125,-0.0081026817438463183,0,0,low_frequency_random,1
0.13,-0.15880631238778722,0,0,low_frequency_random,1
0.13500000000000001,-0.17196114825901382,0,0,low_frequency_random,1
0.14000000000000001,-0.20479445894690643,0,0,low_frequency_random,1
0.14499999999999999,-0.1867242422367611,0,0,low_frequency_random,1
0.14999999999999999,-0.16845057068264682,0,0,low_frequency_random,1
0.155,0.0013939938073271041,0,0,low_frequency_random,1
0.16,-0.087352678276369444,0,0,low_frequency_random,1
0.16500000000000001,-0.11705004164430072,0,0,low_frequency_random,1
0.17000000000000001,0.046547772031289014,0,0,low_frequency_random,1
0.17500000000000002,0.097922782202491412,0,0,low_frequency_random,1
0.17999999999999999,0.15034712326681646,0,0,low_frequency_random,1
0.185,0.1085793415521237,0,0,low_frequency_random,1
0.19,-0.023479284476463219,0,0,low_frequency_random,1
0.19500000000000001,-0.0099984247951951846,0,0,low_frequency_random,1
0.20000000000000001,-0.0012491878808517966,0,0,low_frequency_random,1
0.20500000000000002,-0.099186162089455757,0,0,low_frequency_random,1
0.20999999999999999,-0.15321324090355254,0,0,low_frequency_random,1
0.215,-0.15819820229204418,0,0,low_frequency_random,1
0.22,-0.23280075804336936,0,0,low_frequency_random,1
0.22500000000000001,-0.23948164373774419,0,0,low_frequency_random,1
0.23000000000000001,-0.23066763873958582,0,0,low_frequency_random,1
0.23500000000000001,-0.2266773825693878,0,0,low_frequency_random,1
0.23999999999999999,-0.26594910937952909,0,0,low_frequency_random,1
0.245,-0.21724133950995836,0,0,low_frequency_random,1
0.25,-0.14504235009401772,0,0,low_frequency_random,1
0.255,-0.11871512016408661,0,0,low_frequency_random,1
0.26000000000000001,-0.18341813859629952,0,0,low_frequency_random,1
0.26500000000000001,-0.1241171801691961,0,0,low_frequency_random,1
0.27000000000000002,-0.16351326524451187,0,0,low_frequency_random,1
0.27500000000000002,-0.09254035632440008,0,0,low_frequency_random,1
0.28000000000000003,-0.17760789114749298,0,0,low_frequency_random,1
0.28500000000000003,-0.10374720482808863,0,0,low_frequency_random,1
0.28999999999999998,-0.10483083551086966,0,0,low_frequency_random,1
0.29499999999999998,-0.20395867051862199,0,0,low_frequency_random,1
0.29999999999999999,-0.22799073086400645,0,0,low_frequency_random,1
0.30499999999999999,-0.22253623799513816,0,0,low_frequency_random,1
0.31,-0.19965747151968155,0,0,low_frequency_random,1
0.315,-0.27704069672828802,0,0,low_frequency_random,1
0.32000000000000001,-0.36402778036675099,0,0,low_frequency_random,1
0.32500000000000001,-0.34628525548091471,0,0,low_frequency_random,1
0.33000000000000002,-0.38180496417855281,0,0,low_frequency_random,1
0.33500000000000002,-0.36110725817899464,0,0,low_frequency_random,1
0.34000000000000002,-0.29869625432909053,0,0,low_frequency_random,1
0.34500000000000003,-0.42878041834573521,0,0,low_frequency_random,1
0.35000000000000003,-0.40634158955312938,0,0,low_frequency_random,1
0.35499999999999998,-0.30658761490599884,0,0,low_frequency_random,1
0.35999999999999999,-0.32880126876192106,0,0,low_frequency_random,1
0.36499999999999999,-0.39186470666806256,0,0,low_frequency_random,1
0.37,-0.32988090291567979,0,0,low_frequency_random,1
0.375,-0.30801047761055683,0,0,low_frequency_random,1
0.38,-0.23498242717125345,0,0,low_frequency_random,1
0.38500000000000001,-0.26135880471283079,0,0,low_frequency_random,1
0.39000000000000001,-0.37830498697834164,0,0,low_frequency_random,1
0.39500000000000002,-0.38519708777737016,0,0,low_frequency_random,1
0.40000000000000002,-0.41885318138085192,0,0,low_frequency_random,1
0.40500000000000003,-0.35489297885656113,0,0,low_frequency_random,1
0.41000000000000003,-0.33767096088018056,0,0,low_frequency_random,1
0.41500000000000004,-0.46612926718743464,0,0,low_frequency_random,1
0.41999999999999998,-0.55917894879913133,0,0,low_frequency_random,1
0.42499999999999999,-0.48586329934364958,0,0,low_frequency_random,1
0.42999999999999999,-0.42919451482768051,0,0,low_frequency_random,1
0.435,-0.47814558522244383,0,0,low_frequency_random,1
0.44,-0.47584451856963261,0,0,low_frequency_random,1
0.44500000000000001,-0.43791427916340975,0,0,low_frequency_random,1
0.45000000000000001,-0.39835131170760651,0,0,low_frequency_random,1
0.45500000000000002,-0.32644003444805353,0,0,low_frequency_random,1
0.46000000000000002,-0.3043442482227382,0,0,low_frequency_random,1
0.46500000000000002,-0.31039366585443112,0,0,low_frequency_random,1
0.47000000000000003,-0.32950175424935019,0,0,low_frequency_random,1
0.47500000000000003,-0.24360964267771298,0,0,low_frequency_random,1
0.47999999999999998,-0.42201374211796772,0,0,low_frequency_random,1
0.48499999999999999,-0.4309736924269566,0,0,low_frequency_random,1
0.48999999999999999,-0.42619078014120176,0,0,low_frequency_random,1
0.495,-0.53780858484033511,0,0,low_frequency_random,1
0.5,-0.50856758854011541,0,0,low_frequency_random,1
0.505,-0.55800359286381107,0,0,low_frequency_random,1
0.51000000000000001,-0.48639708477428695,0,0,low_frequency_random,1
0.51500000000000001,-0.49399346975092184,0,0,low_frequency_random,1
0.52000000000000002,-0.43813096003077384,0,0,low_frequency_random,1
0.52500000000000002,-0.33868154596806688,0,0,low_frequency_random,1
0.53000000000000003,-0.30643442469503746,0,0,low_frequency_random,1
0.53500000000000003,-0.37478898820801954,0,0,low_frequency_random,1
0.54000000000000004,-0.49376297716169326,0,0,low_frequency_random,1
0.54500000000000004,-0.35137954197935806,0,0,low_frequency_random,1
0.55000000000000004,-0.35850819252110006,0,0,low_frequency_random,1
0.55500000000000005,-0.41166789474470616,0,0,low_frequency_random,1
0.56000000000000005,-0.39810291690965027,0,0,low_frequency_random,1
0.56500000000000006,-0.411392074135845,0,0,low_frequency_random,1
0.57000000000000006,-0.34133894039468293,0,0,low_frequency_random,1
0.57500000000000007,-0.33692902225307531,0,0,low_frequency_random,1
0.57999999999999996,-0.33415135925083994,0,0,low_frequency_random,1
0.58499999999999996,-0.38950853142764097,0,0,low_frequency_random,1
0.58999999999999997,-0.35009411988225186,0,0,low_frequency_random,1
0.59499999999999997,-0.43085101275108961,0,0,low_frequency_random,1
0.59999999999999998,-0.37556388002876662,0,0,low_frequency_random,1
0.60499999999999998,-0.252079899803487,0,0,low_frequency_random,1
0.60999999999999999,-0.37249322623238768,0,0,low_frequency_random,1
0.61499999999999999,-0.56744152723361307,0,0,low_frequency_random,1
0.62,-0.51538421950059665,0,0,low_frequency_random,1
0.625,-0.30949042427312184,0,0,low_frequency_random,1
0.63,-0.3878210537094991,0,0,low_frequency_random,1
0.63500000000000001,-0.48569283002941044,0,0,low_frequency_random,1
0.64000000000000001,-0.4362704609819717,0,0,low_frequency_random,1
0.64500000000000002,-0.50118448564264639,0,0,low_frequency_random,1
0.65000000000000002,-0.53906586173838278,0,0,low_frequency_random,1
0.65500000000000003,-0.5641571782094229,0,0,low_frequency_random,1
0.66000000000000003,-0.51888944472302123,0,0,low_frequency_random,1
0.66500000000000004,-0.54864476988288613,0,0,low_frequency_random,1
0.67000000000000004,-0.52373322642784215,0,0,low_frequency_random,1
0.67500000000000004,-0.53520852356856907,0,0,low_frequency_random,1
0.68000000000000005,-0.59994426541136736,0,0,low_frequency_random,1
0.68500000000000005,-0.62247429933357457,0,0,low_frequency_random,1
0.69000000000000006,-0.69521198450053945,0,0,low_frequency_random,1
0.69500000000000006,-0.6912247016794304,0,0,low_frequency_random,1
0.70000000000000007,-0.77746219663295835,0,0,low_frequency_random,1
0.70499999999999996,-0.86079801311045245,0,0,low_frequency_random,1
0.70999999999999996,-0.74023860608998715,0,0,low_frequency_random,1
0.71499999999999997,-0.74079077354698775,0,0,low_frequency_random,1
0.71999999999999997,-0.74139746820824759,0,0,low_frequency_random,1
0.72499999999999998,-0.69687891377882527,0,0,low_frequency_random,1
0.72999999999999998,-0.72698777959390948,0,0,low_frequency_random,1
0.73499999999999999,-0.74159913032166791,0,0,low_frequency_random,1
0.73999999999999999,-0.70397334326913386,0,0,low_frequency_random,1
0.745,-0.67792535986372771,0,0,low_frequency_random,1
0.75,-0.76705655415134344,0,0,low_frequency_random,1
0.755,-0.69672975770707157,0,0,low_frequency_random,1
0.76000000000000001,-0.74037175766383811,0,0,low_frequency_random,1
0.76500000000000001,-0.8209546777259813,0,0,low_frequency_random,1
0.77000000000000002,-0.88871843441064824,0,0,low_frequency_random,1
0.77500000000000002,-0.91545161369013661,0,0,low_frequency_random,1
0.78000000000000003,-0.78102654237401903,0,0,low_frequency_random,1
0.78500000000000003,-0.87093941052826185,0,0,low_frequency_random,1
0.79000000000000004,-0.85382145927374797,0,0,low_frequency_random,1
0.79500000000000004,-1.0201622801809873,0,0,low_frequency_random,1
0.80000000000000004,-1.0151992414986413,0,0,low_frequency_random,1
0.80500000000000005,-0.93835013978578052,0,0,low_frequency_random,1
0.81000000000000005,-0.95255593050151866,0,0,low_frequency_random,1
0.81500000000000006,-0.9980278227422017,0,0,low_frequency_random,1
0.82000000000000006,-0.9745754589797142,0,0,low_frequency_random,1
0.82500000000000007,-0.91384234256514874,0,0,low_frequency_random,1
0.83000000000000007,-0.85632438459015159,0,0,low_frequency_random,1
0.83499999999999996,-0.69464921472793661,0,0,low_frequency_random,1
0.83999999999999997,-0.67449298600073215,0,0,low_frequency_random,1
0.84499999999999997,-0.71840351062663876,0,0,low_frequency_random,1
0.84999999999999998,-0.72487364994295089,0,0,low_frequency_random,1
0.85499999999999998,-0.72704374163411056,0,0,low_frequency_random,1
0.85999999999999999,-0.71474030740396965,0,0,low_frequency_random,1
0.86499999999999999,-0.71357175723751476,0,0,low_frequency_random,1
0.87,-0.69613024894966302,0,0,low_frequency_random,1
0.875,-0.82599281482989773,0,0,low_frequency_random,1
0.88,-0.75566842262646139,0,0,low_frequency_random,1
0.88500000000000001,-0.79776394342095447,0,0,low_frequency_random,1
0.89000000000000001,-0.88740363121399013,0,0,low_frequency_random,1
0.89500000000000002,-0.83208487926794228,0,0,low_frequency_random,1
0.90000000000000002,-0.72281167516631961,0,0,low_frequency_random,1
0.90500000000000003,-0.6798627854460092,0,0,low_frequency_random,1
0.91000000000000003,-0.6636113753635039,0,0,low_frequency_random,1
0.91500000000000004,-0.73469316803271556,0,0,low_frequency_random,1
0.92000000000000004,-0.50187660231901288,0,0,low_frequency_random,1
0.92500000000000004,-0.42912847816858596,0,0,low_frequency_random,1
0.93000000000000005,-0.51790437964291092,0,0,low_frequency_random,1
0.93500000000000005,-0.57753675085156475,0,0,low_frequency_random,1
0.94000000000000006,-0.56771529406661281,0,0,low_frequency_random,1
0.94500000000000006,-0.68895199339209912,0,0,low_frequency_random,1
0.95000000000000007,-0.67205905435298297,0,0,low_frequency_random,1
0.95500000000000007,-0.7053412469747391,0,0,low_frequency_random,1
0.95999999999999996,-0.60396643874345479,0,0,low_frequency_random,1
0.96499999999999997,-0.52417380110867728,0,0,low_frequency_random,1
0.96999999999999997,-0.73792117928586121,0,0,low_frequency_random,1
0.97499999999999998,-0.73091289833499107,0,0,low_frequency_random,1
0.97999999999999998,-0.85634203444318091,0,0,low_frequency_random,1
0.98499999999999999,-0.76352143673177997,0,0,low_frequency_random,1
0.98999999999999999,-0.74629843938368556,0,0,low_frequency_random,1
0.995,-0.69881327714437447,0,0,low_frequency_random,1
1,-0.78032532787968722,0,0,low_frequency_random,1
1.0050000000000001,-0.6305239453739534,0,0,low_frequency_random,1
1.01,-0.46617649894220914,0,0,low_frequency_random,1
1.0150000000000001,-0.54882060614527262,0,0,low_frequency_random,1
1.02,-0.51633255012082624,0,0,low_frequency_random,1
1.0249999999999999,-0.56748714469146577,0,0,low_frequency_random,1
1.03,-0.56653768151701012,0,0,low_frequency_random,1
1.0349999999999999,-0.66471042054301988,0,0,low_frequency_random,1
1.04,-0.51239617461457665,0,0,low_frequency_random,1
1.0449999999999999,-0.58718151623621628,0,0,low_frequency_random,1
1.05,-0.60788054782652257,0,0,low_frequency_random,1
1.0549999999999999,-0.56483018440511645,0,0,low_frequency_random,1
1.0600000000000001,-0.61368869365806944,0,0,low_frequency_random,1
1.0649999999999999,-0.62972513998597801,0,0,low_frequency_random,1
1.0700000000000001,-0.67156306699032586,0,0,low_frequency_random,1
1.075,-0.67886385598154808,0,0,low_frequency_random,1
1.0800000000000001,-0.76888779765081894,0,0,low_frequency_random,1
1.085,-0.80000458441619537,0,0,low_frequency_random,1
1.0900000000000001,-0.8125246863737261,0,0,low_frequency_random,1
1.095,-0.83510367654169926,0,0,low_frequency_random,1
1.1000000000000001,-0.82641469759273301,0,0,low_frequency_random,1
1.105,-0.84568261614061901,0,0,low_frequency_random,1
1.1100000000000001,-0.78135817273492258,0,0,low_frequency_random,1
1.115,-0.80325230193134167,0,0,low_frequency_random,1
1.1200000000000001,-0.8101507589983642,0,0,low_frequency_random,1
1.125,-0.85915994242045501,0,0,low_frequency_random,1
1.1300000000000001,-0.89689096762448728,0,0,low_frequency_random,1
1.135,-0.99332475605153214,0,0,low_frequency_random,1
1.1400000000000001,-0.94697127563974137,0,0,low_frequency_random,1
1.145,-1.0334216498431077,0,0,low_frequency_random,1
1.1500000000000001,-1.0877870887450609,0,0,low_frequency_random,1
1.155,-1.0536938553145294,0,0,low_frequency_random,1
1.1599999999999999,-1.016313013196662,0,0,low_frequency_random,1
1.165,-1.0431734544914824,0,0,low_frequency_random,1
1.1699999999999999,-1.1991088569586674,0,0,low_frequency_random,1
1.175,-1.1595711413068233,0,0,low_frequency_random,1
1.1799999999999999,-1.1330744841030123,0,0,low_frequency_random,1
1.1850000000000001,-1.2401318601423577,0,0,low_frequency_random,1
1.1899999999999999,-1.1724746539924684,0,0,low_frequency_random,1
1.1950000000000001,-1.2225749680214255,0,0,low_frequency_random,1
1.2,-1.3063476301408985,0,0,low_frequency_random,1
1.2050000000000001,-1.2921928435910028,0,0,low_frequency_random,1
1.21,-1.2999900195734411,0,0,low_frequency_random,1
1.2150000000000001,-1.2773368127222537,0,0,low_frequency_random,1
1.22,-1.3991054319043372,0,0,low_frequency_random,1
1.2250000000000001,-1.2475106472080686,0,0,low_frequency_random,1
1.23,-1.2893810700698649,0,0,low_frequency_random,1
1.2350000000000001,-1.4058157085358229,0,0,low_frequency_random,1
1.24,-1.3494203093260284,0,0,low_frequency_random,1
1.2450000000000001,-1.3710035646510663,0,0,low_frequency_random,1
1.25,-1.3382418135258964,0,0,low_frequency_random,1
1.2550000000000001,-1.3586681986910816,0,0,low_frequency_random,1
1.26,-1.3566591184006866,0,0,low_frequency_random,1
1.2650000000000001,-1.3302799776369711,0,0,low_frequency_random,1
1.27,-1.3832283893500057,0,0,low_frequency_random,1
1.2750000000000001,-1.3221658068428397,0,0,low_frequency_random,1
1.28,-1.3530697007753767,0,0,low_frequency_random,1
1.2849999999999999,-1.4157226334204966,0,0,low_frequency_random,1
1.29,-1.4025144680187356,0,0,low_frequency_random,1
1.2949999999999999,-1.3600049187473229,0,0,low_frequency_random,1
1.3,-1.3715024926848918,0,0,low_frequency_random,1
1.3049999999999999,-1.4334915333190477,0,0,low_frequency_random,1
1.3100000000000001,-1.3768828184210318,0,0,low_frequency_random,1
1.3149999999999999,-1.5104905566976465,0,0,low_frequency_random,1
1.3200000000000001,-1.5852203405556351,0,0,low_frequency_random,1
1.325,-1.5741600780151703,0,0,low_frequency_random,1
1.3300000000000001,-1.6749220281151178,0,0,low_frequency_random,1
1.335,-1.6643343657153757,0,0,low_frequency_random,1
1.3400000000000001,-1.6604115630792906,0,0,low_frequency_random,1
1.345,-1.5804104167950246,0,0,low_frequency_random,1
1.3500000000000001,-1.6455287376233878,0,0,low_frequency_random,1
1.355,-1.6872692297956771,0,0,low_frequency_random,1
1.3600000000000001,-1.6522659023476929,0,0,low_frequency_random,1
1.365,-1.840139788729471,0,0,low_frequency_random,1
1.3700000000000001,-1.5835773880425377,0,0,low_frequency_random,1
1.375,-1.6314318818288196,0,0,low_frequency_random,1
1.3800000000000001,-1.6815362222222681,0,0,low_frequency_random,1
1.385,-1.6044311916900451,0,0,low_frequency_random,1
1.3900000000000001,-1.599607655255882,0,0,low_frequency_random,1
1.395,-1.7336287228819625,0,0,low_frequency_random,1
1.4000000000000001,-1.6749531477946931,0,0,low_frequency_random,1
1.405,-1.5983397770922425,0,0,low_frequency_random,1
1.4099999999999999,-1.6262739240169173,0,0,low_frequency_random,1
1.415,-1.6406346747318634,0,0,low_frequency_random,1
1.4199999999999999,-1.5936702021029572,0,0,low_frequency_random,1
1.425,-1.6582427808442119,0,0,low_frequency_random,1
1.4299999999999999,-1.6149886706592467,0,0,low_frequency_random,1
1.4350000000000001,-1.5910297770106596,0,0,low_frequency_random,1
1.4399999999999999,-1.6369543864322278,0,0,low_frequency_random,1
1.4450000000000001,-1.7398803510727896,0,0,low_frequency_random,1
1.45,-1.7492061007758859,0,0,low_frequency_random,1
1.4550000000000001,-1.8103409593738757,0,0,low_frequency_random,1
1.46,-1.7213988935323166,0,0,low_frequency_random,1
1.4650000000000001,-1.7013153083812211,0,0,low_frequency_random,1
1.47,-1.6304192926002978,0,0,low_frequency_random,1
1.4750000000000001,-1.6115446560048874,0,0,low_frequency_random,1
1.48,-1.582527424979757,0,0,low_frequency_random,1
1.4850000000000001,-1.6371181758752147,0,0,low_frequency_random,1
1.49,-1.5756425523325195,0,0,low_frequency_random,1
1.4950000000000001,-1.4253643375180984,0,0,low_frequency_random,1
1.5,-1.4429684990001572,0,0,low_frequency_random,1
1.5050000000000001,-1.4830753175179876,0,0,low_frequency_random,1
1.51,-1.4882738830145903,0,0,low_frequency_random,1
1.5150000000000001,-1.5192574529204181,0,0,low_frequency_random,1
1.52,-1.5676584646399545,0,0,low_frequency_random,1
1.5250000000000001,-1.5488118251457266,0,0,low_frequency_random,1
1.53,-1.5643024341126044,0,0,low_frequency_random,1
1.5350000000000001,-1.4416777317525322,0,0,low_frequency_random,1
1.54,-1.4344712428762589,0,0,low_frequency_random,1
1.5449999999999999,-1.4014684771288257,0,0,low_frequency_random,1
1.55,-1.3185068827905451,0,0,low_frequency_random,1
1.5549999999999999,-1.3359312444350702,0,0,low_frequency_random,1
1.5600000000000001,-1.2146160859139583,0,0,low_frequency_random,1
1.5649999999999999,-1.2590474242992526,0,0,low_frequency_random,1
1.5700000000000001,-1.3172727859822311,0,0,low_frequency_random,1
1.575,-1.3399311210400733,0,0,low_frequency_random,1
1.5800000000000001,-1.3424026822997843,0,0,low_frequency_random,1
1.585,-1.4475331963656388,0,0,low_frequency_random,1
1.5900000000000001,-1.4431141728038805,0,0,low_frequency_random,1
1.595,-1.5689827345017944,0,0,low_frequency_random,1
1.6000000000000001,-1.4500641769150797,0,0,low_frequency_random,1
1.605,-1.4492955420812659,0,0,low_frequency_random,1
1.6100000000000001,-1.493295643921523,0,0,low_frequency_random,1
1.615,-1.5583335605721436,0,0,low_frequency_random,1
1.6200000000000001,-1.5812390512952212,0,0,low_frequency_random,1
1.625,-1.5911544230167978,0,0,low_frequency_random,1
1.6300000000000001,-1.6665709168409308,0,0,low_frequency_random,1
1.635,-1.7316588908770922,0,0,low_frequency_random,1
1.6400000000000001,-1.7379588494043059,0,0,low_frequency_random,1
1.645,-1.7708495032228273,0,0,low_frequency_random,1
1.6500000000000001,-1.687067758052917,0,0,low_frequency_random,1
1.655,-1.5878509432392138,0,0,low_frequency_random,1
1.6600000000000001,-1.5786530049081189,0,0,low_frequency_random,1
1.665,-1.5329859973111741,0,0,low_frequency_random,1
1.6699999999999999,-1.6318887854624535,0,0,low_frequency_random,1
1.675,-1.5728835077842458,0,0,low_frequency_random,1
1.6799999999999999,-1.567479292152862,0,0,low_frequency_random,1
1.6850000000000001,-1.5209847233127873,0,0,low_frequency_random,1
1.6899999999999999,-1.38568969524055,0,0,low_frequency_random,1
1.6950000000000001,-1.560791936942757,0,0,low_frequency_random,1
1.7,-1.5321836814274037,0,0,low_frequency_random,1
1.7050000000000001,-1.6122520419565272,0,0,low_frequency_random,1
1.71,-1.5569533589976463,0,0,low_frequency_random,1
1.7150000000000001,-1.6539909804244251,0,0,low_frequency_random,1
1.72,-1.6852747575485618,0,0,low_frequency_random,1
1.7250000000000001,-1.6606911765737347,0,0,low_frequency_random,1
1.73,-1.6034501404926138,0,0,low_frequency_random,1
1.7350000000000001,-1.5894843001068433,0,0,low_frequency_random,1
1.74,-1.6448249528696313,0,0,low_frequency_random,1
1.7450000000000001,-1.6807934554593338,0,0,low_frequency_random,1
1.75,-1.6018267644150637,0,0,low_frequency_random,1
1.7550000000000001,-1.5942764917176842,0,0,low_frequency_random,1
1.76,-1.7206940939486426,0,0,low_frequency_random,1
1.7650000000000001,-1.6447874612327065,0,0,low_frequency_random,1
1.77,-1.6033672476880616,0,0,low_frequency_random,1
1.7750000000000001,-1.5256714962894831,0,0,low_frequency_random,1
1.78,-1.5449251898247496,0,0,low_frequency_random,1
1.7850000000000001,-1.4711326085761205,0,0,low_frequency_random,1
1.79,-1.5484687261446017,0,0,low_frequency_random,1
1.7949999999999999,-1.4952594841023494,0,0,low_frequency_random,1
1.8,-1.5269343990403459,0,0,low_frequency_random,1
1.8049999999999999,-1.4655052353422262,0,0,low_frequency_random,1
1.8100000000000001,-1.3779451786071528,0,0,low_frequency_random,1
1.8149999999999999,-1.4298049686908609,0,0,low_frequency_random,1
1.8200000000000001,-1.4267619204367419,0,0,low_frequency_random,1
1.825,-1.4165373202735121,0,0,low_frequency_random,1
1.8300000000000001,-1.3145365634996755,0,0,low_frequency_random,1
1.835,-1.2512774537236733,0,0,low_frequency_random,1
1.8400000000000001,-1.3423355366706302,0,0,low_frequency_random,1
1.845,-1.2991232806621238,0,0,low_frequency_random,1
1.8500000000000001,-1.2331854473714285,0,0,low_frequency_random,1
1.855,-1.0575543152051488,0,0,low_frequency_random,1
1.8600000000000001,-1.186276537571318,0,0,low_frequency_random,1
1.865,-1.2231610953369529,0,0,low_frequency_random,1
1.8700000000000001,-1.1106569783750044,0,0,low_frequency_random,1
1.875,-1.2132527271810143,0,0,low_frequency_random,1
1.8800000000000001,-1.3029190575832592,0,0,low_frequency_random,1
1.885,-1.2551573473538715,0,0,low_frequency_random,1
1.8900000000000001,-1.1676277891282254,0,0,low_frequency_random,1
1.895,-1.2151652023267179,0,0,low_frequency_random,1
1.9000000000000001,-1.1660021675310996,0,0,low_frequency_random,1
1.905,-1.1508536283003057,0,0,low_frequency_random,1
1.9100000000000001,-1.0239169171043661,0,0,low_frequency_random,1
1.915,-1.0189312822958358,0,0,low_frequency_random,1
1.9199999999999999,-0.93482719384428636,0,0,low_frequency_random,1
1.925,-1.0022339046722979,0,0,low_frequency_random,1
1.9299999999999999,-1.0119886513234462,0,0,low_frequency_random,1
1.9350000000000001,-1.0146583925115427,0,0,low_frequency_random,1
1.9399999999999999,-0.91869647454010162,0,0,low_frequency_random,1
1.9450000000000001,-0.86786109506041909,0,0,low_frequency_random,1
1.95,-0.92352283242931121,0,0,low_frequency_random,1
1.9550000000000001,-0.86449543181740607,0,0,low_frequency_random,1
1.96,-0.79868704638921362,0,0,low_frequency_random,1
1.9650000000000001,-0.80361295321725312,0,0,low_frequency_random,1
1.97,-0.82016647683002586,0,0,low_frequency_random,1
1.9750000000000001,-0.83154145907644961,0,0,low_frequency_random,1
1.98,-0.96265522793369807,0,0,low_frequency_random,1
1.9850000000000001,-0.94279219438067619,0,0,low_frequency_random,1
1.99,-0.91937058234753555,0,0,low_frequency_random,1
1.9950000000000001,-0.98385473873093121,0,0,low_frequency_random,1
2,-0.91970022312101851,0,0,low_frequency_random,1
2.0049999999999999,-1.0246765318128257,0,0,low_frequency_random,1
2.0100000000000002,-1.0636008290143011,0,0,low_frequency_random,1
2.0150000000000001,-1.0962187771656968,0,0,low_frequency_random,1
2.02,-0.93214725172423041,0,0,low_frequency_random,1
2.0249999999999999,-1.0551137014870491,0,0,low_frequency_random,1
2.0300000000000002,-1.0049531715033222,0,0,low_frequency_random,1
2.0350000000000001,-0.92475911713528625,0,0,low_frequency_random,1
2.04,-0.8900042046366039,0,0,low_frequency_random,1
2.0449999999999999,-0.79125652450582185,0,0,low_frequency_random,1
2.0499999999999998,-0.86732900073995711,0,0,low_frequency_random,1
2.0550000000000002,-1.0449687644506405,0,0,low_frequency_random,1
2.0600000000000001,-0.97856457442640088,0,0,low_frequency_random,1
2.0649999999999999,-1.06911154830606,0,0,low_frequency_random,1
2.0699999999999998,-1.0898261781580778,0,0,low_frequency_random,1
2.0750000000000002,-1.1784630484625132,0,0,low_frequency_random,1
2.0800000000000001,-1.088608121484298,0,0,low_frequency_random,1
2.085,-1.0141393171458217,0,0,low_frequency_random,1
2.0899999999999999,-1.0665426559971953,0,0,low_frequency_random,1
2.0950000000000002,-0.9891242272177948,0,0,low_frequency_random,1
2.1000000000000001,-0.97451297380333446,0,0,low_frequency_random,1
2.105,-0.98077585673981404,0,0,low_frequency_random,1
2.1099999999999999,-0.97130234322826559,0,0,low_frequency_random,1
2.1150000000000002,-0.98263743584956509,0,0,low_frequency_random,1
2.1200000000000001,-0.92865883527186455,0,0,low_frequency_random,1
2.125,-0.89926126476895574,0,0,low_frequency_random,1
2.1299999999999999,-0.92266380417825822,0,0,low_frequency_random,1
2.1350000000000002,-0.83776237209567195,0,0,low_frequency_random,1
2.1400000000000001,-0.88238002329116294,0,0,low_frequency_random,1
2.145,-0.85508171047170656,0,0,low_frequency_random,1
2.1499999999999999,-0.81712879838832397,0,0,low_frequency_random,1
2.1550000000000002,-0.69504393288278177,0,0,low_frequency_random,1
2.1600000000000001,-0.73191181788578996,0,0,low_frequency_random,1
2.165,-0.58916268805327243,0,0,low_frequency_random,1
2.1699999999999999,-0.57216619045616124,0,0,low_frequency_random,1
2.1750000000000003,-0.58479193784870287,0,0,low_frequency_random,1
2.1800000000000002,-0.63553888119277668,0,0,low_frequency_random,1
2.1850000000000001,-0.58558265903552376,0,0,low_frequency_random,1
2.1899999999999999,-0.57875700047354339,0,0,low_frequency_random,1
2.1949999999999998,-0.66393891646053249,0,0,low_frequency_random,1
2.2000000000000002,-0.75063337321417001,0,0,low_frequency_random,1
2.2050000000000001,-0.79122023754859749,0,0,low_frequency_random,1
2.21,-0.84121957050669982,0,0,low_frequency_random,1
2.2149999999999999,-0.75001738592347245,0,0,low_frequency_random,1
2.2200000000000002,-0.63650813014512064,0,0,low_frequency_random,1
2.2250000000000001,-0.56402211325977936,0,0,low_frequency_random,1
2.23,-0.53265095492101544,0,0,low_frequency_random,1
2.2349999999999999,-0.56416793435154,0,0,low_frequency_random,1
2.2400000000000002,-0.5570063521413815,0,0,low_frequency_random,1
2.2450000000000001,-0.48362828421360693,0,0,low_frequency_random,1
2.25,-0.3111637072572645,0,0,low_frequency_random,1
2.2549999999999999,-0.2367620354050215,0,0,low_frequency_random,1
2.2600000000000002,-0.25795818560510297,0,0,low_frequency_random,1
2.2650000000000001,-0.2536371969204208,0,0,low_frequency_random,1
2.27,-0.29087945999430215,0,0,low_frequency_random,1
2.2749999999999999,-0.35186442450686611,0,0,low_frequency_random,1
2.2800000000000002,-0.36481208179775265,0,0,low_frequency_random,1
2.2850000000000001,-0.34738244012706065,0,0,low_frequency_random,1
2.29,-0.19914415254914708,0,0,low_frequency_random,1
2.2949999999999999,-0.19399870419466061,0,0,low_frequency_random,1
2.3000000000000003,-0.084713392520369385,0,0,low_frequency_random,1
2.3050000000000002,0.056755481311552267,0,0,low_frequency_random,1
2.3100000000000001,0.062761313001717778,0,0,low_frequency_random,1
2.3149999999999999,0.19075130979143312,0,0,low_frequency_random,1
2.3199999999999998,0.24685207639282913,0,0,low_frequency_random,1
2.3250000000000002,0.21230140627534697,0,0,low_frequency_random,1
2.3300000000000001,0.23240402490318748,0,0,low_frequency_random,1
2.335,0.23307056439140514,0,0,low_frequency_random,1
2.3399999999999999,0.21336736884944624,0,0,low_frequency_random,1
2.3450000000000002,0.19644036956329966,0,0,low_frequency_random,1
2.3500000000000001,0.2069685815470278,0,0,low_frequency_random,1
2.355,0.24058415708832459,0,0,low_frequency_random,1
2.3599999999999999,0.16877029681293279,0,0,low_frequency_random,1
2.3650000000000002,0.16717941211295986,0,0,low_frequency_random,1
2.3700000000000001,0.044861037201116546,0,0,low_frequency_random,1
2.375,0.065448881189171554,0,0,low_frequency_random,1
2.3799999999999999,0.11488595114357175,0,0,low_frequency_random,1
2.3850000000000002,0.12739661938504379,0,0,low_frequency_random,1
2.3900000000000001,0.14957242654521219,0,0,low_frequency_random,1
2.395,0.19590413606099444,0,0,low_frequency_random,1
2.3999999999999999,0.14185173602751475,0,0,low_frequency_random,1
2.4050000000000002,0.12206804911397159,0,0,low_frequency_random,1
2.4100000000000001,0.1622310238408152,0,0,low_frequency_random,1
2.415,0.24137279169209941,0,0,low_frequency_random,1
2.4199999999999999,0.27168383200259438,0,0,low_frequency_random,1
2.4250000000000003,0.47404804723905158,0,0,low_frequency_random,1
2.4300000000000002,0.46439311106955844,0,0,low_frequency_random,1
2.4350000000000001,0.54185025892891658,0,0,low_frequency_random,1
2.4399999999999999,0.6402331652247768,0,0,low_frequency_random,1
2.4449999999999998,0.626365099599688,0,0,low_frequency_random,1
2.4500000000000002,0.55776382126456903,0,0,low_frequency_random,1
2.4550000000000001,0.46060975697087003,0,0,low_frequency_random,1
2.46,0.47126222832439679,0,0,low_frequency_random,1
2.4649999999999999,0.55751355805560032,0,0,low_frequency_random,1
2.4700000000000002,0.57641219883865813,0,0,low_frequency_random,1
2.4750000000000001,0.58733131773331304,0,0,low_frequency_random,1
2.48,0.55414056493187924,0,0,low_frequency_random,1
2.4849999999999999,0.59614718342315909,0,0,low_frequency_random,1
2.4900000000000002,0.42273368044022985,0,0,low_frequency_random,1
2.4950000000000001,0.43916876954989664,0,0,low_frequency_random,1
2.5,0.43922289737790465,0,0,low_frequency_random,1
2.5049999999999999,0.32767854224297638,0,0,low_frequency_random,1
2.5100000000000002,0.4996578581829848,0,0,low_frequency_random,1
2.5150000000000001,0.38644965111803781,0,0,low_frequency_random,1
2.52,0.29853564149950124,0,0,low_frequency_random,1
2.5249999999999999,0.20121731318316982,0,0,low_frequency_random,1
2.5300000000000002,0.28882155018725086,0,0,low_frequency_random,1
2.5350000000000001,0.21651150529467272,0,0,low_frequency_random,1
2.54,0.26879070960092255,0,0,low_frequency_random,1
2.5449999999999999,0.31433366494427556,0,0,low_frequency_random,1
2.5500000000000003,0.33348772608545563,0,0,low_frequency_random,1
2.5550000000000002,0.22747910835319463,0,0,low_frequency_random,1
2.5600000000000001,0.17749820794144797,0,0,low_frequency_random,1
2.5649999999999999,0.31012820263148433,0,0,low_frequency_random,1
2.5699999999999998,0.20557869368869508,0,0,low_frequency_random,1
2.5750000000000002,0.13818695383529467,0,0,low_frequency_random,1
2.5800000000000001,0.1245504035084422,0,0,low_frequency_random,1
2.585,0.18848695010209834,0,0,low_frequency_random,1
2.5899999999999999,0.20762777961938544,0,0,low_frequency_random,1
2.5950000000000002,0.2658076643819216,0,0,low_frequency_random,1
2.6000000000000001,0.17931141929430452,0,0,low_frequency_random,1
2.605,0.25381066512115813,0,0,low_frequency_random,1
2.6099999999999999,0.29795351545082421,0,0,low_frequency_random,1
2.6150000000000002,0.16922055118764645,0,0,low_frequency_random,1
2.6200000000000001,0.29126251422893296,0,0,low_frequency_random,1
2.625,0.47274413935540671,0,0,low_frequency_random,1
2.6299999999999999,0.40905352526279593,0,0,low_frequency_random,1
2.6350000000000002,0.41145448021418268,0,0,low_frequency_random,1
2.6400000000000001,0.5209172459518101,0,0,low_frequency_random,1
2.645,0.4001155737817757,0,0,low_frequency_random,1
2.6499999999999999,0.2393283077042746,0,0,low_frequency_random,1
2.6550000000000002,0.13463797225458307,0,0,low_frequency_random,1
2.6600000000000001,0.088714297091494781,0,0,low_frequency_random,1
2.665,0.042111903515992199,0,0,low_frequency_random,1
2.6699999999999999,0.090368426675756064,0,0,low_frequency_random,1
2.6750000000000003,0.11134702647254201,0,0,low_frequency_random,1
2.6800000000000002,0.011354196719670487,0,0,low_frequency_random,1
2.6850000000000001,0.056574725094468287,0,0,low_frequency_random,1
2.6899999999999999,0.20584502823926001,0,0,low_frequency_random,1
2.6949999999999998,0.30034380137291972,0,0,low_frequency_random,1
2.7000000000000002,0.37793661708204335,0,0,low_frequency_random,1
2.7050000000000001,0.37766185743137759,0,0,low_frequency_random,1
2.71,0.4542724555842621,0,0,low_frequency_random,1
2.7149999999999999,0.37490896127410173,0,0,low_frequency_random,1
2.7200000000000002,0.43297037551563655,0,0,low_frequency_random,1
2.7250000000000001,0.42384846658516706,0,0,low_frequency_random,1
2.73,0.51198125873436995,0,0,low_frequency_random,1
2.7349999999999999,0.54661557742397893,0,0,low_frequency_random,1
2.7400000000000002,0.45691646052197804,0,0,low_frequency_random,1
2.7450000000000001,0.46485147110559422,0,0,low_frequency_random,1
2.75,0.55974759484384851,0,0,low_frequency_random,1
2.7549999999999999,0.46684250823026707,0,0,low_frequency_random,1
2.7600000000000002,0.41989452660172205,0,0,low_frequency_random,1
2.7650000000000001,0.35645986804354934,0,0,low_frequency_random,1
2.77,0.23532884873508242,0,0,low_frequency_random,1
2.7749999999999999,0.31086474950028964,0,0,low_frequency_random,1
2.7800000000000002,0.41393243530258123,0,0,low_frequency_random,1
2.7850000000000001,0.47571171944369389,0,0,low_frequency_random,1
2.79,0.49269630943610271,0,0,low_frequency_random,1
2.7949999999999999,0.48608685022554832,0,0,low_frequency_random,1
2.8000000000000003,0.50276512952009556,0,0,low_frequency_random,1
2.8050000000000002,0.44187911143330816,0,0,low_frequency_random,1
2.8100000000000001,0.51100448096438456,0,0,low_frequency_random,1
2.8149999999999999,0.59188655791029043,0,0,low_frequency_random,1
2.8199999999999998,0.66335187337825796,0,0,low_frequency_random,1
2.8250000000000002,0.61767350343630589,0,0,low_frequency_random,1
2.8300000000000001,0.62084954309267015,0,0,low_frequency_random,1
2.835,0.60452366475188757,0,0,low_frequency_random,1
2.8399999999999999,0.74423760259807592,0,0,low_frequency_random,1
2.8450000000000002,0.75486553374418064,0,0,low_frequency_random,1
2.8500000000000001,0.60091058583105816,0,0,low_frequency_random,1
2.855,0.62971444851243608,0,0,low_frequency_random,1
2.8599999999999999,0.77677936437615314,0,0,low_frequency_random,1
2.8650000000000002,0.82758246835030913,0,0,low_frequency_random,1
2.8700000000000001,0.89363773033213501,0,0,low_frequency_random,1
2.875,0.89205839765545603,0,0,low_frequency_random,1
2.8799999999999999,0.73029153665671154,0,0,low_frequency_random,1
2.8850000000000002,0.58218987050491078,0,0,low_frequency_random,1
2.8900000000000001,0.47985903562099219,0,0,low_frequency_random,1
2.895,0.4673444793729839,0,0,low_frequency_random,1
2.8999999999999999,0.48975159805043639,0,0,low_frequency_random,1
2.9050000000000002,0.54232448793096166,0,0,low_frequency_random,1
2.9100000000000001,0.51245093980549838,0,0,low_frequency_random,1
2.915,0.58625843302479286,0,0,low_frequency_random,1
2.9199999999999999,0.56101038958559102,0,0,low_frequency_random,1
2.9250000000000003,0.501993782172243,0,0,low_frequency_random,1
2.9300000000000002,0.56745144095003985,0,0,low_frequency_random,1
2.9350000000000001,0.49164817498160496,0,0,low_frequency_random,1
2.9399999999999999,0.27141395658456835,0,0,low_frequency_random,1
2.9449999999999998,0.18547528347776146,0,0,low_frequency_random,1
2.9500000000000002,0.19206419254766291,0,0,low_frequency_random,1
2.9550000000000001,-0.054693198265570286,0,0,low_frequency_random,1
2.96,-0.082920179470805003,0,0,low_frequency_random,1
2.9649999999999999,-0.10900756214328984,0,0,low_frequency_random,1
2.9700000000000002,-0.22229566444878954,0,0,low_frequency_random,1
2.9750000000000001,-0.33949135345610748,0,0,low_frequency_random,1
2.98,-0.3747027891289193,0,0,low_frequency_random,1
2.9849999999999999,-0.41649277232527804,0,0,low_frequency_random,1
2.9900000000000002,-0.31387348472829613,0,0,low_frequency_random,1
2.9950000000000001,-0.2823938072318482,0,0,low_frequency_random,1
3,-0.40713828449658407,0,0,low_frequency_random,1
3.0049999999999999,-0.47330921669538112,0,0,low_frequency_random,1
3.0100000000000002,-0.41467798989574028,0,0,low_frequency_random,1
3.0150000000000001,-0.26131003982332429,0,0,low_frequency_random,1
3.02,-0.22916393016159706,0,0,low_frequency_random,1
3.0249999999999999,-0.20322597995822472,0,0,low_frequency_random,1
3.0300000000000002,-0.053723565361838421,0,0,low_frequency_random,1
3.0350000000000001,-0.055264808626751323,0,0,low_frequency_random,1
3.04,-0.079655559318014296,0,0,low_frequency_random,1
3.0449999999999999,-0.19203611635671913,0,0,low_frequency_random,1
3.0500000000000003,-0.23201722902882174,0,0,low_frequency_random,1
3.0550000000000002,-0.056997854975278706,0,0,low_frequency_random,1
3.0600000000000001,-0.170169131612849,0,0,low_frequency_random,1
3.0649999999999999,-0.1684273066682454,0,0,low_frequency_random,1
3.0700000000000003,-0.27997238664616686,0,0,low_frequency_random,1
3.0750000000000002,-0.26832360039641207,0,0,low_frequency_random,1
3.0800000000000001,-0.19615071472203138,0,0,low_frequency_random,1
3.085,-0.2146157260405134,0,0,low_frequency_random,1
3.0899999999999999,-0.15526330961601306,0,0,low_frequency_random,1
3.0950000000000002,-0.096965293451524548,0,0,low_frequency_random,1
3.1000000000000001,-0.060808910726259928,0,0,low_frequency_random,1
3.105,0.076451679366504322,0,0,low_frequency_random,1
3.1099999999999999,0.13822193586336182,0,0,low_frequency_random,1
3.1150000000000002,0.11319665082860209,0,0,low_frequency_random,1
3.1200000000000001,0.058302077756174825,0,0,low_frequency_random,1
3.125,-0.0094445032838316664,0,0,low_frequency_random,1
3.1299999999999999,0.028577020877092997,0,0,low_frequency_random,1
3.1350000000000002,0.0026013569317090285,0,0,low_frequency_random,1
3.1400000000000001,0.22037704777150061,0,0,low_frequency_random,1
3.145,0.36630599812484854,0,0,low_frequency_random,1
3.1499999999999999,0.34735993492568179,0,0,low_frequency_random,1
3.1550000000000002,0.31936265900786392,0,0,low_frequency_random,1
3.1600000000000001,0.45264662324066035,0,0,low_frequency_random,1
3.165,0.30009614468331514,0,0,low_frequency_random,1
3.1699999999999999,0.26256544652059904,0,0,low_frequency_random,1
3.1750000000000003,0.33712669613738333,0,0,low_frequency_random,1
3.1800000000000002,0.26265950409514427,0,0,low_frequency_random,1
3.1850000000000001,0.22329825411890653,0,0,low_frequency_random,1
3.1899999999999999,0.1941633382862982,0,0,low_frequency_random,1
3.1950000000000003,0.24592773754212166,0,0,low_frequency_random,1
3.2000000000000002,0.25567587045992801,0,0,low_frequency_random,1
3.2050000000000001,0.28648742436246488,0,0,low_frequency_random,1
3.21,0.33256245130529366,0,0,low_frequency_random,1
3.2149999999999999,0.33329287222378201,0,0,low_frequency_random,1
3.2200000000000002,0.42025421175145194,0,0,low_frequency_random,1
3.2250000000000001,0.35998696393398599,0,0,low_frequency_random,1
3.23,0.24358842862263219,0,0,low_frequency_random,1
3.2349999999999999,0.1005784169884977,0,0,low_frequency_random,1
3.2400000000000002,-0.029280474728924102,0,0,low_frequency_random,1
3.2450000000000001,-0.073065822007720604,0,0,low_frequency_random,1
3.25,0.0094967659248327424,0,0,low_frequency_random,1
3.2549999999999999,0.023347980306211456,0,0,low_frequency_random,1
3.2600000000000002,-0.024532736693035562,0,0,low_frequency_random,1
3.2650000000000001,-0.10978530058620532,0,0,low_frequency_random,1
3.27,-0.15144303913020468,0,0,low_frequency_random,1
3.2749999999999999,-0.18290045931836735,0,0,low_frequency_random,1
3.2800000000000002,-0.22708340597088328,0,0,low_frequency_random,1
3.2850000000000001,-0.34026845555298535,0,0,low_frequency_random,1
3.29,-0.37654102163260295,0,0,low_frequency_random,1
3.2949999999999999,-0.29349512883704243,0,0,low_frequency_random,1
3.3000000000000003,-0.46556601404385789,0,0,low_frequency_random,1
3.3050000000000002,-0.48244466602609326,0,0,low_frequency_random,1
3.3100000000000001,-0.64932294450230243,0,0,low_frequency_random,1
3.3149999999999999,-0.63147715732625354,0,0,low_frequency_random,1
3.3200000000000003,-0.6879776162464698,0,0,low_frequency_random,1
3.3250000000000002,-0.85098505721866868,0,0,low_frequency_random,1
3.3300000000000001,-0.83870467488601097,0,0,low_frequency_random,1
3.335,-0.6894919145377445,0,0,low_frequency_random,1
3.3399999999999999,-0.67736346960251792,0,0,low_frequency_random,1
3.3450000000000002,-0.58127366144346604,0,0,low_frequency_random,1
3.3500000000000001,-0.58408062800420957,0,0,low_frequency_random,1
3.355,-0.75334415945538469,0,0,low_frequency_random,1
3.3599999999999999,-0.71044605317132892,0,0,low_frequency_random,1
3.3650000000000002,-0.74028155140418128,0,0,low_frequency_random,1
3.3700000000000001,-0.85326436728082689,0,0,low_frequency_random,1
3.375,-0.78637840039051066,0,0,low_frequency_random,1
3.3799999999999999,-0.75956496868802625,0,0,low_frequency_random,1
3.3850000000000002,-0.79770453052415802,0,0,low_frequency_random,1
3.3900000000000001,-0.72445366127934485,0,0,low_frequency_random,1
3.395,-0.79043213941853296,0,0,low_frequency_random,1
3.3999999999999999,-0.7351436743498474,0,0,low_frequency_random,1
3.4050000000000002,-0.80652626669466021,0,0,low_frequency_random,1
3.4100000000000001,-0.7598938880259325,0,0,low_frequency_random,1
3.415,-0.84394404538084888,0,0,low_frequency_random,1
3.4199999999999999,-0.72089701872785339,0,0,low_frequency_random,1
3.4250000000000003,-0.69700768554305537,0,0,low_frequency_random,1
3.4300000000000002,-0.57918731481556596,0,0,low_frequency_random,1
3.4350000000000001,-0.64193013721003145,0,0,low_frequency_random,1
3.4399999999999999,-0.67672166473541173,0,0,low_frequency_random,1
3.4450000000000003,-0.6063409010941827,0,0,low_frequency_random,1
3.4500000000000002,-0.82226653317126641,0,0,low_frequency_random,1
3.4550000000000001,-0.90329581575894036,0,0,low_frequency_random,1
3.46,-0.81634265844523313,0,0,low_frequency_random,1
3.4649999999999999,-0.77515521489838846,0,0,low_frequency_random,1
3.4700000000000002,-0.69318291140074195,0,0,low_frequency_random,1
3.4750000000000001,-0.71444469486986262,0,0,low_frequency_random,1
3.48,-0.66587400178896339,0,0,low_frequency_random,1
3.4849999999999999,-0.72087461817546028,0,0,low_frequency_random,1
3.4900000000000002,-0.826762249147728,0,0,low_frequency_random,1
3.4950000000000001,-0.95788409923647166,0,0,low_frequency_random,1
3.5,-0.99713328566330628,0,0,low_frequency_random,1
3.5049999999999999,-1.035965816545747,0,0,low_frequency_random,1
3.5100000000000002,-1.0810234936559253,0,0,low_frequency_random,1
3.5150000000000001,-1.358827979626918,0,0,low_frequency_random,1
3.52,-1.511540195591621,0,0,low_frequency_random,1
3.5249999999999999,-1.5465056516503219,0,0,low_frequency_random,1
3.5300000000000002,-1.5158883762407243,0,0,low_frequency_random,1
3.5350000000000001,-1.5545157437036516,0,0,low_frequency_random,1
3.54,-1.6167393255009863,0,0,low_frequency_random,1
3.5449999999999999,-1.7928929368832163,0,0,low_frequency_random,1
3.5500000000000003,-1.6226343817157252,0,0,low_frequency_random,1
3.5550000000000002,-1.7024105971846357,0,0,low_frequency_random,1
3.5600000000000001,-1.5595840368558958,0,0,low_frequency_random,1
3.5649999999999999,-1.4272621935337924,0,0,low_frequency_random,1
3.5700000000000003,-1.3982840402210575,0,0,low_frequency_random,1
3.5750000000000002,-1.4370045382296799,0,0,low_frequency_random,1
3.5800000000000001,-1.4192865937994441,0,0,low_frequency_random,1
3.585,-1.5042211016239573,0,0,low_frequency_random,1
3.5899999999999999,-1.4759123949955268,0,0,low_frequency_random,1
3.5950000000000002,-1.4683156685890928,0,0,low_frequency_random,1
3.6000000000000001,-1.4185411245366937,0,0,low_frequency_random,1
3.605,-1.3356208652182757,0,0,low_frequency_random,1
3.6099999999999999,-1.1906781961325674,0,0,low_frequency_random,1
3.6150000000000002,-1.2157274290047986,0,0,low_frequency_random,1
3.6200000000000001,-1.1264011333256487,0,0,low_frequency_random,1
3.625,-1.1839587461380612,0,0,low_frequency_random,1
3.6299999999999999,-1.2494403822457929,0,0,low_frequency_random,1
3.6350000000000002,-1.292529933017978,0,0,low_frequency_random,1
3.6400000000000001,-1.3644446809542856,0,0,low_frequency_random,1
3.645,-1.2794139842830141,0,0,low_frequency_random,1
3.6499999999999999,-1.1993578534585694,0,0,low_frequency_random,1
3.6550000000000002,-1.0918450244597104,0,0,low_frequency_random,1
3.6600000000000001,-1.0884184014831366,0,0,low_frequency_random,1
3.665,-1.0610941265365428,0,0,low_frequency_random,1
3.6699999999999999,-1.1019606126403334,0,0,low_frequency_random,1
3.6750000000000003,-1.1883117475829794,0,0,low_frequency_random,1
3.6800000000000002,-1.1467127836254285,0,0,low_frequency_random,1
3.6850000000000001,-1.1195772438194396,0,0,low_frequency_random,1
3.6899999999999999,-1.2023334481364989,0,0,low_frequency_random,1
3.6950000000000003,-1.149627010685089,0,0,low_frequency_random,1
3.7000000000000002,-1.2828837886204405,0,0,low_frequency_random,1
3.7050000000000001,-1.2907695325354136,0,0,low_frequency_random,1
3.71,-1.3346310990735109,0,0,low_frequency_random,1
3.7149999999999999,-1.370211060952689,0,0,low_frequency_random,1
3.7200000000000002,-1.4498374844070538,0,0,low_frequency_random,1
3.7250000000000001,-1.3665969650098035,0,0,low_frequency_random,1
3.73,-1.314618131431655,0,0,low_frequency_random,1
3.7349999999999999,-1.2136240165029799,0,0,low_frequency_random,1
3.7400000000000002,-1.1971572987541019,0,0,low_frequency_random,1
3.7450000000000001,-1.2947716734670593,0,0,low_frequency_random,1
3.75,-1.3185584516175959,0,0,low_frequency_random,1
3.7549999999999999,-1.4070657304951673,0,0,low_frequency_random,1
3.7600000000000002,-1.3643935208359492,0,0,low_frequency_random,1
3.7650000000000001,-1.2619313479109262,0,0,low_frequency_random,1
3.77,-1.2304132943007728,0,0,low_frequency_random,1
3.7749999999999999,-1.2731560061544889,0,0,low_frequency_random,1
3.7800000000000002,-1.2973957779373264,0,0,low_frequency_random,1
3.7850000000000001,-1.2757270000514727,0,0,low_frequency_random,1
3.79,-1.3859014126701117,0,0,low_frequency_random,1
3.7949999999999999,-1.3682478935052238,0,0,low_frequency_random,1
3.8000000000000003,-1.3467805216974644,0,0,low_frequency_random,1
3.8050000000000002,-1.3847710403844162,0,0,low_frequency_random,1
3.8100000000000001,-1.4125006608944024,0,0,low_frequency_random,1
3.8149999999999999,-1.3931789179337741,0,0,low_frequency_random,1
3.8200000000000003,-1.4531262078669702,0,0,low_frequency_random,1
3.8250000000000002,-1.512947991298623,0,0,low_frequency_random,1
3.8300000000000001,-1.4447561405518088,0,0,low_frequency_random,1
3.835,-1.4213213212093248,0,0,low_frequency_random,1
3.8399999999999999,-1.2818704061265522,0,0,low_frequency_random,1
3.8450000000000002,-1.355914114479742,0,0,low_frequency_random,1
3.8500000000000001,-1.4928692886216148,0,0,low_frequency_random,1
3.855,-1.4121046347744848,0,0,low_frequency_random,1
3.8599999999999999,-1.3305166202632517,0,0,low_frequency_random,1
3.8650000000000002,-1.3847031874559943,0,0,low_frequency_random,1
3.8700000000000001,-1.4969275622174829,0,0,low_frequency_random,1
3.875,-1.4952224440658004,0,0,low_frequency_random,1
3.8799999999999999,-1.6296425807573309,0,0,low_frequency_random,1
3.8850000000000002,-1.6509582367856004,0,0,low_frequency_random,1
3.8900000000000001,-1.8191557616216709,0,0,low_frequency_random,1
3.895,-1.8314648678183718,0,0,low_frequency_random,1
3.8999999999999999,-1.994009045296721,0,0,low_frequency_random,1
3.9050000000000002,-2.0055173957366796,0,0,low_frequency_random,1
3.9100000000000001,-1.8770502197876973,0,0,low_frequency_random,1
3.915,-1.8916839968781849,0,0,low_frequency_random,1
3.9199999999999999,-1.8235768388596743,0,0,low_frequency_random,1
3.9250000000000003,-1.8685127173564453,0,0,low_frequency_random,1
3.9300000000000002,-1.9332868041088516,0,0,low_frequency_random,1
3.9350000000000001,-2.0461443888522188,0,0,low_frequency_random,1
3.9399999999999999,-1.9559545687995568,0,0,low_frequency_random,1
3.9450000000000003,-1.9539382275375423,0,0,low_frequency_random,1
3.9500000000000002,-1.8179232638913152,0,0,low_frequency_random,1
3.9550000000000001,-1.9061983583968163,0,0,low_frequency_random,1
3.96,-1.9178456383031219,0,0,low_frequency_random,1
3.9650000000000003,-1.9053926225348641,0,0,low_frequency_random,1
3.9700000000000002,-1.7867087664181005,0,0,low_frequency_random,1
3.9750000000000001,-1.6359973948183204,0,0,low_frequency_random,1
3.98,-1.6832666626836839,0,0,low_frequency_random,1
3.9849999999999999,-1.7690584823929763,0,0,low_frequency_random,1
3.9900000000000002,-1.9025868777179415,0,0,low_frequency_random,1
3.9950000000000001,-1.7902570410499599,0,0,low_frequency_random,1
4,-1.7921804930114034,0,0,low_frequency_random,1
4.0049999999999999,-1.8389009034294717,0,0,low_frequency_random,1
4.0099999999999998,-1.8378243016438887,0,0,low_frequency_random,1
4.0149999999999997,-2.0368500962298763,0,0,low_frequency_random,1
4.0200000000000005,-2.1684673185977221,0,0,low_frequency_random,1
4.0250000000000004,-2.0871242525346037,0,0,low_frequency_random,1
4.0300000000000002,-2.0492607359681307,0,0,low_frequency_random,1
4.0350000000000001,-2.0312132210538802,0,0,low_frequency_random,1
4.04,-2.1051671566800176,0,0,low_frequency_random,1
4.0449999999999999,-2.0519468340569853,0,0,low_frequency_random,1
4.0499999999999998,-1.9039847434992934,0,0,low_frequency_random,1
4.0549999999999997,-1.9964151166022925,0,0,low_frequency_random,1
4.0600000000000005,-1.989503388209366,0,0,low_frequency_random,1
4.0650000000000004,-2.0185379632929683,0,0,low_frequency_random,1
4.0700000000000003,-1.9839229108049308,0,0,low_frequency_random,1
4.0750000000000002,-1.9771742024466232,0,0,low_frequency_random,1
4.0800000000000001,-1.9833225608597045,0,0,low_frequency_random,1
4.085,-2.0481091523298462,0,0,low_frequency_random,1
4.0899999999999999,-2.0434470975514878,0,0,low_frequency_random,1
4.0949999999999998,-2.0865852751956906,0,0,low_frequency_random,1
4.0999999999999996,-2.0921701181051677,0,0,low_frequency_random,1
4.1050000000000004,-2.0911130244312881,0,0,low_frequency_random,1
4.1100000000000003,-2.0327797224949404,0,0,low_frequency_random,1
4.1150000000000002,-2.0734195791256886,0,0,low_frequency_random,1
4.1200000000000001,-2.0931966450895905,0,0,low_frequency_random,1
4.125,-2.0015226009897207,0,0,low_frequency_random,1
4.1299999999999999,-2.0132717888810658,0,0,low_frequency_random,1
4.1349999999999998,-2.0284446301938068,0,0,low_frequency_random,1
4.1399999999999997,-1.9536678255243947,0,0,low_frequency_random,1
4.1450000000000005,-1.926485386122176,0,0,low_frequency_random,1
4.1500000000000004,-1.9139050232936907,0,0,low_frequency_random,1
4.1550000000000002,-1.8910969133060569,0,0,low_frequency_random,1
4.1600000000000001,-1.984848586462143,0,0,low_frequency_random,1
4.165,-1.9423742918183324,0,0,low_frequency_random,1
4.1699999999999999,-1.8310370518855401,0,0,low_frequency_random,1
4.1749999999999998,-1.7796171637588267,0,0,low_frequency_random,1
4.1799999999999997,-1.8989148838170609,0,0,low_frequency_random,1
4.1850000000000005,-1.870670136691156,0,0,low_frequency_random,1
4.1900000000000004,-1.9373679753250606,0,0,low_frequency_random,1
4.1950000000000003,-1.9495179280614658,0,0,low_frequency_random,1
4.2000000000000002,-1.9330986362577582,0,0,low_frequency_random,1
4.2050000000000001,-2.0221728169569348,0,0,low_frequency_random,1
4.21,-1.9089766362603768,0,0,low_frequency_random,1
4.2149999999999999,-1.9083662223815556,0,0,low_frequency_random,1
4.2199999999999998,-1.8389654640213489,0,0,low_frequency_random,1
4.2249999999999996,-1.7824336458733083,0,0,low_frequency_random,1
4.2300000000000004,-1.6695353163548052,0,0,low_frequency_random,1
4.2350000000000003,-1.5692968787739576,0,0,low_frequency_random,1
4.2400000000000002,-1.6822207906616691,0,0,low_frequency_random,1
4.2450000000000001,-1.6734467674076352,0,0,low_frequency_random,1
4.25,-1.8384592808760161,0,0,low_frequency_random,1
4.2549999999999999,-1.8678955313664809,0,0,low_frequency_random,1
4.2599999999999998,-1.8044409509350379,0,0,low_frequency_random,1
4.2649999999999997,-1.7253528258445809,0,0,low_frequency_random,1
4.2700000000000005,-1.616691759615503,0,0,low_frequency_random,1
4.2750000000000004,-1.6414885035843887,0,0,low_frequency_random,1
4.2800000000000002,-1.6104814928714142,0,0,low_frequency_random,1
4.2850000000000001,-1.5973680006846007,0,0,low_frequency_random,1
4.29,-1.4909523736985593,0,0,low_frequency_random,1
4.2949999999999999,-1.3594026313845169,0,0,low_frequency_random,1
4.2999999999999998,-1.3838671026040281,0,0,low_frequency_random,1
4.3049999999999997,-1.0775830054083384,0,0,low_frequency_random,1
4.3100000000000005,-1.0750846033292392,0,0,low_frequency_random,1
4.3150000000000004,-1.1015540594318758,0,0,low_frequency_random,1
4.3200000000000003,-1.0507461644621419,0,0,low_frequency_random,1
4.3250000000000002,-0.98747529123323241,0,0,low_frequency_random,1
4.3300000000000001,-0.94140400562410753,0,0,low_frequency_random,1
4.335,-0.99094721168639666,0,0,low_frequency_random,1
4.3399999999999999,-0.87078892363971683,0,0,low_frequency_random,1
4.3449999999999998,-0.86438509068165481,0,0,low_frequency_random,1
4.3500000000000005,-0.73953780433555627,0,0,low_frequency_random,1
4.3550000000000004,-0.62679713905219681,0,0,low_frequency_random,1
4.3600000000000003,-0.72732016295883284,0,0,low_frequency_random,1
4.3650000000000002,-0.80383724387837052,0,0,low_frequency_random,1
4.3700000000000001,-0.88156231942046515,0,0,low_frequency_random,1
4.375,-0.85904462520033698,0,0,low_frequency_random,1
4.3799999999999999,-0.85219740192133719,0,0,low_frequency_random,1
4.3849999999999998,-0.82819044253071528,0,0,low_frequency_random,1
4.3899999999999997,-0.890510494497885,0,0,low_frequency_random,1
4.3950000000000005,-0.85357852568684511,0,0,low_frequency_random,1
4.4000000000000004,-0.73878936090761615,0,0,low_frequency_random,1
4.4050000000000002,-0.8431220549793228,0,0,low_frequency_random,1
4.4100000000000001,-0.85597791557795666,0,0,low_frequency_random,1
4.415,-0.83327435259586968,0,0,low_frequency_random,1
4.4199999999999999,-0.8408530767740745,0,0,low_frequency_random,1
4.4249999999999998,-0.8537467637356122,0,0,low_frequency_random,1
4.4299999999999997,-0.70965728900455927,0,0,low_frequency_random,1
4.4350000000000005,-0.60500534447401266,0,0,low_frequency_random,1
4.4400000000000004,-0.53548260452489105,0,0,low_frequency_random,1
4.4450000000000003,-0.59483272239943896,0,0,low_frequency_random,1
4.4500000000000002,-0.41426163961919094,0,0,low_frequency_random,1
4.4550000000000001,-0.38459232467651294,0,0,low_frequency_random,1
4.46,-0.42999388939664462,0,0,low_frequency_random,1
4.4649999999999999,-0.45596913959134538,0,0,low_frequency_random,1
4.4699999999999998,-0.49394061765098807,0,0,low_frequency_random,1
4.4750000000000005,-0.32337457794630092,0,0,low_frequency_random,1
4.4800000000000004,-0.3065049403093531,0,0,low_frequency_random,1
4.4850000000000003,-0.30104050932410659,0,0,low_frequency_random,1
4.4900000000000002,-0.47243561523602096,0,0,low_frequency_random,1
4.4950000000000001,-0.41231897350746816,0,0,low_frequency_random,1
4.5,-0.49576834721094376,0,0,low_frequency_random,1
4.5049999999999999,-0.58450410715494783,0,0,low_frequency_random,1
4.5099999999999998,-0.53374392701962736,0,0,low_frequency_random,1
4.5149999999999997,-0.60101963237237821,0,0,low_frequency_random,1
4.5200000000000005,-0.53235946306575421,0,0,low_frequency_random,1
4.5250000000000004,-0.44121417940196328,0,0,low_frequency_random,1
4.5300000000000002,-0.58284547902950556,0,0,low_frequency_random,1
4.5350000000000001,-0.59183756789397457,0,0,low_frequency_random,1
4.54,-0.71551449981214099,0,0,low_frequency_random,1
4.5449999999999999,-0.71792561936071841,0,0,low_frequency_random,1
4.5499999999999998,-0.64258857760681198,0,0,low_frequency_random,1
4.5549999999999997,-0.7492550503231854,0,0,low_frequency_random,1
4.5600000000000005,-0.60274242790649057,0,0,low_frequency_random,1
4.5650000000000004,-0.62564273545288984,0,0,low_frequency_random,1
4.5700000000000003,-0.71808873797395878,0,0,low_frequency_random,1
4.5750000000000002,-0.725624838101804,0,0,low_frequency_random,1
4.5800000000000001,-0.66001882267983303,0,0,low_frequency_random,1
4.585,-0.76788362161077173,0,0,low_frequency_random,1
4.5899999999999999,-0.76519221570526741,0,0,low_frequency_random,1
4.5949999999999998,-0.87228341903126694,0,0,low_frequency_random,1
4.6000000000000005,-0.7731662087718133,0,0,low_frequency_random,1
4.6050000000000004,-0.75830771200904146,0,0,low_frequency_random,1
4.6100000000000003,-0.78985207206690378,0,0,low_frequency_random,1
4.6150000000000002,-0.70471682444969175,0,0,low_frequency_random,1
4.6200000000000001,-0.80547015674600997,0,0,low_frequency_random,1
4.625,-0.83430563498844623,0,0,low_frequency_random,1
4.6299999999999999,-0.68430777630190986,0,0,low_frequency_random,1
4.6349999999999998,-0.69231153371170084,0,0,low_frequency_random,1
4.6399999999999997,-0.58212069676775102,0,0,low_frequency_random,1
4.6450000000000005,-0.5651935557310005,0,0,low_frequency_random,1
4.6500000000000004,-0.61980101244853325,0,0,low_frequency_random,1
4.6550000000000002,-0.63795431817681825,0,0,low_frequency_random,1
4.6600000000000001,-0.63022914753682246,0,0,low_frequency_random,1
4.665,-0.66140113996232563,0,0,low_frequency_random,1
4.6699999999999999,-0.72550993748134118,0,0,low_frequency_random,1
4.6749999999999998,-0.78592263131331053,0,0,low_frequency_random,1
4.6799999999999997,-0.90205999311281493,0,0,low_frequency_random,1
4.6850000000000005,-0.89045047211586148,0,0,low_frequency_random,1
4.6900000000000004,-0.85631712563350182,0,0,low_frequency_random,1
4.6950000000000003,-0.79400739138069243,0,0,low_frequency_random,1
4.7000000000000002,-0.93588940575762503,0,0,low_frequency_random,1
4.7050000000000001,-0.86866866757284289,0,0,low_frequency_random,1
4.71,-0.86745684539456958,0,0,low_frequency_random,1
4.7149999999999999,-0.9788901428053921,0,0,low_frequency_random,1
4.7199999999999998,-0.96795623432609468,0,0,low_frequency_random,1
4.7250000000000005,-0.89987913678299758,0,0,low_frequency_random,1
4.7300000000000004,-0.85545718831963957,0,0,low_frequency_random,1
4.7350000000000003,-0.79506477161614675,0,0,low_frequency_random,1
4.7400000000000002,-0.71741689745681381,0,0,low_frequency_random,1
4.7450000000000001,-0.64409661321217127,0,0,low_frequency_random,1
4.75,-0.64546870575166282,0,0,low_frequency_random,1
4.7549999999999999,-0.81016789515816967,0,0,low_frequency_random,1
4.7599999999999998,-0.86846977042843521,0,0,low_frequency_random,1
4.7649999999999997,-0.83743734832885486,0,0,low_frequency_random,1
4.7700000000000005,-0.87243246749880399,0,0,low_frequency_random,1
4.7750000000000004,-0.81506321577998453,0,0,low_frequency_random,1
4.7800000000000002,-0.74900766306509425,0,0,low_frequency_random,1
4.7850000000000001,-0.743088982595557,0,0,low_frequency_random,1
4.79,-0.59101890656362344,0,0,low_frequency_random,1
4.7949999999999999,-0.66751513038929311,0,0,low_frequency_random,1
4.7999999999999998,-0.59148305080743868,0,0,low_frequency_random,1
4.8049999999999997,-0.6278415847965706,0,0,low_frequency_random,1
4.8100000000000005,-0.68858775672265327,0,0,low_frequency_random,1
4.8150000000000004,-0.63976171576707608,0,0,low_frequency_random,1
4.8200000000000003,-0.68729313413449689,0,0,low_frequency_random,1
4.8250000000000002,-0.61688963540656694,0,0,low_frequency_random,1
4.8300000000000001,-0.70847961530258763,0,0,low_frequency_random,1
4.835,-0.70370245405846832,0,0,low_frequency_random,1
4.8399999999999999,-0.76905489024190554,0,0,low_frequency_random,1
4.8449999999999998,-0.78552666800587889,0,0,low_frequency_random,1
4.8500000000000005,-0.81284362531186205,0,0,low_frequency_random,1
4.8550000000000004,-0.90039798503345181,0,0,low_frequency_random,1
4.8600000000000003,-0.84513184925805851,0,0,low_frequency_random,1
4.8650000000000002,-0.94180389714163737,0,0,low_frequency_random,1
4.8700000000000001,-1.0168343937148863,0,0,low_frequency_random,1
4.875,-0.94211700465794046,0,0,low_frequency_random,1
4.8799999999999999,-0.86122949927143799,0,0,low_frequency_random,1
4.8849999999999998,-0.8051080960550121,0,0,low_frequency_random,1
4.8899999999999997,-0.77539362953141544,0,0,low_frequency_random,1
4.8950000000000005,-0.5911556491193064,0,0,low_frequency_random,1
4.9000000000000004,-0.68615471058604749,0,0,low_frequency_random,1
4.9050000000000002,-0.74345967316419459,0,0,low_frequency_random,1
4.9100000000000001,-0.82045201414044611,0,0,low_frequency_random,1
4.915,-0.74601921109489699,0,0,low_frequency_random,1
4.9199999999999999,-0.72067171824073506,0,0,low_frequency_random,1
4.9249999999999998,-0.62977682047908623,0,0,low_frequency_random,1
4.9299999999999997,-0.55036556373156875,0,0,low_frequency_random,1
4.9350000000000005,-0.56690237618786976,0,0,low_frequency_random,1
4.9400000000000004,-0.63073994049579851,0,0,low_frequency_random,1
4.9450000000000003,-0.7080688387078139,0,0,low_frequency_random,1
4.9500000000000002,-0.52932165496070249,0,0,low_frequency_random,1
4.9550000000000001,-0.4507257531027784,0,0,low_frequency_random,1
4.96,-0.40239045441962018,0,0,low_frequency_random,1
4.9649999999999999,-0.42865924034522285,0,0,low_frequency_random,1
4.9699999999999998,-0.44355055627420648,0,0,low_frequency_random,1
4.9750000000000005,-0.46999404047713372,0,0,low_frequency_random,1
4.9800000000000004,-0.49468510568869822,0,0,low_frequency_random,1
4.9850000000000003,-0.68521510924357121,0,0,low_frequency_random,1
4.9900000000000002,-0.68787832977809238,0,0,low_frequency_random,1
4.9950000000000001,-0.71613895412522877,0,0,low_frequency_random,1
5,-0.69062556720040713,0,0,low_frequency_random,1
5.0049999999999999,-0.67163277961149137,0,0,low_frequency_random,1
5.0099999999999998,-0.60135295233872132,0,0,low_frequency_random,1
5.0149999999999997,-0.60056011605818327,0,0,low_frequency_random,1
5.0200000000000005,-0.5351264274348384,0,0,low_frequency_random,1
5.0250000000000004,-0.7379788978516324,0,0,low_frequency_random,1
5.0300000000000002,-0.8233297082611859,0,0,low_frequency_random,1
5.0350000000000001,-0.68264948697166905,0,0,low_frequency_random,1
5.04,-0.77768007968529229,0,0,low_frequency_random,1
5.0449999999999999,-0.79720722670184352,0,0,low_frequency_random,1
5.0499999999999998,-0.73796108881797196,0,0,low_frequency_random,1
5.0549999999999997,-0.80583908979850727,0,0,low_frequency_random,1
5.0600000000000005,-0.7452913711407736,0,0,low_frequency_random,1
5.0650000000000004,-0.85666687934918351,0,0,low_frequency_random,1
5.0700000000000003,-1.0062100308495836,0,0,low_frequency_random,1
5.0750000000000002,-1.1083995899594301,0,0,low_frequency_random,1
5.0800000000000001,-1.2359679374821781,0,0,low_frequency_random,1
5.085,-1.2323459130402004,0,0,low_frequency_random,1
5.0899999999999999,-1.2526884590260972,0,0,low_frequency_random,1
5.0949999999999998,-1.2213611667215731,0,0,low_frequency_random,1
5.1000000000000005,-1.2990516180027616,0,0,low_frequency_random,1
5.1050000000000004,-1.0907766807177313,0,0,low_frequency_random,1
5.1100000000000003,-1.094084197033959,0,0,low_frequency_random,1
5.1150000000000002,-1.0934088618830287,0,0,low_frequency_random,1
5.1200000000000001,-1.0527107998357219,0,0,low_frequency_random,1
5.125,-1.0680169503328278,0,0,low_frequency_random,1
5.1299999999999999,-1.1142030206943987,0,0,low_frequency_random,1
5.1349999999999998,-1.1029163563149176,0,0,low_frequency_random,1
5.1399999999999997,-1.0252139107223386,0,0,low_frequency_random,1
5.1450000000000005,-0.96808999149458508,0,0,low_frequency_random,1
5.1500000000000004,-0.88920042415904677,0,0,low_frequency_random,1
5.1550000000000002,-0.93087265864120006,0,0,low_frequency_random,1
5.1600000000000001,-0.98913671645177637,0,0,low_frequency_random,1
5.165,-0.82530741566185395,0,0,low_frequency_random,1
5.1699999999999999,-0.84129208581372883,0,0,low_frequency_random,1
5.1749999999999998,-0.79993356935533577,0,0,low_frequency_random,1
5.1799999999999997,-0.73801501927719848,0,0,low_frequency_random,1
5.1850000000000005,-0.62193508032868228,0,0,low_frequency_random,1
5.1900000000000004,-0.72761934636751513,0,0,low_frequency_random,1
5.1950000000000003,-0.76325765895262787,0,0,low_frequency_random,1
5.2000000000000002,-0.79498548649834877,0,0,low_frequency_random,1
5.2050000000000001,-0.81600444896656965,0,0,low_frequency_random,1
5.21,-1.0053895805818851,0,0,low_frequency_random,1
5.2149999999999999,-1.0089613922665706,0,0,low_frequency_random,1
5.2199999999999998,-1.2357632117006427,0,0,low_frequency_random,1
5.2250000000000005,-1.2066896443740784,0,0,low_frequency_random,1
5.2300000000000004,-1.1586285877952496,0,0,low_frequency_random,1
5.2350000000000003,-1.1059733564753431,0,0,low_frequency_random,1
5.2400000000000002,-1.1974213136478826,0,0,low_frequency_random,1
5.2450000000000001,-1.1160339408462228,0,0,low_frequency_random,1
5.25,-1.1802058620051563,0,0,low_frequency_random,1
5.2549999999999999,-1.2730188820545332,0,0,low_frequency_random,1
5.2599999999999998,-1.3456584377707035,0,0,low_frequency_random,1
5.2649999999999997,-1.4073389481442347,0,0,low_frequency_random,1
5.2700000000000005,-1.3872716946506762,0,0,low_frequency_random,1
5.2750000000000004,-1.315234654529607,0,0,low_frequency_random,1
5.2800000000000002,-1.4770582446249225,0,0,low_frequency_random,1
5.2850000000000001,-1.5135239220242154,0,0,low_frequency_random,1
5.29,-1.4346358802675501,0,0,low_frequency_random,1
5.2949999999999999,-1.4118241659058148,0,0,low_frequency_random,1
5.2999999999999998,-1.3647409462436835,0,0,low_frequency_random,1
5.3049999999999997,-1.4780076417573049,0,0,low_frequency_random,1
5.3100000000000005,-1.3949264076073804,0,0,low_frequency_random,1
5.3150000000000004,-1.5131715809969397,0,0,low_frequency_random,1
5.3200000000000003,-1.4904568243443705,0,0,low_frequency_random,1
5.3250000000000002,-1.3743942337869566,0,0,low_frequency_random,1
5.3300000000000001,-1.2175664709493432,0,0,low_frequency_random,1
5.335,-1.1706730033266262,0,0,low_frequency_random,1
5.3399999999999999,-1.0945325385271993,0,0,low_frequency_random,1
5.3449999999999998,-1.1374590513835539,0,0,low_frequency_random,1
5.3500000000000005,-1.1702053927508818,0,0,low_frequency_random,1
5.3550000000000004,-1.0710484974393235,0,0,low_frequency_random,1
5.3600000000000003,-1.0655784307830729,0,0,low_frequency_random,1
5.3650000000000002,-1.0704235322997637,0,0,low_frequency_random,1
5.3700000000000001,-1.1776478959066135,0,0,low_frequency_random,1
5.375,-1.1597571298338605,0,0,low_frequency_random,1
5.3799999999999999,-1.1024326484256539,0,0,low_frequency_random,1
5.3849999999999998,-1.1603092971852882,0,0,low_frequency_random,1
5.3899999999999997,-1.194987411220743,0,0,low_frequency_random,1
5.3950000000000005,-1.0629062927434507,0,0,low_frequency_random,1
5.4000000000000004,-1.0433793126238167,0,0,low_frequency_random,1
5.4050000000000002,-1.0612053295770427,0,0,low_frequency_random,1
5.4100000000000001,-1.1466442455372134,0,0,low_frequency_random,1
5.415,-1.1903679979713502,0,0,low_frequency_random,1
5.4199999999999999,-1.2043808176552437,0,0,low_frequency_random,1
5.4249999999999998,-1.0891169711252284,0,0,low_frequency_random,1
5.4299999999999997,-1.1324027084767316,0,0,low_frequency_random,1
5.4350000000000005,-0.98356608564247761,0,0,low_frequency_random,1
5.4400000000000004,-1.0527702034911057,0,0,low_frequency_random,1
5.4450000000000003,-1.0760550659922441,0,0,low_frequency_random,1
5.4500000000000002,-1.0033730849076141,0,0,low_frequency_random,1
5.4550000000000001,-1.0175363962049786,0,0,low_frequency_random,1
5.46,-1.0787166686644443,0,0,low_frequency_random,1
5.4649999999999999,-1.0838577059229606,0,0,low_frequency_random,1
5.4699999999999998,-1.0426444994034683,0,0,low_frequency_random,1
5.4750000000000005,-1.1743605924311098,0,0,low_frequency_random,1
5.4800000000000004,-1.1883367483334555,0,0,low_frequency_random,1
5.4850000000000003,-1.1911350021949498,0,0,low_frequency_random,1
5.4900000000000002,-1.2174134308054139,0,0,low_frequency_random,1
5.4950000000000001,-1.1526598359518534,0,0,low_frequency_random,1
5.5,-1.1922816207054328,0,0,low_frequency_random,1
5.5049999999999999,-1.2154235278847865,0,0,low_frequency_random,1
5.5099999999999998,-1.2063576836173175,0,0,low_frequency_random,1
5.5149999999999997,-1.1421784886107436,0,0,low_frequency_random,1
5.5200000000000005,-1.1541307185344296,0,0,low_frequency_random,1
5.5250000000000004,-1.0273493743747195,0,0,low_frequency_random,1
5.5300000000000002,-1.0946617459847905,0,0,low_frequency_random,1
5.5350000000000001,-0.98653771718899996,0,0,low_frequency_random,1
5.54,-1.0500718564660425,0,0,low_frequency_random,1
5.5449999999999999,-1.0578473743369767,0,0,low_frequency_random,1
5.5499999999999998,-1.0235203014955432,0,0,low_frequency_random,1
5.5549999999999997,-0.8544383968661895,0,0,low_frequency_random,1
5.5600000000000005,-0.7786895683787145,0,0,low_frequency_random,1
5.5650000000000004,-0.80719386220476286,0,0,low_frequency_random,1
5.5700000000000003,-0.69949772010868616,0,0,low_frequency_random,1
5.5750000000000002,-0.71306270099578173,0,0,low_frequency_random,1
5.5800000000000001,-0.77266399454535017,0,0,low_frequency_random,1
5.585,-0.73300509171907846,0,0,low_frequency_random,1
5.5899999999999999,-0.72181040059532897,0,0,low_frequency_random,1
5.5949999999999998,-0.64210738333021711,0,0,low_frequency_random,1
5.6000000000000005,-0.68277420956872281,0,0,low_frequency_random,1
5.6050000000000004,-0.64892472115684474,0,0,low_frequency_random,1
5.6100000000000003,-0.59505089484808094,0,0,low_frequency_random,1
5.6150000000000002,-0.56989491479774046,0,0,low_frequency_random,1
5.6200000000000001,-0.56936544997146943,0,0,low_frequency_random,1
5.625,-0.6221959644340197,0,0,low_frequency_random,1
5.6299999999999999,-0.54697298016599549,0,0,low_frequency_random,1
5.6349999999999998,-0.53329436883024095,0,0,low_frequency_random,1
5.6399999999999997,-0.49102928857959616,0,0,low_frequency_random,1
5.6450000000000005,-0.51657251934508253,0,0,low_frequency_random,1
5.6500000000000004,-0.51295776482172228,0,0,low_frequency_random,1
5.6550000000000002,-0.59317060256520815,0,0,low_frequency_random,1
5.6600000000000001,-0.58338719770864311,0,0,low_frequency_random,1
5.665,-0.51941343973383192,0,0,low_frequency_random,1
5.6699999999999999,-0.50940195147724299,0,0,low_frequency_random,1
5.6749999999999998,-0.43828139482180017,0,0,low_frequency_random,1
5.6799999999999997,-0.4111250705882642,0,0,low_frequency_random,1
5.6850000000000005,-0.30023824924663406,0,0,low_frequency_random,1
5.6900000000000004,-0.31390684444585337,0,0,low_frequency_random,1
5.6950000000000003,-0.44310460134611535,0,0,low_frequency_random,1
5.7000000000000002,-0.40638186731263504,0,0,low_frequency_random,1
5.7050000000000001,-0.41753721915214914,0,0,low_frequency_random,1
5.71,-0.49320376083726447,0,0,low_frequency_random,1
5.7149999999999999,-0.43877265030163359,0,0,low_frequency_random,1
5.7199999999999998,-0.41549068729393546,0,0,low_frequency_random,1
5.7250000000000005,-0.37788021313170833,0,0,low_frequency_random,1
5.7300000000000004,-0.40251926686129041,0,0,low_frequency_random,1
5.7350000000000003,-0.38478724795553704,0,0,low_frequency_random,1
5.7400000000000002,-0.36257175201055136,0,0,low_frequency_random,1
5.7450000000000001,-0.21914520201954157,0,0,low_frequency_random,1
5.75,-0.27263248452467714,0,0,low_frequency_random,1
5.7549999999999999,-0.27211016582607123,0,0,low_frequency_random,1
5.7599999999999998,-0.24171684631192128,0,0,low_frequency_random,1
5.7649999999999997,-0.37814999279828304,0,0,low_frequency_random,1
5.7700000000000005,-0.50418150446441357,0,0,low_frequency_random,1
5.7750000000000004,-0.32883368165600507,0,0,low_frequency_random,1
5.7800000000000002,-0.46821044452512506,0,0,low_frequency_random,1
5.7850000000000001,-0.41999565025248953,0,0,low_frequency_random,1
5.79,-0.48558965350951783,0,0,low_frequency_random,1
5.7949999999999999,-0.54406825871528497,0,0,low_frequency_random,1
5.7999999999999998,-0.69956101912959767,0,0,low_frequency_random,1
5.8049999999999997,-0.76795125680765708,0,0,low_frequency_random,1
5.8100000000000005,-0.70152734408340545,0,0,low_frequency_random,1
5.8150000000000004,-0.80885071833886224,0,0,low_frequency_random,1
5.8200000000000003,-0.7573012457770596,0,0,low_frequency_random,1
5.8250000000000002,-0.72852289931318948,0,0,low_frequency_random,1
5.8300000000000001,-0.56382801300670171,0,0,low_frequency_random,1
5.835,-0.59888388643011581,0,0,low_frequency_random,1
5.8399999999999999,-0.49507597462324654,0,0,low_frequency_random,1
5.8449999999999998,-0.42167466054301306,0,0,low_frequency_random,1
5.8500000000000005,-0.44244780836783781,0,0,low_frequency_random,1
5.8550000000000004,-0.57294567049467748,0,0,low_frequency_random,1
5.8600000000000003,-0.44963412175949419,0,0,low_frequency_random,1
5.8650000000000002,-0.55627036455142231,0,0,low_frequency_random,1
5.8700000000000001,-0.59127474451411322,0,0,low_frequency_random,1
5.875,-0.51784789409214815,0,0,low_frequency_random,1
5.8799999999999999,-0.42621139827085458,0,0,low_frequency_random,1
5.8849999999999998,-0.49155265814870186,0,0,low_frequency_random,1
5.8899999999999997,-0.49165477688702786,0,0,low_frequency_random,1
5.8950000000000005,-0.50983730571400387,0,0,low_frequency_random,1
5.9000000000000004,-0.41300561563352761,0,0,low_frequency_random,1
5.9050000000000002,-0.21107495623882008,0,0,low_frequency_random,1
5.9100000000000001,-0.35604794548958402,0,0,low_frequency_random,1
5.915,-0.28114121946556475,0,0,low_frequency_random,1
5.9199999999999999,-0.50782260598284745,0,0,low_frequency_random,1
5.9249999999999998,-0.50416732781813622,0,0,low_frequency_random,1
5.9299999999999997,-0.59013424909273948,0,0,low_frequency_random,1
5.9350000000000005,-0.42824297411452295,0,0,low_frequency_random,1
5.9400000000000004,-0.41283082559576084,0,0,low_frequency_random,1
5.9450000000000003,-0.46956651527832233,0,0,low_frequency_random,1
5.9500000000000002,-0.50706991605401019,0,0,low_frequency_random,1
5.9550000000000001,-0.55044973465729297,0,0,low_frequency_random,1
5.96,-0.53267701044340021,0,0,low_frequency_random,1
5.9649999999999999,-0.54264058650299618,0,0,low_frequency_random,1
5.9699999999999998,-0.48759421360701538,0,0,low_frequency_random,1
5.9750000000000005,-0.36224885216968972,0,0,low_frequency_random,1
5.9800000000000004,-0.3044691553217318,0,0,low_frequency_random,1
5.9850000000000003,-0.40078616235035591,0,0,low_frequency_random,1
5.9900000000000002,-0.52836769175633247,0,0,low_frequency_random,1
5.9950000000000001,-0.58601523933362432,0,0,low_frequency_random,1
6,-0.49904545985997051,0,0,low_frequency_random,1
6.0049999999999999,-0.52329344230183816,0,0,low_frequency_random,1
6.0099999999999998,-0.57395609407090176,0,0,low_frequency_random,1
6.0150000000000006,-0.56005847046492641,0,0,low_frequency_random,1
6.0200000000000005,-0.67022472688630774,0,0,low_frequency_random,1
6.0250000000000004,-0.75780079331317762,0,0,low_frequency_random,1
6.0300000000000002,-0.71329706484002042,0,0,low_frequency_random,1
6.0350000000000001,-0.73393125574610041,0,0,low_frequency_random,1
6.04,-0.76643919902122126,0,0,low_frequency_random,1
6.0449999999999999,-0.73726916039867907,0,0,low_frequency_random,1
6.0499999999999998,-0.78026498046561632,0,0,low_frequency_random,1
6.0549999999999997,-0.83113970368216517,0,0,low_frequency_random,1
6.0600000000000005,-0.86368741938695104,0,0,low_frequency_random,1
6.0650000000000004,-0.81129038668494746,0,0,low_frequency_random,1
6.0700000000000003,-0.80247040324240071,0,0,low_frequency_random,1
6.0750000000000002,-0.89379744966933061,0,0,low_frequency_random,1
6.0800000000000001,-0.91352368415551954,0,0,low_frequency_random,1
6.085,-0.85723892675339541,0,0,low_frequency_random,1
6.0899999999999999,-0.70367664639341365,0,0,low_frequency_random,1
6.0949999999999998,-0.791327368316876,0,0,low_frequency_random,1
6.1000000000000005,-0.76036534929190358,0,0,low_frequency_random,1
6.1050000000000004,-0.77722123143125399,0,0,low_frequency_random,1
6.1100000000000003,-0.70746802985893587,0,0,low_frequency_random,1
6.1150000000000002,-0.66806484411577038,0,0,low_frequency_random,1
6.1200000000000001,-0.54725252707944583,0,0,low_frequency_random,1
6.125,-0.50307069559869111,0,0,low_frequency_random,1
6.1299999999999999,-0.54406188914293208,0,0,low_frequency_random,1
6.1349999999999998,-0.58432832884664276,0,0,low_frequency_random,1
6.1400000000000006,-0.54905091166676667,0,0,low_frequency_random,1
6.1450000000000005,-0.51479587799137638,0,0,low_frequency_random,1
6.1500000000000004,-0.32087193124159807,0,0,low_frequency_random,1
6.1550000000000002,-0.18549952735332509,0,0,low_frequency_random,1
6.1600000000000001,-0.27822638537872979,0,0,low_frequency_random,1
6.165,-0.24889064108143127,0,0,low_frequency_random,1
6.1699999999999999,-0.35386275871524037,0,0,low_frequency_random,1
6.1749999999999998,-0.48422156595332488,0,0,low_frequency_random,1
6.1799999999999997,-0.42247122055602548,0,0,low_frequency_random,1
6.1850000000000005,-0.37633445386566478,0,0,low_frequency_random,1
6.1900000000000004,-0.45733562002278011,0,0,low_frequency_random,1
6.1950000000000003,-0.32388776355843019,0,0,low_frequency_random,1
6.2000000000000002,-0.40028285368306277,0,0,low_frequency_random,1
6.2050000000000001,-0.49147164526147197,0,0,low_frequency_random,1
6.21,-0.43694121461838592,0,0,low_frequency_random,1
6.2149999999999999,-0.4171309733510089,0,0,low_frequency_random,1
6.2199999999999998,-0.42785912919748309,0,0,low_frequency_random,1
6.2250000000000005,-0.43107705425573356,0,0,low_frequency_random,1
6.2300000000000004,-0.41106765222503788,0,0,low_frequency_random,1
6.2350000000000003,-0.42015598469029286,0,0,low_frequency_random,1
6.2400000000000002,-0.4318264082324888,0,0,low_frequency_random,1
6.2450000000000001,-0.58097079759014192,0,0,low_frequency_random,1
6.25,-0.68516226896905108,0,0,low_frequency_random,1
6.2549999999999999,-0.63299097800352666,0,0,low_frequency_random,1
6.2599999999999998,-0.68603742640653465,0,0,low_frequency_random,1
6.2650000000000006,-0.63910915156713377,0,0,low_frequency_random,1
6.2700000000000005,-0.53733104821043587,0,0,low_frequency_random,1
6.2750000000000004,-0.56297632205222969,0,0,low_frequency_random,1
6.2800000000000002,-0.53758735965337556,0,0,low_frequency_random,1
6.2850000000000001,-0.36920244715627004,0,0,low_frequency_random,1
6.29,-0.31190488888968576,0,0,low_frequency_random,1
6.2949999999999999,-0.16336695877496765,0,0,low_frequency_random,1
6.2999999999999998,-0.040185641804229025,0,0,low_frequency_random,1
6.3049999999999997,0.020133254242022988,0,0,low_frequency_random,1
6.3100000000000005,0.011103670503413319,0,0,low_frequency_random,1
6.3150000000000004,-0.056143143541426618,0,0,low_frequency_random,1
6.3200000000000003,-0.14457709052215625,0,0,low_frequency_random,1
6.3250000000000002,-0.1050467579539166,0,0,low_frequency_random,1
6.3300000000000001,-0.067161606820118708,0,0,low_frequency_random,1
6.335,-0.080761561759894171,0,0,low_frequency_random,1
6.3399999999999999,-0.012650791581526183,0,0,low_frequency_random,1
6.3449999999999998,-0.060830008732910161,0,0,low_frequency_random,1
6.3500000000000005,0.02806932573477932,0,0,low_frequency_random,1
6.3550000000000004,0.03112190980319542,0,0,low_frequency_random,1
6.3600000000000003,0.028067812769805377,0,0,low_frequency_random,1
6.3650000000000002,0.027906014756935656,0,0,low_frequency_random,1
6.3700000000000001,0.019899208022134501,0,0,low_frequency_random,1
6.375,0.21836448574003289,0,0,low_frequency_random,1
6.3799999999999999,0.088675435497347105,0,0,low_frequency_random,1
6.3849999999999998,0.10237559764357751,0,0,low_frequency_random,1
6.3900000000000006,0.20114518873029008,0,0,low_frequency_random,1
6.3950000000000005,0.25739981302731085,0,0,low_frequency_random,1
6.4000000000000004,0.23200975908290339,0,0,low_frequency_random,1
6.4050000000000002,0.36971498727852325,0,0,low_frequency_random,1
6.4100000000000001,0.28260485149871178,0,0,low_frequency_random,1
6.415,0.17695237929558444,0,0,low_frequency_random,1
6.4199999999999999,0.22140209288536261,0,0,low_frequency_random,1
6.4249999999999998,0.10423055008088122,0,0,low_frequency_random,1
6.4299999999999997,-0.086050681570948542,0,0,low_frequency_random,1
6.4350000000000005,-0.015166780997202214,0,0,low_frequency_random,1
6.4400000000000004,0.045664935339686658,0,0,low_frequency_random,1
6.4450000000000003,0.10387397684975103,0,0,low_frequency_random,1
6.4500000000000002,0.064455503074439285,0,0,low_frequency_random,1
6.4550000000000001,0.078733207014656165,0,0,low_frequency_random,1
6.46,0.0013070609459565619,0,0,low_frequency_random,1
6.4649999999999999,0.13970248980353672,0,0,low_frequency_random,1
6.4699999999999998,0.20212978509845225,0,0,low_frequency_random,1
6.4750000000000005,0.26035400197460035,0,0,low_frequency_random,1
6.4800000000000004,0.10344588737189689,0,0,low_frequency_random,1
6.4850000000000003,0.16735298783843172,0,0,low_frequency_random,1
6.4900000000000002,0.28573790023916656,0,0,low_frequency_random,1
6.4950000000000001,0.38137099696748311,0,0,low_frequency_random,1
6.5,0.44244183029300166,0,0,low_frequency_random,1
6.5049999999999999,0.44015875997159742,0,0,low_frequency_random,1
6.5099999999999998,0.41068505556982188,0,0,low_frequency_random,1
6.5150000000000006,0.45664801213072148,0,0,low_frequency_random,1
6.5200000000000005,0.48491562450949172,0,0,low_frequency_random,1
6.5250000000000004,0.50135988360906358,0,0,low_frequency_random,1
6.5300000000000002,0.47418307731325471,0,0,low_frequency_random,1
6.5350000000000001,0.605983049751046,0,0,low_frequency_random,1
6.54,0.50976631609202161,0,0,low_frequency_random,1
6.5449999999999999,0.50541776659377857,0,0,low_frequency_random,1
6.5499999999999998,0.45659830993810352,0,0,low_frequency_random,1
6.5549999999999997,0.53667848097796833,0,0,low_frequency_random,1
6.5600000000000005,0.64815480531022496,0,0,low_frequency_random,1
6.5650000000000004,0.74420092682268368,0,0,low_frequency_random,1
6.5700000000000003,0.80077101660103867,0,0,low_frequency_random,1
6.5750000000000002,0.68484893322891471,0,0,low_frequency_random,1
6.5800000000000001,0.84751647086771309,0,0,low_frequency_random,1
6.585,0.88452202775022903,0,0,low_frequency_random,1
6.5899999999999999,0.8714550436562446,0,0,low_frequency_random,1
6.5949999999999998,0.86882440000848071,0,0,low_frequency_random,1
6.6000000000000005,0.83739735211579647,0,0,low_frequency_random,1
6.6050000000000004,0.86704666145375675,0,0,low_frequency_random,1
6.6100000000000003,0.88747376831901126,0,0,low_frequency_random,1
6.6150000000000002,0.85431134097249883,0,0,low_frequency_random,1
6.6200000000000001,0.64497203954511129,0,0,low_frequency_random,1
6.625,0.63895253092895088,0,0,low_frequency_random,1
6.6299999999999999,0.67381744957791923,0,0,low_frequency_random,1
6.6349999999999998,0.71244518395833079,0,0,low_frequency_random,1
6.6400000000000006,0.69664527786942565,0,0,low_frequency_random,1
6.6450000000000005,0.72934545225205494,0,0,low_frequency_random,1
6.6500000000000004,0.80776810590432613,0,0,low_frequency_random,1
6.6550000000000002,0.7662131774760107,0,0,low_frequency_random,1
6.6600000000000001,0.87940135116909679,0,0,low_frequency_random,1
6.665,0.71899287271819012,0,0,low_frequency_random,1
6.6699999999999999,0.61477468316481565,0,0,low_frequency_random,1
6.6749999999999998,0.53947753802212695,0,0,low_frequency_random,1
6.6799999999999997,0.34171742215833445,0,0,low_frequency_random,1
6.6850000000000005,0.26023162630308849,0,0,low_frequency_random,1
6.6900000000000004,0.35855431868357546,0,0,low_frequency_random,1
6.6950000000000003,0.45584055749441554,0,0,low_frequency_random,1
6.7000000000000002,0.46133628905988783,0,0,low_frequency_random,1
6.7050000000000001,0.59637203767442659,0,0,low_frequency_random,1
6.71,0.6125090389174036,0,0,low_frequency_random,1
6.7149999999999999,0.56972853609229868,0,0,low_frequency_random,1
6.7199999999999998,0.586169239089398,0,0,low_frequency_random,1
6.7250000000000005,0.57230135124699233,0,0,low_frequency_random,1
6.7300000000000004,0.62817478267697935,0,0,low_frequency_random,1
6.7350000000000003,0.50509768149270151,0,0,low_frequency_random,1
6.7400000000000002,0.58233222457330414,0,0,low_frequency_random,1
6.7450000000000001,0.54275740615504742,0,0,low_frequency_random,1
6.75,0.60830552486664113,0,0,low_frequency_random,1
6.7549999999999999,0.4822959391588314,0,0,low_frequency_random,1
6.7599999999999998,0.44643346299254238,0,0,low_frequency_random,1
6.7650000000000006,0.45043634426833717,0,0,low_frequency_random,1
6.7700000000000005,0.52012607846170134,0,0,low_frequency_random,1
6.7750000000000004,0.42037245295854153,0,0,low_frequency_random,1
6.7800000000000002,0.55133858195153584,0,0,low_frequency_random,1
6.7850000000000001,0.58710551541590317,0,0,low_frequency_random,1
6.79,0.54222021730826597,0,0,low_frequency_random,1
6.7949999999999999,0.63665709146970251,0,0,low_frequency_random,1
6.7999999999999998,0.64167813334821244,0,0,low_frequency_random,1
6.8049999999999997,0.73091033126789329,0,0,low_frequency_random,1
6.8100000000000005,0.91265306244828115,0,0,low_frequency_random,1
6.8150000000000004,0.9694300705869664,0,0,low_frequency_random,1
6.8200000000000003,0.92256577762482306,0,0,low_frequency_random,1
6.8250000000000002,0.88399283115626381,0,0,low_frequency_random,1
6.8300000000000001,0.9260719777256341,0,0,low_frequency_random,1
6.835,0.94442814653258222,0,0,low_frequency_random,1
6.8399999999999999,0.87324165383346086,0,0,low_frequency_random,1
6.8449999999999998,0.81557092560634281,0,0,low_frequency_random,1
6.8500000000000005,0.86463293157527799,0,0,low_frequency_random,1
6.8550000000000004,1.0475880631589947,0,0,low_frequency_random,1
6.8600000000000003,0.83245878452388711,0,0,low_frequency_random,1
6.8650000000000002,0.8860756879928654,0,0,low_frequency_random,1
6.8700000000000001,0.8648147140524467,0,0,low_frequency_random,1
6.875,0.92269506107683075,0,0,low_frequency_random,1
6.8799999999999999,0.98733762723935226,0,0,low_frequency_random,1
6.8849999999999998,0.9866297614486057,0,0,low_frequency_random,1
6.8900000000000006,0.90063381324386704,0,0,low_frequency_random,1
6.8950000000000005,0.78465656102624526,0,0,low_frequency_random,1
6.9000000000000004,0.63118283101408501,0,0,low_frequency_random,1
6.9050000000000002,0.72557848095746502,0,0,low_frequency_random,1
6.9100000000000001,0.7052253071538741,0,0,low_frequency_random,1
6.915,0.65859381408811646,0,0,low_frequency_random,1
6.9199999999999999,0.63314693920979825,0,0,low_frequency_random,1
6.9249999999999998,0.5230990244730539,0,0,low_frequency_random,1
6.9299999999999997,0.54479842738255346,0,0,low_frequency_random,1
6.9350000000000005,0.64731416191015545,0,0,low_frequency_random,1
6.9400000000000004,0.73493530104211813,0,0,low_frequency_random,1
6.9450000000000003,0.6063183786134384,0,0,low_frequency_random,1
6.9500000000000002,0.71210316869088974,0,0,low_frequency_random,1
6.9550000000000001,0.64756511716601062,0,0,low_frequency_random,1
6.96,0.49168098603452037,0,0,low_frequency_random,1
6.9649999999999999,0.39111632098782362,0,0,low_frequency_random,1
6.9699999999999998,0.31203739201065628,0,0,low_frequency_random,1
6.9750000000000005,0.30992665847561102,0,0,low_frequency_random,1
6.9800000000000004,0.22602882072791636,0,0,low_frequency_random,1
6.9850000000000003,0.10438328118517105,0,0,low_frequency_random,1
6.9900000000000002,0.082755933354125635,0,0,low_frequency_random,1
6.9950000000000001,0.2358715214750407,0,0,low_frequency_random,1
7,0.17864721473150713,0,0,low_frequency_random,1
7.0049999999999999,0.2148038317128784,0,0,low_frequency_random,1
7.0099999999999998,0.22011228352609791,0,0,low_frequency_random,1
7.0150000000000006,0.43112937839353493,0,0,low_frequency_random,1
7.0200000000000005,0.2774973207515361,0,0,low_frequency_random,1
7.0250000000000004,0.36352520826322465,0,0,low_frequency_random,1
7.0300000000000002,0.25945706294775128,0,0,low_frequency_random,1
7.0350000000000001,0.21088803170705159,0,0,low_frequency_random,1
7.04,0.20212098709644169,0,0,low_frequency_random,1
7.0449999999999999,0.45536390891798217,0,0,low_frequency_random,1
7.0499999999999998,0.39220463074421918,0,0,low_frequency_random,1
7.0549999999999997,0.23951476389465029,0,0,low_frequency_random,1
7.0600000000000005,0.34185033409149901,0,0,low_frequency_random,1
7.0650000000000004,0.27317395783472287,0,0,low_frequency_random,1
7.0700000000000003,0.25242395773385118,0,0,low_frequency_random,1
7.0750000000000002,0.2492464405190199,0,0,low_frequency_random,1
7.0800000000000001,0.25574306415157905,0,0,low_frequency_random,1
7.085,0.24089040697004088,0,0,low_frequency_random,1
7.0899999999999999,0.26105603604174138,0,0,low_frequency_random,1
7.0949999999999998,0.29066547104651946,0,0,low_frequency_random,1
7.1000000000000005,0.35735916712355509,0,0,low_frequency_random,1
7.1050000000000004,0.3214834488499691,0,0,low_frequency_random,1
7.1100000000000003,0.26013106651645074,0,0,low_frequency_random,1
7.1150000000000002,0.1739619026899803,0,0,low_frequency_random,1
7.1200000000000001,0.22039268090614017,0,0,low_frequency_random,1
7.125,0.21559885657570108,0,0,low_frequency_random,1
7.1299999999999999,0.25866950774896774,0,0,low_frequency_random,1
7.1349999999999998,0.30032767220618772,0,0,low_frequency_random,1
7.1400000000000006,0.43336346236994749,0,0,low_frequency_random,1
7.1450000000000005,0.44776104604140354,0,0,low_frequency_random,1
7.1500000000000004,0.50556737259776463,0,0,low_frequency_random,1
7.1550000000000002,0.4070786763408068,0,0,low_frequency_random,1
7.1600000000000001,0.31883983976113361,0,0,low_frequency_random,1
7.165,0.29237281761483025,0,0,low_frequency_random,1
7.1699999999999999,0.19382002536740617,0,0,low_frequency_random,1
7.1749999999999998,0.247883169637729,0,0,low_frequency_random,1
7.1799999999999997,0.14026868006066928,0,0,low_frequency_random,1
7.1850000000000005,0.14502608044559356,0,0,low_frequency_random,1
7.1900000000000004,-0.051854293415783625,0,0,low_frequency_random,1
7.1950000000000003,-0.13975755061132439,0,0,low_frequency_random,1
7.2000000000000002,-0.16611566780699122,0,0,low_frequency_random,1
7.2050000000000001,-0.1859586372407078,0,0,low_frequency_random,1
7.21,-0.32800524038930645,0,0,low_frequency_random,1
7.2149999999999999,-0.31769746970543766,0,0,low_frequency_random,1
7.2199999999999998,-0.23831839188960452,0,0,low_frequency_random,1
7.2250000000000005,-0.18539991991786531,0,0,low_frequency_random,1
7.2300000000000004,-0.23703043650019187,0,0,low_frequency_random,1
7.2350000000000003,-0.28271477429238662,0,0,low_frequency_random,1
7.2400000000000002,-0.37597198450384162,0,0,low_frequency_random,1
7.2450000000000001,-0.32383947241964756,0,0,low_frequency_random,1
7.25,-0.20717934126898468,0,0,low_frequency_random,1
7.2549999999999999,-0.24811749575825409,0,0,low_frequency_random,1
7.2599999999999998,-0.38236659269215434,0,0,low_frequency_random,1
7.2650000000000006,-0.36449910958497272,0,0,low_frequency_random,1
7.2700000000000005,-0.30620086818591202,0,0,low_frequency_random,1
7.2750000000000004,-0.52190030071148641,0,0,low_frequency_random,1
7.2800000000000002,-0.50825644257772262,0,0,low_frequency_random,1
7.2850000000000001,-0.33300252153973298,0,0,low_frequency_random,1
7.29,-0.26585364387801386,0,0,low_frequency_random,1
7.2949999999999999,-0.22060085196968507,0,0,low_frequency_random,1
7.2999999999999998,-0.18741115540035214,0,0,low_frequency_random,1
7.3049999999999997,-0.10173647062907275,0,0,low_frequency_random,1
7.3100000000000005,-0.17633459628417902,0,0,low_frequency_random,1
7.3150000000000004,-0.24291343214696101,0,0,low_frequency_random,1
7.3200000000000003,-0.20917769593390528,0,0,low_frequency_random,1
7.3250000000000002,-0.26282398463937179,0,0,low_frequency_random,1
7.3300000000000001,-0.24086858378301693,0,0,low_frequency_random,1
7.335,-0.3922905286102687,0,0,low_frequency_random,1
7.3399999999999999,-0.32984887393064288,0,0,low_frequency_random,1
7.3449999999999998,-0.26061507473911855,0,0,low_frequency_random,1
7.3500000000000005,-0.25582973687193822,0,0,low_frequency_random,1
7.3550000000000004,-0.24143276162563376,0,0,low_frequency_random,1
7.3600000000000003,-0.11089997980485009,0,0,low_frequency_random,1
7.3650000000000002,-0.19677826576626226,0,0,low_frequency_random,1
7.3700000000000001,-0.26866711115472852,0,0,low_frequency_random,1
7.375,-0.35461332567179826,0,0,low_frequency_random,1
7.3799999999999999,-0.38673832870338992,0,0,low_frequency_random,1
7.3849999999999998,-0.46549964761965351,0,0,low_frequency_random,1
7.3900000000000006,-0.46022147454793849,0,0,low_frequency_random,1
7.3950000000000005,-0.50985517822045434,0,0,low_frequency_random,1
7.4000000000000004,-0.62295496756626756,0,0,low_frequency_random,1
7.4050000000000002,-0.7435527949898435,0,0,low_frequency_random,1
7.4100000000000001,-0.64315356872368201,0,0,low_frequency_random,1
7.415,-0.64544238524657027,0,0,low_frequency_random,1
7.4199999999999999,-0.66036488088428946,0,0,low_frequency_random,1
7.4249999999999998,-0.65495103333122406,0,0,low_frequency_random,1
7.4299999999999997,-0.6582569825352016,0,0,low_frequency_random,1
7.4350000000000005,-0.59463578530376848,0,0,low_frequency_random,1
7.4400000000000004,-0.54680152257824222,0,0,low_frequency_random,1
7.4450000000000003,-0.59113326210934669,0,0,low_frequency_random,1
7.4500000000000002,-0.65390277445243206,0,0,low_frequency_random,1
7.4550000000000001,-0.73736219180793561,0,0,low_frequency_random,1
7.46,-0.83352538049505509,0,0,low_frequency_random,1
7.4649999999999999,-0.71747634988682574,0,0,low_frequency_random,1
7.4699999999999998,-0.78703813390836586,0,0,low_frequency_random,1
7.4750000000000005,-0.94423345917252888,0,0,low_frequency_random,1
7.4800000000000004,-1.0068344861294303,0,0,low_frequency_random,1
7.4850000000000003,-1.0647244693782609,0,0,low_frequency_random,1
7.4900000000000002,-1.0330918378909835,0,0,low_frequency_random,1
7.4950000000000001,-1.0986410498055839,0,0,low_frequency_random,1
7.5,-1.0504880374804553,0,0,low_frequency_random,1
7.5049999999999999,-1.014244092318803,0,0,low_frequency_random,1
7.5099999999999998,-0.90809200621074249,0,0,low_frequency_random,1
7.5150000000000006,-0.73063592916384368,0,0,low_frequency_random,1
7.5200000000000005,-0.49964813281434528,0,0,low_frequency_random,1
7.5250000000000004,-0.38935896084913013,0,0,low_frequency_random,1
7.5300000000000002,-0.47996159305270319,0,0,low_frequency_random,1
7.5350000000000001,-0.50982305434622777,0,0,low_frequency_random,1
7.54,-0.48751803601103993,0,0,low_frequency_random,1
7.5449999999999999,-0.32004909441495621,0,0,low_frequency_random,1
7.5499999999999998,-0.26445825885322938,0,0,low_frequency_random,1
7.5549999999999997,-0.16710964924334432,0,0,low_frequency_random,1
7.5600000000000005,-0.18015761891461121,0,0,low_frequency_random,1
7.5650000000000004,-0.1321541306527366,0,0,low_frequency_random,1
7.5700000000000003,-0.074182968351513584,0,0,low_frequency_random,1
7.5750000000000002,-0.11022658703492599,0,0,low_frequency_random,1
7.5800000000000001,-0.047645734737598734,0,0,low_frequency_random,1
7.585,0.038043030237698325,0,0,low_frequency_random,1
7.5899999999999999,0.02521563831244758,0,0,low_frequency_random,1
7.5949999999999998,0.10633839180645493,0,0,low_frequency_random,1
7.6000000000000005,0.23731549836720156,0,0,low_frequency_random,1
7.6050000000000004,0.24142264505522812,0,0,low_frequency_random,1
7.6100000000000003,0.2402442545102795,0,0,low_frequency_random,1
7.6150000000000002,0.21433844233505356,0,0,low_frequency_random,1
7.6200000000000001,0.16384827256446394,0,0,low_frequency_random,1
7.625,0.17549200236362042,0,0,low_frequency_random,1
7.6299999999999999,0.14175277823709426,0,0,low_frequency_random,1
7.6349999999999998,0.11614959696862906,0,0,low_frequency_random,1
7.6400000000000006,0.053845372953863942,0,0,low_frequency_random,1
7.6450000000000005,-0.069000459401804687,0,0,low_frequency_random,1
7.6500000000000004,-0.14344878662781885,0,0,low_frequency_random,1
7.6550000000000002,-0.11647920103228865,0,0,low_frequency_random,1
7.6600000000000001,-0.21031319306855206,0,0,low_frequency_random,1
7.665,-0.260972837933587,0,0,low_frequency_random,1
7.6699999999999999,-0.12862616913547134,0,0,low_frequency_random,1
7.6749999999999998,-0.038088216756994947,0,0,low_frequency_random,1
7.6799999999999997,-0.093233140452548352,0,0,low_frequency_random,1
7.6850000000000005,-0.044618208936544522,0,0,low_frequency_random,1
7.6900000000000004,-0.096288763609252231,0,0,low_frequency_random,1
7.6950000000000003,0.034073771243264189,0,0,low_frequency_random,1
7.7000000000000002,-0.012834772961114745,0,0,low_frequency_random,1
7.7050000000000001,-0.0062497325775070578,0,0,low_frequency_random,1
7.71,0.10428974180952588,0,0,low_frequency_random,1
7.7149999999999999,0.037704684713460362,0,0,low_frequency_random,1
7.7199999999999998,0.14161900432496263,0,0,low_frequency_random,1
7.7250000000000005,0.075679719602001899,0,0,low_frequency_random,1
7.7300000000000004,0.094310384965967775,0,0,low_frequency_random,1
7.7350000000000003,0.070249834481293003,0,0,low_frequency_random,1
7.7400000000000002,0.062836723227299648,0,0,low_frequency_random,1
7.7450000000000001,0.07529859630938808,0,0,low_frequency_random,1
7.75,0.068990329576848891,0,0,low_frequency_random,1
7.7549999999999999,-0.01253739042926677,0,0,low_frequency_random,1
7.7599999999999998,0.056678570508277466,0,0,low_frequency_random,1
7.7650000000000006,0.11389522318352747,0,0,low_frequency_random,1
7.7700000000000005,0.21625665964847091,0,0,low_frequency_random,1
7.7750000000000004,0.32569751417081838,0,0,low_frequency_random,1
7.7800000000000002,0.21682389935770352,0,0,low_frequency_random,1
7.7850000000000001,0.31832682114184768,0,0,low_frequency_random,1
7.79,0.42029892637814453,0,0,low_frequency_random,1
7.7949999999999999,0.37572944845593415,0,0,low_frequency_random,1
7.7999999999999998,0.4566408091665134,0,0,low_frequency_random,1
7.8050000000000006,0.57152876196899105,0,0,low_frequency_random,1
7.8100000000000005,0.52567895301857082,0,0,low_frequency_random,1
7.8150000000000004,0.41303154861210822,0,0,low_frequency_random,1
7.8200000000000003,0.38228038079534615,0,0,low_frequency_random,1
7.8250000000000002,0.60323293506641973,0,0,low_frequency_random,1
7.8300000000000001,0.61907798067893482,0,0,low_frequency_random,1
7.835,0.51909589695718228,0,0,low_frequency_random,1
7.8399999999999999,0.49632159779525853,0,0,low_frequency_random,1
7.8449999999999998,0.41452040320649947,0,0,low_frequency_random,1
7.8500000000000005,0.38059021640663904,0,0,low_frequency_random,1
7.8550000000000004,0.38628455502806763,0,0,low_frequency_random,1
7.8600000000000003,0.17994144604511697,0,0,low_frequency_random,1
7.8650000000000002,0.20780411664291168,0,0,low_frequency_random,1
7.8700000000000001,0.31965891488489961,0,0,low_frequency_random,1
7.875,0.30231449661523374,0,0,low_frequency_random,1
7.8799999999999999,0.27026748270789935,0,0,low_frequency_random,1
7.8849999999999998,0.35618849057829677,0,0,low_frequency_random,1
7.8900000000000006,0.25333370373535175,0,0,low_frequency_random,1
7.8950000000000005,0.15264764182123181,0,0,low_frequency_random,1
7.9000000000000004,0.04092095220638417,0,0,low_frequency_random,1
7.9050000000000002,0.028158031672024811,0,0,low_frequency_random,1
7.9100000000000001,0.059461109648930491,0,0,low_frequency_random,1
7.915,0.051936787509172008,0,0,low_frequency_random,1
7.9199999999999999,0.095550123050185509,0,0,low_frequency_random,1
7.9249999999999998,0.16136753700635337,0,0,low_frequency_random,1
7.9300000000000006,0.200190423986678,0,0,low_frequency_random,1
7.9350000000000005,0.13466105988539465,0,0,low_frequency_random,1
7.9400000000000004,0.11259592591836896,0,0,low_frequency_random,1
7.9450000000000003,0.21164499689652255,0,0,low_frequency_random,1
7.9500000000000002,0.1270633874655393,0,0,low_frequency_random,1
7.9550000000000001,0.10620633912373464,0,0,low_frequency_random,1
7.96,0.072378008863453525,0,0,low_frequency_random,1
7.9649999999999999,0.057645872128658855,0,0,low_frequency_random,1
7.9699999999999998,-0.028480431021894591,0,0,low_frequency_random,1
7.9750000000000005,-0.13601575916592248,0,0,low_frequency_random,1
7.9800000000000004,0.06862961123631478,0,0,low_frequency_random,1
7.9850000000000003,0.1437706197471833,0,0,low_frequency_random,1
7.9900000000000002,0.086186408959568556,0,0,low_frequency_random,1
7.9950000000000001,0.081051122799616487,0,0,low_frequency_random,1
8,0.13464849969800394,0,0,low_frequency_random,1
8.0050000000000008,0.10655264841180581,0,0,low_frequency_random,1
8.0099999999999998,0.15522005192375615,0,0,low_frequency_random,1
8.0150000000000006,0.10534591417443318,0,0,low_frequency_random,1
8.0199999999999996,0.076209723916596278,0,0,low_frequency_random,1
8.0250000000000004,0.069065044349306146,0,0,low_frequency_random,1
8.0299999999999994,0.032212248907631892,0,0,low_frequency_random,1
8.0350000000000001,-0.16368466558389186,0,0,low_frequency_random,1
8.0400000000000009,-0.16118033980271101,0,0,low_frequency_random,1
8.0449999999999999,-0.13949890380325583,0,0,low_frequency_random,1
8.0500000000000007,-0.10080247381414306,0,0,low_frequency_random,1
8.0549999999999997,-0.17962013658063469,0,0,low_frequency_random,1
8.0600000000000005,-0.15125319441597773,0,0,low_frequency_random,1
8.0649999999999995,-0.1332858193872356,0,0,low_frequency_random,1
8.0700000000000003,-0.27377345563111366,0,0,low_frequency_random,1
8.0749999999999993,-0.44812335829865357,0,0,low_frequency_random,1
8.0800000000000001,-0.40786578283900288,0,0,low_frequency_random,1
8.0850000000000009,-0.48197593056829102,0,0,low_frequency_random,1
8.0899999999999999,-0.399595583663791,0,0,low_frequency_random,1
8.0950000000000006,-0.22680007244344491,0,0,low_frequency_random,1
8.0999999999999996,-0.27217075189819567,0,0,low_frequency_random,1
8.1050000000000004,-0.32582728298894492,0,0,low_frequency_random,1
8.1099999999999994,-0.32513556828325285,0,0,low_frequency_random,1
8.1150000000000002,-0.26966888233259412,0,0,low_frequency_random,1
8.120000000000001,-0.35896115295751191,0,0,low_frequency_random,1
8.125,-0.25778166989300283,0,0,low_frequency_random,1
8.1300000000000008,-0.17739608416699992,0,0,low_frequency_random,1
8.1349999999999998,-0.12375474548611756,0,0,low_frequency_random,1
8.1400000000000006,-0.16621705093656108,0,0,low_frequency_random,1
8.1449999999999996,-0.092266751467651967,0,0,low_frequency_random,1
8.1500000000000004,-0.023400626257596785,0,0,low_frequency_random,1
8.1549999999999994,-0.11912189248512815,0,0,low_frequency_random,1
8.1600000000000001,0.048269807124922792,0,0,low_frequency_random,1
8.1650000000000009,0.024046854273465798,0,0,low_frequency_random,1
8.1699999999999999,0.053388114426835019,0,0,low_frequency_random,1
8.1750000000000007,0.011294018180583648,0,0,low_frequency_random,1
8.1799999999999997,0.041952611531854866,0,0,low_frequency_random,1
8.1850000000000005,0.13431843157618872,0,0,low_frequency_random,1
8.1899999999999995,0.069220160796775093,0,0,low_frequency_random,1
8.1950000000000003,-0.0632287491595631,0,0,low_frequency_random,1
8.1999999999999993,-0.098822423504005136,0,0,low_frequency_random,1
8.2050000000000001,-0.20255255981263054,0,0,low_frequency_random,1
8.2100000000000009,-0.26207674393822256,0,0,low_frequency_random,1
8.2149999999999999,-0.27086302716440258,0,0,low_frequency_random,1
8.2200000000000006,-0.27463187960441432,0,0,low_frequency_random,1
8.2249999999999996,-0.17026143914320904,0,0,low_frequency_random,1
8.2300000000000004,-0.25039358729354966,0,0,low_frequency_random,1
8.2349999999999994,-0.22099846672377088,0,0,low_frequency_random,1
8.2400000000000002,-0.2604003261824781,0,0,low_frequency_random,1
8.245000000000001,-0.15016945480867128,0,0,low_frequency_random,1
8.25,0.052290910055703022,0,0,low_frequency_random,1
8.2550000000000008,0.076244725217195303,0,0,low_frequency_random,1
8.2599999999999998,0.20946559550382512,0,0,low_frequency_random,1
8.2650000000000006,0.16611025470301655,0,0,low_frequency_random,1
8.2699999999999996,0.037648471528920591,0,0,low_frequency_random,1
8.2750000000000004,-0.06391763112253987,0,0,low_frequency_random,1
8.2799999999999994,-0.1896108745855079,0,0,low_frequency_random,1
8.2850000000000001,-0.26485457952301122,0,0,low_frequency_random,1
8.2900000000000009,-0.28270316433409698,0,0,low_frequency_random,1
8.2949999999999999,-0.1895144429987588,0,0,low_frequency_random,1
8.3000000000000007,-0.13272018743874842,0,0,low_frequency_random,1
8.3049999999999997,-0.095049695291581096,0,0,low_frequency_random,1
8.3100000000000005,-0.12838994762347439,0,0,low_frequency_random,1
8.3149999999999995,-0.18535850358801279,0,0,low_frequency_random,1
8.3200000000000003,-0.18177949083448228,0,0,low_frequency_random,1
8.3249999999999993,-0.16988699948807448,0,0,low_frequency_random,1
8.3300000000000001,-0.14859392344102001,0,0,low_frequency_random,1
8.3350000000000009,-0.11820311326682219,0,0,low_frequency_random,1
8.3399999999999999,-0.12699921509301321,0,0,low_frequency_random,1
8.3450000000000006,-0.27995417698722491,0,0,low_frequency_random,1
8.3499999999999996,-0.36755443837317658,0,0,low_frequency_random,1
8.3550000000000004,-0.431605620560849,0,0,low_frequency_random,1
8.3599999999999994,-0.29405300275227308,0,0,low_frequency_random,1
8.3650000000000002,-0.32668292829351642,0,0,low_frequency_random,1
8.370000000000001,-0.27118558599645914,0,0,low_frequency_random,1
8.375,-0.15298620262776183,0,0,low_frequency_random,1
8.3800000000000008,-0.12562062271555305,0,0,low_frequency_random,1
8.3849999999999998,-0.1563390175224933,0,0,low_frequency_random,1
8.3900000000000006,-0.17895843188118371,0,0,low_frequency_random,1
8.3949999999999996,-0.25965323467099244,0,0,low_frequency_random,1
8.4000000000000004,-0.23389627747197955,0,0,low_frequency_random,1
8.4049999999999994,-0.14270927567245745,0,0,low_frequency_random,1
8.4100000000000001,-0.096526322492372835,0,0,low_frequency_random,1
8.4150000000000009,-0.034493464586382326,0,0,low_frequency_random,1
8.4199999999999999,0.022949810790962588,0,0,low_frequency_random,1
8.4250000000000007,0.1827572225674311,0,0,low_frequency_random,1
8.4299999999999997,0.13126716773175673,0,0,low_frequency_random,1
8.4350000000000005,0.14318293896804221,0,0,low_frequency_random,1
8.4399999999999995,0.19876609236327031,0,0,low_frequency_random,1
8.4450000000000003,0.29730711327967702,0,0,low_frequency_random,1
8.4499999999999993,0.10209741171818593,0,0,low_frequency_random,1
8.4550000000000001,0.059905121715421061,0,0,low_frequency_random,1
8.4600000000000009,0.042968461951384998,0,0,low_frequency_random,1
8.4649999999999999,-0.039394013604915602,0,0,low_frequency_random,1
8.4700000000000006,0.028404136740119441,0,0,low_frequency_random,1
8.4749999999999996,0.04573792502524554,0,0,low_frequency_random,1
8.4800000000000004,0.013872960547920934,0,0,low_frequency_random,1
8.4849999999999994,-0.11659972654844827,0,0,low_frequency_random,1
8.4900000000000002,-0.22165576518644392,0,0,low_frequency_random,1
8.495000000000001,-0.2991803723205082,0,0,low_frequency_random,1
8.5,-0.26139401458405603,0,0,low_frequency_random,1
8.5050000000000008,-0.35738783390817963,0,0,low_frequency_random,1
8.5099999999999998,-0.5207465590500282,0,0,low_frequency_random,1
8.5150000000000006,-0.63406082704853894,0,0,low_frequency_random,1
8.5199999999999996,-0.67813726764846483,0,0,low_frequency_random,1
8.5250000000000004,-0.54122695594698378,0,0,low_frequency_random,1
8.5299999999999994,-0.33887248291071886,0,0,low_frequency_random,1
8.5350000000000001,-0.3755965835089301,0,0,low_frequency_random,1
8.5400000000000009,-0.29840299657170843,0,0,low_frequency_random,1
8.5449999999999999,-0.18509748586188082,0,0,low_frequency_random,1
8.5500000000000007,-0.081667322874020842,0,0,low_frequency_random,1
8.5549999999999997,-0.090579551099366856,0,0,low_frequency_random,1
8.5600000000000005,-0.19403425362500185,0,0,low_frequency_random,1
8.5649999999999995,-0.2320333947351699,0,0,low_frequency_random,1
8.5700000000000003,-0.37946309114233773,0,0,low_frequency_random,1
8.5750000000000011,-0.35852728397413175,0,0,low_frequency_random,1
8.5800000000000001,-0.29469477756795115,0,0,low_frequency_random,1
8.5850000000000009,-0.44428640839425759,0,0,low_frequency_random,1
8.5899999999999999,-0.44620571631389339,0,0,low_frequency_random,1
8.5950000000000006,-0.42065015068072181,0,0,low_frequency_random,1
8.5999999999999996,-0.31885582264444068,0,0,low_frequency_random,1
8.6050000000000004,-0.20725082435900305,0,0,low_frequency_random,1
8.6099999999999994,-0.14227516268395424,0,0,low_frequency_random,1
8.6150000000000002,-0.1963672266120231,0,0,low_frequency_random,1
8.620000000000001,-0.2247821376166613,0,0,low_frequency_random,1
8.625,-0.12755797413277856,0,0,low_frequency_random,1
8.6300000000000008,-0.17527337055797076,0,0,low_frequency_random,1
8.6349999999999998,-0.17777059198285103,0,0,low_frequency_random,1
8.6400000000000006,-0.052330627289960657,0,0,low_frequency_random,1
8.6449999999999996,-0.041864627195431978,0,0,low_frequency_random,1
8.6500000000000004,-0.15134272086938905,0,0,low_frequency_random,1
8.6549999999999994,-0.17417607993527801,0,0,low_frequency_random,1
8.6600000000000001,-0.12228921433680147,0,0,low_frequency_random,1
8.6650000000000009,-0.13686778107989406,0,0,low_frequency_random,1
8.6699999999999999,-0.04351196342665864,0,0,low_frequency_random,1
8.6750000000000007,0.059009949535990133,0,0,low_frequency_random,1
8.6799999999999997,0.0067800935174932783,0,0,low_frequency_random,1
8.6850000000000005,-0.033445896518574776,0,0,low_frequency_random,1
8.6899999999999995,-0.041602794151220597,0,0,low_frequency_random,1
8.6950000000000003,-0.13729656368194995,0,0,low_frequency_random,1
8.7000000000000011,-0.10646173562176968,0,0,low_frequency_random,1
8.7050000000000001,-0.12031295491735734,0,0,low_frequency_random,1
8.7100000000000009,-0.057053325293293503,0,0,low_frequency_random,1
8.7149999999999999,-0.10465727365082983,0,0,low_frequency_random,1
8.7200000000000006,-0.1743410403688212,0,0,low_frequency_random,1
8.7249999999999996,-0.026815623027222873,0,0,low_frequency_random,1
8.7300000000000004,-0.096852470575511648,0,0,low_frequency_random,1
8.7349999999999994,-0.14310235443081809,0,0,low_frequency_random,1
8.7400000000000002,-0.20084144348126684,0,0,low_frequency_random,1
8.745000000000001,-0.2241488438385853,0,0,low_frequency_random,1
8.75,-0.29613177057131845,0,0,low_frequency_random,1
8.7550000000000008,-0.29824472640812122,0,0,low_frequency_random,1
8.7599999999999998,-0.35300665094440675,0,0,low_frequency_random,1
8.7650000000000006,-0.38451283039591239,0,0,low_frequency_random,1
8.7699999999999996,-0.35364203813849365,0,0,low_frequency_random,1
8.7750000000000004,-0.29589179956860279,0,0,low_frequency_random,1
8.7799999999999994,-0.25715165311445309,0,0,low_frequency_random,1
8.7850000000000001,-0.31460751405833642,0,0,low_frequency_random,1
8.7900000000000009,-0.28134451803877059,0,0,low_frequency_random,1
8.7949999999999999,-0.28955429534945482,0,0,low_frequency_random,1
8.8000000000000007,-0.29659493963254302,0,0,low_frequency_random,1
8.8049999999999997,-0.43256144640982597,0,0,low_frequency_random,1
8.8100000000000005,-0.37683264421239898,0,0,low_frequency_random,1
8.8149999999999995,-0.38609375175589666,0,0,low_frequency_random,1
8.8200000000000003,-0.24800724906287056,0,0,low_frequency_random,1
8.8250000000000011,-0.1956899082494056,0,0,low_frequency_random,1
8.8300000000000001,-0.28381245092607449,0,0,low_frequency_random,1
8.8350000000000009,-0.39189854812218333,0,0,low_frequency_random,1
8.8399999999999999,-0.29809538677412323,0,0,low_frequency_random,1
8.8450000000000006,-0.36642371862954942,0,0,low_frequency_random,1
8.8499999999999996,-0.30997348957624249,0,0,low_frequency_random,1
8.8550000000000004,-0.3324291319987232,0,0,low_frequency_random,1
8.8599999999999994,-0.16288424768165016,0,0,low_frequency_random,1
8.8650000000000002,-0.15567238988417439,0,0,low_frequency_random,1
8.870000000000001,-0.033936638780728029,0,0,low_frequency_random,1
8.875,0.07269812022474037,0,0,low_frequency_random,1
8.8800000000000008,0.035543057243380444,0,0,low_frequency_random,1
8.8849999999999998,0.0093467298304150126,0,0,low_frequency_random,1
8.8900000000000006,0.1281637942234013,0,0,low_frequency_random,1
8.8949999999999996,0.12808941614122149,0,0,low_frequency_random,1
8.9000000000000004,0.058768008009120451,0,0,low_frequency_random,1
8.9049999999999994,0.15532526302085545,0,0,low_frequency_random,1
8.9100000000000001,0.36082240158086465,0,0,low_frequency_random,1
8.9150000000000009,0.35714753143906836,0,0,low_frequency_random,1
8.9199999999999999,0.46855615467718287,0,0,low_frequency_random,1
8.9250000000000007,0.45505874001320917,0,0,low_frequency_random,1
8.9299999999999997,0.56300559281894413,0,0,low_frequency_random,1
8.9350000000000005,0.54332226350836388,0,0,low_frequency_random,1
8.9399999999999995,0.64943064290286512,0,0,low_frequency_random,1
8.9450000000000003,0.69230539711816241,0,0,low_frequency_random,1
8.9500000000000011,0.677133374343725,0,0,low_frequency_random,1
8.9550000000000001,0.69577077918325558,0,0,low_frequency_random,1
8.9600000000000009,0.65234330339764168,0,0,low_frequency_random,1
8.9649999999999999,0.56269862345502353,0,0,low_frequency_random,1
8.9700000000000006,0.47924274985014698,0,0,low_frequency_random,1
8.9749999999999996,0.47616538741645836,0,0,low_frequency_random,1
8.9800000000000004,0.39340681047945236,0,0,low_frequency_random,1
8.9849999999999994,0.43082330659053159,0,0,low_frequency_random,1
8.9900000000000002,0.47553742341611482,0,0,low_frequency_random,1
8.995000000000001,0.5153599202644531,0,0,low_frequency_random,1
9,0.47792117905350362,0,0,low_frequency_random,1
9.0050000000000008,0.4849820498571773,0,0,low_frequency_random,1
9.0099999999999998,0.48556036647949291,0,0,low_frequency_random,1
9.0150000000000006,0.59385005754749565,0,0,low_frequency_random,1
9.0199999999999996,0.53168739825239719,0,0,low_frequency_random,1
9.0250000000000004,0.50360595406941733,0,0,low_frequency_random,1
9.0299999999999994,0.48777272675495748,0,0,low_frequency_random,1
9.0350000000000001,0.47931319932065386,0,0,low_frequency_random,1
9.0400000000000009,0.42252499360350376,0,0,low_frequency_random,1
9.0449999999999999,0.3756828967269531,0,0,low_frequency_random,1
9.0500000000000007,0.460401986824929,0,0,low_frequency_random,1
9.0549999999999997,0.41267810126155885,0,0,low_frequency_random,1
9.0600000000000005,0.48940123099167526,0,0,low_frequency_random,1
9.0649999999999995,0.65501115097609763,0,0,low_frequency_random,1
9.0700000000000003,0.75941489994216793,0,0,low_frequency_random,1
9.0750000000000011,0.61693859375278859,0,0,low_frequency_random,1
9.0800000000000001,0.68126670953379564,0,0,low_frequency_random,1
9.0850000000000009,0.72172580704843348,0,0,low_frequency_random,1
9.0899999999999999,0.76725334330886152,0,0,low_frequency_random,1
9.0950000000000006,0.63925315448239772,0,0,low_frequency_random,1
9.0999999999999996,0.70231669003801978,0,0,low_frequency_random,1
9.1050000000000004,0.61748761339421721,0,0,low_frequency_random,1
9.1099999999999994,0.72330010118441546,0,0,low_frequency_random,1
9.1150000000000002,0.81077927225498203,0,0,low_frequency_random,1
9.120000000000001,1.0157009389208644,0,0,low_frequency_random,1
9.125,0.98516000059394748,0,0,low_frequency_random,1
9.1300000000000008,0.86383547829404905,0,0,low_frequency_random,1
9.1349999999999998,0.94844741637060359,0,0,low_frequency_random,1
9.1400000000000006,1.0186597404564008,0,0,low_frequency_random,1
9.1449999999999996,0.98815391755006576,0,0,low_frequency_random,1
9.1500000000000004,1.09693316659771,0,0,low_frequency_random,1
9.1549999999999994,1.151529043399232,0,0,low_frequency_random,1
9.1600000000000001,1.0480102059497511,0,0,low_frequency_random,1
9.1650000000000009,1.0197287945917823,0,0,low_frequency_random,1
9.1699999999999999,0.98402348491294522,0,0,low_frequency_random,1
9.1750000000000007,0.97532804673759477,0,0,low_frequency_random,1
9.1799999999999997,0.99074699585921455,0,0,low_frequency_random,1
9.1850000000000005,0.93521339679905413,0,0,low_frequency_random,1
9.1899999999999995,0.9197105895448513,0,0,low_frequency_random,1
9.1950000000000003,0.96710106075620661,0,0,low_frequency_random,1
9.2000000000000011,0.96128911478493995,0,0,low_frequency_random,1
9.2050000000000001,0.9397977659491904,0,0,low_frequency_random,1
9.2100000000000009,0.91565807256622556,0,0,low_frequency_random,1
9.2149999999999999,0.90794022507681482,0,0,low_frequency_random,1
9.2200000000000006,0.75537241128139243,0,0,low_frequency_random,1
9.2249999999999996,0.76924413654007762,0,0,low_frequency_random,1
9.2300000000000004,0.68814509478218822,0,0,low_frequency_random,1
9.2349999999999994,0.6980083894841288,0,0,low_frequency_random,1
9.2400000000000002,0.58185466867618318,0,0,low_frequency_random,1
9.245000000000001,0.65737463358040971,0,0,low_frequency_random,1
9.25,0.67782995088378639,0,0,low_frequency_random,1
9.2550000000000008,0.57143178851690091,0,0,low_frequency_random,1
9.2599999999999998,0.5923401753683929,0,0,low_frequency_random,1
9.2650000000000006,0.53358530900166035,0,0,low_frequency_random,1
9.2699999999999996,0.67952295621888315,0,0,low_frequency_random,1
9.2750000000000004,0.72017620836068608,0,0,low_frequency_random,1
9.2799999999999994,0.65786953135499071,0,0,low_frequency_random,1
9.2850000000000001,0.67745035159829892,0,0,low_frequency_random,1
9.2900000000000009,0.6764081629027382,0,0,low_frequency_random,1
9.2949999999999999,0.77363311722685901,0,0,low_frequency_random,1
9.3000000000000007,0.80330357374164019,0,0,low_frequency_random,1
9.3049999999999997,0.84538986056798904,0,0,low_frequency_random,1
9.3100000000000005,0.75705224093001489,0,0,low_frequency_random,1
9.3149999999999995,0.82171187870614504,0,0,low_frequency_random,1
9.3200000000000003,0.98997131656637316,0,0,low_frequency_random,1
9.3250000000000011,1.041164848470455,0,0,low_frequency_random,1
9.3300000000000001,1.038129593946884,0,0,low_frequency_random,1
9.3350000000000009,1.05136385545862,0,0,low_frequency_random,1
9.3399999999999999,0.97541575895984356,0,0,low_frequency_random,1
9.3450000000000006,0.99076850435394959,0,0,low_frequency_random,1
9.3499999999999996,0.90355183984929321,0,0,low_frequency_random,1
9.3550000000000004,0.90796527664226001,0,0,low_frequency_random,1
9.3599999999999994,0.87787571407171072,0,0,low_frequency_random,1
9.3650000000000002,0.81262029765056421,0,0,low_frequency_random,1
9.370000000000001,0.86033140443102407,0,0,low_frequency_random,1
9.375,0.74261666450583053,0,0,low_frequency_random,1
9.3800000000000008,0.74116454156694955,0,0,low_frequency_random,1
9.3849999999999998,0.6371989517301504,0,0,low_frequency_random,1
9.3900000000000006,0.78558405194180403,0,0,low_frequency_random,1
9.3949999999999996,0.94480422619539151,0,0,low_frequency_random,1
9.4000000000000004,1.0131752128105667,0,0,low_frequency_random,1
9.4049999999999994,1.1650686714257081,0,0,low_frequency_random,1
9.4100000000000001,1.2121244239845046,0,0,low_frequency_random,1
9.4150000000000009,1.2548804954136734,0,0,low_frequency_random,1
9.4199999999999999,1.2201711555000385,0,0,low_frequency_random,1
9.4250000000000007,1.1480980450268499,0,0,low_frequency_random,1
9.4299999999999997,1.158030486422811,0,0,low_frequency_random,1
9.4350000000000005,1.1149626049228241,0,0,low_frequency_random,1
9.4399999999999995,1.0798793826770006,0,0,low_frequency_random,1
9.4450000000000003,1.1380848945365751,0,0,low_frequency_random,1
9.4500000000000011,1.1276149809462048,0,0,low_frequency_random,1
9.4550000000000001,1.0027995886016354,0,0,low_frequency_random,1
9.4600000000000009,0.98584289250005974,0,0,low_frequency_random,1
9.4649999999999999,0.92529174684258853,0,0,low_frequency_random,1
9.4700000000000006,0.90241996520989276,0,0,low_frequency_random,1
9.4749999999999996,0.8155437837141053,0,0,low_frequency_random,1
9.4800000000000004,0.91245976179087362,0,0,low_frequency_random,1
9.4849999999999994,1.064954894948984,0,0,low_frequency_random,1
9.4900000000000002,0.976114255958209,0,0,low_frequency_random,1
9.495000000000001,1.0281691965991424,0,0,low_frequency_random,1
9.5,1.0759111302730391,0,0,low_frequency_random,1
9.5050000000000008,0.98993870798430372,0,0,low_frequency_random,1
9.5099999999999998,0.99819249672334776,0,0,low_frequency_random,1
9.5150000000000006,1.1109294373946508,0,0,low_frequency_random,1
9.5199999999999996,1.1780530375031906,0,0,low_frequency_random,1
9.5250000000000004,1.30642849222008,0,0,low_frequency_random,1
9.5299999999999994,1.2114956806737576,0,0,low_frequency_random,1
9.5350000000000001,1.1507973906602571,0,0,low_frequency_random,1
9.5400000000000009,1.1731641276779234,0,0,low_frequency_random,1
9.5449999999999999,1.2003782344497151,0,0,low_frequency_random,1
9.5500000000000007,1.2010515819635414,0,0,low_frequency_random,1
9.5549999999999997,1.1688213193410626,0,0,low_frequency_random,1
9.5600000000000005,1.1347943164240759,0,0,low_frequency_random,1
9.5649999999999995,1.0851249526502151,0,0,low_frequency_random,1
9.5700000000000003,1.120114954458393,0,0,low_frequency_random,1
9.5750000000000011,0.89864289983834844,0,0,low_frequency_random,1
9.5800000000000001,1.0260978418106774,0,0,low_frequency_random,1
9.5850000000000009,0.98307107469185684,0,0,low_frequency_random,1
9.5899999999999999,0.86815569615487809,0,0,low_frequency_random,1
9.5950000000000006,0.91134000524489045,0,0,low_frequency_random,1
9.5999999999999996,0.79864741963606867,0,0,low_frequency_random,1
9.6050000000000004,0.82939577406928822,0,0,low_frequency_random,1
9.6099999999999994,0.79704083846008278,0,0,low_frequency_random,1
9.6150000000000002,0.84396572747622123,0,0,low_frequency_random,1
9.620000000000001,0.90642857271804123,0,0,low_frequency_random,1
9.625,1.008824870732032,0,0,low_frequency_random,1
9.6300000000000008,0.96777953337356026,0,0,low_frequency_random,1
9.6349999999999998,0.94315645315852503,0,0,low_frequency_random,1
9.6400000000000006,0.9408355608694623,0,0,low_frequency_random,1
9.6449999999999996,0.82654196531622615,0,0,low_frequency_random,1
9.6500000000000004,0.87298326139312865,0,0,low_frequency_random,1
9.6549999999999994,0.88209223406233428,0,0,low_frequency_random,1
9.6600000000000001,0.7738467030296351,0,0,low_frequency_random,1
9.6650000000000009,0.86967069963299737,0,0,low_frequency_random,1
9.6699999999999999,0.9773862805405974,0,0,low_frequency_random,1
9.6750000000000007,0.87042481018556273,0,0,low_frequency_random,1
9.6799999999999997,0.91472430258605131,0,0,low_frequency_random,1
9.6850000000000005,1.0129185714708775,0,0,low_frequency_random,1
9.6899999999999995,1.0778110234463281,0,0,low_frequency_random,1
9.6950000000000003,0.99702465368144255,0,0,low_frequency_random,1
9.7000000000000011,0.88337241622336127,0,0,low_frequency_random,1
9.7050000000000001,0.87252905784705015,0,0,low_frequency_random,1
9.7100000000000009,0.83131780494216501,0,0,low_frequency_random,1
9.7149999999999999,0.82922294424794052,0,0,low_frequency_random,1
9.7200000000000006,0.81951882648790708,0,0,low_frequency_random,1
9.7249999999999996,0.86012017088719717,0,0,low_frequency_random,1
9.7300000000000004,0.81365033039949886,0,0,low_frequency_random,1
9.7349999999999994,0.79919108323458743,0,0,low_frequency_random,1
9.7400000000000002,1.0345316212624627,0,0,low_frequency_random,1
9.745000000000001,1.02143720434935,0,0,low_frequency_random,1
9.75,1.0774917084072424,0,0,low_frequency_random,1
9.7550000000000008,1.097459133524419,0,0,low_frequency_random,1
9.7599999999999998,1.111655384991721,0,0,low_frequency_random,1
9.7650000000000006,1.0355566393682185,0,0,low_frequency_random,1
9.7699999999999996,1.0746241801221459,0,0,low_frequency_random,1
9.7750000000000004,1.0672780678590446,0,0,low_frequency_random,1
9.7799999999999994,1.1292803782815903,0,0,low_frequency_random,1
9.7850000000000001,1.2893866564389491,0,0,low_frequency_random,1
9.7900000000000009,1.2997031764490821,0,0,low_frequency_random,1
9.7949999999999999,1.3559682232439836,0,0,low_frequency_random,1
9.8000000000000007,1.269486707900257,0,0,low_frequency_random,1
9.8049999999999997,1.274413781905976,0,0,low_frequency_random,1
9.8100000000000005,1.3937738036336491,0,0,low_frequency_random,1
9.8149999999999995,1.3839273056979877,0,0,low_frequency_random,1
9.8200000000000003,1.3280581400248306,0,0,low_frequency_random,1
9.8250000000000011,1.3397569428084903,0,0,low_frequency_random,1
9.8300000000000001,1.3201723782082757,0,0,low_frequency_random,1
9.8350000000000009,1.2962102640526139,0,0,low_frequency_random,1
9.8399999999999999,1.2618163128557385,0,0,low_frequency_random,1
9.8450000000000006,1.415855249995114,0,0,low_frequency_random,1
9.8499999999999996,1.3410735578633854,0,0,low_frequency_random,1
9.8550000000000004,1.3032115918465275,0,0,low_frequency_random,1
9.8599999999999994,1.2529619877458749,0,0,low_frequency_random,1
9.8650000000000002,1.3474298365598225,0,0,low_frequency_random,1
9.870000000000001,1.3202028593534563,0,0,low_frequency_random,1
9.875,1.4194437226366858,0,0,low_frequency_random,1
9.8800000000000008,1.4273842524039402,0,0,low_frequency_random,1
9.8849999999999998,1.4201258530501315,0,0,low_frequency_random,1
9.8900000000000006,1.2981931809499756,0,0,low_frequency_random,1
9.8949999999999996,1.3900988734208584,0,0,low_frequency_random,1
9.9000000000000004,1.4280402268253674,0,0,low_frequency_random,1
9.9049999999999994,1.454939806125422,0,0,low_frequency_random,1
9.9100000000000001,1.4400083498794585,0,0,low_frequency_random,1
9.9150000000000009,1.4012677119536259,0,0,low_frequency_random,1
9.9199999999999999,1.2947767015047258,0,0,low_frequency_random,1
9.9250000000000007,1.3654804063694601,0,0,low_frequency_random,1
9.9299999999999997,1.3818217200643941,0,0,low_frequency_random,1
9.9350000000000005,1.3479619286007027,0,0,low_frequency_random,1
9.9399999999999995,1.2926262649240652,0,0,low_frequency_random,1
9.9450000000000003,1.2971305664361532,0,0,low_frequency_random,1
9.9500000000000011,1.2851020768587391,0,0,low_frequency_random,1
9.9550000000000001,1.4114892664436605,0,0,low_frequency_random,1
9.9600000000000009,1.4679053593176472,0,0,low_frequency_random,1
9.9649999999999999,1.4147206597148705,0,0,low_frequency_random,1
9.9700000000000006,1.321145522815214,0,0,low_frequency_random,1
9.9749999999999996,1.2974425062656252,0,0,low_frequency_random,1
9.9800000000000004,1.2199454737769333,0,0,low_frequency_random,1
9.9849999999999994,1.2216608280392331,0,0,low_frequency_random,1
9.9900000000000002,1.2495672653818544,0,0,low_frequency_random,1
9.995000000000001,1.2958944139582707,0,0,low_frequency_random,1
10,1.324470968601051,0,0,low_frequency_random,1
10.005000000000001,1.3045488698157195,0,0,low_frequency_random,1
10.01,1.3478932584631658,0,0,low_frequency_random,1
10.015000000000001,1.2722032437142023,0,0,low_frequency_random,1
10.02,1.2616427281114977,0,0,low_frequency_random,1
10.025,1.3222722001645033,0,0,low_frequency_random,1
10.029999999999999,1.340790945165681,0,0,low_frequency_random,1
10.035,1.2348379831373686,0,0,low_frequency_random,1
10.040000000000001,1.1387188044072662,0,0,low_frequency_random,1
10.045,1.0064232316183706,0,0,low_frequency_random,1
10.050000000000001,1.1476825608852448,0,0,low_frequency_random,1
10.055,1.0206451182611487,0,0,low_frequency_random,1
10.06,1.0069336283446333,0,0,low_frequency_random,1
10.065,1.1509185186767337,0,0,low_frequency_random,1
10.07,1.2336221938332244,0,0,low_frequency_random,1
10.075000000000001,1.3351053191407716,0,0,low_frequency_random,1
10.08,1.2911834642904456,0,0,low_frequency_random,1
10.085000000000001,1.3463061087601367,0,0,low_frequency_random,1
10.09,1.5852316828139057,0,0,low_frequency_random,1
10.095000000000001,1.5770517336254024,0,0,low_frequency_random,1
10.1,1.6048415087970871,0,0,low_frequency_random,1
10.105,1.5743658483136591,0,0,low_frequency_random,1
10.109999999999999,1.5681729043030079,0,0,low_frequency_random,1
10.115,1.5929122109913716,0,0,low_frequency_random,1
10.120000000000001,1.6983938958947968,0,0,low_frequency_random,1
10.125,1.620857876823472,0,0,low_frequency_random,1
10.130000000000001,1.5015808529136228,0,0,low_frequency_random,1
10.135,1.4989672124611946,0,0,low_frequency_random,1
10.140000000000001,1.5107253573276485,0,0,low_frequency_random,1
10.145,1.6186796475241643,0,0,low_frequency_random,1
10.15,1.6707573738754906,0,0,low_frequency_random,1
10.154999999999999,1.6154932498727395,0,0,low_frequency_random,1
10.16,1.6555681909357634,0,0,low_frequency_random,1
10.165000000000001,1.7392923484028362,0,0,low_frequency_random,1
10.17,1.7563741261158603,0,0,low_frequency_random,1
10.175000000000001,1.7234140941016798,0,0,low_frequency_random,1
10.18,1.7717321521185496,0,0,low_frequency_random,1
10.185,1.7374801514806484,0,0,low_frequency_random,1
10.19,1.5826975264315193,0,0,low_frequency_random,1
10.195,1.6838733569384881,0,0,low_frequency_random,1
10.200000000000001,1.5753769908731714,0,0,low_frequency_random,1
10.205,1.5435864547916394,0,0,low_frequency_random,1
10.210000000000001,1.5133974677786453,0,0,low_frequency_random,1
10.215,1.4817751009739792,0,0,low_frequency_random,1
10.220000000000001,1.454290692354415,0,0,low_frequency_random,1
10.225,1.3346807335456565,0,0,low_frequency_random,1
10.23,1.372502932873449,0,0,low_frequency_random,1
10.234999999999999,1.370311882842433,0,0,low_frequency_random,1
10.24,1.3690269793200878,0,0,low_frequency_random,1
10.245000000000001,1.4500997516162069,0,0,low_frequency_random,1
10.25,1.532937244261884,0,0,low_frequency_random,1
10.255000000000001,1.6344207112562366,0,0,low_frequency_random,1
10.26,1.7762007837808114,0,0,low_frequency_random,1
10.265000000000001,1.8057478046712871,0,0,low_frequency_random,1
10.27,1.6762257131295248,0,0,low_frequency_random,1
10.275,1.6870758213791968,0,0,low_frequency_random,1
10.279999999999999,1.6819184023899867,0,0,low_frequency_random,1
10.285,1.6812597164587824,0,0,low_frequency_random,1
10.290000000000001,1.6271897726829043,0,0,low_frequency_random,1
10.295,1.5503680304097558,0,0,low_frequency_random,1
10.300000000000001,1.6084171212193015,0,0,low_frequency_random,1
10.305,1.6800242312627329,0,0,low_frequency_random,1
10.31,1.5846715954861252,0,0,low_frequency_random,1
10.315,1.6220549915228735,0,0,low_frequency_random,1
10.32,1.6027058732544197,0,0,low_frequency_random,1
10.325000000000001,1.5659916199666195,0,0,low_frequency_random,1
10.33,1.6150067449789318,0,0,low_frequency_random,1
10.335000000000001,1.6050677634790873,0,0,low_frequency_random,1
10.34,1.5550159728945692,0,0,low_frequency_random,1
10.345000000000001,1.5538566784348324,0,0,low_frequency_random,1
10.35,1.388871977493749,0,0,low_frequency_random,1
10.355,1.3367156774849696,0,0,low_frequency_random,1
10.359999999999999,1.2969294664700219,0,0,low_frequency_random,1
10.365,1.1807853872719392,0,0,low_frequency_random,1
10.370000000000001,1.1908286542212829,0,0,low_frequency_random,1
10.375,1.2080538835229677,0,0,low_frequency_random,1
10.380000000000001,1.1555555363400323,0,0,low_frequency_random,1
10.385,1.1376831051250813,0,0,low_frequency_random,1
10.390000000000001,1.1871104210433141,0,0,low_frequency_random,1
10.395,1.2670690418900754,0,0,low_frequency_random,1
10.4,1.2013297947777399,0,0,low_frequency_random,1
10.404999999999999,1.2235536765201496,0,0,low_frequency_random,1
10.41,1.3013027480554933,0,0,low_frequency_random,1
10.415000000000001,1.2934076970838027,0,0,low_frequency_random,1
10.42,1.2263006957804032,0,0,low_frequency_random,1
10.425000000000001,1.159830916600165,0,0,low_frequency_random,1
10.43,1.129078595597121,0,0,low_frequency_random,1
10.435,1.0416780727924286,0,0,low_frequency_random,1
10.44,1.1976848743338269,0,0,low_frequency_random,1
10.445,1.1467363399304547,0,0,low_frequency_random,1
10.450000000000001,1.1716379289795451,0,0,low_frequency_random,1
10.455,1.1807943275437749,0,0,low_frequency_random,1
10.460000000000001,1.2260569571547506,0,0,low_frequency_random,1
10.465,1.1894488245575723,0,0,low_frequency_random,1
10.470000000000001,1.0800567467362863,0,0,low_frequency_random,1
10.475,1.205520091142106,0,0,low_frequency_random,1
10.48,1.1933214620306014,0,0,low_frequency_random,1
10.484999999999999,1.1967062469658483,0,0,low_frequency_random,1
10.49,1.2067264794154919,0,0,low_frequency_random,1
10.495000000000001,1.301390451665674,0,0,low_frequency_random,1
10.5,1.3562716759947711,0,0,low_frequency_random,1
10.505000000000001,1.4431980634743957,0,0,low_frequency_random,1
10.51,1.5016624867409269,0,0,low_frequency_random,1
10.515000000000001,1.5064499445490138,0,0,low_frequency_random,1
10.52,1.5193070500644075,0,0,low_frequency_random,1
10.525,1.4525363074462021,0,0,low_frequency_random,1
10.529999999999999,1.2907058458480691,0,0,low_frequency_random,1
10.535,1.2652944276813312,0,0,low_frequency_random,1
10.540000000000001,1.1734910198391122,0,0,low_frequency_random,1
10.545,1.3742127206409473,0,0,low_frequency_random,1
10.550000000000001,1.4918811057949377,0,0,low_frequency_random,1
10.555,1.5779812219420797,0,0,low_frequency_random,1
10.56,1.5262860904889504,0,0,low_frequency_random,1
10.565,1.6830878820251971,0,0,low_frequency_random,1
10.57,1.5388226069869415,0,0,low_frequency_random,1
10.575000000000001,1.4348373935669776,0,0,low_frequency_random,1
10.58,1.3654908123727039,0,0,low_frequency_random,1
10.585000000000001,1.2823550540465591,0,0,low_frequency_random,1
10.59,1.2866582733114038,0,0,low_frequency_random,1
10.595000000000001,1.2958346088860866,0,0,low_frequency_random,1
10.6,1.4419138099100561,0,0,low_frequency_random,1
10.605,1.5144380030627036,0,0,low_frequency_random,1
10.609999999999999,1.6044363800654944,0,0,low_frequency_random,1
10.615,1.6299526518610925,0,0,low_frequency_random,1
10.620000000000001,1.6101995932459907,0,0,low_frequency_random,1
10.625,1.547519593372219,0,0,low_frequency_random,1
10.630000000000001,1.4194976991253192,0,0,low_frequency_random,1
10.635,1.3431398483836472,0,0,low_frequency_random,1
10.640000000000001,1.3061744221487328,0,0,low_frequency_random,1
10.645,1.3606594764439599,0,0,low_frequency_random,1
10.65,1.2194201455832971,0,0,low_frequency_random,1
10.654999999999999,1.1044336035297464,0,0,low_frequency_random,1
10.66,1.1165662780790993,0,0,low_frequency_random,1
10.665000000000001,1.0274156751893186,0,0,low_frequency_random,1
10.67,1.0491803450482862,0,0,low_frequency_random,1
10.675000000000001,1.0112154311165735,0,0,low_frequency_random,1
10.68,0.94629888683444008,0,0,low_frequency_random,1
10.685,0.83531938805463624,0,0,low_frequency_random,1
10.69,0.8237734473219902,0,0,low_frequency_random,1
10.695,0.76163071961533013,0,0,low_frequency_random,1
10.700000000000001,0.70903134167895976,0,0,low_frequency_random,1
10.705,0.65474967219201008,0,0,low_frequency_random,1
10.710000000000001,0.6664609327908978,0,0,low_frequency_random,1
10.715,0.67504553288951152,0,0,low_frequency_random,1
10.720000000000001,0.53498690486943778,0,0,low_frequency_random,1
10.725,0.51951149160484977,0,0,low_frequency_random,1
10.73,0.54873946411774965,0,0,low_frequency_random,1
10.734999999999999,0.6289520969808543,0,0,low_frequency_random,1
10.74,0.68832101232046661,0,0,low_frequency_random,1
10.745000000000001,0.70160967977205146,0,0,low_frequency_random,1
10.75,0.60694243838805895,0,0,low_frequency_random,1
10.755000000000001,0.54247378544635572,0,0,low_frequency_random,1
10.76,0.61274956525141278,0,0,low_frequency_random,1
10.765000000000001,0.55366030993269011,0,0,low_frequency_random,1
10.77,0.6327952608016596,0,0,low_frequency_random,1
10.775,0.73130231801239509,0,0,low_frequency_random,1
10.779999999999999,0.64289284673386471,0,0,low_frequency_random,1
10.785,0.67484763853556662,0,0,low_frequency_random,1
10.790000000000001,0.66253833801541184,0,0,low_frequency_random,1
10.795,0.82104550887350303,0,0,low_frequency_random,1
10.800000000000001,0.88382694349240398,0,0,low_frequency_random,1
10.805,0.83868396599235284,0,0,low_frequency_random,1
10.81,0.8670043972270981,0,0,low_frequency_random,1
10.815,0.78944865069696102,0,0,low_frequency_random,1
10.82,0.77342289073052195,0,0,low_frequency_random,1
10.825000000000001,0.78592366878048248,0,0,low_frequency_random,1
10.83,0.79392375164931028,0,0,low_frequency_random,1
10.835000000000001,0.8145240971017953,0,0,low_frequency_random,1
10.84,0.73808742563447616,0,0,low_frequency_random,1
10.845000000000001,0.58651370308792494,0,0,low_frequency_random,1
10.85,0.55462770285519036,0,0,low_frequency_random,1
10.855,0.48065101154363699,0,0,low_frequency_random,1
10.859999999999999,0.4223787693638455,0,0,low_frequency_random,1
10.865,0.59083245008525742,0,0,low_frequency_random,1
10.870000000000001,0.68068460603472625,0,0,low_frequency_random,1
10.875,0.6633684023818176,0,0,low_frequency_random,1
10.880000000000001,0.54567109184630669,0,0,low_frequency_random,1
10.885,0.439352982108764,0,0,low_frequency_random,1
10.890000000000001,0.46598529705109282,0,0,low_frequency_random,1
10.895,0.54899566611351402,0,0,low_frequency_random,1
10.9,0.52323392725380513,0,0,low_frequency_random,1
10.904999999999999,0.53140529690250704,0,0,low_frequency_random,1
10.91,0.54908850536438147,0,0,low_frequency_random,1
10.915000000000001,0.63143257526742069,0,0,low_frequency_random,1
10.92,0.47822089608820467,0,0,low_frequency_random,1
10.925000000000001,0.48828081657863776,0,0,low_frequency_random,1
10.93,0.51820704354979497,0,0,low_frequency_random,1
10.935,0.59144021979056538,0,0,low_frequency_random,1
10.94,0.62010237604270391,0,0,low_frequency_random,1
10.945,0.52917353256115285,0,0,low_frequency_random,1
10.950000000000001,0.48020585175806407,0,0,low_frequency_random,1
10.955,0.3561804100028354,0,0,low_frequency_random,1
10.960000000000001,0.36982159078897875,0,0,low_frequency_random,1
10.965,0.38332750868262255,0,0,low_frequency_random,1
10.970000000000001,0.42226003094176712,0,0,low_frequency_random,1
10.975,0.34275781218896556,0,0,low_frequency_random,1
10.98,0.25005741762604894,0,0,low_frequency_random,1
10.984999999999999,0.3705536506024768,0,0,low_frequency_random,1
10.99,0.3832437139888506,0,0,low_frequency_random,1
10.995000000000001,0.52066407743580201,0,0,low_frequency_random,1
11,0.55313508039629455,0,0,low_frequency_random,1
11.005000000000001,0.43373146858136447,0,0,low_frequency_random,1
11.01,0.49584081819716275,0,0,low_frequency_random,1
11.015000000000001,0.59193171601002159,0,0,low_frequency_random,1
11.02,0.55301152655305441,0,0,low_frequency_random,1
11.025,0.39666480908456436,0,0,low_frequency_random,1
11.029999999999999,0.44777297360239771,0,0,low_frequency_random,1
11.035,0.43433950295003548,0,0,low_frequency_random,1
11.040000000000001,0.4543252629324176,0,0,low_frequency_random,1
11.045,0.23767453655033904,0,0,low_frequency_random,1
11.050000000000001,0.27296790004060378,0,0,low_frequency_random,1
11.055,0.052114161245846391,0,0,low_frequency_random,1
11.06,-0.017365145628915474,0,0,low_frequency_random,1
11.065,0.053416764800353025,0,0,low_frequency_random,1
11.07,-0.092443688288837089,0,0,low_frequency_random,1
11.075000000000001,-0.2407148549203314,0,0,low_frequency_random,1
11.08,-0.27540683536941557,0,0,low_frequency_random,1
11.085000000000001,-0.14262907868945929,0,0,low_frequency_random,1
11.09,-0.012987989619702434,0,0,low_frequency_random,1
11.095000000000001,-0.061464410296202282,0,0,low_frequency_random,1
11.1,0.018604474245286481,0,0,low_frequency_random,1
11.105,0.064709432209727691,0,0,low_frequency_random,1
11.109999999999999,0.085213137025758681,0,0,low_frequency_random,1
11.115,0.11306846399759989,0,0,low_frequency_random,1
11.120000000000001,0.054560746088146178,0,0,low_frequency_random,1
11.125,0.11813247200277927,0,0,low_frequency_random,1
11.130000000000001,0.20212918259213711,0,0,low_frequency_random,1
11.135,0.41657508273013166,0,0,low_frequency_random,1
11.140000000000001,0.48753043634237647,0,0,low_frequency_random,1
11.145,0.28921121209654127,0,0,low_frequency_random,1
11.15,0.19144153952786158,0,0,low_frequency_random,1
11.154999999999999,0.21682921089382401,0,0,low_frequency_random,1
11.16,0.22094031361157693,0,0,low_frequency_random,1
11.165000000000001,0.071057716353663314,0,0,low_frequency_random,1
11.17,0.059214716632381502,0,0,low_frequency_random,1
11.175000000000001,0.029974498093530151,0,0,low_frequency_random,1
11.18,0.025493536108337336,0,0,low_frequency_random,1
11.185,0.015210543308126231,0,0,low_frequency_random,1
11.19,0.088209085893238989,0,0,low_frequency_random,1
11.195,0.20423815759177483,0,0,low_frequency_random,1
11.200000000000001,0.25737508630997646,0,0,low_frequency_random,1
11.205,0.16709027635367138,0,0,low_frequency_random,1
11.210000000000001,0.096976027321555358,0,0,low_frequency_random,1
11.215,0.043269872558957791,0,0,low_frequency_random,1
11.220000000000001,0.038190624281693099,0,0,low_frequency_random,1
11.225,0.0035890207426699516,0,0,low_frequency_random,1
11.23,-0.024710549689821386,0,0,low_frequency_random,1
11.234999999999999,-0.098551268062068542,0,0,low_frequency_random,1
11.24,-0.02265463052989812,0,0,low_frequency_random,1
11.245000000000001,0.045063810342608257,0,0,low_frequency_random,1
11.25,0.12068149437491846,0,0,low_frequency_random,1
11.255000000000001,0.11334748761404702,0,0,low_frequency_random,1
11.26,0.14876245187633264,0,0,low_frequency_random,1
11.265000000000001,0.075002752699958888,0,0,low_frequency_random,1
11.27,-0.0064224394012399461,0,0,low_frequency_random,1
11.275,-0.050088312667632508,0,0,low_frequency_random,1
11.279999999999999,-0.0034597433773120648,0,0,low_frequency_random,1
11.285,-0.015604791653906182,0,0,low_frequency_random,1
11.290000000000001,-0.10693504535310171,0,0,low_frequency_random,1
11.295,-0.099221613309876777,0,0,low_frequency_random,1
11.300000000000001,-0.065222324128754033,0,0,low_frequency_random,1
11.305,-0.052102739342110301,0,0,low_frequency_random,1
11.31,-0.10523255237585194,0,0,low_frequency_random,1
11.315,-0.099753442726125324,0,0,low_frequency_random,1
11.32,-0.13308290996580135,0,0,low_frequency_random,1
11.325000000000001,-0.15857698392668712,0,0,low_frequency_random,1
11.33,-0.16510321619136217,0,0,low_frequency_random,1
11.335000000000001,-0.10431999431369787,0,0,low_frequency_random,1
11.34,0.04169951234474252,0,0,low_frequency_random,1
11.345000000000001,0.16572036650733807,0,0,low_frequency_random,1
11.35,0.21490820396349988,0,0,low_frequency_random,1
11.355,0.18178976384841536,0,0,low_frequency_random,1
11.359999999999999,0.15614280760801111,0,0,low_frequency_random,1
11.365,0.134055901094324,0,0,low_frequency_random,1
11.370000000000001,0.22524083044832555,0,0,low_frequency_random,1
11.375,0.003443801372955746,0,0,low_frequency_random,1
11.380000000000001,0.023999312849931446,0,0,low_frequency_random,1
11.385,-0.13512186968317719,0,0,low_frequency_random,1
11.390000000000001,-0.13475678850817241,0,0,low_frequency_random,1
11.395,-0.02838544627332347,0,0,low_frequency_random,1
11.4,-0.10093734485507569,0,0,low_frequency_random,1
11.404999999999999,-0.28260771477557245,0,0,low_frequency_random,1
11.41,-0.17768743236528792,0,0,low_frequency_random,1
11.415000000000001,-0.056635958751941037,0,0,low_frequency_random,1
11.42,-0.016566829106039717,0,0,low_frequency_random,1
11.425000000000001,0.083686730359028003,0,0,low_frequency_random,1
11.43,0.019230322718249301,0,0,low_frequency_random,1
11.435,0.1127095752863643,0,0,low_frequency_random,1
11.44,0.24785795260902965,0,0,low_frequency_random,1
11.445,0.29770830093713263,0,0,low_frequency_random,1
11.450000000000001,0.31865251348510915,0,0,low_frequency_random,1
11.455,0.4194701707864672,0,0,low_frequency_random,1
11.460000000000001,0.50770793983102203,0,0,low_frequency_random,1
11.465,0.4454189987378846,0,0,low_frequency_random,1
11.470000000000001,0.55172815460372293,0,0,low_frequency_random,1
11.475,0.60839735946655527,0,0,low_frequency_random,1
11.48,0.61802687536754042,0,0,low_frequency_random,1
11.484999999999999,0.718981763492481,0,0,low_frequency_random,1
11.49,0.78924732121319474,0,0,low_frequency_random,1
11.495000000000001,0.84483681842881186,0,0,low_frequency_random,1
11.5,0.80009667975122956,0,0,low_frequency_random,1
11.505000000000001,0.8626178023472052,0,0,low_frequency_random,1
11.51,0.76985556681859335,0,0,low_frequency_random,1
11.515000000000001,0.75592520355510107,0,0,low_frequency_random,1
11.52,0.61703205650173598,0,0,low_frequency_random,1
11.525,0.4779434135934143,0,0,low_frequency_random,1
11.529999999999999,0.51091572224874715,0,0,low_frequency_random,1
11.535,0.50182335071017337,0,0,low_frequency_random,1
11.540000000000001,0.50608393278772468,0,0,low_frequency_random,1
11.545,0.55079768306350996,0,0,low_frequency_random,1
11.550000000000001,0.57597941205288217,0,0,low_frequency_random,1
11.555,0.50237286272738102,0,0,low_frequency_random,1
11.56,0.5057271544365276,0,0,low_frequency_random,1
11.565,0.49785259923442798,0,0,low_frequency_random,1
11.57,0.45387569408474299,0,0,low_frequency_random,1
11.575000000000001,0.44167296230624009,0,0,low_frequency_random,1
11.58,0.41030975846528239,0,0,low_frequency_random,1
11.585000000000001,0.3564641747068758,0,0,low_frequency_random,1
11.59,0.32801216978584696,0,0,low_frequency_random,1
11.595000000000001,0.34512788537974382,0,0,low_frequency_random,1
11.6,0.50805279306060958,0,0,low_frequency_random,1
11.605,0.44032332993441564,0,0,low_frequency_random,1
11.609999999999999,0.4797764305865686,0,0,low_frequency_random,1
11.615,0.36076889313819832,0,0,low_frequency_random,1
11.620000000000001,0.48585419313038147,0,0,low_frequency_random,1
11.625,0.45682749533329103,0,0,low_frequency_random,1
11.630000000000001,0.46563139401892539,0,0,low_frequency_random,1
11.635,0.56524762997294997,0,0,low_frequency_random,1
11.640000000000001,0.64124549257931762,0,0,low_frequency_random,1
11.645,0.51899626809474686,0,0,low_frequency_random,1
11.65,0.56071238540862767,0,0,low_frequency_random,1
11.654999999999999,0.53976982240406213,0,0,low_frequency_random,1
11.66,0.58648402593919502,0,0,low_frequency_random,1
11.665000000000001,0.59571926219362847,0,0,low_frequency_random,1
11.67,0.65148434020988066,0,0,low_frequency_random,1
11.675000000000001,0.67153322992649056,0,0,low_frequency_random,1
11.68,0.65702351012036941,0,0,low_frequency_random,1
11.685,0.74767000467813771,0,0,low_frequency_random,1
11.69,0.62072542551210641,0,0,low_frequency_random,1
11.695,0.58307117010829879,0,0,low_frequency_random,1
11.700000000000001,0.50390589183926338,0,0,low_frequency_random,1
11.705,0.48991164177165558,0,0,low_frequency_random,1
11.710000000000001,0.45315858850458962,0,0,low_frequency_random,1
11.715,0.43908415899194558,0,0,low_frequency_random,1
11.720000000000001,0.39775704534119644,0,0,low_frequency_random,1
11.725,0.35829910745386151,0,0,low_frequency_random,1
11.73,0.22531608073233628,0,0,low_frequency_random,1
11.734999999999999,0.2211862703618547,0,0,low_frequency_random,1
11.74,0.24468595928401812,0,0,low_frequency_random,1
11.745000000000001,0.19587637984871292,0,0,low_frequency_random,1
11.75,0.14247555159176253,0,0,low_frequency_random,1
11.755000000000001,0.090327481396952319,0,0,low_frequency_random,1
11.76,0.22386513385665535,0,0,low_frequency_random,1
11.765000000000001,0.23775250071045148,0,0,low_frequency_random,1
11.77,0.26750848975807479,0,0,low_frequency_random,1
11.775,0.24220178427573474,0,0,low_frequency_random,1
11.779999999999999,0.20109797271328522,0,0,low_frequency_random,1
11.785,0.12998397958882735,0,0,low_frequency_random,1
11.790000000000001,0.25239812106927612,0,0,low_frequency_random,1
11.795,0.11544424097490996,0,0,low_frequency_random,1
11.800000000000001,0.13880621365295312,0,0,low_frequency_random,1
11.805,0.13619538759533545,0,0,low_frequency_random,1
11.81,0.115117344696109,0,0,low_frequency_random,1
11.815,-0.010456777891279315,0,0,low_frequency_random,1
11.82,-0.10896016768875767,0,0,low_frequency_random,1
11.825000000000001,-0.03007947331344514,0,0,low_frequency_random,1
11.83,-0.085289632196279844,0,0,low_frequency_random,1
11.835000000000001,-0.014711875839503674,0,0,low_frequency_random,1
11.84,0.038806128479439414,0,0,low_frequency_random,1
11.845000000000001,0.084847641306061122,0,0,low_frequency_random,1
11.85,0.14519179953641692,0,0,low_frequency_random,1
11.855,0.047887875617597386,0,0,low_frequency_random,1
11.859999999999999,0.0098188713693478993,0,0,low_frequency_random,1
11.865,0.063922524899167527,0,0,low_frequency_random,1
11.870000000000001,-0.037133325214589147,0,0,low_frequency_random,1
11.875,0.09588767266625281,0,0,low_frequency_random,1
11.880000000000001,0.050750052092566285,0,0,low_frequency_random,1
11.885,0.045364863657528662,0,0,low_frequency_random,1
11.890000000000001,-0.036666872478420424,0,0,low_frequency_random,1
11.895,-0.0072923019160022057,0,0,low_frequency_random,1
11.9,-0.06581403514465009,0,0,low_frequency_random,1
11.904999999999999,-0.084837574084668271,0,0,low_frequency_random,1
11.91,-0.17528503690946978,0,0,low_frequency_random,1
11.915000000000001,-0.079308116588303362,0,0,low_frequency_random,1
11.92,-0.209196862806448,0,0,low_frequency_random,1
11.925000000000001,-0.17215399161751294,0,0,low_frequency_random,1
11.93,-0.15237707296878383,0,0,low_frequency_random,1
11.935,-0.11668053562159933,0,0,low_frequency_random,1
11.94,-0.19754706887214235,0,0,low_frequency_random,1
11.945,-0.11406885445725662,0,0,low_frequency_random,1
11.950000000000001,-0.036541438861601702,0,0,low_frequency_random,1
11.955,-0.023624521511650787,0,0,low_frequency_random,1
11.960000000000001,0.0014438438677315396,0,0,low_frequency_random,1
11.965,-0.011120690222457819,0,0,low_frequency_random,1
11.970000000000001,0.040250468519003851,0,0,low_frequency_random,1
11.975,-0.025482315081589255,0,0,low_frequency_random,1
11.98,0.018922539775514897,0,0,low_frequency_random,1
11.984999999999999,0.051253182753607365,0,0,low_frequency_random,1
11.99,-0.061523298979308388,0,0,low_frequency_random,1
11.995000000000001,-0.27061677020589286,0,0,low_frequency_random,1
12,-0.27862206065720435,0,0,low_frequency_random,1
