time,wind_x,wind_y,wind_z,profile,seed
0,0,0,0,low_frequency_random,13
0.0050000000000000001,0.14577593349269743,0,0,low_frequency_random,13
0.01,-0.10060329415905367,0,0,low_frequency_random,13
0.014999999999999999,-0.023647629311315407,0,0,low_frequency_random,13
0.02,-0.017972606528702133,0,0,low_frequency_random,13
0.025000000000000001,0.087313932597810853,0,0,low_frequency_random,13
0.029999999999999999,0.117651827130182,0,0,low_frequency_random,13
0.035000000000000003,0.26288103489270453,0,0,low_frequency_random,13
0.040000000000000001,0.26410307544838713,0,0,low_frequency_random,13
0.044999999999999998,0.22159053142049967,0,0,low_frequency_random,13
0.050000000000000003,0.26680828226355657,0,0,low_frequency_random,13
0.055,0.29995987771370869,0,0,low_frequency_random,13
0.059999999999999998,0.26998789240117826,0,0,low_frequency_random,13
0.065000000000000002,0.24890637428658277,0,0,low_frequency_random,13
0.070000000000000007,0.30507661400273522,0,0,low_frequency_random,13
0.074999999999999997,0.35975974737804001,0,0,low_frequency_random,13
0.080000000000000002,0.31854928108203062,0,0,low_frequency_random,13
0.085000000000000006,0.2876168017531997,0,0,low_frequency_random,13
0.089999999999999997,0.14199968217959361,0,0,low_frequency_random,13
0.095000000000000001,0.27529291033709402,0,0,low_frequency_random,13
0.10000000000000001,0.25602137580842466,0,0,low_frequency_random,13
0.105,0.36145975918704282,0,0,low_frequency_random,13
0.11,0.39297089918627026,0,0,low_frequency_random,13
0.115,0.54613998683582088,0,0,low_frequency_random,13
0.12,0.66607811788564575,0,0,low_frequency_random,13
0.125,0.68815638729938511,0,0,low_frequency_random,13
0.13,0.8028897299640394,0,0,low_frequency_random,13
0.13500000000000001,0.72306504841376196,0,0,low_frequency_random,13
0.14000000000000001,0.81989699788872938,0,0,low_frequency_random,13
0.14499999999999999,0.69766932315111796,0,0,low_frequency_random,13
0.14999999999999999,0.7215800878185662,0,0,low_frequency_random,13
0.155,0.80295877739311283,0,0,low_frequency_random,13
0.16,0.8167999417274604,0,0,low_frequency_random,13
0.16500000000000001,0.78342840999825991,0,0,low_frequency_random,13
0.17000000000000001,0.71523701778983539,0,0,low_frequency_random,13
0.17500000000000002,0.68431417445375309,0,0,low_frequency_random,13
0.17999999999999999,0.76478136695425225,0,0,low_frequency_random,13
0.185,0.8320563624108791,0,0,low_frequency_random,13
0.19,0.80698826418810932,0,0,low_frequency_random,13
0.19500000000000001,0.70353172812306475,0,0,low_frequency_random,13
0.20000000000000001,0.75380810930428621,0,0,low_frequency_random,13
0.20500000000000002,0.63434793233467879,0,0,low_frequency_random,13
0.20999999999999999,0.58882166657615231,0,0,low_frequency_random,13
0.215,0.52724529604263559,0,0,low_frequency_random,13
0.22,0.58392852216483027,0,0,low_frequency_random,13
0.22500000000000001,0.59984505403780131,0,0,low_frequency_random,13
0.23000000000000001,0.63370951413602583,0,0,low_frequency_random,13
0.23500000000000001,0.65228713933679561,0,0,low_frequency_random,13
0.23999999999999999,0.59493473833500488,0,0,low_frequency_random,13
0.245,0.63469869517647093,0,0,low_frequency_random,13
0.25,0.74424804726990845,0,0,low_frequency_random,13
0.255,0.73760173416297092,0,0,low_frequency_random,13
0.26000000000000001,0.78448403203189876,0,0,low_frequency_random,13
0.26500000000000001,0.77052427441956428,0,0,low_frequency_random,13
0.27000000000000002,0.84876041959384296,0,0,low_frequency_random,13
0.27500000000000002,0.89772509153144375,0,0,low_frequency_random,13
0.28000000000000003,0.96313842710531061,0,0,low_frequency_random,13
0.28500000000000003,0.98613905416413095,0,0,low_frequency_random,13
0.28999999999999998,1.1120936572160867,0,0,low_frequency_random,13
0.29499999999999998,1.077727100532565,0,0,low_frequency_random,13
0.29999999999999999,1.0456853222048077,0,0,low_frequency_random,13
0.30499999999999999,0.99323927197702944,0,0,low_frequency_random,13
0.31,1.0370405482448424,0,0,low_frequency_random,13
0.315,0.98220048638517587,0,0,low_frequency_random,13
0.32000000000000001,0.92586776847678753,0,0,low_frequency_random,13
0.32500000000000001,0.97930277778072761,0,0,low_frequency_random,13
0.33000000000000002,1.0671542108905847,0,0,low_frequency_random,13
0.33500000000000002,1.1076652448009565,0,0,low_frequency_random,13
0.34000000000000002,0.88802796133400119,0,0,low_frequency_random,13
0.34500000000000003,0.80749863716407133,0,0,low_frequency_random,13
0.35000000000000003,0.71780631373785475,0,0,low_frequency_random,13
0.35499999999999998,0.61786634529447104,0,0,low_frequency_random,13
0.35999999999999999,0.5822446960632347,0,0,low_frequency_random,13
0.36499999999999999,0.72438144475110011,0,0,low_frequency_random,13
0.37,0.6962380447416322,0,0,low_frequency_random,13
0.375,0.63407666423590303,0,0,low_frequency_random,13
0.38,0.68668053945759777,0,0,low_frequency_random,13
0.38500000000000001,0.68877563876671455,0,0,low_frequency_random,13
0.39000000000000001,0.69497076021237691,0,0,low_frequency_random,13
0.39500000000000002,0.63670769925591941,0,0,low_frequency_random,13
0.40000000000000002,0.63341204926215344,0,0,low_frequency_random,13
0.40500000000000003,0.66492914122189362,0,0,low_frequency_random,13
0.41000000000000003,0.5090897332527704,0,0,low_frequency_random,13
0.41500000000000004,0.37805406607922337,0,0,low_frequency_random,13
0.41999999999999998,0.46271689737786326,0,0,low_frequency_random,13
0.42499999999999999,0.52768120302883936,0,0,low_frequency_random,13
0.42999999999999999,0.48461796519723233,0,0,low_frequency_random,13
0.435,0.40078822699168554,0,0,low_frequency_random,13
0.44,0.38398258944334845,0,0,low_frequency_random,13
0.44500000000000001,0.28681351890173823,0,0,low_frequency_random,13
0.45000000000000001,0.25824314916326746,0,0,low_frequency_random,13
0.45500000000000002,0.3887136568444346,0,0,low_frequency_random,13
0.46000000000000002,0.39731432745213607,0,0,low_frequency_random,13
0.46500000000000002,0.48840301642341943,0,0,low_frequency_random,13
0.47000000000000003,0.46820188540607705,0,0,low_frequency_random,13
0.47500000000000003,0.49534623429360497,0,0,low_frequency_random,13
0.47999999999999998,0.6034655345487604,0,0,low_frequency_random,13
0.48499999999999999,0.49384736476576097,0,0,low_frequency_random,13
0.48999999999999999,0.46365540221973461,0,0,low_frequency_random,13
0.495,0.44882234563379159,0,0,low_frequency_random,13
0.5,0.469086050275623,0,0,low_frequency_random,13
0.505,0.59072972471039853,0,0,low_frequency_random,13
0.51000000000000001,0.64248878801084452,0,0,low_frequency_random,13
0.51500000000000001,0.5197699441576964,0,0,low_frequency_random,13
0.52000000000000002,0.49555389912423381,0,0,low_frequency_random,13
0.52500000000000002,0.42176919739215146,0,0,low_frequency_random,13
0.53000000000000003,0.34632527939074575,0,0,low_frequency_random,13
0.53500000000000003,0.50618006892504885,0,0,low_frequency_random,13
0.54000000000000004,0.41882998249515468,0,0,low_frequency_random,13
0.54500000000000004,0.43560549255095121,0,0,low_frequency_random,13
0.55000000000000004,0.37635866741461066,0,0,low_frequency_random,13
0.55500000000000005,0.44318820794256303,0,0,low_frequency_random,13
0.56000000000000005,0.46920346312501848,0,0,low_frequency_random,13
0.56500000000000006,0.47703208600985858,0,0,low_frequency_random,13
0.57000000000000006,0.46857470908964532,0,0,low_frequency_random,13
0.57500000000000007,0.55702796625942852,0,0,low_frequency_random,13
0.57999999999999996,0.47989973922673462,0,0,low_frequency_random,13
0.58499999999999996,0.41949624849412759,0,0,low_frequency_random,13
0.58999999999999997,0.32829837510256693,0,0,low_frequency_random,13
0.59499999999999997,0.43315833904876611,0,0,low_frequency_random,13
0.59999999999999998,0.40757123360414826,0,0,low_frequency_random,13
0.60499999999999998,0.32275345049122561,0,0,low_frequency_random,13
0.60999999999999999,0.28770147924281281,0,0,low_frequency_random,13
0.61499999999999999,0.48573944401244989,0,0,low_frequency_random,13
0.62,0.47474042194146671,0,0,low_frequency_random,13
0.625,0.54020464155297743,0,0,low_frequency_random,13
0.63,0.57463206295142788,0,0,low_frequency_random,13
0.63500000000000001,0.57077788251887773,0,0,low_frequency_random,13
0.64000000000000001,0.51265297264125564,0,0,low_frequency_random,13
0.64500000000000002,0.48341920600644633,0,0,low_frequency_random,13
0.65000000000000002,0.45272269246580144,0,0,low_frequency_random,13
0.65500000000000003,0.274163570703502,0,0,low_frequency_random,13
0.66000000000000003,0.4794897985855977,0,0,low_frequency_random,13
0.66500000000000004,0.55090065139298794,0,0,low_frequency_random,13
0.67000000000000004,0.55743273455152653,0,0,low_frequency_random,13
0.67500000000000004,0.53842518134353134,0,0,low_frequency_random,13
0.68000000000000005,0.47272582436092897,0,0,low_frequency_random,13
0.68500000000000005,0.54614830245364199,0,0,low_frequency_random,13
0.69000000000000006,0.52851319105113936,0,0,low_frequency_random,13
0.69500000000000006,0.56412337012619373,0,0,low_frequency_random,13
0.70000000000000007,0.45058710140866498,0,0,low_frequency_random,13
0.70499999999999996,0.47854237396039573,0,0,low_frequency_random,13
0.70999999999999996,0.63578049870441067,0,0,low_frequency_random,13
0.71499999999999997,0.60949702633814884,0,0,low_frequency_random,13
0.71999999999999997,0.67029388495312114,0,0,low_frequency_random,13
0.72499999999999998,0.66977041919660696,0,0,low_frequency_random,13
0.72999999999999998,0.7546245902183889,0,0,low_frequency_random,13
0.73499999999999999,0.83604180431131669,0,0,low_frequency_random,13
0.73999999999999999,0.83679143448007121,0,0,low_frequency_random,13
0.745,0.78796276966225842,0,0,low_frequency_random,13
0.75,0.80691589033816602,0,0,low_frequency_random,13
0.755,0.80622456647332374,0,0,low_frequency_random,13
0.76000000000000001,0.75289456380943964,0,0,low_frequency_random,13
0.76500000000000001,0.78556668845085875,0,0,low_frequency_random,13
0.77000000000000002,0.81614820248901454,0,0,low_frequency_random,13
0.77500000000000002,0.74113295341291219,0,0,low_frequency_random,13
0.78000000000000003,0.7285397567494365,0,0,low_frequency_random,13
0.78500000000000003,0.95801429758254053,0,0,low_frequency_random,13
0.79000000000000004,1.018419913260286,0,0,low_frequency_random,13
0.79500000000000004,1.0211433524380278,0,0,low_frequency_random,13
0.80000000000000004,1.2164357968585393,0,0,low_frequency_random,13
0.80500000000000005,1.1740274332959302,0,0,low_frequency_random,13
0.81000000000000005,0.97051795785423933,0,0,low_frequency_random,13
0.81500000000000006,0.81350275431667796,0,0,low_frequency_random,13
0.82000000000000006,0.68818778132131142,0,0,low_frequency_random,13
0.82500000000000007,0.70550793196569961,0,0,low_frequency_random,13
0.83000000000000007,0.77990283504918556,0,0,low_frequency_random,13
0.83499999999999996,0.60283096949486403,0,0,low_frequency_random,13
0.83999999999999997,0.68898085124264441,0,0,low_frequency_random,13
0.84499999999999997,0.58757050656220944,0,0,low_frequency_random,13
0.84999999999999998,0.60510359401136504,0,0,low_frequency_random,13
0.85499999999999998,0.63910660450934331,0,0,low_frequency_random,13
0.85999999999999999,0.67041914761728916,0,0,low_frequency_random,13
0.86499999999999999,0.66767767831456581,0,0,low_frequency_random,13
0.87,0.6779931351553804,0,0,low_frequency_random,13
0.875,0.58365350810722472,0,0,low_frequency_random,13
0.88,0.60294434769492167,0,0,low_frequency_random,13
0.88500000000000001,0.67811381649979485,0,0,low_frequency_random,13
0.89000000000000001,0.74864466101314198,0,0,low_frequency_random,13
0.89500000000000002,0.95341752923087464,0,0,low_frequency_random,13
0.90000000000000002,1.0351047469832095,0,0,low_frequency_random,13
0.90500000000000003,1.0879113457492469,0,0,low_frequency_random,13
0.91000000000000003,1.2152334045815876,0,0,low_frequency_random,13
0.91500000000000004,1.2284152865733291,0,0,low_frequency_random,13
0.92000000000000004,1.1193558009884921,0,0,low_frequency_random,13
0.92500000000000004,0.93503124214799582,0,0,low_frequency_random,13
0.93000000000000005,1.0322386446071272,0,0,low_frequency_random,13
0.93500000000000005,1.0724194708635271,0,0,low_frequency_random,13
0.94000000000000006,1.134685405908743,0,0,low_frequency_random,13
0.94500000000000006,1.1024625836261466,0,0,low_frequency_random,13
0.95000000000000007,1.1244815578288188,0,0,low_frequency_random,13
0.95500000000000007,1.2690880177390087,0,0,low_frequency_random,13
0.95999999999999996,1.2894783234571792,0,0,low_frequency_random,13
0.96499999999999997,1.1940281690191668,0,0,low_frequency_random,13
0.96999999999999997,1.1536430618726583,0,0,low_frequency_random,13
0.97499999999999998,1.2584216464858708,0,0,low_frequency_random,13
0.97999999999999998,1.1651658959395814,0,0,low_frequency_random,13
0.98499999999999999,0.95335546189609621,0,0,low_frequency_random,13
0.98999999999999999,0.76554200331255862,0,0,low_frequency_random,13
0.995,0.65487596068908072,0,0,low_frequency_random,13
1,0.71540168936425685,0,0,low_frequency_random,13
1.0050000000000001,0.71889300879140239,0,0,low_frequency_random,13
1.01,0.65487648514515295,0,0,low_frequency_random,13
1.0150000000000001,0.54905584533045348,0,0,low_frequency_random,13
1.02,0.5372210236640903,0,0,low_frequency_random,13
1.0249999999999999,0.52180582471503112,0,0,low_frequency_random,13
1.03,0.47420170255410066,0,0,low_frequency_random,13
1.0349999999999999,0.45226522880465303,0,0,low_frequency_random,13
1.04,0.38910732322787872,0,0,low_frequency_random,13
1.0449999999999999,0.53106450343242451,0,0,low_frequency_random,13
1.05,0.33953290245278644,0,0,low_frequency_random,13
1.0549999999999999,0.34759019657877566,0,0,low_frequency_random,13
1.0600000000000001,0.26490659635875374,0,0,low_frequency_random,13
1.0649999999999999,0.31996567493067368,0,0,low_frequency_random,13
1.0700000000000001,0.29960826710477695,0,0,low_frequency_random,13
1.075,0.32732262840937149,0,0,low_frequency_random,13
1.0800000000000001,0.36811170141358457,0,0,low_frequency_random,13
1.085,0.38266085589183613,0,0,low_frequency_random,13
1.0900000000000001,0.45983776807290633,0,0,low_frequency_random,13
1.095,0.3465038139167872,0,0,low_frequency_random,13
1.1000000000000001,0.42072158807281707,0,0,low_frequency_random,13
1.105,0.4011515318287468,0,0,low_frequency_random,13
1.1100000000000001,0.42952635989149096,0,0,low_frequency_random,13
1.115,0.55159609907106644,0,0,low_frequency_random,13
1.1200000000000001,0.63857313546145,0,0,low_frequency_random,13
1.125,0.79370478363050134,0,0,low_frequency_random,13
1.1300000000000001,0.61014799985937407,0,0,low_frequency_random,13
1.135,0.53082512042264185,0,0,low_frequency_random,13
1.1400000000000001,0.60511860008441221,0,0,low_frequency_random,13
1.145,0.51187197361589887,0,0,low_frequency_random,13
1.1500000000000001,0.4947480189881589,0,0,low_frequency_random,13
1.155,0.62856965722540059,0,0,low_frequency_random,13
1.1599999999999999,0.69523607609367788,0,0,low_frequency_random,13
1.165,0.61497913149059324,0,0,low_frequency_random,13
1.1699999999999999,0.64812585305327874,0,0,low_frequency_random,13
1.175,0.6963885602713491,0,0,low_frequency_random,13
1.1799999999999999,0.69829197147244548,0,0,low_frequency_random,13
1.1850000000000001,0.6867887778982118,0,0,low_frequency_random,13
1.1899999999999999,0.69465975002598979,0,0,low_frequency_random,13
1.1950000000000001,0.5714535028583152,0,0,low_frequency_random,13
1.2,0.57869911024591447,0,0,low_frequency_random,13
1.2050000000000001,0.49865292998409638,0,0,low_frequency_random,13
1.21,0.52757302335650524,0,0,low_frequency_random,13
1.2150000000000001,0.55919343382925413,0,0,low_frequency_random,13
1.22,0.48515917065395392,0,0,low_frequency_random,13
1.2250000000000001,0.53163084139246197,0,0,low_frequency_random,13
1.23,0.55737330139692054,0,0,low_frequency_random,13
1.2350000000000001,0.55123408926413742,0,0,low_frequency_random,13
1.24,0.6064044761627656,0,0,low_frequency_random,13
1.2450000000000001,0.57841871469583517,0,0,low_frequency_random,13
1.25,0.55285791411745278,0,0,low_frequency_random,13
1.2550000000000001,0.55630789326618479,0,0,low_frequency_random,13
1.26,0.54880729168537612,0,0,low_frequency_random,13
1.2650000000000001,0.63721549541741607,0,0,low_frequency_random,13
1.27,0.44459555242944726,0,0,low_frequency_random,13
1.2750000000000001,0.41760220416423255,0,0,low_frequency_random,13
1.28,0.25472506901505554,0,0,low_frequency_random,13
1.2849999999999999,0.21146055539706038,0,0,low_frequency_random,13
1.29,0.22893780142061992,0,0,low_frequency_random,13
1.2949999999999999,0.22602869388548541,0,0,low_frequency_random,13
1.3,0.29986044491004588,0,0,low_frequency_random,13
1.3049999999999999,0.32123789127557922,0,0,low_frequency_random,13
1.3100000000000001,0.098039965369750154,0,0,low_frequency_random,13
1.3149999999999999,0.0051147392864634156,0,0,low_frequency_random,13
1.3200000000000001,0.12588012614154248,0,0,low_frequency_random,13
1.325,0.24622337552281284,0,0,low_frequency_random,13
1.3300000000000001,0.24917264999879288,0,0,low_frequency_random,13
1.335,0.12010657125689864,0,0,low_frequency_random,13
1.3400000000000001,0.28858898354008178,0,0,low_frequency_random,13
1.345,0.11533652675402239,0,0,low_frequency_random,13
1.3500000000000001,0.13473079217724387,0,0,low_frequency_random,13
1.355,0.12513130077344656,0,0,low_frequency_random,13
1.3600000000000001,0.13871724637076002,0,0,low_frequency_random,13
1.365,0.03901562991731608,0,0,low_frequency_random,13
1.3700000000000001,0.0011358694520487642,0,0,low_frequency_random,13
1.375,0.081102135966724651,0,0,low_frequency_random,13
1.3800000000000001,0.035499490450356511,0,0,low_frequency_random,13
1.385,-0.081300592346249395,0,0,low_frequency_random,13
1.3900000000000001,-0.088624563614334267,0,0,low_frequency_random,13
1.395,-0.087682291059579739,0,0,low_frequency_random,13
1.4000000000000001,-0.1048509623399442,0,0,low_frequency_random,13
1.405,-0.17434363520887775,0,0,low_frequency_random,13
1.4099999999999999,-0.13715824302922219,0,0,low_frequency_random,13
1.415,-0.15348824548802775,0,0,low_frequency_random,13
1.4199999999999999,-0.253662099616632,0,0,low_frequency_random,13
1.425,-0.24181184024571251,0,0,low_frequency_random,13
1.4299999999999999,-0.24993553793294992,0,0,low_frequency_random,13
1.4350000000000001,-0.24398591306738249,0,0,low_frequency_random,13
1.4399999999999999,-0.38586573124983753,0,0,low_frequency_random,13
1.4450000000000001,-0.45239310005828848,0,0,low_frequency_random,13
1.45,-0.42037123796454945,0,0,low_frequency_random,13
1.4550000000000001,-0.35032482228659068,0,0,low_frequency_random,13
1.46,-0.32715209653477195,0,0,low_frequency_random,13
1.4650000000000001,-0.31874308599884243,0,0,low_frequency_random,13
1.47,-0.26468656172754501,0,0,low_frequency_random,13
1.4750000000000001,-0.18996902131049948,0,0,low_frequency_random,13
1.48,-0.052649849872254101,0,0,low_frequency_random,13
1.4850000000000001,-0.019177384706937015,0,0,low_frequency_random,13
1.49,-0.068390319136827735,0,0,low_frequency_random,13
1.4950000000000001,-0.033472613692050714,0,0,low_frequency_random,13
1.5,-0.19245270237888845,0,0,low_frequency_random,13
1.5050000000000001,-0.18987861058282784,0,0,low_frequency_random,13
1.51,-0.22702585143857729,0,0,low_frequency_random,13
1.5150000000000001,-0.23001066821761273,0,0,low_frequency_random,13
1.52,-0.19164756392236365,0,0,low_frequency_random,13
1.5250000000000001,-0.18841003243894214,0,0,low_frequency_random,13
1.53,-0.30495571197481253,0,0,low_frequency_random,13
1.5350000000000001,-0.33349302220939725,0,0,low_frequency_random,13
1.54,-0.39719324407079221,0,0,low_frequency_random,13
1.5449999999999999,-0.39802234497328937,0,0,low_frequency_random,13
1.55,-0.36828594122424407,0,0,low_frequency_random,13
1.5549999999999999,-0.4443562628096881,0,0,low_frequency_random,13
1.5600000000000001,-0.38439528857910199,0,0,low_frequency_random,13
1.5649999999999999,-0.2792734730482328,0,0,low_frequency_random,13
1.5700000000000001,-0.30013568396735546,0,0,low_frequency_random,13
1.575,-0.24106566026280896,0,0,low_frequency_random,13
1.5800000000000001,-0.35872667439330863,0,0,low_frequency_random,13
1.585,-0.4006311377654842,0,0,low_frequency_random,13
1.5900000000000001,-0.32220289394749946,0,0,low_frequency_random,13
1.595,-0.46198041652019256,0,0,low_frequency_random,13
1.6000000000000001,-0.50056462336630891,0,0,low_frequency_random,13
1.605,-0.57005714922639628,0,0,low_frequency_random,13
1.6100000000000001,-0.4759367761619166,0,0,low_frequency_random,13
1.615,-0.38253101672609169,0,0,low_frequency_random,13
1.6200000000000001,-0.43083116193837351,0,0,low_frequency_random,13
1.625,-0.41924692481031128,0,0,low_frequency_random,13
1.6300000000000001,-0.62612091878777609,0,0,low_frequency_random,13
1.635,-0.55556103441562354,0,0,low_frequency_random,13
1.6400000000000001,-0.52526755137699188,0,0,low_frequency_random,13
1.645,-0.41717743282297015,0,0,low_frequency_random,13
1.6500000000000001,-0.60610809166066337,0,0,low_frequency_random,13
1.655,-0.57575733837131338,0,0,low_frequency_random,13
1.6600000000000001,-0.60149357392211655,0,0,low_frequency_random,13
1.665,-0.807377806487515,0,0,low_frequency_random,13
1.6699999999999999,-0.85909023884963831,0,0,low_frequency_random,13
1.675,-0.8616862697244545,0,0,low_frequency_random,13
1.6799999999999999,-0.79375080867397219,0,0,low_frequency_random,13
1.6850000000000001,-0.77461383823713748,0,0,low_frequency_random,13
1.6899999999999999,-0.81243665897334072,0,0,low_frequency_random,13
1.6950000000000001,-0.77334443686314747,0,0,low_frequency_random,13
1.7,-0.77861702991812742,0,0,low_frequency_random,13
1.7050000000000001,-0.82712324907319457,0,0,low_frequency_random,13
1.71,-0.90491948138185185,0,0,low_frequency_random,13
1.7150000000000001,-0.88900728304813526,0,0,low_frequency_random,13
1.72,-0.87253185340311368,0,0,low_frequency_random,13
1.7250000000000001,-0.72168469864224849,0,0,low_frequency_random,13
1.73,-0.75456958446460776,0,0,low_frequency_random,13
1.7350000000000001,-0.62318401935262802,0,0,low_frequency_random,13
1.74,-0.59245997614820345,0,0,low_frequency_random,13
1.7450000000000001,-0.49584444155044288,0,0,low_frequency_random,13
1.75,-0.56600539540084305,0,0,low_frequency_random,13
1.7550000000000001,-0.6332794633834834,0,0,low_frequency_random,13
1.76,-0.65503153205794173,0,0,low_frequency_random,13
1.7650000000000001,-0.58052609551324252,0,0,low_frequency_random,13
1.77,-0.56380534496015722,0,0,low_frequency_random,13
1.7750000000000001,-0.50107942743304623,0,0,low_frequency_random,13
1.78,-0.47336664538930617,0,0,low_frequency_random,13
1.7850000000000001,-0.38902830564270791,0,0,low_frequency_random,13
1.79,-0.37136704202104159,0,0,low_frequency_random,13
1.7949999999999999,-0.41152892042846689,0,0,low_frequency_random,13
1.8,-0.36845517504383696,0,0,low_frequency_random,13
1.8049999999999999,-0.35943276983315448,0,0,low_frequency_random,13
1.8100000000000001,-0.21812209958204207,0,0,low_frequency_random,13
1.8149999999999999,-0.2297801036827975,0,0,low_frequency_random,13
1.8200000000000001,-0.21993387398643952,0,0,low_frequency_random,13
1.825,-0.2432909498240185,0,0,low_frequency_random,13
1.8300000000000001,-0.14981943365634603,0,0,low_frequency_random,13
1.835,-0.079277497500019681,0,0,low_frequency_random,13
1.8400000000000001,-0.026924110169180705,0,0,low_frequency_random,13
1.845,-0.1262764161897697,0,0,low_frequency_random,13
1.8500000000000001,-0.24666753399951585,0,0,low_frequency_random,13
1.855,-0.22430032380515041,0,0,low_frequency_random,13
1.8600000000000001,-0.16556269874588592,0,0,low_frequency_random,13
1.865,-0.046696331016692363,0,0,low_frequency_random,13
1.8700000000000001,-0.18976049920739371,0,0,low_frequency_random,13
1.875,-0.20240449286482895,0,0,low_frequency_random,13
1.8800000000000001,-0.33629469452569349,0,0,low_frequency_random,13
1.885,-0.41128392462801339,0,0,low_frequency_random,13
1.8900000000000001,-0.42687669363355196,0,0,low_frequency_random,13
1.895,-0.3478982474884989,0,0,low_frequency_random,13
1.9000000000000001,-0.38818733591927951,0,0,low_frequency_random,13
1.905,-0.44356210720804035,0,0,low_frequency_random,13
1.9100000000000001,-0.46687242993002065,0,0,low_frequency_random,13
1.915,-0.3641816116652743,0,0,low_frequency_random,13
1.9199999999999999,-0.16957439018382583,0,0,low_frequency_random,13
1.925,-0.29178169065376985,0,0,low_frequency_random,13
1.9299999999999999,-0.31215166018248447,0,0,low_frequency_random,13
1.9350000000000001,-0.3449328316040759,0,0,low_frequency_random,13
1.9399999999999999,-0.24994161136670176,0,0,low_frequency_random,13
1.9450000000000001,-0.21392867782387673,0,0,low_frequency_random,13
1.95,-0.089910866805784584,0,0,low_frequency_random,13
1.9550000000000001,-0.17023063177646916,0,0,low_frequency_random,13
1.96,-0.16828255065784864,0,0,low_frequency_random,13
1.9650000000000001,-0.20379672520160183,0,0,low_frequency_random,13
1.97,-0.29027479069366846,0,0,low_frequency_random,13
1.9750000000000001,-0.30143821784649794,0,0,low_frequency_random,13
1.98,-0.39445833200204694,0,0,low_frequency_random,13
1.9850000000000001,-0.21911484047012469,0,0,low_frequency_random,13
1.99,-0.18472199589742644,0,0,low_frequency_random,13
1.9950000000000001,-0.26491460671886341,0,0,low_frequency_random,13
2,-0.31195625632892049,0,0,low_frequency_random,13
2.0049999999999999,-0.17213525532677673,0,0,low_frequency_random,13
2.0100000000000002,-0.2094307710967534,0,0,low_frequency_random,13
2.0150000000000001,-0.1529963257269456,0,0,low_frequency_random,13
2.02,-0.10565738745587737,0,0,low_frequency_random,13
2.0249999999999999,-0.017929977366364813,0,0,low_frequency_random,13
2.0300000000000002,0.032810004603053743,0,0,low_frequency_random,13
2.0350000000000001,0.015879158843026275,0,0,low_frequency_random,13
2.04,-0.031401858465810367,0,0,low_frequency_random,13
2.0449999999999999,-0.17295293569383061,0,0,low_frequency_random,13
2.0499999999999998,-0.17589303939180753,0,0,low_frequency_random,13
2.0550000000000002,-0.16394732771192216,0,0,low_frequency_random,13
2.0600000000000001,-0.19187331726556967,0,0,low_frequency_random,13
2.0649999999999999,-0.20237866646597474,0,0,low_frequency_random,13
2.0699999999999998,-0.29824323277519277,0,0,low_frequency_random,13
2.0750000000000002,-0.12349545466632367,0,0,low_frequency_random,13
2.0800000000000001,-0.16286054597829835,0,0,low_frequency_random,13
2.085,-0.24467336077308563,0,0,low_frequency_random,13
2.0899999999999999,-0.2910947579218317,0,0,low_frequency_random,13
2.0950000000000002,-0.3030869653670184,0,0,low_frequency_random,13
2.1000000000000001,-0.2423714424609234,0,0,low_frequency_random,13
2.105,-0.43486652490015348,0,0,low_frequency_random,13
2.1099999999999999,-0.39154008888549624,0,0,low_frequency_random,13
2.1150000000000002,-0.43873217459039643,0,0,low_frequency_random,13
2.1200000000000001,-0.45084699095084169,0,0,low_frequency_random,13
2.125,-0.36740443741135947,0,0,low_frequency_random,13
2.1299999999999999,-0.30438933145226305,0,0,low_frequency_random,13
2.1350000000000002,-0.356990212267014,0,0,low_frequency_random,13
2.1400000000000001,-0.36260984761537113,0,0,low_frequency_random,13
2.145,-0.21125417724659393,0,0,low_frequency_random,13
2.1499999999999999,-0.10142472883884047,0,0,low_frequency_random,13
2.1550000000000002,-0.03143168989609163,0,0,low_frequency_random,13
2.1600000000000001,-0.030347056638666332,0,0,low_frequency_random,13
2.165,0.046873849272875537,0,0,low_frequency_random,13
2.1699999999999999,0.078595196879732238,0,0,low_frequency_random,13
2.1750000000000003,0.03469472461156043,0,0,low_frequency_random,13
2.1800000000000002,-0.045042187365514068,0,0,low_frequency_random,13
2.1850000000000001,-0.0027580030858969026,0,0,low_frequency_random,13
2.1899999999999999,0.028098838669171559,0,0,low_frequency_random,13
2.1949999999999998,0.12464144222694623,0,0,low_frequency_random,13
2.2000000000000002,0.085795853406713043,0,0,low_frequency_random,13
2.2050000000000001,0.19763482231425847,0,0,low_frequency_random,13
2.21,0.16783598400073099,0,0,low_frequency_random,13
2.2149999999999999,0.26757894050603098,0,0,low_frequency_random,13
2.2200000000000002,0.31019515696529648,0,0,low_frequency_random,13
2.2250000000000001,0.26294296787109223,0,0,low_frequency_random,13
2.23,0.18637287570358785,0,0,low_frequency_random,13
2.2349999999999999,0.1761519019145838,0,0,low_frequency_random,13
2.2400000000000002,0.15451211091612893,0,0,low_frequency_random,13
2.2450000000000001,0.22909428438249652,0,0,low_frequency_random,13
2.25,0.17307944261200633,0,0,low_frequency_random,13
2.2549999999999999,0.054568571730774798,0,0,low_frequency_random,13
2.2600000000000002,0.053103523836107898,0,0,low_frequency_random,13
2.2650000000000001,0.20658126714983413,0,0,low_frequency_random,13
2.27,0.33659935590539558,0,0,low_frequency_random,13
2.2749999999999999,0.28560069375479252,0,0,low_frequency_random,13
2.2800000000000002,0.26259339636354045,0,0,low_frequency_random,13
2.2850000000000001,0.28702863672257284,0,0,low_frequency_random,13
2.29,0.2329613039663524,0,0,low_frequency_random,13
2.2949999999999999,0.21252382206763143,0,0,low_frequency_random,13
2.3000000000000003,0.18977064875378546,0,0,low_frequency_random,13
2.3050000000000002,0.1053126509990292,0,0,low_frequency_random,13
2.3100000000000001,0.055711266451164365,0,0,low_frequency_random,13
2.3149999999999999,0.01701037492758458,0,0,low_frequency_random,13
2.3199999999999998,0.035947020534124949,0,0,low_frequency_random,13
2.3250000000000002,-0.058379740540806996,0,0,low_frequency_random,13
2.3300000000000001,-0.049425081407140817,0,0,low_frequency_random,13
2.335,-0.12729825020635865,0,0,low_frequency_random,13
2.3399999999999999,-0.19097086901107713,0,0,low_frequency_random,13
2.3450000000000002,-0.27947676257424209,0,0,low_frequency_random,13
2.3500000000000001,0.042316614378520911,0,0,low_frequency_random,13
2.355,0.14265313063487167,0,0,low_frequency_random,13
2.3599999999999999,0.24953582235658489,0,0,low_frequency_random,13
2.3650000000000002,0.31342341941929952,0,0,low_frequency_random,13
2.3700000000000001,0.29333392525062157,0,0,low_frequency_random,13
2.375,0.29751164974840921,0,0,low_frequency_random,13
2.3799999999999999,0.31935121074596795,0,0,low_frequency_random,13
2.3850000000000002,0.35370386100620965,0,0,low_frequency_random,13
2.3900000000000001,0.3996444612806071,0,0,low_frequency_random,13
2.395,0.51971970422969327,0,0,low_frequency_random,13
2.3999999999999999,0.2811427595893734,0,0,low_frequency_random,13
2.4050000000000002,0.23566330809182695,0,0,low_frequency_random,13
2.4100000000000001,0.28876590706379124,0,0,low_frequency_random,13
2.415,0.25895706213029096,0,0,low_frequency_random,13
2.4199999999999999,0.24536616209090617,0,0,low_frequency_random,13
2.4250000000000003,0.36333773179183204,0,0,low_frequency_random,13
2.4300000000000002,0.37701275408283264,0,0,low_frequency_random,13
2.4350000000000001,0.51758148304390528,0,0,low_frequency_random,13
2.4399999999999999,0.51169090395111949,0,0,low_frequency_random,13
2.4449999999999998,0.52825662978104948,0,0,low_frequency_random,13
2.4500000000000002,0.44066435173712515,0,0,low_frequency_random,13
2.4550000000000001,0.28001144998371019,0,0,low_frequency_random,13
2.46,0.24536186020977149,0,0,low_frequency_random,13
2.4649999999999999,0.24920719472670363,0,0,low_frequency_random,13
2.4700000000000002,0.22051950077009261,0,0,low_frequency_random,13
2.4750000000000001,0.11194956930978947,0,0,low_frequency_random,13
2.48,0.1639427066863812,0,0,low_frequency_random,13
2.4849999999999999,0.16893816273917764,0,0,low_frequency_random,13
2.4900000000000002,0.16897058223372985,0,0,low_frequency_random,13
2.4950000000000001,0.10612098111643116,0,0,low_frequency_random,13
2.5,0.23728619091796399,0,0,low_frequency_random,13
2.5049999999999999,0.35413861056030743,0,0,low_frequency_random,13
2.5100000000000002,0.37705369313182258,0,0,low_frequency_random,13
2.5150000000000001,0.36602556495181565,0,0,low_frequency_random,13
2.52,0.38448072414558732,0,0,low_frequency_random,13
2.5249999999999999,0.51805462331191532,0,0,low_frequency_random,13
2.5300000000000002,0.73985681575818696,0,0,low_frequency_random,13
2.5350000000000001,0.73722285565358248,0,0,low_frequency_random,13
2.54,0.69956769956194831,0,0,low_frequency_random,13
2.5449999999999999,0.55151344709159789,0,0,low_frequency_random,13
2.5500000000000003,0.77214783599131898,0,0,low_frequency_random,13
2.5550000000000002,0.68022403800396192,0,0,low_frequency_random,13
2.5600000000000001,0.74659924900182129,0,0,low_frequency_random,13
2.5649999999999999,0.78290934595762618,0,0,low_frequency_random,13
2.5699999999999998,0.88561304825186016,0,0,low_frequency_random,13
2.5750000000000002,0.81259421889289762,0,0,low_frequency_random,13
2.5800000000000001,0.67925454044305222,0,0,low_frequency_random,13
2.585,0.68787478892879816,0,0,low_frequency_random,13
2.5899999999999999,0.71738009271758851,0,0,low_frequency_random,13
2.5950000000000002,0.80568158885281616,0,0,low_frequency_random,13
2.6000000000000001,0.66721212945242092,0,0,low_frequency_random,13
2.605,0.62776052940757576,0,0,low_frequency_random,13
2.6099999999999999,0.60373269380640127,0,0,low_frequency_random,13
2.6150000000000002,0.4927794496802092,0,0,low_frequency_random,13
2.6200000000000001,0.47744726316411801,0,0,low_frequency_random,13
2.625,0.5390820949132914,0,0,low_frequency_random,13
2.6299999999999999,0.53382750099724352,0,0,low_frequency_random,13
2.6350000000000002,0.4164006234095991,0,0,low_frequency_random,13
2.6400000000000001,0.44215784575402173,0,0,low_frequency_random,13
2.645,0.50868424517544586,0,0,low_frequency_random,13
2.6499999999999999,0.54915746419363687,0,0,low_frequency_random,13
2.6550000000000002,0.60966077499198112,0,0,low_frequency_random,13
2.6600000000000001,0.47480235430797024,0,0,low_frequency_random,13
2.665,0.50943480796937946,0,0,low_frequency_random,13
2.6699999999999999,0.55502412878218554,0,0,low_frequency_random,13
2.6750000000000003,0.52242704160133135,0,0,low_frequency_random,13
2.6800000000000002,0.5156376365089741,0,0,low_frequency_random,13
2.6850000000000001,0.45161616685855355,0,0,low_frequency_random,13
2.6899999999999999,0.54823370951612405,0,0,low_frequency_random,13
2.6949999999999998,0.52186800735501893,0,0,low_frequency_random,13
2.7000000000000002,0.44406682289814703,0,0,low_frequency_random,13
2.7050000000000001,0.45696217187584592,0,0,low_frequency_random,13
2.71,0.46381632005517409,0,0,low_frequency_random,13
2.7149999999999999,0.51511727531516194,0,0,low_frequency_random,13
2.7200000000000002,0.44613271630497475,0,0,low_frequency_random,13
2.7250000000000001,0.39008115755342332,0,0,low_frequency_random,13
2.73,0.41899536005798255,0,0,low_frequency_random,13
2.7349999999999999,0.59573205677624019,0,0,low_frequency_random,13
2.7400000000000002,0.63029855655907152,0,0,low_frequency_random,13
2.7450000000000001,0.51853885430635138,0,0,low_frequency_random,13
2.75,0.52968427341220492,0,0,low_frequency_random,13
2.7549999999999999,0.4650736738514652,0,0,low_frequency_random,13
2.7600000000000002,0.31509564518130617,0,0,low_frequency_random,13
2.7650000000000001,0.2590838001364677,0,0,low_frequency_random,13
2.77,0.21206656965201456,0,0,low_frequency_random,13
2.7749999999999999,0.24466421534470165,0,0,low_frequency_random,13
2.7800000000000002,0.34919284741079559,0,0,low_frequency_random,13
2.7850000000000001,0.43866124867322742,0,0,low_frequency_random,13
2.79,0.5013695105909669,0,0,low_frequency_random,13
2.7949999999999999,0.46456826608754415,0,0,low_frequency_random,13
2.8000000000000003,0.47499227563481827,0,0,low_frequency_random,13
2.8050000000000002,0.46969789028364106,0,0,low_frequency_random,13
2.8100000000000001,0.58017749349423775,0,0,low_frequency_random,13
2.8149999999999999,0.52542613608290079,0,0,low_frequency_random,13
2.8199999999999998,0.47912077217396143,0,0,low_frequency_random,13
2.8250000000000002,0.59654506759611414,0,0,low_frequency_random,13
2.8300000000000001,0.63997074164510159,0,0,low_frequency_random,13
2.835,0.60116928584476215,0,0,low_frequency_random,13
2.8399999999999999,0.6116553238699729,0,0,low_frequency_random,13
2.8450000000000002,0.62087319930060503,0,0,low_frequency_random,13
2.8500000000000001,0.63320104014005829,0,0,low_frequency_random,13
2.855,0.69435235801576156,0,0,low_frequency_random,13
2.8599999999999999,0.7205569541421043,0,0,low_frequency_random,13
2.8650000000000002,0.70263581703984634,0,0,low_frequency_random,13
2.8700000000000001,0.65903741400348059,0,0,low_frequency_random,13
2.875,0.51807693463182047,0,0,low_frequency_random,13
2.8799999999999999,0.48095564935917945,0,0,low_frequency_random,13
2.8850000000000002,0.57041719793348089,0,0,low_frequency_random,13
2.8900000000000001,0.58610704462897767,0,0,low_frequency_random,13
2.895,0.53140477397677044,0,0,low_frequency_random,13
2.8999999999999999,0.50972412364877073,0,0,low_frequency_random,13
2.9050000000000002,0.4391053583533544,0,0,low_frequency_random,13
2.9100000000000001,0.46054725688889042,0,0,low_frequency_random,13
2.915,0.61912109375282487,0,0,low_frequency_random,13
2.9199999999999999,0.76097365949531892,0,0,low_frequency_random,13
2.9250000000000003,0.8535470060518584,0,0,low_frequency_random,13
2.9300000000000002,0.9123269847239811,0,0,low_frequency_random,13
2.9350000000000001,0.8902370790088463,0,0,low_frequency_random,13
2.9399999999999999,0.78720297585732724,0,0,low_frequency_random,13
2.9449999999999998,0.78484402310292078,0,0,low_frequency_random,13
2.9500000000000002,0.74576321304735171,0,0,low_frequency_random,13
2.9550000000000001,0.80926392198853525,0,0,low_frequency_random,13
2.96,0.81874031471448871,0,0,low_frequency_random,13
2.9649999999999999,0.76949575171076023,0,0,low_frequency_random,13
2.9700000000000002,0.80268655005461398,0,0,low_frequency_random,13
2.9750000000000001,1.0330047476407813,0,0,low_frequency_random,13
2.98,0.95630198873154248,0,0,low_frequency_random,13
2.9849999999999999,1.0433123914782423,0,0,low_frequency_random,13
2.9900000000000002,1.0867270726513647,0,0,low_frequency_random,13
2.9950000000000001,1.0745872372932295,0,0,low_frequency_random,13
3,1.0097680051466802,0,0,low_frequency_random,13
3.0049999999999999,1.0075201133341063,0,0,low_frequency_random,13
3.0100000000000002,1.0212434842308695,0,0,low_frequency_random,13
3.0150000000000001,1.078865405643944,0,0,low_frequency_random,13
3.02,1.131000498834007,0,0,low_frequency_random,13
3.0249999999999999,1.1521441075516918,0,0,low_frequency_random,13
3.0300000000000002,1.0930793328642445,0,0,low_frequency_random,13
3.0350000000000001,1.1130435236050504,0,0,low_frequency_random,13
3.04,1.0714041423222105,0,0,low_frequency_random,13
3.0449999999999999,0.98382400358054523,0,0,low_frequency_random,13
3.0500000000000003,1.0517215898337713,0,0,low_frequency_random,13
3.0550000000000002,0.99453910098084919,0,0,low_frequency_random,13
3.0600000000000001,0.89515007547694814,0,0,low_frequency_random,13
3.0649999999999999,0.89852507468587106,0,0,low_frequency_random,13
3.0700000000000003,0.74084730953252609,0,0,low_frequency_random,13
3.0750000000000002,0.73289028677563128,0,0,low_frequency_random,13
3.0800000000000001,0.76596530884779046,0,0,low_frequency_random,13
3.085,0.72943206468636579,0,0,low_frequency_random,13
3.0899999999999999,0.7456412725363204,0,0,low_frequency_random,13
3.0950000000000002,0.91487226147604961,0,0,low_frequency_random,13
3.1000000000000001,1.0248661050171015,0,0,low_frequency_random,13
3.105,1.0949678312918594,0,0,low_frequency_random,13
3.1099999999999999,1.1381261389646804,0,0,low_frequency_random,13
3.1150000000000002,1.0917902665018029,0,0,low_frequency_random,13
3.1200000000000001,1.0757944977433735,0,0,low_frequency_random,13
3.125,1.0481308079312162,0,0,low_frequency_random,13
3.1299999999999999,1.045584638793799,0,0,low_frequency_random,13
3.1350000000000002,1.0501631852787829,0,0,low_frequency_random,13
3.1400000000000001,0.98068911046996476,0,0,low_frequency_random,13
3.145,1.1049861279255466,0,0,low_frequency_random,13
3.1499999999999999,1.0166243574350835,0,0,low_frequency_random,13
3.1550000000000002,1.0408160326365954,0,0,low_frequency_random,13
3.1600000000000001,1.1184467997597309,0,0,low_frequency_random,13
3.165,1.1107551206102253,0,0,low_frequency_random,13
3.1699999999999999,1.0519058549977076,0,0,low_frequency_random,13
3.1750000000000003,1.0493263365795553,0,0,low_frequency_random,13
3.1800000000000002,1.1991337146069532,0,0,low_frequency_random,13
3.1850000000000001,1.2431163599086748,0,0,low_frequency_random,13
3.1899999999999999,1.2138055385453257,0,0,low_frequency_random,13
3.1950000000000003,1.2544389374381995,0,0,low_frequency_random,13
3.2000000000000002,1.2325120543163564,0,0,low_frequency_random,13
3.2050000000000001,1.0766153159549645,0,0,low_frequency_random,13
3.21,1.090744994361464,0,0,low_frequency_random,13
3.2149999999999999,1.1685435665840616,0,0,low_frequency_random,13
3.2200000000000002,1.2549227903491476,0,0,low_frequency_random,13
3.2250000000000001,1.2434566243276231,0,0,low_frequency_random,13
3.23,1.1244980792017003,0,0,low_frequency_random,13
3.2349999999999999,1.2145942089885573,0,0,low_frequency_random,13
3.2400000000000002,1.1961701046059379,0,0,low_frequency_random,13
3.2450000000000001,1.2490712105758279,0,0,low_frequency_random,13
3.25,1.3330920870192069,0,0,low_frequency_random,13
3.2549999999999999,1.3534644254620385,0,0,low_frequency_random,13
3.2600000000000002,1.3417293826362104,0,0,low_frequency_random,13
3.2650000000000001,1.2847323202812546,0,0,low_frequency_random,13
3.27,1.2435663413843669,0,0,low_frequency_random,13
3.2749999999999999,1.239622940077151,0,0,low_frequency_random,13
3.2800000000000002,1.1962224587631902,0,0,low_frequency_random,13
3.2850000000000001,1.2189858986468909,0,0,low_frequency_random,13
3.29,1.0563826698638628,0,0,low_frequency_random,13
3.2949999999999999,0.96980323673989854,0,0,low_frequency_random,13
3.3000000000000003,0.96188439456494845,0,0,low_frequency_random,13
3.3050000000000002,0.90094894549783655,0,0,low_frequency_random,13
3.3100000000000001,0.85276580526778978,0,0,low_frequency_random,13
3.3149999999999999,0.7568056212070835,0,0,low_frequency_random,13
3.3200000000000003,0.80578537961998686,0,0,low_frequency_random,13
3.3250000000000002,0.93107665786906668,0,0,low_frequency_random,13
3.3300000000000001,0.8450371197924379,0,0,low_frequency_random,13
3.335,0.93152415802226129,0,0,low_frequency_random,13
3.3399999999999999,0.80956568980984134,0,0,low_frequency_random,13
3.3450000000000002,0.81546576598280274,0,0,low_frequency_random,13
3.3500000000000001,0.65017243738400265,0,0,low_frequency_random,13
3.355,0.68434152040382412,0,0,low_frequency_random,13
3.3599999999999999,0.68121641422785362,0,0,low_frequency_random,13
3.3650000000000002,0.68756282921603595,0,0,low_frequency_random,13
3.3700000000000001,0.77977978588049379,0,0,low_frequency_random,13
3.375,0.82160278452793434,0,0,low_frequency_random,13
3.3799999999999999,0.81365555093496011,0,0,low_frequency_random,13
3.3850000000000002,0.7423661278578858,0,0,low_frequency_random,13
3.3900000000000001,0.74079130974923391,0,0,low_frequency_random,13
3.395,0.67979017314666246,0,0,low_frequency_random,13
3.3999999999999999,0.64062201053782608,0,0,low_frequency_random,13
3.4050000000000002,0.75335009394461527,0,0,low_frequency_random,13
3.4100000000000001,0.81739010788480104,0,0,low_frequency_random,13
3.415,0.83408128299790485,0,0,low_frequency_random,13
3.4199999999999999,0.87782809588029931,0,0,low_frequency_random,13
3.4250000000000003,0.75593886161025181,0,0,low_frequency_random,13
3.4300000000000002,0.75825134357292678,0,0,low_frequency_random,13
3.4350000000000001,0.61693871522058674,0,0,low_frequency_random,13
3.4399999999999999,0.55812590284262753,0,0,low_frequency_random,13
3.4450000000000003,0.58216437683418765,0,0,low_frequency_random,13
3.4500000000000002,0.60656096349009814,0,0,low_frequency_random,13
3.4550000000000001,0.65654213455179244,0,0,low_frequency_random,13
3.46,0.66252893873587904,0,0,low_frequency_random,13
3.4649999999999999,0.65992697387035681,0,0,low_frequency_random,13
3.4700000000000002,0.65290575488833469,0,0,low_frequency_random,13
3.4750000000000001,0.75815469814725667,0,0,low_frequency_random,13
3.48,0.85436879171702307,0,0,low_frequency_random,13
3.4849999999999999,0.72998273415999881,0,0,low_frequency_random,13
3.4900000000000002,0.73259553270172517,0,0,low_frequency_random,13
3.4950000000000001,0.82774036197646395,0,0,low_frequency_random,13
3.5,0.79882798902346663,0,0,low_frequency_random,13
3.5049999999999999,0.80782861637951242,0,0,low_frequency_random,13
3.5100000000000002,0.7509978180231901,0,0,low_frequency_random,13
3.5150000000000001,0.64638877068495226,0,0,low_frequency_random,13
3.52,0.64845000083522708,0,0,low_frequency_random,13
3.5249999999999999,0.60683822355489947,0,0,low_frequency_random,13
3.5300000000000002,0.58477617272314297,0,0,low_frequency_random,13
3.5350000000000001,0.45980562199374719,0,0,low_frequency_random,13
3.54,0.35798824902512205,0,0,low_frequency_random,13
3.5449999999999999,0.33812388915366098,0,0,low_frequency_random,13
3.5500000000000003,0.29296944163504968,0,0,low_frequency_random,13
3.5550000000000002,0.32688980732761252,0,0,low_frequency_random,13
3.5600000000000001,0.23235364935546243,0,0,low_frequency_random,13
3.5649999999999999,0.27841881129408214,0,0,low_frequency_random,13
3.5700000000000003,0.31274571664420014,0,0,low_frequency_random,13
3.5750000000000002,0.30853725200621263,0,0,low_frequency_random,13
3.5800000000000001,0.34809776538277182,0,0,low_frequency_random,13
3.585,0.32909071773756576,0,0,low_frequency_random,13
3.5899999999999999,0.30094154688570429,0,0,low_frequency_random,13
3.5950000000000002,0.28590141359577093,0,0,low_frequency_random,13
3.6000000000000001,0.17184803215822356,0,0,low_frequency_random,13
3.605,0.15598727753800667,0,0,low_frequency_random,13
3.6099999999999999,0.20659182967614764,0,0,low_frequency_random,13
3.6150000000000002,0.065109301026601035,0,0,low_frequency_random,13
3.6200000000000001,0.10691964901328319,0,0,low_frequency_random,13
3.625,0.043029852385110298,0,0,low_frequency_random,13
3.6299999999999999,0.0015266126862533286,0,0,low_frequency_random,13
3.6350000000000002,-0.0043246724300910694,0,0,low_frequency_random,13
3.6400000000000001,0.0024220620768714536,0,0,low_frequency_random,13
3.645,0.097986642815871522,0,0,low_frequency_random,13
3.6499999999999999,0.072805578445945235,0,0,low_frequency_random,13
3.6550000000000002,0.1958192384068243,0,0,low_frequency_random,13
3.6600000000000001,0.18506102474156516,0,0,low_frequency_random,13
3.665,0.20989864499888683,0,0,low_frequency_random,13
3.6699999999999999,0.24987265643017365,0,0,low_frequency_random,13
3.6750000000000003,0.18295225427121697,0,0,low_frequency_random,13
3.6800000000000002,0.080606433504117031,0,0,low_frequency_random,13
3.6850000000000001,0.077017195927870374,0,0,low_frequency_random,13
3.6899999999999999,0.12053640200004719,0,0,low_frequency_random,13
3.6950000000000003,0.17722833571296071,0,0,low_frequency_random,13
3.7000000000000002,0.13676688853121893,0,0,low_frequency_random,13
3.7050000000000001,0.26579391336886071,0,0,low_frequency_random,13
3.71,0.24462519994265741,0,0,low_frequency_random,13
3.7149999999999999,0.1801271273677259,0,0,low_frequency_random,13
3.7200000000000002,0.26327413487684148,0,0,low_frequency_random,13
3.7250000000000001,0.35192046216163719,0,0,low_frequency_random,13
3.73,0.26774870811734625,0,0,low_frequency_random,13
3.7349999999999999,0.32657878781186672,0,0,low_frequency_random,13
3.7400000000000002,0.21909197618258508,0,0,low_frequency_random,13
3.7450000000000001,0.21710975672921695,0,0,low_frequency_random,13
3.75,0.3933904533943513,0,0,low_frequency_random,13
3.7549999999999999,0.49167378507061388,0,0,low_frequency_random,13
3.7600000000000002,0.5436528007671434,0,0,low_frequency_random,13
3.7650000000000001,0.59144620862860042,0,0,low_frequency_random,13
3.77,0.5222490484264033,0,0,low_frequency_random,13
3.7749999999999999,0.54620807351320344,0,0,low_frequency_random,13
3.7800000000000002,0.57967653958159759,0,0,low_frequency_random,13
3.7850000000000001,0.49519057403408367,0,0,low_frequency_random,13
3.79,0.51007939313063622,0,0,low_frequency_random,13
3.7949999999999999,0.55260091303102754,0,0,low_frequency_random,13
3.8000000000000003,0.56869040420569028,0,0,low_frequency_random,13
3.8050000000000002,0.60207857002460086,0,0,low_frequency_random,13
3.8100000000000001,0.58315028156768411,0,0,low_frequency_random,13
3.8149999999999999,0.49320178042061058,0,0,low_frequency_random,13
3.8200000000000003,0.49594092871370354,0,0,low_frequency_random,13
3.8250000000000002,0.34309925734579477,0,0,low_frequency_random,13
3.8300000000000001,0.28726524233077033,0,0,low_frequency_random,13
3.835,0.37586786004448369,0,0,low_frequency_random,13
3.8399999999999999,0.51943389500917836,0,0,low_frequency_random,13
3.8450000000000002,0.55257389621874364,0,0,low_frequency_random,13
3.8500000000000001,0.36117977403388929,0,0,low_frequency_random,13
3.855,0.46943924058410302,0,0,low_frequency_random,13
3.8599999999999999,0.51398312916069899,0,0,low_frequency_random,13
3.8650000000000002,0.50005214641915263,0,0,low_frequency_random,13
3.8700000000000001,0.56110588886081247,0,0,low_frequency_random,13
3.875,0.60577397247860099,0,0,low_frequency_random,13
3.8799999999999999,0.51173093715747375,0,0,low_frequency_random,13
3.8850000000000002,0.40987389132276741,0,0,low_frequency_random,13
3.8900000000000001,0.49478549113585474,0,0,low_frequency_random,13
3.895,0.31376638240488897,0,0,low_frequency_random,13
3.8999999999999999,0.36430198718735463,0,0,low_frequency_random,13
3.9050000000000002,0.39206854830008081,0,0,low_frequency_random,13
3.9100000000000001,0.47270580274318325,0,0,low_frequency_random,13
3.915,0.61390094062277245,0,0,low_frequency_random,13
3.9199999999999999,0.72219330631862055,0,0,low_frequency_random,13
3.9250000000000003,0.84751023015003302,0,0,low_frequency_random,13
3.9300000000000002,0.91390025964940291,0,0,low_frequency_random,13
3.9350000000000001,0.95504374322066199,0,0,low_frequency_random,13
3.9399999999999999,1.0411647957993611,0,0,low_frequency_random,13
3.9450000000000003,1.0408377453465216,0,0,low_frequency_random,13
3.9500000000000002,0.96881018674066666,0,0,low_frequency_random,13
3.9550000000000001,0.96356819167244989,0,0,low_frequency_random,13
3.96,0.837194995511926,0,0,low_frequency_random,13
3.9650000000000003,0.79501238509408001,0,0,low_frequency_random,13
3.9700000000000002,0.96132292416096632,0,0,low_frequency_random,13
3.9750000000000001,1.0036014847811205,0,0,low_frequency_random,13
3.98,0.99029575040027018,0,0,low_frequency_random,13
3.9849999999999999,0.9431735738441599,0,0,low_frequency_random,13
3.9900000000000002,0.8029049652809197,0,0,low_frequency_random,13
3.9950000000000001,0.76146965934571609,0,0,low_frequency_random,13
4,0.70106832348606818,0,0,low_frequency_random,13
4.0049999999999999,0.70259258940784708,0,0,low_frequency_random,13
4.0099999999999998,0.71039166594733594,0,0,low_frequency_random,13
4.0149999999999997,0.7062045516400679,0,0,low_frequency_random,13
4.0200000000000005,0.5550977833625993,0,0,low_frequency_random,13
4.0250000000000004,0.67251424247528613,0,0,low_frequency_random,13
4.0300000000000002,0.70868053433763467,0,0,low_frequency_random,13
4.0350000000000001,0.7100222599981646,0,0,low_frequency_random,13
4.04,0.68472570844565062,0,0,low_frequency_random,13
4.0449999999999999,0.72033775032825997,0,0,low_frequency_random,13
4.0499999999999998,0.8198368366492137,0,0,low_frequency_random,13
4.0549999999999997,0.86781931129541667,0,0,low_frequency_random,13
4.0600000000000005,0.77456656252046963,0,0,low_frequency_random,13
4.0650000000000004,0.67412809386112438,0,0,low_frequency_random,13
4.0700000000000003,0.48562681071372504,0,0,low_frequency_random,13
4.0750000000000002,0.49594428844850003,0,0,low_frequency_random,13
4.0800000000000001,0.55278816912409545,0,0,low_frequency_random,13
4.085,0.64915043092302938,0,0,low_frequency_random,13
4.0899999999999999,0.65829297105342954,0,0,low_frequency_random,13
4.0949999999999998,0.72154827038403102,0,0,low_frequency_random,13
4.0999999999999996,0.64618796604742557,0,0,low_frequency_random,13
4.1050000000000004,0.68544414663380626,0,0,low_frequency_random,13
4.1100000000000003,0.67286338755424424,0,0,low_frequency_random,13
4.1150000000000002,0.61698443219348476,0,0,low_frequency_random,13
4.1200000000000001,0.48034234697729261,0,0,low_frequency_random,13
4.125,0.57023833464246998,0,0,low_frequency_random,13
4.1299999999999999,0.3878540694017677,0,0,low_frequency_random,13
4.1349999999999998,0.43581880513128146,0,0,low_frequency_random,13
4.1399999999999997,0.36962773893696804,0,0,low_frequency_random,13
4.1450000000000005,0.41612911792761381,0,0,low_frequency_random,13
4.1500000000000004,0.36976576599473421,0,0,low_frequency_random,13
4.1550000000000002,0.42778479480137199,0,0,low_frequency_random,13
4.1600000000000001,0.40808404354264316,0,0,low_frequency_random,13
4.165,0.32243997955829634,0,0,low_frequency_random,13
4.1699999999999999,0.27928039747923999,0,0,low_frequency_random,13
4.1749999999999998,0.14897139881105884,0,0,low_frequency_random,13
4.1799999999999997,0.16976067654903593,0,0,low_frequency_random,13
4.1850000000000005,0.25159549801429382,0,0,low_frequency_random,13
4.1900000000000004,0.2834002086808225,0,0,low_frequency_random,13
4.1950000000000003,0.29009064568942838,0,0,low_frequency_random,13
4.2000000000000002,0.39111833595585144,0,0,low_frequency_random,13
4.2050000000000001,0.29576263127371061,0,0,low_frequency_random,13
4.21,0.33823585183356042,0,0,low_frequency_random,13
4.2149999999999999,0.33695690293217329,0,0,low_frequency_random,13
4.2199999999999998,0.2973787002925703,0,0,low_frequency_random,13
4.2249999999999996,0.33940241103980345,0,0,low_frequency_random,13
4.2300000000000004,0.24605871907818316,0,0,low_frequency_random,13
4.2350000000000003,0.23381842635121594,0,0,low_frequency_random,13
4.2400000000000002,0.25927889200629289,0,0,low_frequency_random,13
4.2450000000000001,0.16474536621290886,0,0,low_frequency_random,13
4.25,0.14493385512884394,0,0,low_frequency_random,13
4.2549999999999999,0.1859135401536493,0,0,low_frequency_random,13
4.2599999999999998,0.26066961214770701,0,0,low_frequency_random,13
4.2649999999999997,0.18390591599610684,0,0,low_frequency_random,13
4.2700000000000005,0.25448598082862811,0,0,low_frequency_random,13
4.2750000000000004,0.22941804549185862,0,0,low_frequency_random,13
4.2800000000000002,0.23543349803648053,0,0,low_frequency_random,13
4.2850000000000001,0.19022193970131748,0,0,low_frequency_random,13
4.29,0.25129144244709228,0,0,low_frequency_random,13
4.2949999999999999,0.19351745205013229,0,0,low_frequency_random,13
4.2999999999999998,0.21485187601085112,0,0,low_frequency_random,13
4.3049999999999997,0.24374927344216965,0,0,low_frequency_random,13
4.3100000000000005,0.30251534950483849,0,0,low_frequency_random,13
4.3150000000000004,0.21778780221393262,0,0,low_frequency_random,13
4.3200000000000003,0.27817034678534958,0,0,low_frequency_random,13
4.3250000000000002,0.27913685335986338,0,0,low_frequency_random,13
4.3300000000000001,0.39329085754520776,0,0,low_frequency_random,13
4.335,0.36358425106868203,0,0,low_frequency_random,13
4.3399999999999999,0.31612090717594654,0,0,low_frequency_random,13
4.3449999999999998,0.30964508908835858,0,0,low_frequency_random,13
4.3500000000000005,0.2827942319787583,0,0,low_frequency_random,13
4.3550000000000004,0.26744575579921165,0,0,low_frequency_random,13
4.3600000000000003,0.16446260106623514,0,0,low_frequency_random,13
4.3650000000000002,-0.002948079029985784,0,0,low_frequency_random,13
4.3700000000000001,-0.12062158793884507,0,0,low_frequency_random,13
4.375,-0.16774925828867743,0,0,low_frequency_random,13
4.3799999999999999,-0.13330436051745356,0,0,low_frequency_random,13
4.3849999999999998,-0.15814807509543621,0,0,low_frequency_random,13
4.3899999999999997,-0.23461079624730552,0,0,low_frequency_random,13
4.3950000000000005,-0.24655064774645349,0,0,low_frequency_random,13
4.4000000000000004,-0.24105484491971932,0,0,low_frequency_random,13
4.4050000000000002,-0.020203925584770188,0,0,low_frequency_random,13
4.4100000000000001,0.08124849840123631,0,0,low_frequency_random,13
4.415,0.095134848446247686,0,0,low_frequency_random,13
4.4199999999999999,-0.022093401681643171,0,0,low_frequency_random,13
4.4249999999999998,-0.036701709965105619,0,0,low_frequency_random,13
4.4299999999999997,-0.061517246057974852,0,0,low_frequency_random,13
4.4350000000000005,-0.017594485557585755,0,0,low_frequency_random,13
4.4400000000000004,0.15116484407128516,0,0,low_frequency_random,13
4.4450000000000003,0.14452438727506112,0,0,low_frequency_random,13
4.4500000000000002,-0.014097818377756088,0,0,low_frequency_random,13
4.4550000000000001,-0.02398302663022691,0,0,low_frequency_random,13
4.46,-0.15833400501815445,0,0,low_frequency_random,13
4.4649999999999999,-0.091251373230967298,0,0,low_frequency_random,13
4.4699999999999998,-0.0031862562341081757,0,0,low_frequency_random,13
4.4750000000000005,0.023062974197751065,0,0,low_frequency_random,13
4.4800000000000004,-0.096060507838513678,0,0,low_frequency_random,13
4.4850000000000003,-0.11021265384765877,0,0,low_frequency_random,13
4.4900000000000002,-0.013197958696418571,0,0,low_frequency_random,13
4.4950000000000001,-0.09353603659311803,0,0,low_frequency_random,13
4.5,-0.14061615743488834,0,0,low_frequency_random,13
4.5049999999999999,-0.11978976663788818,0,0,low_frequency_random,13
4.5099999999999998,-0.079762979137567802,0,0,low_frequency_random,13
4.5149999999999997,-0.073238386875878955,0,0,low_frequency_random,13
4.5200000000000005,-0.045925863072366811,0,0,low_frequency_random,13
4.5250000000000004,-0.029248974160390819,0,0,low_frequency_random,13
4.5300000000000002,-0.075561089157786809,0,0,low_frequency_random,13
4.5350000000000001,-0.081849064579386496,0,0,low_frequency_random,13
4.54,-0.058872804052019945,0,0,low_frequency_random,13
4.5449999999999999,-0.14573560370330688,0,0,low_frequency_random,13
4.5499999999999998,-0.12952827317991181,0,0,low_frequency_random,13
4.5549999999999997,-0.12112594219238834,0,0,low_frequency_random,13
4.5600000000000005,-0.083707742224439274,0,0,low_frequency_random,13
4.5650000000000004,-0.055539171399291834,0,0,low_frequency_random,13
4.5700000000000003,-0.13898358651722303,0,0,low_frequency_random,13
4.5750000000000002,-0.23871436481883895,0,0,low_frequency_random,13
4.5800000000000001,-0.21756706683034813,0,0,low_frequency_random,13
4.585,-0.22850113020333382,0,0,low_frequency_random,13
4.5899999999999999,-0.21933825580652963,0,0,low_frequency_random,13
4.5949999999999998,-0.26321487751556821,0,0,low_frequency_random,13
4.6000000000000005,-0.36387394856394428,0,0,low_frequency_random,13
4.6050000000000004,-0.34070662063487839,0,0,low_frequency_random,13
4.6100000000000003,-0.34954947306085143,0,0,low_frequency_random,13
4.6150000000000002,-0.29882824654498585,0,0,low_frequency_random,13
4.6200000000000001,-0.21029039971986552,0,0,low_frequency_random,13
4.625,-0.1221143646592342,0,0,low_frequency_random,13
4.6299999999999999,-0.042690497561773649,0,0,low_frequency_random,13
4.6349999999999998,-0.11910041967161984,0,0,low_frequency_random,13
4.6399999999999997,-0.28705165819940898,0,0,low_frequency_random,13
4.6450000000000005,-0.33485830191623284,0,0,low_frequency_random,13
4.6500000000000004,-0.4299988947236999,0,0,low_frequency_random,13
4.6550000000000002,-0.5334474667281901,0,0,low_frequency_random,13
4.6600000000000001,-0.47893937267951486,0,0,low_frequency_random,13
4.665,-0.60555133552332618,0,0,low_frequency_random,13
4.6699999999999999,-0.53027202095311066,0,0,low_frequency_random,13
4.6749999999999998,-0.44082560797220849,0,0,low_frequency_random,13
4.6799999999999997,-0.22689885963792247,0,0,low_frequency_random,13
4.6850000000000005,-0.14353448706118366,0,0,low_frequency_random,13
4.6900000000000004,0.023828882014029551,0,0,low_frequency_random,13
4.6950000000000003,-0.02805864700101594,0,0,low_frequency_random,13
4.7000000000000002,-0.082924607747870818,0,0,low_frequency_random,13
4.7050000000000001,-0.005095988163404383,0,0,low_frequency_random,13
4.71,-0.11053253749411635,0,0,low_frequency_random,13
4.7149999999999999,-0.019606497615611757,0,0,low_frequency_random,13
4.7199999999999998,-0.041964686548915192,0,0,low_frequency_random,13
4.7250000000000005,-0.19911991120225439,0,0,low_frequency_random,13
4.7300000000000004,-0.051125961446341545,0,0,low_frequency_random,13
4.7350000000000003,-0.14077333043781651,0,0,low_frequency_random,13
4.7400000000000002,0.058584501510149101,0,0,low_frequency_random,13
4.7450000000000001,-0.060007380784250906,0,0,low_frequency_random,13
4.75,-0.12778234673991262,0,0,low_frequency_random,13
4.7549999999999999,-0.11066336097497517,0,0,low_frequency_random,13
4.7599999999999998,-0.10960790379784367,0,0,low_frequency_random,13
4.7649999999999997,-0.23565496156875454,0,0,low_frequency_random,13
4.7700000000000005,-0.22644676120608712,0,0,low_frequency_random,13
4.7750000000000004,-0.21099726996648863,0,0,low_frequency_random,13
4.7800000000000002,-0.17422871778000354,0,0,low_frequency_random,13
4.7850000000000001,-0.30210740359997934,0,0,low_frequency_random,13
4.79,-0.34942259471919396,0,0,low_frequency_random,13
4.7949999999999999,-0.35669454172701365,0,0,low_frequency_random,13
4.7999999999999998,-0.29121098029124587,0,0,low_frequency_random,13
4.8049999999999997,-0.27706009649849311,0,0,low_frequency_random,13
4.8100000000000005,-0.30385081684852239,0,0,low_frequency_random,13
4.8150000000000004,-0.33669192303238721,0,0,low_frequency_random,13
4.8200000000000003,-0.21906596828037073,0,0,low_frequency_random,13
4.8250000000000002,-0.28373389868920251,0,0,low_frequency_random,13
4.8300000000000001,-0.25899701568861827,0,0,low_frequency_random,13
4.835,-0.43121149344432619,0,0,low_frequency_random,13
4.8399999999999999,-0.29385649659743851,0,0,low_frequency_random,13
4.8449999999999998,-0.25624712713423742,0,0,low_frequency_random,13
4.8500000000000005,-0.39580253838876656,0,0,low_frequency_random,13
4.8550000000000004,-0.34599368589474749,0,0,low_frequency_random,13
4.8600000000000003,-0.23398089279577466,0,0,low_frequency_random,13
4.8650000000000002,-0.16799487318224091,0,0,low_frequency_random,13
4.8700000000000001,-0.16157048445026304,0,0,low_frequency_random,13
4.875,-0.093697617987219789,0,0,low_frequency_random,13
4.8799999999999999,-0.15292334154475612,0,0,low_frequency_random,13
4.8849999999999998,-0.17281641712718571,0,0,low_frequency_random,13
4.8899999999999997,-0.20085915751757341,0,0,low_frequency_random,13
4.8950000000000005,-0.19419676620975573,0,0,low_frequency_random,13
4.9000000000000004,-0.27687247517453989,0,0,low_frequency_random,13
4.9050000000000002,-0.16598788427126676,0,0,low_frequency_random,13
4.9100000000000001,-0.17549050427455345,0,0,low_frequency_random,13
4.915,-0.26107771737308577,0,0,low_frequency_random,13
4.9199999999999999,-0.27755700427706109,0,0,low_frequency_random,13
4.9249999999999998,-0.24741595451066165,0,0,low_frequency_random,13
4.9299999999999997,-0.24295622798719452,0,0,low_frequency_random,13
4.9350000000000005,-0.15436720244614066,0,0,low_frequency_random,13
4.9400000000000004,-0.18248482828033424,0,0,low_frequency_random,13
4.9450000000000003,-0.24343877986858781,0,0,low_frequency_random,13
4.9500000000000002,-0.20263425801981855,0,0,low_frequency_random,13
4.9550000000000001,-0.099972653041935769,0,0,low_frequency_random,13
4.96,-0.17696798444573048,0,0,low_frequency_random,13
4.9649999999999999,-0.30311606052612061,0,0,low_frequency_random,13
4.9699999999999998,-0.35341768699038245,0,0,low_frequency_random,13
4.9750000000000005,-0.35817803618137711,0,0,low_frequency_random,13
4.9800000000000004,-0.43902281225152534,0,0,low_frequency_random,13
4.9850000000000003,-0.42442401235060984,0,0,low_frequency_random,13
4.9900000000000002,-0.49177426436030874,0,0,low_frequency_random,13
4.9950000000000001,-0.41878289941233104,0,0,low_frequency_random,13
5,-0.51207594177992044,0,0,low_frequency_random,13
5.0049999999999999,-0.58315777542292901,0,0,low_frequency_random,13
5.0099999999999998,-0.57536117379168517,0,0,low_frequency_random,13
5.0149999999999997,-0.51949616794031617,0,0,low_frequency_random,13
5.0200000000000005,-0.44430751289641662,0,0,low_frequency_random,13
5.0250000000000004,-0.49802804166286663,0,0,low_frequency_random,13
5.0300000000000002,-0.49507436088882256,0,0,low_frequency_random,13
5.0350000000000001,-0.45065162701557648,0,0,low_frequency_random,13
5.04,-0.33574124833634239,0,0,low_frequency_random,13
5.0449999999999999,-0.40632519368883185,0,0,low_frequency_random,13
5.0499999999999998,-0.50491815416143337,0,0,low_frequency_random,13
5.0549999999999997,-0.4650769073622571,0,0,low_frequency_random,13
5.0600000000000005,-0.48407344512512213,0,0,low_frequency_random,13
5.0650000000000004,-0.37540516064123897,0,0,low_frequency_random,13
5.0700000000000003,-0.3728353518714706,0,0,low_frequency_random,13
5.0750000000000002,-0.34639369967996747,0,0,low_frequency_random,13
5.0800000000000001,-0.40864093838928245,0,0,low_frequency_random,13
5.085,-0.38565174293793458,0,0,low_frequency_random,13
5.0899999999999999,-0.28746289172152573,0,0,low_frequency_random,13
5.0949999999999998,-0.30715582401189018,0,0,low_frequency_random,13
5.1000000000000005,-0.40213273515545361,0,0,low_frequency_random,13
5.1050000000000004,-0.33094589425898813,0,0,low_frequency_random,13
5.1100000000000003,-0.35540747852503207,0,0,low_frequency_random,13
5.1150000000000002,-0.35063450577049216,0,0,low_frequency_random,13
5.1200000000000001,-0.40734885689853612,0,0,low_frequency_random,13
5.125,-0.33166284305289445,0,0,low_frequency_random,13
5.1299999999999999,-0.39100190534606771,0,0,low_frequency_random,13
5.1349999999999998,-0.42909248260505894,0,0,low_frequency_random,13
5.1399999999999997,-0.42794195143218328,0,0,low_frequency_random,13
5.1450000000000005,-0.44348590303115287,0,0,low_frequency_random,13
5.1500000000000004,-0.62183665307797087,0,0,low_frequency_random,13
5.1550000000000002,-0.58284988610745003,0,0,low_frequency_random,13
5.1600000000000001,-0.67464940394211648,0,0,low_frequency_random,13
5.165,-0.65240404584513323,0,0,low_frequency_random,13
5.1699999999999999,-0.68195534654818712,0,0,low_frequency_random,13
5.1749999999999998,-0.6901139681160301,0,0,low_frequency_random,13
5.1799999999999997,-0.74706582505706365,0,0,low_frequency_random,13
5.1850000000000005,-0.82984089574405806,0,0,low_frequency_random,13
5.1900000000000004,-0.81600487186630744,0,0,low_frequency_random,13
5.1950000000000003,-0.79648685286077425,0,0,low_frequency_random,13
5.2000000000000002,-0.71378697394806878,0,0,low_frequency_random,13
5.2050000000000001,-0.66908558572617982,0,0,low_frequency_random,13
5.21,-0.72348475439975823,0,0,low_frequency_random,13
5.2149999999999999,-0.62856124402044766,0,0,low_frequency_random,13
5.2199999999999998,-0.4513083978482606,0,0,low_frequency_random,13
5.2250000000000005,-0.39373559406507636,0,0,low_frequency_random,13
5.2300000000000004,-0.40889654534874814,0,0,low_frequency_random,13
5.2350000000000003,-0.48595974269116959,0,0,low_frequency_random,13
5.2400000000000002,-0.47844043690855959,0,0,low_frequency_random,13
5.2450000000000001,-0.59265193645041325,0,0,low_frequency_random,13
5.25,-0.52839239550713291,0,0,low_frequency_random,13
5.2549999999999999,-0.55817142939172082,0,0,low_frequency_random,13
5.2599999999999998,-0.60335328655472953,0,0,low_frequency_random,13
5.2649999999999997,-0.5819288256760714,0,0,low_frequency_random,13
5.2700000000000005,-0.68020039416539835,0,0,low_frequency_random,13
5.2750000000000004,-0.81783606057590152,0,0,low_frequency_random,13
5.2800000000000002,-0.85090226256678447,0,0,low_frequency_random,13
5.2850000000000001,-0.7518684698579059,0,0,low_frequency_random,13
5.29,-0.81813375987823755,0,0,low_frequency_random,13
5.2949999999999999,-0.74693217176866533,0,0,low_frequency_random,13
5.2999999999999998,-0.89220489249928447,0,0,low_frequency_random,13
5.3049999999999997,-0.89530050501956004,0,0,low_frequency_random,13
5.3100000000000005,-0.85251412541228722,0,0,low_frequency_random,13
5.3150000000000004,-0.70821461290907139,0,0,low_frequency_random,13
5.3200000000000003,-0.84755023483447489,0,0,low_frequency_random,13
5.3250000000000002,-0.85097005272001047,0,0,low_frequency_random,13
5.3300000000000001,-0.92153440046410529,0,0,low_frequency_random,13
5.335,-0.89509115732800459,0,0,low_frequency_random,13
5.3399999999999999,-0.93720462997354281,0,0,low_frequency_random,13
5.3449999999999998,-0.92691801964971587,0,0,low_frequency_random,13
5.3500000000000005,-0.98511158529548593,0,0,low_frequency_random,13
5.3550000000000004,-1.0269503680156531,0,0,low_frequency_random,13
5.3600000000000003,-0.99253830140050614,0,0,low_frequency_random,13
5.3650000000000002,-0.87131426052333161,0,0,low_frequency_random,13
5.3700000000000001,-0.85292480650889235,0,0,low_frequency_random,13
5.375,-0.84157916232038787,0,0,low_frequency_random,13
5.3799999999999999,-0.87693307693449296,0,0,low_frequency_random,13
5.3849999999999998,-0.74944883247932481,0,0,low_frequency_random,13
5.3899999999999997,-0.90297421699848801,0,0,low_frequency_random,13
5.3950000000000005,-1.0597877884433036,0,0,low_frequency_random,13
5.4000000000000004,-1.1192391206948764,0,0,low_frequency_random,13
5.4050000000000002,-1.0811801456839834,0,0,low_frequency_random,13
5.4100000000000001,-1.0029925338075696,0,0,low_frequency_random,13
5.415,-0.95537536138675938,0,0,low_frequency_random,13
5.4199999999999999,-0.89334837722239069,0,0,low_frequency_random,13
5.4249999999999998,-0.87848347538212157,0,0,low_frequency_random,13
5.4299999999999997,-0.91410336872120179,0,0,low_frequency_random,13
5.4350000000000005,-0.99660169509891061,0,0,low_frequency_random,13
5.4400000000000004,-0.95859963063916875,0,0,low_frequency_random,13
5.4450000000000003,-1.0318921748208758,0,0,low_frequency_random,13
5.4500000000000002,-0.99595826286968003,0,0,low_frequency_random,13
5.4550000000000001,-0.93460468169595678,0,0,low_frequency_random,13
5.46,-0.98170885192421553,0,0,low_frequency_random,13
5.4649999999999999,-1.0150589084582526,0,0,low_frequency_random,13
5.4699999999999998,-1.056372173233654,0,0,low_frequency_random,13
5.4750000000000005,-0.99933646687011013,0,0,low_frequency_random,13
5.4800000000000004,-0.98457859867868891,0,0,low_frequency_random,13
5.4850000000000003,-1.0354387986166669,0,0,low_frequency_random,13
5.4900000000000002,-1.0116627294203937,0,0,low_frequency_random,13
5.4950000000000001,-0.88942870289621101,0,0,low_frequency_random,13
5.5,-0.86523669086518207,0,0,low_frequency_random,13
5.5049999999999999,-0.85353271897659966,0,0,low_frequency_random,13
5.5099999999999998,-0.88366485397125838,0,0,low_frequency_random,13
5.5149999999999997,-0.95579380028564542,0,0,low_frequency_random,13
5.5200000000000005,-0.95332795905668799,0,0,low_frequency_random,13
5.5250000000000004,-0.94589523124463648,0,0,low_frequency_random,13
5.5300000000000002,-0.96830193458757929,0,0,low_frequency_random,13
5.5350000000000001,-0.87215208980402492,0,0,low_frequency_random,13
5.54,-0.88891780624284711,0,0,low_frequency_random,13
5.5449999999999999,-0.89969812455625697,0,0,low_frequency_random,13
5.5499999999999998,-0.88240890486176504,0,0,low_frequency_random,13
5.5549999999999997,-0.83832326105839772,0,0,low_frequency_random,13
5.5600000000000005,-0.97880998997388713,0,0,low_frequency_random,13
5.5650000000000004,-0.9555110200386826,0,0,low_frequency_random,13
5.5700000000000003,-0.8537826074756476,0,0,low_frequency_random,13
5.5750000000000002,-0.94028762654197529,0,0,low_frequency_random,13
5.5800000000000001,-0.90709930717842535,0,0,low_frequency_random,13
5.585,-0.9452417586990467,0,0,low_frequency_random,13
5.5899999999999999,-1.0214132291569735,0,0,low_frequency_random,13
5.5949999999999998,-0.99769377345378396,0,0,low_frequency_random,13
5.6000000000000005,-1.0030401875486352,0,0,low_frequency_random,13
5.6050000000000004,-1.1651266910598439,0,0,low_frequency_random,13
5.6100000000000003,-1.2081924108301572,0,0,low_frequency_random,13
5.6150000000000002,-1.1399474548420103,0,0,low_frequency_random,13
5.6200000000000001,-1.183006812669873,0,0,low_frequency_random,13
5.625,-1.2382845479640678,0,0,low_frequency_random,13
5.6299999999999999,-1.2635542004956655,0,0,low_frequency_random,13
5.6349999999999998,-1.2946116084460118,0,0,low_frequency_random,13
5.6399999999999997,-1.2314565933950852,0,0,low_frequency_random,13
5.6450000000000005,-1.2947175954968102,0,0,low_frequency_random,13
5.6500000000000004,-1.3827705002627613,0,0,low_frequency_random,13
5.6550000000000002,-1.3438051364544812,0,0,low_frequency_random,13
5.6600000000000001,-1.2605633765676401,0,0,low_frequency_random,13
5.665,-1.2008709292021227,0,0,low_frequency_random,13
5.6699999999999999,-1.1304546553560917,0,0,low_frequency_random,13
5.6749999999999998,-1.1781181985539213,0,0,low_frequency_random,13
5.6799999999999997,-1.290630412702154,0,0,low_frequency_random,13
5.6850000000000005,-1.3416229255468854,0,0,low_frequency_random,13
5.6900000000000004,-1.3385403674367038,0,0,low_frequency_random,13
5.6950000000000003,-1.4678692454872893,0,0,low_frequency_random,13
5.7000000000000002,-1.4861673141281946,0,0,low_frequency_random,13
5.7050000000000001,-1.4344571991491619,0,0,low_frequency_random,13
5.71,-1.483594942609229,0,0,low_frequency_random,13
5.7149999999999999,-1.3207996180850377,0,0,low_frequency_random,13
5.7199999999999998,-1.2564583512363205,0,0,low_frequency_random,13
5.7250000000000005,-1.3478961452620566,0,0,low_frequency_random,13
5.7300000000000004,-1.4321466291416531,0,0,low_frequency_random,13
5.7350000000000003,-1.4823778562560703,0,0,low_frequency_random,13
5.7400000000000002,-1.4205435205483732,0,0,low_frequency_random,13
5.7450000000000001,-1.3781454248241969,0,0,low_frequency_random,13
5.75,-1.4170459427463342,0,0,low_frequency_random,13
5.7549999999999999,-1.3980347425004724,0,0,low_frequency_random,13
5.7599999999999998,-1.3293836714076681,0,0,low_frequency_random,13
5.7649999999999997,-1.2828855410131481,0,0,low_frequency_random,13
5.7700000000000005,-1.404751315025635,0,0,low_frequency_random,13
5.7750000000000004,-1.4850271146968961,0,0,low_frequency_random,13
5.7800000000000002,-1.5513432940532146,0,0,low_frequency_random,13
5.7850000000000001,-1.6815905323130922,0,0,low_frequency_random,13
5.79,-1.6068733445072905,0,0,low_frequency_random,13
5.7949999999999999,-1.6511454149591447,0,0,low_frequency_random,13
5.7999999999999998,-1.6961103336829113,0,0,low_frequency_random,13
5.8049999999999997,-1.7552040701735043,0,0,low_frequency_random,13
5.8100000000000005,-1.7240762162170749,0,0,low_frequency_random,13
5.8150000000000004,-1.6721994522100769,0,0,low_frequency_random,13
5.8200000000000003,-1.6120455117260672,0,0,low_frequency_random,13
5.8250000000000002,-1.5077152892144772,0,0,low_frequency_random,13
5.8300000000000001,-1.5751958170075087,0,0,low_frequency_random,13
5.835,-1.440371632101094,0,0,low_frequency_random,13
5.8399999999999999,-1.2387768790852238,0,0,low_frequency_random,13
5.8449999999999998,-1.2758054857218801,0,0,low_frequency_random,13
5.8500000000000005,-1.2992548023138653,0,0,low_frequency_random,13
5.8550000000000004,-1.2464236059011677,0,0,low_frequency_random,13
5.8600000000000003,-1.1435805095075102,0,0,low_frequency_random,13
5.8650000000000002,-1.1603713339250525,0,0,low_frequency_random,13
5.8700000000000001,-1.2195650076308706,0,0,low_frequency_random,13
5.875,-1.050221613708644,0,0,low_frequency_random,13
5.8799999999999999,-1.0857660394461481,0,0,low_frequency_random,13
5.8849999999999998,-1.2984630179673542,0,0,low_frequency_random,13
5.8899999999999997,-1.2506248150802068,0,0,low_frequency_random,13
5.8950000000000005,-1.1664601346283903,0,0,low_frequency_random,13
5.9000000000000004,-1.0262725010847078,0,0,low_frequency_random,13
5.9050000000000002,-0.88166255638955271,0,0,low_frequency_random,13
5.9100000000000001,-0.63298019959535068,0,0,low_frequency_random,13
5.915,-0.67472234256612262,0,0,low_frequency_random,13
5.9199999999999999,-0.75002963971004677,0,0,low_frequency_random,13
5.9249999999999998,-0.86232566751178441,0,0,low_frequency_random,13
5.9299999999999997,-0.72293557572428946,0,0,low_frequency_random,13
5.9350000000000005,-0.75455815068183052,0,0,low_frequency_random,13
5.9400000000000004,-0.88481931176415718,0,0,low_frequency_random,13
5.9450000000000003,-1.0446069744346396,0,0,low_frequency_random,13
5.9500000000000002,-1.0299076743884898,0,0,low_frequency_random,13
5.9550000000000001,-1.0595786482614533,0,0,low_frequency_random,13
5.96,-1.0299351389103573,0,0,low_frequency_random,13
5.9649999999999999,-1.0935882054621622,0,0,low_frequency_random,13
5.9699999999999998,-1.1473128090735487,0,0,low_frequency_random,13
5.9750000000000005,-1.1049010783338138,0,0,low_frequency_random,13
5.9800000000000004,-1.1160212689345326,0,0,low_frequency_random,13
5.9850000000000003,-1.0651355753094445,0,0,low_frequency_random,13
5.9900000000000002,-1.0706366295907197,0,0,low_frequency_random,13
5.9950000000000001,-1.0886714262066395,0,0,low_frequency_random,13
6,-1.0551340777802618,0,0,low_frequency_random,13
6.0049999999999999,-1.076513553949509,0,0,low_frequency_random,13
6.0099999999999998,-1.0576749868166273,0,0,low_frequency_random,13
6.0150000000000006,-1.017486843953096,0,0,low_frequency_random,13
6.0200000000000005,-1.0537135960278434,0,0,low_frequency_random,13
6.0250000000000004,-1.0584715977249917,0,0,low_frequency_random,13
6.0300000000000002,-1.0456962954017994,0,0,low_frequency_random,13
6.0350000000000001,-0.9878102634643231,0,0,low_frequency_random,13
6.04,-0.96480051985476423,0,0,low_frequency_random,13
6.0449999999999999,-0.9411524802643042,0,0,low_frequency_random,13
6.0499999999999998,-0.90033776791858255,0,0,low_frequency_random,13
6.0549999999999997,-0.92132183228604825,0,0,low_frequency_random,13
6.0600000000000005,-0.8891565430943118,0,0,low_frequency_random,13
6.0650000000000004,-0.94399401869301092,0,0,low_frequency_random,13
6.0700000000000003,-1.0849899538312315,0,0,low_frequency_random,13
6.0750000000000002,-1.0478358642119194,0,0,low_frequency_random,13
6.0800000000000001,-1.1990059757986229,0,0,low_frequency_random,13
6.085,-1.2061665662651462,0,0,low_frequency_random,13
6.0899999999999999,-1.0792595363831556,0,0,low_frequency_random,13
6.0949999999999998,-1.0174004617358903,0,0,low_frequency_random,13
6.1000000000000005,-1.094118639009942,0,0,low_frequency_random,13
6.1050000000000004,-1.0311693208020332,0,0,low_frequency_random,13
6.1100000000000003,-1.0080712961595266,0,0,low_frequency_random,13
6.1150000000000002,-1.07035009682461,0,0,low_frequency_random,13
6.1200000000000001,-1.0737795152188807,0,0,low_frequency_random,13
6.125,-1.1117120781638572,0,0,low_frequency_random,13
6.1299999999999999,-1.1318770802938298,0,0,low_frequency_random,13
6.1349999999999998,-1.1007328871255064,0,0,low_frequency_random,13
6.1400000000000006,-1.2192261368228081,0,0,low_frequency_random,13
6.1450000000000005,-1.1469086037006697,0,0,low_frequency_random,13
6.1500000000000004,-0.9824650370242155,0,0,low_frequency_random,13
6.1550000000000002,-0.99088051143490652,0,0,low_frequency_random,13
6.1600000000000001,-1.0638912462192796,0,0,low_frequency_random,13
6.165,-1.0916321400657405,0,0,low_frequency_random,13
6.1699999999999999,-0.98958252955570236,0,0,low_frequency_random,13
6.1749999999999998,-1.0251779165737249,0,0,low_frequency_random,13
6.1799999999999997,-0.98281633757328635,0,0,low_frequency_random,13
6.1850000000000005,-0.7972631994366064,0,0,low_frequency_random,13
6.1900000000000004,-0.85099629178067859,0,0,low_frequency_random,13
6.1950000000000003,-0.8390069936580159,0,0,low_frequency_random,13
6.2000000000000002,-0.88031418887976487,0,0,low_frequency_random,13
6.2050000000000001,-0.90542402369765485,0,0,low_frequency_random,13
6.21,-0.89156465048799061,0,0,low_frequency_random,13
6.2149999999999999,-0.9463199860538466,0,0,low_frequency_random,13
6.2199999999999998,-0.90550546008674826,0,0,low_frequency_random,13
6.2250000000000005,-0.88692791183535569,0,0,low_frequency_random,13
6.2300000000000004,-0.78983659223876024,0,0,low_frequency_random,13
6.2350000000000003,-0.73131618793306474,0,0,low_frequency_random,13
6.2400000000000002,-0.69710417271344527,0,0,low_frequency_random,13
6.2450000000000001,-0.57422807799522868,0,0,low_frequency_random,13
6.25,-0.58644188975976497,0,0,low_frequency_random,13
6.2549999999999999,-0.53288583161570702,0,0,low_frequency_random,13
6.2599999999999998,-0.58056338110134531,0,0,low_frequency_random,13
6.2650000000000006,-0.46326158654389443,0,0,low_frequency_random,13
6.2700000000000005,-0.51740618614382072,0,0,low_frequency_random,13
6.2750000000000004,-0.43614800455904434,0,0,low_frequency_random,13
6.2800000000000002,-0.48926984273383028,0,0,low_frequency_random,13
6.2850000000000001,-0.46737383512269948,0,0,low_frequency_random,13
6.29,-0.54686502313959373,0,0,low_frequency_random,13
6.2949999999999999,-0.60216048427918112,0,0,low_frequency_random,13
6.2999999999999998,-0.67133200265941195,0,0,low_frequency_random,13
6.3049999999999997,-0.62992966581158494,0,0,low_frequency_random,13
6.3100000000000005,-0.58145710992817545,0,0,low_frequency_random,13
6.3150000000000004,-0.5147598694859612,0,0,low_frequency_random,13
6.3200000000000003,-0.47636157532803514,0,0,low_frequency_random,13
6.3250000000000002,-0.48582216608590101,0,0,low_frequency_random,13
6.3300000000000001,-0.4256325151730776,0,0,low_frequency_random,13
6.335,-0.294964991269276,0,0,low_frequency_random,13
6.3399999999999999,-0.31775251458827009,0,0,low_frequency_random,13
6.3449999999999998,-0.36942585076356638,0,0,low_frequency_random,13
6.3500000000000005,-0.31667502655040869,0,0,low_frequency_random,13
6.3550000000000004,-0.14666955362960621,0,0,low_frequency_random,13
6.3600000000000003,-0.14574611668757045,0,0,low_frequency_random,13
6.3650000000000002,-0.16388779170373874,0,0,low_frequency_random,13
6.3700000000000001,-0.23580453895995046,0,0,low_frequency_random,13
6.375,-0.28462715968535368,0,0,low_frequency_random,13
6.3799999999999999,-0.3503536651563553,0,0,low_frequency_random,13
6.3849999999999998,-0.41758358596981543,0,0,low_frequency_random,13
6.3900000000000006,-0.3241226383867537,0,0,low_frequency_random,13
6.3950000000000005,-0.21399989511974415,0,0,low_frequency_random,13
6.4000000000000004,-0.19690334330112055,0,0,low_frequency_random,13
6.4050000000000002,-0.17942563658640751,0,0,low_frequency_random,13
6.4100000000000001,-0.10496912310977931,0,0,low_frequency_random,13
6.415,-0.094005056828337291,0,0,low_frequency_random,13
6.4199999999999999,-0.075710697910291044,0,0,low_frequency_random,13
6.4249999999999998,-0.018636649074050396,0,0,low_frequency_random,13
6.4299999999999997,-0.012260742765918004,0,0,low_frequency_random,13
6.4350000000000005,0.099477663351005968,0,0,low_frequency_random,13
6.4400000000000004,0.36578199555753704,0,0,low_frequency_random,13
6.4450000000000003,0.37391195241606612,0,0,low_frequency_random,13
6.4500000000000002,0.40439991075133652,0,0,low_frequency_random,13
6.4550000000000001,0.34684343511019633,0,0,low_frequency_random,13
6.46,0.31978932535052612,0,0,low_frequency_random,13
6.4649999999999999,0.33552194668297614,0,0,low_frequency_random,13
6.4699999999999998,0.37757387295251893,0,0,low_frequency_random,13
6.4750000000000005,0.3711736652271036,0,0,low_frequency_random,13
6.4800000000000004,0.28517138197435554,0,0,low_frequency_random,13
6.4850000000000003,0.32495656588111294,0,0,low_frequency_random,13
6.4900000000000002,0.29171167596705583,0,0,low_frequency_random,13
6.4950000000000001,0.33310794284591644,0,0,low_frequency_random,13
6.5,0.32457568120955826,0,0,low_frequency_random,13
6.5049999999999999,0.32335819158224455,0,0,low_frequency_random,13
6.5099999999999998,0.32620424233434742,0,0,low_frequency_random,13
6.5150000000000006,0.16695011584005123,0,0,low_frequency_random,13
6.5200000000000005,0.27491141994546564,0,0,low_frequency_random,13
6.5250000000000004,0.21201186342754907,0,0,low_frequency_random,13
6.5300000000000002,0.25019341941758583,0,0,low_frequency_random,13
6.5350000000000001,0.30348300473365508,0,0,low_frequency_random,13
6.54,0.26784089918725795,0,0,low_frequency_random,13
6.5449999999999999,0.16942701485758854,0,0,low_frequency_random,13
6.5499999999999998,0.22499596526581964,0,0,low_frequency_random,13
6.5549999999999997,0.15869622528382099,0,0,low_frequency_random,13
6.5600000000000005,0.16193343466466981,0,0,low_frequency_random,13
6.5650000000000004,0.2078283660011212,0,0,low_frequency_random,13
6.5700000000000003,0.17922083552275192,0,0,low_frequency_random,13
6.5750000000000002,0.052308814577241958,0,0,low_frequency_random,13
6.5800000000000001,0.0081786230891546657,0,0,low_frequency_random,13
6.585,0.057448171324019887,0,0,low_frequency_random,13
6.5899999999999999,0.0022936158354025307,0,0,low_frequency_random,13
6.5949999999999998,0.081256019035128968,0,0,low_frequency_random,13
6.6000000000000005,-0.031729402701423645,0,0,low_frequency_random,13
6.6050000000000004,-0.099112102711329503,0,0,low_frequency_random,13
6.6100000000000003,-0.22928961488454694,0,0,low_frequency_random,13
6.6150000000000002,-0.29566511629335129,0,0,low_frequency_random,13
6.6200000000000001,-0.16625383398678739,0,0,low_frequency_random,13
6.625,-0.11292266910761682,0,0,low_frequency_random,13
6.6299999999999999,-0.12678462317206032,0,0,low_frequency_random,13
6.6349999999999998,-0.16933290047843735,0,0,low_frequency_random,13
6.6400000000000006,-0.071314476815417041,0,0,low_frequency_random,13
6.6450000000000005,-0.074859044683446077,0,0,low_frequency_random,13
6.6500000000000004,-0.1476573815042993,0,0,low_frequency_random,13
6.6550000000000002,-0.018577245951689553,0,0,low_frequency_random,13
6.6600000000000001,-0.11771200899460528,0,0,low_frequency_random,13
6.665,-0.097137444727010608,0,0,low_frequency_random,13
6.6699999999999999,-0.040790926209912745,0,0,low_frequency_random,13
6.6749999999999998,0.040659640845011509,0,0,low_frequency_random,13
6.6799999999999997,0.20155906809600704,0,0,low_frequency_random,13
6.6850000000000005,0.27157818909919507,0,0,low_frequency_random,13
6.6900000000000004,0.21921719363051106,0,0,low_frequency_random,13
6.6950000000000003,0.31356478905048574,0,0,low_frequency_random,13
6.7000000000000002,0.33995059602001709,0,0,low_frequency_random,13
6.7050000000000001,0.24507289634211621,0,0,low_frequency_random,13
6.71,0.16178426306444132,0,0,low_frequency_random,13
6.7149999999999999,0.099888140548518661,0,0,low_frequency_random,13
6.7199999999999998,-0.069121328701971463,0,0,low_frequency_random,13
6.7250000000000005,-0.03156002332786545,0,0,low_frequency_random,13
6.7300000000000004,0.016044727090195159,0,0,low_frequency_random,13
6.7350000000000003,0.057441838972053585,0,0,low_frequency_random,13
6.7400000000000002,-0.0060651685226981583,0,0,low_frequency_random,13
6.7450000000000001,-0.0079471282603348851,0,0,low_frequency_random,13
6.75,0.089126929199896288,0,0,low_frequency_random,13
6.7549999999999999,0.12093716790929501,0,0,low_frequency_random,13
6.7599999999999998,0.11091223361030955,0,0,low_frequency_random,13
6.7650000000000006,0.053410679113240177,0,0,low_frequency_random,13
6.7700000000000005,0.051660964087389898,0,0,low_frequency_random,13
6.7750000000000004,0.15467938216524002,0,0,low_frequency_random,13
6.7800000000000002,0.15764482736842156,0,0,low_frequency_random,13
6.7850000000000001,0.34092551109615277,0,0,low_frequency_random,13
6.79,0.53369679092693711,0,0,low_frequency_random,13
6.7949999999999999,0.58965142062129672,0,0,low_frequency_random,13
6.7999999999999998,0.45896736301960284,0,0,low_frequency_random,13
6.8049999999999997,0.43787882401785511,0,0,low_frequency_random,13
6.8100000000000005,0.53877842455104585,0,0,low_frequency_random,13
6.8150000000000004,0.49327351443577599,0,0,low_frequency_random,13
6.8200000000000003,0.43758403063659662,0,0,low_frequency_random,13
6.8250000000000002,0.43874135101280132,0,0,low_frequency_random,13
6.8300000000000001,0.65148498081478579,0,0,low_frequency_random,13
6.835,0.61202470631463879,0,0,low_frequency_random,13
6.8399999999999999,0.45531341863799613,0,0,low_frequency_random,13
6.8449999999999998,0.47721350050742722,0,0,low_frequency_random,13
6.8500000000000005,0.50779849033836533,0,0,low_frequency_random,13
6.8550000000000004,0.56570809826352508,0,0,low_frequency_random,13
6.8600000000000003,0.57000483257647161,0,0,low_frequency_random,13
6.8650000000000002,0.59575997841277606,0,0,low_frequency_random,13
6.8700000000000001,0.5566091851135393,0,0,low_frequency_random,13
6.875,0.63146972407695257,0,0,low_frequency_random,13
6.8799999999999999,0.62735897935778828,0,0,low_frequency_random,13
6.8849999999999998,0.66640664344584488,0,0,low_frequency_random,13
6.8900000000000006,0.60522434520490098,0,0,low_frequency_random,13
6.8950000000000005,0.71405575821563283,0,0,low_frequency_random,13
6.9000000000000004,0.7309253527215005,0,0,low_frequency_random,13
6.9050000000000002,0.69395688660591004,0,0,low_frequency_random,13
6.9100000000000001,0.69496584975947617,0,0,low_frequency_random,13
6.915,0.60455199699416362,0,0,low_frequency_random,13
6.9199999999999999,0.5543231669029518,0,0,low_frequency_random,13
6.9249999999999998,0.61808890058802279,0,0,low_frequency_random,13
6.9299999999999997,0.66406927356977796,0,0,low_frequency_random,13
6.9350000000000005,0.72828030194322491,0,0,low_frequency_random,13
6.9400000000000004,0.78192604768834628,0,0,low_frequency_random,13
6.9450000000000003,0.75656610086949727,0,0,low_frequency_random,13
6.9500000000000002,0.76167792804794998,0,0,low_frequency_random,13
6.9550000000000001,0.90923158543764759,0,0,low_frequency_random,13
6.96,0.89665295046018911,0,0,low_frequency_random,13
6.9649999999999999,0.77026703070218605,0,0,low_frequency_random,13
6.9699999999999998,0.76547684049451725,0,0,low_frequency_random,13
6.9750000000000005,0.72835473831231456,0,0,low_frequency_random,13
6.9800000000000004,0.71594452759372396,0,0,low_frequency_random,13
6.9850000000000003,0.71315165206841669,0,0,low_frequency_random,13
6.9900000000000002,0.62655683997249989,0,0,low_frequency_random,13
6.9950000000000001,0.65586560139465733,0,0,low_frequency_random,13
7,0.63796410611252463,0,0,low_frequency_random,13
7.0049999999999999,0.68020716576807727,0,0,low_frequency_random,13
7.0099999999999998,0.61938872295872704,0,0,low_frequency_random,13
7.0150000000000006,0.53531979632093496,0,0,low_frequency_random,13
7.0200000000000005,0.49595597947880304,0,0,low_frequency_random,13
7.0250000000000004,0.62268115759795795,0,0,low_frequency_random,13
7.0300000000000002,0.47280446270073279,0,0,low_frequency_random,13
7.0350000000000001,0.55472259956859238,0,0,low_frequency_random,13
7.04,0.54476777089793005,0,0,low_frequency_random,13
7.0449999999999999,0.63048630086232271,0,0,low_frequency_random,13
7.0499999999999998,0.59263307416678324,0,0,low_frequency_random,13
7.0549999999999997,0.61691005306052815,0,0,low_frequency_random,13
7.0600000000000005,0.63914519801383285,0,0,low_frequency_random,13
7.0650000000000004,0.80138098502415511,0,0,low_frequency_random,13
7.0700000000000003,0.78354864448511741,0,0,low_frequency_random,13
7.0750000000000002,0.79445624015423177,0,0,low_frequency_random,13
7.0800000000000001,0.72536564765621558,0,0,low_frequency_random,13
7.085,0.74132084436932311,0,0,low_frequency_random,13
7.0899999999999999,0.67395480160028198,0,0,low_frequency_random,13
7.0949999999999998,0.65701839732726175,0,0,low_frequency_random,13
7.1000000000000005,0.67968462013594066,0,0,low_frequency_random,13
7.1050000000000004,0.71627966093094186,0,0,low_frequency_random,13
7.1100000000000003,0.63595356811084358,0,0,low_frequency_random,13
7.1150000000000002,0.55764222841165101,0,0,low_frequency_random,13
7.1200000000000001,0.64333083786920864,0,0,low_frequency_random,13
7.125,0.59372201009696179,0,0,low_frequency_random,13
7.1299999999999999,0.60068748571099206,0,0,low_frequency_random,13
7.1349999999999998,0.57067646853319831,0,0,low_frequency_random,13
7.1400000000000006,0.43797529074175073,0,0,low_frequency_random,13
7.1450000000000005,0.42294161127834318,0,0,low_frequency_random,13
7.1500000000000004,0.40673032992213587,0,0,low_frequency_random,13
7.1550000000000002,0.54115160767813109,0,0,low_frequency_random,13
7.1600000000000001,0.3827448950127621,0,0,low_frequency_random,13
7.165,0.33438495669654955,0,0,low_frequency_random,13
7.1699999999999999,0.37741391538082047,0,0,low_frequency_random,13
7.1749999999999998,0.32854691647731882,0,0,low_frequency_random,13
7.1799999999999997,0.1511018097958301,0,0,low_frequency_random,13
7.1850000000000005,0.19531391650749594,0,0,low_frequency_random,13
7.1900000000000004,0.20335850440189526,0,0,low_frequency_random,13
7.1950000000000003,0.13052314271179183,0,0,low_frequency_random,13
7.2000000000000002,0.046256979142814139,0,0,low_frequency_random,13
7.2050000000000001,-0.012963177722363793,0,0,low_frequency_random,13
7.21,-0.0022897624515559965,0,0,low_frequency_random,13
7.2149999999999999,-0.021173270930805621,0,0,low_frequency_random,13
7.2199999999999998,-0.078230444691284262,0,0,low_frequency_random,13
7.2250000000000005,-0.055578731184691504,0,0,low_frequency_random,13
7.2300000000000004,0.022682039077688669,0,0,low_frequency_random,13
7.2350000000000003,-0.030358731425653675,0,0,low_frequency_random,13
7.2400000000000002,0.088692943058095428,0,0,low_frequency_random,13
7.2450000000000001,0.08537935311764458,0,0,low_frequency_random,13
7.25,0.12710067715875181,0,0,low_frequency_random,13
7.2549999999999999,0.15422071171077698,0,0,low_frequency_random,13
7.2599999999999998,0.18735958943718359,0,0,low_frequency_random,13
7.2650000000000006,0.19928165193668496,0,0,low_frequency_random,13
7.2700000000000005,0.012985265236097832,0,0,low_frequency_random,13
7.2750000000000004,-0.068572284286236712,0,0,low_frequency_random,13
7.2800000000000002,-0.0048185241486533303,0,0,low_frequency_random,13
7.2850000000000001,-0.094122892566040547,0,0,low_frequency_random,13
7.29,-0.091469270650344922,0,0,low_frequency_random,13
7.2949999999999999,-0.2214257044087001,0,0,low_frequency_random,13
7.2999999999999998,-0.27603789595718653,0,0,low_frequency_random,13
7.3049999999999997,-0.15998263871055327,0,0,low_frequency_random,13
7.3100000000000005,-0.14701994526505657,0,0,low_frequency_random,13
7.3150000000000004,-0.22229761892215233,0,0,low_frequency_random,13
7.3200000000000003,-0.27919217286659742,0,0,low_frequency_random,13
7.3250000000000002,-0.41985410970211567,0,0,low_frequency_random,13
7.3300000000000001,-0.38936045012550102,0,0,low_frequency_random,13
7.335,-0.41507136041757914,0,0,low_frequency_random,13
7.3399999999999999,-0.36378848820483511,0,0,low_frequency_random,13
7.3449999999999998,-0.30806433388544713,0,0,low_frequency_random,13
7.3500000000000005,-0.33922722393660226,0,0,low_frequency_random,13
7.3550000000000004,-0.42267004204779612,0,0,low_frequency_random,13
7.3600000000000003,-0.52599034226935526,0,0,low_frequency_random,13
7.3650000000000002,-0.56534377689704263,0,0,low_frequency_random,13
7.3700000000000001,-0.57148687319942049,0,0,low_frequency_random,13
7.375,-0.46991935190854867,0,0,low_frequency_random,13
7.3799999999999999,-0.55375697593577855,0,0,low_frequency_random,13
7.3849999999999998,-0.52595386832413438,0,0,low_frequency_random,13
7.3900000000000006,-0.61705693612580392,0,0,low_frequency_random,13
7.3950000000000005,-0.67085727368998083,0,0,low_frequency_random,13
7.4000000000000004,-0.61731794983258004,0,0,low_frequency_random,13
7.4050000000000002,-0.58454643877169266,0,0,low_frequency_random,13
7.4100000000000001,-0.63517027881883614,0,0,low_frequency_random,13
7.415,-0.69488408753978237,0,0,low_frequency_random,13
7.4199999999999999,-0.61543323901491898,0,0,low_frequency_random,13
7.4249999999999998,-0.63815115610352713,0,0,low_frequency_random,13
7.4299999999999997,-0.67083107402526121,0,0,low_frequency_random,13
7.4350000000000005,-0.7627339564132255,0,0,low_frequency_random,13
7.4400000000000004,-0.57174086220337617,0,0,low_frequency_random,13
7.4450000000000003,-0.4341272212871769,0,0,low_frequency_random,13
7.4500000000000002,-0.40143840153839577,0,0,low_frequency_random,13
7.4550000000000001,-0.23327914718375617,0,0,low_frequency_random,13
7.46,-0.2028712625458278,0,0,low_frequency_random,13
7.4649999999999999,-0.23807269351809909,0,0,low_frequency_random,13
7.4699999999999998,-0.20249294791457786,0,0,low_frequency_random,13
7.4750000000000005,-0.097088449230009574,0,0,low_frequency_random,13
7.4800000000000004,-0.1928064978164985,0,0,low_frequency_random,13
7.4850000000000003,-0.10069833600861303,0,0,low_frequency_random,13
7.4900000000000002,-0.012535731739104702,0,0,low_frequency_random,13
7.4950000000000001,0.10062489398423979,0,0,low_frequency_random,13
7.5,0.13310218582982741,0,0,low_frequency_random,13
7.5049999999999999,0.21571352506705882,0,0,low_frequency_random,13
7.5099999999999998,0.072650945569080777,0,0,low_frequency_random,13
7.5150000000000006,0.063264504792557907,0,0,low_frequency_random,13
7.5200000000000005,0.14058781521034297,0,0,low_frequency_random,13
7.5250000000000004,0.17989320642330597,0,0,low_frequency_random,13
7.5300000000000002,0.19694658458766323,0,0,low_frequency_random,13
7.5350000000000001,0.093781966328186292,0,0,low_frequency_random,13
7.54,0.076786273804586747,0,0,low_frequency_random,13
7.5449999999999999,-0.063973355331342005,0,0,low_frequency_random,13
7.5499999999999998,-0.085825410753360948,0,0,low_frequency_random,13
7.5549999999999997,-0.061840630601328966,0,0,low_frequency_random,13
7.5600000000000005,-0.10542448427915299,0,0,low_frequency_random,13
7.5650000000000004,-0.069334490154691036,0,0,low_frequency_random,13
7.5700000000000003,-0.071045911636993933,0,0,low_frequency_random,13
7.5750000000000002,-0.0022320092278779596,0,0,low_frequency_random,13
7.5800000000000001,-0.03247447786904873,0,0,low_frequency_random,13
7.585,-0.16208823602677172,0,0,low_frequency_random,13
7.5899999999999999,-0.26375063462570947,0,0,low_frequency_random,13
7.5949999999999998,-0.32523796521655279,0,0,low_frequency_random,13
7.6000000000000005,-0.32572732090502032,0,0,low_frequency_random,13
7.6050000000000004,-0.31827141715833818,0,0,low_frequency_random,13
7.6100000000000003,-0.37732087864628933,0,0,low_frequency_random,13
7.6150000000000002,-0.3681428397188064,0,0,low_frequency_random,13
7.6200000000000001,-0.42000535655222615,0,0,low_frequency_random,13
7.625,-0.36803405749101514,0,0,low_frequency_random,13
7.6299999999999999,-0.47307841777991627,0,0,low_frequency_random,13
7.6349999999999998,-0.3789519785978559,0,0,low_frequency_random,13
7.6400000000000006,-0.35512156550537632,0,0,low_frequency_random,13
7.6450000000000005,-0.38489808602319198,0,0,low_frequency_random,13
7.6500000000000004,-0.46830347231727099,0,0,low_frequency_random,13
7.6550000000000002,-0.42134826346832643,0,0,low_frequency_random,13
7.6600000000000001,-0.46559873899922766,0,0,low_frequency_random,13
7.665,-0.41015967425703787,0,0,low_frequency_random,13
7.6699999999999999,-0.26041390492564975,0,0,low_frequency_random,13
7.6749999999999998,-0.24291137988258465,0,0,low_frequency_random,13
7.6799999999999997,-0.21954495105508015,0,0,low_frequency_random,13
7.6850000000000005,-0.17180377967999771,0,0,low_frequency_random,13
7.6900000000000004,-0.20921393415207801,0,0,low_frequency_random,13
7.6950000000000003,-0.04931102366884163,0,0,low_frequency_random,13
7.7000000000000002,-0.060585747567667644,0,0,low_frequency_random,13
7.7050000000000001,0.00095748005743372111,0,0,low_frequency_random,13
7.71,0.034748032877478574,0,0,low_frequency_random,13
7.7149999999999999,-0.0040558197304039895,0,0,low_frequency_random,13
7.7199999999999998,0.11263020652212648,0,0,low_frequency_random,13
7.7250000000000005,0.15087121183315555,0,0,low_frequency_random,13
7.7300000000000004,0.10801757206154383,0,0,low_frequency_random,13
7.7350000000000003,0.066273885210932137,0,0,low_frequency_random,13
7.7400000000000002,-0.075971676952421671,0,0,low_frequency_random,13
7.7450000000000001,-0.14920698981168251,0,0,low_frequency_random,13
7.75,-0.070330055136400157,0,0,low_frequency_random,13
7.7549999999999999,0.0093745733580766211,0,0,low_frequency_random,13
7.7599999999999998,-0.051969280407686544,0,0,low_frequency_random,13
7.7650000000000006,0.010711796759290862,0,0,low_frequency_random,13
7.7700000000000005,0.10132067293111333,0,0,low_frequency_random,13
7.7750000000000004,0.17577130291362345,0,0,low_frequency_random,13
7.7800000000000002,0.28779408252065375,0,0,low_frequency_random,13
7.7850000000000001,0.14918063746232824,0,0,low_frequency_random,13
7.79,0.17827808175865373,0,0,low_frequency_random,13
7.7949999999999999,0.11553870712247938,0,0,low_frequency_random,13
7.7999999999999998,0.18238250692671559,0,0,low_frequency_random,13
7.8050000000000006,0.13636239799341021,0,0,low_frequency_random,13
7.8100000000000005,0.15737934604907877,0,0,low_frequency_random,13
7.8150000000000004,0.23964368764723509,0,0,low_frequency_random,13
7.8200000000000003,0.12682736495978658,0,0,low_frequency_random,13
7.8250000000000002,0.087430838416305834,0,0,low_frequency_random,13
7.8300000000000001,0.043854464072242236,0,0,low_frequency_random,13
7.835,0.052848279401417578,0,0,low_frequency_random,13
7.8399999999999999,-0.060545315241774013,0,0,low_frequency_random,13
7.8449999999999998,0.013086455627944034,0,0,low_frequency_random,13
7.8500000000000005,0.17647435311528814,0,0,low_frequency_random,13
7.8550000000000004,0.16332046616999002,0,0,low_frequency_random,13
7.8600000000000003,0.21305007710367793,0,0,low_frequency_random,13
7.8650000000000002,0.0098713769968422072,0,0,low_frequency_random,13
7.8700000000000001,-0.077301536481713673,0,0,low_frequency_random,13
7.875,-0.016727563516356417,0,0,low_frequency_random,13
7.8799999999999999,0.013797464692120384,0,0,low_frequency_random,13
7.8849999999999998,0.073431759291200757,0,0,low_frequency_random,13
7.8900000000000006,0.18535958449327056,0,0,low_frequency_random,13
7.8950000000000005,0.19811063490937816,0,0,low_frequency_random,13
7.9000000000000004,0.18355577241103063,0,0,low_frequency_random,13
7.9050000000000002,0.15102105028668639,0,0,low_frequency_random,13
7.9100000000000001,0.16366164314813517,0,0,low_frequency_random,13
7.915,-0.00068258974868448674,0,0,low_frequency_random,13
7.9199999999999999,0.12130549197261886,0,0,low_frequency_random,13
7.9249999999999998,-0.047896467512698659,0,0,low_frequency_random,13
7.9300000000000006,-0.17035787768309912,0,0,low_frequency_random,13
7.9350000000000005,-0.16111291110098785,0,0,low_frequency_random,13
7.9400000000000004,-0.083043616119093264,0,0,low_frequency_random,13
7.9450000000000003,-0.036692311960846546,0,0,low_frequency_random,13
7.9500000000000002,0.084656260398840444,0,0,low_frequency_random,13
7.9550000000000001,0.051197069521576599,0,0,low_frequency_random,13
7.96,0.0011856443243234982,0,0,low_frequency_random,13
7.9649999999999999,0.046478214661777685,0,0,low_frequency_random,13
7.9699999999999998,-0.041933306403432541,0,0,low_frequency_random,13
7.9750000000000005,-0.024109929856931295,0,0,low_frequency_random,13
7.9800000000000004,0.017680854404052048,0,0,low_frequency_random,13
7.9850000000000003,0.041951474096401396,0,0,low_frequency_random,13
7.9900000000000002,-0.11963830077361408,0,0,low_frequency_random,13
7.9950000000000001,-0.13719387009636042,0,0,low_frequency_random,13
8,-0.29889058395251122,0,0,low_frequency_random,13
8.0050000000000008,-0.22914064039514087,0,0,low_frequency_random,13
8.0099999999999998,-0.26295044963338121,0,0,low_frequency_random,13
8.0150000000000006,-0.18269181578603094,0,0,low_frequency_random,13
8.0199999999999996,-0.077119471782893717,0,0,low_frequency_random,13
8.0250000000000004,-0.18426886094451272,0,0,low_frequency_random,13
8.0299999999999994,-0.11092975205984922,0,0,low_frequency_random,13
8.0350000000000001,-0.078988715950049582,0,0,low_frequency_random,13
8.0400000000000009,0.040132276301082764,0,0,low_frequency_random,13
8.0449999999999999,-0.060769989750832032,0,0,low_frequency_random,13
8.0500000000000007,-0.16210233711496927,0,0,low_frequency_random,13
8.0549999999999997,-0.22415063365404453,0,0,low_frequency_random,13
8.0600000000000005,-0.3699494060031896,0,0,low_frequency_random,13
8.0649999999999995,-0.3582998763610985,0,0,low_frequency_random,13
8.0700000000000003,-0.41432045208814194,0,0,low_frequency_random,13
8.0749999999999993,-0.39711964923926163,0,0,low_frequency_random,13
8.0800000000000001,-0.36853533914639669,0,0,low_frequency_random,13
8.0850000000000009,-0.3005696550718967,0,0,low_frequency_random,13
8.0899999999999999,-0.40529776602851408,0,0,low_frequency_random,13
8.0950000000000006,-0.34588976514572933,0,0,low_frequency_random,13
8.0999999999999996,-0.2873550692619794,0,0,low_frequency_random,13
8.1050000000000004,-0.3660994059582442,0,0,low_frequency_random,13
8.1099999999999994,-0.41476783121026067,0,0,low_frequency_random,13
8.1150000000000002,-0.52989926863380621,0,0,low_frequency_random,13
8.120000000000001,-0.4315264521900895,0,0,low_frequency_random,13
8.125,-0.32438756681796133,0,0,low_frequency_random,13
8.1300000000000008,-0.39211792214943442,0,0,low_frequency_random,13
8.1349999999999998,-0.40060074810136242,0,0,low_frequency_random,13
8.1400000000000006,-0.36861855146876932,0,0,low_frequency_random,13
8.1449999999999996,-0.31324313011785365,0,0,low_frequency_random,13
8.1500000000000004,-0.3196012964663833,0,0,low_frequency_random,13
8.1549999999999994,-0.18890619479843571,0,0,low_frequency_random,13
8.1600000000000001,-0.26485132293444585,0,0,low_frequency_random,13
8.1650000000000009,-0.19756500379958472,0,0,low_frequency_random,13
8.1699999999999999,-0.1914181997458369,0,0,low_frequency_random,13
8.1750000000000007,-0.16960912064042349,0,0,low_frequency_random,13
8.1799999999999997,-0.22967310784024797,0,0,low_frequency_random,13
8.1850000000000005,-0.3684233821896889,0,0,low_frequency_random,13
8.1899999999999995,-0.41022425526540002,0,0,low_frequency_random,13
8.1950000000000003,-0.37293896483768574,0,0,low_frequency_random,13
8.1999999999999993,-0.43976910069425657,0,0,low_frequency_random,13
8.2050000000000001,-0.57456262103850908,0,0,low_frequency_random,13
8.2100000000000009,-0.58755004393947485,0,0,low_frequency_random,13
8.2149999999999999,-0.58884270231906843,0,0,low_frequency_random,13
8.2200000000000006,-0.66799674383131646,0,0,low_frequency_random,13
8.2249999999999996,-0.67635930669538158,0,0,low_frequency_random,13
8.2300000000000004,-0.64266437172731661,0,0,low_frequency_random,13
8.2349999999999994,-0.62534880564988082,0,0,low_frequency_random,13
8.2400000000000002,-0.55180868465511423,0,0,low_frequency_random,13
8.245000000000001,-0.45742662304254034,0,0,low_frequency_random,13
8.25,-0.46030131929388302,0,0,low_frequency_random,13
8.2550000000000008,-0.52462779609757537,0,0,low_frequency_random,13
8.2599999999999998,-0.66302325880123081,0,0,low_frequency_random,13
8.2650000000000006,-0.5826472881261644,0,0,low_frequency_random,13
8.2699999999999996,-0.55485767056371738,0,0,low_frequency_random,13
8.2750000000000004,-0.47455943919187726,0,0,low_frequency_random,13
8.2799999999999994,-0.53997120403815679,0,0,low_frequency_random,13
8.2850000000000001,-0.52992772844046077,0,0,low_frequency_random,13
8.2900000000000009,-0.59442566796217022,0,0,low_frequency_random,13
8.2949999999999999,-0.66551531524869767,0,0,low_frequency_random,13
8.3000000000000007,-0.78057099573296573,0,0,low_frequency_random,13
8.3049999999999997,-0.79752414300373509,0,0,low_frequency_random,13
8.3100000000000005,-0.75844484956445779,0,0,low_frequency_random,13
8.3149999999999995,-0.695744782370043,0,0,low_frequency_random,13
8.3200000000000003,-0.67615988438251251,0,0,low_frequency_random,13
8.3249999999999993,-0.69802847785466038,0,0,low_frequency_random,13
8.3300000000000001,-0.53742657090420021,0,0,low_frequency_random,13
8.3350000000000009,-0.4148888801330195,0,0,low_frequency_random,13
8.3399999999999999,-0.33471507396623024,0,0,low_frequency_random,13
8.3450000000000006,-0.32396084964975114,0,0,low_frequency_random,13
8.3499999999999996,-0.22417946117668996,0,0,low_frequency_random,13
8.3550000000000004,-0.28620287181007981,0,0,low_frequency_random,13
8.3599999999999994,-0.38876090781656958,0,0,low_frequency_random,13
8.3650000000000002,-0.33976774115390945,0,0,low_frequency_random,13
8.370000000000001,-0.32725717890123812,0,0,low_frequency_random,13
8.375,-0.2450350210821598,0,0,low_frequency_random,13
8.3800000000000008,-0.30896131246052033,0,0,low_frequency_random,13
8.3849999999999998,-0.28683725011791705,0,0,low_frequency_random,13
8.3900000000000006,-0.37081824545981701,0,0,low_frequency_random,13
8.3949999999999996,-0.39898996824747657,0,0,low_frequency_random,13
8.4000000000000004,-0.36266349313341412,0,0,low_frequency_random,13
8.4049999999999994,-0.36885005684792888,0,0,low_frequency_random,13
8.4100000000000001,-0.44446859238436953,0,0,low_frequency_random,13
8.4150000000000009,-0.56028399794413031,0,0,low_frequency_random,13
8.4199999999999999,-0.59088148172712573,0,0,low_frequency_random,13
8.4250000000000007,-0.66388087293229225,0,0,low_frequency_random,13
8.4299999999999997,-0.77785170577199625,0,0,low_frequency_random,13
8.4350000000000005,-0.76977009836743393,0,0,low_frequency_random,13
8.4399999999999995,-0.84098071594949797,0,0,low_frequency_random,13
8.4450000000000003,-0.73822979666484623,0,0,low_frequency_random,13
8.4499999999999993,-0.57230746428591694,0,0,low_frequency_random,13
8.4550000000000001,-0.4831200219843369,0,0,low_frequency_random,13
8.4600000000000009,-0.26108996006050161,0,0,low_frequency_random,13
8.4649999999999999,-0.35913266775006719,0,0,low_frequency_random,13
8.4700000000000006,-0.49627410607720379,0,0,low_frequency_random,13
8.4749999999999996,-0.50758925206399086,0,0,low_frequency_random,13
8.4800000000000004,-0.64756623682885117,0,0,low_frequency_random,13
8.4849999999999994,-0.63527441174373644,0,0,low_frequency_random,13
8.4900000000000002,-0.56431607105082726,0,0,low_frequency_random,13
8.495000000000001,-0.50175267566660298,0,0,low_frequency_random,13
8.5,-0.42402903737543962,0,0,low_frequency_random,13
8.5050000000000008,-0.44061950506013575,0,0,low_frequency_random,13
8.5099999999999998,-0.44602787730314869,0,0,low_frequency_random,13
8.5150000000000006,-0.42655172764193483,0,0,low_frequency_random,13
8.5199999999999996,-0.43122496341953104,0,0,low_frequency_random,13
8.5250000000000004,-0.35737021126858737,0,0,low_frequency_random,13
8.5299999999999994,-0.39011575147117994,0,0,low_frequency_random,13
8.5350000000000001,-0.3938803374853232,0,0,low_frequency_random,13
8.5400000000000009,-0.44937972926730874,0,0,low_frequency_random,13
8.5449999999999999,-0.3729540798500891,0,0,low_frequency_random,13
8.5500000000000007,-0.36357914440101163,0,0,low_frequency_random,13
8.5549999999999997,-0.35347384270796472,0,0,low_frequency_random,13
8.5600000000000005,-0.39273393392389538,0,0,low_frequency_random,13
8.5649999999999995,-0.53425900363382328,0,0,low_frequency_random,13
8.5700000000000003,-0.57007723423609213,0,0,low_frequency_random,13
8.5750000000000011,-0.74203458192159388,0,0,low_frequency_random,13
8.5800000000000001,-0.74625966689869183,0,0,low_frequency_random,13
8.5850000000000009,-0.84323261591394072,0,0,low_frequency_random,13
8.5899999999999999,-0.74042157404783693,0,0,low_frequency_random,13
8.5950000000000006,-0.79026669327757171,0,0,low_frequency_random,13
8.5999999999999996,-0.79444432525016739,0,0,low_frequency_random,13
8.6050000000000004,-0.83250523980465985,0,0,low_frequency_random,13
8.6099999999999994,-0.92195726458587135,0,0,low_frequency_random,13
8.6150000000000002,-1.0427678880437843,0,0,low_frequency_random,13
8.620000000000001,-1.2405514706768492,0,0,low_frequency_random,13
8.625,-1.2891508584542417,0,0,low_frequency_random,13
8.6300000000000008,-1.4474996856108762,0,0,low_frequency_random,13
8.6349999999999998,-1.3543882640363132,0,0,low_frequency_random,13
8.6400000000000006,-1.4537960969881702,0,0,low_frequency_random,13
8.6449999999999996,-1.4981306962742726,0,0,low_frequency_random,13
8.6500000000000004,-1.4963953319580019,0,0,low_frequency_random,13
8.6549999999999994,-1.5046888732264725,0,0,low_frequency_random,13
8.6600000000000001,-1.4080533767575731,0,0,low_frequency_random,13
8.6650000000000009,-1.40998109238108,0,0,low_frequency_random,13
8.6699999999999999,-1.4452441916161074,0,0,low_frequency_random,13
8.6750000000000007,-1.4509831077680877,0,0,low_frequency_random,13
8.6799999999999997,-1.3252020138745351,0,0,low_frequency_random,13
8.6850000000000005,-1.2601214971850558,0,0,low_frequency_random,13
8.6899999999999995,-1.4126368276317927,0,0,low_frequency_random,13
8.6950000000000003,-1.4243435459089482,0,0,low_frequency_random,13
8.7000000000000011,-1.4928413799944635,0,0,low_frequency_random,13
8.7050000000000001,-1.48706582637368,0,0,low_frequency_random,13
8.7100000000000009,-1.4328340304627583,0,0,low_frequency_random,13
8.7149999999999999,-1.4280651937317483,0,0,low_frequency_random,13
8.7200000000000006,-1.3760286712032246,0,0,low_frequency_random,13
8.7249999999999996,-1.2384057991259354,0,0,low_frequency_random,13
8.7300000000000004,-1.3736451174282258,0,0,low_frequency_random,13
8.7349999999999994,-1.3730344389800886,0,0,low_frequency_random,13
8.7400000000000002,-1.3644947098874558,0,0,low_frequency_random,13
8.745000000000001,-1.3246803243452696,0,0,low_frequency_random,13
8.75,-1.3129962582151828,0,0,low_frequency_random,13
8.7550000000000008,-1.2357334156975877,0,0,low_frequency_random,13
8.7599999999999998,-1.2335103497730948,0,0,low_frequency_random,13
8.7650000000000006,-1.1950547115323289,0,0,low_frequency_random,13
8.7699999999999996,-1.31452959125738,0,0,low_frequency_random,13
8.7750000000000004,-1.2947060995241104,0,0,low_frequency_random,13
8.7799999999999994,-1.3864067633821486,0,0,low_frequency_random,13
8.7850000000000001,-1.335649255233049,0,0,low_frequency_random,13
8.7900000000000009,-1.1910727352660406,0,0,low_frequency_random,13
8.7949999999999999,-1.1914404830883947,0,0,low_frequency_random,13
8.8000000000000007,-1.1527295309959782,0,0,low_frequency_random,13
8.8049999999999997,-1.0893405780790542,0,0,low_frequency_random,13
8.8100000000000005,-0.97569942869426718,0,0,low_frequency_random,13
8.8149999999999995,-0.90948244937293787,0,0,low_frequency_random,13
8.8200000000000003,-0.80775870850736919,0,0,low_frequency_random,13
8.8250000000000011,-0.84616235352494895,0,0,low_frequency_random,13
8.8300000000000001,-0.84805630210062943,0,0,low_frequency_random,13
8.8350000000000009,-0.95962285446288142,0,0,low_frequency_random,13
8.8399999999999999,-0.779288725672863,0,0,low_frequency_random,13
8.8450000000000006,-0.86896958566941185,0,0,low_frequency_random,13
8.8499999999999996,-0.79159442488548171,0,0,low_frequency_random,13
8.8550000000000004,-0.77436987792727974,0,0,low_frequency_random,13
8.8599999999999994,-0.76053517058377995,0,0,low_frequency_random,13
8.8650000000000002,-0.84922783078787045,0,0,low_frequency_random,13
8.870000000000001,-0.84746868735848568,0,0,low_frequency_random,13
8.875,-0.83579523296867764,0,0,low_frequency_random,13
8.8800000000000008,-0.79832404093751674,0,0,low_frequency_random,13
8.8849999999999998,-0.82033748358884007,0,0,low_frequency_random,13
8.8900000000000006,-0.79628617339821994,0,0,low_frequency_random,13
8.8949999999999996,-0.86761739935013182,0,0,low_frequency_random,13
8.9000000000000004,-0.76647058234583032,0,0,low_frequency_random,13
8.9049999999999994,-0.81329525983950757,0,0,low_frequency_random,13
8.9100000000000001,-0.52204563299933304,0,0,low_frequency_random,13
8.9150000000000009,-0.5430317615141449,0,0,low_frequency_random,13
8.9199999999999999,-0.59018970359990497,0,0,low_frequency_random,13
8.9250000000000007,-0.57094381842372977,0,0,low_frequency_random,13
8.9299999999999997,-0.57672532447495173,0,0,low_frequency_random,13
8.9350000000000005,-0.48528157153752127,0,0,low_frequency_random,13
8.9399999999999995,-0.38358446060305346,0,0,low_frequency_random,13
8.9450000000000003,-0.42841608229587991,0,0,low_frequency_random,13
8.9500000000000011,-0.47638413702793458,0,0,low_frequency_random,13
8.9550000000000001,-0.53020342040650625,0,0,low_frequency_random,13
8.9600000000000009,-0.48652246387651954,0,0,low_frequency_random,13
8.9649999999999999,-0.4025167982441834,0,0,low_frequency_random,13
8.9700000000000006,-0.34389835637078875,0,0,low_frequency_random,13
8.9749999999999996,-0.34938174652641396,0,0,low_frequency_random,13
8.9800000000000004,-0.34038985578404618,0,0,low_frequency_random,13
8.9849999999999994,-0.28158525262194656,0,0,low_frequency_random,13
8.9900000000000002,-0.17668482065448449,0,0,low_frequency_random,13
8.995000000000001,-0.17395676091761894,0,0,low_frequency_random,13
9,-0.074923359398090389,0,0,low_frequency_random,13
9.0050000000000008,-0.096204432893882197,0,0,low_frequency_random,13
9.0099999999999998,-0.075027755903316146,0,0,low_frequency_random,13
9.0150000000000006,0.019970235854785717,0,0,low_frequency_random,13
9.0199999999999996,-0.043490060589297608,0,0,low_frequency_random,13
9.0250000000000004,-0.17499943446151933,0,0,low_frequency_random,13
9.0299999999999994,-0.25729098615790386,0,0,low_frequency_random,13
9.0350000000000001,-0.26279059005670879,0,0,low_frequency_random,13
9.0400000000000009,-0.33882054049598753,0,0,low_frequency_random,13
9.0449999999999999,-0.34267503934395371,0,0,low_frequency_random,13
9.0500000000000007,-0.22802011173841216,0,0,low_frequency_random,13
9.0549999999999997,-0.25077072842024178,0,0,low_frequency_random,13
9.0600000000000005,-0.14018019347447885,0,0,low_frequency_random,13
9.0649999999999995,-0.066523645968034326,0,0,low_frequency_random,13
9.0700000000000003,-0.14617857424801822,0,0,low_frequency_random,13
9.0750000000000011,-0.064617503208425006,0,0,low_frequency_random,13
9.0800000000000001,0.0083852806516671458,0,0,low_frequency_random,13
9.0850000000000009,0.090188455879919013,0,0,low_frequency_random,13
9.0899999999999999,0.11056656560887367,0,0,low_frequency_random,13
9.0950000000000006,0.13579777062235879,0,0,low_frequency_random,13
9.0999999999999996,0.095315742446932944,0,0,low_frequency_random,13
9.1050000000000004,0.029664941996331642,0,0,low_frequency_random,13
9.1099999999999994,0.029806411278876808,0,0,low_frequency_random,13
9.1150000000000002,0.090624654524230575,0,0,low_frequency_random,13
9.120000000000001,0.047430405672715212,0,0,low_frequency_random,13
9.125,0.18140631184269912,0,0,low_frequency_random,13
9.1300000000000008,0.15072176815886679,0,0,low_frequency_random,13
9.1349999999999998,0.18149321233283844,0,0,low_frequency_random,13
9.1400000000000006,0.080034505967972153,0,0,low_frequency_random,13
9.1449999999999996,0.20908983426199731,0,0,low_frequency_random,13
9.1500000000000004,0.2722963337520099,0,0,low_frequency_random,13
9.1549999999999994,0.38078840944875542,0,0,low_frequency_random,13
9.1600000000000001,0.29053729857469446,0,0,low_frequency_random,13
9.1650000000000009,0.41121638754045226,0,0,low_frequency_random,13
9.1699999999999999,0.4548515823794278,0,0,low_frequency_random,13
9.1750000000000007,0.41212855704095563,0,0,low_frequency_random,13
9.1799999999999997,0.3870247954985177,0,0,low_frequency_random,13
9.1850000000000005,0.27483475174323008,0,0,low_frequency_random,13
9.1899999999999995,0.26827770095207587,0,0,low_frequency_random,13
9.1950000000000003,0.34706531590315176,0,0,low_frequency_random,13
9.2000000000000011,0.28648386322944264,0,0,low_frequency_random,13
9.2050000000000001,0.32456732511672443,0,0,low_frequency_random,13
9.2100000000000009,0.2365835245122728,0,0,low_frequency_random,13
9.2149999999999999,0.032997621481136524,0,0,low_frequency_random,13
9.2200000000000006,0.027204919001591672,0,0,low_frequency_random,13
9.2249999999999996,0.15310122223186956,0,0,low_frequency_random,13
9.2300000000000004,0.25620248722920502,0,0,low_frequency_random,13
9.2349999999999994,0.20983466093936856,0,0,low_frequency_random,13
9.2400000000000002,0.31707467494353725,0,0,low_frequency_random,13
9.245000000000001,0.405955565236227,0,0,low_frequency_random,13
9.25,0.44118135004173453,0,0,low_frequency_random,13
9.2550000000000008,0.41787644395060569,0,0,low_frequency_random,13
9.2599999999999998,0.50089148286813301,0,0,low_frequency_random,13
9.2650000000000006,0.49744988518358674,0,0,low_frequency_random,13
9.2699999999999996,0.46972196567351426,0,0,low_frequency_random,13
9.2750000000000004,0.55678525030786097,0,0,low_frequency_random,13
9.2799999999999994,0.50460176992695005,0,0,low_frequency_random,13
9.2850000000000001,0.56149799712457771,0,0,low_frequency_random,13
9.2900000000000009,0.68201428388560292,0,0,low_frequency_random,13
9.2949999999999999,0.62920965312155408,0,0,low_frequency_random,13
9.3000000000000007,0.64460921862574949,0,0,low_frequency_random,13
9.3049999999999997,0.68831353401030981,0,0,low_frequency_random,13
9.3100000000000005,0.54908813206473395,0,0,low_frequency_random,13
9.3149999999999995,0.51078005924709835,0,0,low_frequency_random,13
9.3200000000000003,0.4677473414977476,0,0,low_frequency_random,13
9.3250000000000011,0.42570320685626506,0,0,low_frequency_random,13
9.3300000000000001,0.35720496959511105,0,0,low_frequency_random,13
9.3350000000000009,0.46044387929196356,0,0,low_frequency_random,13
9.3399999999999999,0.38842422414868161,0,0,low_frequency_random,13
9.3450000000000006,0.38013208546493515,0,0,low_frequency_random,13
9.3499999999999996,0.42744666847305385,0,0,low_frequency_random,13
9.3550000000000004,0.55140341162420536,0,0,low_frequency_random,13
9.3599999999999994,0.42287433066884844,0,0,low_frequency_random,13
9.3650000000000002,0.31831156475386058,0,0,low_frequency_random,13
9.370000000000001,0.23376664139376602,0,0,low_frequency_random,13
9.375,0.20937498724395473,0,0,low_frequency_random,13
9.3800000000000008,0.28369524460050977,0,0,low_frequency_random,13
9.3849999999999998,0.27248439811634961,0,0,low_frequency_random,13
9.3900000000000006,0.28396705882751838,0,0,low_frequency_random,13
9.3949999999999996,0.40559722196615067,0,0,low_frequency_random,13
9.4000000000000004,0.37920010750337169,0,0,low_frequency_random,13
9.4049999999999994,0.3921663893826185,0,0,low_frequency_random,13
9.4100000000000001,0.54907404516753144,0,0,low_frequency_random,13
9.4150000000000009,0.61027540195955199,0,0,low_frequency_random,13
9.4199999999999999,0.56042401805241271,0,0,low_frequency_random,13
9.4250000000000007,0.50779599077301552,0,0,low_frequency_random,13
9.4299999999999997,0.59617208435947489,0,0,low_frequency_random,13
9.4350000000000005,0.50430131497842479,0,0,low_frequency_random,13
9.4399999999999995,0.43341021752606246,0,0,low_frequency_random,13
9.4450000000000003,0.49745740130984895,0,0,low_frequency_random,13
9.4500000000000011,0.60390779997195909,0,0,low_frequency_random,13
9.4550000000000001,0.7366250366676419,0,0,low_frequency_random,13
9.4600000000000009,0.65739636531392032,0,0,low_frequency_random,13
9.4649999999999999,0.69792288588397777,0,0,low_frequency_random,13
9.4700000000000006,0.43228405954058208,0,0,low_frequency_random,13
9.4749999999999996,0.36542743611872919,0,0,low_frequency_random,13
9.4800000000000004,0.60075881083718641,0,0,low_frequency_random,13
9.4849999999999994,0.7258049884257709,0,0,low_frequency_random,13
9.4900000000000002,0.78292386758207999,0,0,low_frequency_random,13
9.495000000000001,0.70924627501339321,0,0,low_frequency_random,13
9.5,0.60988116449204954,0,0,low_frequency_random,13
9.5050000000000008,0.69966460398276908,0,0,low_frequency_random,13
9.5099999999999998,0.68828921564865164,0,0,low_frequency_random,13
9.5150000000000006,0.62493340609299186,0,0,low_frequency_random,13
9.5199999999999996,0.68481407460604682,0,0,low_frequency_random,13
9.5250000000000004,0.74102051616242526,0,0,low_frequency_random,13
9.5299999999999994,0.68664293287281908,0,0,low_frequency_random,13
9.5350000000000001,0.65340573437870575,0,0,low_frequency_random,13
9.5400000000000009,0.83206612526854473,0,0,low_frequency_random,13
9.5449999999999999,0.75506045914715347,0,0,low_frequency_random,13
9.5500000000000007,0.83773478442032123,0,0,low_frequency_random,13
9.5549999999999997,0.78298610691278181,0,0,low_frequency_random,13
9.5600000000000005,0.71626220953564379,0,0,low_frequency_random,13
9.5649999999999995,0.63484607399761683,0,0,low_frequency_random,13
9.5700000000000003,0.62756293101049432,0,0,low_frequency_random,13
9.5750000000000011,0.62830528707606115,0,0,low_frequency_random,13
9.5800000000000001,0.68973219497593996,0,0,low_frequency_random,13
9.5850000000000009,0.63257923790243709,0,0,low_frequency_random,13
9.5899999999999999,0.6675894431498014,0,0,low_frequency_random,13
9.5950000000000006,0.62493626055845775,0,0,low_frequency_random,13
9.5999999999999996,0.56888166625209824,0,0,low_frequency_random,13
9.6050000000000004,0.62203757332911602,0,0,low_frequency_random,13
9.6099999999999994,0.66022112015926859,0,0,low_frequency_random,13
9.6150000000000002,0.54095180376932928,0,0,low_frequency_random,13
9.620000000000001,0.55552676618575825,0,0,low_frequency_random,13
9.625,0.41169081018093562,0,0,low_frequency_random,13
9.6300000000000008,0.32896562901732418,0,0,low_frequency_random,13
9.6349999999999998,0.46065227038403944,0,0,low_frequency_random,13
9.6400000000000006,0.56734295594263651,0,0,low_frequency_random,13
9.6449999999999996,0.55287479775577608,0,0,low_frequency_random,13
9.6500000000000004,0.6015475503734361,0,0,low_frequency_random,13
9.6549999999999994,0.70291570993844465,0,0,low_frequency_random,13
9.6600000000000001,0.84017628508985731,0,0,low_frequency_random,13
9.6650000000000009,0.97582387526901293,0,0,low_frequency_random,13
9.6699999999999999,0.91240821649363746,0,0,low_frequency_random,13
9.6750000000000007,0.90624492422521474,0,0,low_frequency_random,13
9.6799999999999997,0.91243133541325683,0,0,low_frequency_random,13
9.6850000000000005,0.7163381660978938,0,0,low_frequency_random,13
9.6899999999999995,0.65412474323104008,0,0,low_frequency_random,13
9.6950000000000003,0.68361446641139922,0,0,low_frequency_random,13
9.7000000000000011,0.6638294732491401,0,0,low_frequency_random,13
9.7050000000000001,0.61306921388932778,0,0,low_frequency_random,13
9.7100000000000009,0.51695971250509976,0,0,low_frequency_random,13
9.7149999999999999,0.46869478351761568,0,0,low_frequency_random,13
9.7200000000000006,0.46456257699293824,0,0,low_frequency_random,13
9.7249999999999996,0.43719213571117682,0,0,low_frequency_random,13
9.7300000000000004,0.52596646618240328,0,0,low_frequency_random,13
9.7349999999999994,0.58841861181764032,0,0,low_frequency_random,13
9.7400000000000002,0.48276630516435637,0,0,low_frequency_random,13
9.745000000000001,0.55500489513624729,0,0,low_frequency_random,13
9.75,0.55455457240789741,0,0,low_frequency_random,13
9.7550000000000008,0.61265912438766601,0,0,low_frequency_random,13
9.7599999999999998,0.557130743382375,0,0,low_frequency_random,13
9.7650000000000006,0.62590480015848626,0,0,low_frequency_random,13
9.7699999999999996,0.56583267588852615,0,0,low_frequency_random,13
9.7750000000000004,0.6443728447130509,0,0,low_frequency_random,13
9.7799999999999994,0.63877867522575293,0,0,low_frequency_random,13
9.7850000000000001,0.61496377073945474,0,0,low_frequency_random,13
9.7900000000000009,0.5067264700045413,0,0,low_frequency_random,13
9.7949999999999999,0.37566986001582559,0,0,low_frequency_random,13
9.8000000000000007,0.44272849737191888,0,0,low_frequency_random,13
9.8049999999999997,0.35123306556301898,0,0,low_frequency_random,13
9.8100000000000005,0.25579093926635271,0,0,low_frequency_random,13
9.8149999999999995,0.28611113814668759,0,0,low_frequency_random,13
9.8200000000000003,0.286260983200884,0,0,low_frequency_random,13
9.8250000000000011,0.33114698508477047,0,0,low_frequency_random,13
9.8300000000000001,0.22485384017903462,0,0,low_frequency_random,13
9.8350000000000009,0.05437538379523027,0,0,low_frequency_random,13
9.8399999999999999,-0.018328703418272967,0,0,low_frequency_random,13
9.8450000000000006,0.061154035945830063,0,0,low_frequency_random,13
9.8499999999999996,0.05799126269074726,0,0,low_frequency_random,13
9.8550000000000004,0.092384700477656206,0,0,low_frequency_random,13
9.8599999999999994,0.13323490286178113,0,0,low_frequency_random,13
9.8650000000000002,0.14571399200711482,0,0,low_frequency_random,13
9.870000000000001,0.15828810098805163,0,0,low_frequency_random,13
9.875,0.14086451091444815,0,0,low_frequency_random,13
9.8800000000000008,0.15744585917646878,0,0,low_frequency_random,13
9.8849999999999998,0.18237230817079567,0,0,low_frequency_random,13
9.8900000000000006,0.12954910902699693,0,0,low_frequency_random,13
9.8949999999999996,0.17653873390699326,0,0,low_frequency_random,13
9.9000000000000004,0.17551066556080228,0,0,low_frequency_random,13
9.9049999999999994,0.16795469911581726,0,0,low_frequency_random,13
9.9100000000000001,0.15456368010950269,0,0,low_frequency_random,13
9.9150000000000009,0.22389797075115775,0,0,low_frequency_random,13
9.9199999999999999,0.21125831791041738,0,0,low_frequency_random,13
9.9250000000000007,0.30508824267073958,0,0,low_frequency_random,13
9.9299999999999997,0.22372808248523673,0,0,low_frequency_random,13
9.9350000000000005,0.26846464828908251,0,0,low_frequency_random,13
9.9399999999999995,0.14429472270723376,0,0,low_frequency_random,13
9.9450000000000003,0.14776976548075241,0,0,low_frequency_random,13
9.9500000000000011,0.10704254542281107,0,0,low_frequency_random,13
9.9550000000000001,0.070103698061295627,0,0,low_frequency_random,13
9.9600000000000009,-0.012753897064827713,0,0,low_frequency_random,13
9.9649999999999999,-0.014761329246108542,0,0,low_frequency_random,13
9.9700000000000006,0.028479108605882535,0,0,low_frequency_random,13
9.9749999999999996,-0.11773979377996524,0,0,low_frequency_random,13
9.9800000000000004,-0.12755060040456184,0,0,low_frequency_random,13
9.9849999999999994,-0.11251697971044262,0,0,low_frequency_random,13
9.9900000000000002,-0.063761474912627333,0,0,low_frequency_random,13
9.995000000000001,-0.035325795481441061,0,0,low_frequency_random,13
10,-0.12118729146484811,0,0,low_frequency_random,13
10.005000000000001,-0.041837167295025957,0,0,low_frequency_random,13
10.01,-0.11093999914424854,0,0,low_frequency_random,13
10.015000000000001,-0.071380790025403387,0,0,low_frequency_random,13
10.02,-0.056127986159251901,0,0,low_frequency_random,13
10.025,-0.10242167939807764,0,0,low_frequency_random,13
10.029999999999999,-0.17447801181678624,0,0,low_frequency_random,13
10.035,-0.19110516373520806,0,0,low_frequency_random,13
10.040000000000001,-0.076613870209790644,0,0,low_frequency_random,13
10.045,-0.02593202135840058,0,0,low_frequency_random,13
10.050000000000001,-0.072190349168548884,0,0,low_frequency_random,13
10.055,-0.014582148433281608,0,0,low_frequency_random,13
10.06,0.11719926658772377,0,0,low_frequency_random,13
10.065,0.2876366855508059,0,0,low_frequency_random,13
10.07,0.14948494424098999,0,0,low_frequency_random,13
10.075000000000001,0.20607841546183919,0,0,low_frequency_random,13
10.08,0.2707964879411246,0,0,low_frequency_random,13
10.085000000000001,0.20511205203581023,0,0,low_frequency_random,13
10.09,0.055677652235388703,0,0,low_frequency_random,13
10.095000000000001,0.15558005036631281,0,0,low_frequency_random,13
10.1,0.1178481869222473,0,0,low_frequency_random,13
10.105,-0.011545168994228416,0,0,low_frequency_random,13
10.109999999999999,-0.096679956285188662,0,0,low_frequency_random,13
10.115,-0.038157416495479601,0,0,low_frequency_random,13
10.120000000000001,0.13556499362690216,0,0,low_frequency_random,13
10.125,0.20885505972604196,0,0,low_frequency_random,13
10.130000000000001,0.13940860866628635,0,0,low_frequency_random,13
10.135,0.23962589954977126,0,0,low_frequency_random,13
10.140000000000001,0.089489557961509536,0,0,low_frequency_random,13
10.145,0.16814401051064931,0,0,low_frequency_random,13
10.15,0.2409982169380413,0,0,low_frequency_random,13
10.154999999999999,0.38271065514638836,0,0,low_frequency_random,13
10.16,0.45904979316592132,0,0,low_frequency_random,13
10.165000000000001,0.54784943980780543,0,0,low_frequency_random,13
10.17,0.55484599662196121,0,0,low_frequency_random,13
10.175000000000001,0.52622263727099816,0,0,low_frequency_random,13
10.18,0.52707306262449038,0,0,low_frequency_random,13
10.185,0.67871113025500873,0,0,low_frequency_random,13
10.19,0.63136532001592693,0,0,low_frequency_random,13
10.195,0.62524599589397012,0,0,low_frequency_random,13
10.200000000000001,0.58687999150281667,0,0,low_frequency_random,13
10.205,0.63915662479748003,0,0,low_frequency_random,13
10.210000000000001,0.67593894794776566,0,0,low_frequency_random,13
10.215,0.83652745811681362,0,0,low_frequency_random,13
10.220000000000001,1.0075410698823704,0,0,low_frequency_random,13
10.225,1.0947883661994708,0,0,low_frequency_random,13
10.23,1.1626729021301909,0,0,low_frequency_random,13
10.234999999999999,1.1484787467687141,0,0,low_frequency_random,13
10.24,1.0262617285375013,0,0,low_frequency_random,13
10.245000000000001,1.036705192602374,0,0,low_frequency_random,13
10.25,1.0372154956888253,0,0,low_frequency_random,13
10.255000000000001,0.94425089469091783,0,0,low_frequency_random,13
10.26,0.95938261908554678,0,0,low_frequency_random,13
10.265000000000001,1.0346858051920931,0,0,low_frequency_random,13
10.27,0.96100921172975617,0,0,low_frequency_random,13
10.275,1.0292187917735514,0,0,low_frequency_random,13
10.279999999999999,1.0593877617407932,0,0,low_frequency_random,13
10.285,1.0132643586494452,0,0,low_frequency_random,13
10.290000000000001,1.0196247560662073,0,0,low_frequency_random,13
10.295,1.0772644993378317,0,0,low_frequency_random,13
10.300000000000001,1.0599304344045197,0,0,low_frequency_random,13
10.305,1.0522247872428345,0,0,low_frequency_random,13
10.31,1.1547317076128025,0,0,low_frequency_random,13
10.315,1.1961116597347805,0,0,low_frequency_random,13
10.32,1.2355567820471485,0,0,low_frequency_random,13
10.325000000000001,1.1917417954554557,0,0,low_frequency_random,13
10.33,1.2446315553642826,0,0,low_frequency_random,13
10.335000000000001,1.3608464450239286,0,0,low_frequency_random,13
10.34,1.2812903716582407,0,0,low_frequency_random,13
10.345000000000001,1.1454672454746384,0,0,low_frequency_random,13
10.35,1.078029480433442,0,0,low_frequency_random,13
10.355,1.0645716413973916,0,0,low_frequency_random,13
10.359999999999999,0.98124133993916163,0,0,low_frequency_random,13
10.365,0.84317978863940635,0,0,low_frequency_random,13
10.370000000000001,0.97300476501871325,0,0,low_frequency_random,13
10.375,0.93676457404721825,0,0,low_frequency_random,13
10.380000000000001,0.86886121697905716,0,0,low_frequency_random,13
10.385,0.63626011247383318,0,0,low_frequency_random,13
10.390000000000001,0.70782452721315714,0,0,low_frequency_random,13
10.395,0.58183136796910961,0,0,low_frequency_random,13
10.4,0.6862955486212079,0,0,low_frequency_random,13
10.404999999999999,0.73008539641032266,0,0,low_frequency_random,13
10.41,0.74566899669820808,0,0,low_frequency_random,13
10.415000000000001,0.72658442631987785,0,0,low_frequency_random,13
10.42,0.80171103478277139,0,0,low_frequency_random,13
10.425000000000001,0.75398440092341956,0,0,low_frequency_random,13
10.43,0.78177940011824532,0,0,low_frequency_random,13
10.435,0.73968017366261496,0,0,low_frequency_random,13
10.44,0.71253038114801304,0,0,low_frequency_random,13
10.445,0.83691860550326236,0,0,low_frequency_random,13
10.450000000000001,0.9239879947667935,0,0,low_frequency_random,13
10.455,0.84613096039196134,0,0,low_frequency_random,13
10.460000000000001,0.77430770370069424,0,0,low_frequency_random,13
10.465,0.77535312787713495,0,0,low_frequency_random,13
10.470000000000001,0.76256192226464825,0,0,low_frequency_random,13
10.475,0.80013651263271723,0,0,low_frequency_random,13
10.48,0.76729312193219823,0,0,low_frequency_random,13
10.484999999999999,0.6811965157181934,0,0,low_frequency_random,13
10.49,0.74578592669132182,0,0,low_frequency_random,13
10.495000000000001,0.72576079114218395,0,0,low_frequency_random,13
10.5,0.77891717182613107,0,0,low_frequency_random,13
10.505000000000001,0.70417874733207464,0,0,low_frequency_random,13
10.51,0.82380356030192226,0,0,low_frequency_random,13
10.515000000000001,0.84354874970402693,0,0,low_frequency_random,13
10.52,0.86190590254695565,0,0,low_frequency_random,13
10.525,0.88979305738858072,0,0,low_frequency_random,13
10.529999999999999,0.7599653524590102,0,0,low_frequency_random,13
10.535,0.814397480991774,0,0,low_frequency_random,13
10.540000000000001,0.76999091582637313,0,0,low_frequency_random,13
10.545,0.67693160689937004,0,0,low_frequency_random,13
10.550000000000001,0.70614064289763967,0,0,low_frequency_random,13
10.555,0.84305162613693907,0,0,low_frequency_random,13
10.56,0.7836718384664394,0,0,low_frequency_random,13
10.565,0.90609497232409564,0,0,low_frequency_random,13
10.57,0.7244689978608746,0,0,low_frequency_random,13
10.575000000000001,0.74660918441935809,0,0,low_frequency_random,13
10.58,0.69606964948444028,0,0,low_frequency_random,13
10.585000000000001,0.71425296671227456,0,0,low_frequency_random,13
10.59,0.8849156993060584,0,0,low_frequency_random,13
10.595000000000001,0.9363887270575304,0,0,low_frequency_random,13
10.6,0.812540053296403,0,0,low_frequency_random,13
10.605,0.92790886602116052,0,0,low_frequency_random,13
10.609999999999999,0.8389950924616778,0,0,low_frequency_random,13
10.615,0.79009066471388589,0,0,low_frequency_random,13
10.620000000000001,0.71419934111152183,0,0,low_frequency_random,13
10.625,0.72248859951758537,0,0,low_frequency_random,13
10.630000000000001,0.71103680594076291,0,0,low_frequency_random,13
10.635,0.84101554464774186,0,0,low_frequency_random,13
10.640000000000001,0.8662178636983916,0,0,low_frequency_random,13
10.645,0.91959030594207025,0,0,low_frequency_random,13
10.65,0.90413889945465697,0,0,low_frequency_random,13
10.654999999999999,0.9922949316566938,0,0,low_frequency_random,13
10.66,0.90475481683753833,0,0,low_frequency_random,13
10.665000000000001,0.78512870760689979,0,0,low_frequency_random,13
10.67,0.85520092732329633,0,0,low_frequency_random,13
10.675000000000001,0.91388843356604765,0,0,low_frequency_random,13
10.68,0.91566435429844073,0,0,low_frequency_random,13
10.685,1.0956139464894312,0,0,low_frequency_random,13
10.69,1.0201769461882924,0,0,low_frequency_random,13
10.695,1.1329532399891202,0,0,low_frequency_random,13
10.700000000000001,1.253550992339765,0,0,low_frequency_random,13
10.705,1.149754673161884,0,0,low_frequency_random,13
10.710000000000001,1.1918128850832277,0,0,low_frequency_random,13
10.715,1.2523812334210065,0,0,low_frequency_random,13
10.720000000000001,1.2383431640993472,0,0,low_frequency_random,13
10.725,1.2251638997397067,0,0,low_frequency_random,13
10.73,1.217891947294149,0,0,low_frequency_random,13
10.734999999999999,1.1451220161496334,0,0,low_frequency_random,13
10.74,1.0312371782742669,0,0,low_frequency_random,13
10.745000000000001,1.0928431037495376,0,0,low_frequency_random,13
10.75,1.1091104943213932,0,0,low_frequency_random,13
10.755000000000001,1.1097422795940841,0,0,low_frequency_random,13
10.76,1.1504319471744398,0,0,low_frequency_random,13
10.765000000000001,1.0827915537208561,0,0,low_frequency_random,13
10.77,1.0285053166968161,0,0,low_frequency_random,13
10.775,1.0920455779149314,0,0,low_frequency_random,13
10.779999999999999,1.0898508353694121,0,0,low_frequency_random,13
10.785,1.1273025990729417,0,0,low_frequency_random,13
10.790000000000001,1.2125639115528695,0,0,low_frequency_random,13
10.795,1.350917046083401,0,0,low_frequency_random,13
10.800000000000001,1.2740081133902272,0,0,low_frequency_random,13
10.805,1.2245938659587969,0,0,low_frequency_random,13
10.81,1.1059021738286747,0,0,low_frequency_random,13
10.815,1.0475558812153509,0,0,low_frequency_random,13
10.82,1.0864482395195967,0,0,low_frequency_random,13
10.825000000000001,1.0406521210485855,0,0,low_frequency_random,13
10.83,1.2145675719350237,0,0,low_frequency_random,13
10.835000000000001,1.1767603954424746,0,0,low_frequency_random,13
10.84,1.0295756480044982,0,0,low_frequency_random,13
10.845000000000001,0.95486680295065662,0,0,low_frequency_random,13
10.85,1.12131374306272,0,0,low_frequency_random,13
10.855,1.0463779867434795,0,0,low_frequency_random,13
10.859999999999999,1.0380415277885497,0,0,low_frequency_random,13
10.865,0.96937941163617158,0,0,low_frequency_random,13
10.870000000000001,0.87840738603245649,0,0,low_frequency_random,13
10.875,0.97036417691918186,0,0,low_frequency_random,13
10.880000000000001,0.87192189132968501,0,0,low_frequency_random,13
10.885,0.72546786289260357,0,0,low_frequency_random,13
10.890000000000001,0.66424671656054302,0,0,low_frequency_random,13
10.895,0.61001701064493896,0,0,low_frequency_random,13
10.9,0.6449036298866585,0,0,low_frequency_random,13
10.904999999999999,0.65336011151427453,0,0,low_frequency_random,13
10.91,0.75251809907692357,0,0,low_frequency_random,13
10.915000000000001,0.73453035335940431,0,0,low_frequency_random,13
10.92,0.76853363300123057,0,0,low_frequency_random,13
10.925000000000001,0.80751989845825312,0,0,low_frequency_random,13
10.93,0.88860768466988771,0,0,low_frequency_random,13
10.935,0.78829363501572214,0,0,low_frequency_random,13
10.94,0.76009676949384819,0,0,low_frequency_random,13
10.945,0.53861909538871355,0,0,low_frequency_random,13
10.950000000000001,0.47424446712654267,0,0,low_frequency_random,13
10.955,0.37591780573729872,0,0,low_frequency_random,13
10.960000000000001,0.30589758620143259,0,0,low_frequency_random,13
10.965,0.43159535786356362,0,0,low_frequency_random,13
10.970000000000001,0.51421351812639737,0,0,low_frequency_random,13
10.975,0.39191133112197807,0,0,low_frequency_random,13
10.98,0.53669007572953076,0,0,low_frequency_random,13
10.984999999999999,0.63892827093369908,0,0,low_frequency_random,13
10.99,0.65237650165300554,0,0,low_frequency_random,13
10.995000000000001,0.6427013903476968,0,0,low_frequency_random,13
11,0.63020628428180714,0,0,low_frequency_random,13
11.005000000000001,0.62576248288558256,0,0,low_frequency_random,13
11.01,0.67668844801989747,0,0,low_frequency_random,13
11.015000000000001,0.65270960924366217,0,0,low_frequency_random,13
11.02,0.730806143905673,0,0,low_frequency_random,13
11.025,0.70174550920456147,0,0,low_frequency_random,13
11.029999999999999,0.64370828125396273,0,0,low_frequency_random,13
11.035,0.62998168578379843,0,0,low_frequency_random,13
11.040000000000001,0.65405101778458563,0,0,low_frequency_random,13
11.045,0.68523777506911987,0,0,low_frequency_random,13
11.050000000000001,0.68101510706996238,0,0,low_frequency_random,13
11.055,0.55604704603240096,0,0,low_frequency_random,13
11.06,0.4447205333962449,0,0,low_frequency_random,13
11.065,0.3046995854940705,0,0,low_frequency_random,13
11.07,0.28100958103600504,0,0,low_frequency_random,13
11.075000000000001,0.33439987460960902,0,0,low_frequency_random,13
11.08,0.33506119716729421,0,0,low_frequency_random,13
11.085000000000001,0.32961536234486899,0,0,low_frequency_random,13
11.09,0.2892695772830608,0,0,low_frequency_random,13
11.095000000000001,0.26039747402351965,0,0,low_frequency_random,13
11.1,0.20529609370034238,0,0,low_frequency_random,13
11.105,0.28981397983735829,0,0,low_frequency_random,13
11.109999999999999,0.18895057746566596,0,0,low_frequency_random,13
11.115,0.11711642318053533,0,0,low_frequency_random,13
11.120000000000001,0.15545874741093887,0,0,low_frequency_random,13
11.125,0.12555604551992,0,0,low_frequency_random,13
11.130000000000001,0.17814825463557432,0,0,low_frequency_random,13
11.135,0.1404452040154105,0,0,low_frequency_random,13
11.140000000000001,0.17432976831496483,0,0,low_frequency_random,13
11.145,0.19218636613539436,0,0,low_frequency_random,13
11.15,0.088567962540348669,0,0,low_frequency_random,13
11.154999999999999,0.13338745423269005,0,0,low_frequency_random,13
11.16,0.23460753315224511,0,0,low_frequency_random,13
11.165000000000001,0.18050326423197316,0,0,low_frequency_random,13
11.17,0.16967777379332502,0,0,low_frequency_random,13
11.175000000000001,0.22075023886822029,0,0,low_frequency_random,13
11.18,0.34388059137744253,0,0,low_frequency_random,13
11.185,0.37204311903746273,0,0,low_frequency_random,13
11.19,0.55804673069859523,0,0,low_frequency_random,13
11.195,0.52446143069393991,0,0,low_frequency_random,13
11.200000000000001,0.67764185669920707,0,0,low_frequency_random,13
11.205,0.61633657247822959,0,0,low_frequency_random,13
11.210000000000001,0.61304786982367343,0,0,low_frequency_random,13
11.215,0.53883518001162911,0,0,low_frequency_random,13
11.220000000000001,0.61711183217760346,0,0,low_frequency_random,13
11.225,0.66666821273277244,0,0,low_frequency_random,13
11.23,0.52595208893808221,0,0,low_frequency_random,13
11.234999999999999,0.31522345744856345,0,0,low_frequency_random,13
11.24,0.48794763349529613,0,0,low_frequency_random,13
11.245000000000001,0.46388145274970544,0,0,low_frequency_random,13
11.25,0.32980167741610411,0,0,low_frequency_random,13
11.255000000000001,0.25782862762059394,0,0,low_frequency_random,13
11.26,0.22108496056276802,0,0,low_frequency_random,13
11.265000000000001,0.34803272622417164,0,0,low_frequency_random,13
11.27,0.38336173118045624,0,0,low_frequency_random,13
11.275,0.38671747961523006,0,0,low_frequency_random,13
11.279999999999999,0.31043209993560683,0,0,low_frequency_random,13
11.285,0.36381610733338521,0,0,low_frequency_random,13
11.290000000000001,0.2230219332956648,0,0,low_frequency_random,13
11.295,0.31322419235057058,0,0,low_frequency_random,13
11.300000000000001,0.39090681521050363,0,0,low_frequency_random,13
11.305,0.35277637664590877,0,0,low_frequency_random,13
11.31,0.23220280066030627,0,0,low_frequency_random,13
11.315,0.18276620780198516,0,0,low_frequency_random,13
11.32,0.17335790273626386,0,0,low_frequency_random,13
11.325000000000001,0.33431584115580287,0,0,low_frequency_random,13
11.33,0.47002530317184565,0,0,low_frequency_random,13
11.335000000000001,0.41743174674232375,0,0,low_frequency_random,13
11.34,0.35560710949657859,0,0,low_frequency_random,13
11.345000000000001,0.24561016559024523,0,0,low_frequency_random,13
11.35,0.27584025194653494,0,0,low_frequency_random,13
11.355,0.23203683395677993,0,0,low_frequency_random,13
11.359999999999999,0.28826926541491132,0,0,low_frequency_random,13
11.365,0.29342475403216611,0,0,low_frequency_random,13
11.370000000000001,0.24971482130993322,0,0,low_frequency_random,13
11.375,0.16940446638390955,0,0,low_frequency_random,13
11.380000000000001,0.042005174783233651,0,0,low_frequency_random,13
11.385,0.089551286820964859,0,0,low_frequency_random,13
11.390000000000001,-0.015466355453075842,0,0,low_frequency_random,13
11.395,0.042081191891136439,0,0,low_frequency_random,13
11.4,-0.089560334863566099,0,0,low_frequency_random,13
11.404999999999999,-0.29147573606551314,0,0,low_frequency_random,13
11.41,-0.28811015603949414,0,0,low_frequency_random,13
11.415000000000001,-0.33343636812366395,0,0,low_frequency_random,13
11.42,-0.25759404026250043,0,0,low_frequency_random,13
11.425000000000001,-0.25544634606707872,0,0,low_frequency_random,13
11.43,-0.2592392743444395,0,0,low_frequency_random,13
11.435,-0.1878782401711297,0,0,low_frequency_random,13
11.44,-0.2384434474522073,0,0,low_frequency_random,13
11.445,-0.18509234121867874,0,0,low_frequency_random,13
11.450000000000001,0.013115167218508306,0,0,low_frequency_random,13
11.455,0.032584400252404777,0,0,low_frequency_random,13
11.460000000000001,-0.039676607795043256,0,0,low_frequency_random,13
11.465,-0.040718171433769781,0,0,low_frequency_random,13
11.470000000000001,-0.10290630265319672,0,0,low_frequency_random,13
11.475,-0.12742711816020907,0,0,low_frequency_random,13
11.48,0.0082650373308466862,0,0,low_frequency_random,13
11.484999999999999,-0.068463390839781396,0,0,low_frequency_random,13
11.49,-0.16424944249414788,0,0,low_frequency_random,13
11.495000000000001,-0.11996228057779723,0,0,low_frequency_random,13
11.5,-0.14952437616174163,0,0,low_frequency_random,13
11.505000000000001,-0.1599493105492158,0,0,low_frequency_random,13
11.51,-0.20658701610653873,0,0,low_frequency_random,13
11.515000000000001,-0.18374625910013839,0,0,low_frequency_random,13
11.52,-0.062944955279908274,0,0,low_frequency_random,13
11.525,-0.0091174810415588156,0,0,low_frequency_random,13
11.529999999999999,-0.039806007638088899,0,0,low_frequency_random,13
11.535,-0.065109449924605836,0,0,low_frequency_random,13
11.540000000000001,-0.1346164079468074,0,0,low_frequency_random,13
11.545,-0.2015611995238748,0,0,low_frequency_random,13
11.550000000000001,-0.12278186963136262,0,0,low_frequency_random,13
11.555,-0.07628451914924847,0,0,low_frequency_random,13
11.56,-0.035811063738432097,0,0,low_frequency_random,13
11.565,0.0073966367344064574,0,0,low_frequency_random,13
11.57,-0.039298092053058981,0,0,low_frequency_random,13
11.575000000000001,-0.036575795575005572,0,0,low_frequency_random,13
11.58,0.0084129430539277919,0,0,low_frequency_random,13
11.585000000000001,0.13966387449478726,0,0,low_frequency_random,13
11.59,0.16326327389402046,0,0,low_frequency_random,13
11.595000000000001,0.17201117098183039,0,0,low_frequency_random,13
11.6,0.11225268581734243,0,0,low_frequency_random,13
11.605,0.19767495276758057,0,0,low_frequency_random,13
11.609999999999999,0.18090458317259489,0,0,low_frequency_random,13
11.615,0.20439173716789291,0,0,low_frequency_random,13
11.620000000000001,0.23896264051820992,0,0,low_frequency_random,13
11.625,0.1802627527253233,0,0,low_frequency_random,13
11.630000000000001,0.20701180269727959,0,0,low_frequency_random,13
11.635,0.30022130963792193,0,0,low_frequency_random,13
11.640000000000001,0.23310888763314563,0,0,low_frequency_random,13
11.645,0.19537307992558542,0,0,low_frequency_random,13
11.65,0.13417297893667607,0,0,low_frequency_random,13
11.654999999999999,0.14617622635909705,0,0,low_frequency_random,13
11.66,0.31633054601267363,0,0,low_frequency_random,13
11.665000000000001,0.34542720627175644,0,0,low_frequency_random,13
11.67,0.44714671587715937,0,0,low_frequency_random,13
11.675000000000001,0.46904503440245249,0,0,low_frequency_random,13
11.68,0.43817596268416181,0,0,low_frequency_random,13
11.685,0.44200656781074726,0,0,low_frequency_random,13
11.69,0.4633874368221631,0,0,low_frequency_random,13
11.695,0.45071332730451791,0,0,low_frequency_random,13
11.700000000000001,0.44819774158985004,0,0,low_frequency_random,13
11.705,0.45791674092049417,0,0,low_frequency_random,13
11.710000000000001,0.41069077373681789,0,0,low_frequency_random,13
11.715,0.53434340445933204,0,0,low_frequency_random,13
11.720000000000001,0.5711782563095017,0,0,low_frequency_random,13
11.725,0.56363628160718859,0,0,low_frequency_random,13
11.73,0.52040097927280926,0,0,low_frequency_random,13
11.734999999999999,0.55219356724991087,0,0,low_frequency_random,13
11.74,0.49304959691339317,0,0,low_frequency_random,13
11.745000000000001,0.39665950210186873,0,0,low_frequency_random,13
11.75,0.37002184169483243,0,0,low_frequency_random,13
11.755000000000001,0.47163486137651656,0,0,low_frequency_random,13
11.76,0.45796222272819248,0,0,low_frequency_random,13
11.765000000000001,0.47421197103878693,0,0,low_frequency_random,13
11.77,0.40037501511025703,0,0,low_frequency_random,13
11.775,0.44355592724717274,0,0,low_frequency_random,13
11.779999999999999,0.40251783244250422,0,0,low_frequency_random,13
11.785,0.35972622921804609,0,0,low_frequency_random,13
11.790000000000001,0.30084066164869233,0,0,low_frequency_random,13
11.795,0.29296727242944037,0,0,low_frequency_random,13
11.800000000000001,0.21227817038366503,0,0,low_frequency_random,13
11.805,0.18297873451775834,0,0,low_frequency_random,13
11.81,0.17059921026796207,0,0,low_frequency_random,13
11.815,0.097630409320759517,0,0,low_frequency_random,13
11.82,-0.053333201333625707,0,0,low_frequency_random,13
11.825000000000001,-0.014939510713056159,0,0,low_frequency_random,13
11.83,-0.10993295492500595,0,0,low_frequency_random,13
11.835000000000001,-0.26038866394708382,0,0,low_frequency_random,13
11.84,-0.25530301735232402,0,0,low_frequency_random,13
11.845000000000001,-0.25455668245237917,0,0,low_frequency_random,13
11.85,-0.16234011611765392,0,0,low_frequency_random,13
11.855,-0.056954409665724931,0,0,low_frequency_random,13
11.859999999999999,-0.22777649829360294,0,0,low_frequency_random,13
11.865,-0.26881287672031046,0,0,low_frequency_random,13
11.870000000000001,-0.24299835095842059,0,0,low_frequency_random,13
11.875,-0.34507341451645734,0,0,low_frequency_random,13
11.880000000000001,-0.25022999117141498,0,0,low_frequency_random,13
11.885,-0.21869447596589695,0,0,low_frequency_random,13
11.890000000000001,-0.2678298323421624,0,0,low_frequency_random,13
11.895,-0.3050743731656787,0,0,low_frequency_random,13
11.9,-0.27549639185797814,0,0,low_frequency_random,13
11.904999999999999,-0.10417870488028722,0,0,low_frequency_random,13
11.91,0.051412318477264476,0,0,low_frequency_random,13
11.915000000000001,-0.059065003399677352,0,0,low_frequency_random,13
11.92,-0.0078316332430865554,0,0,low_frequency_random,13
11.925000000000001,-0.12089638210083826,0,0,low_frequency_random,13
11.93,-0.12765015205511487,0,0,low_frequency_random,13
11.935,-0.20229313245199404,0,0,low_frequency_random,13
11.94,-0.22111434877474989,0,0,low_frequency_random,13
11.945,-0.25166553368423855,0,0,low_frequency_random,13
11.950000000000001,-0.21858209074063212,0,0,low_frequency_random,13
11.955,-0.27384104132184539,0,0,low_frequency_random,13
11.960000000000001,-0.21437366827120169,0,0,low_frequency_random,13
11.965,-0.21977074052621462,0,0,low_frequency_random,13
11.970000000000001,-0.28815029063904218,0,0,low_frequency_random,13
11.975,-0.16872528330598424,0,0,low_frequency_random,13
11.98,-0.13873496480200584,0,0,low_frequency_random,13
11.984999999999999,-0.1517266694503516,0,0,low_frequency_random,13
11.99,-0.1408982260561191,0,0,low_frequency_random,13
11.995000000000001,-0.081648657815387493,0,0,low_frequency_random,13
12,-0.088919313405311021,0,0,low_frequency_random,13
