time,wind_x,wind_y,wind_z,profile,seed
0,0,0,0,low_frequency_random,7
0.0050000000000000001,9.8166749723005149e-05,0,0,low_frequency_random,7
0.01,0.023937695324988038,0,0,low_frequency_random,7
0.014999999999999999,0.0019419906606124512,0,0,low_frequency_random,7
0.02,-0.069137294314968387,0,0,low_frequency_random,7
0.025000000000000001,-0.10507538844001697,0,0,low_frequency_random,7
0.029999999999999999,-0.18368513040951784,0,0,low_frequency_random,7
0.035000000000000003,-0.17796951249004406,0,0,low_frequency_random,7
0.040000000000000001,-0.070132151661877556,0,0,low_frequency_random,7
0.044999999999999998,-0.10906065105535556,0,0,low_frequency_random,7
0.050000000000000003,-0.15803086393842505,0,0,low_frequency_random,7
0.055,-0.11815308231651646,0,0,low_frequency_random,7
0.059999999999999998,-0.08908405962873113,0,0,low_frequency_random,7
0.065000000000000002,-0.080227650100908141,0,0,low_frequency_random,7
0.070000000000000007,-0.15407925010853582,0,0,low_frequency_random,7
0.074999999999999997,-0.15564508424520981,0,0,low_frequency_random,7
0.080000000000000002,-0.099383316955632614,0,0,low_frequency_random,7
0.085000000000000006,-0.20615652071794704,0,0,low_frequency_random,7
0.089999999999999997,-0.24164623889984885,0,0,low_frequency_random,7
0.095000000000000001,-0.3921593888806128,0,0,low_frequency_random,7
0.10000000000000001,-0.49310913390594063,0,0,low_frequency_random,7
0.105,-0.63762096409586277,0,0,low_frequency_random,7
0.11,-0.65320118633787927,0,0,low_frequency_random,7
0.115,-0.75108608836027668,0,0,low_frequency_random,7
0.12,-0.72569302217505938,0,0,low_frequency_random,7
0.125,-0.70956481119953219,0,0,low_frequency_random,7
0.13,-0.72094300909219422,0,0,low_frequency_random,7
0.13500000000000001,-0.9181857628355623,0,0,low_frequency_random,7
0.14000000000000001,-0.95659420944605777,0,0,low_frequency_random,7
0.14499999999999999,-0.95569357154373891,0,0,low_frequency_random,7
0.14999999999999999,-0.94188492574584382,0,0,low_frequency_random,7
0.155,-1.0592927257692002,0,0,low_frequency_random,7
0.16,-1.09213439145149,0,0,low_frequency_random,7
0.16500000000000001,-1.1647735779840367,0,0,low_frequency_random,7
0.17000000000000001,-1.2235097937447375,0,0,low_frequency_random,7
0.17500000000000002,-1.1327473616655115,0,0,low_frequency_random,7
0.17999999999999999,-1.1915393636898812,0,0,low_frequency_random,7
0.185,-1.188191781905799,0,0,low_frequency_random,7
0.19,-1.1116909713096423,0,0,low_frequency_random,7
0.19500000000000001,-1.1527179467943403,0,0,low_frequency_random,7
0.20000000000000001,-1.1558826040992927,0,0,low_frequency_random,7
0.20500000000000002,-1.1413025309714604,0,0,low_frequency_random,7
0.20999999999999999,-1.1305204487293226,0,0,low_frequency_random,7
0.215,-1.2226419190914257,0,0,low_frequency_random,7
0.22,-1.2104679450184126,0,0,low_frequency_random,7
0.22500000000000001,-1.0959960365729757,0,0,low_frequency_random,7
0.23000000000000001,-1.2139925225281936,0,0,low_frequency_random,7
0.23500000000000001,-1.1393586135184381,0,0,low_frequency_random,7
0.23999999999999999,-1.1241515378196016,0,0,low_frequency_random,7
0.245,-1.1697344129627558,0,0,low_frequency_random,7
0.25,-1.0042662655829389,0,0,low_frequency_random,7
0.255,-0.93842882453057352,0,0,low_frequency_random,7
0.26000000000000001,-1.0294521445850124,0,0,low_frequency_random,7
0.26500000000000001,-1.0183713045358871,0,0,low_frequency_random,7
0.27000000000000002,-0.96727208776076778,0,0,low_frequency_random,7
0.27500000000000002,-0.97751269024107246,0,0,low_frequency_random,7
0.28000000000000003,-0.91814080191730707,0,0,low_frequency_random,7
0.28500000000000003,-0.91886966538564274,0,0,low_frequency_random,7
0.28999999999999998,-0.86104015085249508,0,0,low_frequency_random,7
0.29499999999999998,-0.74195099388369945,0,0,low_frequency_random,7
0.29999999999999999,-0.79216862659805742,0,0,low_frequency_random,7
0.30499999999999999,-0.77200712346663936,0,0,low_frequency_random,7
0.31,-0.80512885923829114,0,0,low_frequency_random,7
0.315,-0.79095719013539789,0,0,low_frequency_random,7
0.32000000000000001,-0.88175089193754441,0,0,low_frequency_random,7
0.32500000000000001,-0.9235816494320469,0,0,low_frequency_random,7
0.33000000000000002,-0.9346317869938805,0,0,low_frequency_random,7
0.33500000000000002,-0.85824856059162047,0,0,low_frequency_random,7
0.34000000000000002,-0.76257883538212246,0,0,low_frequency_random,7
0.34500000000000003,-0.8643935260572928,0,0,low_frequency_random,7
0.35000000000000003,-0.92349513677101647,0,0,low_frequency_random,7
0.35499999999999998,-0.86726602330033409,0,0,low_frequency_random,7
0.35999999999999999,-1.021936443671781,0,0,low_frequency_random,7
0.36499999999999999,-1.0538006623166905,0,0,low_frequency_random,7
0.37,-1.0563083467305752,0,0,low_frequency_random,7
0.375,-0.95072966871335762,0,0,low_frequency_random,7
0.38,-0.89097316662174919,0,0,low_frequency_random,7
0.38500000000000001,-0.91264118648283377,0,0,low_frequency_random,7
0.39000000000000001,-0.937501879267994,0,0,low_frequency_random,7
0.39500000000000002,-0.95279176619145856,0,0,low_frequency_random,7
0.40000000000000002,-0.82646141742338153,0,0,low_frequency_random,7
0.40500000000000003,-0.85649599240135554,0,0,low_frequency_random,7
0.41000000000000003,-0.87645802215327784,0,0,low_frequency_random,7
0.41500000000000004,-0.84394991526969898,0,0,low_frequency_random,7
0.41999999999999998,-0.84937822927047646,0,0,low_frequency_random,7
0.42499999999999999,-0.86088530114896611,0,0,low_frequency_random,7
0.42999999999999999,-0.94549463931934019,0,0,low_frequency_random,7
0.435,-0.94169838307542253,0,0,low_frequency_random,7
0.44,-0.97239960893755029,0,0,low_frequency_random,7
0.44500000000000001,-0.87449226395642454,0,0,low_frequency_random,7
0.45000000000000001,-0.81801398136607417,0,0,low_frequency_random,7
0.45500000000000002,-0.81586078997629219,0,0,low_frequency_random,7
0.46000000000000002,-0.75845458357886397,0,0,low_frequency_random,7
0.46500000000000002,-0.78179350718869578,0,0,low_frequency_random,7
0.47000000000000003,-0.69393417467297147,0,0,low_frequency_random,7
0.47500000000000003,-0.69090405072592298,0,0,low_frequency_random,7
0.47999999999999998,-0.64090399782170382,0,0,low_frequency_random,7
0.48499999999999999,-0.74072129384015073,0,0,low_frequency_random,7
0.48999999999999999,-0.70936171884061827,0,0,low_frequency_random,7
0.495,-0.84054315343824715,0,0,low_frequency_random,7
0.5,-0.99877102356027259,0,0,low_frequency_random,7
0.505,-1.0180870138151688,0,0,low_frequency_random,7
0.51000000000000001,-1.0848238811444717,0,0,low_frequency_random,7
0.51500000000000001,-1.0663218181142422,0,0,low_frequency_random,7
0.52000000000000002,-0.8818710031516882,0,0,low_frequency_random,7
0.52500000000000002,-0.94384450908285145,0,0,low_frequency_random,7
0.53000000000000003,-0.98892802274010894,0,0,low_frequency_random,7
0.53500000000000003,-0.96760440329704933,0,0,low_frequency_random,7
0.54000000000000004,-0.92343579043323798,0,0,low_frequency_random,7
0.54500000000000004,-0.93290741266590438,0,0,low_frequency_random,7
0.55000000000000004,-0.9446878435638778,0,0,low_frequency_random,7
0.55500000000000005,-0.8839193572147237,0,0,low_frequency_random,7
0.56000000000000005,-0.8380219452897234,0,0,low_frequency_random,7
0.56500000000000006,-0.91633005485300645,0,0,low_frequency_random,7
0.57000000000000006,-0.91807854180638271,0,0,low_frequency_random,7
0.57500000000000007,-0.91068370077236238,0,0,low_frequency_random,7
0.57999999999999996,-0.99028995841565615,0,0,low_frequency_random,7
0.58499999999999996,-0.96461559830489563,0,0,low_frequency_random,7
0.58999999999999997,-1.0282698417622054,0,0,low_frequency_random,7
0.59499999999999997,-0.94556999681817999,0,0,low_frequency_random,7
0.59999999999999998,-0.92547274276792646,0,0,low_frequency_random,7
0.60499999999999998,-0.91373023348711546,0,0,low_frequency_random,7
0.60999999999999999,-0.95633729338607976,0,0,low_frequency_random,7
0.61499999999999999,-0.96103265452865283,0,0,low_frequency_random,7
0.62,-1.115660469488728,0,0,low_frequency_random,7
0.625,-1.200382876544416,0,0,low_frequency_random,7
0.63,-1.1654411750389171,0,0,low_frequency_random,7
0.63500000000000001,-1.3294890484401505,0,0,low_frequency_random,7
0.64000000000000001,-1.2552984819087571,0,0,low_frequency_random,7
0.64500000000000002,-1.3883768797957645,0,0,low_frequency_random,7
0.65000000000000002,-1.3210642738715095,0,0,low_frequency_random,7
0.65500000000000003,-1.3819464533041153,0,0,low_frequency_random,7
0.66000000000000003,-1.312890153989851,0,0,low_frequency_random,7
0.66500000000000004,-1.2958921261825886,0,0,low_frequency_random,7
0.67000000000000004,-1.4120689048628972,0,0,low_frequency_random,7
0.67500000000000004,-1.3053435919049792,0,0,low_frequency_random,7
0.68000000000000005,-1.1837843327577147,0,0,low_frequency_random,7
0.68500000000000005,-1.1831314426431532,0,0,low_frequency_random,7
0.69000000000000006,-1.1990891824352998,0,0,low_frequency_random,7
0.69500000000000006,-1.2058661505839594,0,0,low_frequency_random,7
0.70000000000000007,-1.2776694291294912,0,0,low_frequency_random,7
0.70499999999999996,-1.1836293457796132,0,0,low_frequency_random,7
0.70999999999999996,-1.2210489718074904,0,0,low_frequency_random,7
0.71499999999999997,-1.2190439808840221,0,0,low_frequency_random,7
0.71999999999999997,-1.2762693566848315,0,0,low_frequency_random,7
0.72499999999999998,-1.3198648305432203,0,0,low_frequency_random,7
0.72999999999999998,-1.4152449759275796,0,0,low_frequency_random,7
0.73499999999999999,-1.307871757934207,0,0,low_frequency_random,7
0.73999999999999999,-1.3136449727770032,0,0,low_frequency_random,7
0.745,-1.2300121941029889,0,0,low_frequency_random,7
0.75,-1.222814174314371,0,0,low_frequency_random,7
0.755,-1.2721290535884626,0,0,low_frequency_random,7
0.76000000000000001,-1.2918539031271805,0,0,low_frequency_random,7
0.76500000000000001,-1.3301174258152941,0,0,low_frequency_random,7
0.77000000000000002,-1.3228482980515861,0,0,low_frequency_random,7
0.77500000000000002,-1.3461970145732485,0,0,low_frequency_random,7
0.78000000000000003,-1.363416706664607,0,0,low_frequency_random,7
0.78500000000000003,-1.466627470810572,0,0,low_frequency_random,7
0.79000000000000004,-1.5236992764895632,0,0,low_frequency_random,7
0.79500000000000004,-1.3841053140917099,0,0,low_frequency_random,7
0.80000000000000004,-1.4307667499564913,0,0,low_frequency_random,7
0.80500000000000005,-1.5077478938206781,0,0,low_frequency_random,7
0.81000000000000005,-1.4733091881465299,0,0,low_frequency_random,7
0.81500000000000006,-1.3536601209055903,0,0,low_frequency_random,7
0.82000000000000006,-1.462940457160228,0,0,low_frequency_random,7
0.82500000000000007,-1.4722841414346461,0,0,low_frequency_random,7
0.83000000000000007,-1.5153791504095935,0,0,low_frequency_random,7
0.83499999999999996,-1.6483512520759604,0,0,low_frequency_random,7
0.83999999999999997,-1.5814826087490075,0,0,low_frequency_random,7
0.84499999999999997,-1.5754657657858004,0,0,low_frequency_random,7
0.84999999999999998,-1.5619070086003444,0,0,low_frequency_random,7
0.85499999999999998,-1.6141517333904469,0,0,low_frequency_random,7
0.85999999999999999,-1.5698091526173674,0,0,low_frequency_random,7
0.86499999999999999,-1.6050158496647962,0,0,low_frequency_random,7
0.87,-1.6084145352103467,0,0,low_frequency_random,7
0.875,-1.6888322065487038,0,0,low_frequency_random,7
0.88,-1.77745462699334,0,0,low_frequency_random,7
0.88500000000000001,-1.662013537366392,0,0,low_frequency_random,7
0.89000000000000001,-1.6941913766659378,0,0,low_frequency_random,7
0.89500000000000002,-1.6624653481346638,0,0,low_frequency_random,7
0.90000000000000002,-1.6568702583720858,0,0,low_frequency_random,7
0.90500000000000003,-1.683810154198939,0,0,low_frequency_random,7
0.91000000000000003,-1.7159476127854858,0,0,low_frequency_random,7
0.91500000000000004,-1.6571084354240502,0,0,low_frequency_random,7
0.92000000000000004,-1.6729327330539052,0,0,low_frequency_random,7
0.92500000000000004,-1.6766742123695968,0,0,low_frequency_random,7
0.93000000000000005,-1.6665384753390819,0,0,low_frequency_random,7
0.93500000000000005,-1.5643407265837348,0,0,low_frequency_random,7
0.94000000000000006,-1.5022334857630535,0,0,low_frequency_random,7
0.94500000000000006,-1.4642094044527521,0,0,low_frequency_random,7
0.95000000000000007,-1.5018798612409301,0,0,low_frequency_random,7
0.95500000000000007,-1.6046708829969318,0,0,low_frequency_random,7
0.95999999999999996,-1.5208946699819448,0,0,low_frequency_random,7
0.96499999999999997,-1.436186292775907,0,0,low_frequency_random,7
0.96999999999999997,-1.4402518725481985,0,0,low_frequency_random,7
0.97499999999999998,-1.3898260303594976,0,0,low_frequency_random,7
0.97999999999999998,-1.3205347633010667,0,0,low_frequency_random,7
0.98499999999999999,-1.2476197035617163,0,0,low_frequency_random,7
0.98999999999999999,-1.1678703898309675,0,0,low_frequency_random,7
0.995,-1.1984040900404325,0,0,low_frequency_random,7
1,-1.0715315503962142,0,0,low_frequency_random,7
1.0050000000000001,-1.1656659091796229,0,0,low_frequency_random,7
1.01,-1.09108626614582,0,0,low_frequency_random,7
1.0150000000000001,-1.0462284652875209,0,0,low_frequency_random,7
1.02,-0.97129521032588573,0,0,low_frequency_random,7
1.0249999999999999,-0.81650521060098291,0,0,low_frequency_random,7
1.03,-0.69397350750602538,0,0,low_frequency_random,7
1.0349999999999999,-0.78189789383341357,0,0,low_frequency_random,7
1.04,-0.91275485648299193,0,0,low_frequency_random,7
1.0449999999999999,-0.84301438587136468,0,0,low_frequency_random,7
1.05,-0.91980824715601417,0,0,low_frequency_random,7
1.0549999999999999,-0.91621063955981974,0,0,low_frequency_random,7
1.0600000000000001,-0.84463041790392057,0,0,low_frequency_random,7
1.0649999999999999,-0.97159351863405674,0,0,low_frequency_random,7
1.0700000000000001,-1.1351249938387409,0,0,low_frequency_random,7
1.075,-1.1087713646107791,0,0,low_frequency_random,7
1.0800000000000001,-1.0996993319016739,0,0,low_frequency_random,7
1.085,-1.1138297459627862,0,0,low_frequency_random,7
1.0900000000000001,-1.1051994067480304,0,0,low_frequency_random,7
1.095,-1.1683567051894852,0,0,low_frequency_random,7
1.1000000000000001,-1.28330698519007,0,0,low_frequency_random,7
1.105,-1.2902055913349844,0,0,low_frequency_random,7
1.1100000000000001,-1.3613134219201939,0,0,low_frequency_random,7
1.115,-1.4856743361893268,0,0,low_frequency_random,7
1.1200000000000001,-1.4379109446427591,0,0,low_frequency_random,7
1.125,-1.4356389699798029,0,0,low_frequency_random,7
1.1300000000000001,-1.3960375443888455,0,0,low_frequency_random,7
1.135,-1.468020926002793,0,0,low_frequency_random,7
1.1400000000000001,-1.5132125064576687,0,0,low_frequency_random,7
1.145,-1.5853893768121974,0,0,low_frequency_random,7
1.1500000000000001,-1.6482366041794458,0,0,low_frequency_random,7
1.155,-1.6244223566863463,0,0,low_frequency_random,7
1.1599999999999999,-1.6788022165166305,0,0,low_frequency_random,7
1.165,-1.6420149175438687,0,0,low_frequency_random,7
1.1699999999999999,-1.6067126697754648,0,0,low_frequency_random,7
1.175,-1.4370904675978071,0,0,low_frequency_random,7
1.1799999999999999,-1.5410680943080666,0,0,low_frequency_random,7
1.1850000000000001,-1.4625270059659818,0,0,low_frequency_random,7
1.1899999999999999,-1.4623737986819405,0,0,low_frequency_random,7
1.1950000000000001,-1.4561997572343537,0,0,low_frequency_random,7
1.2,-1.5646366668384379,0,0,low_frequency_random,7
1.2050000000000001,-1.5935566666222325,0,0,low_frequency_random,7
1.21,-1.5263013187654495,0,0,low_frequency_random,7
1.2150000000000001,-1.5252706675813472,0,0,low_frequency_random,7
1.22,-1.511195175909124,0,0,low_frequency_random,7
1.2250000000000001,-1.5268573705877337,0,0,low_frequency_random,7
1.23,-1.4271069915227026,0,0,low_frequency_random,7
1.2350000000000001,-1.4217027854917828,0,0,low_frequency_random,7
1.24,-1.5902060993975005,0,0,low_frequency_random,7
1.2450000000000001,-1.6375025908481877,0,0,low_frequency_random,7
1.25,-1.7864463009520697,0,0,low_frequency_random,7
1.2550000000000001,-2.0370025011476236,0,0,low_frequency_random,7
1.26,-2.0691463342508589,0,0,low_frequency_random,7
1.2650000000000001,-1.9524077929998243,0,0,low_frequency_random,7
1.27,-1.9389099303947706,0,0,low_frequency_random,7
1.2750000000000001,-2.0228092120530028,0,0,low_frequency_random,7
1.28,-2.0877886498721931,0,0,low_frequency_random,7
1.2849999999999999,-1.9871523543827361,0,0,low_frequency_random,7
1.29,-1.9646627205413931,0,0,low_frequency_random,7
1.2949999999999999,-1.9510335648969621,0,0,low_frequency_random,7
1.3,-1.9455690173879088,0,0,low_frequency_random,7
1.3049999999999999,-1.9328010945833622,0,0,low_frequency_random,7
1.3100000000000001,-1.8588895031987467,0,0,low_frequency_random,7
1.3149999999999999,-1.8055231529026259,0,0,low_frequency_random,7
1.3200000000000001,-1.7793047438051848,0,0,low_frequency_random,7
1.325,-1.8536517531859842,0,0,low_frequency_random,7
1.3300000000000001,-1.8036199344147594,0,0,low_frequency_random,7
1.335,-1.8492275439629373,0,0,low_frequency_random,7
1.3400000000000001,-1.7527151430869716,0,0,low_frequency_random,7
1.345,-1.8454038242260828,0,0,low_frequency_random,7
1.3500000000000001,-1.8471820454177981,0,0,low_frequency_random,7
1.355,-1.8385563808387753,0,0,low_frequency_random,7
1.3600000000000001,-1.9350938086839671,0,0,low_frequency_random,7
1.365,-1.788028434456165,0,0,low_frequency_random,7
1.3700000000000001,-1.6625695378168612,0,0,low_frequency_random,7
1.375,-1.6912716147002702,0,0,low_frequency_random,7
1.3800000000000001,-1.6212526922503894,0,0,low_frequency_random,7
1.385,-1.5829481528089053,0,0,low_frequency_random,7
1.3900000000000001,-1.7836162984862427,0,0,low_frequency_random,7
1.395,-1.7547386092101405,0,0,low_frequency_random,7
1.4000000000000001,-1.7508820969777297,0,0,low_frequency_random,7
1.405,-1.7355087566586822,0,0,low_frequency_random,7
1.4099999999999999,-1.812787937251348,0,0,low_frequency_random,7
1.415,-1.8252406260432192,0,0,low_frequency_random,7
1.4199999999999999,-1.8303623239235696,0,0,low_frequency_random,7
1.425,-1.7264229409170153,0,0,low_frequency_random,7
1.4299999999999999,-1.6911249520219374,0,0,low_frequency_random,7
1.4350000000000001,-1.6831337248572542,0,0,low_frequency_random,7
1.4399999999999999,-1.552726618433464,0,0,low_frequency_random,7
1.4450000000000001,-1.5892913779177447,0,0,low_frequency_random,7
1.45,-1.6124414544500447,0,0,low_frequency_random,7
1.4550000000000001,-1.7493771748972777,0,0,low_frequency_random,7
1.46,-1.6154368204897125,0,0,low_frequency_random,7
1.4650000000000001,-1.5304256715495914,0,0,low_frequency_random,7
1.47,-1.4496277862690339,0,0,low_frequency_random,7
1.4750000000000001,-1.3890193632056029,0,0,low_frequency_random,7
1.48,-1.3733016971078109,0,0,low_frequency_random,7
1.4850000000000001,-1.3492562193194864,0,0,low_frequency_random,7
1.49,-1.3626370065999731,0,0,low_frequency_random,7
1.4950000000000001,-1.3720882248558257,0,0,low_frequency_random,7
1.5,-1.3609114554775266,0,0,low_frequency_random,7
1.5050000000000001,-1.2334792572685207,0,0,low_frequency_random,7
1.51,-1.1829831280535132,0,0,low_frequency_random,7
1.5150000000000001,-1.1817481174450859,0,0,low_frequency_random,7
1.52,-1.2220898507973341,0,0,low_frequency_random,7
1.5250000000000001,-1.2666677957197852,0,0,low_frequency_random,7
1.53,-1.1324537370479471,0,0,low_frequency_random,7
1.5350000000000001,-1.0863717427903954,0,0,low_frequency_random,7
1.54,-1.0755628784616629,0,0,low_frequency_random,7
1.5449999999999999,-1.0978239412558517,0,0,low_frequency_random,7
1.55,-1.1808514451729581,0,0,low_frequency_random,7
1.5549999999999999,-1.180297504123144,0,0,low_frequency_random,7
1.5600000000000001,-1.1046924711330397,0,0,low_frequency_random,7
1.5649999999999999,-1.1305074300573275,0,0,low_frequency_random,7
1.5700000000000001,-1.1430030533930726,0,0,low_frequency_random,7
1.575,-1.1549409350859288,0,0,low_frequency_random,7
1.5800000000000001,-1.1404349669788123,0,0,low_frequency_random,7
1.585,-1.2618699547355046,0,0,low_frequency_random,7
1.5900000000000001,-1.2743612385026304,0,0,low_frequency_random,7
1.595,-1.336186453122975,0,0,low_frequency_random,7
1.6000000000000001,-1.2589319417622351,0,0,low_frequency_random,7
1.605,-1.3141470874992605,0,0,low_frequency_random,7
1.6100000000000001,-1.2615441810460009,0,0,low_frequency_random,7
1.615,-1.1336014602355453,0,0,low_frequency_random,7
1.6200000000000001,-1.1529727114850146,0,0,low_frequency_random,7
1.625,-1.1952282712968649,0,0,low_frequency_random,7
1.6300000000000001,-1.173990671502088,0,0,low_frequency_random,7
1.635,-1.1682972858477365,0,0,low_frequency_random,7
1.6400000000000001,-1.2417613767296289,0,0,low_frequency_random,7
1.645,-1.1987865048895412,0,0,low_frequency_random,7
1.6500000000000001,-1.0319685126454969,0,0,low_frequency_random,7
1.655,-1.0474189928239073,0,0,low_frequency_random,7
1.6600000000000001,-1.0583845736542683,0,0,low_frequency_random,7
1.665,-1.1364918687878129,0,0,low_frequency_random,7
1.6699999999999999,-1.10536020074599,0,0,low_frequency_random,7
1.675,-1.1993564152717782,0,0,low_frequency_random,7
1.6799999999999999,-1.281708156468655,0,0,low_frequency_random,7
1.6850000000000001,-1.1731976296804434,0,0,low_frequency_random,7
1.6899999999999999,-1.239601812937829,0,0,low_frequency_random,7
1.6950000000000001,-1.1471264891798261,0,0,low_frequency_random,7
1.7,-1.0197607690470598,0,0,low_frequency_random,7
1.7050000000000001,-0.99398033179551804,0,0,low_frequency_random,7
1.71,-0.944861970026867,0,0,low_frequency_random,7
1.7150000000000001,-0.78435901376603634,0,0,low_frequency_random,7
1.72,-0.79614601519666228,0,0,low_frequency_random,7
1.7250000000000001,-0.83949732969167301,0,0,low_frequency_random,7
1.73,-0.94329872126326142,0,0,low_frequency_random,7
1.7350000000000001,-0.93526575689989455,0,0,low_frequency_random,7
1.74,-0.81256477605906785,0,0,low_frequency_random,7
1.7450000000000001,-0.73193598166307172,0,0,low_frequency_random,7
1.75,-0.80346470873991116,0,0,low_frequency_random,7
1.7550000000000001,-0.86771672328935279,0,0,low_frequency_random,7
1.76,-0.90362204193508244,0,0,low_frequency_random,7
1.7650000000000001,-0.87579209361995169,0,0,low_frequency_random,7
1.77,-0.88780799963126078,0,0,low_frequency_random,7
1.7750000000000001,-0.86626652469191512,0,0,low_frequency_random,7
1.78,-0.83826607655115604,0,0,low_frequency_random,7
1.7850000000000001,-0.85792746357169436,0,0,low_frequency_random,7
1.79,-0.85685442974993731,0,0,low_frequency_random,7
1.7949999999999999,-0.83609469279969917,0,0,low_frequency_random,7
1.8,-0.83862547039937319,0,0,low_frequency_random,7
1.8049999999999999,-0.79426163390367976,0,0,low_frequency_random,7
1.8100000000000001,-0.64100357240299988,0,0,low_frequency_random,7
1.8149999999999999,-0.59056691913782122,0,0,low_frequency_random,7
1.8200000000000001,-0.58316774951755446,0,0,low_frequency_random,7
1.825,-0.71481215587371705,0,0,low_frequency_random,7
1.8300000000000001,-0.68028787850238182,0,0,low_frequency_random,7
1.835,-0.8322406757130727,0,0,low_frequency_random,7
1.8400000000000001,-0.9405313643193709,0,0,low_frequency_random,7
1.845,-0.86763987665676123,0,0,low_frequency_random,7
1.8500000000000001,-0.80695465309607606,0,0,low_frequency_random,7
1.855,-0.81489514442241207,0,0,low_frequency_random,7
1.8600000000000001,-0.94729043564181192,0,0,low_frequency_random,7
1.865,-0.97219957102807553,0,0,low_frequency_random,7
1.8700000000000001,-1.0215143056162326,0,0,low_frequency_random,7
1.875,-0.96559932526808656,0,0,low_frequency_random,7
1.8800000000000001,-0.78061554274254297,0,0,low_frequency_random,7
1.885,-0.75941106328954711,0,0,low_frequency_random,7
1.8900000000000001,-0.81781283705348051,0,0,low_frequency_random,7
1.895,-0.9071444776293931,0,0,low_frequency_random,7
1.9000000000000001,-0.90709642261487788,0,0,low_frequency_random,7
1.905,-0.9166804307286831,0,0,low_frequency_random,7
1.9100000000000001,-1.0040001760177941,0,0,low_frequency_random,7
1.915,-0.98970750803241248,0,0,low_frequency_random,7
1.9199999999999999,-1.0766146990723171,0,0,low_frequency_random,7
1.925,-0.98249843789150704,0,0,low_frequency_random,7
1.9299999999999999,-0.89279824603981428,0,0,low_frequency_random,7
1.9350000000000001,-0.80178179393783222,0,0,low_frequency_random,7
1.9399999999999999,-0.83561231533727187,0,0,low_frequency_random,7
1.9450000000000001,-0.79038572651254779,0,0,low_frequency_random,7
1.95,-0.79698286271877183,0,0,low_frequency_random,7
1.9550000000000001,-0.82403525837008873,0,0,low_frequency_random,7
1.96,-0.84698932991189813,0,0,low_frequency_random,7
1.9650000000000001,-0.94648277253011037,0,0,low_frequency_random,7
1.97,-1.0569830936492268,0,0,low_frequency_random,7
1.9750000000000001,-0.98832471769616637,0,0,low_frequency_random,7
1.98,-0.9986560923970752,0,0,low_frequency_random,7
1.9850000000000001,-0.97640448119500189,0,0,low_frequency_random,7
1.99,-0.89159773777609919,0,0,low_frequency_random,7
1.9950000000000001,-1.0254555696659851,0,0,low_frequency_random,7
2,-1.0829149947971244,0,0,low_frequency_random,7
2.0049999999999999,-1.0635221402727844,0,0,low_frequency_random,7
2.0100000000000002,-1.026928474365181,0,0,low_frequency_random,7
2.0150000000000001,-1.0518973452526061,0,0,low_frequency_random,7
2.02,-0.96452205440455985,0,0,low_frequency_random,7
2.0249999999999999,-0.94292187693729013,0,0,low_frequency_random,7
2.0300000000000002,-1.0350474339532121,0,0,low_frequency_random,7
2.0350000000000001,-1.1041604499010134,0,0,low_frequency_random,7
2.04,-1.0343765009449697,0,0,low_frequency_random,7
2.0449999999999999,-0.99220358342518256,0,0,low_frequency_random,7
2.0499999999999998,-1.1388008243703849,0,0,low_frequency_random,7
2.0550000000000002,-1.0255730290098306,0,0,low_frequency_random,7
2.0600000000000001,-0.97273515630235563,0,0,low_frequency_random,7
2.0649999999999999,-0.86068429016453196,0,0,low_frequency_random,7
2.0699999999999998,-0.88701109930441346,0,0,low_frequency_random,7
2.0750000000000002,-0.90618459247894234,0,0,low_frequency_random,7
2.0800000000000001,-0.99155672198569278,0,0,low_frequency_random,7
2.085,-0.78416327703648459,0,0,low_frequency_random,7
2.0899999999999999,-0.79425356655980972,0,0,low_frequency_random,7
2.0950000000000002,-0.66360640116112457,0,0,low_frequency_random,7
2.1000000000000001,-0.71195085734924279,0,0,low_frequency_random,7
2.105,-0.69532539232136936,0,0,low_frequency_random,7
2.1099999999999999,-0.82523206624102152,0,0,low_frequency_random,7
2.1150000000000002,-0.85166916190031583,0,0,low_frequency_random,7
2.1200000000000001,-0.76891739326035946,0,0,low_frequency_random,7
2.125,-0.86497207902365048,0,0,low_frequency_random,7
2.1299999999999999,-0.77509380860391996,0,0,low_frequency_random,7
2.1350000000000002,-0.74431629409596345,0,0,low_frequency_random,7
2.1400000000000001,-0.82391171923347573,0,0,low_frequency_random,7
2.145,-0.859830113335883,0,0,low_frequency_random,7
2.1499999999999999,-0.89217532474671757,0,0,low_frequency_random,7
2.1550000000000002,-0.89167724552072136,0,0,low_frequency_random,7
2.1600000000000001,-0.93001449824613025,0,0,low_frequency_random,7
2.165,-0.99139395025602628,0,0,low_frequency_random,7
2.1699999999999999,-1.010755577682942,0,0,low_frequency_random,7
2.1750000000000003,-1.0876606415787597,0,0,low_frequency_random,7
2.1800000000000002,-1.1851406684921706,0,0,low_frequency_random,7
2.1850000000000001,-1.1830742580960119,0,0,low_frequency_random,7
2.1899999999999999,-1.1067199201048326,0,0,low_frequency_random,7
2.1949999999999998,-1.2232446298272031,0,0,low_frequency_random,7
2.2000000000000002,-1.2168637198371366,0,0,low_frequency_random,7
2.2050000000000001,-1.2626613614692261,0,0,low_frequency_random,7
2.21,-1.3343404240735361,0,0,low_frequency_random,7
2.2149999999999999,-1.2595806936915896,0,0,low_frequency_random,7
2.2200000000000002,-1.2946486655432785,0,0,low_frequency_random,7
2.2250000000000001,-1.1686264807201823,0,0,low_frequency_random,7
2.23,-1.225029437536693,0,0,low_frequency_random,7
2.2349999999999999,-1.1880765578348622,0,0,low_frequency_random,7
2.2400000000000002,-1.2002882797645957,0,0,low_frequency_random,7
2.2450000000000001,-1.2544730710677807,0,0,low_frequency_random,7
2.25,-1.2013196476281991,0,0,low_frequency_random,7
2.2549999999999999,-1.2076957147000975,0,0,low_frequency_random,7
2.2600000000000002,-1.1535358518920249,0,0,low_frequency_random,7
2.2650000000000001,-1.1515564497799127,0,0,low_frequency_random,7
2.27,-1.2324616269444375,0,0,low_frequency_random,7
2.2749999999999999,-1.2344598670074343,0,0,low_frequency_random,7
2.2800000000000002,-1.2241569285919973,0,0,low_frequency_random,7
2.2850000000000001,-1.1415656779583216,0,0,low_frequency_random,7
2.29,-1.208192739218221,0,0,low_frequency_random,7
2.2949999999999999,-1.2053053914457357,0,0,low_frequency_random,7
2.3000000000000003,-1.3367005447735609,0,0,low_frequency_random,7
2.3050000000000002,-1.2780443057292483,0,0,low_frequency_random,7
2.3100000000000001,-1.3579728244807934,0,0,low_frequency_random,7
2.3149999999999999,-1.4953481480674582,0,0,low_frequency_random,7
2.3199999999999998,-1.4926155960766228,0,0,low_frequency_random,7
2.3250000000000002,-1.3969370250207982,0,0,low_frequency_random,7
2.3300000000000001,-1.5116212732437955,0,0,low_frequency_random,7
2.335,-1.590907723073588,0,0,low_frequency_random,7
2.3399999999999999,-1.6422866832421215,0,0,low_frequency_random,7
2.3450000000000002,-1.7242300465344036,0,0,low_frequency_random,7
2.3500000000000001,-1.6853519099535401,0,0,low_frequency_random,7
2.355,-1.7413744402485947,0,0,low_frequency_random,7
2.3599999999999999,-1.7902664751447355,0,0,low_frequency_random,7
2.3650000000000002,-1.7347894703547098,0,0,low_frequency_random,7
2.3700000000000001,-1.7864275536523848,0,0,low_frequency_random,7
2.375,-1.7429816772000266,0,0,low_frequency_random,7
2.3799999999999999,-1.8118054606717764,0,0,low_frequency_random,7
2.3850000000000002,-1.899498200973202,0,0,low_frequency_random,7
2.3900000000000001,-2.0364940310744597,0,0,low_frequency_random,7
2.395,-1.8778122179857575,0,0,low_frequency_random,7
2.3999999999999999,-1.8940033944816925,0,0,low_frequency_random,7
2.4050000000000002,-1.8650910288936882,0,0,low_frequency_random,7
2.4100000000000001,-1.8582666123141178,0,0,low_frequency_random,7
2.415,-1.8362334541596124,0,0,low_frequency_random,7
2.4199999999999999,-1.8231101998741439,0,0,low_frequency_random,7
2.4250000000000003,-1.6617408861907588,0,0,low_frequency_random,7
2.4300000000000002,-1.7363596931403542,0,0,low_frequency_random,7
2.4350000000000001,-1.8519856870786608,0,0,low_frequency_random,7
2.4399999999999999,-1.9235036724926333,0,0,low_frequency_random,7
2.4449999999999998,-2.0204204921773314,0,0,low_frequency_random,7
2.4500000000000002,-1.950735720377158,0,0,low_frequency_random,7
2.4550000000000001,-1.8755398629490065,0,0,low_frequency_random,7
2.46,-1.9428989493085707,0,0,low_frequency_random,7
2.4649999999999999,-2.0441660538142954,0,0,low_frequency_random,7
2.4700000000000002,-2.0622836536183775,0,0,low_frequency_random,7
2.4750000000000001,-1.9409857067643788,0,0,low_frequency_random,7
2.48,-2.1563078127657822,0,0,low_frequency_random,7
2.4849999999999999,-2.1035281474161249,0,0,low_frequency_random,7
2.4900000000000002,-2.1788824717222406,0,0,low_frequency_random,7
2.4950000000000001,-2.0849935189270381,0,0,low_frequency_random,7
2.5,-2.1606133493122432,0,0,low_frequency_random,7
2.5049999999999999,-2.172613547032876,0,0,low_frequency_random,7
2.5100000000000002,-2.2819792906677256,0,0,low_frequency_random,7
2.5150000000000001,-2.3485834545240549,0,0,low_frequency_random,7
2.52,-2.2262793038980297,0,0,low_frequency_random,7
2.5249999999999999,-2.149693169017425,0,0,low_frequency_random,7
2.5300000000000002,-2.1710248152601883,0,0,low_frequency_random,7
2.5350000000000001,-2.2296369009917343,0,0,low_frequency_random,7
2.54,-2.3696431379528922,0,0,low_frequency_random,7
2.5449999999999999,-2.3892384628839975,0,0,low_frequency_random,7
2.5500000000000003,-2.3797881787501685,0,0,low_frequency_random,7
2.5550000000000002,-2.3746265084170077,0,0,low_frequency_random,7
2.5600000000000001,-2.3702676441705828,0,0,low_frequency_random,7
2.5649999999999999,-2.4479667599493942,0,0,low_frequency_random,7
2.5699999999999998,-2.4410461584234442,0,0,low_frequency_random,7
2.5750000000000002,-2.4319575416933494,0,0,low_frequency_random,7
2.5800000000000001,-2.3168407153064821,0,0,low_frequency_random,7
2.585,-2.1563193177341553,0,0,low_frequency_random,7
2.5899999999999999,-2.1564964116110121,0,0,low_frequency_random,7
2.5950000000000002,-2.2068923746067619,0,0,low_frequency_random,7
2.6000000000000001,-2.2010710539592226,0,0,low_frequency_random,7
2.605,-2.2385815968407048,0,0,low_frequency_random,7
2.6099999999999999,-2.2866631519280447,0,0,low_frequency_random,7
2.6150000000000002,-2.2799386784028108,0,0,low_frequency_random,7
2.6200000000000001,-2.3518235644696519,0,0,low_frequency_random,7
2.625,-2.2917262245984711,0,0,low_frequency_random,7
2.6299999999999999,-2.2885886964267694,0,0,low_frequency_random,7
2.6350000000000002,-2.2572235457824807,0,0,low_frequency_random,7
2.6400000000000001,-2.2605642873623855,0,0,low_frequency_random,7
2.645,-2.3073248834022793,0,0,low_frequency_random,7
2.6499999999999999,-2.3714646197963511,0,0,low_frequency_random,7
2.6550000000000002,-2.3785716145232643,0,0,low_frequency_random,7
2.6600000000000001,-2.4104997423384149,0,0,low_frequency_random,7
2.665,-2.3798119010144831,0,0,low_frequency_random,7
2.6699999999999999,-2.3682961913996188,0,0,low_frequency_random,7
2.6750000000000003,-2.4651969101286588,0,0,low_frequency_random,7
2.6800000000000002,-2.4475453816255714,0,0,low_frequency_random,7
2.6850000000000001,-2.542499018082498,0,0,low_frequency_random,7
2.6899999999999999,-2.5790134223244663,0,0,low_frequency_random,7
2.6949999999999998,-2.5896400796974235,0,0,low_frequency_random,7
2.7000000000000002,-2.7423318668953662,0,0,low_frequency_random,7
2.7050000000000001,-2.7213520972384551,0,0,low_frequency_random,7
2.71,-2.6957307629067686,0,0,low_frequency_random,7
2.7149999999999999,-2.6948961460158909,0,0,low_frequency_random,7
2.7200000000000002,-2.7153159902912654,0,0,low_frequency_random,7
2.7250000000000001,-2.7315870228028203,0,0,low_frequency_random,7
2.73,-2.7958914315665315,0,0,low_frequency_random,7
2.7349999999999999,-2.8034690665877275,0,0,low_frequency_random,7
2.7400000000000002,-2.8335853581158501,0,0,low_frequency_random,7
2.7450000000000001,-2.8121362597014756,0,0,low_frequency_random,7
2.75,-2.894201232510492,0,0,low_frequency_random,7
2.7549999999999999,-2.8609661708883123,0,0,low_frequency_random,7
2.7600000000000002,-2.8352681152973314,0,0,low_frequency_random,7
2.7650000000000001,-2.8324239294819571,0,0,low_frequency_random,7
2.77,-2.8533458838086148,0,0,low_frequency_random,7
2.7749999999999999,-2.7950378086267422,0,0,low_frequency_random,7
2.7800000000000002,-2.9139334081459358,0,0,low_frequency_random,7
2.7850000000000001,-2.8626557366895997,0,0,low_frequency_random,7
2.79,-2.8289836907228021,0,0,low_frequency_random,7
2.7949999999999999,-2.7922605296609579,0,0,low_frequency_random,7
2.8000000000000003,-2.7477455678194223,0,0,low_frequency_random,7
2.8050000000000002,-2.7862022252165737,0,0,low_frequency_random,7
2.8100000000000001,-2.7930110042437386,0,0,low_frequency_random,7
2.8149999999999999,-2.7282432838706949,0,0,low_frequency_random,7
2.8199999999999998,-2.6802709228829689,0,0,low_frequency_random,7
2.8250000000000002,-2.6504072512022532,0,0,low_frequency_random,7
2.8300000000000001,-2.7580316754709187,0,0,low_frequency_random,7
2.835,-2.7013523195507663,0,0,low_frequency_random,7
2.8399999999999999,-2.5945549969385997,0,0,low_frequency_random,7
2.8450000000000002,-2.501042394694716,0,0,low_frequency_random,7
2.8500000000000001,-2.4699048281162446,0,0,low_frequency_random,7
2.855,-2.5818895270218043,0,0,low_frequency_random,7
2.8599999999999999,-2.4937968309696306,0,0,low_frequency_random,7
2.8650000000000002,-2.4931099486603494,0,0,low_frequency_random,7
2.8700000000000001,-2.6827716324676487,0,0,low_frequency_random,7
2.875,-2.6392899454272247,0,0,low_frequency_random,7
2.8799999999999999,-2.7452023610042668,0,0,low_frequency_random,7
2.8850000000000002,-2.8349671047822143,0,0,low_frequency_random,7
2.8900000000000001,-2.8714976311402758,0,0,low_frequency_random,7
2.895,-2.7556226715099195,0,0,low_frequency_random,7
2.8999999999999999,-2.7714725596494563,0,0,low_frequency_random,7
2.9050000000000002,-2.7360245411459272,0,0,low_frequency_random,7
2.9100000000000001,-2.5828899910814997,0,0,low_frequency_random,7
2.915,-2.4428035352641451,0,0,low_frequency_random,7
2.9199999999999999,-2.4388676473862478,0,0,low_frequency_random,7
2.9250000000000003,-2.4459772222920177,0,0,low_frequency_random,7
2.9300000000000002,-2.5343958611775412,0,0,low_frequency_random,7
2.9350000000000001,-2.5771735523295995,0,0,low_frequency_random,7
2.9399999999999999,-2.5303760725067006,0,0,low_frequency_random,7
2.9449999999999998,-2.486176289761568,0,0,low_frequency_random,7
2.9500000000000002,-2.4649793770742674,0,0,low_frequency_random,7
2.9550000000000001,-2.3732996549882781,0,0,low_frequency_random,7
2.96,-2.4230980623548763,0,0,low_frequency_random,7
2.9649999999999999,-2.4154877399915584,0,0,low_frequency_random,7
2.9700000000000002,-2.3450869499185911,0,0,low_frequency_random,7
2.9750000000000001,-2.2867756936144787,0,0,low_frequency_random,7
2.98,-2.1899084337986618,0,0,low_frequency_random,7
2.9849999999999999,-2.1473038262818154,0,0,low_frequency_random,7
2.9900000000000002,-2.1612845564297958,0,0,low_frequency_random,7
2.9950000000000001,-2.1216020116778087,0,0,low_frequency_random,7
3,-2.1910279912932338,0,0,low_frequency_random,7
3.0049999999999999,-2.3109297303389007,0,0,low_frequency_random,7
3.0100000000000002,-2.2530660705249388,0,0,low_frequency_random,7
3.0150000000000001,-2.2462290781177643,0,0,low_frequency_random,7
3.02,-2.2104147473531066,0,0,low_frequency_random,7
3.0249999999999999,-2.3348661763510212,0,0,low_frequency_random,7
3.0300000000000002,-2.3523572337901553,0,0,low_frequency_random,7
3.0350000000000001,-2.3884936503821228,0,0,low_frequency_random,7
3.04,-2.4455454749075227,0,0,low_frequency_random,7
3.0449999999999999,-2.6132994016636304,0,0,low_frequency_random,7
3.0500000000000003,-2.6269885597181699,0,0,low_frequency_random,7
3.0550000000000002,-2.5422811441037418,0,0,low_frequency_random,7
3.0600000000000001,-2.4991976872835586,0,0,low_frequency_random,7
3.0649999999999999,-2.5346886762872036,0,0,low_frequency_random,7
3.0700000000000003,-2.523233972500877,0,0,low_frequency_random,7
3.0750000000000002,-2.45025632929742,0,0,low_frequency_random,7
3.0800000000000001,-2.658318118762331,0,0,low_frequency_random,7
3.085,-2.6549977700801817,0,0,low_frequency_random,7
3.0899999999999999,-2.5984083157191793,0,0,low_frequency_random,7
3.0950000000000002,-2.5310145520905381,0,0,low_frequency_random,7
3.1000000000000001,-2.3826720862531672,0,0,low_frequency_random,7
3.105,-2.2802113422269916,0,0,low_frequency_random,7
3.1099999999999999,-2.2438960964604253,0,0,low_frequency_random,7
3.1150000000000002,-2.208606807067051,0,0,low_frequency_random,7
3.1200000000000001,-2.1347927684890586,0,0,low_frequency_random,7
3.125,-2.1671839637002179,0,0,low_frequency_random,7
3.1299999999999999,-2.159582112092377,0,0,low_frequency_random,7
3.1350000000000002,-2.0764929018937321,0,0,low_frequency_random,7
3.1400000000000001,-1.9099314078105512,0,0,low_frequency_random,7
3.145,-1.9131151824328838,0,0,low_frequency_random,7
3.1499999999999999,-1.907435875798964,0,0,low_frequency_random,7
3.1550000000000002,-1.8820836976393691,0,0,low_frequency_random,7
3.1600000000000001,-1.7655085524248129,0,0,low_frequency_random,7
3.165,-1.759122056022129,0,0,low_frequency_random,7
3.1699999999999999,-1.6330929357391208,0,0,low_frequency_random,7
3.1750000000000003,-1.7020874988629946,0,0,low_frequency_random,7
3.1800000000000002,-1.7084440758453303,0,0,low_frequency_random,7
3.1850000000000001,-1.7157368374175157,0,0,low_frequency_random,7
3.1899999999999999,-1.6444160802384449,0,0,low_frequency_random,7
3.1950000000000003,-1.552802307866916,0,0,low_frequency_random,7
3.2000000000000002,-1.6655119618173941,0,0,low_frequency_random,7
3.2050000000000001,-1.730231953520418,0,0,low_frequency_random,7
3.21,-1.6947214176994898,0,0,low_frequency_random,7
3.2149999999999999,-1.738832986352248,0,0,low_frequency_random,7
3.2200000000000002,-1.8516508905434796,0,0,low_frequency_random,7
3.2250000000000001,-1.7595446093798826,0,0,low_frequency_random,7
3.23,-1.71134982580126,0,0,low_frequency_random,7
3.2349999999999999,-1.6634586635042634,0,0,low_frequency_random,7
3.2400000000000002,-1.6931028947858753,0,0,low_frequency_random,7
3.2450000000000001,-1.6025487923042754,0,0,low_frequency_random,7
3.25,-1.6137049544063216,0,0,low_frequency_random,7
3.2549999999999999,-1.5181605760355654,0,0,low_frequency_random,7
3.2600000000000002,-1.5833399769102732,0,0,low_frequency_random,7
3.2650000000000001,-1.6436033999120627,0,0,low_frequency_random,7
3.27,-1.6190736844017637,0,0,low_frequency_random,7
3.2749999999999999,-1.6670449181467524,0,0,low_frequency_random,7
3.2800000000000002,-1.6048292208980801,0,0,low_frequency_random,7
3.2850000000000001,-1.5760699915776444,0,0,low_frequency_random,7
3.29,-1.641862796881453,0,0,low_frequency_random,7
3.2949999999999999,-1.6278592667486509,0,0,low_frequency_random,7
3.3000000000000003,-1.6477723904481045,0,0,low_frequency_random,7
3.3050000000000002,-1.5664702505714487,0,0,low_frequency_random,7
3.3100000000000001,-1.609135438829131,0,0,low_frequency_random,7
3.3149999999999999,-1.6361560380795217,0,0,low_frequency_random,7
3.3200000000000003,-1.5313384668206995,0,0,low_frequency_random,7
3.3250000000000002,-1.3450602005431747,0,0,low_frequency_random,7
3.3300000000000001,-1.1788299617282159,0,0,low_frequency_random,7
3.335,-1.1679053001318398,0,0,low_frequency_random,7
3.3399999999999999,-1.1446156514695844,0,0,low_frequency_random,7
3.3450000000000002,-1.0165362178575941,0,0,low_frequency_random,7
3.3500000000000001,-1.0213961716281084,0,0,low_frequency_random,7
3.355,-1.0942150043157512,0,0,low_frequency_random,7
3.3599999999999999,-1.0794308629134324,0,0,low_frequency_random,7
3.3650000000000002,-1.0380159520880234,0,0,low_frequency_random,7
3.3700000000000001,-1.0990053103919097,0,0,low_frequency_random,7
3.375,-1.2248939285324854,0,0,low_frequency_random,7
3.3799999999999999,-1.3334363575789157,0,0,low_frequency_random,7
3.3850000000000002,-1.2736842822765408,0,0,low_frequency_random,7
3.3900000000000001,-1.3278505169351675,0,0,low_frequency_random,7
3.395,-1.3325073916305374,0,0,low_frequency_random,7
3.3999999999999999,-1.3088992118453011,0,0,low_frequency_random,7
3.4050000000000002,-1.2529633500509558,0,0,low_frequency_random,7
3.4100000000000001,-1.2734395519428534,0,0,low_frequency_random,7
3.415,-1.2272905252954722,0,0,low_frequency_random,7
3.4199999999999999,-1.2921965698779574,0,0,low_frequency_random,7
3.4250000000000003,-1.3146166423360057,0,0,low_frequency_random,7
3.4300000000000002,-1.3898087545844511,0,0,low_frequency_random,7
3.4350000000000001,-1.2925615597739937,0,0,low_frequency_random,7
3.4399999999999999,-1.2882761349673977,0,0,low_frequency_random,7
3.4450000000000003,-1.3408478760348006,0,0,low_frequency_random,7
3.4500000000000002,-1.3622797854408195,0,0,low_frequency_random,7
3.4550000000000001,-1.373179411675701,0,0,low_frequency_random,7
3.46,-1.310428879994151,0,0,low_frequency_random,7
3.4649999999999999,-1.4312255195600798,0,0,low_frequency_random,7
3.4700000000000002,-1.5068567101845758,0,0,low_frequency_random,7
3.4750000000000001,-1.5295143469718024,0,0,low_frequency_random,7
3.48,-1.3198068033398451,0,0,low_frequency_random,7
3.4849999999999999,-1.2369606662196013,0,0,low_frequency_random,7
3.4900000000000002,-1.2396851895222656,0,0,low_frequency_random,7
3.4950000000000001,-1.1766843709466341,0,0,low_frequency_random,7
3.5,-1.0066313708458092,0,0,low_frequency_random,7
3.5049999999999999,-1.0202636385424662,0,0,low_frequency_random,7
3.5100000000000002,-1.0444149897187405,0,0,low_frequency_random,7
3.5150000000000001,-0.9424923492570948,0,0,low_frequency_random,7
3.52,-0.89835623870549219,0,0,low_frequency_random,7
3.5249999999999999,-0.84030300317480022,0,0,low_frequency_random,7
3.5300000000000002,-0.87666833336664685,0,0,low_frequency_random,7
3.5350000000000001,-0.7187437213019171,0,0,low_frequency_random,7
3.54,-0.57873291480744338,0,0,low_frequency_random,7
3.5449999999999999,-0.53068360334266718,0,0,low_frequency_random,7
3.5500000000000003,-0.47343019405119025,0,0,low_frequency_random,7
3.5550000000000002,-0.63284521213892242,0,0,low_frequency_random,7
3.5600000000000001,-0.57879937664020886,0,0,low_frequency_random,7
3.5649999999999999,-0.59140254872392728,0,0,low_frequency_random,7
3.5700000000000003,-0.55382706035842355,0,0,low_frequency_random,7
3.5750000000000002,-0.49660429137389317,0,0,low_frequency_random,7
3.5800000000000001,-0.5213626922245328,0,0,low_frequency_random,7
3.585,-0.65366353591585669,0,0,low_frequency_random,7
3.5899999999999999,-0.62104683208516831,0,0,low_frequency_random,7
3.5950000000000002,-0.67711207199956647,0,0,low_frequency_random,7
3.6000000000000001,-0.70008458742571178,0,0,low_frequency_random,7
3.605,-0.74483303803945744,0,0,low_frequency_random,7
3.6099999999999999,-0.76837593544297844,0,0,low_frequency_random,7
3.6150000000000002,-0.94884437772546681,0,0,low_frequency_random,7
3.6200000000000001,-0.8469991095940349,0,0,low_frequency_random,7
3.625,-0.8225575595427943,0,0,low_frequency_random,7
3.6299999999999999,-0.72976491302926982,0,0,low_frequency_random,7
3.6350000000000002,-0.56813299362420233,0,0,low_frequency_random,7
3.6400000000000001,-0.56349647791697455,0,0,low_frequency_random,7
3.645,-0.70452119061440988,0,0,low_frequency_random,7
3.6499999999999999,-0.77233991907210242,0,0,low_frequency_random,7
3.6550000000000002,-0.86479933735434422,0,0,low_frequency_random,7
3.6600000000000001,-0.9005359379892125,0,0,low_frequency_random,7
3.665,-0.88968855447415685,0,0,low_frequency_random,7
3.6699999999999999,-1.045026591199838,0,0,low_frequency_random,7
3.6750000000000003,-1.0124848124790631,0,0,low_frequency_random,7
3.6800000000000002,-1.1279621127142776,0,0,low_frequency_random,7
3.6850000000000001,-1.0986065065192649,0,0,low_frequency_random,7
3.6899999999999999,-1.1018646226470221,0,0,low_frequency_random,7
3.6950000000000003,-1.121396953286169,0,0,low_frequency_random,7
3.7000000000000002,-1.1216328289015132,0,0,low_frequency_random,7
3.7050000000000001,-1.1591131720551002,0,0,low_frequency_random,7
3.71,-1.202207546989152,0,0,low_frequency_random,7
3.7149999999999999,-1.3304961719230926,0,0,low_frequency_random,7
3.7200000000000002,-1.3262245666327639,0,0,low_frequency_random,7
3.7250000000000001,-1.1723356360835815,0,0,low_frequency_random,7
3.73,-1.00844425771744,0,0,low_frequency_random,7
3.7349999999999999,-0.89793302686266652,0,0,low_frequency_random,7
3.7400000000000002,-0.83713130581629902,0,0,low_frequency_random,7
3.7450000000000001,-0.88693949135604799,0,0,low_frequency_random,7
3.75,-0.76738374904298956,0,0,low_frequency_random,7
3.7549999999999999,-0.76803540882326926,0,0,low_frequency_random,7
3.7600000000000002,-0.76970111057522872,0,0,low_frequency_random,7
3.7650000000000001,-0.78910225655441335,0,0,low_frequency_random,7
3.77,-0.77782799482904208,0,0,low_frequency_random,7
3.7749999999999999,-0.80867889173487606,0,0,low_frequency_random,7
3.7800000000000002,-0.81133144090881437,0,0,low_frequency_random,7
3.7850000000000001,-0.89383636858124982,0,0,low_frequency_random,7
3.79,-0.91919686019283342,0,0,low_frequency_random,7
3.7949999999999999,-0.73262299161652811,0,0,low_frequency_random,7
3.8000000000000003,-0.73452265158734775,0,0,low_frequency_random,7
3.8050000000000002,-0.74990441694079901,0,0,low_frequency_random,7
3.8100000000000001,-0.70368056409497703,0,0,low_frequency_random,7
3.8149999999999999,-0.64366252665924406,0,0,low_frequency_random,7
3.8200000000000003,-0.72933146475158717,0,0,low_frequency_random,7
3.8250000000000002,-0.7422252659502333,0,0,low_frequency_random,7
3.8300000000000001,-0.66524460784435502,0,0,low_frequency_random,7
3.835,-0.64039353145693956,0,0,low_frequency_random,7
3.8399999999999999,-0.62746757198443803,0,0,low_frequency_random,7
3.8450000000000002,-0.50032680792110629,0,0,low_frequency_random,7
3.8500000000000001,-0.55191796575755725,0,0,low_frequency_random,7
3.855,-0.54256210656402304,0,0,low_frequency_random,7
3.8599999999999999,-0.58135696462205766,0,0,low_frequency_random,7
3.8650000000000002,-0.45953021795290183,0,0,low_frequency_random,7
3.8700000000000001,-0.61299757334812832,0,0,low_frequency_random,7
3.875,-0.66341782130315019,0,0,low_frequency_random,7
3.8799999999999999,-0.70233595715619179,0,0,low_frequency_random,7
3.8850000000000002,-0.64588230396646984,0,0,low_frequency_random,7
3.8900000000000001,-0.59427991730654373,0,0,low_frequency_random,7
3.895,-0.47997885142665447,0,0,low_frequency_random,7
3.8999999999999999,-0.60319342260093545,0,0,low_frequency_random,7
3.9050000000000002,-0.54029676490485623,0,0,low_frequency_random,7
3.9100000000000001,-0.56100587873481811,0,0,low_frequency_random,7
3.915,-0.61132502110309206,0,0,low_frequency_random,7
3.9199999999999999,-0.56521823139381788,0,0,low_frequency_random,7
3.9250000000000003,-0.6358267152234065,0,0,low_frequency_random,7
3.9300000000000002,-0.79839406130135571,0,0,low_frequency_random,7
3.9350000000000001,-0.82395564375077335,0,0,low_frequency_random,7
3.9399999999999999,-0.93936888493039072,0,0,low_frequency_random,7
3.9450000000000003,-0.98646751556895795,0,0,low_frequency_random,7
3.9500000000000002,-0.95189726357945936,0,0,low_frequency_random,7
3.9550000000000001,-0.92225194666581034,0,0,low_frequency_random,7
3.96,-0.79101695964635721,0,0,low_frequency_random,7
3.9650000000000003,-0.8030042779721005,0,0,low_frequency_random,7
3.9700000000000002,-0.92135977628394916,0,0,low_frequency_random,7
3.9750000000000001,-0.97710131895654884,0,0,low_frequency_random,7
3.98,-1.0455952494253469,0,0,low_frequency_random,7
3.9849999999999999,-1.1375632756746163,0,0,low_frequency_random,7
3.9900000000000002,-1.097147171874125,0,0,low_frequency_random,7
3.9950000000000001,-1.1431649365393184,0,0,low_frequency_random,7
4,-1.2952585510745924,0,0,low_frequency_random,7
4.0049999999999999,-1.2331836924619366,0,0,low_frequency_random,7
4.0099999999999998,-1.2359250496775047,0,0,low_frequency_random,7
4.0149999999999997,-1.201285084504,0,0,low_frequency_random,7
4.0200000000000005,-1.1868570268978171,0,0,low_frequency_random,7
4.0250000000000004,-1.1305312422006917,0,0,low_frequency_random,7
4.0300000000000002,-1.1218587822776445,0,0,low_frequency_random,7
4.0350000000000001,-1.017614015764013,0,0,low_frequency_random,7
4.04,-0.97862484123554994,0,0,low_frequency_random,7
4.0449999999999999,-0.94245677001419903,0,0,low_frequency_random,7
4.0499999999999998,-0.90504869671069155,0,0,low_frequency_random,7
4.0549999999999997,-1.0167750453841871,0,0,low_frequency_random,7
4.0600000000000005,-1.0248418601783542,0,0,low_frequency_random,7
4.0650000000000004,-1.0404240038291968,0,0,low_frequency_random,7
4.0700000000000003,-1.0186725527648333,0,0,low_frequency_random,7
4.0750000000000002,-1.1220162617972345,0,0,low_frequency_random,7
4.0800000000000001,-0.98601714328836298,0,0,low_frequency_random,7
4.085,-0.97276910344004408,0,0,low_frequency_random,7
4.0899999999999999,-1.0645810409992431,0,0,low_frequency_random,7
4.0949999999999998,-1.1956413115691258,0,0,low_frequency_random,7
4.0999999999999996,-1.2121248687159227,0,0,low_frequency_random,7
4.1050000000000004,-1.2132355059724365,0,0,low_frequency_random,7
4.1100000000000003,-1.2645044759429074,0,0,low_frequency_random,7
4.1150000000000002,-1.2508470117666131,0,0,low_frequency_random,7
4.1200000000000001,-1.2957744792506469,0,0,low_frequency_random,7
4.125,-1.2452892190744342,0,0,low_frequency_random,7
4.1299999999999999,-1.296897051730687,0,0,low_frequency_random,7
4.1349999999999998,-1.2935010846813284,0,0,low_frequency_random,7
4.1399999999999997,-1.2089379478343421,0,0,low_frequency_random,7
4.1450000000000005,-0.99768809788535129,0,0,low_frequency_random,7
4.1500000000000004,-1.0731224537321009,0,0,low_frequency_random,7
4.1550000000000002,-1.1048381464731678,0,0,low_frequency_random,7
4.1600000000000001,-1.166346981320568,0,0,low_frequency_random,7
4.165,-1.0979400750916919,0,0,low_frequency_random,7
4.1699999999999999,-1.1840828783761808,0,0,low_frequency_random,7
4.1749999999999998,-1.2168291341340636,0,0,low_frequency_random,7
4.1799999999999997,-1.2131223682263603,0,0,low_frequency_random,7
4.1850000000000005,-1.2851708497952135,0,0,low_frequency_random,7
4.1900000000000004,-1.3551559701049363,0,0,low_frequency_random,7
4.1950000000000003,-1.3863520058582668,0,0,low_frequency_random,7
4.2000000000000002,-1.5470535514338006,0,0,low_frequency_random,7
4.2050000000000001,-1.6546873527585986,0,0,low_frequency_random,7
4.21,-1.6793948572026782,0,0,low_frequency_random,7
4.2149999999999999,-1.6591899739583635,0,0,low_frequency_random,7
4.2199999999999998,-1.6657384536030715,0,0,low_frequency_random,7
4.2249999999999996,-1.7989939883004684,0,0,low_frequency_random,7
4.2300000000000004,-1.8270318073887677,0,0,low_frequency_random,7
4.2350000000000003,-1.7542037923375187,0,0,low_frequency_random,7
4.2400000000000002,-1.7010963653024573,0,0,low_frequency_random,7
4.2450000000000001,-1.6988962238976255,0,0,low_frequency_random,7
4.25,-1.7612354288477488,0,0,low_frequency_random,7
4.2549999999999999,-1.7020799014850561,0,0,low_frequency_random,7
4.2599999999999998,-1.7397895161202108,0,0,low_frequency_random,7
4.2649999999999997,-1.8244187886824899,0,0,low_frequency_random,7
4.2700000000000005,-1.8793342573220331,0,0,low_frequency_random,7
4.2750000000000004,-1.7543824817531759,0,0,low_frequency_random,7
4.2800000000000002,-1.7280620039687224,0,0,low_frequency_random,7
4.2850000000000001,-1.6269348616385164,0,0,low_frequency_random,7
4.29,-1.6570717273902384,0,0,low_frequency_random,7
4.2949999999999999,-1.5739423400938302,0,0,low_frequency_random,7
4.2999999999999998,-1.6140925428549733,0,0,low_frequency_random,7
4.3049999999999997,-1.6186049922578205,0,0,low_frequency_random,7
4.3100000000000005,-1.4121203810086329,0,0,low_frequency_random,7
4.3150000000000004,-1.3438586212020847,0,0,low_frequency_random,7
4.3200000000000003,-1.3771497028259976,0,0,low_frequency_random,7
4.3250000000000002,-1.3770497346310064,0,0,low_frequency_random,7
4.3300000000000001,-1.3441489057173894,0,0,low_frequency_random,7
4.335,-1.2408499158369992,0,0,low_frequency_random,7
4.3399999999999999,-1.2736941752783637,0,0,low_frequency_random,7
4.3449999999999998,-1.406299586490928,0,0,low_frequency_random,7
4.3500000000000005,-1.4216011710722991,0,0,low_frequency_random,7
4.3550000000000004,-1.4132831397691992,0,0,low_frequency_random,7
4.3600000000000003,-1.3974931852254628,0,0,low_frequency_random,7
4.3650000000000002,-1.2854507382198292,0,0,low_frequency_random,7
4.3700000000000001,-1.2537677653121262,0,0,low_frequency_random,7
4.375,-1.1826434599506477,0,0,low_frequency_random,7
4.3799999999999999,-1.2646143319716356,0,0,low_frequency_random,7
4.3849999999999998,-1.1890481418176397,0,0,low_frequency_random,7
4.3899999999999997,-1.0158385247870221,0,0,low_frequency_random,7
4.3950000000000005,-0.94909352608280895,0,0,low_frequency_random,7
4.4000000000000004,-0.9241260504321932,0,0,low_frequency_random,7
4.4050000000000002,-0.90722863102653239,0,0,low_frequency_random,7
4.4100000000000001,-0.76008911515115829,0,0,low_frequency_random,7
4.415,-0.8302876229952818,0,0,low_frequency_random,7
4.4199999999999999,-0.83501256058755402,0,0,low_frequency_random,7
4.4249999999999998,-0.79412316068493338,0,0,low_frequency_random,7
4.4299999999999997,-0.73079085695798063,0,0,low_frequency_random,7
4.4350000000000005,-0.76204497117556469,0,0,low_frequency_random,7
4.4400000000000004,-0.73371988086776563,0,0,low_frequency_random,7
4.4450000000000003,-0.75223868753412126,0,0,low_frequency_random,7
4.4500000000000002,-0.73887323490933998,0,0,low_frequency_random,7
4.4550000000000001,-0.74572904915377158,0,0,low_frequency_random,7
4.46,-0.83310936044868711,0,0,low_frequency_random,7
4.4649999999999999,-0.83063908304769485,0,0,low_frequency_random,7
4.4699999999999998,-0.75649919694490675,0,0,low_frequency_random,7
4.4750000000000005,-0.82989460344501464,0,0,low_frequency_random,7
4.4800000000000004,-0.84499470869906179,0,0,low_frequency_random,7
4.4850000000000003,-0.78773055428701,0,0,low_frequency_random,7
4.4900000000000002,-0.86917741238456303,0,0,low_frequency_random,7
4.4950000000000001,-0.85026775663660992,0,0,low_frequency_random,7
4.5,-0.9306258291199806,0,0,low_frequency_random,7
4.5049999999999999,-0.83544032741254048,0,0,low_frequency_random,7
4.5099999999999998,-0.64670944289063848,0,0,low_frequency_random,7
4.5149999999999997,-0.48210715306127655,0,0,low_frequency_random,7
4.5200000000000005,-0.49719334287876776,0,0,low_frequency_random,7
4.5250000000000004,-0.43564538230821187,0,0,low_frequency_random,7
4.5300000000000002,-0.42381692282484584,0,0,low_frequency_random,7
4.5350000000000001,-0.41355503411705752,0,0,low_frequency_random,7
4.54,-0.28798076238410153,0,0,low_frequency_random,7
4.5449999999999999,-0.3918155313536722,0,0,low_frequency_random,7
4.5499999999999998,-0.30564839531337357,0,0,low_frequency_random,7
4.5549999999999997,-0.30803227237154068,0,0,low_frequency_random,7
4.5600000000000005,-0.19409382746699955,0,0,low_frequency_random,7
4.5650000000000004,-0.17818447972874929,0,0,low_frequency_random,7
4.5700000000000003,-0.23097528595178915,0,0,low_frequency_random,7
4.5750000000000002,-0.207707374540234,0,0,low_frequency_random,7
4.5800000000000001,-0.14794094931103158,0,0,low_frequency_random,7
4.585,-0.14434913467481211,0,0,low_frequency_random,7
4.5899999999999999,-0.10468353284829442,0,0,low_frequency_random,7
4.5949999999999998,-0.14579131761001515,0,0,low_frequency_random,7
4.6000000000000005,-0.31534900345342198,0,0,low_frequency_random,7
4.6050000000000004,-0.24195393730409015,0,0,low_frequency_random,7
4.6100000000000003,-0.18495394917980651,0,0,low_frequency_random,7
4.6150000000000002,-0.17220679076916923,0,0,low_frequency_random,7
4.6200000000000001,-0.16588871449097162,0,0,low_frequency_random,7
4.625,-0.082364507538311815,0,0,low_frequency_random,7
4.6299999999999999,-0.11843101971196655,0,0,low_frequency_random,7
4.6349999999999998,-0.17422205490062509,0,0,low_frequency_random,7
4.6399999999999997,-0.18839947680722538,0,0,low_frequency_random,7
4.6450000000000005,-0.092569380135358731,0,0,low_frequency_random,7
4.6500000000000004,-0.2027998752838337,0,0,low_frequency_random,7
4.6550000000000002,-0.10667987742378339,0,0,low_frequency_random,7
4.6600000000000001,-0.15716045303727094,0,0,low_frequency_random,7
4.665,-0.24421640124155122,0,0,low_frequency_random,7
4.6699999999999999,-0.14244490809562418,0,0,low_frequency_random,7
4.6749999999999998,-0.14946633102772003,0,0,low_frequency_random,7
4.6799999999999997,-0.25248010782220537,0,0,low_frequency_random,7
4.6850000000000005,-0.27984790539185717,0,0,low_frequency_random,7
4.6900000000000004,-0.20415378679880264,0,0,low_frequency_random,7
4.6950000000000003,-0.108007549014683,0,0,low_frequency_random,7
4.7000000000000002,-0.14155151162506474,0,0,low_frequency_random,7
4.7050000000000001,-0.10842095489292078,0,0,low_frequency_random,7
4.71,-0.050895952369917868,0,0,low_frequency_random,7
4.7149999999999999,-0.10208357013895218,0,0,low_frequency_random,7
4.7199999999999998,-0.073242399700473082,0,0,low_frequency_random,7
4.7250000000000005,-0.075420972568045502,0,0,low_frequency_random,7
4.7300000000000004,-0.11781977986266334,0,0,low_frequency_random,7
4.7350000000000003,-0.15650576125670732,0,0,low_frequency_random,7
4.7400000000000002,-0.15037580597378747,0,0,low_frequency_random,7
4.7450000000000001,-0.14724348283296221,0,0,low_frequency_random,7
4.75,-0.19163543644164302,0,0,low_frequency_random,7
4.7549999999999999,-0.22467024757650825,0,0,low_frequency_random,7
4.7599999999999998,-0.13470492522693345,0,0,low_frequency_random,7
4.7649999999999997,-0.11696958726124848,0,0,low_frequency_random,7
4.7700000000000005,-0.045755300320473008,0,0,low_frequency_random,7
4.7750000000000004,0.050378819309474188,0,0,low_frequency_random,7
4.7800000000000002,0.09711741120247451,0,0,low_frequency_random,7
4.7850000000000001,0.27785070868614958,0,0,low_frequency_random,7
4.79,0.21060531739906044,0,0,low_frequency_random,7
4.7949999999999999,0.27406634085699599,0,0,low_frequency_random,7
4.7999999999999998,0.24731140787013847,0,0,low_frequency_random,7
4.8049999999999997,0.39417021357896009,0,0,low_frequency_random,7
4.8100000000000005,0.52790011057933262,0,0,low_frequency_random,7
4.8150000000000004,0.36932033243487916,0,0,low_frequency_random,7
4.8200000000000003,0.2901624103504567,0,0,low_frequency_random,7
4.8250000000000002,0.34172766595502646,0,0,low_frequency_random,7
4.8300000000000001,0.40305502407763233,0,0,low_frequency_random,7
4.835,0.45982290964997014,0,0,low_frequency_random,7
4.8399999999999999,0.45187445064919901,0,0,low_frequency_random,7
4.8449999999999998,0.48593954857399446,0,0,low_frequency_random,7
4.8500000000000005,0.53562729722470559,0,0,low_frequency_random,7
4.8550000000000004,0.52674168522800546,0,0,low_frequency_random,7
4.8600000000000003,0.60609367458923391,0,0,low_frequency_random,7
4.8650000000000002,0.42276194925058558,0,0,low_frequency_random,7
4.8700000000000001,0.47123040177878783,0,0,low_frequency_random,7
4.875,0.38636230167479402,0,0,low_frequency_random,7
4.8799999999999999,0.46093819958255478,0,0,low_frequency_random,7
4.8849999999999998,0.44039014847252556,0,0,low_frequency_random,7
4.8899999999999997,0.36726809943802957,0,0,low_frequency_random,7
4.8950000000000005,0.39527388981754158,0,0,low_frequency_random,7
4.9000000000000004,0.32057766078606342,0,0,low_frequency_random,7
4.9050000000000002,0.24613951505750864,0,0,low_frequency_random,7
4.9100000000000001,0.11984114743876992,0,0,low_frequency_random,7
4.915,0.11711214727789969,0,0,low_frequency_random,7
4.9199999999999999,0.15617477173711647,0,0,low_frequency_random,7
4.9249999999999998,0.23703374612890973,0,0,low_frequency_random,7
4.9299999999999997,0.22454159305249932,0,0,low_frequency_random,7
4.9350000000000005,0.30704096877130893,0,0,low_frequency_random,7
4.9400000000000004,0.30694288883914655,0,0,low_frequency_random,7
4.9450000000000003,0.29796754520027563,0,0,low_frequency_random,7
4.9500000000000002,0.34225198773421311,0,0,low_frequency_random,7
4.9550000000000001,0.42500518269509785,0,0,low_frequency_random,7
4.96,0.39563884898619917,0,0,low_frequency_random,7
4.9649999999999999,0.37421331314745337,0,0,low_frequency_random,7
4.9699999999999998,0.35951250345403218,0,0,low_frequency_random,7
4.9750000000000005,0.36432443813197529,0,0,low_frequency_random,7
4.9800000000000004,0.29065441268173781,0,0,low_frequency_random,7
4.9850000000000003,0.37124007903809741,0,0,low_frequency_random,7
4.9900000000000002,0.33743565621610883,0,0,low_frequency_random,7
4.9950000000000001,0.37265586910653692,0,0,low_frequency_random,7
5,0.30492418551037964,0,0,low_frequency_random,7
5.0049999999999999,0.33203607450228223,0,0,low_frequency_random,7
5.0099999999999998,0.36162932324807789,0,0,low_frequency_random,7
5.0149999999999997,0.32625513819013285,0,0,low_frequency_random,7
5.0200000000000005,0.4858957514286793,0,0,low_frequency_random,7
5.0250000000000004,0.51308147953368344,0,0,low_frequency_random,7
5.0300000000000002,0.65232214230994301,0,0,low_frequency_random,7
5.0350000000000001,0.72560835722158201,0,0,low_frequency_random,7
5.04,0.66913956530453345,0,0,low_frequency_random,7
5.0449999999999999,0.63530355090417601,0,0,low_frequency_random,7
5.0499999999999998,0.66693608763711532,0,0,low_frequency_random,7
5.0549999999999997,0.66849132351397045,0,0,low_frequency_random,7
5.0600000000000005,0.66910422881872578,0,0,low_frequency_random,7
5.0650000000000004,0.64292778312275678,0,0,low_frequency_random,7
5.0700000000000003,0.49540400183594202,0,0,low_frequency_random,7
5.0750000000000002,0.47494354533425853,0,0,low_frequency_random,7
5.0800000000000001,0.29556773886609639,0,0,low_frequency_random,7
5.085,0.32376494490025565,0,0,low_frequency_random,7
5.0899999999999999,0.26421044699336532,0,0,low_frequency_random,7
5.0949999999999998,0.20580213949928103,0,0,low_frequency_random,7
5.1000000000000005,0.1872751629153987,0,0,low_frequency_random,7
5.1050000000000004,0.20810049082131846,0,0,low_frequency_random,7
5.1100000000000003,0.09278789653478714,0,0,low_frequency_random,7
5.1150000000000002,-0.047213987448360181,0,0,low_frequency_random,7
5.1200000000000001,-0.13205100677780235,0,0,low_frequency_random,7
5.125,-0.29432310551004948,0,0,low_frequency_random,7
5.1299999999999999,-0.3700101640167951,0,0,low_frequency_random,7
5.1349999999999998,-0.24121160291439239,0,0,low_frequency_random,7
5.1399999999999997,-0.32432455074684452,0,0,low_frequency_random,7
5.1450000000000005,-0.27072457133249522,0,0,low_frequency_random,7
5.1500000000000004,-0.37883135525765127,0,0,low_frequency_random,7
5.1550000000000002,-0.35307201336890265,0,0,low_frequency_random,7
5.1600000000000001,-0.37682595059312285,0,0,low_frequency_random,7
5.165,-0.37971960849408931,0,0,low_frequency_random,7
5.1699999999999999,-0.33243706037968085,0,0,low_frequency_random,7
5.1749999999999998,-0.19063033095341078,0,0,low_frequency_random,7
5.1799999999999997,-0.17414191048849192,0,0,low_frequency_random,7
5.1850000000000005,-0.16334947802650554,0,0,low_frequency_random,7
5.1900000000000004,-0.24020991792326676,0,0,low_frequency_random,7
5.1950000000000003,-0.19246111876997821,0,0,low_frequency_random,7
5.2000000000000002,-0.21113788928953697,0,0,low_frequency_random,7
5.2050000000000001,-0.14369032649923286,0,0,low_frequency_random,7
5.21,-0.14646146093844292,0,0,low_frequency_random,7
5.2149999999999999,-0.0068099719208153109,0,0,low_frequency_random,7
5.2199999999999998,-0.16501356897177785,0,0,low_frequency_random,7
5.2250000000000005,-0.18785931270131156,0,0,low_frequency_random,7
5.2300000000000004,-0.11657975896033095,0,0,low_frequency_random,7
5.2350000000000003,-0.14398369821699256,0,0,low_frequency_random,7
5.2400000000000002,-0.20648131701040306,0,0,low_frequency_random,7
5.2450000000000001,-0.22666887010110248,0,0,low_frequency_random,7
5.25,-0.33565724256296881,0,0,low_frequency_random,7
5.2549999999999999,-0.32449058461090863,0,0,low_frequency_random,7
5.2599999999999998,-0.12812231088707673,0,0,low_frequency_random,7
5.2649999999999997,-0.036109308255555708,0,0,low_frequency_random,7
5.2700000000000005,-0.12442860042396843,0,0,low_frequency_random,7
5.2750000000000004,-0.1935009919070039,0,0,low_frequency_random,7
5.2800000000000002,-0.22483334922753234,0,0,low_frequency_random,7
5.2850000000000001,-0.14355916334726515,0,0,low_frequency_random,7
5.29,-0.20839816413807785,0,0,low_frequency_random,7
5.2949999999999999,-0.2624395283557483,0,0,low_frequency_random,7
5.2999999999999998,-0.19052723285968703,0,0,low_frequency_random,7
5.3049999999999997,-0.12057733946543323,0,0,low_frequency_random,7
5.3100000000000005,-0.14980652289776675,0,0,low_frequency_random,7
5.3150000000000004,-0.23825734525161055,0,0,low_frequency_random,7
5.3200000000000003,-0.36073931344051657,0,0,low_frequency_random,7
5.3250000000000002,-0.41471982154563697,0,0,low_frequency_random,7
5.3300000000000001,-0.59064853220222902,0,0,low_frequency_random,7
5.335,-0.52786672182482053,0,0,low_frequency_random,7
5.3399999999999999,-0.57551068753008638,0,0,low_frequency_random,7
5.3449999999999998,-0.53423288135588642,0,0,low_frequency_random,7
5.3500000000000005,-0.38247528041130441,0,0,low_frequency_random,7
5.3550000000000004,-0.28696213154687333,0,0,low_frequency_random,7
5.3600000000000003,-0.37739194093388595,0,0,low_frequency_random,7
5.3650000000000002,-0.30614326001073155,0,0,low_frequency_random,7
5.3700000000000001,-0.2122188916180357,0,0,low_frequency_random,7
5.375,-0.27072000614037395,0,0,low_frequency_random,7
5.3799999999999999,-0.34544327554983129,0,0,low_frequency_random,7
5.3849999999999998,-0.35247382906936908,0,0,low_frequency_random,7
5.3899999999999997,-0.47851010806417826,0,0,low_frequency_random,7
5.3950000000000005,-0.35875826810140549,0,0,low_frequency_random,7
5.4000000000000004,-0.5489179851914946,0,0,low_frequency_random,7
5.4050000000000002,-0.63450393757381762,0,0,low_frequency_random,7
5.4100000000000001,-0.65285074822129951,0,0,low_frequency_random,7
5.415,-0.66771628589650889,0,0,low_frequency_random,7
5.4199999999999999,-0.65112925889574214,0,0,low_frequency_random,7
5.4249999999999998,-0.62622002945439348,0,0,low_frequency_random,7
5.4299999999999997,-0.64014307166628626,0,0,low_frequency_random,7
5.4350000000000005,-0.54622634354599153,0,0,low_frequency_random,7
5.4400000000000004,-0.71422513670019161,0,0,low_frequency_random,7
5.4450000000000003,-0.71067605224880837,0,0,low_frequency_random,7
5.4500000000000002,-0.76415567400322293,0,0,low_frequency_random,7
5.4550000000000001,-0.74976980442345065,0,0,low_frequency_random,7
5.46,-0.72841358500963493,0,0,low_frequency_random,7
5.4649999999999999,-0.79754493080178068,0,0,low_frequency_random,7
5.4699999999999998,-0.84471515545009612,0,0,low_frequency_random,7
5.4750000000000005,-0.77725337077089074,0,0,low_frequency_random,7
5.4800000000000004,-0.74552196795107362,0,0,low_frequency_random,7
5.4850000000000003,-0.7960877698766422,0,0,low_frequency_random,7
5.4900000000000002,-0.62933311832341254,0,0,low_frequency_random,7
5.4950000000000001,-0.44192096923543367,0,0,low_frequency_random,7
5.5,-0.55642199347354726,0,0,low_frequency_random,7
5.5049999999999999,-0.52956346381199637,0,0,low_frequency_random,7
5.5099999999999998,-0.32670345520602873,0,0,low_frequency_random,7
5.5149999999999997,-0.26251857818138252,0,0,low_frequency_random,7
5.5200000000000005,-0.24356856993559248,0,0,low_frequency_random,7
5.5250000000000004,-0.25895678848756709,0,0,low_frequency_random,7
5.5300000000000002,-0.30085276528949489,0,0,low_frequency_random,7
5.5350000000000001,-0.31631101754684604,0,0,low_frequency_random,7
5.54,-0.35868184600217656,0,0,low_frequency_random,7
5.5449999999999999,-0.29744891590567724,0,0,low_frequency_random,7
5.5499999999999998,-0.32773821038204265,0,0,low_frequency_random,7
5.5549999999999997,-0.36130768343452424,0,0,low_frequency_random,7
5.5600000000000005,-0.45543857680427058,0,0,low_frequency_random,7
5.5650000000000004,-0.45712436003304024,0,0,low_frequency_random,7
5.5700000000000003,-0.52619572430875983,0,0,low_frequency_random,7
5.5750000000000002,-0.53799525084935518,0,0,low_frequency_random,7
5.5800000000000001,-0.45217467379493514,0,0,low_frequency_random,7
5.585,-0.42071848503296272,0,0,low_frequency_random,7
5.5899999999999999,-0.37834285432386172,0,0,low_frequency_random,7
5.5949999999999998,-0.34803965951605342,0,0,low_frequency_random,7
5.6000000000000005,-0.34158155658355421,0,0,low_frequency_random,7
5.6050000000000004,-0.35003875724423039,0,0,low_frequency_random,7
5.6100000000000003,-0.37285599574848211,0,0,low_frequency_random,7
5.6150000000000002,-0.31041851558184874,0,0,low_frequency_random,7
5.6200000000000001,-0.39539308464728984,0,0,low_frequency_random,7
5.625,-0.28643083323236584,0,0,low_frequency_random,7
5.6299999999999999,-0.28228280991159627,0,0,low_frequency_random,7
5.6349999999999998,-0.34062152118275968,0,0,low_frequency_random,7
5.6399999999999997,-0.37795672487131854,0,0,low_frequency_random,7
5.6450000000000005,-0.43009577351324701,0,0,low_frequency_random,7
5.6500000000000004,-0.41516611661858399,0,0,low_frequency_random,7
5.6550000000000002,-0.47037964057673082,0,0,low_frequency_random,7
5.6600000000000001,-0.37689106749412371,0,0,low_frequency_random,7
5.665,-0.43738643225844587,0,0,low_frequency_random,7
5.6699999999999999,-0.61655315383913756,0,0,low_frequency_random,7
5.6749999999999998,-0.67181206600140597,0,0,low_frequency_random,7
5.6799999999999997,-0.82874221460280184,0,0,low_frequency_random,7
5.6850000000000005,-0.82779039642639618,0,0,low_frequency_random,7
5.6900000000000004,-0.73914052727151502,0,0,low_frequency_random,7
5.6950000000000003,-0.68376254695550531,0,0,low_frequency_random,7
5.7000000000000002,-0.78709246601397331,0,0,low_frequency_random,7
5.7050000000000001,-0.8439951145620519,0,0,low_frequency_random,7
5.71,-0.69784997524179881,0,0,low_frequency_random,7
5.7149999999999999,-0.66895209103865894,0,0,low_frequency_random,7
5.7199999999999998,-0.66528700517975647,0,0,low_frequency_random,7
5.7250000000000005,-0.577694640648587,0,0,low_frequency_random,7
5.7300000000000004,-0.37908361435456389,0,0,low_frequency_random,7
5.7350000000000003,-0.27372583995999866,0,0,low_frequency_random,7
5.7400000000000002,-0.261235231304355,0,0,low_frequency_random,7
5.7450000000000001,-0.23162805114372831,0,0,low_frequency_random,7
5.75,-0.18122957735812534,0,0,low_frequency_random,7
5.7549999999999999,-0.22921928600018149,0,0,low_frequency_random,7
5.7599999999999998,-0.31256230443680799,0,0,low_frequency_random,7
5.7649999999999997,-0.30681793475635361,0,0,low_frequency_random,7
5.7700000000000005,-0.38087552411384251,0,0,low_frequency_random,7
5.7750000000000004,-0.38388062612229451,0,0,low_frequency_random,7
5.7800000000000002,-0.374295354929359,0,0,low_frequency_random,7
5.7850000000000001,-0.18561279680163553,0,0,low_frequency_random,7
5.79,-0.25260119276191811,0,0,low_frequency_random,7
5.7949999999999999,-0.26106014649769904,0,0,low_frequency_random,7
5.7999999999999998,-0.27286954253088669,0,0,low_frequency_random,7
5.8049999999999997,-0.23661103750677653,0,0,low_frequency_random,7
5.8100000000000005,-0.15190189789194497,0,0,low_frequency_random,7
5.8150000000000004,-0.19028507150725438,0,0,low_frequency_random,7
5.8200000000000003,-0.25488025447340168,0,0,low_frequency_random,7
5.8250000000000002,-0.38453842365729024,0,0,low_frequency_random,7
5.8300000000000001,-0.45653203445325047,0,0,low_frequency_random,7
5.835,-0.41144686965088928,0,0,low_frequency_random,7
5.8399999999999999,-0.40575211689880553,0,0,low_frequency_random,7
5.8449999999999998,-0.48476047503021819,0,0,low_frequency_random,7
5.8500000000000005,-0.5120897217849889,0,0,low_frequency_random,7
5.8550000000000004,-0.50702410931463038,0,0,low_frequency_random,7
5.8600000000000003,-0.46430152772545213,0,0,low_frequency_random,7
5.8650000000000002,-0.50933893042874845,0,0,low_frequency_random,7
5.8700000000000001,-0.52678381271002706,0,0,low_frequency_random,7
5.875,-0.66926831574958912,0,0,low_frequency_random,7
5.8799999999999999,-0.75781139214295434,0,0,low_frequency_random,7
5.8849999999999998,-0.62493740949572041,0,0,low_frequency_random,7
5.8899999999999997,-0.79643505720282914,0,0,low_frequency_random,7
5.8950000000000005,-0.81941960502371658,0,0,low_frequency_random,7
5.9000000000000004,-0.7978406227963184,0,0,low_frequency_random,7
5.9050000000000002,-0.82373460161143641,0,0,low_frequency_random,7
5.9100000000000001,-0.88411751473850708,0,0,low_frequency_random,7
5.915,-0.88458205253340016,0,0,low_frequency_random,7
5.9199999999999999,-0.88056642224630932,0,0,low_frequency_random,7
5.9249999999999998,-0.88272758197101442,0,0,low_frequency_random,7
5.9299999999999997,-1.0281671682644462,0,0,low_frequency_random,7
5.9350000000000005,-1.0348020339563189,0,0,low_frequency_random,7
5.9400000000000004,-1.0978792857288679,0,0,low_frequency_random,7
5.9450000000000003,-1.1361131406388139,0,0,low_frequency_random,7
5.9500000000000002,-1.1123340721646484,0,0,low_frequency_random,7
5.9550000000000001,-1.0556558619763934,0,0,low_frequency_random,7
5.96,-0.97882755202956673,0,0,low_frequency_random,7
5.9649999999999999,-1.0135595977228142,0,0,low_frequency_random,7
5.9699999999999998,-0.93476864213316169,0,0,low_frequency_random,7
5.9750000000000005,-0.83644251865673713,0,0,low_frequency_random,7
5.9800000000000004,-0.74156656492252082,0,0,low_frequency_random,7
5.9850000000000003,-0.62696392653048472,0,0,low_frequency_random,7
5.9900000000000002,-0.63546245548389779,0,0,low_frequency_random,7
5.9950000000000001,-0.64618887253400048,0,0,low_frequency_random,7
6,-0.57712659663504451,0,0,low_frequency_random,7
6.0049999999999999,-0.68329737460507745,0,0,low_frequency_random,7
6.0099999999999998,-0.66317688962828214,0,0,low_frequency_random,7
6.0150000000000006,-0.70220810940249878,0,0,low_frequency_random,7
6.0200000000000005,-0.72813535153639097,0,0,low_frequency_random,7
6.0250000000000004,-0.86347733880613253,0,0,low_frequency_random,7
6.0300000000000002,-0.93023653371943282,0,0,low_frequency_random,7
6.0350000000000001,-0.92723238374880057,0,0,low_frequency_random,7
6.04,-0.85170886001481683,0,0,low_frequency_random,7
6.0449999999999999,-0.76845641062596326,0,0,low_frequency_random,7
6.0499999999999998,-0.77103380441233893,0,0,low_frequency_random,7
6.0549999999999997,-0.78229354692853215,0,0,low_frequency_random,7
6.0600000000000005,-0.84468038630742215,0,0,low_frequency_random,7
6.0650000000000004,-0.80835930944914169,0,0,low_frequency_random,7
6.0700000000000003,-0.82408442801691029,0,0,low_frequency_random,7
6.0750000000000002,-0.7716244514874705,0,0,low_frequency_random,7
6.0800000000000001,-0.62799062273509254,0,0,low_frequency_random,7
6.085,-0.62744204149624705,0,0,low_frequency_random,7
6.0899999999999999,-0.74380217126086623,0,0,low_frequency_random,7
6.0949999999999998,-0.80878866595911936,0,0,low_frequency_random,7
6.1000000000000005,-0.92111558812867822,0,0,low_frequency_random,7
6.1050000000000004,-1.0120513562305873,0,0,low_frequency_random,7
6.1100000000000003,-0.90284258225127145,0,0,low_frequency_random,7
6.1150000000000002,-0.88025210782459196,0,0,low_frequency_random,7
6.1200000000000001,-0.99717238421782262,0,0,low_frequency_random,7
6.125,-0.94003884741518651,0,0,low_frequency_random,7
6.1299999999999999,-0.83477194478319505,0,0,low_frequency_random,7
6.1349999999999998,-0.85932664174566276,0,0,low_frequency_random,7
6.1400000000000006,-0.90898508244361576,0,0,low_frequency_random,7
6.1450000000000005,-0.93137438225110269,0,0,low_frequency_random,7
6.1500000000000004,-0.90401741521357792,0,0,low_frequency_random,7
6.1550000000000002,-0.84843872529987796,0,0,low_frequency_random,7
6.1600000000000001,-0.74986572397582663,0,0,low_frequency_random,7
6.165,-0.64936948780064818,0,0,low_frequency_random,7
6.1699999999999999,-0.55153502370188767,0,0,low_frequency_random,7
6.1749999999999998,-0.44010233442216501,0,0,low_frequency_random,7
6.1799999999999997,-0.38512829408048577,0,0,low_frequency_random,7
6.1850000000000005,-0.50537444264794884,0,0,low_frequency_random,7
6.1900000000000004,-0.51330487710160833,0,0,low_frequency_random,7
6.1950000000000003,-0.48569377083499204,0,0,low_frequency_random,7
6.2000000000000002,-0.51384499839133468,0,0,low_frequency_random,7
6.2050000000000001,-0.43856319042583553,0,0,low_frequency_random,7
6.21,-0.46512107223293442,0,0,low_frequency_random,7
6.2149999999999999,-0.53667626934832613,0,0,low_frequency_random,7
6.2199999999999998,-0.41874392424336837,0,0,low_frequency_random,7
6.2250000000000005,-0.3635080091997217,0,0,low_frequency_random,7
6.2300000000000004,-0.34419846224216111,0,0,low_frequency_random,7
6.2350000000000003,-0.26852999420115664,0,0,low_frequency_random,7
6.2400000000000002,-0.18240002090948207,0,0,low_frequency_random,7
6.2450000000000001,-0.15427549740897895,0,0,low_frequency_random,7
6.25,-0.34962844887459327,0,0,low_frequency_random,7
6.2549999999999999,-0.401796988948109,0,0,low_frequency_random,7
6.2599999999999998,-0.43622822260201655,0,0,low_frequency_random,7
6.2650000000000006,-0.51259216616433279,0,0,low_frequency_random,7
6.2700000000000005,-0.49418106018485219,0,0,low_frequency_random,7
6.2750000000000004,-0.39657809565648194,0,0,low_frequency_random,7
6.2800000000000002,-0.43329582159345287,0,0,low_frequency_random,7
6.2850000000000001,-0.52169486884572003,0,0,low_frequency_random,7
6.29,-0.35725488317325127,0,0,low_frequency_random,7
6.2949999999999999,-0.39149797579365525,0,0,low_frequency_random,7
6.2999999999999998,-0.48793648545110585,0,0,low_frequency_random,7
6.3049999999999997,-0.46653614867391413,0,0,low_frequency_random,7
6.3100000000000005,-0.43023964281221,0,0,low_frequency_random,7
6.3150000000000004,-0.48435710412876626,0,0,low_frequency_random,7
6.3200000000000003,-0.4188628388794442,0,0,low_frequency_random,7
6.3250000000000002,-0.4556620456759225,0,0,low_frequency_random,7
6.3300000000000001,-0.52704128877683121,0,0,low_frequency_random,7
6.335,-0.51016103377309263,0,0,low_frequency_random,7
6.3399999999999999,-0.44610890995495783,0,0,low_frequency_random,7
6.3449999999999998,-0.49446554519062969,0,0,low_frequency_random,7
6.3500000000000005,-0.46561533107132136,0,0,low_frequency_random,7
6.3550000000000004,-0.47075373664042547,0,0,low_frequency_random,7
6.3600000000000003,-0.24301486225084687,0,0,low_frequency_random,7
6.3650000000000002,-0.29834617791653406,0,0,low_frequency_random,7
6.3700000000000001,-0.18640070054933081,0,0,low_frequency_random,7
6.375,-0.18964827877253845,0,0,low_frequency_random,7
6.3799999999999999,-0.19881806466749929,0,0,low_frequency_random,7
6.3849999999999998,-0.14023727928924168,0,0,low_frequency_random,7
6.3900000000000006,-0.068197023792955239,0,0,low_frequency_random,7
6.3950000000000005,0.033251485562456745,0,0,low_frequency_random,7
6.4000000000000004,0.059312188283166117,0,0,low_frequency_random,7
6.4050000000000002,0.011104485816967935,0,0,low_frequency_random,7
6.4100000000000001,-0.031855280834536488,0,0,low_frequency_random,7
6.415,0.0089741347112520797,0,0,low_frequency_random,7
6.4199999999999999,0.055285427381098012,0,0,low_frequency_random,7
6.4249999999999998,0.16657473687767466,0,0,low_frequency_random,7
6.4299999999999997,0.1991348663387264,0,0,low_frequency_random,7
6.4350000000000005,0.28274354569186533,0,0,low_frequency_random,7
6.4400000000000004,0.40237231599134038,0,0,low_frequency_random,7
6.4450000000000003,0.41351662771063336,0,0,low_frequency_random,7
6.4500000000000002,0.29290600647350312,0,0,low_frequency_random,7
6.4550000000000001,0.19733832953966965,0,0,low_frequency_random,7
6.46,0.08161683344651989,0,0,low_frequency_random,7
6.4649999999999999,0.20821934236540807,0,0,low_frequency_random,7
6.4699999999999998,0.13955728563766051,0,0,low_frequency_random,7
6.4750000000000005,0.2371627101898923,0,0,low_frequency_random,7
6.4800000000000004,0.28272150647017946,0,0,low_frequency_random,7
6.4850000000000003,0.41819061702034049,0,0,low_frequency_random,7
6.4900000000000002,0.49615218674116768,0,0,low_frequency_random,7
6.4950000000000001,0.48550842795100635,0,0,low_frequency_random,7
6.5,0.46712443140195081,0,0,low_frequency_random,7
6.5049999999999999,0.47159105806580809,0,0,low_frequency_random,7
6.5099999999999998,0.48322488472866731,0,0,low_frequency_random,7
6.5150000000000006,0.43846122479397576,0,0,low_frequency_random,7
6.5200000000000005,0.4336706385897855,0,0,low_frequency_random,7
6.5250000000000004,0.5599321077493904,0,0,low_frequency_random,7
6.5300000000000002,0.42130808934579234,0,0,low_frequency_random,7
6.5350000000000001,0.43983426756014588,0,0,low_frequency_random,7
6.54,0.36526537375087587,0,0,low_frequency_random,7
6.5449999999999999,0.37836924212227796,0,0,low_frequency_random,7
6.5499999999999998,0.44350295793153027,0,0,low_frequency_random,7
6.5549999999999997,0.43669366133194115,0,0,low_frequency_random,7
6.5600000000000005,0.49620032040882273,0,0,low_frequency_random,7
6.5650000000000004,0.36685566531520464,0,0,low_frequency_random,7
6.5700000000000003,0.45336415679622111,0,0,low_frequency_random,7
6.5750000000000002,0.40297302914027983,0,0,low_frequency_random,7
6.5800000000000001,0.4506316156902026,0,0,low_frequency_random,7
6.585,0.46294351509556969,0,0,low_frequency_random,7
6.5899999999999999,0.25430563708397036,0,0,low_frequency_random,7
6.5949999999999998,0.19270305097957713,0,0,low_frequency_random,7
6.6000000000000005,0.20933860000524793,0,0,low_frequency_random,7
6.6050000000000004,0.33230245721102658,0,0,low_frequency_random,7
6.6100000000000003,0.35356922052224993,0,0,low_frequency_random,7
6.6150000000000002,0.37237002509617295,0,0,low_frequency_random,7
6.6200000000000001,0.25778004375914865,0,0,low_frequency_random,7
6.625,0.37070046222740033,0,0,low_frequency_random,7
6.6299999999999999,0.51305708199533318,0,0,low_frequency_random,7
6.6349999999999998,0.51277849945326115,0,0,low_frequency_random,7
6.6400000000000006,0.49268430214148845,0,0,low_frequency_random,7
6.6450000000000005,0.36102618801825698,0,0,low_frequency_random,7
6.6500000000000004,0.42971495039722796,0,0,low_frequency_random,7
6.6550000000000002,0.643214752593807,0,0,low_frequency_random,7
6.6600000000000001,0.69723262734904379,0,0,low_frequency_random,7
6.665,0.79459923161540824,0,0,low_frequency_random,7
6.6699999999999999,0.83389494298343181,0,0,low_frequency_random,7
6.6749999999999998,0.75113119704767239,0,0,low_frequency_random,7
6.6799999999999997,0.85405194664118156,0,0,low_frequency_random,7
6.6850000000000005,0.75127275417365036,0,0,low_frequency_random,7
6.6900000000000004,0.73071461856280495,0,0,low_frequency_random,7
6.6950000000000003,0.74932264946384908,0,0,low_frequency_random,7
6.7000000000000002,0.81604194541604258,0,0,low_frequency_random,7
6.7050000000000001,0.8451677484026815,0,0,low_frequency_random,7
6.71,0.87182201077789101,0,0,low_frequency_random,7
6.7149999999999999,0.80670671568695673,0,0,low_frequency_random,7
6.7199999999999998,0.69979087388990557,0,0,low_frequency_random,7
6.7250000000000005,0.70120683525157479,0,0,low_frequency_random,7
6.7300000000000004,0.64103571287543559,0,0,low_frequency_random,7
6.7350000000000003,0.53347669670510123,0,0,low_frequency_random,7
6.7400000000000002,0.42979291546686349,0,0,low_frequency_random,7
6.7450000000000001,0.3885368582049174,0,0,low_frequency_random,7
6.75,0.23876245874705923,0,0,low_frequency_random,7
6.7549999999999999,0.13004306292502316,0,0,low_frequency_random,7
6.7599999999999998,-0.0010901367831022968,0,0,low_frequency_random,7
6.7650000000000006,0.0134596813342189,0,0,low_frequency_random,7
6.7700000000000005,0.045949862147792682,0,0,low_frequency_random,7
6.7750000000000004,0.20589137017187314,0,0,low_frequency_random,7
6.7800000000000002,0.085360981664530308,0,0,low_frequency_random,7
6.7850000000000001,0.030703121930237366,0,0,low_frequency_random,7
6.79,0.10337675802370898,0,0,low_frequency_random,7
6.7949999999999999,0.085562524466870377,0,0,low_frequency_random,7
6.7999999999999998,0.05904120804189144,0,0,low_frequency_random,7
6.8049999999999997,0.19513919220177239,0,0,low_frequency_random,7
6.8100000000000005,0.16716097909929439,0,0,low_frequency_random,7
6.8150000000000004,0.074062428638978939,0,0,low_frequency_random,7
6.8200000000000003,-0.031399315965078098,0,0,low_frequency_random,7
6.8250000000000002,-0.0044541646396596309,0,0,low_frequency_random,7
6.8300000000000001,0.019926457544390562,0,0,low_frequency_random,7
6.835,-0.08963534591234501,0,0,low_frequency_random,7
6.8399999999999999,-0.16782331909267206,0,0,low_frequency_random,7
6.8449999999999998,-0.12431600583595513,0,0,low_frequency_random,7
6.8500000000000005,-0.077629848555233888,0,0,low_frequency_random,7
6.8550000000000004,-0.12857205794952237,0,0,low_frequency_random,7
6.8600000000000003,-0.078277690359179308,0,0,low_frequency_random,7
6.8650000000000002,-0.032253044768250076,0,0,low_frequency_random,7
6.8700000000000001,-0.17438284742171253,0,0,low_frequency_random,7
6.875,-0.19841592645930109,0,0,low_frequency_random,7
6.8799999999999999,-0.1642991280162894,0,0,low_frequency_random,7
6.8849999999999998,-0.20921136215313296,0,0,low_frequency_random,7
6.8900000000000006,-0.37885556916113472,0,0,low_frequency_random,7
6.8950000000000005,-0.39955071164608208,0,0,low_frequency_random,7
6.9000000000000004,-0.33754059709223705,0,0,low_frequency_random,7
6.9050000000000002,-0.20974008307738062,0,0,low_frequency_random,7
6.9100000000000001,-0.38351936787534247,0,0,low_frequency_random,7
6.915,-0.17306242641966796,0,0,low_frequency_random,7
6.9199999999999999,-0.2621452221195204,0,0,low_frequency_random,7
6.9249999999999998,-0.18447109373931853,0,0,low_frequency_random,7
6.9299999999999997,-0.08506152081363301,0,0,low_frequency_random,7
6.9350000000000005,-0.0061920851811663041,0,0,low_frequency_random,7
6.9400000000000004,0.0057784148890575211,0,0,low_frequency_random,7
6.9450000000000003,-0.086932017756866847,0,0,low_frequency_random,7
6.9500000000000002,-0.036498790553202272,0,0,low_frequency_random,7
6.9550000000000001,-0.093392657149854827,0,0,low_frequency_random,7
6.96,-0.29423896536330152,0,0,low_frequency_random,7
6.9649999999999999,-0.067024154489029791,0,0,low_frequency_random,7
6.9699999999999998,-0.010183034171031058,0,0,low_frequency_random,7
6.9750000000000005,0.13495106517408842,0,0,low_frequency_random,7
6.9800000000000004,0.061530114616809808,0,0,low_frequency_random,7
6.9850000000000003,0.1783305677414771,0,0,low_frequency_random,7
6.9900000000000002,0.30431336059747893,0,0,low_frequency_random,7
6.9950000000000001,0.42684929019318785,0,0,low_frequency_random,7
7,0.42302809626369803,0,0,low_frequency_random,7
7.0049999999999999,0.32496126346570703,0,0,low_frequency_random,7
7.0099999999999998,0.30919087664524431,0,0,low_frequency_random,7
7.0150000000000006,0.13186688899072613,0,0,low_frequency_random,7
7.0200000000000005,-0.0046120966455504842,0,0,low_frequency_random,7
7.0250000000000004,0.0027476592686527333,0,0,low_frequency_random,7
7.0300000000000002,-0.076380054771171033,0,0,low_frequency_random,7
7.0350000000000001,-0.089122035140881295,0,0,low_frequency_random,7
7.04,-0.097375762646567013,0,0,low_frequency_random,7
7.0449999999999999,0.057182722731751179,0,0,low_frequency_random,7
7.0499999999999998,0.16044866284604253,0,0,low_frequency_random,7
7.0549999999999997,0.15606757091650264,0,0,low_frequency_random,7
7.0600000000000005,0.25175986643932768,0,0,low_frequency_random,7
7.0650000000000004,0.18828277552703437,0,0,low_frequency_random,7
7.0700000000000003,0.16045918858023295,0,0,low_frequency_random,7
7.0750000000000002,0.23229517367769448,0,0,low_frequency_random,7
7.0800000000000001,0.1320515659919855,0,0,low_frequency_random,7
7.085,0.10913017787280536,0,0,low_frequency_random,7
7.0899999999999999,0.0031818396771147728,0,0,low_frequency_random,7
7.0949999999999998,0.012540317203688471,0,0,low_frequency_random,7
7.1000000000000005,0.14275320860243557,0,0,low_frequency_random,7
7.1050000000000004,0.082023579349803574,0,0,low_frequency_random,7
7.1100000000000003,0.099639762790465963,0,0,low_frequency_random,7
7.1150000000000002,0.027536146325805588,0,0,low_frequency_random,7
7.1200000000000001,-0.064335674708576401,0,0,low_frequency_random,7
7.125,-0.16263610508132659,0,0,low_frequency_random,7
7.1299999999999999,-0.045735132788249006,0,0,low_frequency_random,7
7.1349999999999998,0.1430163055666506,0,0,low_frequency_random,7
7.1400000000000006,0.18085009741687527,0,0,low_frequency_random,7
7.1450000000000005,0.12278762684763229,0,0,low_frequency_random,7
7.1500000000000004,0.17842586668920807,0,0,low_frequency_random,7
7.1550000000000002,0.15085680747161179,0,0,low_frequency_random,7
7.1600000000000001,0.21405632755455706,0,0,low_frequency_random,7
7.165,0.23621013056093351,0,0,low_frequency_random,7
7.1699999999999999,0.25735253522687046,0,0,low_frequency_random,7
7.1749999999999998,0.30452986629331796,0,0,low_frequency_random,7
7.1799999999999997,0.25676718392405773,0,0,low_frequency_random,7
7.1850000000000005,0.22321783173305373,0,0,low_frequency_random,7
7.1900000000000004,0.084748413955352264,0,0,low_frequency_random,7
7.1950000000000003,0.049064364212975206,0,0,low_frequency_random,7
7.2000000000000002,-0.064683085742245919,0,0,low_frequency_random,7
7.2050000000000001,-0.07590609738311857,0,0,low_frequency_random,7
7.21,-0.15194686231907345,0,0,low_frequency_random,7
7.2149999999999999,-0.14311047532220375,0,0,low_frequency_random,7
7.2199999999999998,-0.1062280236300662,0,0,low_frequency_random,7
7.2250000000000005,-0.21902458115400228,0,0,low_frequency_random,7
7.2300000000000004,-0.28283220157755756,0,0,low_frequency_random,7
7.2350000000000003,-0.35669825231137553,0,0,low_frequency_random,7
7.2400000000000002,-0.29534872646189897,0,0,low_frequency_random,7
7.2450000000000001,-0.15770726883891625,0,0,low_frequency_random,7
7.25,-0.08896772437231637,0,0,low_frequency_random,7
7.2549999999999999,-0.11640777179929238,0,0,low_frequency_random,7
7.2599999999999998,0.0010809337823566439,0,0,low_frequency_random,7
7.2650000000000006,-0.11975088469833089,0,0,low_frequency_random,7
7.2700000000000005,0.00049577168706840813,0,0,low_frequency_random,7
7.2750000000000004,-0.051872867660323098,0,0,low_frequency_random,7
7.2800000000000002,-0.27348270594260593,0,0,low_frequency_random,7
7.2850000000000001,-0.060583384230274623,0,0,low_frequency_random,7
7.29,0.06564567451460257,0,0,low_frequency_random,7
7.2949999999999999,-0.017026485384466425,0,0,low_frequency_random,7
7.2999999999999998,-0.0034546050416465624,0,0,low_frequency_random,7
7.3049999999999997,-0.020554520657782217,0,0,low_frequency_random,7
7.3100000000000005,-0.012294741927198134,0,0,low_frequency_random,7
7.3150000000000004,-0.13060029647178367,0,0,low_frequency_random,7
7.3200000000000003,-0.18433242812285811,0,0,low_frequency_random,7
7.3250000000000002,-0.14606956124715942,0,0,low_frequency_random,7
7.3300000000000001,-0.12756978925763032,0,0,low_frequency_random,7
7.335,-0.031233800246783988,0,0,low_frequency_random,7
7.3399999999999999,-0.024713917295994821,0,0,low_frequency_random,7
7.3449999999999998,0.16287821179112438,0,0,low_frequency_random,7
7.3500000000000005,0.10495017728405923,0,0,low_frequency_random,7
7.3550000000000004,0.12512156886227427,0,0,low_frequency_random,7
7.3600000000000003,-0.028425442930765141,0,0,low_frequency_random,7
7.3650000000000002,-0.12828421547455521,0,0,low_frequency_random,7
7.3700000000000001,-0.021627470875237156,0,0,low_frequency_random,7
7.375,-0.096755656504914578,0,0,low_frequency_random,7
7.3799999999999999,-0.053924985986209033,0,0,low_frequency_random,7
7.3849999999999998,-0.058585374112502878,0,0,low_frequency_random,7
7.3900000000000006,-0.14164861974018525,0,0,low_frequency_random,7
7.3950000000000005,-0.16873258126848556,0,0,low_frequency_random,7
7.4000000000000004,-0.20892708199631549,0,0,low_frequency_random,7
7.4050000000000002,-0.24677705289543211,0,0,low_frequency_random,7
7.4100000000000001,-0.18540799844440536,0,0,low_frequency_random,7
7.415,-0.13242590534891516,0,0,low_frequency_random,7
7.4199999999999999,-0.17784423921494336,0,0,low_frequency_random,7
7.4249999999999998,-0.24934441851095074,0,0,low_frequency_random,7
7.4299999999999997,-0.22557017127658874,0,0,low_frequency_random,7
7.4350000000000005,-0.23242640682218124,0,0,low_frequency_random,7
7.4400000000000004,-0.14920980696943925,0,0,low_frequency_random,7
7.4450000000000003,0.063427911697006761,0,0,low_frequency_random,7
7.4500000000000002,0.13037728422701536,0,0,low_frequency_random,7
7.4550000000000001,0.12695553472894425,0,0,low_frequency_random,7
7.46,0.11259316090415247,0,0,low_frequency_random,7
7.4649999999999999,0.043667052937304426,0,0,low_frequency_random,7
7.4699999999999998,-0.02890360280582225,0,0,low_frequency_random,7
7.4750000000000005,-0.10883242068675621,0,0,low_frequency_random,7
7.4800000000000004,-0.13983752787839387,0,0,low_frequency_random,7
7.4850000000000003,-0.17322630997993518,0,0,low_frequency_random,7
7.4900000000000002,-0.11301232034742943,0,0,low_frequency_random,7
7.4950000000000001,-0.14428895644573819,0,0,low_frequency_random,7
7.5,-0.15932588179224227,0,0,low_frequency_random,7
7.5049999999999999,-0.25575001473460357,0,0,low_frequency_random,7
7.5099999999999998,-0.12323663679160979,0,0,low_frequency_random,7
7.5150000000000006,-0.082164265088562533,0,0,low_frequency_random,7
7.5200000000000005,0.060998354044253023,0,0,low_frequency_random,7
7.5250000000000004,0.12428594122695868,0,0,low_frequency_random,7
7.5300000000000002,0.24253963122335731,0,0,low_frequency_random,7
7.5350000000000001,0.22150055185418888,0,0,low_frequency_random,7
7.54,0.27762554408721363,0,0,low_frequency_random,7
7.5449999999999999,0.49214141480152263,0,0,low_frequency_random,7
7.5499999999999998,0.39204829017675857,0,0,low_frequency_random,7
7.5549999999999997,0.48395969316385579,0,0,low_frequency_random,7
7.5600000000000005,0.61704258917027599,0,0,low_frequency_random,7
7.5650000000000004,0.64757123232590752,0,0,low_frequency_random,7
7.5700000000000003,0.70540572806144997,0,0,low_frequency_random,7
7.5750000000000002,0.80400286522077713,0,0,low_frequency_random,7
7.5800000000000001,0.74650305108612403,0,0,low_frequency_random,7
7.585,0.7760894811529454,0,0,low_frequency_random,7
7.5899999999999999,0.70135555540731653,0,0,low_frequency_random,7
7.5949999999999998,0.6426957284959004,0,0,low_frequency_random,7
7.6000000000000005,0.58909130032059864,0,0,low_frequency_random,7
7.6050000000000004,0.57448092618820668,0,0,low_frequency_random,7
7.6100000000000003,0.58356784887942503,0,0,low_frequency_random,7
7.6150000000000002,0.61760753146014935,0,0,low_frequency_random,7
7.6200000000000001,0.49874408395950698,0,0,low_frequency_random,7
7.625,0.6579941093505205,0,0,low_frequency_random,7
7.6299999999999999,0.74915845318636243,0,0,low_frequency_random,7
7.6349999999999998,0.8047586281642628,0,0,low_frequency_random,7
7.6400000000000006,0.77149560001904383,0,0,low_frequency_random,7
7.6450000000000005,0.76036143966836278,0,0,low_frequency_random,7
7.6500000000000004,0.80135043500246583,0,0,low_frequency_random,7
7.6550000000000002,0.83098476928516463,0,0,low_frequency_random,7
7.6600000000000001,0.68949871686439612,0,0,low_frequency_random,7
7.665,0.74665062884849775,0,0,low_frequency_random,7
7.6699999999999999,0.9813900940934569,0,0,low_frequency_random,7
7.6749999999999998,0.82541006486812973,0,0,low_frequency_random,7
7.6799999999999997,0.90266401343050673,0,0,low_frequency_random,7
7.6850000000000005,0.92836657296541836,0,0,low_frequency_random,7
7.6900000000000004,0.91460594323137712,0,0,low_frequency_random,7
7.6950000000000003,1.022324768490932,0,0,low_frequency_random,7
7.7000000000000002,0.92038041174498242,0,0,low_frequency_random,7
7.7050000000000001,0.92912424523307569,0,0,low_frequency_random,7
7.71,1.0443468248280132,0,0,low_frequency_random,7
7.7149999999999999,1.0230105753499363,0,0,low_frequency_random,7
7.7199999999999998,0.98365292019215045,0,0,low_frequency_random,7
7.7250000000000005,0.98816156221639062,0,0,low_frequency_random,7
7.7300000000000004,0.94678381906349052,0,0,low_frequency_random,7
7.7350000000000003,1.0688780409048046,0,0,low_frequency_random,7
7.7400000000000002,0.98918514940820945,0,0,low_frequency_random,7
7.7450000000000001,1.0558270564270211,0,0,low_frequency_random,7
7.75,0.9478831944938072,0,0,low_frequency_random,7
7.7549999999999999,0.99802417113480557,0,0,low_frequency_random,7
7.7599999999999998,0.98444406229380543,0,0,low_frequency_random,7
7.7650000000000006,0.76765109707815826,0,0,low_frequency_random,7
7.7700000000000005,0.76333219506528083,0,0,low_frequency_random,7
7.7750000000000004,0.67200126099732493,0,0,low_frequency_random,7
7.7800000000000002,0.6321982859801234,0,0,low_frequency_random,7
7.7850000000000001,0.75525367539918575,0,0,low_frequency_random,7
7.79,0.65982958337410735,0,0,low_frequency_random,7
7.7949999999999999,0.56956017215922505,0,0,low_frequency_random,7
7.7999999999999998,0.68489454703791741,0,0,low_frequency_random,7
7.8050000000000006,0.69099058507807654,0,0,low_frequency_random,7
7.8100000000000005,0.81400644169632363,0,0,low_frequency_random,7
7.8150000000000004,0.83648877446427483,0,0,low_frequency_random,7
7.8200000000000003,0.75993263112503606,0,0,low_frequency_random,7
7.8250000000000002,0.75070266668057284,0,0,low_frequency_random,7
7.8300000000000001,0.84783649619104851,0,0,low_frequency_random,7
7.835,0.92081521349136175,0,0,low_frequency_random,7
7.8399999999999999,0.91629536909326426,0,0,low_frequency_random,7
7.8449999999999998,0.91572681265900557,0,0,low_frequency_random,7
7.8500000000000005,0.90192666286957557,0,0,low_frequency_random,7
7.8550000000000004,0.8499735971996526,0,0,low_frequency_random,7
7.8600000000000003,1.0042083664081662,0,0,low_frequency_random,7
7.8650000000000002,0.99978983434085222,0,0,low_frequency_random,7
7.8700000000000001,0.90200273024005695,0,0,low_frequency_random,7
7.875,0.85836844844059745,0,0,low_frequency_random,7
7.8799999999999999,0.91368385354133252,0,0,low_frequency_random,7
7.8849999999999998,0.9617599533790302,0,0,low_frequency_random,7
7.8900000000000006,0.94571137397141558,0,0,low_frequency_random,7
7.8950000000000005,0.88615122774855926,0,0,low_frequency_random,7
7.9000000000000004,0.88369319353993081,0,0,low_frequency_random,7
7.9050000000000002,0.74197417297674029,0,0,low_frequency_random,7
7.9100000000000001,0.63146523594115822,0,0,low_frequency_random,7
7.915,0.69386381928715746,0,0,low_frequency_random,7
7.9199999999999999,0.65108000421230372,0,0,low_frequency_random,7
7.9249999999999998,0.67859450744634742,0,0,low_frequency_random,7
7.9300000000000006,0.77516740849132681,0,0,low_frequency_random,7
7.9350000000000005,0.82460093969369319,0,0,low_frequency_random,7
7.9400000000000004,0.82217916849981587,0,0,low_frequency_random,7
7.9450000000000003,0.99268039587225099,0,0,low_frequency_random,7
7.9500000000000002,1.0425122713091257,0,0,low_frequency_random,7
7.9550000000000001,1.0082286325865786,0,0,low_frequency_random,7
7.96,1.0632655832279951,0,0,low_frequency_random,7
7.9649999999999999,1.0914265486868042,0,0,low_frequency_random,7
7.9699999999999998,1.015759789366087,0,0,low_frequency_random,7
7.9750000000000005,1.0166799107762721,0,0,low_frequency_random,7
7.9800000000000004,0.99807311680481114,0,0,low_frequency_random,7
7.9850000000000003,0.83177448828859701,0,0,low_frequency_random,7
7.9900000000000002,0.81348125568695617,0,0,low_frequency_random,7
7.9950000000000001,0.78619766328054919,0,0,low_frequency_random,7
8,0.74631527965626288,0,0,low_frequency_random,7
8.0050000000000008,0.60764278860657706,0,0,low_frequency_random,7
8.0099999999999998,0.57551293438869844,0,0,low_frequency_random,7
8.0150000000000006,0.56938652783833932,0,0,low_frequency_random,7
8.0199999999999996,0.57490942843126891,0,0,low_frequency_random,7
8.0250000000000004,0.4788862739071183,0,0,low_frequency_random,7
8.0299999999999994,0.52838617656895215,0,0,low_frequency_random,7
8.0350000000000001,0.42602654519743799,0,0,low_frequency_random,7
8.0400000000000009,0.40554434426736807,0,0,low_frequency_random,7
8.0449999999999999,0.51058660749134044,0,0,low_frequency_random,7
8.0500000000000007,0.45124151734104401,0,0,low_frequency_random,7
8.0549999999999997,0.40709558855933797,0,0,low_frequency_random,7
8.0600000000000005,0.49311322545397857,0,0,low_frequency_random,7
8.0649999999999995,0.45915551187769765,0,0,low_frequency_random,7
8.0700000000000003,0.43250587767421667,0,0,low_frequency_random,7
8.0749999999999993,0.44849206326464658,0,0,low_frequency_random,7
8.0800000000000001,0.53231349313349285,0,0,low_frequency_random,7
8.0850000000000009,0.34894047863585775,0,0,low_frequency_random,7
8.0899999999999999,0.27927631864267649,0,0,low_frequency_random,7
8.0950000000000006,0.19529689904767872,0,0,low_frequency_random,7
8.0999999999999996,0.10539219226640878,0,0,low_frequency_random,7
8.1050000000000004,0.034819059986942055,0,0,low_frequency_random,7
8.1099999999999994,-0.034106514290456011,0,0,low_frequency_random,7
8.1150000000000002,-0.0092608378080154888,0,0,low_frequency_random,7
8.120000000000001,-0.082002818769146016,0,0,low_frequency_random,7
8.125,-0.071572150374574595,0,0,low_frequency_random,7
8.1300000000000008,-0.038383649742195991,0,0,low_frequency_random,7
8.1349999999999998,-0.097887165530664108,0,0,low_frequency_random,7
8.1400000000000006,-0.08671557675966278,0,0,low_frequency_random,7
8.1449999999999996,0.047583642315339611,0,0,low_frequency_random,7
8.1500000000000004,0.073684761569757562,0,0,low_frequency_random,7
8.1549999999999994,0.021209227597130231,0,0,low_frequency_random,7
8.1600000000000001,0.01579507369367503,0,0,low_frequency_random,7
8.1650000000000009,-0.059131869005448812,0,0,low_frequency_random,7
8.1699999999999999,-0.036721362132564897,0,0,low_frequency_random,7
8.1750000000000007,0.033881594889257356,0,0,low_frequency_random,7
8.1799999999999997,-0.033155693611783638,0,0,low_frequency_random,7
8.1850000000000005,-0.050063135965079664,0,0,low_frequency_random,7
8.1899999999999995,0.0409432601866732,0,0,low_frequency_random,7
8.1950000000000003,0.00016168367940655459,0,0,low_frequency_random,7
8.1999999999999993,0.015490736941685946,0,0,low_frequency_random,7
8.2050000000000001,-0.068068196510220849,0,0,low_frequency_random,7
8.2100000000000009,-0.13450455812612094,0,0,low_frequency_random,7
8.2149999999999999,-0.17560629415386259,0,0,low_frequency_random,7
8.2200000000000006,-0.0010592108140732026,0,0,low_frequency_random,7
8.2249999999999996,-0.033696299438935942,0,0,low_frequency_random,7
8.2300000000000004,-0.075819162077968558,0,0,low_frequency_random,7
8.2349999999999994,-0.12038409031434701,0,0,low_frequency_random,7
8.2400000000000002,-0.13299880891047719,0,0,low_frequency_random,7
8.245000000000001,-0.07999197824441534,0,0,low_frequency_random,7
8.25,-0.064471600879574126,0,0,low_frequency_random,7
8.2550000000000008,0.10006441975044189,0,0,low_frequency_random,7
8.2599999999999998,0.11662623217169503,0,0,low_frequency_random,7
8.2650000000000006,0.23154800971213996,0,0,low_frequency_random,7
8.2699999999999996,0.25247482137813493,0,0,low_frequency_random,7
8.2750000000000004,0.29954125347684474,0,0,low_frequency_random,7
8.2799999999999994,0.18284740945464281,0,0,low_frequency_random,7
8.2850000000000001,0.17179605737180559,0,0,low_frequency_random,7
8.2900000000000009,0.16543716257369029,0,0,low_frequency_random,7
8.2949999999999999,0.14522397105222767,0,0,low_frequency_random,7
8.3000000000000007,-0.02730094666363464,0,0,low_frequency_random,7
8.3049999999999997,0.043109415810419743,0,0,low_frequency_random,7
8.3100000000000005,0.011999649322502283,0,0,low_frequency_random,7
8.3149999999999995,-0.023018472949653292,0,0,low_frequency_random,7
8.3200000000000003,-0.043266456590003548,0,0,low_frequency_random,7
8.3249999999999993,-0.061251478400284158,0,0,low_frequency_random,7
8.3300000000000001,-0.028459362028157131,0,0,low_frequency_random,7
8.3350000000000009,-0.12974632284603377,0,0,low_frequency_random,7
8.3399999999999999,-0.20339675385606942,0,0,low_frequency_random,7
8.3450000000000006,-0.17918965038553941,0,0,low_frequency_random,7
8.3499999999999996,-0.16667836936380537,0,0,low_frequency_random,7
8.3550000000000004,-0.19590426798374294,0,0,low_frequency_random,7
8.3599999999999994,-0.24072564011294895,0,0,low_frequency_random,7
8.3650000000000002,-0.30611245444300667,0,0,low_frequency_random,7
8.370000000000001,-0.30924247856418707,0,0,low_frequency_random,7
8.375,-0.21347718267244964,0,0,low_frequency_random,7
8.3800000000000008,-0.29684535093595432,0,0,low_frequency_random,7
8.3849999999999998,-0.17380341468410032,0,0,low_frequency_random,7
8.3900000000000006,-0.10558649446758873,0,0,low_frequency_random,7
8.3949999999999996,-0.1412065743188915,0,0,low_frequency_random,7
8.4000000000000004,-0.078012602737078995,0,0,low_frequency_random,7
8.4049999999999994,-0.19460321580119419,0,0,low_frequency_random,7
8.4100000000000001,-0.33181302924559403,0,0,low_frequency_random,7
8.4150000000000009,-0.43308326550299958,0,0,low_frequency_random,7
8.4199999999999999,-0.4636211921089578,0,0,low_frequency_random,7
8.4250000000000007,-0.48727672267311428,0,0,low_frequency_random,7
8.4299999999999997,-0.5259549990889083,0,0,low_frequency_random,7
8.4350000000000005,-0.51539781551612207,0,0,low_frequency_random,7
8.4399999999999995,-0.68321342833759291,0,0,low_frequency_random,7
8.4450000000000003,-0.64027679843473517,0,0,low_frequency_random,7
8.4499999999999993,-0.75034418126485769,0,0,low_frequency_random,7
8.4550000000000001,-0.79933797728696987,0,0,low_frequency_random,7
8.4600000000000009,-0.82829690146663215,0,0,low_frequency_random,7
8.4649999999999999,-0.91643184328057303,0,0,low_frequency_random,7
8.4700000000000006,-1.0212674643449284,0,0,low_frequency_random,7
8.4749999999999996,-1.0964596070733552,0,0,low_frequency_random,7
8.4800000000000004,-1.0919425035722996,0,0,low_frequency_random,7
8.4849999999999994,-1.0394155942688219,0,0,low_frequency_random,7
8.4900000000000002,-0.98920528543845043,0,0,low_frequency_random,7
8.495000000000001,-1.0636324020989929,0,0,low_frequency_random,7
8.5,-1.1214956991191192,0,0,low_frequency_random,7
8.5050000000000008,-1.1893667315334149,0,0,low_frequency_random,7
8.5099999999999998,-1.1475395305660896,0,0,low_frequency_random,7
8.5150000000000006,-1.3044031313386353,0,0,low_frequency_random,7
8.5199999999999996,-1.1990774053839137,0,0,low_frequency_random,7
8.5250000000000004,-1.2317846126224525,0,0,low_frequency_random,7
8.5299999999999994,-1.2881666713476616,0,0,low_frequency_random,7
8.5350000000000001,-1.2546533591304427,0,0,low_frequency_random,7
8.5400000000000009,-1.1659923191850616,0,0,low_frequency_random,7
8.5449999999999999,-1.1328386218033926,0,0,low_frequency_random,7
8.5500000000000007,-1.0431791199255103,0,0,low_frequency_random,7
8.5549999999999997,-1.0272543528911937,0,0,low_frequency_random,7
8.5600000000000005,-0.9240052281145269,0,0,low_frequency_random,7
8.5649999999999995,-0.82003244369215289,0,0,low_frequency_random,7
8.5700000000000003,-0.82388096359265095,0,0,low_frequency_random,7
8.5750000000000011,-0.70492261151680669,0,0,low_frequency_random,7
8.5800000000000001,-0.68826097742330428,0,0,low_frequency_random,7
8.5850000000000009,-0.67789414634617917,0,0,low_frequency_random,7
8.5899999999999999,-0.74804711745989361,0,0,low_frequency_random,7
8.5950000000000006,-0.76736098150323917,0,0,low_frequency_random,7
8.5999999999999996,-0.7014823260155959,0,0,low_frequency_random,7
8.6050000000000004,-0.80273343783229978,0,0,low_frequency_random,7
8.6099999999999994,-0.74688952189312419,0,0,low_frequency_random,7
8.6150000000000002,-0.71534469691161118,0,0,low_frequency_random,7
8.620000000000001,-0.68962738385729627,0,0,low_frequency_random,7
8.625,-0.86226684812004639,0,0,low_frequency_random,7
8.6300000000000008,-0.86620510221385549,0,0,low_frequency_random,7
8.6349999999999998,-0.81015346792580278,0,0,low_frequency_random,7
8.6400000000000006,-0.86699693363104757,0,0,low_frequency_random,7
8.6449999999999996,-0.85546625622526751,0,0,low_frequency_random,7
8.6500000000000004,-1.0409708367232251,0,0,low_frequency_random,7
8.6549999999999994,-0.98220152939149963,0,0,low_frequency_random,7
8.6600000000000001,-1.0301651926389086,0,0,low_frequency_random,7
8.6650000000000009,-0.95549257536842924,0,0,low_frequency_random,7
8.6699999999999999,-1.097782147764069,0,0,low_frequency_random,7
8.6750000000000007,-1.0370637108592553,0,0,low_frequency_random,7
8.6799999999999997,-1.050799187754264,0,0,low_frequency_random,7
8.6850000000000005,-0.98111118588966084,0,0,low_frequency_random,7
8.6899999999999995,-1.0500898995817665,0,0,low_frequency_random,7
8.6950000000000003,-1.0942056822368722,0,0,low_frequency_random,7
8.7000000000000011,-0.90979975835766091,0,0,low_frequency_random,7
8.7050000000000001,-0.97149264003249491,0,0,low_frequency_random,7
8.7100000000000009,-1.0229885651645454,0,0,low_frequency_random,7
8.7149999999999999,-1.039957750045754,0,0,low_frequency_random,7
8.7200000000000006,-1.1163715508768717,0,0,low_frequency_random,7
8.7249999999999996,-1.0158046777069816,0,0,low_frequency_random,7
8.7300000000000004,-0.87308155058865222,0,0,low_frequency_random,7
8.7349999999999994,-0.92491499523990006,0,0,low_frequency_random,7
8.7400000000000002,-1.0580400484438885,0,0,low_frequency_random,7
8.745000000000001,-0.95923877531644375,0,0,low_frequency_random,7
8.75,-0.86600452798699223,0,0,low_frequency_random,7
8.7550000000000008,-0.79611656700355204,0,0,low_frequency_random,7
8.7599999999999998,-0.69985582540987124,0,0,low_frequency_random,7
8.7650000000000006,-0.7655941570585082,0,0,low_frequency_random,7
8.7699999999999996,-0.77522182378388094,0,0,low_frequency_random,7
8.7750000000000004,-0.88180791108206258,0,0,low_frequency_random,7
8.7799999999999994,-0.99057985959422989,0,0,low_frequency_random,7
8.7850000000000001,-0.90734702943339007,0,0,low_frequency_random,7
8.7900000000000009,-0.95644057513196701,0,0,low_frequency_random,7
8.7949999999999999,-0.76975954626140608,0,0,low_frequency_random,7
8.8000000000000007,-0.76000075086911933,0,0,low_frequency_random,7
8.8049999999999997,-0.80731639801007904,0,0,low_frequency_random,7
8.8100000000000005,-0.73961831946711121,0,0,low_frequency_random,7
8.8149999999999995,-0.59218797217143848,0,0,low_frequency_random,7
8.8200000000000003,-0.55044096952519583,0,0,low_frequency_random,7
8.8250000000000011,-0.64482432474976115,0,0,low_frequency_random,7
8.8300000000000001,-0.61200207206970103,0,0,low_frequency_random,7
8.8350000000000009,-0.49917640142095454,0,0,low_frequency_random,7
8.8399999999999999,-0.53604758167376831,0,0,low_frequency_random,7
8.8450000000000006,-0.59511098327569723,0,0,low_frequency_random,7
8.8499999999999996,-0.51102988865180743,0,0,low_frequency_random,7
8.8550000000000004,-0.49731163252442928,0,0,low_frequency_random,7
8.8599999999999994,-0.58281459890778453,0,0,low_frequency_random,7
8.8650000000000002,-0.61021173576579957,0,0,low_frequency_random,7
8.870000000000001,-0.6674704732034813,0,0,low_frequency_random,7
8.875,-0.64049908761313712,0,0,low_frequency_random,7
8.8800000000000008,-0.62855171527641129,0,0,low_frequency_random,7
8.8849999999999998,-0.53361064784709566,0,0,low_frequency_random,7
8.8900000000000006,-0.47431768803713564,0,0,low_frequency_random,7
8.8949999999999996,-0.59672268191867528,0,0,low_frequency_random,7
8.9000000000000004,-0.56126850139097872,0,0,low_frequency_random,7
8.9049999999999994,-0.48689359079002992,0,0,low_frequency_random,7
8.9100000000000001,-0.44808584370070859,0,0,low_frequency_random,7
8.9150000000000009,-0.3636518168728412,0,0,low_frequency_random,7
8.9199999999999999,-0.40569456853194669,0,0,low_frequency_random,7
8.9250000000000007,-0.47954793383369826,0,0,low_frequency_random,7
8.9299999999999997,-0.40293620357272475,0,0,low_frequency_random,7
8.9350000000000005,-0.48595107493637135,0,0,low_frequency_random,7
8.9399999999999995,-0.65585937741352207,0,0,low_frequency_random,7
8.9450000000000003,-0.57076890297016769,0,0,low_frequency_random,7
8.9500000000000011,-0.62571243955039646,0,0,low_frequency_random,7
8.9550000000000001,-0.64701589591581476,0,0,low_frequency_random,7
8.9600000000000009,-0.75534822427967174,0,0,low_frequency_random,7
8.9649999999999999,-0.85735856221292961,0,0,low_frequency_random,7
8.9700000000000006,-0.94537873932415584,0,0,low_frequency_random,7
8.9749999999999996,-0.96944365140479183,0,0,low_frequency_random,7
8.9800000000000004,-0.93508245080935937,0,0,low_frequency_random,7
8.9849999999999994,-1.113784998633613,0,0,low_frequency_random,7
8.9900000000000002,-1.0482062405076349,0,0,low_frequency_random,7
8.995000000000001,-1.1373022352245685,0,0,low_frequency_random,7
9,-1.2167220385777626,0,0,low_frequency_random,7
9.0050000000000008,-1.1565604701086998,0,0,low_frequency_random,7
9.0099999999999998,-1.1567479195646371,0,0,low_frequency_random,7
9.0150000000000006,-1.2735866706105194,0,0,low_frequency_random,7
9.0199999999999996,-1.1200353667209446,0,0,low_frequency_random,7
9.0250000000000004,-1.183127129153803,0,0,low_frequency_random,7
9.0299999999999994,-1.1574903421201266,0,0,low_frequency_random,7
9.0350000000000001,-1.1357660019727756,0,0,low_frequency_random,7
9.0400000000000009,-1.0174768507171381,0,0,low_frequency_random,7
9.0449999999999999,-1.048764726399338,0,0,low_frequency_random,7
9.0500000000000007,-0.96308801428270652,0,0,low_frequency_random,7
9.0549999999999997,-1.0174876853106414,0,0,low_frequency_random,7
9.0600000000000005,-0.92286659454735886,0,0,low_frequency_random,7
9.0649999999999995,-0.97915026907922575,0,0,low_frequency_random,7
9.0700000000000003,-1.0031711735024644,0,0,low_frequency_random,7
9.0750000000000011,-0.84686891707659573,0,0,low_frequency_random,7
9.0800000000000001,-0.81735069208624045,0,0,low_frequency_random,7
9.0850000000000009,-0.80451532681652882,0,0,low_frequency_random,7
9.0899999999999999,-0.62158632495081056,0,0,low_frequency_random,7
9.0950000000000006,-0.58964973729402193,0,0,low_frequency_random,7
9.0999999999999996,-0.65183694366466605,0,0,low_frequency_random,7
9.1050000000000004,-0.58996227344489804,0,0,low_frequency_random,7
9.1099999999999994,-0.68131845313711303,0,0,low_frequency_random,7
9.1150000000000002,-0.58788023395645139,0,0,low_frequency_random,7
9.120000000000001,-0.48871064208591014,0,0,low_frequency_random,7
9.125,-0.53199556841262308,0,0,low_frequency_random,7
9.1300000000000008,-0.57944905825237747,0,0,low_frequency_random,7
9.1349999999999998,-0.56247393044871208,0,0,low_frequency_random,7
9.1400000000000006,-0.55853899301592136,0,0,low_frequency_random,7
9.1449999999999996,-0.63377314675194585,0,0,low_frequency_random,7
9.1500000000000004,-0.58527854191454809,0,0,low_frequency_random,7
9.1549999999999994,-0.74530198307729123,0,0,low_frequency_random,7
9.1600000000000001,-0.77612713878573958,0,0,low_frequency_random,7
9.1650000000000009,-0.80449084558405481,0,0,low_frequency_random,7
9.1699999999999999,-0.82228513545394422,0,0,low_frequency_random,7
9.1750000000000007,-0.793667375764181,0,0,low_frequency_random,7
9.1799999999999997,-0.88770564375105288,0,0,low_frequency_random,7
9.1850000000000005,-0.83631444489265394,0,0,low_frequency_random,7
9.1899999999999995,-0.84651967457166211,0,0,low_frequency_random,7
9.1950000000000003,-0.89418515632109963,0,0,low_frequency_random,7
9.2000000000000011,-0.99879868343866252,0,0,low_frequency_random,7
9.2050000000000001,-1.0882297663305172,0,0,low_frequency_random,7
9.2100000000000009,-1.0540481310095013,0,0,low_frequency_random,7
9.2149999999999999,-1.1257066039676884,0,0,low_frequency_random,7
9.2200000000000006,-1.1149690360595019,0,0,low_frequency_random,7
9.2249999999999996,-1.024661423173056,0,0,low_frequency_random,7
9.2300000000000004,-0.93714559267683228,0,0,low_frequency_random,7
9.2349999999999994,-0.80795123287377602,0,0,low_frequency_random,7
9.2400000000000002,-0.82756588977581247,0,0,low_frequency_random,7
9.245000000000001,-0.91003373508024088,0,0,low_frequency_random,7
9.25,-0.82405656258038484,0,0,low_frequency_random,7
9.2550000000000008,-0.79524004724952979,0,0,low_frequency_random,7
9.2599999999999998,-0.70158204147981074,0,0,low_frequency_random,7
9.2650000000000006,-0.69720060737998557,0,0,low_frequency_random,7
9.2699999999999996,-0.59831025465230125,0,0,low_frequency_random,7
9.2750000000000004,-0.52778410155464828,0,0,low_frequency_random,7
9.2799999999999994,-0.46798108121220933,0,0,low_frequency_random,7
9.2850000000000001,-0.42546568069722568,0,0,low_frequency_random,7
9.2900000000000009,-0.39160711510249313,0,0,low_frequency_random,7
9.2949999999999999,-0.3710576121150902,0,0,low_frequency_random,7
9.3000000000000007,-0.35117954265297119,0,0,low_frequency_random,7
9.3049999999999997,-0.27041008668833266,0,0,low_frequency_random,7
9.3100000000000005,-0.30991760173778699,0,0,low_frequency_random,7
9.3149999999999995,-0.16986348527175402,0,0,low_frequency_random,7
9.3200000000000003,-0.17749448692562081,0,0,low_frequency_random,7
9.3250000000000011,-0.097975320350080455,0,0,low_frequency_random,7
9.3300000000000001,-0.10468795073093647,0,0,low_frequency_random,7
9.3350000000000009,-0.12384986645722847,0,0,low_frequency_random,7
9.3399999999999999,0.03894155338855354,0,0,low_frequency_random,7
9.3450000000000006,0.014061489021157086,0,0,low_frequency_random,7
9.3499999999999996,-0.08793107198569966,0,0,low_frequency_random,7
9.3550000000000004,-0.14447656731283662,0,0,low_frequency_random,7
9.3599999999999994,-0.16907091009741218,0,0,low_frequency_random,7
9.3650000000000002,0.0037575410825759492,0,0,low_frequency_random,7
9.370000000000001,0.020238009677530398,0,0,low_frequency_random,7
9.375,0.09472759036750987,0,0,low_frequency_random,7
9.3800000000000008,0.014327041272492722,0,0,low_frequency_random,7
9.3849999999999998,0.042393873078960448,0,0,low_frequency_random,7
9.3900000000000006,0.095766684320345241,0,0,low_frequency_random,7
9.3949999999999996,0.2390596265888203,0,0,low_frequency_random,7
9.4000000000000004,0.18230464027277074,0,0,low_frequency_random,7
9.4049999999999994,0.2295541022862837,0,0,low_frequency_random,7
9.4100000000000001,0.2525555182070221,0,0,low_frequency_random,7
9.4150000000000009,0.16976263332791902,0,0,low_frequency_random,7
9.4199999999999999,0.16736332296749576,0,0,low_frequency_random,7
9.4250000000000007,0.14550318751408861,0,0,low_frequency_random,7
9.4299999999999997,-0.040787641102222549,0,0,low_frequency_random,7
9.4350000000000005,0.0071898333038684717,0,0,low_frequency_random,7
9.4399999999999995,0.050265623520340752,0,0,low_frequency_random,7
9.4450000000000003,0.014987743500793974,0,0,low_frequency_random,7
9.4500000000000011,-0.091904808260483126,0,0,low_frequency_random,7
9.4550000000000001,0.026648677773307872,0,0,low_frequency_random,7
9.4600000000000009,0.047742620739420025,0,0,low_frequency_random,7
9.4649999999999999,0.12863768967801092,0,0,low_frequency_random,7
9.4700000000000006,0.24054037265455425,0,0,low_frequency_random,7
9.4749999999999996,0.19777209443267907,0,0,low_frequency_random,7
9.4800000000000004,0.2615959715920041,0,0,low_frequency_random,7
9.4849999999999994,0.24104746462150084,0,0,low_frequency_random,7
9.4900000000000002,0.23485382776157551,0,0,low_frequency_random,7
9.495000000000001,0.22685032758144685,0,0,low_frequency_random,7
9.5,0.22561365549384385,0,0,low_frequency_random,7
9.5050000000000008,0.31338289007769565,0,0,low_frequency_random,7
9.5099999999999998,0.3217013748863562,0,0,low_frequency_random,7
9.5150000000000006,0.30782894533099769,0,0,low_frequency_random,7
9.5199999999999996,0.28422585593483896,0,0,low_frequency_random,7
9.5250000000000004,0.31004528467210257,0,0,low_frequency_random,7
9.5299999999999994,0.23708808360860495,0,0,low_frequency_random,7
9.5350000000000001,0.19579324997335723,0,0,low_frequency_random,7
9.5400000000000009,0.19064471494188795,0,0,low_frequency_random,7
9.5449999999999999,0.14453893972821993,0,0,low_frequency_random,7
9.5500000000000007,0.13436360246339796,0,0,low_frequency_random,7
9.5549999999999997,0.084953213430386601,0,0,low_frequency_random,7
9.5600000000000005,0.24444617200857299,0,0,low_frequency_random,7
9.5649999999999995,0.34928659168866499,0,0,low_frequency_random,7
9.5700000000000003,0.38345088735659916,0,0,low_frequency_random,7
9.5750000000000011,0.37725963802226803,0,0,low_frequency_random,7
9.5800000000000001,0.55020193936992201,0,0,low_frequency_random,7
9.5850000000000009,0.57322957217545023,0,0,low_frequency_random,7
9.5899999999999999,0.56344027009751108,0,0,low_frequency_random,7
9.5950000000000006,0.58481971101024266,0,0,low_frequency_random,7
9.5999999999999996,0.6063173056900516,0,0,low_frequency_random,7
9.6050000000000004,0.71583722524138238,0,0,low_frequency_random,7
9.6099999999999994,0.71075358183550574,0,0,low_frequency_random,7
9.6150000000000002,0.87473567792503082,0,0,low_frequency_random,7
9.620000000000001,0.79998725202414034,0,0,low_frequency_random,7
9.625,0.85138279502348913,0,0,low_frequency_random,7
9.6300000000000008,0.7671903120394542,0,0,low_frequency_random,7
9.6349999999999998,0.9083693467245324,0,0,low_frequency_random,7
9.6400000000000006,0.87745957615411618,0,0,low_frequency_random,7
9.6449999999999996,0.86843970016063521,0,0,low_frequency_random,7
9.6500000000000004,0.9378628287308205,0,0,low_frequency_random,7
9.6549999999999994,1.033361927218458,0,0,low_frequency_random,7
9.6600000000000001,0.93947977895736612,0,0,low_frequency_random,7
9.6650000000000009,0.90717047246196714,0,0,low_frequency_random,7
9.6699999999999999,0.79133048333819855,0,0,low_frequency_random,7
9.6750000000000007,0.79834071429160913,0,0,low_frequency_random,7
9.6799999999999997,0.78626940288820468,0,0,low_frequency_random,7
9.6850000000000005,0.7545027876935978,0,0,low_frequency_random,7
9.6899999999999995,0.69611938973162313,0,0,low_frequency_random,7
9.6950000000000003,0.66185198342246709,0,0,low_frequency_random,7
9.7000000000000011,0.59898832432102134,0,0,low_frequency_random,7
9.7050000000000001,0.63821223265434313,0,0,low_frequency_random,7
9.7100000000000009,0.75600258033085221,0,0,low_frequency_random,7
9.7149999999999999,0.59815941460426003,0,0,low_frequency_random,7
9.7200000000000006,0.58592182604792942,0,0,low_frequency_random,7
9.7249999999999996,0.54962924719917605,0,0,low_frequency_random,7
9.7300000000000004,0.58617917810104869,0,0,low_frequency_random,7
9.7349999999999994,0.50730419329403686,0,0,low_frequency_random,7
9.7400000000000002,0.49308836286155266,0,0,low_frequency_random,7
9.745000000000001,0.4076691857157736,0,0,low_frequency_random,7
9.75,0.46123270493445184,0,0,low_frequency_random,7
9.7550000000000008,0.4668544539946981,0,0,low_frequency_random,7
9.7599999999999998,0.45164027017918279,0,0,low_frequency_random,7
9.7650000000000006,0.47892885568312382,0,0,low_frequency_random,7
9.7699999999999996,0.45687071779313648,0,0,low_frequency_random,7
9.7750000000000004,0.33059650468500235,0,0,low_frequency_random,7
9.7799999999999994,0.37648718230081485,0,0,low_frequency_random,7
9.7850000000000001,0.39761352418050688,0,0,low_frequency_random,7
9.7900000000000009,0.38333480214846494,0,0,low_frequency_random,7
9.7949999999999999,0.46002033108162255,0,0,low_frequency_random,7
9.8000000000000007,0.55496242192771028,0,0,low_frequency_random,7
9.8049999999999997,0.46502992666233334,0,0,low_frequency_random,7
9.8100000000000005,0.40038038472193482,0,0,low_frequency_random,7
9.8149999999999995,0.52185747360069668,0,0,low_frequency_random,7
9.8200000000000003,0.63247966784911291,0,0,low_frequency_random,7
9.8250000000000011,0.57040108348152585,0,0,low_frequency_random,7
9.8300000000000001,0.47333504281527367,0,0,low_frequency_random,7
9.8350000000000009,0.42009611839716438,0,0,low_frequency_random,7
9.8399999999999999,0.37825098376401839,0,0,low_frequency_random,7
9.8450000000000006,0.24995533668907283,0,0,low_frequency_random,7
9.8499999999999996,0.25119583898272396,0,0,low_frequency_random,7
9.8550000000000004,0.14778418490306866,0,0,low_frequency_random,7
9.8599999999999994,0.050457510559202168,0,0,low_frequency_random,7
9.8650000000000002,0.12331152631130807,0,0,low_frequency_random,7
9.870000000000001,0.068177719089010838,0,0,low_frequency_random,7
9.875,0.062134251228687307,0,0,low_frequency_random,7
9.8800000000000008,0.11202650627148505,0,0,low_frequency_random,7
9.8849999999999998,0.17636339102901988,0,0,low_frequency_random,7
9.8900000000000006,0.14858942845430437,0,0,low_frequency_random,7
9.8949999999999996,0.15136892873951782,0,0,low_frequency_random,7
9.9000000000000004,0.084746231700297908,0,0,low_frequency_random,7
9.9049999999999994,0.22376518486773878,0,0,low_frequency_random,7
9.9100000000000001,0.27451541721640754,0,0,low_frequency_random,7
9.9150000000000009,0.18510727242854147,0,0,low_frequency_random,7
9.9199999999999999,0.18450787365874133,0,0,low_frequency_random,7
9.9250000000000007,0.2405293583187611,0,0,low_frequency_random,7
9.9299999999999997,0.27758690772682665,0,0,low_frequency_random,7
9.9350000000000005,0.42217097368056122,0,0,low_frequency_random,7
9.9399999999999995,0.52957702333999135,0,0,low_frequency_random,7
9.9450000000000003,0.48389886720812225,0,0,low_frequency_random,7
9.9500000000000011,0.47436877049953069,0,0,low_frequency_random,7
9.9550000000000001,0.36973531005132798,0,0,low_frequency_random,7
9.9600000000000009,0.38779769931683022,0,0,low_frequency_random,7
9.9649999999999999,0.397915093605412,0,0,low_frequency_random,7
9.9700000000000006,0.61166954099687643,0,0,low_frequency_random,7
9.9749999999999996,0.61640536034525506,0,0,low_frequency_random,7
9.9800000000000004,0.44628861492719096,0,0,low_frequency_random,7
9.9849999999999994,0.39042995991870638,0,0,low_frequency_random,7
9.9900000000000002,0.3974481961915427,0,0,low_frequency_random,7
9.995000000000001,0.29523537213874473,0,0,low_frequency_random,7
10,0.22455934559470725,0,0,low_frequency_random,7
10.005000000000001,0.19426146156949184,0,0,low_frequency_random,7
10.01,0.22056928912632615,0,0,low_frequency_random,7
10.015000000000001,0.20627483392333393,0,0,low_frequency_random,7
10.02,0.13428491144047464,0,0,low_frequency_random,7
10.025,0.19647245287202042,0,0,low_frequency_random,7
10.029999999999999,0.15242924944116457,0,0,low_frequency_random,7
10.035,0.11182395195004825,0,0,low_frequency_random,7
10.040000000000001,0.0011694566317356075,0,0,low_frequency_random,7
10.045,-0.061560759250022586,0,0,low_frequency_random,7
10.050000000000001,-0.0092420791661260507,0,0,low_frequency_random,7
10.055,-0.13828553876803187,0,0,low_frequency_random,7
10.06,-0.1432755272091166,0,0,low_frequency_random,7
10.065,-0.085286182074639699,0,0,low_frequency_random,7
10.07,-0.11495423920895217,0,0,low_frequency_random,7
10.075000000000001,-0.095245519417280919,0,0,low_frequency_random,7
10.08,-0.1838911071493477,0,0,low_frequency_random,7
10.085000000000001,-0.078413224700717363,0,0,low_frequency_random,7
10.09,0.0098421377936180748,0,0,low_frequency_random,7
10.095000000000001,0.028585974742205145,0,0,low_frequency_random,7
10.1,-0.11161262161004548,0,0,low_frequency_random,7
10.105,-0.19452418105026253,0,0,low_frequency_random,7
10.109999999999999,-0.11561267695778803,0,0,low_frequency_random,7
10.115,0.021671719409296131,0,0,low_frequency_random,7
10.120000000000001,0.045233666773200211,0,0,low_frequency_random,7
10.125,0.14454463279252888,0,0,low_frequency_random,7
10.130000000000001,0.095324076641242816,0,0,low_frequency_random,7
10.135,0.079735471934928054,0,0,low_frequency_random,7
10.140000000000001,0.079429392791499839,0,0,low_frequency_random,7
10.145,0.11279653401646096,0,0,low_frequency_random,7
10.15,-0.009765682410981219,0,0,low_frequency_random,7
10.154999999999999,0.065348629525042348,0,0,low_frequency_random,7
10.16,0.17056247433144284,0,0,low_frequency_random,7
10.165000000000001,0.078042247641865403,0,0,low_frequency_random,7
10.17,-0.03050365933733859,0,0,low_frequency_random,7
10.175000000000001,-0.0023766787073537833,0,0,low_frequency_random,7
10.18,-0.054579187302086343,0,0,low_frequency_random,7
10.185,-0.24350016750663819,0,0,low_frequency_random,7
10.19,-0.17776040437080201,0,0,low_frequency_random,7
10.195,-0.16445732145271619,0,0,low_frequency_random,7
10.200000000000001,-0.20167371587045874,0,0,low_frequency_random,7
10.205,-0.032014130175615413,0,0,low_frequency_random,7
10.210000000000001,-0.020769841961148013,0,0,low_frequency_random,7
10.215,-0.080790284213371213,0,0,low_frequency_random,7
10.220000000000001,-0.072315384300782465,0,0,low_frequency_random,7
10.225,-0.1549526700707422,0,0,low_frequency_random,7
10.23,-0.21496435787534388,0,0,low_frequency_random,7
10.234999999999999,-0.18306030631473039,0,0,low_frequency_random,7
10.24,-0.22637253665365445,0,0,low_frequency_random,7
10.245000000000001,-0.26123141764402791,0,0,low_frequency_random,7
10.25,-0.12674602626616424,0,0,low_frequency_random,7
10.255000000000001,-0.057513547274342117,0,0,low_frequency_random,7
10.26,0.0068391371934576964,0,0,low_frequency_random,7
10.265000000000001,0.049004819699963398,0,0,low_frequency_random,7
10.27,0.08739989321599817,0,0,low_frequency_random,7
10.275,0.20320006536382262,0,0,low_frequency_random,7
10.279999999999999,0.20062682299699641,0,0,low_frequency_random,7
10.285,0.34769699168225526,0,0,low_frequency_random,7
10.290000000000001,0.27004059677481868,0,0,low_frequency_random,7
10.295,0.24834165009294912,0,0,low_frequency_random,7
10.300000000000001,0.13709047775351896,0,0,low_frequency_random,7
10.305,0.10897350614760576,0,0,low_frequency_random,7
10.31,0.14980192036201856,0,0,low_frequency_random,7
10.315,0.26486488570757505,0,0,low_frequency_random,7
10.32,0.21061005305851885,0,0,low_frequency_random,7
10.325000000000001,0.20998293023675271,0,0,low_frequency_random,7
10.33,0.1802704966494478,0,0,low_frequency_random,7
10.335000000000001,0.12043081123297233,0,0,low_frequency_random,7
10.34,0.02491718483080399,0,0,low_frequency_random,7
10.345000000000001,0.029633696081698302,0,0,low_frequency_random,7
10.35,-0.10873361024122863,0,0,low_frequency_random,7
10.355,-0.099369909671268242,0,0,low_frequency_random,7
10.359999999999999,-0.097202327010346257,0,0,low_frequency_random,7
10.365,-0.1492062758879695,0,0,low_frequency_random,7
10.370000000000001,-0.2291326319399094,0,0,low_frequency_random,7
10.375,-0.33845812517333285,0,0,low_frequency_random,7
10.380000000000001,-0.18743727248372863,0,0,low_frequency_random,7
10.385,-0.29359235422663099,0,0,low_frequency_random,7
10.390000000000001,-0.16782275988880346,0,0,low_frequency_random,7
10.395,-0.11909234285053062,0,0,low_frequency_random,7
10.4,-0.14754739202984454,0,0,low_frequency_random,7
10.404999999999999,-0.23914670986399042,0,0,low_frequency_random,7
10.41,-0.15476254590166943,0,0,low_frequency_random,7
10.415000000000001,-0.015963779375622128,0,0,low_frequency_random,7
10.42,-0.090419696110557668,0,0,low_frequency_random,7
10.425000000000001,-0.11380871771473128,0,0,low_frequency_random,7
10.43,-0.029321080416512615,0,0,low_frequency_random,7
10.435,-0.0023791890876014264,0,0,low_frequency_random,7
10.44,0.15723039353719795,0,0,low_frequency_random,7
10.445,0.11094843940583757,0,0,low_frequency_random,7
10.450000000000001,0.15367014579975802,0,0,low_frequency_random,7
10.455,0.05307914030975884,0,0,low_frequency_random,7
10.460000000000001,0.22006743906657764,0,0,low_frequency_random,7
10.465,0.16068834746190827,0,0,low_frequency_random,7
10.470000000000001,-0.016309776560103545,0,0,low_frequency_random,7
10.475,-0.026264452429824826,0,0,low_frequency_random,7
10.48,-0.037260079500724748,0,0,low_frequency_random,7
10.484999999999999,0.11578915958237511,0,0,low_frequency_random,7
10.49,0.088173710074751457,0,0,low_frequency_random,7
10.495000000000001,0.086724965818222935,0,0,low_frequency_random,7
10.5,0.1336490921210344,0,0,low_frequency_random,7
10.505000000000001,0.25956757496112365,0,0,low_frequency_random,7
10.51,0.25322722674376136,0,0,low_frequency_random,7
10.515000000000001,0.33491501905653798,0,0,low_frequency_random,7
10.52,0.37458798910270702,0,0,low_frequency_random,7
10.525,0.3490800207524361,0,0,low_frequency_random,7
10.529999999999999,0.35352785362233496,0,0,low_frequency_random,7
10.535,0.35405281355874341,0,0,low_frequency_random,7
10.540000000000001,0.27918782074892712,0,0,low_frequency_random,7
10.545,0.37464759483118609,0,0,low_frequency_random,7
10.550000000000001,0.2622059595169256,0,0,low_frequency_random,7
10.555,0.35435796911346046,0,0,low_frequency_random,7
10.56,0.42875366091227174,0,0,low_frequency_random,7
10.565,0.41918987360005294,0,0,low_frequency_random,7
10.57,0.35601637799758507,0,0,low_frequency_random,7
10.575000000000001,0.3361719228663313,0,0,low_frequency_random,7
10.58,0.37222287280849659,0,0,low_frequency_random,7
10.585000000000001,0.42966277609042691,0,0,low_frequency_random,7
10.59,0.45041607671546469,0,0,low_frequency_random,7
10.595000000000001,0.52734250955566775,0,0,low_frequency_random,7
10.6,0.4802288670524934,0,0,low_frequency_random,7
10.605,0.49655300977981298,0,0,low_frequency_random,7
10.609999999999999,0.36892179310593842,0,0,low_frequency_random,7
10.615,0.42801951306280511,0,0,low_frequency_random,7
10.620000000000001,0.43810828546901109,0,0,low_frequency_random,7
10.625,0.40276021904437498,0,0,low_frequency_random,7
10.630000000000001,0.49344301233616678,0,0,low_frequency_random,7
10.635,0.54616602942304104,0,0,low_frequency_random,7
10.640000000000001,0.31869258275658352,0,0,low_frequency_random,7
10.645,0.32028579667380302,0,0,low_frequency_random,7
10.65,0.20257684430812148,0,0,low_frequency_random,7
10.654999999999999,0.28668638984031136,0,0,low_frequency_random,7
10.66,0.48388574193415518,0,0,low_frequency_random,7
10.665000000000001,0.44009316184090858,0,0,low_frequency_random,7
10.67,0.44384963543680878,0,0,low_frequency_random,7
10.675000000000001,0.42160334250624282,0,0,low_frequency_random,7
10.68,0.44749561937134436,0,0,low_frequency_random,7
10.685,0.49669900526381705,0,0,low_frequency_random,7
10.69,0.59694032030319821,0,0,low_frequency_random,7
10.695,0.51516643473294188,0,0,low_frequency_random,7
10.700000000000001,0.63801414327064643,0,0,low_frequency_random,7
10.705,0.56049684119422571,0,0,low_frequency_random,7
10.710000000000001,0.57981314502669379,0,0,low_frequency_random,7
10.715,0.66937621275668602,0,0,low_frequency_random,7
10.720000000000001,0.72295124101267905,0,0,low_frequency_random,7
10.725,0.64444683587765617,0,0,low_frequency_random,7
10.73,0.58521884722195705,0,0,low_frequency_random,7
10.734999999999999,0.54540585765741745,0,0,low_frequency_random,7
10.74,0.53860230467148273,0,0,low_frequency_random,7
10.745000000000001,0.62744336086702623,0,0,low_frequency_random,7
10.75,0.52122688388837701,0,0,low_frequency_random,7
10.755000000000001,0.55587022819533871,0,0,low_frequency_random,7
10.76,0.60177386772780628,0,0,low_frequency_random,7
10.765000000000001,0.64332418034115213,0,0,low_frequency_random,7
10.77,0.67732702709878145,0,0,low_frequency_random,7
10.775,0.79511126222373874,0,0,low_frequency_random,7
10.779999999999999,0.83007293700882112,0,0,low_frequency_random,7
10.785,0.89431863521112287,0,0,low_frequency_random,7
10.790000000000001,0.93482944796205247,0,0,low_frequency_random,7
10.795,1.0732581167016457,0,0,low_frequency_random,7
10.800000000000001,0.91630001089662494,0,0,low_frequency_random,7
10.805,1.0140427433921191,0,0,low_frequency_random,7
10.81,0.98815481972465968,0,0,low_frequency_random,7
10.815,0.96082505474750535,0,0,low_frequency_random,7
10.82,0.87866827234190836,0,0,low_frequency_random,7
10.825000000000001,0.7251632202474716,0,0,low_frequency_random,7
10.83,0.69107108587826183,0,0,low_frequency_random,7
10.835000000000001,0.63277806241546553,0,0,low_frequency_random,7
10.84,0.66905735782102227,0,0,low_frequency_random,7
10.845000000000001,0.54823326246365323,0,0,low_frequency_random,7
10.85,0.65974226499918698,0,0,low_frequency_random,7
10.855,0.67815222054953861,0,0,low_frequency_random,7
10.859999999999999,0.65498718431684344,0,0,low_frequency_random,7
10.865,0.5951081436913439,0,0,low_frequency_random,7
10.870000000000001,0.52932057890549811,0,0,low_frequency_random,7
10.875,0.43649915560361885,0,0,low_frequency_random,7
10.880000000000001,0.39088189465796119,0,0,low_frequency_random,7
10.885,0.38941518870096159,0,0,low_frequency_random,7
10.890000000000001,0.3733192952883238,0,0,low_frequency_random,7
10.895,0.25858063671881676,0,0,low_frequency_random,7
10.9,0.23607775618171861,0,0,low_frequency_random,7
10.904999999999999,0.16362394521479781,0,0,low_frequency_random,7
10.91,0.17556653226917762,0,0,low_frequency_random,7
10.915000000000001,0.3234908859518561,0,0,low_frequency_random,7
10.92,0.37175453945334408,0,0,low_frequency_random,7
10.925000000000001,0.34491330456344188,0,0,low_frequency_random,7
10.93,0.21352668901672966,0,0,low_frequency_random,7
10.935,0.099566131794545751,0,0,low_frequency_random,7
10.94,-0.035531679480782619,0,0,low_frequency_random,7
10.945,0.022578120922960306,0,0,low_frequency_random,7
10.950000000000001,-0.038587340359696215,0,0,low_frequency_random,7
10.955,-0.033399358474279217,0,0,low_frequency_random,7
10.960000000000001,-0.082869769030064308,0,0,low_frequency_random,7
10.965,-0.075178932349599589,0,0,low_frequency_random,7
10.970000000000001,0.037050442341794221,0,0,low_frequency_random,7
10.975,-0.017793317859788778,0,0,low_frequency_random,7
10.98,-0.04491295123899855,0,0,low_frequency_random,7
10.984999999999999,-0.10903552655754729,0,0,low_frequency_random,7
10.99,-0.03870026843906238,0,0,low_frequency_random,7
10.995000000000001,-0.12035990854192175,0,0,low_frequency_random,7
11,-0.21017214527453087,0,0,low_frequency_random,7
11.005000000000001,-0.31985998930603465,0,0,low_frequency_random,7
11.01,-0.43066145337095707,0,0,low_frequency_random,7
11.015000000000001,-0.39093595627339611,0,0,low_frequency_random,7
11.02,-0.18396890958395945,0,0,low_frequency_random,7
11.025,-0.26248280498748877,0,0,low_frequency_random,7
11.029999999999999,-0.18523991395284564,0,0,low_frequency_random,7
11.035,-0.16427757963104078,0,0,low_frequency_random,7
11.040000000000001,-0.25140010105942312,0,0,low_frequency_random,7
11.045,-0.27222697703531262,0,0,low_frequency_random,7
11.050000000000001,-0.2894560869447661,0,0,low_frequency_random,7
11.055,-0.34313071700113129,0,0,low_frequency_random,7
11.06,-0.1873561136739729,0,0,low_frequency_random,7
11.065,-0.33853088564417089,0,0,low_frequency_random,7
11.07,-0.30643558871547233,0,0,low_frequency_random,7
11.075000000000001,-0.27845144335785604,0,0,low_frequency_random,7
11.08,-0.32331627475273028,0,0,low_frequency_random,7
11.085000000000001,-0.30977333724857742,0,0,low_frequency_random,7
11.09,-0.23819509466072986,0,0,low_frequency_random,7
11.095000000000001,-0.2248187643175375,0,0,low_frequency_random,7
11.1,-0.19039474168887346,0,0,low_frequency_random,7
11.105,-0.13415048339727004,0,0,low_frequency_random,7
11.109999999999999,-0.29564031852660788,0,0,low_frequency_random,7
11.115,-0.17619061680592543,0,0,low_frequency_random,7
11.120000000000001,0.0064977422469859603,0,0,low_frequency_random,7
11.125,0.084733187961170714,0,0,low_frequency_random,7
11.130000000000001,0.16520143884236405,0,0,low_frequency_random,7
11.135,0.051998798548483993,0,0,low_frequency_random,7
11.140000000000001,0.042288820380175306,0,0,low_frequency_random,7
11.145,-0.022723530084732879,0,0,low_frequency_random,7
11.15,-0.069468542278439585,0,0,low_frequency_random,7
11.154999999999999,0.0080478811854682586,0,0,low_frequency_random,7
11.16,-0.056143859107871306,0,0,low_frequency_random,7
11.165000000000001,-0.06624597772709459,0,0,low_frequency_random,7
11.17,-0.21822111015145085,0,0,low_frequency_random,7
11.175000000000001,-0.22977566749046172,0,0,low_frequency_random,7
11.18,-0.22144628167817934,0,0,low_frequency_random,7
11.185,-0.27658436557265254,0,0,low_frequency_random,7
11.19,-0.33265216139291032,0,0,low_frequency_random,7
11.195,-0.18045572068306143,0,0,low_frequency_random,7
11.200000000000001,-0.2760937913414267,0,0,low_frequency_random,7
11.205,-0.35855644493697614,0,0,low_frequency_random,7
11.210000000000001,-0.42132750971894295,0,0,low_frequency_random,7
11.215,-0.32355987323337021,0,0,low_frequency_random,7
11.220000000000001,-0.15424215028557101,0,0,low_frequency_random,7
11.225,-0.12696509318310109,0,0,low_frequency_random,7
11.23,-0.18357412824577407,0,0,low_frequency_random,7
11.234999999999999,-0.21679176883522402,0,0,low_frequency_random,7
11.24,-0.13073804943507725,0,0,low_frequency_random,7
11.245000000000001,-0.20278958647327885,0,0,low_frequency_random,7
11.25,-0.085832423851566822,0,0,low_frequency_random,7
11.255000000000001,0.027639195605295666,0,0,low_frequency_random,7
11.26,0.033103973359821688,0,0,low_frequency_random,7
11.265000000000001,0.084500306972199207,0,0,low_frequency_random,7
11.27,0.14390889849596847,0,0,low_frequency_random,7
11.275,0.26721776375712691,0,0,low_frequency_random,7
11.279999999999999,0.18197872260798595,0,0,low_frequency_random,7
11.285,0.27533172248482929,0,0,low_frequency_random,7
11.290000000000001,0.24401514914851677,0,0,low_frequency_random,7
11.295,0.18153047260442501,0,0,low_frequency_random,7
11.300000000000001,0.18881838837378048,0,0,low_frequency_random,7
11.305,0.170771889487041,0,0,low_frequency_random,7
11.31,0.091117810621388309,0,0,low_frequency_random,7
11.315,-0.036804274077287077,0,0,low_frequency_random,7
11.32,-0.11180027679847521,0,0,low_frequency_random,7
11.325000000000001,0.0046560402583245564,0,0,low_frequency_random,7
11.33,0.16124668104776957,0,0,low_frequency_random,7
11.335000000000001,0.21232202273963247,0,0,low_frequency_random,7
11.34,0.305900407728532,0,0,low_frequency_random,7
11.345000000000001,0.26313123740150207,0,0,low_frequency_random,7
11.35,0.25566212911001707,0,0,low_frequency_random,7
11.355,0.27695175219948542,0,0,low_frequency_random,7
11.359999999999999,0.18928309083501887,0,0,low_frequency_random,7
11.365,0.10934108110685098,0,0,low_frequency_random,7
11.370000000000001,0.11655052969468534,0,0,low_frequency_random,7
11.375,0.090408844875491751,0,0,low_frequency_random,7
11.380000000000001,0.0050856553886162725,0,0,low_frequency_random,7
11.385,0.035905715306264033,0,0,low_frequency_random,7
11.390000000000001,0.01471683709072228,0,0,low_frequency_random,7
11.395,0.096147906764606272,0,0,low_frequency_random,7
11.4,0.095254912998418234,0,0,low_frequency_random,7
11.404999999999999,0.070815246759890205,0,0,low_frequency_random,7
11.41,0.080650427498189015,0,0,low_frequency_random,7
11.415000000000001,0.066523830631410222,0,0,low_frequency_random,7
11.42,0.012881689100730599,0,0,low_frequency_random,7
11.425000000000001,-0.019258821465194829,0,0,low_frequency_random,7
11.43,0.04064118364824762,0,0,low_frequency_random,7
11.435,0.092030787878061182,0,0,low_frequency_random,7
11.44,0.1942132967211026,0,0,low_frequency_random,7
11.445,0.058143032831747432,0,0,low_frequency_random,7
11.450000000000001,0.026484243525247794,0,0,low_frequency_random,7
11.455,-0.0067311322062297493,0,0,low_frequency_random,7
11.460000000000001,0.0070099574025073936,0,0,low_frequency_random,7
11.465,-0.029107342202874663,0,0,low_frequency_random,7
11.470000000000001,-0.069914386245288437,0,0,low_frequency_random,7
11.475,-0.007083962146578221,0,0,low_frequency_random,7
11.48,0.0071628270777952304,0,0,low_frequency_random,7
11.484999999999999,-0.085949231921999394,0,0,low_frequency_random,7
11.49,0.020973601299910785,0,0,low_frequency_random,7
11.495000000000001,0.10041022333271743,0,0,low_frequency_random,7
11.5,0.054107206645592959,0,0,low_frequency_random,7
11.505000000000001,0.12017386882494452,0,0,low_frequency_random,7
11.51,0.060908166746387611,0,0,low_frequency_random,7
11.515000000000001,0.15043558749062633,0,0,low_frequency_random,7
11.52,0.13230226328179973,0,0,low_frequency_random,7
11.525,0.067575245819659402,0,0,low_frequency_random,7
11.529999999999999,0.037464326861668937,0,0,low_frequency_random,7
11.535,-0.02383610943054966,0,0,low_frequency_random,7
11.540000000000001,-0.0083844013203496943,0,0,low_frequency_random,7
11.545,0.0056308865591678664,0,0,low_frequency_random,7
11.550000000000001,0.0084598939200391816,0,0,low_frequency_random,7
11.555,-0.036000444116315117,0,0,low_frequency_random,7
11.56,-0.32797674277180017,0,0,low_frequency_random,7
11.565,-0.31893263121660759,0,0,low_frequency_random,7
11.57,-0.4686622403554585,0,0,low_frequency_random,7
11.575000000000001,-0.44683844563217889,0,0,low_frequency_random,7
11.58,-0.35437201869915719,0,0,low_frequency_random,7
11.585000000000001,-0.33074839297527781,0,0,low_frequency_random,7
11.59,-0.36017598078252616,0,0,low_frequency_random,7
11.595000000000001,-0.37273390320857402,0,0,low_frequency_random,7
11.6,-0.38149333809811814,0,0,low_frequency_random,7
11.605,-0.42342034239735354,0,0,low_frequency_random,7
11.609999999999999,-0.46789516909656725,0,0,low_frequency_random,7
11.615,-0.53928881456012145,0,0,low_frequency_random,7
11.620000000000001,-0.44178325876676644,0,0,low_frequency_random,7
11.625,-0.440821013242575,0,0,low_frequency_random,7
11.630000000000001,-0.36231155404096266,0,0,low_frequency_random,7
11.635,-0.3804586948533597,0,0,low_frequency_random,7
11.640000000000001,-0.37280213271647256,0,0,low_frequency_random,7
11.645,-0.38453938039831809,0,0,low_frequency_random,7
11.65,-0.34568697248677521,0,0,low_frequency_random,7
11.654999999999999,-0.27799698250816862,0,0,low_frequency_random,7
11.66,-0.25748193826678589,0,0,low_frequency_random,7
11.665000000000001,-0.30996855206933716,0,0,low_frequency_random,7
11.67,-0.37066321735068658,0,0,low_frequency_random,7
11.675000000000001,-0.23641202763194802,0,0,low_frequency_random,7
11.68,-0.25758004074125634,0,0,low_frequency_random,7
11.685,-0.27952542762982729,0,0,low_frequency_random,7
11.69,-0.16122308808801333,0,0,low_frequency_random,7
11.695,-0.073607211847515036,0,0,low_frequency_random,7
11.700000000000001,-0.030639604800847854,0,0,low_frequency_random,7
11.705,-0.062358798826324981,0,0,low_frequency_random,7
11.710000000000001,0.12573836385213641,0,0,low_frequency_random,7
11.715,0.15647071289115971,0,0,low_frequency_random,7
11.720000000000001,0.1993399807193284,0,0,low_frequency_random,7
11.725,0.18469142792345111,0,0,low_frequency_random,7
11.73,0.070907953214350616,0,0,low_frequency_random,7
11.734999999999999,-0.035960269784154661,0,0,low_frequency_random,7
11.74,-0.0033038881696286423,0,0,low_frequency_random,7
11.745000000000001,0.027980741582686097,0,0,low_frequency_random,7
11.75,0.0086892209494377204,0,0,low_frequency_random,7
11.755000000000001,-0.084854970855441372,0,0,low_frequency_random,7
11.76,-0.19947665214572666,0,0,low_frequency_random,7
11.765000000000001,-0.22464437760543665,0,0,low_frequency_random,7
11.77,-0.33972357388097718,0,0,low_frequency_random,7
11.775,-0.26629537769201983,0,0,low_frequency_random,7
11.779999999999999,-0.17298409480987736,0,0,low_frequency_random,7
11.785,0.053636770175194082,0,0,low_frequency_random,7
11.790000000000001,0.12345935373354813,0,0,low_frequency_random,7
11.795,0.07553395251924179,0,0,low_frequency_random,7
11.800000000000001,0.0055979968346157316,0,0,low_frequency_random,7
11.805,-0.26987926085246383,0,0,low_frequency_random,7
11.81,-0.31600563317502667,0,0,low_frequency_random,7
11.815,-0.32855213753933155,0,0,low_frequency_random,7
11.82,-0.24968205515686415,0,0,low_frequency_random,7
11.825000000000001,-0.19963081403566593,0,0,low_frequency_random,7
11.83,-0.15168459713616611,0,0,low_frequency_random,7
11.835000000000001,-0.13388049543706868,0,0,low_frequency_random,7
11.84,-0.080471868285304449,0,0,low_frequency_random,7
11.845000000000001,0.035448569211905923,0,0,low_frequency_random,7
11.85,-0.049705850028423225,0,0,low_frequency_random,7
11.855,-0.085950702024876258,0,0,low_frequency_random,7
11.859999999999999,-0.19632741767024592,0,0,low_frequency_random,7
11.865,-0.06617846442822678,0,0,low_frequency_random,7
11.870000000000001,0.037642297626182972,0,0,low_frequency_random,7
11.875,0.097487145111376017,0,0,low_frequency_random,7
11.880000000000001,0.0013560240205420793,0,0,low_frequency_random,7
11.885,0.015150328093835269,0,0,low_frequency_random,7
11.890000000000001,-0.0036495530112528839,0,0,low_frequency_random,7
11.895,0.0028186813151083278,0,0,low_frequency_random,7
11.9,-0.012207281924747203,0,0,low_frequency_random,7
11.904999999999999,0.029346053887370382,0,0,low_frequency_random,7
11.91,-0.0023086959813362444,0,0,low_frequency_random,7
11.915000000000001,0.06589790061146307,0,0,low_frequency_random,7
11.92,0.08483264358009443,0,0,low_frequency_random,7
11.925000000000001,0.061021938529691518,0,0,low_frequency_random,7
11.93,0.051791645125274913,0,0,low_frequency_random,7
11.935,0.016374274522590201,0,0,low_frequency_random,7
11.94,0.081240893069590092,0,0,low_frequency_random,7
11.945,0.059172723583743557,0,0,low_frequency_random,7
11.950000000000001,0.082409974770409192,0,0,low_frequency_random,7
11.955,0.05068490388930464,0,0,low_frequency_random,7
11.960000000000001,-0.068079635646794145,0,0,low_frequency_random,7
11.965,0.0045674214793424844,0,0,low_frequency_random,7
11.970000000000001,-0.079894294578408201,0,0,low_frequency_random,7
11.975,-0.025298492282700057,0,0,low_frequency_random,7
11.98,0.0083560507913640961,0,0,low_frequency_random,7
11.984999999999999,-0.12383778275881499,0,0,low_frequency_random,7
11.99,-0.19860612118860882,0,0,low_frequency_random,7
11.995000000000001,-0.23864101400689897,0,0,low_frequency_random,7
12,-0.30294442820834805,0,0,low_frequency_random,7
