time,wind_x,wind_y,wind_z,profile,seed
0,0,0,0,low_frequency_random,11
0.0050000000000000001,0.0027285970524433935,0,0,low_frequency_random,11
0.01,0.11122340754716879,0,0,low_frequency_random,11
0.014999999999999999,0.20840193009476154,0,0,low_frequency_random,11
0.02,0.16663980409511658,0,0,low_frequency_random,11
0.025000000000000001,0.14203059365063425,0,0,low_frequency_random,11
0.029999999999999999,0.099236735091298822,0,0,low_frequency_random,11
0.035000000000000003,0.1442061901747167,0,0,low_frequency_random,11
0.040000000000000001,0.13901299323965496,0,0,low_frequency_random,11
0.044999999999999998,0.19792144595670508,0,0,low_frequency_random,11
0.050000000000000003,0.049517021103294062,0,0,low_frequency_random,11
0.055,0.1742812979018829,0,0,low_frequency_random,11
0.059999999999999998,0.16571673980198973,0,0,low_frequency_random,11
0.065000000000000002,0.21918470775163501,0,0,low_frequency_random,11
0.070000000000000007,0.2071934691923483,0,0,low_frequency_random,11
0.074999999999999997,0.17590786407997847,0,0,low_frequency_random,11
0.080000000000000002,0.21198690327723563,0,0,low_frequency_random,11
0.085000000000000006,0.27672613671571156,0,0,low_frequency_random,11
0.089999999999999997,0.25918399140857223,0,0,low_frequency_random,11
0.095000000000000001,0.24569890524307558,0,0,low_frequency_random,11
0.10000000000000001,0.29919251126308188,0,0,low_frequency_random,11
0.105,0.22824673706181198,0,0,low_frequency_random,11
0.11,0.10625991806607431,0,0,low_frequency_random,11
0.115,0.13724966149033141,0,0,low_frequency_random,11
0.12,0.083053694233776093,0,0,low_frequency_random,11
0.125,-0.070604515828773196,0,0,low_frequency_random,11
0.13,-0.13521419540062699,0,0,low_frequency_random,11
0.13500000000000001,-0.17185429152765086,0,0,low_frequency_random,11
0.14000000000000001,-0.26621521879468901,0,0,low_frequency_random,11
0.14499999999999999,-0.38398670372814003,0,0,low_frequency_random,11
0.14999999999999999,-0.37914784822047948,0,0,low_frequency_random,11
0.155,-0.30565597645786508,0,0,low_frequency_random,11
0.16,-0.32273554772946289,0,0,low_frequency_random,11
0.16500000000000001,-0.38046516999214774,0,0,low_frequency_random,11
0.17000000000000001,-0.34784492592853961,0,0,low_frequency_random,11
0.17500000000000002,-0.2888743263081674,0,0,low_frequency_random,11
0.17999999999999999,-0.31137453017150096,0,0,low_frequency_random,11
0.185,-0.26635682554643891,0,0,low_frequency_random,11
0.19,-0.18180646842516951,0,0,low_frequency_random,11
0.19500000000000001,-0.19741491459306068,0,0,low_frequency_random,11
0.20000000000000001,-0.2613491823059016,0,0,low_frequency_random,11
0.20500000000000002,-0.23230303542226521,0,0,low_frequency_random,11
0.20999999999999999,-0.21139016608114616,0,0,low_frequency_random,11
0.215,-0.12265013715723613,0,0,low_frequency_random,11
0.22,-0.22454849763481866,0,0,low_frequency_random,11
0.22500000000000001,-0.27622554443198521,0,0,low_frequency_random,11
0.23000000000000001,-0.34173393595968227,0,0,low_frequency_random,11
0.23500000000000001,-0.4784046369965127,0,0,low_frequency_random,11
0.23999999999999999,-0.46592905380832533,0,0,low_frequency_random,11
0.245,-0.42148622721167389,0,0,low_frequency_random,11
0.25,-0.47833980776316926,0,0,low_frequency_random,11
0.255,-0.36537886498632122,0,0,low_frequency_random,11
0.26000000000000001,-0.29796662627381115,0,0,low_frequency_random,11
0.26500000000000001,-0.24641560749912297,0,0,low_frequency_random,11
0.27000000000000002,-0.21313021150532088,0,0,low_frequency_random,11
0.27500000000000002,-0.13580439129875599,0,0,low_frequency_random,11
0.28000000000000003,-0.24141960942699264,0,0,low_frequency_random,11
0.28500000000000003,-0.19122368195260309,0,0,low_frequency_random,11
0.28999999999999998,-0.14216810776335209,0,0,low_frequency_random,11
0.29499999999999998,-0.28252371926954867,0,0,low_frequency_random,11
0.29999999999999999,-0.25342147981797175,0,0,low_frequency_random,11
0.30499999999999999,-0.27214126256769983,0,0,low_frequency_random,11
0.31,-0.20841811606584976,0,0,low_frequency_random,11
0.315,-0.24241597161730039,0,0,low_frequency_random,11
0.32000000000000001,-0.2426625449442005,0,0,low_frequency_random,11
0.32500000000000001,-0.21409256672943419,0,0,low_frequency_random,11
0.33000000000000002,-0.28295082292194051,0,0,low_frequency_random,11
0.33500000000000002,-0.23377133823881782,0,0,low_frequency_random,11
0.34000000000000002,-0.24098150493851772,0,0,low_frequency_random,11
0.34500000000000003,-0.20047928640522567,0,0,low_frequency_random,11
0.35000000000000003,-0.24112224190502238,0,0,low_frequency_random,11
0.35499999999999998,-0.15324030464702368,0,0,low_frequency_random,11
0.35999999999999999,-0.10418064577075056,0,0,low_frequency_random,11
0.36499999999999999,-0.11786751367080216,0,0,low_frequency_random,11
0.37,-0.066849202936850372,0,0,low_frequency_random,11
0.375,0.034013194841667871,0,0,low_frequency_random,11
0.38,0.17678010450668402,0,0,low_frequency_random,11
0.38500000000000001,0.05032636102159399,0,0,low_frequency_random,11
0.39000000000000001,0.12054964323655498,0,0,low_frequency_random,11
0.39500000000000002,0.15706105985016172,0,0,low_frequency_random,11
0.40000000000000002,0.1487875852372097,0,0,low_frequency_random,11
0.40500000000000003,0.067713223433551406,0,0,low_frequency_random,11
0.41000000000000003,0.16769967672161007,0,0,low_frequency_random,11
0.41500000000000004,0.066176054281261928,0,0,low_frequency_random,11
0.41999999999999998,0.11108848387254572,0,0,low_frequency_random,11
0.42499999999999999,0.21442403547697531,0,0,low_frequency_random,11
0.42999999999999999,0.085700316421764372,0,0,low_frequency_random,11
0.435,0.061131834779619018,0,0,low_frequency_random,11
0.44,-0.043649108245778084,0,0,low_frequency_random,11
0.44500000000000001,-0.023955788052071502,0,0,low_frequency_random,11
0.45000000000000001,0.097011457411321958,0,0,low_frequency_random,11
0.45500000000000002,0.2580082237618852,0,0,low_frequency_random,11
0.46000000000000002,0.11482713006439491,0,0,low_frequency_random,11
0.46500000000000002,0.068373257504277155,0,0,low_frequency_random,11
0.47000000000000003,0.12417543561217233,0,0,low_frequency_random,11
0.47500000000000003,0.24959070276625023,0,0,low_frequency_random,11
0.47999999999999998,0.28195864859776565,0,0,low_frequency_random,11
0.48499999999999999,0.22100913413251078,0,0,low_frequency_random,11
0.48999999999999999,0.24361806456577723,0,0,low_frequency_random,11
0.495,0.241076795247155,0,0,low_frequency_random,11
0.5,0.22361582530335317,0,0,low_frequency_random,11
0.505,0.16388943748663998,0,0,low_frequency_random,11
0.51000000000000001,0.19397552514778718,0,0,low_frequency_random,11
0.51500000000000001,0.21757699045495771,0,0,low_frequency_random,11
0.52000000000000002,0.20907164862194219,0,0,low_frequency_random,11
0.52500000000000002,0.19033810960453479,0,0,low_frequency_random,11
0.53000000000000003,0.086851917413679106,0,0,low_frequency_random,11
0.53500000000000003,0.047621721160868706,0,0,low_frequency_random,11
0.54000000000000004,0.14365939254331905,0,0,low_frequency_random,11
0.54500000000000004,0.12773626015562828,0,0,low_frequency_random,11
0.55000000000000004,0.012210728041513394,0,0,low_frequency_random,11
0.55500000000000005,0.11863891796077242,0,0,low_frequency_random,11
0.56000000000000005,0.16036260409868999,0,0,low_frequency_random,11
0.56500000000000006,0.32778901421181617,0,0,low_frequency_random,11
0.57000000000000006,0.33114265680819377,0,0,low_frequency_random,11
0.57500000000000007,0.29267239455332217,0,0,low_frequency_random,11
0.57999999999999996,0.17569003565196656,0,0,low_frequency_random,11
0.58499999999999996,0.28045663064744025,0,0,low_frequency_random,11
0.58999999999999997,0.48410593512879119,0,0,low_frequency_random,11
0.59499999999999997,0.41618049717022332,0,0,low_frequency_random,11
0.59999999999999998,0.36246692537523245,0,0,low_frequency_random,11
0.60499999999999998,0.40823522821680169,0,0,low_frequency_random,11
0.60999999999999999,0.33993723531693443,0,0,low_frequency_random,11
0.61499999999999999,0.31665112103289322,0,0,low_frequency_random,11
0.62,0.28715462301530487,0,0,low_frequency_random,11
0.625,0.30104083242703161,0,0,low_frequency_random,11
0.63,0.38690635228566361,0,0,low_frequency_random,11
0.63500000000000001,0.3867376516433782,0,0,low_frequency_random,11
0.64000000000000001,0.45813819750760598,0,0,low_frequency_random,11
0.64500000000000002,0.42234591512250669,0,0,low_frequency_random,11
0.65000000000000002,0.4463979156117488,0,0,low_frequency_random,11
0.65500000000000003,0.27354020508373689,0,0,low_frequency_random,11
0.66000000000000003,0.15646945865028555,0,0,low_frequency_random,11
0.66500000000000004,0.21920328543525103,0,0,low_frequency_random,11
0.67000000000000004,0.17101583691749905,0,0,low_frequency_random,11
0.67500000000000004,0.21644034403477874,0,0,low_frequency_random,11
0.68000000000000005,0.25864014048775008,0,0,low_frequency_random,11
0.68500000000000005,0.36286857041676335,0,0,low_frequency_random,11
0.69000000000000006,0.42584544660140133,0,0,low_frequency_random,11
0.69500000000000006,0.50487786643054389,0,0,low_frequency_random,11
0.70000000000000007,0.4934483589195604,0,0,low_frequency_random,11
0.70499999999999996,0.43526382735618768,0,0,low_frequency_random,11
0.70999999999999996,0.37471424513863372,0,0,low_frequency_random,11
0.71499999999999997,0.33389924056221693,0,0,low_frequency_random,11
0.71999999999999997,0.24207307779735793,0,0,low_frequency_random,11
0.72499999999999998,0.19717950767203229,0,0,low_frequency_random,11
0.72999999999999998,0.18880902195171928,0,0,low_frequency_random,11
0.73499999999999999,0.20794607188440012,0,0,low_frequency_random,11
0.73999999999999999,0.17986531048358656,0,0,low_frequency_random,11
0.745,0.025457535436499618,0,0,low_frequency_random,11
0.75,0.019562355606703361,0,0,low_frequency_random,11
0.755,0.037447475509237937,0,0,low_frequency_random,11
0.76000000000000001,0.12380230908630954,0,0,low_frequency_random,11
0.76500000000000001,0.16929862177974464,0,0,low_frequency_random,11
0.77000000000000002,0.117097830878055,0,0,low_frequency_random,11
0.77500000000000002,0.058756132390404316,0,0,low_frequency_random,11
0.78000000000000003,0.21890960373685381,0,0,low_frequency_random,11
0.78500000000000003,0.27819781105730368,0,0,low_frequency_random,11
0.79000000000000004,0.42295995349711557,0,0,low_frequency_random,11
0.79500000000000004,0.59078099145882534,0,0,low_frequency_random,11
0.80000000000000004,0.52255104201879377,0,0,low_frequency_random,11
0.80500000000000005,0.55068945843392725,0,0,low_frequency_random,11
0.81000000000000005,0.58450480090449197,0,0,low_frequency_random,11
0.81500000000000006,0.62624685935052804,0,0,low_frequency_random,11
0.82000000000000006,0.66636746314078499,0,0,low_frequency_random,11
0.82500000000000007,0.6791679856418813,0,0,low_frequency_random,11
0.83000000000000007,0.68967620731809975,0,0,low_frequency_random,11
0.83499999999999996,0.5663363124808436,0,0,low_frequency_random,11
0.83999999999999997,0.55031261510640561,0,0,low_frequency_random,11
0.84499999999999997,0.4879075563053753,0,0,low_frequency_random,11
0.84999999999999998,0.49553592666130686,0,0,low_frequency_random,11
0.85499999999999998,0.45575404484419124,0,0,low_frequency_random,11
0.85999999999999999,0.50283917533614231,0,0,low_frequency_random,11
0.86499999999999999,0.56569383688906272,0,0,low_frequency_random,11
0.87,0.58750620626378536,0,0,low_frequency_random,11
0.875,0.60980635629136248,0,0,low_frequency_random,11
0.88,0.6141821185296894,0,0,low_frequency_random,11
0.88500000000000001,0.57538441427276776,0,0,low_frequency_random,11
0.89000000000000001,0.55938740320910807,0,0,low_frequency_random,11
0.89500000000000002,0.51704468483458732,0,0,low_frequency_random,11
0.90000000000000002,0.54542744843457569,0,0,low_frequency_random,11
0.90500000000000003,0.54383337382339247,0,0,low_frequency_random,11
0.91000000000000003,0.58750827304647801,0,0,low_frequency_random,11
0.91500000000000004,0.47855137527069103,0,0,low_frequency_random,11
0.92000000000000004,0.54700971816949984,0,0,low_frequency_random,11
0.92500000000000004,0.48341801880369895,0,0,low_frequency_random,11
0.93000000000000005,0.42241093741942837,0,0,low_frequency_random,11
0.93500000000000005,0.40454812174319998,0,0,low_frequency_random,11
0.94000000000000006,0.3575721050753215,0,0,low_frequency_random,11
0.94500000000000006,0.3790206184823165,0,0,low_frequency_random,11
0.95000000000000007,0.33131165722245942,0,0,low_frequency_random,11
0.95500000000000007,0.24431447995899011,0,0,low_frequency_random,11
0.95999999999999996,0.17560054040823098,0,0,low_frequency_random,11
0.96499999999999997,0.27942154425614413,0,0,low_frequency_random,11
0.96999999999999997,0.28155975652874737,0,0,low_frequency_random,11
0.97499999999999998,0.18698606890393171,0,0,low_frequency_random,11
0.97999999999999998,0.18672199225350752,0,0,low_frequency_random,11
0.98499999999999999,0.061625541198862321,0,0,low_frequency_random,11
0.98999999999999999,0.20412633839154015,0,0,low_frequency_random,11
0.995,0.081454262592791912,0,0,low_frequency_random,11
1,0.11925267277538311,0,0,low_frequency_random,11
1.0050000000000001,0.16203945177216275,0,0,low_frequency_random,11
1.01,0.045520054613732694,0,0,low_frequency_random,11
1.0150000000000001,0.06925521349172474,0,0,low_frequency_random,11
1.02,0.14848454534444772,0,0,low_frequency_random,11
1.0249999999999999,0.18505667791989469,0,0,low_frequency_random,11
1.03,0.2049629111539121,0,0,low_frequency_random,11
1.0349999999999999,0.279678964414807,0,0,low_frequency_random,11
1.04,0.29112430970484127,0,0,low_frequency_random,11
1.0449999999999999,0.31651919910838944,0,0,low_frequency_random,11
1.05,0.3048289188901333,0,0,low_frequency_random,11
1.0549999999999999,0.35372693810847161,0,0,low_frequency_random,11
1.0600000000000001,0.27683987103933061,0,0,low_frequency_random,11
1.0649999999999999,0.33864216388743795,0,0,low_frequency_random,11
1.0700000000000001,0.29662990642565246,0,0,low_frequency_random,11
1.075,0.20811586566703216,0,0,low_frequency_random,11
1.0800000000000001,0.23622490208632255,0,0,low_frequency_random,11
1.085,0.37014528282475606,0,0,low_frequency_random,11
1.0900000000000001,0.44504149690874256,0,0,low_frequency_random,11
1.095,0.40167277240793064,0,0,low_frequency_random,11
1.1000000000000001,0.45537487334569043,0,0,low_frequency_random,11
1.105,0.41685760496575358,0,0,low_frequency_random,11
1.1100000000000001,0.40488171479027424,0,0,low_frequency_random,11
1.115,0.41000676981962286,0,0,low_frequency_random,11
1.1200000000000001,0.22304687475442031,0,0,low_frequency_random,11
1.125,0.23722536188519955,0,0,low_frequency_random,11
1.1300000000000001,0.1538789538280686,0,0,low_frequency_random,11
1.135,0.097458779842955201,0,0,low_frequency_random,11
1.1400000000000001,-0.020684266033734369,0,0,low_frequency_random,11
1.145,-0.14160307958702154,0,0,low_frequency_random,11
1.1500000000000001,-0.21616972289671152,0,0,low_frequency_random,11
1.155,-0.149208564257585,0,0,low_frequency_random,11
1.1599999999999999,-0.015513590767366858,0,0,low_frequency_random,11
1.165,-0.017447594157866602,0,0,low_frequency_random,11
1.1699999999999999,0.069764796810653174,0,0,low_frequency_random,11
1.175,0.048351077986893823,0,0,low_frequency_random,11
1.1799999999999999,-0.10446630090075461,0,0,low_frequency_random,11
1.1850000000000001,-0.091981864721176976,0,0,low_frequency_random,11
1.1899999999999999,-0.055960186449655613,0,0,low_frequency_random,11
1.1950000000000001,-0.089884863247651048,0,0,low_frequency_random,11
1.2,-0.065318940993668112,0,0,low_frequency_random,11
1.2050000000000001,-0.019302934649478749,0,0,low_frequency_random,11
1.21,-0.088106943972555987,0,0,low_frequency_random,11
1.2150000000000001,-0.20551948416738597,0,0,low_frequency_random,11
1.22,-0.22215062590918777,0,0,low_frequency_random,11
1.2250000000000001,-0.23788536396380711,0,0,low_frequency_random,11
1.23,-0.26484157694977628,0,0,low_frequency_random,11
1.2350000000000001,-0.18473797246408677,0,0,low_frequency_random,11
1.24,-0.046113884669629401,0,0,low_frequency_random,11
1.2450000000000001,-0.079132496088246518,0,0,low_frequency_random,11
1.25,-0.022966371438616302,0,0,low_frequency_random,11
1.2550000000000001,0.052234868095564796,0,0,low_frequency_random,11
1.26,0.10888452465713075,0,0,low_frequency_random,11
1.2650000000000001,0.19193130233641692,0,0,low_frequency_random,11
1.27,0.15991221022185348,0,0,low_frequency_random,11
1.2750000000000001,0.21815150002596784,0,0,low_frequency_random,11
1.28,0.37861796563225347,0,0,low_frequency_random,11
1.2849999999999999,0.44086244664807633,0,0,low_frequency_random,11
1.29,0.38919586334066086,0,0,low_frequency_random,11
1.2949999999999999,0.43575045072423912,0,0,low_frequency_random,11
1.3,0.53431560876621764,0,0,low_frequency_random,11
1.3049999999999999,0.56109595771763621,0,0,low_frequency_random,11
1.3100000000000001,0.51333787000286712,0,0,low_frequency_random,11
1.3149999999999999,0.63391605920704008,0,0,low_frequency_random,11
1.3200000000000001,0.53102245939990955,0,0,low_frequency_random,11
1.325,0.56854750200378268,0,0,low_frequency_random,11
1.3300000000000001,0.56442104193538944,0,0,low_frequency_random,11
1.335,0.46635095875998878,0,0,low_frequency_random,11
1.3400000000000001,0.56133761574229413,0,0,low_frequency_random,11
1.345,0.58629950741718928,0,0,low_frequency_random,11
1.3500000000000001,0.49026434645466277,0,0,low_frequency_random,11
1.355,0.53583731602374973,0,0,low_frequency_random,11
1.3600000000000001,0.49872292246956162,0,0,low_frequency_random,11
1.365,0.34439221740311865,0,0,low_frequency_random,11
1.3700000000000001,0.28769963843231772,0,0,low_frequency_random,11
1.375,0.30729624565857172,0,0,low_frequency_random,11
1.3800000000000001,0.3564929540434974,0,0,low_frequency_random,11
1.385,0.36792708632879195,0,0,low_frequency_random,11
1.3900000000000001,0.36969622901989452,0,0,low_frequency_random,11
1.395,0.40535775949105102,0,0,low_frequency_random,11
1.4000000000000001,0.38650004851936404,0,0,low_frequency_random,11
1.405,0.47849383854290067,0,0,low_frequency_random,11
1.4099999999999999,0.48796900593564746,0,0,low_frequency_random,11
1.415,0.50899031253643445,0,0,low_frequency_random,11
1.4199999999999999,0.54960769728257064,0,0,low_frequency_random,11
1.425,0.46250400417320409,0,0,low_frequency_random,11
1.4299999999999999,0.40360065602779427,0,0,low_frequency_random,11
1.4350000000000001,0.52356893861203513,0,0,low_frequency_random,11
1.4399999999999999,0.54771540063006452,0,0,low_frequency_random,11
1.4450000000000001,0.52243077801918458,0,0,low_frequency_random,11
1.45,0.54707567131419843,0,0,low_frequency_random,11
1.4550000000000001,0.50591346528718262,0,0,low_frequency_random,11
1.46,0.52561991708059153,0,0,low_frequency_random,11
1.4650000000000001,0.46986158958864521,0,0,low_frequency_random,11
1.47,0.48954456159319537,0,0,low_frequency_random,11
1.4750000000000001,0.36120162784000309,0,0,low_frequency_random,11
1.48,0.46560808045903629,0,0,low_frequency_random,11
1.4850000000000001,0.42235159881627232,0,0,low_frequency_random,11
1.49,0.29406140604565023,0,0,low_frequency_random,11
1.4950000000000001,0.2747321083086966,0,0,low_frequency_random,11
1.5,0.24375622551342621,0,0,low_frequency_random,11
1.5050000000000001,0.25470194347527725,0,0,low_frequency_random,11
1.51,0.16204013717369337,0,0,low_frequency_random,11
1.5150000000000001,0.1929498788437044,0,0,low_frequency_random,11
1.52,0.48114974639759117,0,0,low_frequency_random,11
1.5250000000000001,0.37671178593075749,0,0,low_frequency_random,11
1.53,0.40178277150485131,0,0,low_frequency_random,11
1.5350000000000001,0.37498337777844259,0,0,low_frequency_random,11
1.54,0.38848336243877246,0,0,low_frequency_random,11
1.5449999999999999,0.24196267857660592,0,0,low_frequency_random,11
1.55,0.14890485665328629,0,0,low_frequency_random,11
1.5549999999999999,0.18484321272942483,0,0,low_frequency_random,11
1.5600000000000001,0.18085552942858349,0,0,low_frequency_random,11
1.5649999999999999,0.31044619585193844,0,0,low_frequency_random,11
1.5700000000000001,0.2526547138617547,0,0,low_frequency_random,11
1.575,0.26531972808557625,0,0,low_frequency_random,11
1.5800000000000001,0.49646474431557597,0,0,low_frequency_random,11
1.585,0.43289649494107107,0,0,low_frequency_random,11
1.5900000000000001,0.35861112585274407,0,0,low_frequency_random,11
1.595,0.3540191500105867,0,0,low_frequency_random,11
1.6000000000000001,0.3486973518226727,0,0,low_frequency_random,11
1.605,0.41432311668811916,0,0,low_frequency_random,11
1.6100000000000001,0.42259688008098256,0,0,low_frequency_random,11
1.615,0.36010105739542697,0,0,low_frequency_random,11
1.6200000000000001,0.37517657368945451,0,0,low_frequency_random,11
1.625,0.5838664913455387,0,0,low_frequency_random,11
1.6300000000000001,0.68244251337144091,0,0,low_frequency_random,11
1.635,0.45702056404968705,0,0,low_frequency_random,11
1.6400000000000001,0.44340815568724096,0,0,low_frequency_random,11
1.645,0.37136406055821075,0,0,low_frequency_random,11
1.6500000000000001,0.41916868211617753,0,0,low_frequency_random,11
1.655,0.40325157175359805,0,0,low_frequency_random,11
1.6600000000000001,0.55547027092219392,0,0,low_frequency_random,11
1.665,0.62701283679834563,0,0,low_frequency_random,11
1.6699999999999999,0.69494011849192194,0,0,low_frequency_random,11
1.675,0.70636253840268504,0,0,low_frequency_random,11
1.6799999999999999,0.69962377104542084,0,0,low_frequency_random,11
1.6850000000000001,0.72328088278348257,0,0,low_frequency_random,11
1.6899999999999999,0.82303737057753346,0,0,low_frequency_random,11
1.6950000000000001,0.86157698053120368,0,0,low_frequency_random,11
1.7,0.82925932257383439,0,0,low_frequency_random,11
1.7050000000000001,0.92687566068287297,0,0,low_frequency_random,11
1.71,0.93758333641619584,0,0,low_frequency_random,11
1.7150000000000001,0.92671340566103666,0,0,low_frequency_random,11
1.72,0.85893920229637077,0,0,low_frequency_random,11
1.7250000000000001,0.80948880601394024,0,0,low_frequency_random,11
1.73,0.7546946661060453,0,0,low_frequency_random,11
1.7350000000000001,0.52809934766846989,0,0,low_frequency_random,11
1.74,0.60661019102650038,0,0,low_frequency_random,11
1.7450000000000001,0.64878985579582427,0,0,low_frequency_random,11
1.75,0.62845512053681307,0,0,low_frequency_random,11
1.7550000000000001,0.70879062504525903,0,0,low_frequency_random,11
1.76,0.74020712408304445,0,0,low_frequency_random,11
1.7650000000000001,0.7661665650595374,0,0,low_frequency_random,11
1.77,0.56485813251160755,0,0,low_frequency_random,11
1.7750000000000001,0.54344612349310473,0,0,low_frequency_random,11
1.78,0.58320458829396893,0,0,low_frequency_random,11
1.7850000000000001,0.70874952214952591,0,0,low_frequency_random,11
1.79,0.85207091635431509,0,0,low_frequency_random,11
1.7949999999999999,0.96160368014726227,0,0,low_frequency_random,11
1.8,0.86411073892512857,0,0,low_frequency_random,11
1.8049999999999999,0.68442587921699038,0,0,low_frequency_random,11
1.8100000000000001,0.72653600030444554,0,0,low_frequency_random,11
1.8149999999999999,0.72511614203600017,0,0,low_frequency_random,11
1.8200000000000001,0.79831176035011853,0,0,low_frequency_random,11
1.825,0.78428453924581665,0,0,low_frequency_random,11
1.8300000000000001,0.79790944130401764,0,0,low_frequency_random,11
1.835,0.67423010406228256,0,0,low_frequency_random,11
1.8400000000000001,0.70661872426202854,0,0,low_frequency_random,11
1.845,0.66759136703597266,0,0,low_frequency_random,11
1.8500000000000001,0.69219071835562562,0,0,low_frequency_random,11
1.855,0.72539919216220705,0,0,low_frequency_random,11
1.8600000000000001,0.71242687266681426,0,0,low_frequency_random,11
1.865,0.73415449016307199,0,0,low_frequency_random,11
1.8700000000000001,0.72940703266993945,0,0,low_frequency_random,11
1.875,0.78635353596669511,0,0,low_frequency_random,11
1.8800000000000001,0.82247087737645763,0,0,low_frequency_random,11
1.885,0.77470069284777565,0,0,low_frequency_random,11
1.8900000000000001,0.72392204231868518,0,0,low_frequency_random,11
1.895,0.85946254602257743,0,0,low_frequency_random,11
1.9000000000000001,0.84706859589692363,0,0,low_frequency_random,11
1.905,0.92199049573642333,0,0,low_frequency_random,11
1.9100000000000001,0.94878439389655567,0,0,low_frequency_random,11
1.915,0.89903590055406002,0,0,low_frequency_random,11
1.9199999999999999,0.83478351969174336,0,0,low_frequency_random,11
1.925,0.84020609951669745,0,0,low_frequency_random,11
1.9299999999999999,0.85649668366496012,0,0,low_frequency_random,11
1.9350000000000001,0.9012513690480215,0,0,low_frequency_random,11
1.9399999999999999,0.79565454447921913,0,0,low_frequency_random,11
1.9450000000000001,0.74423022753215762,0,0,low_frequency_random,11
1.95,0.73294800128609028,0,0,low_frequency_random,11
1.9550000000000001,0.85703288077834183,0,0,low_frequency_random,11
1.96,0.66441517958269747,0,0,low_frequency_random,11
1.9650000000000001,0.69614268725788608,0,0,low_frequency_random,11
1.97,0.64957477692102517,0,0,low_frequency_random,11
1.9750000000000001,0.6807591006353515,0,0,low_frequency_random,11
1.98,0.6381036790509409,0,0,low_frequency_random,11
1.9850000000000001,0.66401245021596711,0,0,low_frequency_random,11
1.99,0.78555944090667629,0,0,low_frequency_random,11
1.9950000000000001,0.80990647518639169,0,0,low_frequency_random,11
2,0.84045254551187898,0,0,low_frequency_random,11
2.0049999999999999,0.86601498557535195,0,0,low_frequency_random,11
2.0100000000000002,0.80182038671699163,0,0,low_frequency_random,11
2.0150000000000001,0.84115434135143474,0,0,low_frequency_random,11
2.02,0.82033292418485271,0,0,low_frequency_random,11
2.0249999999999999,0.75146641014544524,0,0,low_frequency_random,11
2.0300000000000002,0.7446423152395869,0,0,low_frequency_random,11
2.0350000000000001,0.72279068145554448,0,0,low_frequency_random,11
2.04,0.77931374903883033,0,0,low_frequency_random,11
2.0449999999999999,0.77200831752233612,0,0,low_frequency_random,11
2.0499999999999998,0.72590821351691504,0,0,low_frequency_random,11
2.0550000000000002,0.83847486868622179,0,0,low_frequency_random,11
2.0600000000000001,0.91316671250526338,0,0,low_frequency_random,11
2.0649999999999999,1.0099372119344736,0,0,low_frequency_random,11
2.0699999999999998,1.0533922373799889,0,0,low_frequency_random,11
2.0750000000000002,1.0393843962824763,0,0,low_frequency_random,11
2.0800000000000001,1.0007566169875253,0,0,low_frequency_random,11
2.085,0.97347387471480806,0,0,low_frequency_random,11
2.0899999999999999,1.0442447584517409,0,0,low_frequency_random,11
2.0950000000000002,1.0479664943110645,0,0,low_frequency_random,11
2.1000000000000001,0.92440823976921027,0,0,low_frequency_random,11
2.105,0.91667891092098797,0,0,low_frequency_random,11
2.1099999999999999,0.7991012509649601,0,0,low_frequency_random,11
2.1150000000000002,0.80835187941400632,0,0,low_frequency_random,11
2.1200000000000001,0.70825489994576074,0,0,low_frequency_random,11
2.125,0.60385983501293983,0,0,low_frequency_random,11
2.1299999999999999,0.61031076127813544,0,0,low_frequency_random,11
2.1350000000000002,0.60102528791732346,0,0,low_frequency_random,11
2.1400000000000001,0.46541838678165548,0,0,low_frequency_random,11
2.145,0.52280566688832331,0,0,low_frequency_random,11
2.1499999999999999,0.69281417842741078,0,0,low_frequency_random,11
2.1550000000000002,0.57114435258742413,0,0,low_frequency_random,11
2.1600000000000001,0.71352052293794566,0,0,low_frequency_random,11
2.165,0.655075942280404,0,0,low_frequency_random,11
2.1699999999999999,0.61238010041593505,0,0,low_frequency_random,11
2.1750000000000003,0.59505056726763139,0,0,low_frequency_random,11
2.1800000000000002,0.47674901667634983,0,0,low_frequency_random,11
2.1850000000000001,0.57804211323992305,0,0,low_frequency_random,11
2.1899999999999999,0.61447627270334815,0,0,low_frequency_random,11
2.1949999999999998,0.55144520156617305,0,0,low_frequency_random,11
2.2000000000000002,0.52658398493462377,0,0,low_frequency_random,11
2.2050000000000001,0.40295152233352,0,0,low_frequency_random,11
2.21,0.37319058088246543,0,0,low_frequency_random,11
2.2149999999999999,0.44603948408445054,0,0,low_frequency_random,11
2.2200000000000002,0.3069340154264889,0,0,low_frequency_random,11
2.2250000000000001,0.27059101589331663,0,0,low_frequency_random,11
2.23,0.28095547914754976,0,0,low_frequency_random,11
2.2349999999999999,0.36320414375999782,0,0,low_frequency_random,11
2.2400000000000002,0.46906979502304491,0,0,low_frequency_random,11
2.2450000000000001,0.43024132354792116,0,0,low_frequency_random,11
2.25,0.36901868924479198,0,0,low_frequency_random,11
2.2549999999999999,0.40312028119601323,0,0,low_frequency_random,11
2.2600000000000002,0.37212182688096995,0,0,low_frequency_random,11
2.2650000000000001,0.34552618654855483,0,0,low_frequency_random,11
2.27,0.43000197448548111,0,0,low_frequency_random,11
2.2749999999999999,0.56269911574581921,0,0,low_frequency_random,11
2.2800000000000002,0.58110898498646513,0,0,low_frequency_random,11
2.2850000000000001,0.5628718728395008,0,0,low_frequency_random,11
2.29,0.60565148013613901,0,0,low_frequency_random,11
2.2949999999999999,0.45200623230199088,0,0,low_frequency_random,11
2.3000000000000003,0.44829555896555134,0,0,low_frequency_random,11
2.3050000000000002,0.3614252020252221,0,0,low_frequency_random,11
2.3100000000000001,0.55029992193649691,0,0,low_frequency_random,11
2.3149999999999999,0.60502754347196763,0,0,low_frequency_random,11
2.3199999999999998,0.61329132867606972,0,0,low_frequency_random,11
2.3250000000000002,0.59472214713479443,0,0,low_frequency_random,11
2.3300000000000001,0.39106141968664787,0,0,low_frequency_random,11
2.335,0.44599309031383622,0,0,low_frequency_random,11
2.3399999999999999,0.57379301044435516,0,0,low_frequency_random,11
2.3450000000000002,0.51277107485861129,0,0,low_frequency_random,11
2.3500000000000001,0.56474958274738996,0,0,low_frequency_random,11
2.355,0.61959212695453614,0,0,low_frequency_random,11
2.3599999999999999,0.49296066648482562,0,0,low_frequency_random,11
2.3650000000000002,0.56517448391630576,0,0,low_frequency_random,11
2.3700000000000001,0.67046775790576918,0,0,low_frequency_random,11
2.375,0.68535659451124742,0,0,low_frequency_random,11
2.3799999999999999,0.67689641477181639,0,0,low_frequency_random,11
2.3850000000000002,0.73640019417836577,0,0,low_frequency_random,11
2.3900000000000001,0.60977457463358697,0,0,low_frequency_random,11
2.395,0.61417715015172891,0,0,low_frequency_random,11
2.3999999999999999,0.69525085567263556,0,0,low_frequency_random,11
2.4050000000000002,0.59263642120396831,0,0,low_frequency_random,11
2.4100000000000001,0.66888823016412946,0,0,low_frequency_random,11
2.415,0.63217723541401161,0,0,low_frequency_random,11
2.4199999999999999,0.46297338168806002,0,0,low_frequency_random,11
2.4250000000000003,0.45222556157049143,0,0,low_frequency_random,11
2.4300000000000002,0.37241232337654118,0,0,low_frequency_random,11
2.4350000000000001,0.39603196130485036,0,0,low_frequency_random,11
2.4399999999999999,0.30051939216050871,0,0,low_frequency_random,11
2.4449999999999998,0.38283299991043546,0,0,low_frequency_random,11
2.4500000000000002,0.32196464528783331,0,0,low_frequency_random,11
2.4550000000000001,0.34879631629376745,0,0,low_frequency_random,11
2.46,0.29965684080201843,0,0,low_frequency_random,11
2.4649999999999999,0.27239431782096091,0,0,low_frequency_random,11
2.4700000000000002,0.36613869287869899,0,0,low_frequency_random,11
2.4750000000000001,0.38149187810369811,0,0,low_frequency_random,11
2.48,0.34806545419633622,0,0,low_frequency_random,11
2.4849999999999999,0.24645861025920737,0,0,low_frequency_random,11
2.4900000000000002,0.33779398705855868,0,0,low_frequency_random,11
2.4950000000000001,0.3945878687090949,0,0,low_frequency_random,11
2.5,0.36656217884978765,0,0,low_frequency_random,11
2.5049999999999999,0.38415026315280998,0,0,low_frequency_random,11
2.5100000000000002,0.30007358872752654,0,0,low_frequency_random,11
2.5150000000000001,0.21759192140239314,0,0,low_frequency_random,11
2.52,0.15057655430128075,0,0,low_frequency_random,11
2.5249999999999999,0.1780291896387011,0,0,low_frequency_random,11
2.5300000000000002,0.2007498907845468,0,0,low_frequency_random,11
2.5350000000000001,0.14027316256596611,0,0,low_frequency_random,11
2.54,0.19844826697881543,0,0,low_frequency_random,11
2.5449999999999999,0.26007737314779056,0,0,low_frequency_random,11
2.5500000000000003,0.27257837528555401,0,0,low_frequency_random,11
2.5550000000000002,0.35408272468768853,0,0,low_frequency_random,11
2.5600000000000001,0.32938508661735361,0,0,low_frequency_random,11
2.5649999999999999,0.3187231380271543,0,0,low_frequency_random,11
2.5699999999999998,0.35486781873285084,0,0,low_frequency_random,11
2.5750000000000002,0.35038118199897583,0,0,low_frequency_random,11
2.5800000000000001,0.41198713489535344,0,0,low_frequency_random,11
2.585,0.30996890229584739,0,0,low_frequency_random,11
2.5899999999999999,0.42219957088693799,0,0,low_frequency_random,11
2.5950000000000002,0.35774805209723126,0,0,low_frequency_random,11
2.6000000000000001,0.34282081929417896,0,0,low_frequency_random,11
2.605,0.23118251282154961,0,0,low_frequency_random,11
2.6099999999999999,0.27792747606961621,0,0,low_frequency_random,11
2.6150000000000002,0.37819517655699486,0,0,low_frequency_random,11
2.6200000000000001,0.4617789107493514,0,0,low_frequency_random,11
2.625,0.52597944832941512,0,0,low_frequency_random,11
2.6299999999999999,0.39909543410651083,0,0,low_frequency_random,11
2.6350000000000002,0.33468760117835433,0,0,low_frequency_random,11
2.6400000000000001,0.29610562065676643,0,0,low_frequency_random,11
2.645,0.22003660430104938,0,0,low_frequency_random,11
2.6499999999999999,0.30853071367799273,0,0,low_frequency_random,11
2.6550000000000002,0.32171383524902974,0,0,low_frequency_random,11
2.6600000000000001,0.31815594184075091,0,0,low_frequency_random,11
2.665,0.35547468671822069,0,0,low_frequency_random,11
2.6699999999999999,0.27776215418922084,0,0,low_frequency_random,11
2.6750000000000003,0.20389004363762173,0,0,low_frequency_random,11
2.6800000000000002,0.1325321042724345,0,0,low_frequency_random,11
2.6850000000000001,0.17158145640364436,0,0,low_frequency_random,11
2.6899999999999999,0.19798522349054229,0,0,low_frequency_random,11
2.6949999999999998,0.24312978750801123,0,0,low_frequency_random,11
2.7000000000000002,0.32797259406584611,0,0,low_frequency_random,11
2.7050000000000001,0.21802365068276719,0,0,low_frequency_random,11
2.71,0.17220856797709835,0,0,low_frequency_random,11
2.7149999999999999,0.18312327543425069,0,0,low_frequency_random,11
2.7200000000000002,0.074579683200656527,0,0,low_frequency_random,11
2.7250000000000001,0.031739910850485539,0,0,low_frequency_random,11
2.73,0.11250153571538554,0,0,low_frequency_random,11
2.7349999999999999,0.19993189224890573,0,0,low_frequency_random,11
2.7400000000000002,0.28485638574655237,0,0,low_frequency_random,11
2.7450000000000001,0.28686848784423669,0,0,low_frequency_random,11
2.75,0.2685226276486381,0,0,low_frequency_random,11
2.7549999999999999,0.35332988486000977,0,0,low_frequency_random,11
2.7600000000000002,0.32183033915474829,0,0,low_frequency_random,11
2.7650000000000001,0.34721681577952007,0,0,low_frequency_random,11
2.77,0.45124287420283049,0,0,low_frequency_random,11
2.7749999999999999,0.41965998818429506,0,0,low_frequency_random,11
2.7800000000000002,0.36884459763121386,0,0,low_frequency_random,11
2.7850000000000001,0.36625714601565396,0,0,low_frequency_random,11
2.79,0.41218133829857823,0,0,low_frequency_random,11
2.7949999999999999,0.44862201546361857,0,0,low_frequency_random,11
2.8000000000000003,0.45882201897251607,0,0,low_frequency_random,11
2.8050000000000002,0.50093619290053848,0,0,low_frequency_random,11
2.8100000000000001,0.37078911794945668,0,0,low_frequency_random,11
2.8149999999999999,0.30037001583061029,0,0,low_frequency_random,11
2.8199999999999998,0.31189742596667469,0,0,low_frequency_random,11
2.8250000000000002,0.23623425517406599,0,0,low_frequency_random,11
2.8300000000000001,0.12798985321862189,0,0,low_frequency_random,11
2.835,0.03096697427768709,0,0,low_frequency_random,11
2.8399999999999999,-0.042457337219309228,0,0,low_frequency_random,11
2.8450000000000002,-0.056487950907401968,0,0,low_frequency_random,11
2.8500000000000001,-0.13781218164867079,0,0,low_frequency_random,11
2.855,-0.11837981548495184,0,0,low_frequency_random,11
2.8599999999999999,0.01756999859376418,0,0,low_frequency_random,11
2.8650000000000002,0.0057017269718516554,0,0,low_frequency_random,11
2.8700000000000001,0.10739479289660823,0,0,low_frequency_random,11
2.875,0.12987613213499416,0,0,low_frequency_random,11
2.8799999999999999,0.039865991080922716,0,0,low_frequency_random,11
2.8850000000000002,0.019205567859567639,0,0,low_frequency_random,11
2.8900000000000001,-0.059241041168327416,0,0,low_frequency_random,11
2.895,0.0023359879145113671,0,0,low_frequency_random,11
2.8999999999999999,-0.089693156649154795,0,0,low_frequency_random,11
2.9050000000000002,0.016296041615552606,0,0,low_frequency_random,11
2.9100000000000001,0.062354403136725217,0,0,low_frequency_random,11
2.915,-0.099337778123431919,0,0,low_frequency_random,11
2.9199999999999999,-0.036251557683515248,0,0,low_frequency_random,11
2.9250000000000003,0.087860599534064443,0,0,low_frequency_random,11
2.9300000000000002,0.02433827188755304,0,0,low_frequency_random,11
2.9350000000000001,0.10284042074533996,0,0,low_frequency_random,11
2.9399999999999999,-0.041184108385685092,0,0,low_frequency_random,11
2.9449999999999998,-0.02085649927099998,0,0,low_frequency_random,11
2.9500000000000002,-0.15333203931786082,0,0,low_frequency_random,11
2.9550000000000001,-0.11407229091231608,0,0,low_frequency_random,11
2.96,-0.25618352431267105,0,0,low_frequency_random,11
2.9649999999999999,-0.46500994159139419,0,0,low_frequency_random,11
2.9700000000000002,-0.43108229518748442,0,0,low_frequency_random,11
2.9750000000000001,-0.24635770789524328,0,0,low_frequency_random,11
2.98,-0.29266367366105001,0,0,low_frequency_random,11
2.9849999999999999,-0.22495645149357052,0,0,low_frequency_random,11
2.9900000000000002,-0.2149996849582064,0,0,low_frequency_random,11
2.9950000000000001,-0.23974318236963379,0,0,low_frequency_random,11
3,-0.18943953628192697,0,0,low_frequency_random,11
3.0049999999999999,-0.057430070078105244,0,0,low_frequency_random,11
3.0100000000000002,-0.15570736365185506,0,0,low_frequency_random,11
3.0150000000000001,-0.10993155919821612,0,0,low_frequency_random,11
3.02,-0.081841322359679489,0,0,low_frequency_random,11
3.0249999999999999,-0.19509651416831308,0,0,low_frequency_random,11
3.0300000000000002,-0.065268867251211726,0,0,low_frequency_random,11
3.0350000000000001,0.090616298724989122,0,0,low_frequency_random,11
3.04,0.014132746959145584,0,0,low_frequency_random,11
3.0449999999999999,0.15274744215730404,0,0,low_frequency_random,11
3.0500000000000003,0.15646609469793327,0,0,low_frequency_random,11
3.0550000000000002,0.14265843143697987,0,0,low_frequency_random,11
3.0600000000000001,0.26192277087241128,0,0,low_frequency_random,11
3.0649999999999999,0.27876566207034792,0,0,low_frequency_random,11
3.0700000000000003,0.30316488431348665,0,0,low_frequency_random,11
3.0750000000000002,0.42276393753796659,0,0,low_frequency_random,11
3.0800000000000001,0.52345587913289571,0,0,low_frequency_random,11
3.085,0.59211882718170916,0,0,low_frequency_random,11
3.0899999999999999,0.47740115878420925,0,0,low_frequency_random,11
3.0950000000000002,0.3495427071590298,0,0,low_frequency_random,11
3.1000000000000001,0.43766589484438317,0,0,low_frequency_random,11
3.105,0.36153042338631108,0,0,low_frequency_random,11
3.1099999999999999,0.3715763315900657,0,0,low_frequency_random,11
3.1150000000000002,0.28401169483999211,0,0,low_frequency_random,11
3.1200000000000001,0.26793691918857482,0,0,low_frequency_random,11
3.125,0.16456017516309276,0,0,low_frequency_random,11
3.1299999999999999,0.29382799542920002,0,0,low_frequency_random,11
3.1350000000000002,0.21105288637253916,0,0,low_frequency_random,11
3.1400000000000001,0.20026506239801675,0,0,low_frequency_random,11
3.145,0.18424783930064617,0,0,low_frequency_random,11
3.1499999999999999,0.27957600505914504,0,0,low_frequency_random,11
3.1550000000000002,0.16487319820251128,0,0,low_frequency_random,11
3.1600000000000001,0.1613901816369952,0,0,low_frequency_random,11
3.165,0.14388826314488115,0,0,low_frequency_random,11
3.1699999999999999,0.18545889609898028,0,0,low_frequency_random,11
3.1750000000000003,0.22220105135339868,0,0,low_frequency_random,11
3.1800000000000002,0.18408565263963728,0,0,low_frequency_random,11
3.1850000000000001,0.20228658338648703,0,0,low_frequency_random,11
3.1899999999999999,0.17138195063744907,0,0,low_frequency_random,11
3.1950000000000003,0.20788297029228336,0,0,low_frequency_random,11
3.2000000000000002,0.198660209741963,0,0,low_frequency_random,11
3.2050000000000001,0.14535470138830681,0,0,low_frequency_random,11
3.21,0.14243067992107503,0,0,low_frequency_random,11
3.2149999999999999,0.1707504154034028,0,0,low_frequency_random,11
3.2200000000000002,0.35071716844180056,0,0,low_frequency_random,11
3.2250000000000001,0.30976745160474306,0,0,low_frequency_random,11
3.23,0.33269392111943746,0,0,low_frequency_random,11
3.2349999999999999,0.44778554233559625,0,0,low_frequency_random,11
3.2400000000000002,0.27971347767438359,0,0,low_frequency_random,11
3.2450000000000001,0.13922322753543565,0,0,low_frequency_random,11
3.25,0.043673338119366301,0,0,low_frequency_random,11
3.2549999999999999,0.034339392791304851,0,0,low_frequency_random,11
3.2600000000000002,0.22887928665207274,0,0,low_frequency_random,11
3.2650000000000001,0.25896899366991427,0,0,low_frequency_random,11
3.27,0.35408229530212182,0,0,low_frequency_random,11
3.2749999999999999,0.33459746992345052,0,0,low_frequency_random,11
3.2800000000000002,0.13632247667563607,0,0,low_frequency_random,11
3.2850000000000001,-0.048986738168202121,0,0,low_frequency_random,11
3.29,0.032543823003131155,0,0,low_frequency_random,11
3.2949999999999999,0.047133378410075151,0,0,low_frequency_random,11
3.3000000000000003,-0.056722474117563565,0,0,low_frequency_random,11
3.3050000000000002,0.03272308567866293,0,0,low_frequency_random,11
3.3100000000000001,-0.090249368711182804,0,0,low_frequency_random,11
3.3149999999999999,0.00071374521746035702,0,0,low_frequency_random,11
3.3200000000000003,0.11652778902094199,0,0,low_frequency_random,11
3.3250000000000002,0.054913380680259555,0,0,low_frequency_random,11
3.3300000000000001,-0.033788701609729216,0,0,low_frequency_random,11
3.335,0.0337574701588279,0,0,low_frequency_random,11
3.3399999999999999,-0.053815380187150909,0,0,low_frequency_random,11
3.3450000000000002,0.015231923006926322,0,0,low_frequency_random,11
3.3500000000000001,-0.080224598277456372,0,0,low_frequency_random,11
3.355,-0.015379371328325703,0,0,low_frequency_random,11
3.3599999999999999,-0.0078120452456370169,0,0,low_frequency_random,11
3.3650000000000002,-0.042308977019159644,0,0,low_frequency_random,11
3.3700000000000001,-0.11357397043212122,0,0,low_frequency_random,11
3.375,-0.094048952415841339,0,0,low_frequency_random,11
3.3799999999999999,-0.24461498727581499,0,0,low_frequency_random,11
3.3850000000000002,-0.2654170206952422,0,0,low_frequency_random,11
3.3900000000000001,-0.29570651530319936,0,0,low_frequency_random,11
3.395,-0.24009826844124466,0,0,low_frequency_random,11
3.3999999999999999,-0.33895615931693901,0,0,low_frequency_random,11
3.4050000000000002,-0.20053253209682836,0,0,low_frequency_random,11
3.4100000000000001,-0.22439664721914426,0,0,low_frequency_random,11
3.415,-0.3141037060748027,0,0,low_frequency_random,11
3.4199999999999999,-0.20192744642723348,0,0,low_frequency_random,11
3.4250000000000003,-0.068217740465039228,0,0,low_frequency_random,11
3.4300000000000002,-0.082861786784070343,0,0,low_frequency_random,11
3.4350000000000001,-0.15355649519982759,0,0,low_frequency_random,11
3.4399999999999999,-0.15150959540825609,0,0,low_frequency_random,11
3.4450000000000003,-0.20584908182951908,0,0,low_frequency_random,11
3.4500000000000002,-0.22972281154395877,0,0,low_frequency_random,11
3.4550000000000001,-0.10421375009365191,0,0,low_frequency_random,11
3.46,-0.072420120017982967,0,0,low_frequency_random,11
3.4649999999999999,-0.060456435501346398,0,0,low_frequency_random,11
3.4700000000000002,-0.032542990557308971,0,0,low_frequency_random,11
3.4750000000000001,-0.037016272425531543,0,0,low_frequency_random,11
3.48,0.030325812536435931,0,0,low_frequency_random,11
3.4849999999999999,0.10034228018278044,0,0,low_frequency_random,11
3.4900000000000002,0.070338272806475616,0,0,low_frequency_random,11
3.4950000000000001,0.078373556613466733,0,0,low_frequency_random,11
3.5,0.27058956380129778,0,0,low_frequency_random,11
3.5049999999999999,0.3028837799892537,0,0,low_frequency_random,11
3.5100000000000002,0.28654196351710221,0,0,low_frequency_random,11
3.5150000000000001,0.44867908414351459,0,0,low_frequency_random,11
3.52,0.44719400959619254,0,0,low_frequency_random,11
3.5249999999999999,0.35739847007911085,0,0,low_frequency_random,11
3.5300000000000002,0.40944777104124624,0,0,low_frequency_random,11
3.5350000000000001,0.3355991406557251,0,0,low_frequency_random,11
3.54,0.29424676943778322,0,0,low_frequency_random,11
3.5449999999999999,0.31882010914656439,0,0,low_frequency_random,11
3.5500000000000003,0.30711393387508967,0,0,low_frequency_random,11
3.5550000000000002,0.24465564782518673,0,0,low_frequency_random,11
3.5600000000000001,0.19946885778258111,0,0,low_frequency_random,11
3.5649999999999999,0.1511223508208086,0,0,low_frequency_random,11
3.5700000000000003,0.2434307891991338,0,0,low_frequency_random,11
3.5750000000000002,0.18468055627859203,0,0,low_frequency_random,11
3.5800000000000001,0.13809613904982929,0,0,low_frequency_random,11
3.585,0.30006890844770706,0,0,low_frequency_random,11
3.5899999999999999,0.25438168485641477,0,0,low_frequency_random,11
3.5950000000000002,0.37196910371096242,0,0,low_frequency_random,11
3.6000000000000001,0.47510987723080955,0,0,low_frequency_random,11
3.605,0.4605506139309527,0,0,low_frequency_random,11
3.6099999999999999,0.34498558916863586,0,0,low_frequency_random,11
3.6150000000000002,0.3794156824977567,0,0,low_frequency_random,11
3.6200000000000001,0.43120309548498714,0,0,low_frequency_random,11
3.625,0.50628366136449776,0,0,low_frequency_random,11
3.6299999999999999,0.50949575114816326,0,0,low_frequency_random,11
3.6350000000000002,0.6030788189607299,0,0,low_frequency_random,11
3.6400000000000001,0.71102214609358139,0,0,low_frequency_random,11
3.645,0.6233357828176791,0,0,low_frequency_random,11
3.6499999999999999,0.73430064426005859,0,0,low_frequency_random,11
3.6550000000000002,0.74456685699702574,0,0,low_frequency_random,11
3.6600000000000001,0.69570670326519413,0,0,low_frequency_random,11
3.665,0.66681022634235698,0,0,low_frequency_random,11
3.6699999999999999,0.81331553450666749,0,0,low_frequency_random,11
3.6750000000000003,0.88778510796672483,0,0,low_frequency_random,11
3.6800000000000002,0.74059064937937602,0,0,low_frequency_random,11
3.6850000000000001,0.74355688205184556,0,0,low_frequency_random,11
3.6899999999999999,0.72868829255106438,0,0,low_frequency_random,11
3.6950000000000003,0.71104200717601185,0,0,low_frequency_random,11
3.7000000000000002,0.66654566978215612,0,0,low_frequency_random,11
3.7050000000000001,0.54700779583414338,0,0,low_frequency_random,11
3.71,0.61303915770510709,0,0,low_frequency_random,11
3.7149999999999999,0.53499397993993736,0,0,low_frequency_random,11
3.7200000000000002,0.50279625186817867,0,0,low_frequency_random,11
3.7250000000000001,0.45221794867973214,0,0,low_frequency_random,11
3.73,0.39188185399135311,0,0,low_frequency_random,11
3.7349999999999999,0.4492379310182294,0,0,low_frequency_random,11
3.7400000000000002,0.47762268500159644,0,0,low_frequency_random,11
3.7450000000000001,0.42144215307485439,0,0,low_frequency_random,11
3.75,0.34394391530371515,0,0,low_frequency_random,11
3.7549999999999999,0.30476902258809974,0,0,low_frequency_random,11
3.7600000000000002,0.38041791245650969,0,0,low_frequency_random,11
3.7650000000000001,0.38856914836958167,0,0,low_frequency_random,11
3.77,0.40523132725548111,0,0,low_frequency_random,11
3.7749999999999999,0.37702263033754907,0,0,low_frequency_random,11
3.7800000000000002,0.35456325781350623,0,0,low_frequency_random,11
3.7850000000000001,0.37007514566644939,0,0,low_frequency_random,11
3.79,0.22112330542694986,0,0,low_frequency_random,11
3.7949999999999999,0.3486633563806989,0,0,low_frequency_random,11
3.8000000000000003,0.28407010751265144,0,0,low_frequency_random,11
3.8050000000000002,0.23730157757003284,0,0,low_frequency_random,11
3.8100000000000001,0.34293065013883728,0,0,low_frequency_random,11
3.8149999999999999,0.35897058020378791,0,0,low_frequency_random,11
3.8200000000000003,0.36053849209855326,0,0,low_frequency_random,11
3.8250000000000002,0.31219117627320364,0,0,low_frequency_random,11
3.8300000000000001,0.18605214895540823,0,0,low_frequency_random,11
3.835,0.19988292627935336,0,0,low_frequency_random,11
3.8399999999999999,0.2942683621251021,0,0,low_frequency_random,11
3.8450000000000002,0.22100783275613015,0,0,low_frequency_random,11
3.8500000000000001,0.32865395652614704,0,0,low_frequency_random,11
3.855,0.23706837726661306,0,0,low_frequency_random,11
3.8599999999999999,0.1773116005900508,0,0,low_frequency_random,11
3.8650000000000002,0.21679761141692,0,0,low_frequency_random,11
3.8700000000000001,0.21572153406848377,0,0,low_frequency_random,11
3.875,0.26977876835663778,0,0,low_frequency_random,11
3.8799999999999999,0.20924223281361942,0,0,low_frequency_random,11
3.8850000000000002,0.12586362624984587,0,0,low_frequency_random,11
3.8900000000000001,-0.023756501533419322,0,0,low_frequency_random,11
3.895,-0.1196946740047253,0,0,low_frequency_random,11
3.8999999999999999,-0.20497154085411207,0,0,low_frequency_random,11
3.9050000000000002,-0.31782169122502107,0,0,low_frequency_random,11
3.9100000000000001,-0.29162121880196307,0,0,low_frequency_random,11
3.915,-0.34314506431152098,0,0,low_frequency_random,11
3.9199999999999999,-0.50010039432537012,0,0,low_frequency_random,11
3.9250000000000003,-0.29942318514148125,0,0,low_frequency_random,11
3.9300000000000002,-0.36455147527931969,0,0,low_frequency_random,11
3.9350000000000001,-0.46292343388419593,0,0,low_frequency_random,11
3.9399999999999999,-0.36167897660260484,0,0,low_frequency_random,11
3.9450000000000003,-0.2668729907711081,0,0,low_frequency_random,11
3.9500000000000002,-0.35741944134604625,0,0,low_frequency_random,11
3.9550000000000001,-0.47326117230631581,0,0,low_frequency_random,11
3.96,-0.55070651510936353,0,0,low_frequency_random,11
3.9650000000000003,-0.45782641867389345,0,0,low_frequency_random,11
3.9700000000000002,-0.48038173861222594,0,0,low_frequency_random,11
3.9750000000000001,-0.54252025024549055,0,0,low_frequency_random,11
3.98,-0.54207854955012025,0,0,low_frequency_random,11
3.9849999999999999,-0.44327993921715791,0,0,low_frequency_random,11
3.9900000000000002,-0.55195576908673538,0,0,low_frequency_random,11
3.9950000000000001,-0.57983041996963469,0,0,low_frequency_random,11
4,-0.68734043373963782,0,0,low_frequency_random,11
4.0049999999999999,-0.51057339662904733,0,0,low_frequency_random,11
4.0099999999999998,-0.36292424584916405,0,0,low_frequency_random,11
4.0149999999999997,-0.28521102398295894,0,0,low_frequency_random,11
4.0200000000000005,-0.29443403001645513,0,0,low_frequency_random,11
4.0250000000000004,-0.24036695599878818,0,0,low_frequency_random,11
4.0300000000000002,-0.40690967350880891,0,0,low_frequency_random,11
4.0350000000000001,-0.38282123139731761,0,0,low_frequency_random,11
4.04,-0.48753844263286683,0,0,low_frequency_random,11
4.0449999999999999,-0.59082425579972708,0,0,low_frequency_random,11
4.0499999999999998,-0.64411492854235486,0,0,low_frequency_random,11
4.0549999999999997,-0.66884983402469811,0,0,low_frequency_random,11
4.0600000000000005,-0.61969099692405449,0,0,low_frequency_random,11
4.0650000000000004,-0.56068581955485586,0,0,low_frequency_random,11
4.0700000000000003,-0.53692800645076655,0,0,low_frequency_random,11
4.0750000000000002,-0.60960851993691445,0,0,low_frequency_random,11
4.0800000000000001,-0.55262405783678736,0,0,low_frequency_random,11
4.085,-0.55951945335025666,0,0,low_frequency_random,11
4.0899999999999999,-0.46254608492726479,0,0,low_frequency_random,11
4.0949999999999998,-0.53342653375021354,0,0,low_frequency_random,11
4.0999999999999996,-0.75127256932642628,0,0,low_frequency_random,11
4.1050000000000004,-0.78556717459332615,0,0,low_frequency_random,11
4.1100000000000003,-0.6099774201282927,0,0,low_frequency_random,11
4.1150000000000002,-0.56950975915857704,0,0,low_frequency_random,11
4.1200000000000001,-0.58217686605377683,0,0,low_frequency_random,11
4.125,-0.5087587021846951,0,0,low_frequency_random,11
4.1299999999999999,-0.46606708760996562,0,0,low_frequency_random,11
4.1349999999999998,-0.42692734036073565,0,0,low_frequency_random,11
4.1399999999999997,-0.46577918565319915,0,0,low_frequency_random,11
4.1450000000000005,-0.4573776216151989,0,0,low_frequency_random,11
4.1500000000000004,-0.43904123557163133,0,0,low_frequency_random,11
4.1550000000000002,-0.4881361851878887,0,0,low_frequency_random,11
4.1600000000000001,-0.57497672830348867,0,0,low_frequency_random,11
4.165,-0.5610149537169643,0,0,low_frequency_random,11
4.1699999999999999,-0.48093415600181777,0,0,low_frequency_random,11
4.1749999999999998,-0.42688033249513385,0,0,low_frequency_random,11
4.1799999999999997,-0.3853316407836056,0,0,low_frequency_random,11
4.1850000000000005,-0.34316524918528923,0,0,low_frequency_random,11
4.1900000000000004,-0.13524921354980116,0,0,low_frequency_random,11
4.1950000000000003,-0.11383582618388957,0,0,low_frequency_random,11
4.2000000000000002,-0.030112994752444347,0,0,low_frequency_random,11
4.2050000000000001,0.12621458667474192,0,0,low_frequency_random,11
4.21,0.12981954680038171,0,0,low_frequency_random,11
4.2149999999999999,0.15028167703458079,0,0,low_frequency_random,11
4.2199999999999998,0.23284749009036038,0,0,low_frequency_random,11
4.2249999999999996,0.3663623895489746,0,0,low_frequency_random,11
4.2300000000000004,0.38952108310189598,0,0,low_frequency_random,11
4.2350000000000003,0.41654731164832098,0,0,low_frequency_random,11
4.2400000000000002,0.42171880925300498,0,0,low_frequency_random,11
4.2450000000000001,0.32340816087009278,0,0,low_frequency_random,11
4.25,0.41098551657421206,0,0,low_frequency_random,11
4.2549999999999999,0.38878621210562087,0,0,low_frequency_random,11
4.2599999999999998,0.24968996072721636,0,0,low_frequency_random,11
4.2649999999999997,0.23694245705498923,0,0,low_frequency_random,11
4.2700000000000005,0.097943000239116951,0,0,low_frequency_random,11
4.2750000000000004,0.01727935231025525,0,0,low_frequency_random,11
4.2800000000000002,0.018875681894231972,0,0,low_frequency_random,11
4.2850000000000001,-0.054389519651527184,0,0,low_frequency_random,11
4.29,0.031692949907914048,0,0,low_frequency_random,11
4.2949999999999999,-0.085304045031745518,0,0,low_frequency_random,11
4.2999999999999998,-0.063401673669211872,0,0,low_frequency_random,11
4.3049999999999997,-0.018056627325530657,0,0,low_frequency_random,11
4.3100000000000005,0.099138283019648776,0,0,low_frequency_random,11
4.3150000000000004,0.17285596294989697,0,0,low_frequency_random,11
4.3200000000000003,0.19124205592513571,0,0,low_frequency_random,11
4.3250000000000002,0.19736441830208121,0,0,low_frequency_random,11
4.3300000000000001,0.19238748895091765,0,0,low_frequency_random,11
4.335,0.282996960641415,0,0,low_frequency_random,11
4.3399999999999999,0.2298909193554467,0,0,low_frequency_random,11
4.3449999999999998,0.27105759431129339,0,0,low_frequency_random,11
4.3500000000000005,0.26299232084576041,0,0,low_frequency_random,11
4.3550000000000004,0.28166254890363929,0,0,low_frequency_random,11
4.3600000000000003,0.26011721291153345,0,0,low_frequency_random,11
4.3650000000000002,0.4300216684640763,0,0,low_frequency_random,11
4.3700000000000001,0.37626735085060603,0,0,low_frequency_random,11
4.375,0.39544273560127485,0,0,low_frequency_random,11
4.3799999999999999,0.41636422419022551,0,0,low_frequency_random,11
4.3849999999999998,0.46370295041648657,0,0,low_frequency_random,11
4.3899999999999997,0.49823831857841827,0,0,low_frequency_random,11
4.3950000000000005,0.5305490676450253,0,0,low_frequency_random,11
4.4000000000000004,0.60718450334377072,0,0,low_frequency_random,11
4.4050000000000002,0.48499295179774898,0,0,low_frequency_random,11
4.4100000000000001,0.48430844074164747,0,0,low_frequency_random,11
4.415,0.38440224545354312,0,0,low_frequency_random,11
4.4199999999999999,0.40200387611196281,0,0,low_frequency_random,11
4.4249999999999998,0.30658393076278961,0,0,low_frequency_random,11
4.4299999999999997,0.22941858816479571,0,0,low_frequency_random,11
4.4350000000000005,0.22442428760480121,0,0,low_frequency_random,11
4.4400000000000004,0.33573144339658983,0,0,low_frequency_random,11
4.4450000000000003,0.38113795851182214,0,0,low_frequency_random,11
4.4500000000000002,0.40392102465388319,0,0,low_frequency_random,11
4.4550000000000001,0.51491553567100878,0,0,low_frequency_random,11
4.46,0.43795258958611871,0,0,low_frequency_random,11
4.4649999999999999,0.2698614027384032,0,0,low_frequency_random,11
4.4699999999999998,0.23574139774736258,0,0,low_frequency_random,11
4.4750000000000005,0.21342173052751295,0,0,low_frequency_random,11
4.4800000000000004,0.3119512098843909,0,0,low_frequency_random,11
4.4850000000000003,0.48216955471048883,0,0,low_frequency_random,11
4.4900000000000002,0.37472073578404674,0,0,low_frequency_random,11
4.4950000000000001,0.57162717791011231,0,0,low_frequency_random,11
4.5,0.69470627636086291,0,0,low_frequency_random,11
4.5049999999999999,0.75925343790128541,0,0,low_frequency_random,11
4.5099999999999998,0.78593508562414205,0,0,low_frequency_random,11
4.5149999999999997,0.97671912854927068,0,0,low_frequency_random,11
4.5200000000000005,0.97937887924389844,0,0,low_frequency_random,11
4.5250000000000004,0.93779774885047418,0,0,low_frequency_random,11
4.5300000000000002,0.94532821218651741,0,0,low_frequency_random,11
4.5350000000000001,0.83245732560015318,0,0,low_frequency_random,11
4.54,0.86708715575870521,0,0,low_frequency_random,11
4.5449999999999999,0.85511657232441352,0,0,low_frequency_random,11
4.5499999999999998,0.87835081249362978,0,0,low_frequency_random,11
4.5549999999999997,0.90383414680305807,0,0,low_frequency_random,11
4.5600000000000005,0.8159515061581355,0,0,low_frequency_random,11
4.5650000000000004,0.91804215132214495,0,0,low_frequency_random,11
4.5700000000000003,0.83360944553694405,0,0,low_frequency_random,11
4.5750000000000002,0.90146069884182878,0,0,low_frequency_random,11
4.5800000000000001,0.77095374416026352,0,0,low_frequency_random,11
4.585,0.79790176331245199,0,0,low_frequency_random,11
4.5899999999999999,0.72963785717594587,0,0,low_frequency_random,11
4.5949999999999998,0.73056691801537388,0,0,low_frequency_random,11
4.6000000000000005,0.67611313218802094,0,0,low_frequency_random,11
4.6050000000000004,0.49969579017044313,0,0,low_frequency_random,11
4.6100000000000003,0.40944154503744162,0,0,low_frequency_random,11
4.6150000000000002,0.41408104264782847,0,0,low_frequency_random,11
4.6200000000000001,0.4630198276464168,0,0,low_frequency_random,11
4.625,0.34468579440037317,0,0,low_frequency_random,11
4.6299999999999999,0.17459997909410155,0,0,low_frequency_random,11
4.6349999999999998,0.10535224401876848,0,0,low_frequency_random,11
4.6399999999999997,0.089182783975968738,0,0,low_frequency_random,11
4.6450000000000005,0.039435892432186821,0,0,low_frequency_random,11
4.6500000000000004,-0.024141921372701075,0,0,low_frequency_random,11
4.6550000000000002,0.04508783626343095,0,0,low_frequency_random,11
4.6600000000000001,0.12317240675054852,0,0,low_frequency_random,11
4.665,0.18298244380886763,0,0,low_frequency_random,11
4.6699999999999999,0.10845037609291394,0,0,low_frequency_random,11
4.6749999999999998,0.11522622173388121,0,0,low_frequency_random,11
4.6799999999999997,0.10042852862430023,0,0,low_frequency_random,11
4.6850000000000005,-0.012753597682789733,0,0,low_frequency_random,11
4.6900000000000004,0.058962867358218818,0,0,low_frequency_random,11
4.6950000000000003,0.066917140425287167,0,0,low_frequency_random,11
4.7000000000000002,0.029115949061472642,0,0,low_frequency_random,11
4.7050000000000001,0.14331957874267015,0,0,low_frequency_random,11
4.71,0.20478581094902742,0,0,low_frequency_random,11
4.7149999999999999,0.27330086222910843,0,0,low_frequency_random,11
4.7199999999999998,0.36892671107427794,0,0,low_frequency_random,11
4.7250000000000005,0.42559357381572582,0,0,low_frequency_random,11
4.7300000000000004,0.32371845372434843,0,0,low_frequency_random,11
4.7350000000000003,0.29228650776165727,0,0,low_frequency_random,11
4.7400000000000002,0.37208822645657869,0,0,low_frequency_random,11
4.7450000000000001,0.31007225192416754,0,0,low_frequency_random,11
4.75,0.31266460355581294,0,0,low_frequency_random,11
4.7549999999999999,0.34402030068085826,0,0,low_frequency_random,11
4.7599999999999998,0.45850706157403259,0,0,low_frequency_random,11
4.7649999999999997,0.56102357859819785,0,0,low_frequency_random,11
4.7700000000000005,0.63106957157588495,0,0,low_frequency_random,11
4.7750000000000004,0.61418395919156921,0,0,low_frequency_random,11
4.7800000000000002,0.68525584462422817,0,0,low_frequency_random,11
4.7850000000000001,0.72509585412298405,0,0,low_frequency_random,11
4.79,0.7096706362001407,0,0,low_frequency_random,11
4.7949999999999999,0.81556871474200165,0,0,low_frequency_random,11
4.7999999999999998,0.85204790095735428,0,0,low_frequency_random,11
4.8049999999999997,0.78853388911741551,0,0,low_frequency_random,11
4.8100000000000005,0.88669882987099102,0,0,low_frequency_random,11
4.8150000000000004,0.86295349527978926,0,0,low_frequency_random,11
4.8200000000000003,0.90704540323003102,0,0,low_frequency_random,11
4.8250000000000002,0.78187864526925399,0,0,low_frequency_random,11
4.8300000000000001,0.77741338482058531,0,0,low_frequency_random,11
4.835,0.69898719228092943,0,0,low_frequency_random,11
4.8399999999999999,0.61881072994335928,0,0,low_frequency_random,11
4.8449999999999998,0.46416808994282194,0,0,low_frequency_random,11
4.8500000000000005,0.6337815082356939,0,0,low_frequency_random,11
4.8550000000000004,0.61952324364148892,0,0,low_frequency_random,11
4.8600000000000003,0.63629411863392804,0,0,low_frequency_random,11
4.8650000000000002,0.72237669988942832,0,0,low_frequency_random,11
4.8700000000000001,0.70987582212352895,0,0,low_frequency_random,11
4.875,0.74812124405142222,0,0,low_frequency_random,11
4.8799999999999999,0.63672957911550443,0,0,low_frequency_random,11
4.8849999999999998,0.65000620552792054,0,0,low_frequency_random,11
4.8899999999999997,0.61450185750111475,0,0,low_frequency_random,11
4.8950000000000005,0.65213840079171859,0,0,low_frequency_random,11
4.9000000000000004,0.66407319143375843,0,0,low_frequency_random,11
4.9050000000000002,0.55091897607171691,0,0,low_frequency_random,11
4.9100000000000001,0.40111222456701445,0,0,low_frequency_random,11
4.915,0.31882604299924916,0,0,low_frequency_random,11
4.9199999999999999,0.37675964338047135,0,0,low_frequency_random,11
4.9249999999999998,0.40948678255861309,0,0,low_frequency_random,11
4.9299999999999997,0.44028648250046037,0,0,low_frequency_random,11
4.9350000000000005,0.277597778453753,0,0,low_frequency_random,11
4.9400000000000004,0.062226004478904445,0,0,low_frequency_random,11
4.9450000000000003,0.012735728098047988,0,0,low_frequency_random,11
4.9500000000000002,-0.013308809396959161,0,0,low_frequency_random,11
4.9550000000000001,-0.060856081279156371,0,0,low_frequency_random,11
4.96,-0.031742665778914686,0,0,low_frequency_random,11
4.9649999999999999,-0.044757113896488017,0,0,low_frequency_random,11
4.9699999999999998,-0.13871775577606052,0,0,low_frequency_random,11
4.9750000000000005,-0.20781515233312542,0,0,low_frequency_random,11
4.9800000000000004,-0.19495869031031549,0,0,low_frequency_random,11
4.9850000000000003,-0.18781007686382623,0,0,low_frequency_random,11
4.9900000000000002,-0.19244469396216446,0,0,low_frequency_random,11
4.9950000000000001,-0.010212606099126276,0,0,low_frequency_random,11
5,-0.030812430282928405,0,0,low_frequency_random,11
5.0049999999999999,-0.020780713045973856,0,0,low_frequency_random,11
5.0099999999999998,-0.09989249953425737,0,0,low_frequency_random,11
5.0149999999999997,-0.12780554932833318,0,0,low_frequency_random,11
5.0200000000000005,-0.085117332140123902,0,0,low_frequency_random,11
5.0250000000000004,-0.03924662315657472,0,0,low_frequency_random,11
5.0300000000000002,-0.051446978907334226,0,0,low_frequency_random,11
5.0350000000000001,-0.019530549529048737,0,0,low_frequency_random,11
5.04,-0.014917845803016794,0,0,low_frequency_random,11
5.0449999999999999,-0.16488384490886282,0,0,low_frequency_random,11
5.0499999999999998,-0.42536595263773519,0,0,low_frequency_random,11
5.0549999999999997,-0.23881197845984836,0,0,low_frequency_random,11
5.0600000000000005,-0.1713134075251832,0,0,low_frequency_random,11
5.0650000000000004,-0.17498874359438649,0,0,low_frequency_random,11
5.0700000000000003,-0.31281215953084046,0,0,low_frequency_random,11
5.0750000000000002,-0.41303559178175564,0,0,low_frequency_random,11
5.0800000000000001,-0.30277334810765821,0,0,low_frequency_random,11
5.085,-0.52376097599337357,0,0,low_frequency_random,11
5.0899999999999999,-0.54703046994263471,0,0,low_frequency_random,11
5.0949999999999998,-0.47499034594264578,0,0,low_frequency_random,11
5.1000000000000005,-0.46119141718122947,0,0,low_frequency_random,11
5.1050000000000004,-0.39865843624430314,0,0,low_frequency_random,11
5.1100000000000003,-0.40714387032654914,0,0,low_frequency_random,11
5.1150000000000002,-0.21411479958777679,0,0,low_frequency_random,11
5.1200000000000001,-0.29508140491867818,0,0,low_frequency_random,11
5.125,-0.40231596369287709,0,0,low_frequency_random,11
5.1299999999999999,-0.37840160904583137,0,0,low_frequency_random,11
5.1349999999999998,-0.26243319298439388,0,0,low_frequency_random,11
5.1399999999999997,-0.26558449741481249,0,0,low_frequency_random,11
5.1450000000000005,-0.18054886226045519,0,0,low_frequency_random,11
5.1500000000000004,-0.22200940663109925,0,0,low_frequency_random,11
5.1550000000000002,-0.31548752487301213,0,0,low_frequency_random,11
5.1600000000000001,-0.20219977885273971,0,0,low_frequency_random,11
5.165,-0.076007350660869388,0,0,low_frequency_random,11
5.1699999999999999,0.046716064759762463,0,0,low_frequency_random,11
5.1749999999999998,0.01151033164241147,0,0,low_frequency_random,11
5.1799999999999997,-0.080733095513583625,0,0,low_frequency_random,11
5.1850000000000005,-0.17364688408014911,0,0,low_frequency_random,11
5.1900000000000004,-0.19070679863864637,0,0,low_frequency_random,11
5.1950000000000003,-0.14327686646612142,0,0,low_frequency_random,11
5.2000000000000002,-0.10193015461336946,0,0,low_frequency_random,11
5.2050000000000001,-0.21588794847588047,0,0,low_frequency_random,11
5.21,-0.19923633051436485,0,0,low_frequency_random,11
5.2149999999999999,-0.19682775451623333,0,0,low_frequency_random,11
5.2199999999999998,-0.18865384062630958,0,0,low_frequency_random,11
5.2250000000000005,-0.18960397668460555,0,0,low_frequency_random,11
5.2300000000000004,-0.204771642112379,0,0,low_frequency_random,11
5.2350000000000003,-0.15640673667368832,0,0,low_frequency_random,11
5.2400000000000002,-0.14550320907327016,0,0,low_frequency_random,11
5.2450000000000001,-0.12678963187302375,0,0,low_frequency_random,11
5.25,-0.18127986759930093,0,0,low_frequency_random,11
5.2549999999999999,-0.14879249892172619,0,0,low_frequency_random,11
5.2599999999999998,-0.15771837516329834,0,0,low_frequency_random,11
5.2649999999999997,-0.32572249577832202,0,0,low_frequency_random,11
5.2700000000000005,-0.28550566237753849,0,0,low_frequency_random,11
5.2750000000000004,-0.30517307188149878,0,0,low_frequency_random,11
5.2800000000000002,-0.22973333395624837,0,0,low_frequency_random,11
5.2850000000000001,-0.24152308314266707,0,0,low_frequency_random,11
5.29,-0.24795877490815901,0,0,low_frequency_random,11
5.2949999999999999,-0.22982913024196275,0,0,low_frequency_random,11
5.2999999999999998,-0.22962899893284733,0,0,low_frequency_random,11
5.3049999999999997,-0.26414890454314743,0,0,low_frequency_random,11
5.3100000000000005,-0.40592960446224102,0,0,low_frequency_random,11
5.3150000000000004,-0.25685773087225616,0,0,low_frequency_random,11
5.3200000000000003,-0.38156444303542841,0,0,low_frequency_random,11
5.3250000000000002,-0.40691497533800675,0,0,low_frequency_random,11
5.3300000000000001,-0.35276477033575093,0,0,low_frequency_random,11
5.335,-0.32067983301058184,0,0,low_frequency_random,11
5.3399999999999999,-0.27381217568905941,0,0,low_frequency_random,11
5.3449999999999998,-0.2110648671708934,0,0,low_frequency_random,11
5.3500000000000005,-0.1091945095463404,0,0,low_frequency_random,11
5.3550000000000004,-0.084926563706911457,0,0,low_frequency_random,11
5.3600000000000003,0.147448299863841,0,0,low_frequency_random,11
5.3650000000000002,0.065842215450088545,0,0,low_frequency_random,11
5.3700000000000001,0.08365875716964602,0,0,low_frequency_random,11
5.375,0.054445294043442082,0,0,low_frequency_random,11
5.3799999999999999,0.010671563065865468,0,0,low_frequency_random,11
5.3849999999999998,0.033542218485691278,0,0,low_frequency_random,11
5.3899999999999997,0.14974313823832988,0,0,low_frequency_random,11
5.3950000000000005,0.092321350337666974,0,0,low_frequency_random,11
5.4000000000000004,0.035126333592017098,0,0,low_frequency_random,11
5.4050000000000002,0.092765651039902947,0,0,low_frequency_random,11
5.4100000000000001,0.13571393535847515,0,0,low_frequency_random,11
5.415,0.29126687491076481,0,0,low_frequency_random,11
5.4199999999999999,0.37183942430740802,0,0,low_frequency_random,11
5.4249999999999998,0.38830634802660441,0,0,low_frequency_random,11
5.4299999999999997,0.36008555674794118,0,0,low_frequency_random,11
5.4350000000000005,0.37546768367184946,0,0,low_frequency_random,11
5.4400000000000004,0.35961263936163906,0,0,low_frequency_random,11
5.4450000000000003,0.24888423529606135,0,0,low_frequency_random,11
5.4500000000000002,0.24830005772423941,0,0,low_frequency_random,11
5.4550000000000001,0.23308683283344958,0,0,low_frequency_random,11
5.46,0.21336745572373386,0,0,low_frequency_random,11
5.4649999999999999,0.1780442627161174,0,0,low_frequency_random,11
5.4699999999999998,0.31202450614104427,0,0,low_frequency_random,11
5.4750000000000005,0.366030608479121,0,0,low_frequency_random,11
5.4800000000000004,0.43896706018389309,0,0,low_frequency_random,11
5.4850000000000003,0.38828528595637307,0,0,low_frequency_random,11
5.4900000000000002,0.30474308244044851,0,0,low_frequency_random,11
5.4950000000000001,0.28064893687116066,0,0,low_frequency_random,11
5.5,0.29872622415646405,0,0,low_frequency_random,11
5.5049999999999999,0.2696789286416385,0,0,low_frequency_random,11
5.5099999999999998,0.25331323016427609,0,0,low_frequency_random,11
5.5149999999999997,0.32877150361562091,0,0,low_frequency_random,11
5.5200000000000005,0.35100995786602063,0,0,low_frequency_random,11
5.5250000000000004,0.2707344874130258,0,0,low_frequency_random,11
5.5300000000000002,0.23522967267952902,0,0,low_frequency_random,11
5.5350000000000001,0.18158449577271357,0,0,low_frequency_random,11
5.54,0.19511779802951817,0,0,low_frequency_random,11
5.5449999999999999,0.10099746761197853,0,0,low_frequency_random,11
5.5499999999999998,0.086229626994365968,0,0,low_frequency_random,11
5.5549999999999997,0.14107265521210535,0,0,low_frequency_random,11
5.5600000000000005,0.14266123658475671,0,0,low_frequency_random,11
5.5650000000000004,0.069021988292068751,0,0,low_frequency_random,11
5.5700000000000003,0.019487641541616758,0,0,low_frequency_random,11
5.5750000000000002,0.029313707701994107,0,0,low_frequency_random,11
5.5800000000000001,0.067717613437691365,0,0,low_frequency_random,11
5.585,0.13417843166756899,0,0,low_frequency_random,11
5.5899999999999999,0.12192128171637273,0,0,low_frequency_random,11
5.5949999999999998,0.016196114727567337,0,0,low_frequency_random,11
5.6000000000000005,0.12983033980817904,0,0,low_frequency_random,11
5.6050000000000004,0.15295425936009666,0,0,low_frequency_random,11
5.6100000000000003,0.18459610175709079,0,0,low_frequency_random,11
5.6150000000000002,0.20805577888702032,0,0,low_frequency_random,11
5.6200000000000001,0.1242259365101237,0,0,low_frequency_random,11
5.625,0.098125722492125561,0,0,low_frequency_random,11
5.6299999999999999,0.11816565723355255,0,0,low_frequency_random,11
5.6349999999999998,0.19998045534063374,0,0,low_frequency_random,11
5.6399999999999997,0.20378558527993013,0,0,low_frequency_random,11
5.6450000000000005,-0.046203984843623591,0,0,low_frequency_random,11
5.6500000000000004,-0.065233473349887411,0,0,low_frequency_random,11
5.6550000000000002,-0.036766176635484579,0,0,low_frequency_random,11
5.6600000000000001,0.066670086224799141,0,0,low_frequency_random,11
5.665,0.1231009005276034,0,0,low_frequency_random,11
5.6699999999999999,0.32120662777138592,0,0,low_frequency_random,11
5.6749999999999998,0.43326771043023016,0,0,low_frequency_random,11
5.6799999999999997,0.53865091124212316,0,0,low_frequency_random,11
5.6850000000000005,0.61119920116041915,0,0,low_frequency_random,11
5.6900000000000004,0.4978319212492055,0,0,low_frequency_random,11
5.6950000000000003,0.56294395589245316,0,0,low_frequency_random,11
5.7000000000000002,0.60797534314618473,0,0,low_frequency_random,11
5.7050000000000001,0.56296639508217383,0,0,low_frequency_random,11
5.71,0.60697318111458565,0,0,low_frequency_random,11
5.7149999999999999,0.63730774216405117,0,0,low_frequency_random,11
5.7199999999999998,0.59702039983961253,0,0,low_frequency_random,11
5.7250000000000005,0.58419607231323678,0,0,low_frequency_random,11
5.7300000000000004,0.560271346094534,0,0,low_frequency_random,11
5.7350000000000003,0.57586930852714624,0,0,low_frequency_random,11
5.7400000000000002,0.53911585587203925,0,0,low_frequency_random,11
5.7450000000000001,0.5799113021975526,0,0,low_frequency_random,11
5.75,0.42399467370197996,0,0,low_frequency_random,11
5.7549999999999999,0.39938200190315681,0,0,low_frequency_random,11
5.7599999999999998,0.26295131766162827,0,0,low_frequency_random,11
5.7649999999999997,0.2231042690267574,0,0,low_frequency_random,11
5.7700000000000005,0.26324328425562538,0,0,low_frequency_random,11
5.7750000000000004,0.26365500445368917,0,0,low_frequency_random,11
5.7800000000000002,0.25351128272369611,0,0,low_frequency_random,11
5.7850000000000001,0.2577365497087864,0,0,low_frequency_random,11
5.79,0.38169790947337845,0,0,low_frequency_random,11
5.7949999999999999,0.29151481603826346,0,0,low_frequency_random,11
5.7999999999999998,0.36090235564086826,0,0,low_frequency_random,11
5.8049999999999997,0.23839649387703554,0,0,low_frequency_random,11
5.8100000000000005,0.1999055038735614,0,0,low_frequency_random,11
5.8150000000000004,0.21196361689303919,0,0,low_frequency_random,11
5.8200000000000003,0.14294200329418338,0,0,low_frequency_random,11
5.8250000000000002,0.15859912493808581,0,0,low_frequency_random,11
5.8300000000000001,0.21595806622858466,0,0,low_frequency_random,11
5.835,0.11961981592127885,0,0,low_frequency_random,11
5.8399999999999999,0.11284890186334337,0,0,low_frequency_random,11
5.8449999999999998,0.082235922694013752,0,0,low_frequency_random,11
5.8500000000000005,-0.073017661221988175,0,0,low_frequency_random,11
5.8550000000000004,-0.087582079865739848,0,0,low_frequency_random,11
5.8600000000000003,-0.15080769332469612,0,0,low_frequency_random,11
5.8650000000000002,-0.043196006577328569,0,0,low_frequency_random,11
5.8700000000000001,-0.11285083507808424,0,0,low_frequency_random,11
5.875,0.023330599289340337,0,0,low_frequency_random,11
5.8799999999999999,-0.019355039864000004,0,0,low_frequency_random,11
5.8849999999999998,0.13540619467346407,0,0,low_frequency_random,11
5.8899999999999997,0.17777431722127601,0,0,low_frequency_random,11
5.8950000000000005,0.21310481469847931,0,0,low_frequency_random,11
5.9000000000000004,0.27633826538422224,0,0,low_frequency_random,11
5.9050000000000002,0.34696455028906226,0,0,low_frequency_random,11
5.9100000000000001,0.45721729620145435,0,0,low_frequency_random,11
5.915,0.59320775656363911,0,0,low_frequency_random,11
5.9199999999999999,0.5625812217491355,0,0,low_frequency_random,11
5.9249999999999998,0.46001405580600468,0,0,low_frequency_random,11
5.9299999999999997,0.24451246065635499,0,0,low_frequency_random,11
5.9350000000000005,0.21238999569907285,0,0,low_frequency_random,11
5.9400000000000004,0.27199882933576075,0,0,low_frequency_random,11
5.9450000000000003,0.30083569536140964,0,0,low_frequency_random,11
5.9500000000000002,0.30852716059988838,0,0,low_frequency_random,11
5.9550000000000001,0.27904254943959922,0,0,low_frequency_random,11
5.96,0.2265791505636463,0,0,low_frequency_random,11
5.9649999999999999,0.20281174986075229,0,0,low_frequency_random,11
5.9699999999999998,0.23284066977397214,0,0,low_frequency_random,11
5.9750000000000005,0.090862972125487967,0,0,low_frequency_random,11
5.9800000000000004,0.14857805743992597,0,0,low_frequency_random,11
5.9850000000000003,0.031451424649158774,0,0,low_frequency_random,11
5.9900000000000002,0.018666110504161209,0,0,low_frequency_random,11
5.9950000000000001,-0.032061813924699228,0,0,low_frequency_random,11
6,-0.061390552145061915,0,0,low_frequency_random,11
6.0049999999999999,-0.14469598552753915,0,0,low_frequency_random,11
6.0099999999999998,-0.23620134375087817,0,0,low_frequency_random,11
6.0150000000000006,-0.25364661811117944,0,0,low_frequency_random,11
6.0200000000000005,-0.3392069957801887,0,0,low_frequency_random,11
6.0250000000000004,-0.14158374651031147,0,0,low_frequency_random,11
6.0300000000000002,-0.17447603259960437,0,0,low_frequency_random,11
6.0350000000000001,-0.22640333525710321,0,0,low_frequency_random,11
6.04,-0.26959929760319479,0,0,low_frequency_random,11
6.0449999999999999,-0.35426047908129837,0,0,low_frequency_random,11
6.0499999999999998,-0.54902417733736519,0,0,low_frequency_random,11
6.0549999999999997,-0.56723493284280646,0,0,low_frequency_random,11
6.0600000000000005,-0.54017219163872832,0,0,low_frequency_random,11
6.0650000000000004,-0.65803564626444033,0,0,low_frequency_random,11
6.0700000000000003,-0.65487405307399105,0,0,low_frequency_random,11
6.0750000000000002,-0.74871430960485863,0,0,low_frequency_random,11
6.0800000000000001,-0.74840808676347614,0,0,low_frequency_random,11
6.085,-0.71659236418539474,0,0,low_frequency_random,11
6.0899999999999999,-0.67487151744532858,0,0,low_frequency_random,11
6.0949999999999998,-0.63738232799273298,0,0,low_frequency_random,11
6.1000000000000005,-0.69101195942561056,0,0,low_frequency_random,11
6.1050000000000004,-0.61795561691204404,0,0,low_frequency_random,11
6.1100000000000003,-0.65126224176223768,0,0,low_frequency_random,11
6.1150000000000002,-0.6207268182682516,0,0,low_frequency_random,11
6.1200000000000001,-0.56205231563065394,0,0,low_frequency_random,11
6.125,-0.58417765592260162,0,0,low_frequency_random,11
6.1299999999999999,-0.68443136224007839,0,0,low_frequency_random,11
6.1349999999999998,-0.63273125927937912,0,0,low_frequency_random,11
6.1400000000000006,-0.71940669443655669,0,0,low_frequency_random,11
6.1450000000000005,-0.78761097532334068,0,0,low_frequency_random,11
6.1500000000000004,-0.87236189560322597,0,0,low_frequency_random,11
6.1550000000000002,-0.80146637668548459,0,0,low_frequency_random,11
6.1600000000000001,-0.81119639102404539,0,0,low_frequency_random,11
6.165,-0.98730307544084528,0,0,low_frequency_random,11
6.1699999999999999,-0.92444779380141906,0,0,low_frequency_random,11
6.1749999999999998,-0.75529715625499017,0,0,low_frequency_random,11
6.1799999999999997,-0.60860804491653675,0,0,low_frequency_random,11
6.1850000000000005,-0.65162664225657729,0,0,low_frequency_random,11
6.1900000000000004,-0.64294712842328328,0,0,low_frequency_random,11
6.1950000000000003,-0.59988903698725049,0,0,low_frequency_random,11
6.2000000000000002,-0.52636347131896044,0,0,low_frequency_random,11
6.2050000000000001,-0.52173398780814784,0,0,low_frequency_random,11
6.21,-0.60725815071747169,0,0,low_frequency_random,11
6.2149999999999999,-0.54479749230815422,0,0,low_frequency_random,11
6.2199999999999998,-0.49379285253024641,0,0,low_frequency_random,11
6.2250000000000005,-0.59832838736509175,0,0,low_frequency_random,11
6.2300000000000004,-0.62547653705101014,0,0,low_frequency_random,11
6.2350000000000003,-0.60173453938089261,0,0,low_frequency_random,11
6.2400000000000002,-0.59981363728185033,0,0,low_frequency_random,11
6.2450000000000001,-0.55584455939212873,0,0,low_frequency_random,11
6.25,-0.49046352421184658,0,0,low_frequency_random,11
6.2549999999999999,-0.44567744610783405,0,0,low_frequency_random,11
6.2599999999999998,-0.45352097001282393,0,0,low_frequency_random,11
6.2650000000000006,-0.55982180689327543,0,0,low_frequency_random,11
6.2700000000000005,-0.50881388355689738,0,0,low_frequency_random,11
6.2750000000000004,-0.39538692466994801,0,0,low_frequency_random,11
6.2800000000000002,-0.23669422698537779,0,0,low_frequency_random,11
6.2850000000000001,-0.23912438182041793,0,0,low_frequency_random,11
6.29,-0.24174691166921705,0,0,low_frequency_random,11
6.2949999999999999,-0.12608502578043351,0,0,low_frequency_random,11
6.2999999999999998,-0.011617463922989762,0,0,low_frequency_random,11
6.3049999999999997,0.014622394123321406,0,0,low_frequency_random,11
6.3100000000000005,0.070409965451090711,0,0,low_frequency_random,11
6.3150000000000004,0.008265871850968956,0,0,low_frequency_random,11
6.3200000000000003,0.05379058133686123,0,0,low_frequency_random,11
6.3250000000000002,-0.013467738963535855,0,0,low_frequency_random,11
6.3300000000000001,-0.026060212680119911,0,0,low_frequency_random,11
6.335,-0.036840265937147398,0,0,low_frequency_random,11
6.3399999999999999,-0.075161828724320423,0,0,low_frequency_random,11
6.3449999999999998,-0.24441718056445844,0,0,low_frequency_random,11
6.3500000000000005,-0.31025037686628509,0,0,low_frequency_random,11
6.3550000000000004,-0.28322890905812648,0,0,low_frequency_random,11
6.3600000000000003,-0.28779652974763942,0,0,low_frequency_random,11
6.3650000000000002,-0.31890373011285672,0,0,low_frequency_random,11
6.3700000000000001,-0.28422959996922625,0,0,low_frequency_random,11
6.375,-0.22897971495615674,0,0,low_frequency_random,11
6.3799999999999999,-0.16133365496229612,0,0,low_frequency_random,11
6.3849999999999998,-0.2261158820584929,0,0,low_frequency_random,11
6.3900000000000006,-0.22449064367432905,0,0,low_frequency_random,11
6.3950000000000005,-0.25127989084899116,0,0,low_frequency_random,11
6.4000000000000004,-0.32138579876272033,0,0,low_frequency_random,11
6.4050000000000002,-0.44050424360717844,0,0,low_frequency_random,11
6.4100000000000001,-0.44745265962420222,0,0,low_frequency_random,11
6.415,-0.51619427691850317,0,0,low_frequency_random,11
6.4199999999999999,-0.3430929209475132,0,0,low_frequency_random,11
6.4249999999999998,-0.35057739883345779,0,0,low_frequency_random,11
6.4299999999999997,-0.3680713120605506,0,0,low_frequency_random,11
6.4350000000000005,-0.39929800543305605,0,0,low_frequency_random,11
6.4400000000000004,-0.24896518663676814,0,0,low_frequency_random,11
6.4450000000000003,-0.32421444274877603,0,0,low_frequency_random,11
6.4500000000000002,-0.33677638723788472,0,0,low_frequency_random,11
6.4550000000000001,-0.3978474544030306,0,0,low_frequency_random,11
6.46,-0.40714393183343012,0,0,low_frequency_random,11
6.4649999999999999,-0.40930267837837664,0,0,low_frequency_random,11
6.4699999999999998,-0.32090119021587316,0,0,low_frequency_random,11
6.4750000000000005,-0.4336503220485487,0,0,low_frequency_random,11
6.4800000000000004,-0.43449059706562748,0,0,low_frequency_random,11
6.4850000000000003,-0.30466810665730276,0,0,low_frequency_random,11
6.4900000000000002,-0.34516973993730538,0,0,low_frequency_random,11
6.4950000000000001,-0.35895126629861018,0,0,low_frequency_random,11
6.5,-0.42928281979344846,0,0,low_frequency_random,11
6.5049999999999999,-0.63742428069431567,0,0,low_frequency_random,11
6.5099999999999998,-0.64393672759114051,0,0,low_frequency_random,11
6.5150000000000006,-0.5482508192137725,0,0,low_frequency_random,11
6.5200000000000005,-0.58419311854892664,0,0,low_frequency_random,11
6.5250000000000004,-0.7299827362158543,0,0,low_frequency_random,11
6.5300000000000002,-0.70642853123615812,0,0,low_frequency_random,11
6.5350000000000001,-0.69794731883951344,0,0,low_frequency_random,11
6.54,-0.61598090679014295,0,0,low_frequency_random,11
6.5449999999999999,-0.54159949356794035,0,0,low_frequency_random,11
6.5499999999999998,-0.56181010495009598,0,0,low_frequency_random,11
6.5549999999999997,-0.52844956684267397,0,0,low_frequency_random,11
6.5600000000000005,-0.67075601601301327,0,0,low_frequency_random,11
6.5650000000000004,-0.57988053121571614,0,0,low_frequency_random,11
6.5700000000000003,-0.56350442307965343,0,0,low_frequency_random,11
6.5750000000000002,-0.47544423359997967,0,0,low_frequency_random,11
6.5800000000000001,-0.38962022139728936,0,0,low_frequency_random,11
6.585,-0.41196388224234726,0,0,low_frequency_random,11
6.5899999999999999,-0.42319071595305308,0,0,low_frequency_random,11
6.5949999999999998,-0.49224371734097849,0,0,low_frequency_random,11
6.6000000000000005,-0.65604118833317837,0,0,low_frequency_random,11
6.6050000000000004,-0.66465719069652962,0,0,low_frequency_random,11
6.6100000000000003,-0.6504378604424994,0,0,low_frequency_random,11
6.6150000000000002,-0.73519822815826008,0,0,low_frequency_random,11
6.6200000000000001,-0.67608556970106948,0,0,low_frequency_random,11
6.625,-0.66621225442049836,0,0,low_frequency_random,11
6.6299999999999999,-0.62804727386505665,0,0,low_frequency_random,11
6.6349999999999998,-0.68768878267225253,0,0,low_frequency_random,11
6.6400000000000006,-0.82642445065954973,0,0,low_frequency_random,11
6.6450000000000005,-0.76158088096767362,0,0,low_frequency_random,11
6.6500000000000004,-0.71038061686588305,0,0,low_frequency_random,11
6.6550000000000002,-0.71695682665456451,0,0,low_frequency_random,11
6.6600000000000001,-0.74834206617103682,0,0,low_frequency_random,11
6.665,-0.76807254038013817,0,0,low_frequency_random,11
6.6699999999999999,-0.77652609836841013,0,0,low_frequency_random,11
6.6749999999999998,-0.81461404841940943,0,0,low_frequency_random,11
6.6799999999999997,-0.97238343743592082,0,0,low_frequency_random,11
6.6850000000000005,-0.90630533415678682,0,0,low_frequency_random,11
6.6900000000000004,-1.0224239319617514,0,0,low_frequency_random,11
6.6950000000000003,-1.0452392738959033,0,0,low_frequency_random,11
6.7000000000000002,-1.0658504246635128,0,0,low_frequency_random,11
6.7050000000000001,-1.0410324598511052,0,0,low_frequency_random,11
6.71,-1.1659207926374504,0,0,low_frequency_random,11
6.7149999999999999,-1.0650786779742369,0,0,low_frequency_random,11
6.7199999999999998,-1.0087062632999977,0,0,low_frequency_random,11
6.7250000000000005,-0.94344963397243164,0,0,low_frequency_random,11
6.7300000000000004,-0.83878032096839583,0,0,low_frequency_random,11
6.7350000000000003,-0.89941564452732514,0,0,low_frequency_random,11
6.7400000000000002,-1.1461901168522002,0,0,low_frequency_random,11
6.7450000000000001,-1.1149168507612341,0,0,low_frequency_random,11
6.75,-1.0055517197769368,0,0,low_frequency_random,11
6.7549999999999999,-0.90863789161712172,0,0,low_frequency_random,11
6.7599999999999998,-0.94763567745402921,0,0,low_frequency_random,11
6.7650000000000006,-0.95094756962804738,0,0,low_frequency_random,11
6.7700000000000005,-0.92407634040928754,0,0,low_frequency_random,11
6.7750000000000004,-1.0643407779358287,0,0,low_frequency_random,11
6.7800000000000002,-1.1128537361912838,0,0,low_frequency_random,11
6.7850000000000001,-1.1586346277592263,0,0,low_frequency_random,11
6.79,-1.0269947186756652,0,0,low_frequency_random,11
6.7949999999999999,-1.0743162594936251,0,0,low_frequency_random,11
6.7999999999999998,-0.94401052899328353,0,0,low_frequency_random,11
6.8049999999999997,-0.93857913394072867,0,0,low_frequency_random,11
6.8100000000000005,-1.0680020822229863,0,0,low_frequency_random,11
6.8150000000000004,-0.88595938437487032,0,0,low_frequency_random,11
6.8200000000000003,-0.95929857646284855,0,0,low_frequency_random,11
6.8250000000000002,-0.90529842368243862,0,0,low_frequency_random,11
6.8300000000000001,-0.76467667779731796,0,0,low_frequency_random,11
6.835,-0.80356778107654525,0,0,low_frequency_random,11
6.8399999999999999,-0.89776040391214007,0,0,low_frequency_random,11
6.8449999999999998,-0.81021689869827906,0,0,low_frequency_random,11
6.8500000000000005,-0.80095559554163454,0,0,low_frequency_random,11
6.8550000000000004,-0.89490247664013911,0,0,low_frequency_random,11
6.8600000000000003,-0.97671947351796273,0,0,low_frequency_random,11
6.8650000000000002,-1.0029432037096873,0,0,low_frequency_random,11
6.8700000000000001,-0.92101183120568608,0,0,low_frequency_random,11
6.875,-0.93932561586797791,0,0,low_frequency_random,11
6.8799999999999999,-0.882409736280928,0,0,low_frequency_random,11
6.8849999999999998,-0.74612144451083806,0,0,low_frequency_random,11
6.8900000000000006,-0.64109950121543857,0,0,low_frequency_random,11
6.8950000000000005,-0.52318262646468794,0,0,low_frequency_random,11
6.9000000000000004,-0.42226665376224271,0,0,low_frequency_random,11
6.9050000000000002,-0.54852171850959264,0,0,low_frequency_random,11
6.9100000000000001,-0.4481945531872692,0,0,low_frequency_random,11
6.915,-0.41974150073223521,0,0,low_frequency_random,11
6.9199999999999999,-0.42757503255591223,0,0,low_frequency_random,11
6.9249999999999998,-0.51199794263071119,0,0,low_frequency_random,11
6.9299999999999997,-0.63624781723564217,0,0,low_frequency_random,11
6.9350000000000005,-0.72174074934356403,0,0,low_frequency_random,11
6.9400000000000004,-0.71984590801426684,0,0,low_frequency_random,11
6.9450000000000003,-0.81002816549138301,0,0,low_frequency_random,11
6.9500000000000002,-0.87114316306559147,0,0,low_frequency_random,11
6.9550000000000001,-0.91601191971641938,0,0,low_frequency_random,11
6.96,-0.8582532300136041,0,0,low_frequency_random,11
6.9649999999999999,-0.87752814547144231,0,0,low_frequency_random,11
6.9699999999999998,-0.8847938791169343,0,0,low_frequency_random,11
6.9750000000000005,-0.7745472629448773,0,0,low_frequency_random,11
6.9800000000000004,-0.79631951532038303,0,0,low_frequency_random,11
6.9850000000000003,-0.74452807293867374,0,0,low_frequency_random,11
6.9900000000000002,-0.82518751735750795,0,0,low_frequency_random,11
6.9950000000000001,-0.79480586239047646,0,0,low_frequency_random,11
7,-0.78130442234867592,0,0,low_frequency_random,11
7.0049999999999999,-0.76341525578827751,0,0,low_frequency_random,11
7.0099999999999998,-0.79682465375046818,0,0,low_frequency_random,11
7.0150000000000006,-0.8750926546581177,0,0,low_frequency_random,11
7.0200000000000005,-0.89463066853426032,0,0,low_frequency_random,11
7.0250000000000004,-0.92751320685610916,0,0,low_frequency_random,11
7.0300000000000002,-0.84042343291808608,0,0,low_frequency_random,11
7.0350000000000001,-0.76378624196855538,0,0,low_frequency_random,11
7.04,-0.85590661473736829,0,0,low_frequency_random,11
7.0449999999999999,-0.80157712010605464,0,0,low_frequency_random,11
7.0499999999999998,-0.83586201529600945,0,0,low_frequency_random,11
7.0549999999999997,-0.79507110167152562,0,0,low_frequency_random,11
7.0600000000000005,-0.82953415575542289,0,0,low_frequency_random,11
7.0650000000000004,-0.94284449643606361,0,0,low_frequency_random,11
7.0700000000000003,-0.85704347114761636,0,0,low_frequency_random,11
7.0750000000000002,-0.81667558921616323,0,0,low_frequency_random,11
7.0800000000000001,-0.91041274408352812,0,0,low_frequency_random,11
7.085,-1.0568075134332595,0,0,low_frequency_random,11
7.0899999999999999,-1.0941679487222016,0,0,low_frequency_random,11
7.0949999999999998,-1.1830223758849248,0,0,low_frequency_random,11
7.1000000000000005,-1.2061625666341456,0,0,low_frequency_random,11
7.1050000000000004,-1.150648466616059,0,0,low_frequency_random,11
7.1100000000000003,-1.0276759957789037,0,0,low_frequency_random,11
7.1150000000000002,-1.0510233542817864,0,0,low_frequency_random,11
7.1200000000000001,-0.93586800618332089,0,0,low_frequency_random,11
7.125,-0.83828518455156098,0,0,low_frequency_random,11
7.1299999999999999,-0.86877109388399565,0,0,low_frequency_random,11
7.1349999999999998,-0.9974672215585767,0,0,low_frequency_random,11
7.1400000000000006,-0.92437543859873406,0,0,low_frequency_random,11
7.1450000000000005,-0.87105433773083085,0,0,low_frequency_random,11
7.1500000000000004,-0.67878623854544584,0,0,low_frequency_random,11
7.1550000000000002,-0.56114451259851916,0,0,low_frequency_random,11
7.1600000000000001,-0.49575379930257724,0,0,low_frequency_random,11
7.165,-0.35836084676724311,0,0,low_frequency_random,11
7.1699999999999999,-0.43998660208322721,0,0,low_frequency_random,11
7.1749999999999998,-0.42207153796534652,0,0,low_frequency_random,11
7.1799999999999997,-0.44147687373819622,0,0,low_frequency_random,11
7.1850000000000005,-0.2998884776204051,0,0,low_frequency_random,11
7.1900000000000004,-0.25292139122933122,0,0,low_frequency_random,11
7.1950000000000003,-0.49540311220467792,0,0,low_frequency_random,11
7.2000000000000002,-0.38310655240537733,0,0,low_frequency_random,11
7.2050000000000001,-0.45304015740900055,0,0,low_frequency_random,11
7.21,-0.38815045879008325,0,0,low_frequency_random,11
7.2149999999999999,-0.42375221739731445,0,0,low_frequency_random,11
7.2199999999999998,-0.40135185132341888,0,0,low_frequency_random,11
7.2250000000000005,-0.34780946709025029,0,0,low_frequency_random,11
7.2300000000000004,-0.32968392231295562,0,0,low_frequency_random,11
7.2350000000000003,-0.4032116361426703,0,0,low_frequency_random,11
7.2400000000000002,-0.28852409505862503,0,0,low_frequency_random,11
7.2450000000000001,-0.25433352378869006,0,0,low_frequency_random,11
7.25,-0.25329043985471972,0,0,low_frequency_random,11
7.2549999999999999,-0.19451809359241723,0,0,low_frequency_random,11
7.2599999999999998,-0.23507176668705385,0,0,low_frequency_random,11
7.2650000000000006,-0.082151934499163415,0,0,low_frequency_random,11
7.2700000000000005,-0.062509613158679783,0,0,low_frequency_random,11
7.2750000000000004,-0.031701533734917478,0,0,low_frequency_random,11
7.2800000000000002,-0.0024876152269866468,0,0,low_frequency_random,11
7.2850000000000001,-0.073929804692238629,0,0,low_frequency_random,11
7.29,-0.1658699968280839,0,0,low_frequency_random,11
7.2949999999999999,-0.14627862368517747,0,0,low_frequency_random,11
7.2999999999999998,-0.11596915946836853,0,0,low_frequency_random,11
7.3049999999999997,-0.00649647391392634,0,0,low_frequency_random,11
7.3100000000000005,0.031046897793479574,0,0,low_frequency_random,11
7.3150000000000004,-0.054518853811409432,0,0,low_frequency_random,11
7.3200000000000003,-0.010721189342672632,0,0,low_frequency_random,11
7.3250000000000002,0.056894320731370802,0,0,low_frequency_random,11
7.3300000000000001,0.13819676724041707,0,0,low_frequency_random,11
7.335,0.16567808095907674,0,0,low_frequency_random,11
7.3399999999999999,0.068908898977385377,0,0,low_frequency_random,11
7.3449999999999998,0.16278578730605009,0,0,low_frequency_random,11
7.3500000000000005,0.10510450974568565,0,0,low_frequency_random,11
7.3550000000000004,0.15190616699862028,0,0,low_frequency_random,11
7.3600000000000003,0.027158103801109376,0,0,low_frequency_random,11
7.3650000000000002,0.089580553544943708,0,0,low_frequency_random,11
7.3700000000000001,0.028019939706501414,0,0,low_frequency_random,11
7.375,0.11578493832529681,0,0,low_frequency_random,11
7.3799999999999999,0.25750056866011928,0,0,low_frequency_random,11
7.3849999999999998,0.35105482785558617,0,0,low_frequency_random,11
7.3900000000000006,0.25758049290903556,0,0,low_frequency_random,11
7.3950000000000005,0.18241485185201289,0,0,low_frequency_random,11
7.4000000000000004,0.1134667343642962,0,0,low_frequency_random,11
7.4050000000000002,0.1672000555021155,0,0,low_frequency_random,11
7.4100000000000001,0.19535031192931812,0,0,low_frequency_random,11
7.415,0.20841156149721127,0,0,low_frequency_random,11
7.4199999999999999,0.23343597297387425,0,0,low_frequency_random,11
7.4249999999999998,0.27989658122148131,0,0,low_frequency_random,11
7.4299999999999997,0.33182365727159524,0,0,low_frequency_random,11
7.4350000000000005,0.46632676947504809,0,0,low_frequency_random,11
7.4400000000000004,0.46081244871795085,0,0,low_frequency_random,11
7.4450000000000003,0.47600607784412835,0,0,low_frequency_random,11
7.4500000000000002,0.32672870378512842,0,0,low_frequency_random,11
7.4550000000000001,0.22061283430071216,0,0,low_frequency_random,11
7.46,0.16527944956978483,0,0,low_frequency_random,11
7.4649999999999999,0.070838522993165065,0,0,low_frequency_random,11
7.4699999999999998,0.089091510353064562,0,0,low_frequency_random,11
7.4750000000000005,0.17267354694734205,0,0,low_frequency_random,11
7.4800000000000004,0.13792643588380551,0,0,low_frequency_random,11
7.4850000000000003,0.099298807687168436,0,0,low_frequency_random,11
7.4900000000000002,0.058707319224093418,0,0,low_frequency_random,11
7.4950000000000001,0.069538848029107383,0,0,low_frequency_random,11
7.5,0.026335669982960337,0,0,low_frequency_random,11
7.5049999999999999,0.060833012046639212,0,0,low_frequency_random,11
7.5099999999999998,0.085072753028767434,0,0,low_frequency_random,11
7.5150000000000006,0.11260757582347997,0,0,low_frequency_random,11
7.5200000000000005,0.17344499713855915,0,0,low_frequency_random,11
7.5250000000000004,0.17545964048234655,0,0,low_frequency_random,11
7.5300000000000002,0.18638104236256023,0,0,low_frequency_random,11
7.5350000000000001,0.32613982461060764,0,0,low_frequency_random,11
7.54,0.32109377461398397,0,0,low_frequency_random,11
7.5449999999999999,0.38336100851246391,0,0,low_frequency_random,11
7.5499999999999998,0.38589405630424778,0,0,low_frequency_random,11
7.5549999999999997,0.34748587982779378,0,0,low_frequency_random,11
7.5600000000000005,0.30929926011054015,0,0,low_frequency_random,11
7.5650000000000004,0.24228832173813464,0,0,low_frequency_random,11
7.5700000000000003,0.2419856930458866,0,0,low_frequency_random,11
7.5750000000000002,0.19251505143530068,0,0,low_frequency_random,11
7.5800000000000001,0.15771557296588284,0,0,low_frequency_random,11
7.585,0.25415420204445532,0,0,low_frequency_random,11
7.5899999999999999,0.24213924218097674,0,0,low_frequency_random,11
7.5949999999999998,0.3318198836939118,0,0,low_frequency_random,11
7.6000000000000005,0.35124633183447918,0,0,low_frequency_random,11
7.6050000000000004,0.41815992967279214,0,0,low_frequency_random,11
7.6100000000000003,0.36719272202665426,0,0,low_frequency_random,11
7.6150000000000002,0.37696030470386155,0,0,low_frequency_random,11
7.6200000000000001,0.5852294765342807,0,0,low_frequency_random,11
7.625,0.6481413672867391,0,0,low_frequency_random,11
7.6299999999999999,0.72475569818504593,0,0,low_frequency_random,11
7.6349999999999998,0.73950002343288757,0,0,low_frequency_random,11
7.6400000000000006,0.80395125540736601,0,0,low_frequency_random,11
7.6450000000000005,0.7068776655631811,0,0,low_frequency_random,11
7.6500000000000004,0.63508623667887243,0,0,low_frequency_random,11
7.6550000000000002,0.66575136886175768,0,0,low_frequency_random,11
7.6600000000000001,0.72745585956715109,0,0,low_frequency_random,11
7.665,0.69065007645792009,0,0,low_frequency_random,11
7.6699999999999999,0.67175033069402679,0,0,low_frequency_random,11
7.6749999999999998,0.63899788744873942,0,0,low_frequency_random,11
7.6799999999999997,0.62024540108895121,0,0,low_frequency_random,11
7.6850000000000005,0.52072480520450071,0,0,low_frequency_random,11
7.6900000000000004,0.40310264032153043,0,0,low_frequency_random,11
7.6950000000000003,0.39382158031819581,0,0,low_frequency_random,11
7.7000000000000002,0.25238336064835021,0,0,low_frequency_random,11
7.7050000000000001,0.17216955455914973,0,0,low_frequency_random,11
7.71,0.117692543685726,0,0,low_frequency_random,11
7.7149999999999999,0.03208181459757925,0,0,low_frequency_random,11
7.7199999999999998,0.049844409690998751,0,0,low_frequency_random,11
7.7250000000000005,0.012825029406618942,0,0,low_frequency_random,11
7.7300000000000004,0.0050410110639512581,0,0,low_frequency_random,11
7.7350000000000003,-0.076964560797715798,0,0,low_frequency_random,11
7.7400000000000002,-0.13725808425946642,0,0,low_frequency_random,11
7.7450000000000001,-0.097238991887105164,0,0,low_frequency_random,11
7.75,-0.069413685078335993,0,0,low_frequency_random,11
7.7549999999999999,-0.10790527175262613,0,0,low_frequency_random,11
7.7599999999999998,-0.080134406537057501,0,0,low_frequency_random,11
7.7650000000000006,-0.066640261277981991,0,0,low_frequency_random,11
7.7700000000000005,-0.055540626649690256,0,0,low_frequency_random,11
7.7750000000000004,0.069971820358337752,0,0,low_frequency_random,11
7.7800000000000002,0.035541552914520359,0,0,low_frequency_random,11
7.7850000000000001,0.066672679519301364,0,0,low_frequency_random,11
7.79,0.097750645608652847,0,0,low_frequency_random,11
7.7949999999999999,0.076299752007582086,0,0,low_frequency_random,11
7.7999999999999998,-0.019383381334434194,0,0,low_frequency_random,11
7.8050000000000006,0.033429746645129557,0,0,low_frequency_random,11
7.8100000000000005,0.051668359256327061,0,0,low_frequency_random,11
7.8150000000000004,0.052798921691440535,0,0,low_frequency_random,11
7.8200000000000003,0.051735751063751549,0,0,low_frequency_random,11
7.8250000000000002,0.050432075888950156,0,0,low_frequency_random,11
7.8300000000000001,-0.023999490212599277,0,0,low_frequency_random,11
7.835,-0.0035013701460783336,0,0,low_frequency_random,11
7.8399999999999999,-0.15039826979801224,0,0,low_frequency_random,11
7.8449999999999998,-0.15487217221406838,0,0,low_frequency_random,11
7.8500000000000005,-0.27674832266611232,0,0,low_frequency_random,11
7.8550000000000004,-0.30681307861151064,0,0,low_frequency_random,11
7.8600000000000003,-0.25164925289248724,0,0,low_frequency_random,11
7.8650000000000002,-0.27462581237079531,0,0,low_frequency_random,11
7.8700000000000001,-0.31516425277933574,0,0,low_frequency_random,11
7.875,-0.27632699737999528,0,0,low_frequency_random,11
7.8799999999999999,-0.30024052283330016,0,0,low_frequency_random,11
7.8849999999999998,-0.33517062310402918,0,0,low_frequency_random,11
7.8900000000000006,-0.36882944067755463,0,0,low_frequency_random,11
7.8950000000000005,-0.25035281548181942,0,0,low_frequency_random,11
7.9000000000000004,-0.20016983723932355,0,0,low_frequency_random,11
7.9050000000000002,-0.1649389277794977,0,0,low_frequency_random,11
7.9100000000000001,-0.26329136592732283,0,0,low_frequency_random,11
7.915,-0.21683974874937392,0,0,low_frequency_random,11
7.9199999999999999,-0.32327370733814931,0,0,low_frequency_random,11
7.9249999999999998,-0.28781080198148179,0,0,low_frequency_random,11
7.9300000000000006,-0.379887233464272,0,0,low_frequency_random,11
7.9350000000000005,-0.22672257269663409,0,0,low_frequency_random,11
7.9400000000000004,-0.36454672162675927,0,0,low_frequency_random,11
7.9450000000000003,-0.2698750642810962,0,0,low_frequency_random,11
7.9500000000000002,-0.20929431114917693,0,0,low_frequency_random,11
7.9550000000000001,-0.35463786835792965,0,0,low_frequency_random,11
7.96,-0.3768348760704372,0,0,low_frequency_random,11
7.9649999999999999,-0.26449405613648097,0,0,low_frequency_random,11
7.9699999999999998,-0.17734100314390733,0,0,low_frequency_random,11
7.9750000000000005,-0.31363142971549307,0,0,low_frequency_random,11
7.9800000000000004,-0.35842731184213189,0,0,low_frequency_random,11
7.9850000000000003,-0.45517845343828534,0,0,low_frequency_random,11
7.9900000000000002,-0.53958483645864552,0,0,low_frequency_random,11
7.9950000000000001,-0.59307020709487845,0,0,low_frequency_random,11
8,-0.44815723456669487,0,0,low_frequency_random,11
8.0050000000000008,-0.44028114623788456,0,0,low_frequency_random,11
8.0099999999999998,-0.46112863207162075,0,0,low_frequency_random,11
8.0150000000000006,-0.49058113043548723,0,0,low_frequency_random,11
8.0199999999999996,-0.44004600761237,0,0,low_frequency_random,11
8.0250000000000004,-0.38779060884657707,0,0,low_frequency_random,11
8.0299999999999994,-0.46429242236524731,0,0,low_frequency_random,11
8.0350000000000001,-0.35000084880017646,0,0,low_frequency_random,11
8.0400000000000009,-0.43977284667691158,0,0,low_frequency_random,11
8.0449999999999999,-0.46481954041269835,0,0,low_frequency_random,11
8.0500000000000007,-0.43169449795509884,0,0,low_frequency_random,11
8.0549999999999997,-0.29819404307706032,0,0,low_frequency_random,11
8.0600000000000005,-0.3294889891222213,0,0,low_frequency_random,11
8.0649999999999995,-0.31019993516638761,0,0,low_frequency_random,11
8.0700000000000003,-0.2098997477089366,0,0,low_frequency_random,11
8.0749999999999993,-0.16429903680122837,0,0,low_frequency_random,11
8.0800000000000001,-0.078724547717004489,0,0,low_frequency_random,11
8.0850000000000009,-0.00067363635339950934,0,0,low_frequency_random,11
8.0899999999999999,0.014877143423897196,0,0,low_frequency_random,11
8.0950000000000006,0.05994547114553294,0,0,low_frequency_random,11
8.0999999999999996,0.12759492430104954,0,0,low_frequency_random,11
8.1050000000000004,0.11954915413592117,0,0,low_frequency_random,11
8.1099999999999994,0.2412920313230984,0,0,low_frequency_random,11
8.1150000000000002,0.076418507589775114,0,0,low_frequency_random,11
8.120000000000001,-0.0026155206610086607,0,0,low_frequency_random,11
8.125,0.10741671704105384,0,0,low_frequency_random,11
8.1300000000000008,0.1357678989096075,0,0,low_frequency_random,11
8.1349999999999998,0.07852349248170129,0,0,low_frequency_random,11
8.1400000000000006,0.1031277899107748,0,0,low_frequency_random,11
8.1449999999999996,0.1841582238311037,0,0,low_frequency_random,11
8.1500000000000004,0.13348371140805618,0,0,low_frequency_random,11
8.1549999999999994,0.18894506845545386,0,0,low_frequency_random,11
8.1600000000000001,0.17311733518263991,0,0,low_frequency_random,11
8.1650000000000009,0.15807290384362191,0,0,low_frequency_random,11
8.1699999999999999,0.14663789146465486,0,0,low_frequency_random,11
8.1750000000000007,0.22948363075675288,0,0,low_frequency_random,11
8.1799999999999997,0.13389382457067805,0,0,low_frequency_random,11
8.1850000000000005,0.098803857564946057,0,0,low_frequency_random,11
8.1899999999999995,0.14608116949487784,0,0,low_frequency_random,11
8.1950000000000003,0.042996330340914601,0,0,low_frequency_random,11
8.1999999999999993,-0.088443243429466786,0,0,low_frequency_random,11
8.2050000000000001,-0.047679688013660695,0,0,low_frequency_random,11
8.2100000000000009,-0.052390472204970007,0,0,low_frequency_random,11
8.2149999999999999,-0.068938933418674117,0,0,low_frequency_random,11
8.2200000000000006,-0.062301408194174783,0,0,low_frequency_random,11
8.2249999999999996,-0.14462324316587222,0,0,low_frequency_random,11
8.2300000000000004,0.083463431521822479,0,0,low_frequency_random,11
8.2349999999999994,-0.00053528459052518129,0,0,low_frequency_random,11
8.2400000000000002,-0.040323942949245642,0,0,low_frequency_random,11
8.245000000000001,-0.15861293991925166,0,0,low_frequency_random,11
8.25,-0.19605961829970539,0,0,low_frequency_random,11
8.2550000000000008,-0.078346043833644893,0,0,low_frequency_random,11
8.2599999999999998,-0.081499571391514633,0,0,low_frequency_random,11
8.2650000000000006,-0.038682729307457774,0,0,low_frequency_random,11
8.2699999999999996,-0.082119339397249858,0,0,low_frequency_random,11
8.2750000000000004,0.057916570756450542,0,0,low_frequency_random,11
8.2799999999999994,0.065650818484018936,0,0,low_frequency_random,11
8.2850000000000001,-0.039344600906019642,0,0,low_frequency_random,11
8.2900000000000009,0.017241887424611552,0,0,low_frequency_random,11
8.2949999999999999,-0.017392879130535326,0,0,low_frequency_random,11
8.3000000000000007,0.02607443590113271,0,0,low_frequency_random,11
8.3049999999999997,0.031994274973726047,0,0,low_frequency_random,11
8.3100000000000005,0.047803397107638687,0,0,low_frequency_random,11
8.3149999999999995,0.053406467525786386,0,0,low_frequency_random,11
8.3200000000000003,-0.024175583636000295,0,0,low_frequency_random,11
8.3249999999999993,-0.14898945425686727,0,0,low_frequency_random,11
8.3300000000000001,-0.075448721104280317,0,0,low_frequency_random,11
8.3350000000000009,-0.09096222623866132,0,0,low_frequency_random,11
8.3399999999999999,-0.072798597564051229,0,0,low_frequency_random,11
8.3450000000000006,-0.11453909482055066,0,0,low_frequency_random,11
8.3499999999999996,-0.28051040651083547,0,0,low_frequency_random,11
8.3550000000000004,-0.38610796163398658,0,0,low_frequency_random,11
8.3599999999999994,-0.27794383494170688,0,0,low_frequency_random,11
8.3650000000000002,-0.34434116875421267,0,0,low_frequency_random,11
8.370000000000001,-0.37829004553057932,0,0,low_frequency_random,11
8.375,-0.49863327638815524,0,0,low_frequency_random,11
8.3800000000000008,-0.54341400867590783,0,0,low_frequency_random,11
8.3849999999999998,-0.57561429411988929,0,0,low_frequency_random,11
8.3900000000000006,-0.59563024438761525,0,0,low_frequency_random,11
8.3949999999999996,-0.60376751057455513,0,0,low_frequency_random,11
8.4000000000000004,-0.65639836476130142,0,0,low_frequency_random,11
8.4049999999999994,-0.70423183444207482,0,0,low_frequency_random,11
8.4100000000000001,-0.70711449456804898,0,0,low_frequency_random,11
8.4150000000000009,-0.68314946389350706,0,0,low_frequency_random,11
8.4199999999999999,-0.69641859919738236,0,0,low_frequency_random,11
8.4250000000000007,-0.55924333235042667,0,0,low_frequency_random,11
8.4299999999999997,-0.54543862799588316,0,0,low_frequency_random,11
8.4350000000000005,-0.53525306857469535,0,0,low_frequency_random,11
8.4399999999999995,-0.59034619496437291,0,0,low_frequency_random,11
8.4450000000000003,-0.51088073640111031,0,0,low_frequency_random,11
8.4499999999999993,-0.59547474202000272,0,0,low_frequency_random,11
8.4550000000000001,-0.7271126394499442,0,0,low_frequency_random,11
8.4600000000000009,-0.80681733676164769,0,0,low_frequency_random,11
8.4649999999999999,-0.75892235713617351,0,0,low_frequency_random,11
8.4700000000000006,-0.85201415430573513,0,0,low_frequency_random,11
8.4749999999999996,-0.75008415311863663,0,0,low_frequency_random,11
8.4800000000000004,-0.75373824348722718,0,0,low_frequency_random,11
8.4849999999999994,-0.8765673983164034,0,0,low_frequency_random,11
8.4900000000000002,-0.89609291971910954,0,0,low_frequency_random,11
8.495000000000001,-0.75493688800437331,0,0,low_frequency_random,11
8.5,-0.8254475784862807,0,0,low_frequency_random,11
8.5050000000000008,-0.93150829792662115,0,0,low_frequency_random,11
8.5099999999999998,-0.89164439413791985,0,0,low_frequency_random,11
8.5150000000000006,-0.78863844482115464,0,0,low_frequency_random,11
8.5199999999999996,-0.7092938123986513,0,0,low_frequency_random,11
8.5250000000000004,-0.73767058466760538,0,0,low_frequency_random,11
8.5299999999999994,-0.72472406022578351,0,0,low_frequency_random,11
8.5350000000000001,-0.70088024713589325,0,0,low_frequency_random,11
8.5400000000000009,-0.60940593414588318,0,0,low_frequency_random,11
8.5449999999999999,-0.44061420929378026,0,0,low_frequency_random,11
8.5500000000000007,-0.45272800247942813,0,0,low_frequency_random,11
8.5549999999999997,-0.35250046242269023,0,0,low_frequency_random,11
8.5600000000000005,-0.38390443961785481,0,0,low_frequency_random,11
8.5649999999999995,-0.34070104023445658,0,0,low_frequency_random,11
8.5700000000000003,-0.41918539937501259,0,0,low_frequency_random,11
8.5750000000000011,-0.483778695252577,0,0,low_frequency_random,11
8.5800000000000001,-0.45394765863835651,0,0,low_frequency_random,11
8.5850000000000009,-0.52896048279149621,0,0,low_frequency_random,11
8.5899999999999999,-0.46125249096137427,0,0,low_frequency_random,11
8.5950000000000006,-0.50860859422464577,0,0,low_frequency_random,11
8.5999999999999996,-0.50560595226153726,0,0,low_frequency_random,11
8.6050000000000004,-0.51546666357173421,0,0,low_frequency_random,11
8.6099999999999994,-0.5452177209318444,0,0,low_frequency_random,11
8.6150000000000002,-0.53776480346637157,0,0,low_frequency_random,11
8.620000000000001,-0.45467545026147993,0,0,low_frequency_random,11
8.625,-0.21032636341991681,0,0,low_frequency_random,11
8.6300000000000008,-0.30970413670918029,0,0,low_frequency_random,11
8.6349999999999998,-0.28992420578750422,0,0,low_frequency_random,11
8.6400000000000006,-0.3082006585594449,0,0,low_frequency_random,11
8.6449999999999996,-0.38525753392206841,0,0,low_frequency_random,11
8.6500000000000004,-0.3661999723205453,0,0,low_frequency_random,11
8.6549999999999994,-0.44020588350617162,0,0,low_frequency_random,11
8.6600000000000001,-0.44995986951975314,0,0,low_frequency_random,11
8.6650000000000009,-0.35449721653718819,0,0,low_frequency_random,11
8.6699999999999999,-0.51971352911004187,0,0,low_frequency_random,11
8.6750000000000007,-0.50307088590657556,0,0,low_frequency_random,11
8.6799999999999997,-0.47062398676392758,0,0,low_frequency_random,11
8.6850000000000005,-0.55038632768331763,0,0,low_frequency_random,11
8.6899999999999995,-0.51154661795427259,0,0,low_frequency_random,11
8.6950000000000003,-0.48665173483747437,0,0,low_frequency_random,11
8.7000000000000011,-0.5177811067899849,0,0,low_frequency_random,11
8.7050000000000001,-0.42418927526604838,0,0,low_frequency_random,11
8.7100000000000009,-0.53211145127583825,0,0,low_frequency_random,11
8.7149999999999999,-0.48384820925217165,0,0,low_frequency_random,11
8.7200000000000006,-0.50578449478195764,0,0,low_frequency_random,11
8.7249999999999996,-0.59327298356630409,0,0,low_frequency_random,11
8.7300000000000004,-0.61019545248002072,0,0,low_frequency_random,11
8.7349999999999994,-0.64073701992392507,0,0,low_frequency_random,11
8.7400000000000002,-0.57791366385465159,0,0,low_frequency_random,11
8.745000000000001,-0.70006506120092749,0,0,low_frequency_random,11
8.75,-0.7178229486736194,0,0,low_frequency_random,11
8.7550000000000008,-0.75632400634215835,0,0,low_frequency_random,11
8.7599999999999998,-0.63276289723497081,0,0,low_frequency_random,11
8.7650000000000006,-0.72456919158671229,0,0,low_frequency_random,11
8.7699999999999996,-0.64223097846634691,0,0,low_frequency_random,11
8.7750000000000004,-0.78497720712521979,0,0,low_frequency_random,11
8.7799999999999994,-0.75945084964994802,0,0,low_frequency_random,11
8.7850000000000001,-0.77241788897015218,0,0,low_frequency_random,11
8.7900000000000009,-0.74437275022012517,0,0,low_frequency_random,11
8.7949999999999999,-0.80276867568307453,0,0,low_frequency_random,11
8.8000000000000007,-0.9605248043098058,0,0,low_frequency_random,11
8.8049999999999997,-1.0851866020071366,0,0,low_frequency_random,11
8.8100000000000005,-0.98127021434256934,0,0,low_frequency_random,11
8.8149999999999995,-0.96566973273530565,0,0,low_frequency_random,11
8.8200000000000003,-1.036193873788497,0,0,low_frequency_random,11
8.8250000000000011,-0.9656665669541864,0,0,low_frequency_random,11
8.8300000000000001,-1.026821240045722,0,0,low_frequency_random,11
8.8350000000000009,-1.0872381428285323,0,0,low_frequency_random,11
8.8399999999999999,-1.1852427966601813,0,0,low_frequency_random,11
8.8450000000000006,-1.0920613467729416,0,0,low_frequency_random,11
8.8499999999999996,-0.93675528761724891,0,0,low_frequency_random,11
8.8550000000000004,-1.0158125915527869,0,0,low_frequency_random,11
8.8599999999999994,-0.99453177776634516,0,0,low_frequency_random,11
8.8650000000000002,-0.91848224443394832,0,0,low_frequency_random,11
8.870000000000001,-0.75208251122687519,0,0,low_frequency_random,11
8.875,-0.94674208619382605,0,0,low_frequency_random,11
8.8800000000000008,-0.93787151094231913,0,0,low_frequency_random,11
8.8849999999999998,-0.88886797830031106,0,0,low_frequency_random,11
8.8900000000000006,-1.0097399388441954,0,0,low_frequency_random,11
8.8949999999999996,-0.97943421833467592,0,0,low_frequency_random,11
8.9000000000000004,-0.96613346979402548,0,0,low_frequency_random,11
8.9049999999999994,-0.91096470146799391,0,0,low_frequency_random,11
8.9100000000000001,-0.96031994947373167,0,0,low_frequency_random,11
8.9150000000000009,-0.92964460430106444,0,0,low_frequency_random,11
8.9199999999999999,-0.98078632704285262,0,0,low_frequency_random,11
8.9250000000000007,-0.93504275330203612,0,0,low_frequency_random,11
8.9299999999999997,-0.92527803892805949,0,0,low_frequency_random,11
8.9350000000000005,-0.95828388620907223,0,0,low_frequency_random,11
8.9399999999999995,-1.0740323047505742,0,0,low_frequency_random,11
8.9450000000000003,-0.94474841875651583,0,0,low_frequency_random,11
8.9500000000000011,-0.85912969041598686,0,0,low_frequency_random,11
8.9550000000000001,-0.79223367650950371,0,0,low_frequency_random,11
8.9600000000000009,-0.84891211978759373,0,0,low_frequency_random,11
8.9649999999999999,-0.88024947913667395,0,0,low_frequency_random,11
8.9700000000000006,-0.75019051969251416,0,0,low_frequency_random,11
8.9749999999999996,-0.69464463512284125,0,0,low_frequency_random,11
8.9800000000000004,-0.76673776874748778,0,0,low_frequency_random,11
8.9849999999999994,-0.76677293863170715,0,0,low_frequency_random,11
8.9900000000000002,-0.75919270166010289,0,0,low_frequency_random,11
8.995000000000001,-0.77884713285386098,0,0,low_frequency_random,11
9,-0.8577246888574771,0,0,low_frequency_random,11
9.0050000000000008,-0.76073198615730064,0,0,low_frequency_random,11
9.0099999999999998,-0.71727774595818283,0,0,low_frequency_random,11
9.0150000000000006,-0.73675158461750545,0,0,low_frequency_random,11
9.0199999999999996,-0.86587140182362454,0,0,low_frequency_random,11
9.0250000000000004,-0.91532534386546349,0,0,low_frequency_random,11
9.0299999999999994,-0.91825265959981661,0,0,low_frequency_random,11
9.0350000000000001,-0.85148286106794191,0,0,low_frequency_random,11
9.0400000000000009,-0.88374237852461612,0,0,low_frequency_random,11
9.0449999999999999,-0.79781148860672291,0,0,low_frequency_random,11
9.0500000000000007,-0.78948850175339957,0,0,low_frequency_random,11
9.0549999999999997,-0.85174579495139191,0,0,low_frequency_random,11
9.0600000000000005,-1.0770788196760512,0,0,low_frequency_random,11
9.0649999999999995,-1.1720840296881705,0,0,low_frequency_random,11
9.0700000000000003,-1.2917870322917029,0,0,low_frequency_random,11
9.0750000000000011,-1.3039637598667644,0,0,low_frequency_random,11
9.0800000000000001,-1.2773790087172439,0,0,low_frequency_random,11
9.0850000000000009,-1.1664636955014522,0,0,low_frequency_random,11
9.0899999999999999,-1.1679724252241026,0,0,low_frequency_random,11
9.0950000000000006,-1.2608412041199812,0,0,low_frequency_random,11
9.0999999999999996,-1.0730236516201019,0,0,low_frequency_random,11
9.1050000000000004,-1.0489609900142409,0,0,low_frequency_random,11
9.1099999999999994,-1.0708477191644696,0,0,low_frequency_random,11
9.1150000000000002,-1.0924837540055987,0,0,low_frequency_random,11
9.120000000000001,-1.2009199493211455,0,0,low_frequency_random,11
9.125,-1.150121746305476,0,0,low_frequency_random,11
9.1300000000000008,-1.1204428553323804,0,0,low_frequency_random,11
9.1349999999999998,-0.99389365583303135,0,0,low_frequency_random,11
9.1400000000000006,-0.90674280089139392,0,0,low_frequency_random,11
9.1449999999999996,-0.83860545578729284,0,0,low_frequency_random,11
9.1500000000000004,-0.73962370238778608,0,0,low_frequency_random,11
9.1549999999999994,-0.76416927453302863,0,0,low_frequency_random,11
9.1600000000000001,-0.80124721531078313,0,0,low_frequency_random,11
9.1650000000000009,-0.80662143685093823,0,0,low_frequency_random,11
9.1699999999999999,-0.90737043196961908,0,0,low_frequency_random,11
9.1750000000000007,-0.91952264282676621,0,0,low_frequency_random,11
9.1799999999999997,-0.94641231103809353,0,0,low_frequency_random,11
9.1850000000000005,-0.89341562669375951,0,0,low_frequency_random,11
9.1899999999999995,-0.89514510188537089,0,0,low_frequency_random,11
9.1950000000000003,-1.0479165084694659,0,0,low_frequency_random,11
9.2000000000000011,-1.0451266060074242,0,0,low_frequency_random,11
9.2050000000000001,-0.93169567772050721,0,0,low_frequency_random,11
9.2100000000000009,-1.078240095198524,0,0,low_frequency_random,11
9.2149999999999999,-1.1381142553773287,0,0,low_frequency_random,11
9.2200000000000006,-1.1356683599199324,0,0,low_frequency_random,11
9.2249999999999996,-1.2403621297610896,0,0,low_frequency_random,11
9.2300000000000004,-1.2824636583365052,0,0,low_frequency_random,11
9.2349999999999994,-1.275989141543624,0,0,low_frequency_random,11
9.2400000000000002,-1.3792350140864367,0,0,low_frequency_random,11
9.245000000000001,-1.3531264945362627,0,0,low_frequency_random,11
9.25,-1.3178960349881217,0,0,low_frequency_random,11
9.2550000000000008,-1.416641094569191,0,0,low_frequency_random,11
9.2599999999999998,-1.4114586837000906,0,0,low_frequency_random,11
9.2650000000000006,-1.3222087638280442,0,0,low_frequency_random,11
9.2699999999999996,-1.3335326135117362,0,0,low_frequency_random,11
9.2750000000000004,-1.2959278894695236,0,0,low_frequency_random,11
9.2799999999999994,-1.241876712074603,0,0,low_frequency_random,11
9.2850000000000001,-1.2580968736912188,0,0,low_frequency_random,11
9.2900000000000009,-1.1770039342121694,0,0,low_frequency_random,11
9.2949999999999999,-1.1439452172482358,0,0,low_frequency_random,11
9.3000000000000007,-1.2207844913193915,0,0,low_frequency_random,11
9.3049999999999997,-1.1763893053711423,0,0,low_frequency_random,11
9.3100000000000005,-1.1047923218341691,0,0,low_frequency_random,11
9.3149999999999995,-1.0382582305554906,0,0,low_frequency_random,11
9.3200000000000003,-1.0875887299288673,0,0,low_frequency_random,11
9.3250000000000011,-1.0485167977700651,0,0,low_frequency_random,11
9.3300000000000001,-0.9367021562413268,0,0,low_frequency_random,11
9.3350000000000009,-0.91647967210003678,0,0,low_frequency_random,11
9.3399999999999999,-0.82015875759387824,0,0,low_frequency_random,11
9.3450000000000006,-0.7149570740821346,0,0,low_frequency_random,11
9.3499999999999996,-0.71689900435040466,0,0,low_frequency_random,11
9.3550000000000004,-0.66313018907750543,0,0,low_frequency_random,11
9.3599999999999994,-0.68545447818230487,0,0,low_frequency_random,11
9.3650000000000002,-0.59917432303776741,0,0,low_frequency_random,11
9.370000000000001,-0.60574163985914287,0,0,low_frequency_random,11
9.375,-0.64885696735964138,0,0,low_frequency_random,11
9.3800000000000008,-0.64986606440622074,0,0,low_frequency_random,11
9.3849999999999998,-0.65456608316142595,0,0,low_frequency_random,11
9.3900000000000006,-0.6229074030715086,0,0,low_frequency_random,11
9.3949999999999996,-0.58471701928420827,0,0,low_frequency_random,11
9.4000000000000004,-0.6767528481947066,0,0,low_frequency_random,11
9.4049999999999994,-0.7273189384117057,0,0,low_frequency_random,11
9.4100000000000001,-0.69687179214098327,0,0,low_frequency_random,11
9.4150000000000009,-0.65684657739152374,0,0,low_frequency_random,11
9.4199999999999999,-0.64849406864714809,0,0,low_frequency_random,11
9.4250000000000007,-0.43676610983833869,0,0,low_frequency_random,11
9.4299999999999997,-0.34686237640862644,0,0,low_frequency_random,11
9.4350000000000005,-0.35266091950779005,0,0,low_frequency_random,11
9.4399999999999995,-0.2940999258646792,0,0,low_frequency_random,11
9.4450000000000003,-0.18707565059402101,0,0,low_frequency_random,11
9.4500000000000011,-0.15808092302276405,0,0,low_frequency_random,11
9.4550000000000001,-0.29757862366953691,0,0,low_frequency_random,11
9.4600000000000009,-0.28920341121862381,0,0,low_frequency_random,11
9.4649999999999999,-0.28446670520269268,0,0,low_frequency_random,11
9.4700000000000006,-0.1134907621250997,0,0,low_frequency_random,11
9.4749999999999996,-0.26010510922559127,0,0,low_frequency_random,11
9.4800000000000004,-0.13582388377262017,0,0,low_frequency_random,11
9.4849999999999994,-0.14790774019904565,0,0,low_frequency_random,11
9.4900000000000002,-0.073046605832474826,0,0,low_frequency_random,11
9.495000000000001,-0.096081685611779336,0,0,low_frequency_random,11
9.5,-0.081591603518208849,0,0,low_frequency_random,11
9.5050000000000008,0.009233461692977063,0,0,low_frequency_random,11
9.5099999999999998,0.01612219239106135,0,0,low_frequency_random,11
9.5150000000000006,0.10046183998145297,0,0,low_frequency_random,11
9.5199999999999996,0.093877440729483189,0,0,low_frequency_random,11
9.5250000000000004,0.061146513510223051,0,0,low_frequency_random,11
9.5299999999999994,0.04388762629793036,0,0,low_frequency_random,11
9.5350000000000001,0.0041009008875512593,0,0,low_frequency_random,11
9.5400000000000009,-0.0048757824878019754,0,0,low_frequency_random,11
9.5449999999999999,0.10454916228045393,0,0,low_frequency_random,11
9.5500000000000007,0.011416081757163229,0,0,low_frequency_random,11
9.5549999999999997,-0.1203248110878285,0,0,low_frequency_random,11
9.5600000000000005,-0.12031023678020579,0,0,low_frequency_random,11
9.5649999999999995,0.015681010182264948,0,0,low_frequency_random,11
9.5700000000000003,0.10015707291019739,0,0,low_frequency_random,11
9.5750000000000011,0.20630174638213722,0,0,low_frequency_random,11
9.5800000000000001,0.30622650529492107,0,0,low_frequency_random,11
9.5850000000000009,0.24773849600729314,0,0,low_frequency_random,11
9.5899999999999999,0.25726025183196027,0,0,low_frequency_random,11
9.5950000000000006,0.045008541557919196,0,0,low_frequency_random,11
9.5999999999999996,-0.0024232905054199227,0,0,low_frequency_random,11
9.6050000000000004,0.04754774688415201,0,0,low_frequency_random,11
9.6099999999999994,-0.075388552375345141,0,0,low_frequency_random,11
9.6150000000000002,-0.23785659816126709,0,0,low_frequency_random,11
9.620000000000001,-0.33866072313182916,0,0,low_frequency_random,11
9.625,-0.3177405509987799,0,0,low_frequency_random,11
9.6300000000000008,-0.22108657033961521,0,0,low_frequency_random,11
9.6349999999999998,-0.011518047540624132,0,0,low_frequency_random,11
9.6400000000000006,0.10489009927603894,0,0,low_frequency_random,11
9.6449999999999996,-0.014294033909404952,0,0,low_frequency_random,11
9.6500000000000004,-0.19696543571045691,0,0,low_frequency_random,11
9.6549999999999994,-0.18143856829219696,0,0,low_frequency_random,11
9.6600000000000001,-0.09325378599378488,0,0,low_frequency_random,11
9.6650000000000009,-0.21903728110852944,0,0,low_frequency_random,11
9.6699999999999999,-0.25660276305268159,0,0,low_frequency_random,11
9.6750000000000007,-0.28801290336398744,0,0,low_frequency_random,11
9.6799999999999997,-0.28046475271948967,0,0,low_frequency_random,11
9.6850000000000005,-0.28983972713824724,0,0,low_frequency_random,11
9.6899999999999995,-0.24343496237232087,0,0,low_frequency_random,11
9.6950000000000003,-0.15388919447486321,0,0,low_frequency_random,11
9.7000000000000011,-0.14330025261224816,0,0,low_frequency_random,11
9.7050000000000001,-0.078453252230105366,0,0,low_frequency_random,11
9.7100000000000009,0.085397235268640848,0,0,low_frequency_random,11
9.7149999999999999,0.0079504481443137126,0,0,low_frequency_random,11
9.7200000000000006,-0.071033929021907388,0,0,low_frequency_random,11
9.7249999999999996,-0.025238412487503754,0,0,low_frequency_random,11
9.7300000000000004,0.12764887787752979,0,0,low_frequency_random,11
9.7349999999999994,0.14541752504366115,0,0,low_frequency_random,11
9.7400000000000002,0.23712674786469601,0,0,low_frequency_random,11
9.745000000000001,0.21669327863624432,0,0,low_frequency_random,11
9.75,0.29418240190174239,0,0,low_frequency_random,11
9.7550000000000008,0.24831457095219306,0,0,low_frequency_random,11
9.7599999999999998,0.3066592116838523,0,0,low_frequency_random,11
9.7650000000000006,0.34257957070388184,0,0,low_frequency_random,11
9.7699999999999996,0.37841261926301528,0,0,low_frequency_random,11
9.7750000000000004,0.49260538537590126,0,0,low_frequency_random,11
9.7799999999999994,0.58175563813095754,0,0,low_frequency_random,11
9.7850000000000001,0.53764099671827814,0,0,low_frequency_random,11
9.7900000000000009,0.61236170725665873,0,0,low_frequency_random,11
9.7949999999999999,0.48065274216849208,0,0,low_frequency_random,11
9.8000000000000007,0.56431301665336331,0,0,low_frequency_random,11
9.8049999999999997,0.78824804466428677,0,0,low_frequency_random,11
9.8100000000000005,0.83417905429296191,0,0,low_frequency_random,11
9.8149999999999995,0.87827178848085574,0,0,low_frequency_random,11
9.8200000000000003,0.88687913927210327,0,0,low_frequency_random,11
9.8250000000000011,0.95699939079992302,0,0,low_frequency_random,11
9.8300000000000001,0.92458730628449992,0,0,low_frequency_random,11
9.8350000000000009,0.98211140292595789,0,0,low_frequency_random,11
9.8399999999999999,0.96432857349487189,0,0,low_frequency_random,11
9.8450000000000006,0.93464759010692899,0,0,low_frequency_random,11
9.8499999999999996,0.94906115543825798,0,0,low_frequency_random,11
9.8550000000000004,0.94887143288638998,0,0,low_frequency_random,11
9.8599999999999994,0.81509632928492148,0,0,low_frequency_random,11
9.8650000000000002,0.98633193191843449,0,0,low_frequency_random,11
9.870000000000001,1.0022836134906956,0,0,low_frequency_random,11
9.875,0.87174321333003602,0,0,low_frequency_random,11
9.8800000000000008,0.96323157165955753,0,0,low_frequency_random,11
9.8849999999999998,0.9660393194351875,0,0,low_frequency_random,11
9.8900000000000006,0.98745750450509251,0,0,low_frequency_random,11
9.8949999999999996,1.0489001777101421,0,0,low_frequency_random,11
9.9000000000000004,0.98219744222549821,0,0,low_frequency_random,11
9.9049999999999994,0.75235671127139137,0,0,low_frequency_random,11
9.9100000000000001,0.75061691003678199,0,0,low_frequency_random,11
9.9150000000000009,0.77618493014712453,0,0,low_frequency_random,11
9.9199999999999999,0.86232744227210156,0,0,low_frequency_random,11
9.9250000000000007,0.80762438662358749,0,0,low_frequency_random,11
9.9299999999999997,0.79231079121038239,0,0,low_frequency_random,11
9.9350000000000005,0.83022686660634792,0,0,low_frequency_random,11
9.9399999999999995,0.81084578001473628,0,0,low_frequency_random,11
9.9450000000000003,0.79689828367562099,0,0,low_frequency_random,11
9.9500000000000011,0.82326720705944867,0,0,low_frequency_random,11
9.9550000000000001,0.74967839285140292,0,0,low_frequency_random,11
9.9600000000000009,0.88234551752991375,0,0,low_frequency_random,11
9.9649999999999999,0.81432460348306623,0,0,low_frequency_random,11
9.9700000000000006,0.82310915775321325,0,0,low_frequency_random,11
9.9749999999999996,0.80265304246890945,0,0,low_frequency_random,11
9.9800000000000004,0.75207502462919928,0,0,low_frequency_random,11
9.9849999999999994,0.8009288704495966,0,0,low_frequency_random,11
9.9900000000000002,0.8874968743494922,0,0,low_frequency_random,11
9.995000000000001,1.0090996412547097,0,0,low_frequency_random,11
10,1.0603360083853981,0,0,low_frequency_random,11
10.005000000000001,1.029070226153399,0,0,low_frequency_random,11
10.01,1.1025475200265282,0,0,low_frequency_random,11
10.015000000000001,0.99150517800030102,0,0,low_frequency_random,11
10.02,1.0001523627487072,0,0,low_frequency_random,11
10.025,1.0464798792917471,0,0,low_frequency_random,11
10.029999999999999,1.0958356709557169,0,0,low_frequency_random,11
10.035,1.0078930785617048,0,0,low_frequency_random,11
10.040000000000001,0.89265398539989316,0,0,low_frequency_random,11
10.045,1.0299798872584565,0,0,low_frequency_random,11
10.050000000000001,0.99307419645302208,0,0,low_frequency_random,11
10.055,0.86559194696298014,0,0,low_frequency_random,11
10.06,0.77115486094451247,0,0,low_frequency_random,11
10.065,0.77703427905148137,0,0,low_frequency_random,11
10.07,0.87583948795101874,0,0,low_frequency_random,11
10.075000000000001,0.87962692267368614,0,0,low_frequency_random,11
10.08,0.97927734720028892,0,0,low_frequency_random,11
10.085000000000001,1.0005568790796588,0,0,low_frequency_random,11
10.09,1.0411860107668229,0,0,low_frequency_random,11
10.095000000000001,1.1223934056984664,0,0,low_frequency_random,11
10.1,1.094509260001725,0,0,low_frequency_random,11
10.105,1.1202859788481081,0,0,low_frequency_random,11
10.109999999999999,1.0912336278019918,0,0,low_frequency_random,11
10.115,1.0423292461382365,0,0,low_frequency_random,11
10.120000000000001,1.0967724472241653,0,0,low_frequency_random,11
10.125,1.0329297098790244,0,0,low_frequency_random,11
10.130000000000001,1.0412148592874739,0,0,low_frequency_random,11
10.135,0.97982686251570461,0,0,low_frequency_random,11
10.140000000000001,0.97464234264320826,0,0,low_frequency_random,11
10.145,0.93438399757279011,0,0,low_frequency_random,11
10.15,1.0235998190650917,0,0,low_frequency_random,11
10.154999999999999,1.031235887527534,0,0,low_frequency_random,11
10.16,1.0384947901931521,0,0,low_frequency_random,11
10.165000000000001,1.1709163040544188,0,0,low_frequency_random,11
10.17,0.93987127518669389,0,0,low_frequency_random,11
10.175000000000001,0.85159412284842628,0,0,low_frequency_random,11
10.18,0.63382880882837145,0,0,low_frequency_random,11
10.185,0.63500320576205316,0,0,low_frequency_random,11
10.19,0.67150506752858141,0,0,low_frequency_random,11
10.195,0.72402464664675725,0,0,low_frequency_random,11
10.200000000000001,0.74615300192596801,0,0,low_frequency_random,11
10.205,0.6769950681583019,0,0,low_frequency_random,11
10.210000000000001,0.81749751026440143,0,0,low_frequency_random,11
10.215,0.84159755657141888,0,0,low_frequency_random,11
10.220000000000001,0.82026761319406871,0,0,low_frequency_random,11
10.225,0.73024117501532304,0,0,low_frequency_random,11
10.23,0.76354360106103125,0,0,low_frequency_random,11
10.234999999999999,0.72378617316551874,0,0,low_frequency_random,11
10.24,0.68739038644822981,0,0,low_frequency_random,11
10.245000000000001,0.70346533809791423,0,0,low_frequency_random,11
10.25,0.72021309264256539,0,0,low_frequency_random,11
10.255000000000001,0.65386895075267348,0,0,low_frequency_random,11
10.26,0.75328048837988115,0,0,low_frequency_random,11
10.265000000000001,0.67210644771559347,0,0,low_frequency_random,11
10.27,0.58208298659919877,0,0,low_frequency_random,11
10.275,0.6061110315724183,0,0,low_frequency_random,11
10.279999999999999,0.61552228662027642,0,0,low_frequency_random,11
10.285,0.62021175699292674,0,0,low_frequency_random,11
10.290000000000001,0.58636487729117404,0,0,low_frequency_random,11
10.295,0.58883436653400112,0,0,low_frequency_random,11
10.300000000000001,0.54290464452855702,0,0,low_frequency_random,11
10.305,0.41050937311876168,0,0,low_frequency_random,11
10.31,0.46896590910174735,0,0,low_frequency_random,11
10.315,0.38754320562068262,0,0,low_frequency_random,11
10.32,0.36907320703205077,0,0,low_frequency_random,11
10.325000000000001,0.42725946520625024,0,0,low_frequency_random,11
10.33,0.4287000871753841,0,0,low_frequency_random,11
10.335000000000001,0.64700375049110215,0,0,low_frequency_random,11
10.34,0.53366662258515662,0,0,low_frequency_random,11
10.345000000000001,0.47281411125431866,0,0,low_frequency_random,11
10.35,0.47897726879182217,0,0,low_frequency_random,11
10.355,0.58626928799613198,0,0,low_frequency_random,11
10.359999999999999,0.56488543184880557,0,0,low_frequency_random,11
10.365,0.44915856928338371,0,0,low_frequency_random,11
10.370000000000001,0.53944251799167475,0,0,low_frequency_random,11
10.375,0.46443645577282017,0,0,low_frequency_random,11
10.380000000000001,0.44748167671560735,0,0,low_frequency_random,11
10.385,0.51673232545239411,0,0,low_frequency_random,11
10.390000000000001,0.46181997715187095,0,0,low_frequency_random,11
10.395,0.42450016057252915,0,0,low_frequency_random,11
10.4,0.46228999023890649,0,0,low_frequency_random,11
10.404999999999999,0.44466443594870958,0,0,low_frequency_random,11
10.41,0.46620478456066644,0,0,low_frequency_random,11
10.415000000000001,0.38919090184117089,0,0,low_frequency_random,11
10.42,0.37854480846052463,0,0,low_frequency_random,11
10.425000000000001,0.29027210180956298,0,0,low_frequency_random,11
10.43,0.16522041742475713,0,0,low_frequency_random,11
10.435,0.30514391346873726,0,0,low_frequency_random,11
10.44,0.3404709891590571,0,0,low_frequency_random,11
10.445,0.41247205131285269,0,0,low_frequency_random,11
10.450000000000001,0.33369433908778667,0,0,low_frequency_random,11
10.455,0.33022310153242762,0,0,low_frequency_random,11
10.460000000000001,0.31263219161922595,0,0,low_frequency_random,11
10.465,0.19811934668447362,0,0,low_frequency_random,11
10.470000000000001,0.24114374349593248,0,0,low_frequency_random,11
10.475,0.18272279546713108,0,0,low_frequency_random,11
10.48,0.16600964995384004,0,0,low_frequency_random,11
10.484999999999999,0.044484269141360888,0,0,low_frequency_random,11
10.49,0.12385779410790743,0,0,low_frequency_random,11
10.495000000000001,0.18417510613440646,0,0,low_frequency_random,11
10.5,0.21491471228959355,0,0,low_frequency_random,11
10.505000000000001,0.14162198497372736,0,0,low_frequency_random,11
10.51,0.098249435730881102,0,0,low_frequency_random,11
10.515000000000001,0.19560103964635944,0,0,low_frequency_random,11
10.52,0.17287401791936644,0,0,low_frequency_random,11
10.525,0.19364242879553445,0,0,low_frequency_random,11
10.529999999999999,0.2042361834606681,0,0,low_frequency_random,11
10.535,0.11428009466006492,0,0,low_frequency_random,11
10.540000000000001,0.23567042451410117,0,0,low_frequency_random,11
10.545,0.076505332188887276,0,0,low_frequency_random,11
10.550000000000001,0.094319675783278795,0,0,low_frequency_random,11
10.555,0.087182474514360606,0,0,low_frequency_random,11
10.56,-0.042035733394923808,0,0,low_frequency_random,11
10.565,-0.015007295158569137,0,0,low_frequency_random,11
10.57,0.026899133998776543,0,0,low_frequency_random,11
10.575000000000001,0.031211452004810045,0,0,low_frequency_random,11
10.58,-0.034675614602884673,0,0,low_frequency_random,11
10.585000000000001,0.001730397238554636,0,0,low_frequency_random,11
10.59,0.091002336865585204,0,0,low_frequency_random,11
10.595000000000001,0.10852455115780192,0,0,low_frequency_random,11
10.6,0.24588324976786141,0,0,low_frequency_random,11
10.605,0.31355424363486395,0,0,low_frequency_random,11
10.609999999999999,0.37374446068984973,0,0,low_frequency_random,11
10.615,0.48319026238474472,0,0,low_frequency_random,11
10.620000000000001,0.42837074291268296,0,0,low_frequency_random,11
10.625,0.38501611517888312,0,0,low_frequency_random,11
10.630000000000001,0.42462411562768332,0,0,low_frequency_random,11
10.635,0.46434583589431933,0,0,low_frequency_random,11
10.640000000000001,0.5828758734544448,0,0,low_frequency_random,11
10.645,0.67181267652974619,0,0,low_frequency_random,11
10.65,0.68293307918200141,0,0,low_frequency_random,11
10.654999999999999,0.69750225772369256,0,0,low_frequency_random,11
10.66,0.67265190902797078,0,0,low_frequency_random,11
10.665000000000001,0.64087388268786927,0,0,low_frequency_random,11
10.67,0.60240586028205856,0,0,low_frequency_random,11
10.675000000000001,0.67240379755058344,0,0,low_frequency_random,11
10.68,0.63242038914668486,0,0,low_frequency_random,11
10.685,0.60198076842022974,0,0,low_frequency_random,11
10.69,0.61280873278031789,0,0,low_frequency_random,11
10.695,0.57007194278875861,0,0,low_frequency_random,11
10.700000000000001,0.55031618971330909,0,0,low_frequency_random,11
10.705,0.37486149100968047,0,0,low_frequency_random,11
10.710000000000001,0.40444644510140859,0,0,low_frequency_random,11
10.715,0.37984221217276809,0,0,low_frequency_random,11
10.720000000000001,0.39522863155013899,0,0,low_frequency_random,11
10.725,0.42483433386491992,0,0,low_frequency_random,11
10.73,0.27708502135136298,0,0,low_frequency_random,11
10.734999999999999,0.47022079347488321,0,0,low_frequency_random,11
10.74,0.4839608305309957,0,0,low_frequency_random,11
10.745000000000001,0.49988355960530872,0,0,low_frequency_random,11
10.75,0.35977066037077166,0,0,low_frequency_random,11
10.755000000000001,0.41320464188121425,0,0,low_frequency_random,11
10.76,0.4503572439908608,0,0,low_frequency_random,11
10.765000000000001,0.42644027988906058,0,0,low_frequency_random,11
10.77,0.45185178295847439,0,0,low_frequency_random,11
10.775,0.56044735182780625,0,0,low_frequency_random,11
10.779999999999999,0.540104805747464,0,0,low_frequency_random,11
10.785,0.47506193028463395,0,0,low_frequency_random,11
10.790000000000001,0.58924236085672022,0,0,low_frequency_random,11
10.795,0.61825177792593689,0,0,low_frequency_random,11
10.800000000000001,0.61213587673900793,0,0,low_frequency_random,11
10.805,0.80407715756625131,0,0,low_frequency_random,11
10.81,0.82436322820211938,0,0,low_frequency_random,11
10.815,0.81808433617687859,0,0,low_frequency_random,11
10.82,0.84698136126416745,0,0,low_frequency_random,11
10.825000000000001,0.82245811056128881,0,0,low_frequency_random,11
10.83,0.84715491398761289,0,0,low_frequency_random,11
10.835000000000001,0.86648914021808543,0,0,low_frequency_random,11
10.84,0.82136889687544912,0,0,low_frequency_random,11
10.845000000000001,0.80800229849241489,0,0,low_frequency_random,11
10.85,0.84001825366690175,0,0,low_frequency_random,11
10.855,0.87753735749649953,0,0,low_frequency_random,11
10.859999999999999,0.93069768533688035,0,0,low_frequency_random,11
10.865,0.99962694167103772,0,0,low_frequency_random,11
10.870000000000001,1.0253232687095264,0,0,low_frequency_random,11
10.875,1.0721487729426529,0,0,low_frequency_random,11
10.880000000000001,1.0469959296219873,0,0,low_frequency_random,11
10.885,1.0316971495365317,0,0,low_frequency_random,11
10.890000000000001,1.119662110325889,0,0,low_frequency_random,11
10.895,0.9665175494063708,0,0,low_frequency_random,11
10.9,1.0010957993928657,0,0,low_frequency_random,11
10.904999999999999,1.2579923687699961,0,0,low_frequency_random,11
10.91,1.1133187533713547,0,0,low_frequency_random,11
10.915000000000001,1.2365189987577518,0,0,low_frequency_random,11
10.92,1.098823649730178,0,0,low_frequency_random,11
10.925000000000001,1.130453832656217,0,0,low_frequency_random,11
10.93,1.2621485410982571,0,0,low_frequency_random,11
10.935,1.3817771134479588,0,0,low_frequency_random,11
10.94,1.3093595687038617,0,0,low_frequency_random,11
10.945,1.2055232642869158,0,0,low_frequency_random,11
10.950000000000001,1.090862521000503,0,0,low_frequency_random,11
10.955,1.1483496138406517,0,0,low_frequency_random,11
10.960000000000001,1.1168464263191551,0,0,low_frequency_random,11
10.965,1.1168736693828869,0,0,low_frequency_random,11
10.970000000000001,1.1368199943967991,0,0,low_frequency_random,11
10.975,1.1685612280609963,0,0,low_frequency_random,11
10.98,1.2099277158129367,0,0,low_frequency_random,11
10.984999999999999,1.2180584606716374,0,0,low_frequency_random,11
10.99,1.0879932999953899,0,0,low_frequency_random,11
10.995000000000001,1.2027434212167381,0,0,low_frequency_random,11
11,0.9814886486172707,0,0,low_frequency_random,11
11.005000000000001,1.0790139433520218,0,0,low_frequency_random,11
11.01,1.0292215949173538,0,0,low_frequency_random,11
11.015000000000001,1.011935227123322,0,0,low_frequency_random,11
11.02,0.96872280849866865,0,0,low_frequency_random,11
11.025,0.93783103696860148,0,0,low_frequency_random,11
11.029999999999999,0.93478325049431477,0,0,low_frequency_random,11
11.035,0.91107974462830721,0,0,low_frequency_random,11
11.040000000000001,0.82215585683800385,0,0,low_frequency_random,11
11.045,0.8890174933842927,0,0,low_frequency_random,11
11.050000000000001,0.84144963342813817,0,0,low_frequency_random,11
11.055,0.94751883241398538,0,0,low_frequency_random,11
11.06,0.93365642436117924,0,0,low_frequency_random,11
11.065,0.87572043065984573,0,0,low_frequency_random,11
11.07,0.90924093920528648,0,0,low_frequency_random,11
11.075000000000001,0.97858535802404145,0,0,low_frequency_random,11
11.08,0.90297876222372797,0,0,low_frequency_random,11
11.085000000000001,0.87883500511185975,0,0,low_frequency_random,11
11.09,0.99132379069326104,0,0,low_frequency_random,11
11.095000000000001,0.90967586185871385,0,0,low_frequency_random,11
11.1,0.84028344327091853,0,0,low_frequency_random,11
11.105,0.85236261120183188,0,0,low_frequency_random,11
11.109999999999999,0.75414373802366264,0,0,low_frequency_random,11
11.115,0.556680654684515,0,0,low_frequency_random,11
11.120000000000001,0.42377336585171421,0,0,low_frequency_random,11
11.125,0.45448447265391495,0,0,low_frequency_random,11
11.130000000000001,0.50742037134653339,0,0,low_frequency_random,11
11.135,0.55510621795303561,0,0,low_frequency_random,11
11.140000000000001,0.58645877096956345,0,0,low_frequency_random,11
11.145,0.48809811295564409,0,0,low_frequency_random,11
11.15,0.54267772229222588,0,0,low_frequency_random,11
11.154999999999999,0.63486833887580252,0,0,low_frequency_random,11
11.16,0.57899790377985738,0,0,low_frequency_random,11
11.165000000000001,0.65430426837214528,0,0,low_frequency_random,11
11.17,0.62475110503740916,0,0,low_frequency_random,11
11.175000000000001,0.63983678990978932,0,0,low_frequency_random,11
11.18,0.66902769096382375,0,0,low_frequency_random,11
11.185,0.550187653233697,0,0,low_frequency_random,11
11.19,0.6674960820732464,0,0,low_frequency_random,11
11.195,0.59898855037028631,0,0,low_frequency_random,11
11.200000000000001,0.59106756198146693,0,0,low_frequency_random,11
11.205,0.55186264054367273,0,0,low_frequency_random,11
11.210000000000001,0.5888309001945442,0,0,low_frequency_random,11
11.215,0.62353981733894526,0,0,low_frequency_random,11
11.220000000000001,0.62530360023361364,0,0,low_frequency_random,11
11.225,0.73820925872976217,0,0,low_frequency_random,11
11.23,0.76029036536308747,0,0,low_frequency_random,11
11.234999999999999,0.7278587799956473,0,0,low_frequency_random,11
11.24,0.49765053934680165,0,0,low_frequency_random,11
11.245000000000001,0.47592039328382302,0,0,low_frequency_random,11
11.25,0.453634484115092,0,0,low_frequency_random,11
11.255000000000001,0.38511901949575245,0,0,low_frequency_random,11
11.26,0.31778950236479614,0,0,low_frequency_random,11
11.265000000000001,0.36681258197531402,0,0,low_frequency_random,11
11.27,0.45164044650519353,0,0,low_frequency_random,11
11.275,0.60386237008849841,0,0,low_frequency_random,11
11.279999999999999,0.6952938305414148,0,0,low_frequency_random,11
11.285,0.6386380981695059,0,0,low_frequency_random,11
11.290000000000001,0.65918096536851911,0,0,low_frequency_random,11
11.295,0.55037385006053563,0,0,low_frequency_random,11
11.300000000000001,0.60922051905741925,0,0,low_frequency_random,11
11.305,0.63800940077866064,0,0,low_frequency_random,11
11.31,0.58938250453540852,0,0,low_frequency_random,11
11.315,0.58131774726232599,0,0,low_frequency_random,11
11.32,0.56172756133520274,0,0,low_frequency_random,11
11.325000000000001,0.51142687718578128,0,0,low_frequency_random,11
11.33,0.61757999793793839,0,0,low_frequency_random,11
11.335000000000001,0.86560416321744538,0,0,low_frequency_random,11
11.34,0.9303472656844225,0,0,low_frequency_random,11
11.345000000000001,1.0134774358639351,0,0,low_frequency_random,11
11.35,1.0245615246454336,0,0,low_frequency_random,11
11.355,0.99491459839918661,0,0,low_frequency_random,11
11.359999999999999,1.168524958977341,0,0,low_frequency_random,11
11.365,1.1368922952340883,0,0,low_frequency_random,11
11.370000000000001,1.1662259464009574,0,0,low_frequency_random,11
11.375,1.1543055433681029,0,0,low_frequency_random,11
11.380000000000001,1.1991033936887323,0,0,low_frequency_random,11
11.385,1.1926101915016827,0,0,low_frequency_random,11
11.390000000000001,1.2374189011534606,0,0,low_frequency_random,11
11.395,1.1335882739365628,0,0,low_frequency_random,11
11.4,1.1232883368512914,0,0,low_frequency_random,11
11.404999999999999,1.2304546023304492,0,0,low_frequency_random,11
11.41,1.1452573703109232,0,0,low_frequency_random,11
11.415000000000001,1.0896935664136103,0,0,low_frequency_random,11
11.42,1.1970408127714747,0,0,low_frequency_random,11
11.425000000000001,1.2267446367787145,0,0,low_frequency_random,11
11.43,1.3093089606734591,0,0,low_frequency_random,11
11.435,1.1275966870031979,0,0,low_frequency_random,11
11.44,1.1369408301185184,0,0,low_frequency_random,11
11.445,1.0328032777016176,0,0,low_frequency_random,11
11.450000000000001,0.9199039655339073,0,0,low_frequency_random,11
11.455,0.95145100426567408,0,0,low_frequency_random,11
11.460000000000001,1.0445174398650334,0,0,low_frequency_random,11
11.465,0.92309762516136618,0,0,low_frequency_random,11
11.470000000000001,0.83329169828004246,0,0,low_frequency_random,11
11.475,0.78568478998955693,0,0,low_frequency_random,11
11.48,0.77481563812415999,0,0,low_frequency_random,11
11.484999999999999,0.66778858156123233,0,0,low_frequency_random,11
11.49,0.84814592663110855,0,0,low_frequency_random,11
11.495000000000001,0.89395787551710704,0,0,low_frequency_random,11
11.5,0.86373157088092145,0,0,low_frequency_random,11
11.505000000000001,0.8209185198668747,0,0,low_frequency_random,11
11.51,1.005609722132871,0,0,low_frequency_random,11
11.515000000000001,1.1826704364991463,0,0,low_frequency_random,11
11.52,1.1404926130840427,0,0,low_frequency_random,11
11.525,1.1653817686091694,0,0,low_frequency_random,11
11.529999999999999,1.2630836563459584,0,0,low_frequency_random,11
11.535,1.1646768740861311,0,0,low_frequency_random,11
11.540000000000001,1.1144884119084044,0,0,low_frequency_random,11
11.545,1.2196069338498281,0,0,low_frequency_random,11
11.550000000000001,1.1604831739205608,0,0,low_frequency_random,11
11.555,1.1225549754730231,0,0,low_frequency_random,11
11.56,1.0114431316562125,0,0,low_frequency_random,11
11.565,0.94778479271707616,0,0,low_frequency_random,11
11.57,1.0001999473134355,0,0,low_frequency_random,11
11.575000000000001,0.93139824507526303,0,0,low_frequency_random,11
11.58,0.82415106698520524,0,0,low_frequency_random,11
11.585000000000001,0.77159927862609079,0,0,low_frequency_random,11
11.59,0.91157850620486791,0,0,low_frequency_random,11
11.595000000000001,0.92295256530802794,0,0,low_frequency_random,11
11.6,0.87503378395348852,0,0,low_frequency_random,11
11.605,0.88452984652330124,0,0,low_frequency_random,11
11.609999999999999,0.91713971674519401,0,0,low_frequency_random,11
11.615,0.92374247653105501,0,0,low_frequency_random,11
11.620000000000001,0.77557111675786194,0,0,low_frequency_random,11
11.625,0.79696324800463481,0,0,low_frequency_random,11
11.630000000000001,0.77706797269057537,0,0,low_frequency_random,11
11.635,0.84199759363695159,0,0,low_frequency_random,11
11.640000000000001,0.73031705709356887,0,0,low_frequency_random,11
11.645,0.81181722480822971,0,0,low_frequency_random,11
11.65,0.76890528570822436,0,0,low_frequency_random,11
11.654999999999999,0.62884474664399104,0,0,low_frequency_random,11
11.66,0.73329262803537076,0,0,low_frequency_random,11
11.665000000000001,0.68892591676523796,0,0,low_frequency_random,11
11.67,0.71612454256901714,0,0,low_frequency_random,11
11.675000000000001,0.70012950885834713,0,0,low_frequency_random,11
11.68,0.78492933732478454,0,0,low_frequency_random,11
11.685,0.87021793979606543,0,0,low_frequency_random,11
11.69,0.95585178542873717,0,0,low_frequency_random,11
11.695,1.0088223533005332,0,0,low_frequency_random,11
11.700000000000001,0.87430714917647778,0,0,low_frequency_random,11
11.705,0.73502312754031318,0,0,low_frequency_random,11
11.710000000000001,0.74761624696828333,0,0,low_frequency_random,11
11.715,0.66737235808788653,0,0,low_frequency_random,11
11.720000000000001,0.7015786693197098,0,0,low_frequency_random,11
11.725,0.71146054187249219,0,0,low_frequency_random,11
11.73,0.59422551487246933,0,0,low_frequency_random,11
11.734999999999999,0.50787866671840853,0,0,low_frequency_random,11
11.74,0.41408730718305531,0,0,low_frequency_random,11
11.745000000000001,0.34055989660367436,0,0,low_frequency_random,11
11.75,0.32210580727299587,0,0,low_frequency_random,11
11.755000000000001,0.37517639421501331,0,0,low_frequency_random,11
11.76,0.48090756021619496,0,0,low_frequency_random,11
11.765000000000001,0.40026593450268705,0,0,low_frequency_random,11
11.77,0.35277540939247121,0,0,low_frequency_random,11
11.775,0.475950256838371,0,0,low_frequency_random,11
11.779999999999999,0.54540627543140574,0,0,low_frequency_random,11
11.785,0.56134534923715096,0,0,low_frequency_random,11
11.790000000000001,0.36940288201152244,0,0,low_frequency_random,11
11.795,0.28626863476802378,0,0,low_frequency_random,11
11.800000000000001,0.29740664585307514,0,0,low_frequency_random,11
11.805,0.24819754366901189,0,0,low_frequency_random,11
11.81,0.40701536037167163,0,0,low_frequency_random,11
11.815,0.41204989457562502,0,0,low_frequency_random,11
11.82,0.43258003557758207,0,0,low_frequency_random,11
11.825000000000001,0.34163756196086492,0,0,low_frequency_random,11
11.83,0.25559215232113019,0,0,low_frequency_random,11
11.835000000000001,0.20036503119898857,0,0,low_frequency_random,11
11.84,0.14866367722595164,0,0,low_frequency_random,11
11.845000000000001,0.12880705271465182,0,0,low_frequency_random,11
11.85,0.15801436354588985,0,0,low_frequency_random,11
11.855,0.17607800213347449,0,0,low_frequency_random,11
11.859999999999999,0.2556470669501823,0,0,low_frequency_random,11
11.865,0.14509151007869747,0,0,low_frequency_random,11
11.870000000000001,0.16105094961184271,0,0,low_frequency_random,11
11.875,0.17927950858153441,0,0,low_frequency_random,11
11.880000000000001,0.30608688842979304,0,0,low_frequency_random,11
11.885,0.28666807315106313,0,0,low_frequency_random,11
11.890000000000001,0.31122286938713495,0,0,low_frequency_random,11
11.895,0.24357761093064295,0,0,low_frequency_random,11
11.9,0.27617398012887606,0,0,low_frequency_random,11
11.904999999999999,0.30654120963105436,0,0,low_frequency_random,11
11.91,0.25406057906655732,0,0,low_frequency_random,11
11.915000000000001,0.21709378264802792,0,0,low_frequency_random,11
11.92,0.21312563844722734,0,0,low_frequency_random,11
11.925000000000001,0.25852811482182592,0,0,low_frequency_random,11
11.93,0.16424991521559903,0,0,low_frequency_random,11
11.935,0.23446415656581887,0,0,low_frequency_random,11
11.94,0.20620665151253711,0,0,low_frequency_random,11
11.945,0.35804131986115367,0,0,low_frequency_random,11
11.950000000000001,0.47376617993588011,0,0,low_frequency_random,11
11.955,0.43850024884479877,0,0,low_frequency_random,11
11.960000000000001,0.38549452003855356,0,0,low_frequency_random,11
11.965,0.58154017389301427,0,0,low_frequency_random,11
11.970000000000001,0.62918231410252157,0,0,low_frequency_random,11
11.975,0.67157812454958088,0,0,low_frequency_random,11
11.98,0.63383267893842143,0,0,low_frequency_random,11
11.984999999999999,0.61995746113304517,0,0,low_frequency_random,11
11.99,0.6815967036271191,0,0,low_frequency_random,11
11.995000000000001,0.72764432453764205,0,0,low_frequency_random,11
12,0.65702960534784849,0,0,low_frequency_random,11
