time,wind_x,wind_y,wind_z,profile,seed
0,0,0,0,low_frequency_random,10
0.0050000000000000001,-0.088046867270952456,0,0,low_frequency_random,10
0.01,-0.14546499962088205,0,0,low_frequency_random,10
0.014999999999999999,-0.20712787470661514,0,0,low_frequency_random,10
0.02,-0.18479003570820476,0,0,low_frequency_random,10
0.025000000000000001,-0.20370523718945985,0,0,low_frequency_random,10
0.029999999999999999,-0.19259585294746601,0,0,low_frequency_random,10
0.035000000000000003,-0.12436012923188759,0,0,low_frequency_random,10
0.040000000000000001,-0.055276186913636921,0,0,low_frequency_random,10
0.044999999999999998,-0.017080643457239024,0,0,low_frequency_random,10
0.050000000000000003,-0.052966975058398119,0,0,low_frequency_random,10
0.055,-0.11294671134153089,0,0,low_frequency_random,10
0.059999999999999998,-0.17740589203143375,0,0,low_frequency_random,10
0.065000000000000002,-0.20396083716375188,0,0,low_frequency_random,10
0.070000000000000007,-0.20704373110501206,0,0,low_frequency_random,10
0.074999999999999997,-0.28359894014960196,0,0,low_frequency_random,10
0.080000000000000002,-0.37271706165950413,0,0,low_frequency_random,10
0.085000000000000006,-0.34646272386445554,0,0,low_frequency_random,10
0.089999999999999997,-0.49249996959830517,0,0,low_frequency_random,10
0.095000000000000001,-0.50417255936630756,0,0,low_frequency_random,10
0.10000000000000001,-0.46767692282575685,0,0,low_frequency_random,10
0.105,-0.54397616178256192,0,0,low_frequency_random,10
0.11,-0.63007727201780406,0,0,low_frequency_random,10
0.115,-0.68763302235450041,0,0,low_frequency_random,10
0.12,-0.63249080655288559,0,0,low_frequency_random,10
0.125,-0.63969684175174713,0,0,low_frequency_random,10
0.13,-0.7857009774555328,0,0,low_frequency_random,10
0.13500000000000001,-0.81556571257626698,0,0,low_frequency_random,10
0.14000000000000001,-0.73058867516716886,0,0,low_frequency_random,10
0.14499999999999999,-0.6484439551902611,0,0,low_frequency_random,10
0.14999999999999999,-0.59493221767899174,0,0,low_frequency_random,10
0.155,-0.61096217255532903,0,0,low_frequency_random,10
0.16,-0.7551419556813842,0,0,low_frequency_random,10
0.16500000000000001,-0.73784329613222222,0,0,low_frequency_random,10
0.17000000000000001,-0.74820638614151469,0,0,low_frequency_random,10
0.17500000000000002,-0.7383460300843202,0,0,low_frequency_random,10
0.17999999999999999,-0.61158700417499356,0,0,low_frequency_random,10
0.185,-0.59387867846184172,0,0,low_frequency_random,10
0.19,-0.56886514309473635,0,0,low_frequency_random,10
0.19500000000000001,-0.51774088513694827,0,0,low_frequency_random,10
0.20000000000000001,-0.53563294721157195,0,0,low_frequency_random,10
0.20500000000000002,-0.58597737878641021,0,0,low_frequency_random,10
0.20999999999999999,-0.64189748029468841,0,0,low_frequency_random,10
0.215,-0.57749175867381553,0,0,low_frequency_random,10
0.22,-0.53434799161068891,0,0,low_frequency_random,10
0.22500000000000001,-0.57074893200857568,0,0,low_frequency_random,10
0.23000000000000001,-0.47591674386044075,0,0,low_frequency_random,10
0.23500000000000001,-0.45883337034483046,0,0,low_frequency_random,10
0.23999999999999999,-0.56349491414156516,0,0,low_frequency_random,10
0.245,-0.51233507801833722,0,0,low_frequency_random,10
0.25,-0.52091081132481121,0,0,low_frequency_random,10
0.255,-0.6243516962558936,0,0,low_frequency_random,10
0.26000000000000001,-0.58010182401877253,0,0,low_frequency_random,10
0.26500000000000001,-0.60472505567142498,0,0,low_frequency_random,10
0.27000000000000002,-0.63301807980316993,0,0,low_frequency_random,10
0.27500000000000002,-0.58278694939526932,0,0,low_frequency_random,10
0.28000000000000003,-0.75484243819013219,0,0,low_frequency_random,10
0.28500000000000003,-0.85300673505229896,0,0,low_frequency_random,10
0.28999999999999998,-0.8826292326468268,0,0,low_frequency_random,10
0.29499999999999998,-0.85834374400206237,0,0,low_frequency_random,10
0.29999999999999999,-0.90713857466319991,0,0,low_frequency_random,10
0.30499999999999999,-0.9821526525694293,0,0,low_frequency_random,10
0.31,-1.0612379459362362,0,0,low_frequency_random,10
0.315,-1.0653050420775831,0,0,low_frequency_random,10
0.32000000000000001,-1.0061249397268905,0,0,low_frequency_random,10
0.32500000000000001,-1.1168176425313392,0,0,low_frequency_random,10
0.33000000000000002,-1.2772626017650979,0,0,low_frequency_random,10
0.33500000000000002,-1.2946229706169907,0,0,low_frequency_random,10
0.34000000000000002,-1.3186512174411902,0,0,low_frequency_random,10
0.34500000000000003,-1.3846114357393673,0,0,low_frequency_random,10
0.35000000000000003,-1.3288883301734848,0,0,low_frequency_random,10
0.35499999999999998,-1.2580505365936572,0,0,low_frequency_random,10
0.35999999999999999,-1.2967967900232942,0,0,low_frequency_random,10
0.36499999999999999,-1.317816354697207,0,0,low_frequency_random,10
0.37,-1.2657551508938365,0,0,low_frequency_random,10
0.375,-1.2936935164314298,0,0,low_frequency_random,10
0.38,-1.399212698622798,0,0,low_frequency_random,10
0.38500000000000001,-1.3976260702217285,0,0,low_frequency_random,10
0.39000000000000001,-1.4628135113098526,0,0,low_frequency_random,10
0.39500000000000002,-1.4295602150703139,0,0,low_frequency_random,10
0.40000000000000002,-1.4627433416614535,0,0,low_frequency_random,10
0.40500000000000003,-1.4705423060421725,0,0,low_frequency_random,10
0.41000000000000003,-1.4217585454993122,0,0,low_frequency_random,10
0.41500000000000004,-1.4246281110116896,0,0,low_frequency_random,10
0.41999999999999998,-1.4681175066566881,0,0,low_frequency_random,10
0.42499999999999999,-1.5411109193078776,0,0,low_frequency_random,10
0.42999999999999999,-1.396082495696352,0,0,low_frequency_random,10
0.435,-1.3008116780059871,0,0,low_frequency_random,10
0.44,-1.4143159688790892,0,0,low_frequency_random,10
0.44500000000000001,-1.4912468239498993,0,0,low_frequency_random,10
0.45000000000000001,-1.4372047954095906,0,0,low_frequency_random,10
0.45500000000000002,-1.476988466263681,0,0,low_frequency_random,10
0.46000000000000002,-1.4684119089224417,0,0,low_frequency_random,10
0.46500000000000002,-1.396129710358319,0,0,low_frequency_random,10
0.47000000000000003,-1.3788890604684731,0,0,low_frequency_random,10
0.47500000000000003,-1.38232334323438,0,0,low_frequency_random,10
0.47999999999999998,-1.4132223900744636,0,0,low_frequency_random,10
0.48499999999999999,-1.4130704738487934,0,0,low_frequency_random,10
0.48999999999999999,-1.3751651907321076,0,0,low_frequency_random,10
0.495,-1.2298714292523905,0,0,low_frequency_random,10
0.5,-1.1387497284355335,0,0,low_frequency_random,10
0.505,-1.1489861463249886,0,0,low_frequency_random,10
0.51000000000000001,-1.0701133107576668,0,0,low_frequency_random,10
0.51500000000000001,-1.0554280867371721,0,0,low_frequency_random,10
0.52000000000000002,-1.1683791035444018,0,0,low_frequency_random,10
0.52500000000000002,-1.17106262302757,0,0,low_frequency_random,10
0.53000000000000003,-1.0858454752907172,0,0,low_frequency_random,10
0.53500000000000003,-1.1280197953958566,0,0,low_frequency_random,10
0.54000000000000004,-1.0477013478334027,0,0,low_frequency_random,10
0.54500000000000004,-1.0669493408732347,0,0,low_frequency_random,10
0.55000000000000004,-1.0595139994218319,0,0,low_frequency_random,10
0.55500000000000005,-1.1492838826149872,0,0,low_frequency_random,10
0.56000000000000005,-0.97835069361771954,0,0,low_frequency_random,10
0.56500000000000006,-0.93728667084768946,0,0,low_frequency_random,10
0.57000000000000006,-0.85213881638704259,0,0,low_frequency_random,10
0.57500000000000007,-0.88401514679680093,0,0,low_frequency_random,10
0.57999999999999996,-0.99638640082552843,0,0,low_frequency_random,10
0.58499999999999996,-0.89473003485245428,0,0,low_frequency_random,10
0.58999999999999997,-0.94707464390982954,0,0,low_frequency_random,10
0.59499999999999997,-0.81051661472272052,0,0,low_frequency_random,10
0.59999999999999998,-0.8201281708053525,0,0,low_frequency_random,10
0.60499999999999998,-0.68639953672704523,0,0,low_frequency_random,10
0.60999999999999999,-0.74115274590136404,0,0,low_frequency_random,10
0.61499999999999999,-0.87822327389095201,0,0,low_frequency_random,10
0.62,-0.81813520509253546,0,0,low_frequency_random,10
0.625,-0.81948506096063833,0,0,low_frequency_random,10
0.63,-0.81561497233175473,0,0,low_frequency_random,10
0.63500000000000001,-0.72785975900927458,0,0,low_frequency_random,10
0.64000000000000001,-0.79462571105048019,0,0,low_frequency_random,10
0.64500000000000002,-0.89397453645122094,0,0,low_frequency_random,10
0.65000000000000002,-0.98275755349996829,0,0,low_frequency_random,10
0.65500000000000003,-1.112093626469367,0,0,low_frequency_random,10
0.66000000000000003,-1.2508758333667935,0,0,low_frequency_random,10
0.66500000000000004,-1.3471996662433194,0,0,low_frequency_random,10
0.67000000000000004,-1.4182063765289377,0,0,low_frequency_random,10
0.67500000000000004,-1.4477562572388478,0,0,low_frequency_random,10
0.68000000000000005,-1.5374420380541873,0,0,low_frequency_random,10
0.68500000000000005,-1.54171742308909,0,0,low_frequency_random,10
0.69000000000000006,-1.4756742684317203,0,0,low_frequency_random,10
0.69500000000000006,-1.4884032118964865,0,0,low_frequency_random,10
0.70000000000000007,-1.4506845806510988,0,0,low_frequency_random,10
0.70499999999999996,-1.5198454636207073,0,0,low_frequency_random,10
0.70999999999999996,-1.4933409221301757,0,0,low_frequency_random,10
0.71499999999999997,-1.4536425927924583,0,0,low_frequency_random,10
0.71999999999999997,-1.5037054505181313,0,0,low_frequency_random,10
0.72499999999999998,-1.6251026372163637,0,0,low_frequency_random,10
0.72999999999999998,-1.6395908912400043,0,0,low_frequency_random,10
0.73499999999999999,-1.6408061550206288,0,0,low_frequency_random,10
0.73999999999999999,-1.5287242739613609,0,0,low_frequency_random,10
0.745,-1.564397113848724,0,0,low_frequency_random,10
0.75,-1.4380041556942862,0,0,low_frequency_random,10
0.755,-1.6335852605782966,0,0,low_frequency_random,10
0.76000000000000001,-1.6626983347724145,0,0,low_frequency_random,10
0.76500000000000001,-1.7068197086478731,0,0,low_frequency_random,10
0.77000000000000002,-1.7425692072236829,0,0,low_frequency_random,10
0.77500000000000002,-1.7903016211065617,0,0,low_frequency_random,10
0.78000000000000003,-1.7999206633857974,0,0,low_frequency_random,10
0.78500000000000003,-1.6760827410404675,0,0,low_frequency_random,10
0.79000000000000004,-1.6948539296194667,0,0,low_frequency_random,10
0.79500000000000004,-1.6075559991727379,0,0,low_frequency_random,10
0.80000000000000004,-1.6224022725802405,0,0,low_frequency_random,10
0.80500000000000005,-1.6211280284148386,0,0,low_frequency_random,10
0.81000000000000005,-1.8160170796726258,0,0,low_frequency_random,10
0.81500000000000006,-1.8156012110052975,0,0,low_frequency_random,10
0.82000000000000006,-1.7743047454573717,0,0,low_frequency_random,10
0.82500000000000007,-1.8708058171909039,0,0,low_frequency_random,10
0.83000000000000007,-1.9253408740125935,0,0,low_frequency_random,10
0.83499999999999996,-1.9988748923833779,0,0,low_frequency_random,10
0.83999999999999997,-1.8376718908353054,0,0,low_frequency_random,10
0.84499999999999997,-1.9218086440781486,0,0,low_frequency_random,10
0.84999999999999998,-1.9851241742355059,0,0,low_frequency_random,10
0.85499999999999998,-2.2052359074663763,0,0,low_frequency_random,10
0.85999999999999999,-2.3349062035171757,0,0,low_frequency_random,10
0.86499999999999999,-2.3233865104421358,0,0,low_frequency_random,10
0.87,-2.429036922218621,0,0,low_frequency_random,10
0.875,-2.651083167438383,0,0,low_frequency_random,10
0.88,-2.6775962365325627,0,0,low_frequency_random,10
0.88500000000000001,-2.6731432476221468,0,0,low_frequency_random,10
0.89000000000000001,-2.655834977984596,0,0,low_frequency_random,10
0.89500000000000002,-2.6306835225535385,0,0,low_frequency_random,10
0.90000000000000002,-2.6825845565691817,0,0,low_frequency_random,10
0.90500000000000003,-2.4658121259899799,0,0,low_frequency_random,10
0.91000000000000003,-2.5144986974265104,0,0,low_frequency_random,10
0.91500000000000004,-2.4843581599141267,0,0,low_frequency_random,10
0.92000000000000004,-2.5891887645639025,0,0,low_frequency_random,10
0.92500000000000004,-2.6424180049051804,0,0,low_frequency_random,10
0.93000000000000005,-2.7666812085145622,0,0,low_frequency_random,10
0.93500000000000005,-2.7531429434891823,0,0,low_frequency_random,10
0.94000000000000006,-2.7880315393651913,0,0,low_frequency_random,10
0.94500000000000006,-2.8702195596929299,0,0,low_frequency_random,10
0.95000000000000007,-3,0,0,low_frequency_random,10
0.95500000000000007,-2.9893170497564525,0,0,low_frequency_random,10
0.95999999999999996,-2.9269151438474652,0,0,low_frequency_random,10
0.96499999999999997,-2.8633177557381373,0,0,low_frequency_random,10
0.96999999999999997,-2.8725723116458322,0,0,low_frequency_random,10
0.97499999999999998,-2.8200811762555262,0,0,low_frequency_random,10
0.97999999999999998,-2.7504099281366816,0,0,low_frequency_random,10
0.98499999999999999,-2.7124196194563504,0,0,low_frequency_random,10
0.98999999999999999,-2.6015610298817835,0,0,low_frequency_random,10
0.995,-2.616605267734684,0,0,low_frequency_random,10
1,-2.6022631918164132,0,0,low_frequency_random,10
1.0050000000000001,-2.7236084898795934,0,0,low_frequency_random,10
1.01,-2.5593786310825672,0,0,low_frequency_random,10
1.0150000000000001,-2.6194928531046955,0,0,low_frequency_random,10
1.02,-2.5941343259281697,0,0,low_frequency_random,10
1.0249999999999999,-2.5444094344865436,0,0,low_frequency_random,10
1.03,-2.6083487614590206,0,0,low_frequency_random,10
1.0349999999999999,-2.6109333034270752,0,0,low_frequency_random,10
1.04,-2.5555090467224773,0,0,low_frequency_random,10
1.0449999999999999,-2.5617357290301146,0,0,low_frequency_random,10
1.05,-2.5841946318091544,0,0,low_frequency_random,10
1.0549999999999999,-2.6074053490292415,0,0,low_frequency_random,10
1.0600000000000001,-2.6612295949673705,0,0,low_frequency_random,10
1.0649999999999999,-2.6719576690138762,0,0,low_frequency_random,10
1.0700000000000001,-2.6401377470949221,0,0,low_frequency_random,10
1.075,-2.6012425775742725,0,0,low_frequency_random,10
1.0800000000000001,-2.5119454203346745,0,0,low_frequency_random,10
1.085,-2.5050258095907703,0,0,low_frequency_random,10
1.0900000000000001,-2.5424382952637643,0,0,low_frequency_random,10
1.095,-2.4725699394297918,0,0,low_frequency_random,10
1.1000000000000001,-2.4416731606037976,0,0,low_frequency_random,10
1.105,-2.3592663425986373,0,0,low_frequency_random,10
1.1100000000000001,-2.3413121023223069,0,0,low_frequency_random,10
1.115,-2.2959333894862692,0,0,low_frequency_random,10
1.1200000000000001,-2.2617601624946762,0,0,low_frequency_random,10
1.125,-2.2009203367458428,0,0,low_frequency_random,10
1.1300000000000001,-2.2747828035923598,0,0,low_frequency_random,10
1.135,-2.2795327914295478,0,0,low_frequency_random,10
1.1400000000000001,-2.2617033323160234,0,0,low_frequency_random,10
1.145,-2.1227021903015069,0,0,low_frequency_random,10
1.1500000000000001,-2.1253738388314161,0,0,low_frequency_random,10
1.155,-2.0860879606596847,0,0,low_frequency_random,10
1.1599999999999999,-2.0972431173192621,0,0,low_frequency_random,10
1.165,-2.2571268814973671,0,0,low_frequency_random,10
1.1699999999999999,-2.1550474361971328,0,0,low_frequency_random,10
1.175,-2.098273618983403,0,0,low_frequency_random,10
1.1799999999999999,-1.9967533910491941,0,0,low_frequency_random,10
1.1850000000000001,-2.1015615962367082,0,0,low_frequency_random,10
1.1899999999999999,-2.0761558053936211,0,0,low_frequency_random,10
1.1950000000000001,-2.0593520546342741,0,0,low_frequency_random,10
1.2,-2.1800981150885477,0,0,low_frequency_random,10
1.2050000000000001,-2.1398191706805965,0,0,low_frequency_random,10
1.21,-2.1844680501163638,0,0,low_frequency_random,10
1.2150000000000001,-2.142157501477103,0,0,low_frequency_random,10
1.22,-2.2698991081714648,0,0,low_frequency_random,10
1.2250000000000001,-2.3355078913982359,0,0,low_frequency_random,10
1.23,-2.3871836924094643,0,0,low_frequency_random,10
1.2350000000000001,-2.502969311910586,0,0,low_frequency_random,10
1.24,-2.493442005046941,0,0,low_frequency_random,10
1.2450000000000001,-2.3849719377309051,0,0,low_frequency_random,10
1.25,-2.3819226112787413,0,0,low_frequency_random,10
1.2550000000000001,-2.3276058252777201,0,0,low_frequency_random,10
1.26,-2.207082780303657,0,0,low_frequency_random,10
1.2650000000000001,-2.1595598812868468,0,0,low_frequency_random,10
1.27,-2.1854159076139794,0,0,low_frequency_random,10
1.2750000000000001,-2.3331568181549467,0,0,low_frequency_random,10
1.28,-2.3008664907648582,0,0,low_frequency_random,10
1.2849999999999999,-2.3223641520054965,0,0,low_frequency_random,10
1.29,-2.353935246053644,0,0,low_frequency_random,10
1.2949999999999999,-2.2917733897062265,0,0,low_frequency_random,10
1.3,-2.2440380320042599,0,0,low_frequency_random,10
1.3049999999999999,-2.3636661239845513,0,0,low_frequency_random,10
1.3100000000000001,-2.3396018162622449,0,0,low_frequency_random,10
1.3149999999999999,-2.3603655570785258,0,0,low_frequency_random,10
1.3200000000000001,-2.2878903536427653,0,0,low_frequency_random,10
1.325,-2.2849259205696661,0,0,low_frequency_random,10
1.3300000000000001,-2.207114850769246,0,0,low_frequency_random,10
1.335,-2.2551921927220264,0,0,low_frequency_random,10
1.3400000000000001,-2.2821538112530555,0,0,low_frequency_random,10
1.345,-2.3203275331063562,0,0,low_frequency_random,10
1.3500000000000001,-2.3297958737749234,0,0,low_frequency_random,10
1.355,-2.3439709781603066,0,0,low_frequency_random,10
1.3600000000000001,-2.2449096437064711,0,0,low_frequency_random,10
1.365,-2.3180711789930002,0,0,low_frequency_random,10
1.3700000000000001,-2.306531214906054,0,0,low_frequency_random,10
1.375,-2.3939723413715344,0,0,low_frequency_random,10
1.3800000000000001,-2.5027381365263097,0,0,low_frequency_random,10
1.385,-2.5439501488639196,0,0,low_frequency_random,10
1.3900000000000001,-2.6571139990361936,0,0,low_frequency_random,10
1.395,-2.6366829927629918,0,0,low_frequency_random,10
1.4000000000000001,-2.6881629113460197,0,0,low_frequency_random,10
1.405,-2.7235681241592165,0,0,low_frequency_random,10
1.4099999999999999,-2.6808872367743053,0,0,low_frequency_random,10
1.415,-2.5512068239196322,0,0,low_frequency_random,10
1.4199999999999999,-2.5870833593658844,0,0,low_frequency_random,10
1.425,-2.7355237948561282,0,0,low_frequency_random,10
1.4299999999999999,-2.7598662525995952,0,0,low_frequency_random,10
1.4350000000000001,-2.7530127724877427,0,0,low_frequency_random,10
1.4399999999999999,-2.6558222534725902,0,0,low_frequency_random,10
1.4450000000000001,-2.6520891134133353,0,0,low_frequency_random,10
1.45,-2.714740794944924,0,0,low_frequency_random,10
1.4550000000000001,-2.6339476605513985,0,0,low_frequency_random,10
1.46,-2.5406698989663776,0,0,low_frequency_random,10
1.4650000000000001,-2.5485091295949394,0,0,low_frequency_random,10
1.47,-2.5181625558723471,0,0,low_frequency_random,10
1.4750000000000001,-2.4820983933160341,0,0,low_frequency_random,10
1.48,-2.2699862323903881,0,0,low_frequency_random,10
1.4850000000000001,-2.3106722510400108,0,0,low_frequency_random,10
1.49,-2.3361545198079789,0,0,low_frequency_random,10
1.4950000000000001,-2.3364477270942543,0,0,low_frequency_random,10
1.5,-2.2718921395633132,0,0,low_frequency_random,10
1.5050000000000001,-2.2879478668221478,0,0,low_frequency_random,10
1.51,-2.239670651394849,0,0,low_frequency_random,10
1.5150000000000001,-2.1608639630157724,0,0,low_frequency_random,10
1.52,-1.997222118638363,0,0,low_frequency_random,10
1.5250000000000001,-2.0027835239189904,0,0,low_frequency_random,10
1.53,-2.020558364287814,0,0,low_frequency_random,10
1.5350000000000001,-2.0398530343790728,0,0,low_frequency_random,10
1.54,-2.1794395818599752,0,0,low_frequency_random,10
1.5449999999999999,-2.264764376076549,0,0,low_frequency_random,10
1.55,-2.2444860773816755,0,0,low_frequency_random,10
1.5549999999999999,-2.2241640911379892,0,0,low_frequency_random,10
1.5600000000000001,-2.0111912308097404,0,0,low_frequency_random,10
1.5649999999999999,-1.9059082664507734,0,0,low_frequency_random,10
1.5700000000000001,-1.8380723214717152,0,0,low_frequency_random,10
1.575,-1.7153803644520653,0,0,low_frequency_random,10
1.5800000000000001,-1.7608396117270058,0,0,low_frequency_random,10
1.585,-1.7997010886288098,0,0,low_frequency_random,10
1.5900000000000001,-1.8526663320788419,0,0,low_frequency_random,10
1.595,-1.8588159242735476,0,0,low_frequency_random,10
1.6000000000000001,-1.6818550839959476,0,0,low_frequency_random,10
1.605,-1.6969582612139404,0,0,low_frequency_random,10
1.6100000000000001,-1.7419519148842773,0,0,low_frequency_random,10
1.615,-1.7324659109092946,0,0,low_frequency_random,10
1.6200000000000001,-1.6600122735294152,0,0,low_frequency_random,10
1.625,-1.6161380636667348,0,0,low_frequency_random,10
1.6300000000000001,-1.5426455035743063,0,0,low_frequency_random,10
1.635,-1.6324034380996413,0,0,low_frequency_random,10
1.6400000000000001,-1.6948161360998213,0,0,low_frequency_random,10
1.645,-1.7065620692740098,0,0,low_frequency_random,10
1.6500000000000001,-1.6924476188898028,0,0,low_frequency_random,10
1.655,-1.577758899961486,0,0,low_frequency_random,10
1.6600000000000001,-1.6719072508024431,0,0,low_frequency_random,10
1.665,-1.6142368979084709,0,0,low_frequency_random,10
1.6699999999999999,-1.6259219028382454,0,0,low_frequency_random,10
1.675,-1.5706919021148629,0,0,low_frequency_random,10
1.6799999999999999,-1.6162022396670612,0,0,low_frequency_random,10
1.6850000000000001,-1.7199133477236301,0,0,low_frequency_random,10
1.6899999999999999,-1.6190261180487255,0,0,low_frequency_random,10
1.6950000000000001,-1.5891491499101535,0,0,low_frequency_random,10
1.7,-1.7363901122123118,0,0,low_frequency_random,10
1.7050000000000001,-1.6737439580719646,0,0,low_frequency_random,10
1.71,-1.7464068561382067,0,0,low_frequency_random,10
1.7150000000000001,-1.7473263007219386,0,0,low_frequency_random,10
1.72,-1.7412391553491908,0,0,low_frequency_random,10
1.7250000000000001,-1.8407395123450772,0,0,low_frequency_random,10
1.73,-1.7450925304811247,0,0,low_frequency_random,10
1.7350000000000001,-1.7793531880157831,0,0,low_frequency_random,10
1.74,-1.6429094924961558,0,0,low_frequency_random,10
1.7450000000000001,-1.5977666844488958,0,0,low_frequency_random,10
1.75,-1.5505104819432589,0,0,low_frequency_random,10
1.7550000000000001,-1.5229447944042847,0,0,low_frequency_random,10
1.76,-1.3604020951027338,0,0,low_frequency_random,10
1.7650000000000001,-1.4361250460597752,0,0,low_frequency_random,10
1.77,-1.4922203400045249,0,0,low_frequency_random,10
1.7750000000000001,-1.5385328830747751,0,0,low_frequency_random,10
1.78,-1.440844435492971,0,0,low_frequency_random,10
1.7850000000000001,-1.3514702987159644,0,0,low_frequency_random,10
1.79,-1.3390527039870814,0,0,low_frequency_random,10
1.7949999999999999,-1.3122339830336696,0,0,low_frequency_random,10
1.8,-1.4375371400036463,0,0,low_frequency_random,10
1.8049999999999999,-1.3134807057222917,0,0,low_frequency_random,10
1.8100000000000001,-1.3255139985951243,0,0,low_frequency_random,10
1.8149999999999999,-1.3102515288532242,0,0,low_frequency_random,10
1.8200000000000001,-1.3285949517579918,0,0,low_frequency_random,10
1.825,-1.2708781993292486,0,0,low_frequency_random,10
1.8300000000000001,-1.2824548360696897,0,0,low_frequency_random,10
1.835,-1.2672773854493138,0,0,low_frequency_random,10
1.8400000000000001,-1.2545991637089788,0,0,low_frequency_random,10
1.845,-1.2894103258875966,0,0,low_frequency_random,10
1.8500000000000001,-1.3322400552964537,0,0,low_frequency_random,10
1.855,-1.2948916649059479,0,0,low_frequency_random,10
1.8600000000000001,-1.2584333758620949,0,0,low_frequency_random,10
1.865,-1.1941285804299313,0,0,low_frequency_random,10
1.8700000000000001,-1.0731748987911502,0,0,low_frequency_random,10
1.875,-1.1664851446000537,0,0,low_frequency_random,10
1.8800000000000001,-1.3075827676759095,0,0,low_frequency_random,10
1.885,-1.3336970553463956,0,0,low_frequency_random,10
1.8900000000000001,-1.2261372381702524,0,0,low_frequency_random,10
1.895,-1.2239206199477015,0,0,low_frequency_random,10
1.9000000000000001,-1.3630607651105098,0,0,low_frequency_random,10
1.905,-1.2297545112102757,0,0,low_frequency_random,10
1.9100000000000001,-1.1840004323949509,0,0,low_frequency_random,10
1.915,-1.2974347674506879,0,0,low_frequency_random,10
1.9199999999999999,-1.3574157604539254,0,0,low_frequency_random,10
1.925,-1.3430370779159282,0,0,low_frequency_random,10
1.9299999999999999,-1.3807930388260139,0,0,low_frequency_random,10
1.9350000000000001,-1.3849369695850473,0,0,low_frequency_random,10
1.9399999999999999,-1.3370216713986687,0,0,low_frequency_random,10
1.9450000000000001,-1.3301858888004141,0,0,low_frequency_random,10
1.95,-1.2129383439342576,0,0,low_frequency_random,10
1.9550000000000001,-1.2223422762745584,0,0,low_frequency_random,10
1.96,-1.0977283712562811,0,0,low_frequency_random,10
1.9650000000000001,-1.1390454943035939,0,0,low_frequency_random,10
1.97,-1.2265329405574383,0,0,low_frequency_random,10
1.9750000000000001,-1.387553584839393,0,0,low_frequency_random,10
1.98,-1.4499615901730194,0,0,low_frequency_random,10
1.9850000000000001,-1.4356635024598883,0,0,low_frequency_random,10
1.99,-1.3524947713447946,0,0,low_frequency_random,10
1.9950000000000001,-1.6195327201575944,0,0,low_frequency_random,10
2,-1.6150650381750844,0,0,low_frequency_random,10
2.0049999999999999,-1.6848138972404159,0,0,low_frequency_random,10
2.0100000000000002,-1.6204772526751197,0,0,low_frequency_random,10
2.0150000000000001,-1.6536914779844054,0,0,low_frequency_random,10
2.02,-1.6219917734603209,0,0,low_frequency_random,10
2.0249999999999999,-1.4707621547327014,0,0,low_frequency_random,10
2.0300000000000002,-1.4551047638814025,0,0,low_frequency_random,10
2.0350000000000001,-1.4618019243447202,0,0,low_frequency_random,10
2.04,-1.3768456134729623,0,0,low_frequency_random,10
2.0449999999999999,-1.3471950813942086,0,0,low_frequency_random,10
2.0499999999999998,-1.3569861964970036,0,0,low_frequency_random,10
2.0550000000000002,-1.4785131175583013,0,0,low_frequency_random,10
2.0600000000000001,-1.4999753781907332,0,0,low_frequency_random,10
2.0649999999999999,-1.6256720145093659,0,0,low_frequency_random,10
2.0699999999999998,-1.602275289017892,0,0,low_frequency_random,10
2.0750000000000002,-1.549530912990118,0,0,low_frequency_random,10
2.0800000000000001,-1.537789766051693,0,0,low_frequency_random,10
2.085,-1.3845130181208203,0,0,low_frequency_random,10
2.0899999999999999,-1.4693164439115305,0,0,low_frequency_random,10
2.0950000000000002,-1.4304707600777835,0,0,low_frequency_random,10
2.1000000000000001,-1.4213117702260565,0,0,low_frequency_random,10
2.105,-1.5090461987285255,0,0,low_frequency_random,10
2.1099999999999999,-1.4629417587615234,0,0,low_frequency_random,10
2.1150000000000002,-1.3909939066807546,0,0,low_frequency_random,10
2.1200000000000001,-1.2960806944358247,0,0,low_frequency_random,10
2.125,-1.3040565196080902,0,0,low_frequency_random,10
2.1299999999999999,-1.2481237807110555,0,0,low_frequency_random,10
2.1350000000000002,-1.2954252707727449,0,0,low_frequency_random,10
2.1400000000000001,-1.1718822115375076,0,0,low_frequency_random,10
2.145,-1.0244880563354688,0,0,low_frequency_random,10
2.1499999999999999,-1.0076706570081355,0,0,low_frequency_random,10
2.1550000000000002,-0.98524762602751759,0,0,low_frequency_random,10
2.1600000000000001,-1.0653413330793353,0,0,low_frequency_random,10
2.165,-1.0585399841155487,0,0,low_frequency_random,10
2.1699999999999999,-1.0827892424452226,0,0,low_frequency_random,10
2.1750000000000003,-1.059524151716227,0,0,low_frequency_random,10
2.1800000000000002,-1.1661268015110136,0,0,low_frequency_random,10
2.1850000000000001,-1.0197952950488696,0,0,low_frequency_random,10
2.1899999999999999,-0.99962040892636195,0,0,low_frequency_random,10
2.1949999999999998,-0.90848151037814506,0,0,low_frequency_random,10
2.2000000000000002,-0.8645472787693077,0,0,low_frequency_random,10
2.2050000000000001,-0.88282796214466419,0,0,low_frequency_random,10
2.21,-0.72552719998583204,0,0,low_frequency_random,10
2.2149999999999999,-0.63296962601455742,0,0,low_frequency_random,10
2.2200000000000002,-0.74726144490122071,0,0,low_frequency_random,10
2.2250000000000001,-0.7448440375551636,0,0,low_frequency_random,10
2.23,-0.75908659996666028,0,0,low_frequency_random,10
2.2349999999999999,-0.81850520926014858,0,0,low_frequency_random,10
2.2400000000000002,-0.64241198991756865,0,0,low_frequency_random,10
2.2450000000000001,-0.73553098964351638,0,0,low_frequency_random,10
2.25,-0.61044543271611262,0,0,low_frequency_random,10
2.2549999999999999,-0.74327225801090324,0,0,low_frequency_random,10
2.2600000000000002,-0.63026833629212231,0,0,low_frequency_random,10
2.2650000000000001,-0.66842326017775755,0,0,low_frequency_random,10
2.27,-0.8426725608634581,0,0,low_frequency_random,10
2.2749999999999999,-0.81609709355305338,0,0,low_frequency_random,10
2.2800000000000002,-0.77303496753219003,0,0,low_frequency_random,10
2.2850000000000001,-0.84053503317232059,0,0,low_frequency_random,10
2.29,-0.74942829688260171,0,0,low_frequency_random,10
2.2949999999999999,-0.87835259866440829,0,0,low_frequency_random,10
2.3000000000000003,-0.7833130281137396,0,0,low_frequency_random,10
2.3050000000000002,-0.73151069522019141,0,0,low_frequency_random,10
2.3100000000000001,-0.58428955743207922,0,0,low_frequency_random,10
2.3149999999999999,-0.61162635420384726,0,0,low_frequency_random,10
2.3199999999999998,-0.53721434468201068,0,0,low_frequency_random,10
2.3250000000000002,-0.57936894391344018,0,0,low_frequency_random,10
2.3300000000000001,-0.50959465022421102,0,0,low_frequency_random,10
2.335,-0.48568735241022937,0,0,low_frequency_random,10
2.3399999999999999,-0.41782094356490834,0,0,low_frequency_random,10
2.3450000000000002,-0.51576210764495944,0,0,low_frequency_random,10
2.3500000000000001,-0.47244839757700263,0,0,low_frequency_random,10
2.355,-0.43888528543789629,0,0,low_frequency_random,10
2.3599999999999999,-0.31519019329011905,0,0,low_frequency_random,10
2.3650000000000002,-0.33854485549938484,0,0,low_frequency_random,10
2.3700000000000001,-0.34929748586577597,0,0,low_frequency_random,10
2.375,-0.29439148376998719,0,0,low_frequency_random,10
2.3799999999999999,-0.2491029878079204,0,0,low_frequency_random,10
2.3850000000000002,-0.44618543427691837,0,0,low_frequency_random,10
2.3900000000000001,-0.464457190170254,0,0,low_frequency_random,10
2.395,-0.39213638212489094,0,0,low_frequency_random,10
2.3999999999999999,-0.41661121856867489,0,0,low_frequency_random,10
2.4050000000000002,-0.56017488716322206,0,0,low_frequency_random,10
2.4100000000000001,-0.5834580874683627,0,0,low_frequency_random,10
2.415,-0.58128401871073165,0,0,low_frequency_random,10
2.4199999999999999,-0.65388688914182702,0,0,low_frequency_random,10
2.4250000000000003,-0.64321330950481026,0,0,low_frequency_random,10
2.4300000000000002,-0.72649659289604751,0,0,low_frequency_random,10
2.4350000000000001,-0.73771836161871485,0,0,low_frequency_random,10
2.4399999999999999,-0.72714345247546297,0,0,low_frequency_random,10
2.4449999999999998,-0.58218961699604188,0,0,low_frequency_random,10
2.4500000000000002,-0.55098891379259651,0,0,low_frequency_random,10
2.4550000000000001,-0.44700982264214384,0,0,low_frequency_random,10
2.46,-0.4272322773267106,0,0,low_frequency_random,10
2.4649999999999999,-0.51511220902798205,0,0,low_frequency_random,10
2.4700000000000002,-0.60414456584727749,0,0,low_frequency_random,10
2.4750000000000001,-0.5383047996149255,0,0,low_frequency_random,10
2.48,-0.66265747415320375,0,0,low_frequency_random,10
2.4849999999999999,-0.78598103509837158,0,0,low_frequency_random,10
2.4900000000000002,-0.7104086227918458,0,0,low_frequency_random,10
2.4950000000000001,-0.77176638518642982,0,0,low_frequency_random,10
2.5,-0.85944465328300357,0,0,low_frequency_random,10
2.5049999999999999,-0.72450572486433951,0,0,low_frequency_random,10
2.5100000000000002,-0.79048609690124205,0,0,low_frequency_random,10
2.5150000000000001,-0.73849842033567792,0,0,low_frequency_random,10
2.52,-0.7379719708087874,0,0,low_frequency_random,10
2.5249999999999999,-0.72419579363206621,0,0,low_frequency_random,10
2.5300000000000002,-0.71760156124226948,0,0,low_frequency_random,10
2.5350000000000001,-0.63456334295568917,0,0,low_frequency_random,10
2.54,-0.51438455019520424,0,0,low_frequency_random,10
2.5449999999999999,-0.58644437756214485,0,0,low_frequency_random,10
2.5500000000000003,-0.462974644270499,0,0,low_frequency_random,10
2.5550000000000002,-0.47843956874738436,0,0,low_frequency_random,10
2.5600000000000001,-0.49024966507891332,0,0,low_frequency_random,10
2.5649999999999999,-0.43418991383650452,0,0,low_frequency_random,10
2.5699999999999998,-0.47582121968691338,0,0,low_frequency_random,10
2.5750000000000002,-0.54747284491225701,0,0,low_frequency_random,10
2.5800000000000001,-0.4253513012953386,0,0,low_frequency_random,10
2.585,-0.46976546930883867,0,0,low_frequency_random,10
2.5899999999999999,-0.63625151158782511,0,0,low_frequency_random,10
2.5950000000000002,-0.89489461476952292,0,0,low_frequency_random,10
2.6000000000000001,-0.86579320927841519,0,0,low_frequency_random,10
2.605,-0.87423506012272323,0,0,low_frequency_random,10
2.6099999999999999,-0.7336252082435889,0,0,low_frequency_random,10
2.6150000000000002,-0.82348298316147861,0,0,low_frequency_random,10
2.6200000000000001,-0.91649311634712849,0,0,low_frequency_random,10
2.625,-0.90997694854319888,0,0,low_frequency_random,10
2.6299999999999999,-0.8002885718964895,0,0,low_frequency_random,10
2.6350000000000002,-0.68513198153097732,0,0,low_frequency_random,10
2.6400000000000001,-0.67959368026748146,0,0,low_frequency_random,10
2.645,-0.72781592287511854,0,0,low_frequency_random,10
2.6499999999999999,-0.71396462546678463,0,0,low_frequency_random,10
2.6550000000000002,-0.59008953226469996,0,0,low_frequency_random,10
2.6600000000000001,-0.59374366736126927,0,0,low_frequency_random,10
2.665,-0.62646103599263236,0,0,low_frequency_random,10
2.6699999999999999,-0.58803665974388208,0,0,low_frequency_random,10
2.6750000000000003,-0.56924865242093325,0,0,low_frequency_random,10
2.6800000000000002,-0.55746079555646977,0,0,low_frequency_random,10
2.6850000000000001,-0.38975958389392262,0,0,low_frequency_random,10
2.6899999999999999,-0.33449779830450443,0,0,low_frequency_random,10
2.6949999999999998,-0.32315302474487784,0,0,low_frequency_random,10
2.7000000000000002,-0.34870564997921766,0,0,low_frequency_random,10
2.7050000000000001,-0.36771615462066609,0,0,low_frequency_random,10
2.71,-0.32496591067550323,0,0,low_frequency_random,10
2.7149999999999999,-0.26512585920761178,0,0,low_frequency_random,10
2.7200000000000002,-0.31300064659579774,0,0,low_frequency_random,10
2.7250000000000001,-0.35209713512120649,0,0,low_frequency_random,10
2.73,-0.37091916838823202,0,0,low_frequency_random,10
2.7349999999999999,-0.4423928730508373,0,0,low_frequency_random,10
2.7400000000000002,-0.35241526522853051,0,0,low_frequency_random,10
2.7450000000000001,-0.42091008601407987,0,0,low_frequency_random,10
2.75,-0.40562628446360716,0,0,low_frequency_random,10
2.7549999999999999,-0.32442215756283638,0,0,low_frequency_random,10
2.7600000000000002,-0.39970254875940081,0,0,low_frequency_random,10
2.7650000000000001,-0.46422537950906573,0,0,low_frequency_random,10
2.77,-0.47198443706906545,0,0,low_frequency_random,10
2.7749999999999999,-0.42855990586539355,0,0,low_frequency_random,10
2.7800000000000002,-0.41072319188643158,0,0,low_frequency_random,10
2.7850000000000001,-0.40342258642044315,0,0,low_frequency_random,10
2.79,-0.30104776860593252,0,0,low_frequency_random,10
2.7949999999999999,-0.34361472975420171,0,0,low_frequency_random,10
2.8000000000000003,-0.394368627111301,0,0,low_frequency_random,10
2.8050000000000002,-0.33952923986778288,0,0,low_frequency_random,10
2.8100000000000001,-0.32721368214779839,0,0,low_frequency_random,10
2.8149999999999999,-0.2492256598537054,0,0,low_frequency_random,10
2.8199999999999998,-0.16085424637567214,0,0,low_frequency_random,10
2.8250000000000002,-0.24558938654693835,0,0,low_frequency_random,10
2.8300000000000001,-0.40860435497058689,0,0,low_frequency_random,10
2.835,-0.36123532065173558,0,0,low_frequency_random,10
2.8399999999999999,-0.36156179458755888,0,0,low_frequency_random,10
2.8450000000000002,-0.33608605366342981,0,0,low_frequency_random,10
2.8500000000000001,-0.4046018494245166,0,0,low_frequency_random,10
2.855,-0.33784617312155368,0,0,low_frequency_random,10
2.8599999999999999,-0.35285563916700441,0,0,low_frequency_random,10
2.8650000000000002,-0.3060609790462433,0,0,low_frequency_random,10
2.8700000000000001,-0.2309141243564064,0,0,low_frequency_random,10
2.875,-0.21961062558785369,0,0,low_frequency_random,10
2.8799999999999999,-0.2241740023788317,0,0,low_frequency_random,10
2.8850000000000002,-0.27638120527849536,0,0,low_frequency_random,10
2.8900000000000001,-0.06019409358664915,0,0,low_frequency_random,10
2.895,-0.16673455058861278,0,0,low_frequency_random,10
2.8999999999999999,-0.10849323284842935,0,0,low_frequency_random,10
2.9050000000000002,-0.22573695393146015,0,0,low_frequency_random,10
2.9100000000000001,-0.2884946373787271,0,0,low_frequency_random,10
2.915,-0.17411311867847851,0,0,low_frequency_random,10
2.9199999999999999,-0.22987393299017239,0,0,low_frequency_random,10
2.9250000000000003,-0.14324781956607871,0,0,low_frequency_random,10
2.9300000000000002,-0.17149518734752187,0,0,low_frequency_random,10
2.9350000000000001,-0.099639451264499537,0,0,low_frequency_random,10
2.9399999999999999,-0.21011414936043846,0,0,low_frequency_random,10
2.9449999999999998,-0.29797074472562923,0,0,low_frequency_random,10
2.9500000000000002,-0.17983464668635032,0,0,low_frequency_random,10
2.9550000000000001,-0.15165597937459191,0,0,low_frequency_random,10
2.96,-0.23235661312088651,0,0,low_frequency_random,10
2.9649999999999999,-0.26893836256896525,0,0,low_frequency_random,10
2.9700000000000002,-0.48797587108504747,0,0,low_frequency_random,10
2.9750000000000001,-0.51095943619647965,0,0,low_frequency_random,10
2.98,-0.61393269333352363,0,0,low_frequency_random,10
2.9849999999999999,-0.68811751261896226,0,0,low_frequency_random,10
2.9900000000000002,-0.56586182926256501,0,0,low_frequency_random,10
2.9950000000000001,-0.60707336077943186,0,0,low_frequency_random,10
3,-0.65451979007604832,0,0,low_frequency_random,10
3.0049999999999999,-0.74051545112516115,0,0,low_frequency_random,10
3.0100000000000002,-0.68468771966184105,0,0,low_frequency_random,10
3.0150000000000001,-0.63868619370490332,0,0,low_frequency_random,10
3.02,-0.70375104003141498,0,0,low_frequency_random,10
3.0249999999999999,-0.83357191302215128,0,0,low_frequency_random,10
3.0300000000000002,-0.84786144174793809,0,0,low_frequency_random,10
3.0350000000000001,-0.83526460260360591,0,0,low_frequency_random,10
3.04,-0.99068110644703578,0,0,low_frequency_random,10
3.0449999999999999,-0.89669997795547141,0,0,low_frequency_random,10
3.0500000000000003,-0.96681805755644679,0,0,low_frequency_random,10
3.0550000000000002,-0.95637117912125436,0,0,low_frequency_random,10
3.0600000000000001,-1.0159707382671868,0,0,low_frequency_random,10
3.0649999999999999,-1.0740980237424846,0,0,low_frequency_random,10
3.0700000000000003,-0.99738948032060726,0,0,low_frequency_random,10
3.0750000000000002,-0.98739157160953739,0,0,low_frequency_random,10
3.0800000000000001,-1.1055767957940574,0,0,low_frequency_random,10
3.085,-1.0753399287250602,0,0,low_frequency_random,10
3.0899999999999999,-1.0069311069730655,0,0,low_frequency_random,10
3.0950000000000002,-1.0180849928578808,0,0,low_frequency_random,10
3.1000000000000001,-0.93000656177086505,0,0,low_frequency_random,10
3.105,-1.0015929328334305,0,0,low_frequency_random,10
3.1099999999999999,-0.92372328671115156,0,0,low_frequency_random,10
3.1150000000000002,-0.90431938451966332,0,0,low_frequency_random,10
3.1200000000000001,-0.88918879951186514,0,0,low_frequency_random,10
3.125,-0.77830881480539982,0,0,low_frequency_random,10
3.1299999999999999,-0.72146398537696232,0,0,low_frequency_random,10
3.1350000000000002,-0.74548614691908532,0,0,low_frequency_random,10
3.1400000000000001,-0.70405425927588916,0,0,low_frequency_random,10
3.145,-0.7567809859022061,0,0,low_frequency_random,10
3.1499999999999999,-0.71516032755326442,0,0,low_frequency_random,10
3.1550000000000002,-0.60951826044705404,0,0,low_frequency_random,10
3.1600000000000001,-0.51235001672050284,0,0,low_frequency_random,10
3.165,-0.56832139282294492,0,0,low_frequency_random,10
3.1699999999999999,-0.58690017780927384,0,0,low_frequency_random,10
3.1750000000000003,-0.53534726533450105,0,0,low_frequency_random,10
3.1800000000000002,-0.48850964344296649,0,0,low_frequency_random,10
3.1850000000000001,-0.54806139756726657,0,0,low_frequency_random,10
3.1899999999999999,-0.53071391684948854,0,0,low_frequency_random,10
3.1950000000000003,-0.49976105893547834,0,0,low_frequency_random,10
3.2000000000000002,-0.37848598759881313,0,0,low_frequency_random,10
3.2050000000000001,-0.3604318265393564,0,0,low_frequency_random,10
3.21,-0.36761241861763005,0,0,low_frequency_random,10
3.2149999999999999,-0.45444812317601241,0,0,low_frequency_random,10
3.2200000000000002,-0.56415018931473326,0,0,low_frequency_random,10
3.2250000000000001,-0.49065697865947849,0,0,low_frequency_random,10
3.23,-0.48540374097310479,0,0,low_frequency_random,10
3.2349999999999999,-0.52133682025159234,0,0,low_frequency_random,10
3.2400000000000002,-0.44397024058214829,0,0,low_frequency_random,10
3.2450000000000001,-0.40599840796749542,0,0,low_frequency_random,10
3.25,-0.41515604660531974,0,0,low_frequency_random,10
3.2549999999999999,-0.35853163638539676,0,0,low_frequency_random,10
3.2600000000000002,-0.39190208962975887,0,0,low_frequency_random,10
3.2650000000000001,-0.33531039091911335,0,0,low_frequency_random,10
3.27,-0.3056624782977429,0,0,low_frequency_random,10
3.2749999999999999,-0.34052744236511118,0,0,low_frequency_random,10
3.2800000000000002,-0.37219275407666258,0,0,low_frequency_random,10
3.2850000000000001,-0.43101421426017528,0,0,low_frequency_random,10
3.29,-0.35981987831481771,0,0,low_frequency_random,10
3.2949999999999999,-0.37075666728299372,0,0,low_frequency_random,10
3.3000000000000003,-0.45216450956490528,0,0,low_frequency_random,10
3.3050000000000002,-0.39484683778818996,0,0,low_frequency_random,10
3.3100000000000001,-0.3566507118493073,0,0,low_frequency_random,10
3.3149999999999999,-0.35602811681482743,0,0,low_frequency_random,10
3.3200000000000003,-0.33939594260652067,0,0,low_frequency_random,10
3.3250000000000002,-0.36912703944465003,0,0,low_frequency_random,10
3.3300000000000001,-0.4163439483246501,0,0,low_frequency_random,10
3.335,-0.34844631518175401,0,0,low_frequency_random,10
3.3399999999999999,-0.43855169832954288,0,0,low_frequency_random,10
3.3450000000000002,-0.56093726386749609,0,0,low_frequency_random,10
3.3500000000000001,-0.66682942493114117,0,0,low_frequency_random,10
3.355,-0.59789838555045949,0,0,low_frequency_random,10
3.3599999999999999,-0.68308174229784602,0,0,low_frequency_random,10
3.3650000000000002,-0.70508751413579551,0,0,low_frequency_random,10
3.3700000000000001,-0.76256763559196261,0,0,low_frequency_random,10
3.375,-0.84347353195487718,0,0,low_frequency_random,10
3.3799999999999999,-0.8566585549316269,0,0,low_frequency_random,10
3.3850000000000002,-0.86629477353854556,0,0,low_frequency_random,10
3.3900000000000001,-0.7109175692744748,0,0,low_frequency_random,10
3.395,-0.73820698681362873,0,0,low_frequency_random,10
3.3999999999999999,-0.71788931486434038,0,0,low_frequency_random,10
3.4050000000000002,-0.55779682395700203,0,0,low_frequency_random,10
3.4100000000000001,-0.44595807285293376,0,0,low_frequency_random,10
3.415,-0.3974410221184822,0,0,low_frequency_random,10
3.4199999999999999,-0.3265372538845836,0,0,low_frequency_random,10
3.4250000000000003,-0.3298119186789194,0,0,low_frequency_random,10
3.4300000000000002,-0.26426558570830899,0,0,low_frequency_random,10
3.4350000000000001,-0.243315767455555,0,0,low_frequency_random,10
3.4399999999999999,-0.30898692365503699,0,0,low_frequency_random,10
3.4450000000000003,-0.17171152875894641,0,0,low_frequency_random,10
3.4500000000000002,-0.17269648752672603,0,0,low_frequency_random,10
3.4550000000000001,-0.127795944428752,0,0,low_frequency_random,10
3.46,-0.16863959345605178,0,0,low_frequency_random,10
3.4649999999999999,-0.26500432851315736,0,0,low_frequency_random,10
3.4700000000000002,-0.40477773823613949,0,0,low_frequency_random,10
3.4750000000000001,-0.66589997243269328,0,0,low_frequency_random,10
3.48,-0.61629145012887299,0,0,low_frequency_random,10
3.4849999999999999,-0.75333967794682222,0,0,low_frequency_random,10
3.4900000000000002,-0.79379629625976833,0,0,low_frequency_random,10
3.4950000000000001,-0.79211999010408318,0,0,low_frequency_random,10
3.5,-0.90853061349043984,0,0,low_frequency_random,10
3.5049999999999999,-0.94758239904595942,0,0,low_frequency_random,10
3.5100000000000002,-0.9155162226589979,0,0,low_frequency_random,10
3.5150000000000001,-0.9325629119467681,0,0,low_frequency_random,10
3.52,-0.88510011516875298,0,0,low_frequency_random,10
3.5249999999999999,-1.0939999665956608,0,0,low_frequency_random,10
3.5300000000000002,-1.044507218782655,0,0,low_frequency_random,10
3.5350000000000001,-0.97397538217418178,0,0,low_frequency_random,10
3.54,-1.078336514960311,0,0,low_frequency_random,10
3.5449999999999999,-1.0146929671417206,0,0,low_frequency_random,10
3.5500000000000003,-1.0434616461706405,0,0,low_frequency_random,10
3.5550000000000002,-1.0606158894585047,0,0,low_frequency_random,10
3.5600000000000001,-1.0137403316040843,0,0,low_frequency_random,10
3.5649999999999999,-1.1292120374439121,0,0,low_frequency_random,10
3.5700000000000003,-1.0606692520687058,0,0,low_frequency_random,10
3.5750000000000002,-1.1154159352952473,0,0,low_frequency_random,10
3.5800000000000001,-1.0504360097399965,0,0,low_frequency_random,10
3.585,-1.0537024452282837,0,0,low_frequency_random,10
3.5899999999999999,-1.0289275911104008,0,0,low_frequency_random,10
3.5950000000000002,-1.0917046249725229,0,0,low_frequency_random,10
3.6000000000000001,-1.0918386294782332,0,0,low_frequency_random,10
3.605,-1.1812955898356843,0,0,low_frequency_random,10
3.6099999999999999,-1.2326399649616058,0,0,low_frequency_random,10
3.6150000000000002,-1.3408669169593108,0,0,low_frequency_random,10
3.6200000000000001,-1.342299364519719,0,0,low_frequency_random,10
3.625,-1.4173547647117684,0,0,low_frequency_random,10
3.6299999999999999,-1.2270400882995973,0,0,low_frequency_random,10
3.6350000000000002,-1.2938330416623878,0,0,low_frequency_random,10
3.6400000000000001,-1.4625979517762331,0,0,low_frequency_random,10
3.645,-1.3701756834557237,0,0,low_frequency_random,10
3.6499999999999999,-1.3959118650140099,0,0,low_frequency_random,10
3.6550000000000002,-1.3532354447160835,0,0,low_frequency_random,10
3.6600000000000001,-1.3452299636984304,0,0,low_frequency_random,10
3.665,-1.4045525258034426,0,0,low_frequency_random,10
3.6699999999999999,-1.4485316355172122,0,0,low_frequency_random,10
3.6750000000000003,-1.5307636030600411,0,0,low_frequency_random,10
3.6800000000000002,-1.4142851321752017,0,0,low_frequency_random,10
3.6850000000000001,-1.3588444062049954,0,0,low_frequency_random,10
3.6899999999999999,-1.4604039290101338,0,0,low_frequency_random,10
3.6950000000000003,-1.3793166680204658,0,0,low_frequency_random,10
3.7000000000000002,-1.3300549785128231,0,0,low_frequency_random,10
3.7050000000000001,-1.4569563679765489,0,0,low_frequency_random,10
3.71,-1.5190600210265168,0,0,low_frequency_random,10
3.7149999999999999,-1.4839991365068936,0,0,low_frequency_random,10
3.7200000000000002,-1.4586051506468904,0,0,low_frequency_random,10
3.7250000000000001,-1.2928295125834786,0,0,low_frequency_random,10
3.73,-1.291219843951291,0,0,low_frequency_random,10
3.7349999999999999,-1.2140133858810429,0,0,low_frequency_random,10
3.7400000000000002,-1.2512174176271871,0,0,low_frequency_random,10
3.7450000000000001,-1.258774143155009,0,0,low_frequency_random,10
3.75,-1.2567790596360815,0,0,low_frequency_random,10
3.7549999999999999,-1.2602545173318507,0,0,low_frequency_random,10
3.7600000000000002,-1.2426377776463864,0,0,low_frequency_random,10
3.7650000000000001,-1.2347579645918974,0,0,low_frequency_random,10
3.77,-1.3632841037168941,0,0,low_frequency_random,10
3.7749999999999999,-1.3061728083902737,0,0,low_frequency_random,10
3.7800000000000002,-1.3952321477393161,0,0,low_frequency_random,10
3.7850000000000001,-1.3279647013328184,0,0,low_frequency_random,10
3.79,-1.2751685930592191,0,0,low_frequency_random,10
3.7949999999999999,-1.218673615515514,0,0,low_frequency_random,10
3.8000000000000003,-1.2647024970635261,0,0,low_frequency_random,10
3.8050000000000002,-1.2402193355445164,0,0,low_frequency_random,10
3.8100000000000001,-1.1813459530053023,0,0,low_frequency_random,10
3.8149999999999999,-1.2222666645884197,0,0,low_frequency_random,10
3.8200000000000003,-1.3381124173052692,0,0,low_frequency_random,10
3.8250000000000002,-1.1987853902088319,0,0,low_frequency_random,10
3.8300000000000001,-1.2157568768061959,0,0,low_frequency_random,10
3.835,-1.2531490527875317,0,0,low_frequency_random,10
3.8399999999999999,-1.3304018828448647,0,0,low_frequency_random,10
3.8450000000000002,-1.4259799190554368,0,0,low_frequency_random,10
3.8500000000000001,-1.636370711586677,0,0,low_frequency_random,10
3.855,-1.7179064706952794,0,0,low_frequency_random,10
3.8599999999999999,-1.7996616839479171,0,0,low_frequency_random,10
3.8650000000000002,-1.864049032049311,0,0,low_frequency_random,10
3.8700000000000001,-1.704141331716641,0,0,low_frequency_random,10
3.875,-1.7083255801323811,0,0,low_frequency_random,10
3.8799999999999999,-1.7344131893543451,0,0,low_frequency_random,10
3.8850000000000002,-1.7227790416545419,0,0,low_frequency_random,10
3.8900000000000001,-1.7786879065916823,0,0,low_frequency_random,10
3.895,-1.668828453255299,0,0,low_frequency_random,10
3.8999999999999999,-1.5640668137361537,0,0,low_frequency_random,10
3.9050000000000002,-1.6183018760689594,0,0,low_frequency_random,10
3.9100000000000001,-1.5327363372632341,0,0,low_frequency_random,10
3.915,-1.4658848834961744,0,0,low_frequency_random,10
3.9199999999999999,-1.2483044494105124,0,0,low_frequency_random,10
3.9250000000000003,-1.1424113866968055,0,0,low_frequency_random,10
3.9300000000000002,-1.2483342461707592,0,0,low_frequency_random,10
3.9350000000000001,-1.2746158036128916,0,0,low_frequency_random,10
3.9399999999999999,-1.2037570054186963,0,0,low_frequency_random,10
3.9450000000000003,-1.1518019390194627,0,0,low_frequency_random,10
3.9500000000000002,-1.0461019985479065,0,0,low_frequency_random,10
3.9550000000000001,-1.05165665170764,0,0,low_frequency_random,10
3.96,-1.0254907850996806,0,0,low_frequency_random,10
3.9650000000000003,-0.90278511116821281,0,0,low_frequency_random,10
3.9700000000000002,-0.85011202133488306,0,0,low_frequency_random,10
3.9750000000000001,-0.84747757671507074,0,0,low_frequency_random,10
3.98,-0.65198973344537081,0,0,low_frequency_random,10
3.9849999999999999,-0.65403805986526387,0,0,low_frequency_random,10
3.9900000000000002,-0.63650838980680802,0,0,low_frequency_random,10
3.9950000000000001,-0.7005263527657859,0,0,low_frequency_random,10
4,-0.67429349212351319,0,0,low_frequency_random,10
4.0049999999999999,-0.80715310007586327,0,0,low_frequency_random,10
4.0099999999999998,-0.67898167017806177,0,0,low_frequency_random,10
4.0149999999999997,-0.85081581277868656,0,0,low_frequency_random,10
4.0200000000000005,-0.77584082990164394,0,0,low_frequency_random,10
4.0250000000000004,-0.83882889974922115,0,0,low_frequency_random,10
4.0300000000000002,-0.8054872443920893,0,0,low_frequency_random,10
4.0350000000000001,-0.68031023272026503,0,0,low_frequency_random,10
4.04,-0.67592780555643917,0,0,low_frequency_random,10
4.0449999999999999,-0.63233934945591386,0,0,low_frequency_random,10
4.0499999999999998,-0.68007094465056805,0,0,low_frequency_random,10
4.0549999999999997,-0.70119626590733974,0,0,low_frequency_random,10
4.0600000000000005,-0.60039185899958669,0,0,low_frequency_random,10
4.0650000000000004,-0.65587980143859514,0,0,low_frequency_random,10
4.0700000000000003,-0.58251838673552025,0,0,low_frequency_random,10
4.0750000000000002,-0.56422458765155348,0,0,low_frequency_random,10
4.0800000000000001,-0.59343950451409266,0,0,low_frequency_random,10
4.085,-0.51405699241953229,0,0,low_frequency_random,10
4.0899999999999999,-0.5871133942450405,0,0,low_frequency_random,10
4.0949999999999998,-0.55784110736952275,0,0,low_frequency_random,10
4.0999999999999996,-0.66070751952586937,0,0,low_frequency_random,10
4.1050000000000004,-0.67782969155553485,0,0,low_frequency_random,10
4.1100000000000003,-0.77710932910735186,0,0,low_frequency_random,10
4.1150000000000002,-0.75898854484323375,0,0,low_frequency_random,10
4.1200000000000001,-0.68384409471609986,0,0,low_frequency_random,10
4.125,-0.60051033576559654,0,0,low_frequency_random,10
4.1299999999999999,-0.56328588895437992,0,0,low_frequency_random,10
4.1349999999999998,-0.5421759708684496,0,0,low_frequency_random,10
4.1399999999999997,-0.57618077897002606,0,0,low_frequency_random,10
4.1450000000000005,-0.60411972381135748,0,0,low_frequency_random,10
4.1500000000000004,-0.67745055452266345,0,0,low_frequency_random,10
4.1550000000000002,-0.51088769189048633,0,0,low_frequency_random,10
4.1600000000000001,-0.51650543856187225,0,0,low_frequency_random,10
4.165,-0.52625369392547405,0,0,low_frequency_random,10
4.1699999999999999,-0.51384792477579788,0,0,low_frequency_random,10
4.1749999999999998,-0.57805047203089954,0,0,low_frequency_random,10
4.1799999999999997,-0.44618161794722166,0,0,low_frequency_random,10
4.1850000000000005,-0.48132004375992499,0,0,low_frequency_random,10
4.1900000000000004,-0.55854706242054819,0,0,low_frequency_random,10
4.1950000000000003,-0.41526817792005793,0,0,low_frequency_random,10
4.2000000000000002,-0.31885954686122137,0,0,low_frequency_random,10
4.2050000000000001,-0.26522037531036852,0,0,low_frequency_random,10
4.21,-0.30267539357056938,0,0,low_frequency_random,10
4.2149999999999999,-0.18682310591153828,0,0,low_frequency_random,10
4.2199999999999998,-0.18627897695192563,0,0,low_frequency_random,10
4.2249999999999996,-0.16516001470551706,0,0,low_frequency_random,10
4.2300000000000004,-0.073996368843748481,0,0,low_frequency_random,10
4.2350000000000003,-0.061219645016786631,0,0,low_frequency_random,10
4.2400000000000002,-0.098900896565189328,0,0,low_frequency_random,10
4.2450000000000001,-0.27185417308051496,0,0,low_frequency_random,10
4.25,-0.18179716663167556,0,0,low_frequency_random,10
4.2549999999999999,-0.36305694913173114,0,0,low_frequency_random,10
4.2599999999999998,-0.4262122191189176,0,0,low_frequency_random,10
4.2649999999999997,-0.50185939066807328,0,0,low_frequency_random,10
4.2700000000000005,-0.54998331923636024,0,0,low_frequency_random,10
4.2750000000000004,-0.58819518146882821,0,0,low_frequency_random,10
4.2800000000000002,-0.55738600138749428,0,0,low_frequency_random,10
4.2850000000000001,-0.59105960769641308,0,0,low_frequency_random,10
4.29,-0.8221016246367383,0,0,low_frequency_random,10
4.2949999999999999,-0.83144978111674628,0,0,low_frequency_random,10
4.2999999999999998,-0.93558155130358134,0,0,low_frequency_random,10
4.3049999999999997,-0.97786086756616153,0,0,low_frequency_random,10
4.3100000000000005,-1.0893315533225001,0,0,low_frequency_random,10
4.3150000000000004,-1.1089297483061633,0,0,low_frequency_random,10
4.3200000000000003,-1.1405648257460266,0,0,low_frequency_random,10
4.3250000000000002,-1.0864642370854525,0,0,low_frequency_random,10
4.3300000000000001,-1.0603475347949904,0,0,low_frequency_random,10
4.335,-0.99316885162267798,0,0,low_frequency_random,10
4.3399999999999999,-1.1188377216398417,0,0,low_frequency_random,10
4.3449999999999998,-1.0172497717289759,0,0,low_frequency_random,10
4.3500000000000005,-1.0665303986687076,0,0,low_frequency_random,10
4.3550000000000004,-1.0401832579742833,0,0,low_frequency_random,10
4.3600000000000003,-0.9945335911499309,0,0,low_frequency_random,10
4.3650000000000002,-0.94168301949366595,0,0,low_frequency_random,10
4.3700000000000001,-0.95925513084117864,0,0,low_frequency_random,10
4.375,-1.0772349030267534,0,0,low_frequency_random,10
4.3799999999999999,-1.0171589395261769,0,0,low_frequency_random,10
4.3849999999999998,-0.92066593720248346,0,0,low_frequency_random,10
4.3899999999999997,-0.83027427366204942,0,0,low_frequency_random,10
4.3950000000000005,-0.74262963406462901,0,0,low_frequency_random,10
4.4000000000000004,-0.61707631890485759,0,0,low_frequency_random,10
4.4050000000000002,-0.54648761034165005,0,0,low_frequency_random,10
4.4100000000000001,-0.5814028911243353,0,0,low_frequency_random,10
4.415,-0.52526028546318604,0,0,low_frequency_random,10
4.4199999999999999,-0.6153819668422793,0,0,low_frequency_random,10
4.4249999999999998,-0.62228023972330793,0,0,low_frequency_random,10
4.4299999999999997,-0.6159238097995875,0,0,low_frequency_random,10
4.4350000000000005,-0.53048983030616081,0,0,low_frequency_random,10
4.4400000000000004,-0.55765126640646001,0,0,low_frequency_random,10
4.4450000000000003,-0.57814255436729389,0,0,low_frequency_random,10
4.4500000000000002,-0.62375338992583895,0,0,low_frequency_random,10
4.4550000000000001,-0.58824385378152355,0,0,low_frequency_random,10
4.46,-0.72806429901335667,0,0,low_frequency_random,10
4.4649999999999999,-0.90966321147469698,0,0,low_frequency_random,10
4.4699999999999998,-0.77915761278254203,0,0,low_frequency_random,10
4.4750000000000005,-0.68489070501721749,0,0,low_frequency_random,10
4.4800000000000004,-0.63623106822758735,0,0,low_frequency_random,10
4.4850000000000003,-0.61086886714316868,0,0,low_frequency_random,10
4.4900000000000002,-0.66229542213513581,0,0,low_frequency_random,10
4.4950000000000001,-0.78545868020166298,0,0,low_frequency_random,10
4.5,-0.75487943784155309,0,0,low_frequency_random,10
4.5049999999999999,-0.84715691378283964,0,0,low_frequency_random,10
4.5099999999999998,-0.7756360235143922,0,0,low_frequency_random,10
4.5149999999999997,-0.75883029210376329,0,0,low_frequency_random,10
4.5200000000000005,-0.87353861597790128,0,0,low_frequency_random,10
4.5250000000000004,-0.85629793632992868,0,0,low_frequency_random,10
4.5300000000000002,-0.99809416326367861,0,0,low_frequency_random,10
4.5350000000000001,-1.0574308304627604,0,0,low_frequency_random,10
4.54,-0.98433722159261661,0,0,low_frequency_random,10
4.5449999999999999,-1.0425833772488591,0,0,low_frequency_random,10
4.5499999999999998,-1.0676405317792175,0,0,low_frequency_random,10
4.5549999999999997,-1.1203673108826062,0,0,low_frequency_random,10
4.5600000000000005,-1.1632442828822553,0,0,low_frequency_random,10
4.5650000000000004,-1.0872212737209208,0,0,low_frequency_random,10
4.5700000000000003,-1.0514023895190312,0,0,low_frequency_random,10
4.5750000000000002,-1.0114265961937292,0,0,low_frequency_random,10
4.5800000000000001,-1.1321869930694792,0,0,low_frequency_random,10
4.585,-1.1503540931291016,0,0,low_frequency_random,10
4.5899999999999999,-1.2071808999980125,0,0,low_frequency_random,10
4.5949999999999998,-1.1925086426786617,0,0,low_frequency_random,10
4.6000000000000005,-1.2682424949688655,0,0,low_frequency_random,10
4.6050000000000004,-1.1860299371931695,0,0,low_frequency_random,10
4.6100000000000003,-0.96856589738865384,0,0,low_frequency_random,10
4.6150000000000002,-0.95203617589053657,0,0,low_frequency_random,10
4.6200000000000001,-0.99083059261671669,0,0,low_frequency_random,10
4.625,-0.92205951950319021,0,0,low_frequency_random,10
4.6299999999999999,-1.0445393925660236,0,0,low_frequency_random,10
4.6349999999999998,-1.0797245739506651,0,0,low_frequency_random,10
4.6399999999999997,-1.004158735412193,0,0,low_frequency_random,10
4.6450000000000005,-1.0264540049918187,0,0,low_frequency_random,10
4.6500000000000004,-1.0215745693302922,0,0,low_frequency_random,10
4.6550000000000002,-0.90579922329595397,0,0,low_frequency_random,10
4.6600000000000001,-0.88064012540422065,0,0,low_frequency_random,10
4.665,-0.82822023367060416,0,0,low_frequency_random,10
4.6699999999999999,-0.89703642663052652,0,0,low_frequency_random,10
4.6749999999999998,-0.72145207474998774,0,0,low_frequency_random,10
4.6799999999999997,-0.74387889033253263,0,0,low_frequency_random,10
4.6850000000000005,-0.70025228226447245,0,0,low_frequency_random,10
4.6900000000000004,-0.68648437826368336,0,0,low_frequency_random,10
4.6950000000000003,-0.68269293493455963,0,0,low_frequency_random,10
4.7000000000000002,-0.77269598063247169,0,0,low_frequency_random,10
4.7050000000000001,-0.78519558756816132,0,0,low_frequency_random,10
4.71,-0.76798978210780633,0,0,low_frequency_random,10
4.7149999999999999,-0.64941041152454282,0,0,low_frequency_random,10
4.7199999999999998,-0.62742932145634345,0,0,low_frequency_random,10
4.7250000000000005,-0.65264782628283591,0,0,low_frequency_random,10
4.7300000000000004,-0.6274260951870082,0,0,low_frequency_random,10
4.7350000000000003,-0.60455056662852202,0,0,low_frequency_random,10
4.7400000000000002,-0.60292493220478194,0,0,low_frequency_random,10
4.7450000000000001,-0.57317282008203274,0,0,low_frequency_random,10
4.75,-0.43574422996171897,0,0,low_frequency_random,10
4.7549999999999999,-0.4265779296735584,0,0,low_frequency_random,10
4.7599999999999998,-0.51875709372637069,0,0,low_frequency_random,10
4.7649999999999997,-0.55176866868775376,0,0,low_frequency_random,10
4.7700000000000005,-0.5655094644498424,0,0,low_frequency_random,10
4.7750000000000004,-0.61276917995410873,0,0,low_frequency_random,10
4.7800000000000002,-0.59073839722118038,0,0,low_frequency_random,10
4.7850000000000001,-0.50659809114692111,0,0,low_frequency_random,10
4.79,-0.65167598521069969,0,0,low_frequency_random,10
4.7949999999999999,-0.72831708199060408,0,0,low_frequency_random,10
4.7999999999999998,-0.7555183769103494,0,0,low_frequency_random,10
4.8049999999999997,-0.69501985988602188,0,0,low_frequency_random,10
4.8100000000000005,-0.82671809333355717,0,0,low_frequency_random,10
4.8150000000000004,-0.73795923804670216,0,0,low_frequency_random,10
4.8200000000000003,-0.60877723868568945,0,0,low_frequency_random,10
4.8250000000000002,-0.50572441633268228,0,0,low_frequency_random,10
4.8300000000000001,-0.47756911029313437,0,0,low_frequency_random,10
4.835,-0.57092614356350246,0,0,low_frequency_random,10
4.8399999999999999,-0.60137638837039309,0,0,low_frequency_random,10
4.8449999999999998,-0.64236543803216728,0,0,low_frequency_random,10
4.8500000000000005,-0.62403575645847975,0,0,low_frequency_random,10
4.8550000000000004,-0.54330127698210862,0,0,low_frequency_random,10
4.8600000000000003,-0.48871089058095657,0,0,low_frequency_random,10
4.8650000000000002,-0.54862562870253762,0,0,low_frequency_random,10
4.8700000000000001,-0.46276067801073384,0,0,low_frequency_random,10
4.875,-0.36078591483356415,0,0,low_frequency_random,10
4.8799999999999999,-0.42678268589463364,0,0,low_frequency_random,10
4.8849999999999998,-0.49296832002618463,0,0,low_frequency_random,10
4.8899999999999997,-0.52040650585668247,0,0,low_frequency_random,10
4.8950000000000005,-0.48385252803155959,0,0,low_frequency_random,10
4.9000000000000004,-0.55273794106609864,0,0,low_frequency_random,10
4.9050000000000002,-0.44922044470408984,0,0,low_frequency_random,10
4.9100000000000001,-0.42532137793145047,0,0,low_frequency_random,10
4.915,-0.35099805413499585,0,0,low_frequency_random,10
4.9199999999999999,-0.38579800905410555,0,0,low_frequency_random,10
4.9249999999999998,-0.44425358415827548,0,0,low_frequency_random,10
4.9299999999999997,-0.40090333487398522,0,0,low_frequency_random,10
4.9350000000000005,-0.22822301308043716,0,0,low_frequency_random,10
4.9400000000000004,-0.15502301442863245,0,0,low_frequency_random,10
4.9450000000000003,-0.036750915262237338,0,0,low_frequency_random,10
4.9500000000000002,-0.059099828392834466,0,0,low_frequency_random,10
4.9550000000000001,-0.092848686969005834,0,0,low_frequency_random,10
4.96,-0.081294587619051784,0,0,low_frequency_random,10
4.9649999999999999,-0.020814463487595233,0,0,low_frequency_random,10
4.9699999999999998,-0.0058124827699784793,0,0,low_frequency_random,10
4.9750000000000005,-0.087993733341624428,0,0,low_frequency_random,10
4.9800000000000004,-0.20009099228730581,0,0,low_frequency_random,10
4.9850000000000003,-0.16811693654496024,0,0,low_frequency_random,10
4.9900000000000002,-0.17066847935044935,0,0,low_frequency_random,10
4.9950000000000001,0.05340775096017375,0,0,low_frequency_random,10
5,0.015757138264249335,0,0,low_frequency_random,10
5.0049999999999999,-0.050946271155470083,0,0,low_frequency_random,10
5.0099999999999998,0.012348630231224601,0,0,low_frequency_random,10
5.0149999999999997,-0.0063097848323980781,0,0,low_frequency_random,10
5.0200000000000005,0.0023607558776009918,0,0,low_frequency_random,10
5.0250000000000004,0.085681599700506011,0,0,low_frequency_random,10
5.0300000000000002,0.0098692255188722183,0,0,low_frequency_random,10
5.0350000000000001,-0.024069636335905531,0,0,low_frequency_random,10
5.04,-0.073593413754667242,0,0,low_frequency_random,10
5.0449999999999999,-0.12693402990528785,0,0,low_frequency_random,10
5.0499999999999998,-0.17940875434382961,0,0,low_frequency_random,10
5.0549999999999997,-0.20209786786204059,0,0,low_frequency_random,10
5.0600000000000005,-0.093813324866063127,0,0,low_frequency_random,10
5.0650000000000004,-0.10763400142919552,0,0,low_frequency_random,10
5.0700000000000003,-0.18734823677716483,0,0,low_frequency_random,10
5.0750000000000002,-0.19861204685221578,0,0,low_frequency_random,10
5.0800000000000001,-0.25269337420573418,0,0,low_frequency_random,10
5.085,-0.2457864758917708,0,0,low_frequency_random,10
5.0899999999999999,-0.25038524748016056,0,0,low_frequency_random,10
5.0949999999999998,-0.31207139090178915,0,0,low_frequency_random,10
5.1000000000000005,-0.33572344408973825,0,0,low_frequency_random,10
5.1050000000000004,-0.28936333555128535,0,0,low_frequency_random,10
5.1100000000000003,-0.18432237539999072,0,0,low_frequency_random,10
5.1150000000000002,-0.19141013586730232,0,0,low_frequency_random,10
5.1200000000000001,-0.083254949670600334,0,0,low_frequency_random,10
5.125,-0.00031930443112426765,0,0,low_frequency_random,10
5.1299999999999999,-0.10591032242214628,0,0,low_frequency_random,10
5.1349999999999998,-0.14670008776216137,0,0,low_frequency_random,10
5.1399999999999997,-0.40327634950525643,0,0,low_frequency_random,10
5.1450000000000005,-0.48858835606671469,0,0,low_frequency_random,10
5.1500000000000004,-0.50808786515422621,0,0,low_frequency_random,10
5.1550000000000002,-0.57780413627071869,0,0,low_frequency_random,10
5.1600000000000001,-0.57420940697813683,0,0,low_frequency_random,10
5.165,-0.60397879788980391,0,0,low_frequency_random,10
5.1699999999999999,-0.5777202724691084,0,0,low_frequency_random,10
5.1749999999999998,-0.61779907400652767,0,0,low_frequency_random,10
5.1799999999999997,-0.58451532600619305,0,0,low_frequency_random,10
5.1850000000000005,-0.57510438527281249,0,0,low_frequency_random,10
5.1900000000000004,-0.55591440260135006,0,0,low_frequency_random,10
5.1950000000000003,-0.48203885450202827,0,0,low_frequency_random,10
5.2000000000000002,-0.54217021233998108,0,0,low_frequency_random,10
5.2050000000000001,-0.39833430709758211,0,0,low_frequency_random,10
5.21,-0.39494789535557223,0,0,low_frequency_random,10
5.2149999999999999,-0.36378777290657538,0,0,low_frequency_random,10
5.2199999999999998,-0.37349086199129999,0,0,low_frequency_random,10
5.2250000000000005,-0.400482021869566,0,0,low_frequency_random,10
5.2300000000000004,-0.50085473253580626,0,0,low_frequency_random,10
5.2350000000000003,-0.53109128193885879,0,0,low_frequency_random,10
5.2400000000000002,-0.63771958217804503,0,0,low_frequency_random,10
5.2450000000000001,-0.73255930707566264,0,0,low_frequency_random,10
5.25,-0.60634684219821744,0,0,low_frequency_random,10
5.2549999999999999,-0.60075017494215077,0,0,low_frequency_random,10
5.2599999999999998,-0.61800351824412347,0,0,low_frequency_random,10
5.2649999999999997,-0.69293176426321479,0,0,low_frequency_random,10
5.2700000000000005,-0.69046519175939913,0,0,low_frequency_random,10
5.2750000000000004,-0.68602736204895376,0,0,low_frequency_random,10
5.2800000000000002,-0.63358903096432551,0,0,low_frequency_random,10
5.2850000000000001,-0.6420850351959676,0,0,low_frequency_random,10
5.29,-0.62594196598412299,0,0,low_frequency_random,10
5.2949999999999999,-0.52724691612434527,0,0,low_frequency_random,10
5.2999999999999998,-0.48363561284186274,0,0,low_frequency_random,10
5.3049999999999997,-0.39773288284422093,0,0,low_frequency_random,10
5.3100000000000005,-0.52508538860918941,0,0,low_frequency_random,10
5.3150000000000004,-0.54542635451751154,0,0,low_frequency_random,10
5.3200000000000003,-0.44905201168238673,0,0,low_frequency_random,10
5.3250000000000002,-0.434057766074191,0,0,low_frequency_random,10
5.3300000000000001,-0.31831691414185204,0,0,low_frequency_random,10
5.335,-0.33877923845960722,0,0,low_frequency_random,10
5.3399999999999999,-0.24453978464267201,0,0,low_frequency_random,10
5.3449999999999998,-0.38963418991139126,0,0,low_frequency_random,10
5.3500000000000005,-0.44704743423076265,0,0,low_frequency_random,10
5.3550000000000004,-0.43051047500847339,0,0,low_frequency_random,10
5.3600000000000003,-0.52117328805320928,0,0,low_frequency_random,10
5.3650000000000002,-0.68012193487901551,0,0,low_frequency_random,10
5.3700000000000001,-0.61165653672694953,0,0,low_frequency_random,10
5.375,-0.46825481423291582,0,0,low_frequency_random,10
5.3799999999999999,-0.44207977879801841,0,0,low_frequency_random,10
5.3849999999999998,-0.54586994908437225,0,0,low_frequency_random,10
5.3899999999999997,-0.54715597430713414,0,0,low_frequency_random,10
5.3950000000000005,-0.65214200177619075,0,0,low_frequency_random,10
5.4000000000000004,-0.81631853097947071,0,0,low_frequency_random,10
5.4050000000000002,-0.76935401084219268,0,0,low_frequency_random,10
5.4100000000000001,-0.72439065572184314,0,0,low_frequency_random,10
5.415,-0.71538758311279649,0,0,low_frequency_random,10
5.4199999999999999,-0.81838965708544409,0,0,low_frequency_random,10
5.4249999999999998,-1.0205240301344458,0,0,low_frequency_random,10
5.4299999999999997,-0.97260982378643734,0,0,low_frequency_random,10
5.4350000000000005,-0.97770754299066687,0,0,low_frequency_random,10
5.4400000000000004,-0.89514827815259446,0,0,low_frequency_random,10
5.4450000000000003,-1.0237431030280739,0,0,low_frequency_random,10
5.4500000000000002,-1.2141144678589009,0,0,low_frequency_random,10
5.4550000000000001,-1.13910405757579,0,0,low_frequency_random,10
5.46,-1.0156125664088773,0,0,low_frequency_random,10
5.4649999999999999,-0.93195143273603376,0,0,low_frequency_random,10
5.4699999999999998,-0.88230300522787264,0,0,low_frequency_random,10
5.4750000000000005,-0.87133347228162972,0,0,low_frequency_random,10
5.4800000000000004,-0.82181609208870421,0,0,low_frequency_random,10
5.4850000000000003,-0.87286396840695135,0,0,low_frequency_random,10
5.4900000000000002,-0.70272858345059142,0,0,low_frequency_random,10
5.4950000000000001,-0.57755379343375868,0,0,low_frequency_random,10
5.5,-0.72402095150949286,0,0,low_frequency_random,10
5.5049999999999999,-0.62859474342088895,0,0,low_frequency_random,10
5.5099999999999998,-0.81903440124946281,0,0,low_frequency_random,10
5.5149999999999997,-0.79848257131728717,0,0,low_frequency_random,10
5.5200000000000005,-0.83038210622076136,0,0,low_frequency_random,10
5.5250000000000004,-0.71404048361773254,0,0,low_frequency_random,10
5.5300000000000002,-0.70909704277763164,0,0,low_frequency_random,10
5.5350000000000001,-0.73147715281017278,0,0,low_frequency_random,10
5.54,-0.63728694116122364,0,0,low_frequency_random,10
5.5449999999999999,-0.70502041517552538,0,0,low_frequency_random,10
5.5499999999999998,-0.77399967331387276,0,0,low_frequency_random,10
5.5549999999999997,-0.66664472658969676,0,0,low_frequency_random,10
5.5600000000000005,-0.63215221059182192,0,0,low_frequency_random,10
5.5650000000000004,-0.62485642566093214,0,0,low_frequency_random,10
5.5700000000000003,-0.67808102582070817,0,0,low_frequency_random,10
5.5750000000000002,-0.69292250101595032,0,0,low_frequency_random,10
5.5800000000000001,-0.72748998292505918,0,0,low_frequency_random,10
5.585,-0.70510846356324197,0,0,low_frequency_random,10
5.5899999999999999,-0.69427750244983522,0,0,low_frequency_random,10
5.5949999999999998,-0.70816586652353686,0,0,low_frequency_random,10
5.6000000000000005,-0.7154605134726848,0,0,low_frequency_random,10
5.6050000000000004,-0.59869875188887411,0,0,low_frequency_random,10
5.6100000000000003,-0.54954464339584863,0,0,low_frequency_random,10
5.6150000000000002,-0.52070216379170409,0,0,low_frequency_random,10
5.6200000000000001,-0.53258871686212561,0,0,low_frequency_random,10
5.625,-0.51212442814164361,0,0,low_frequency_random,10
5.6299999999999999,-0.51791844132451403,0,0,low_frequency_random,10
5.6349999999999998,-0.50384404057594301,0,0,low_frequency_random,10
5.6399999999999997,-0.47268432937682842,0,0,low_frequency_random,10
5.6450000000000005,-0.52912971294544009,0,0,low_frequency_random,10
5.6500000000000004,-0.58823508312571227,0,0,low_frequency_random,10
5.6550000000000002,-0.78744880022083297,0,0,low_frequency_random,10
5.6600000000000001,-0.88429100911003611,0,0,low_frequency_random,10
5.665,-0.8821229660614982,0,0,low_frequency_random,10
5.6699999999999999,-0.72355085344897896,0,0,low_frequency_random,10
5.6749999999999998,-0.56096881759758344,0,0,low_frequency_random,10
5.6799999999999997,-0.58560833146074398,0,0,low_frequency_random,10
5.6850000000000005,-0.83310824066969635,0,0,low_frequency_random,10
5.6900000000000004,-0.81576547130511323,0,0,low_frequency_random,10
5.6950000000000003,-0.79026425994108096,0,0,low_frequency_random,10
5.7000000000000002,-0.6791297183930467,0,0,low_frequency_random,10
5.7050000000000001,-0.74743694236622704,0,0,low_frequency_random,10
5.71,-0.77516314969682454,0,0,low_frequency_random,10
5.7149999999999999,-0.80047749613713759,0,0,low_frequency_random,10
5.7199999999999998,-0.80299727890582417,0,0,low_frequency_random,10
5.7250000000000005,-0.90618830426623165,0,0,low_frequency_random,10
5.7300000000000004,-0.87911035022476836,0,0,low_frequency_random,10
5.7350000000000003,-0.93803733164248648,0,0,low_frequency_random,10
5.7400000000000002,-0.93150005858856866,0,0,low_frequency_random,10
5.7450000000000001,-0.94195728995679562,0,0,low_frequency_random,10
5.75,-1.1260310594221359,0,0,low_frequency_random,10
5.7549999999999999,-1.1113812105690621,0,0,low_frequency_random,10
5.7599999999999998,-1.212492566605248,0,0,low_frequency_random,10
5.7649999999999997,-1.3000585563222637,0,0,low_frequency_random,10
5.7700000000000005,-1.3818299692213991,0,0,low_frequency_random,10
5.7750000000000004,-1.496056246403576,0,0,low_frequency_random,10
5.7800000000000002,-1.519018128071796,0,0,low_frequency_random,10
5.7850000000000001,-1.738448590519224,0,0,low_frequency_random,10
5.79,-1.7972018574016302,0,0,low_frequency_random,10
5.7949999999999999,-1.7912870501384508,0,0,low_frequency_random,10
5.7999999999999998,-1.7655294358673326,0,0,low_frequency_random,10
5.8049999999999997,-1.6827887516711513,0,0,low_frequency_random,10
5.8100000000000005,-1.5959812746532354,0,0,low_frequency_random,10
5.8150000000000004,-1.5160867967167795,0,0,low_frequency_random,10
5.8200000000000003,-1.5322156636562505,0,0,low_frequency_random,10
5.8250000000000002,-1.5973014164935004,0,0,low_frequency_random,10
5.8300000000000001,-1.7369187076192789,0,0,low_frequency_random,10
5.835,-1.7840028533746151,0,0,low_frequency_random,10
5.8399999999999999,-1.7781323551924486,0,0,low_frequency_random,10
5.8449999999999998,-1.8088572874805184,0,0,low_frequency_random,10
5.8500000000000005,-1.8839371863099874,0,0,low_frequency_random,10
5.8550000000000004,-1.811211456669692,0,0,low_frequency_random,10
5.8600000000000003,-1.661090235914132,0,0,low_frequency_random,10
5.8650000000000002,-1.682080623814376,0,0,low_frequency_random,10
5.8700000000000001,-1.5740262390658497,0,0,low_frequency_random,10
5.875,-1.5266354170249044,0,0,low_frequency_random,10
5.8799999999999999,-1.6026102799628132,0,0,low_frequency_random,10
5.8849999999999998,-1.5904115505276781,0,0,low_frequency_random,10
5.8899999999999997,-1.6374001152172224,0,0,low_frequency_random,10
5.8950000000000005,-1.5367662968424174,0,0,low_frequency_random,10
5.9000000000000004,-1.4361012511180531,0,0,low_frequency_random,10
5.9050000000000002,-1.3941549086073532,0,0,low_frequency_random,10
5.9100000000000001,-1.4156515021052476,0,0,low_frequency_random,10
5.915,-1.3715439671578726,0,0,low_frequency_random,10
5.9199999999999999,-1.3390211085175816,0,0,low_frequency_random,10
5.9249999999999998,-1.235942928451335,0,0,low_frequency_random,10
5.9299999999999997,-1.1391048633307901,0,0,low_frequency_random,10
5.9350000000000005,-1.072536770133486,0,0,low_frequency_random,10
5.9400000000000004,-1.1684724754452269,0,0,low_frequency_random,10
5.9450000000000003,-1.1123344871076797,0,0,low_frequency_random,10
5.9500000000000002,-1.0240401578951424,0,0,low_frequency_random,10
5.9550000000000001,-1.0511698892384822,0,0,low_frequency_random,10
5.96,-1.1234043818852197,0,0,low_frequency_random,10
5.9649999999999999,-1.0602872957477454,0,0,low_frequency_random,10
5.9699999999999998,-1.1552896099426713,0,0,low_frequency_random,10
5.9750000000000005,-1.196151046582127,0,0,low_frequency_random,10
5.9800000000000004,-1.2192206807051245,0,0,low_frequency_random,10
5.9850000000000003,-1.2967358450934112,0,0,low_frequency_random,10
5.9900000000000002,-1.4500390220712791,0,0,low_frequency_random,10
5.9950000000000001,-1.307249234249964,0,0,low_frequency_random,10
6,-1.3335516055495888,0,0,low_frequency_random,10
6.0049999999999999,-1.4437580310427525,0,0,low_frequency_random,10
6.0099999999999998,-1.2991443333846375,0,0,low_frequency_random,10
6.0150000000000006,-1.2825668265214663,0,0,low_frequency_random,10
6.0200000000000005,-1.1668877539408364,0,0,low_frequency_random,10
6.0250000000000004,-1.03800115295879,0,0,low_frequency_random,10
6.0300000000000002,-1.1073160062998699,0,0,low_frequency_random,10
6.0350000000000001,-1.04499383645914,0,0,low_frequency_random,10
6.04,-0.97937143191788956,0,0,low_frequency_random,10
6.0449999999999999,-1.0459562063744943,0,0,low_frequency_random,10
6.0499999999999998,-1.1188135629042011,0,0,low_frequency_random,10
6.0549999999999997,-1.0256381248097184,0,0,low_frequency_random,10
6.0600000000000005,-1.0054915075455795,0,0,low_frequency_random,10
6.0650000000000004,-1.0878969374453804,0,0,low_frequency_random,10
6.0700000000000003,-1.1476432193433252,0,0,low_frequency_random,10
6.0750000000000002,-1.1440407282661691,0,0,low_frequency_random,10
6.0800000000000001,-1.1967797857610121,0,0,low_frequency_random,10
6.085,-1.0382555591879974,0,0,low_frequency_random,10
6.0899999999999999,-0.8566289375431555,0,0,low_frequency_random,10
6.0949999999999998,-0.78292878505506225,0,0,low_frequency_random,10
6.1000000000000005,-0.8154096074620385,0,0,low_frequency_random,10
6.1050000000000004,-0.89938680874951649,0,0,low_frequency_random,10
6.1100000000000003,-0.93691319311629317,0,0,low_frequency_random,10
6.1150000000000002,-0.73674440159781407,0,0,low_frequency_random,10
6.1200000000000001,-0.61391460629857231,0,0,low_frequency_random,10
6.125,-0.67033922527706369,0,0,low_frequency_random,10
6.1299999999999999,-0.68851564005082078,0,0,low_frequency_random,10
6.1349999999999998,-0.59081715501906518,0,0,low_frequency_random,10
6.1400000000000006,-0.60689218626264796,0,0,low_frequency_random,10
6.1450000000000005,-0.6254498406950505,0,0,low_frequency_random,10
6.1500000000000004,-0.56943780777029662,0,0,low_frequency_random,10
6.1550000000000002,-0.48602630670535119,0,0,low_frequency_random,10
6.1600000000000001,-0.46698225884311112,0,0,low_frequency_random,10
6.165,-0.2721664548638893,0,0,low_frequency_random,10
6.1699999999999999,-0.24859719068403444,0,0,low_frequency_random,10
6.1749999999999998,-0.25821820435219905,0,0,low_frequency_random,10
6.1799999999999997,-0.39155263912097893,0,0,low_frequency_random,10
6.1850000000000005,-0.46570144885800546,0,0,low_frequency_random,10
6.1900000000000004,-0.46224721868359014,0,0,low_frequency_random,10
6.1950000000000003,-0.46756663161794609,0,0,low_frequency_random,10
6.2000000000000002,-0.56705482489976433,0,0,low_frequency_random,10
6.2050000000000001,-0.33323901985987786,0,0,low_frequency_random,10
6.21,-0.2793646666245343,0,0,low_frequency_random,10
6.2149999999999999,-0.24425578283878482,0,0,low_frequency_random,10
6.2199999999999998,-0.24814613735236679,0,0,low_frequency_random,10
6.2250000000000005,-0.25434503920158608,0,0,low_frequency_random,10
6.2300000000000004,-0.4097953932343279,0,0,low_frequency_random,10
6.2350000000000003,-0.39697274432430507,0,0,low_frequency_random,10
6.2400000000000002,-0.47299438847193093,0,0,low_frequency_random,10
6.2450000000000001,-0.57266855242288683,0,0,low_frequency_random,10
6.25,-0.4328279744310693,0,0,low_frequency_random,10
6.2549999999999999,-0.42231059528572767,0,0,low_frequency_random,10
6.2599999999999998,-0.38719200984261487,0,0,low_frequency_random,10
6.2650000000000006,-0.38943818490934778,0,0,low_frequency_random,10
6.2700000000000005,-0.42048279284187995,0,0,low_frequency_random,10
6.2750000000000004,-0.51055764910487167,0,0,low_frequency_random,10
6.2800000000000002,-0.44155499600174991,0,0,low_frequency_random,10
6.2850000000000001,-0.51511695356241027,0,0,low_frequency_random,10
6.29,-0.60421310136831219,0,0,low_frequency_random,10
6.2949999999999999,-0.69325328081889759,0,0,low_frequency_random,10
6.2999999999999998,-0.65524922727199475,0,0,low_frequency_random,10
6.3049999999999997,-0.60834205419913556,0,0,low_frequency_random,10
6.3100000000000005,-0.54618287475504912,0,0,low_frequency_random,10
6.3150000000000004,-0.55001374587564489,0,0,low_frequency_random,10
6.3200000000000003,-0.55589827258501168,0,0,low_frequency_random,10
6.3250000000000002,-0.44455255704849606,0,0,low_frequency_random,10
6.3300000000000001,-0.55525528572115668,0,0,low_frequency_random,10
6.335,-0.49567417202502456,0,0,low_frequency_random,10
6.3399999999999999,-0.47626495952239239,0,0,low_frequency_random,10
6.3449999999999998,-0.5107518430230189,0,0,low_frequency_random,10
6.3500000000000005,-0.57506272514646217,0,0,low_frequency_random,10
6.3550000000000004,-0.69410294125112559,0,0,low_frequency_random,10
6.3600000000000003,-0.80850917628568353,0,0,low_frequency_random,10
6.3650000000000002,-0.8963200843685577,0,0,low_frequency_random,10
6.3700000000000001,-0.91844118904118854,0,0,low_frequency_random,10
6.375,-0.74787526493548118,0,0,low_frequency_random,10
6.3799999999999999,-0.79550014480903686,0,0,low_frequency_random,10
6.3849999999999998,-0.80432690465763068,0,0,low_frequency_random,10
6.3900000000000006,-0.83456932185990096,0,0,low_frequency_random,10
6.3950000000000005,-0.9438160692310148,0,0,low_frequency_random,10
6.4000000000000004,-1.0133654417363116,0,0,low_frequency_random,10
6.4050000000000002,-0.8871534458698187,0,0,low_frequency_random,10
6.4100000000000001,-0.87998072138034833,0,0,low_frequency_random,10
6.415,-0.99437046244367611,0,0,low_frequency_random,10
6.4199999999999999,-1.1539643658237406,0,0,low_frequency_random,10
6.4249999999999998,-1.0389380498815939,0,0,low_frequency_random,10
6.4299999999999997,-1.0581940373918159,0,0,low_frequency_random,10
6.4350000000000005,-1.1604424618993929,0,0,low_frequency_random,10
6.4400000000000004,-1.0928505194529772,0,0,low_frequency_random,10
6.4450000000000003,-1.1060090165709746,0,0,low_frequency_random,10
6.4500000000000002,-1.1514058624518222,0,0,low_frequency_random,10
6.4550000000000001,-1.1493629812516493,0,0,low_frequency_random,10
6.46,-1.0322895348163517,0,0,low_frequency_random,10
6.4649999999999999,-1.1018830845492362,0,0,low_frequency_random,10
6.4699999999999998,-1.0330246675415415,0,0,low_frequency_random,10
6.4750000000000005,-1.0169385601451788,0,0,low_frequency_random,10
6.4800000000000004,-1.0542150847744753,0,0,low_frequency_random,10
6.4850000000000003,-0.92371954261020994,0,0,low_frequency_random,10
6.4900000000000002,-0.94560954408374143,0,0,low_frequency_random,10
6.4950000000000001,-0.92658578606661524,0,0,low_frequency_random,10
6.5,-0.95932579400749007,0,0,low_frequency_random,10
6.5049999999999999,-1.0582959127395513,0,0,low_frequency_random,10
6.5099999999999998,-1.0261571818372839,0,0,low_frequency_random,10
6.5150000000000006,-1.1054254639453478,0,0,low_frequency_random,10
6.5200000000000005,-0.9582320484279292,0,0,low_frequency_random,10
6.5250000000000004,-0.82841786899515313,0,0,low_frequency_random,10
6.5300000000000002,-0.86865579551473815,0,0,low_frequency_random,10
6.5350000000000001,-0.91048371329021538,0,0,low_frequency_random,10
6.54,-0.97181220126697043,0,0,low_frequency_random,10
6.5449999999999999,-0.82861821961041349,0,0,low_frequency_random,10
6.5499999999999998,-0.91896766851393386,0,0,low_frequency_random,10
6.5549999999999997,-1.0031523501770763,0,0,low_frequency_random,10
6.5600000000000005,-1.0742147697652187,0,0,low_frequency_random,10
6.5650000000000004,-1.139590420511865,0,0,low_frequency_random,10
6.5700000000000003,-1.0158546385080702,0,0,low_frequency_random,10
6.5750000000000002,-1.0403257390914917,0,0,low_frequency_random,10
6.5800000000000001,-1.0195964133740902,0,0,low_frequency_random,10
6.585,-1.0286529145152521,0,0,low_frequency_random,10
6.5899999999999999,-1.0362742234494964,0,0,low_frequency_random,10
6.5949999999999998,-0.87151908679501844,0,0,low_frequency_random,10
6.6000000000000005,-0.72260705441055673,0,0,low_frequency_random,10
6.6050000000000004,-0.67609630061827786,0,0,low_frequency_random,10
6.6100000000000003,-0.72426440734689701,0,0,low_frequency_random,10
6.6150000000000002,-0.53441237974964073,0,0,low_frequency_random,10
6.6200000000000001,-0.52231927879457452,0,0,low_frequency_random,10
6.625,-0.59256071547206268,0,0,low_frequency_random,10
6.6299999999999999,-0.65474598602817857,0,0,low_frequency_random,10
6.6349999999999998,-0.64700307804462642,0,0,low_frequency_random,10
6.6400000000000006,-0.58659994661846515,0,0,low_frequency_random,10
6.6450000000000005,-0.80663890270345129,0,0,low_frequency_random,10
6.6500000000000004,-0.77167207684957873,0,0,low_frequency_random,10
6.6550000000000002,-0.77272241731062774,0,0,low_frequency_random,10
6.6600000000000001,-0.72600941609248526,0,0,low_frequency_random,10
6.665,-0.79191437065015213,0,0,low_frequency_random,10
6.6699999999999999,-0.70866344014171534,0,0,low_frequency_random,10
6.6749999999999998,-0.74287098006292362,0,0,low_frequency_random,10
6.6799999999999997,-0.64847634684985334,0,0,low_frequency_random,10
6.6850000000000005,-0.45786294451770593,0,0,low_frequency_random,10
6.6900000000000004,-0.43432015827631532,0,0,low_frequency_random,10
6.6950000000000003,-0.40248545210951314,0,0,low_frequency_random,10
6.7000000000000002,-0.37480723237193614,0,0,low_frequency_random,10
6.7050000000000001,-0.50754850565988274,0,0,low_frequency_random,10
6.71,-0.46711250310141034,0,0,low_frequency_random,10
6.7149999999999999,-0.5844632658716441,0,0,low_frequency_random,10
6.7199999999999998,-0.78395193755861858,0,0,low_frequency_random,10
6.7250000000000005,-0.78408784646800578,0,0,low_frequency_random,10
6.7300000000000004,-0.72640918224548412,0,0,low_frequency_random,10
6.7350000000000003,-0.79066822085675625,0,0,low_frequency_random,10
6.7400000000000002,-0.91989012511214197,0,0,low_frequency_random,10
6.7450000000000001,-0.80743803151656302,0,0,low_frequency_random,10
6.75,-0.93244621955609841,0,0,low_frequency_random,10
6.7549999999999999,-0.84328615811401264,0,0,low_frequency_random,10
6.7599999999999998,-0.86328073374549052,0,0,low_frequency_random,10
6.7650000000000006,-0.95002081242713887,0,0,low_frequency_random,10
6.7700000000000005,-0.92373036773422879,0,0,low_frequency_random,10
6.7750000000000004,-1.1189071571848588,0,0,low_frequency_random,10
6.7800000000000002,-1.1750214536311181,0,0,low_frequency_random,10
6.7850000000000001,-1.1738424870141828,0,0,low_frequency_random,10
6.79,-1.1776593041931533,0,0,low_frequency_random,10
6.7949999999999999,-1.0663063837571423,0,0,low_frequency_random,10
6.7999999999999998,-1.1483446075645021,0,0,low_frequency_random,10
6.8049999999999997,-1.1028215690531258,0,0,low_frequency_random,10
6.8100000000000005,-1.1151923404671646,0,0,low_frequency_random,10
6.8150000000000004,-1.0528199314715712,0,0,low_frequency_random,10
6.8200000000000003,-1.0195905410081698,0,0,low_frequency_random,10
6.8250000000000002,-0.92691040990255924,0,0,low_frequency_random,10
6.8300000000000001,-0.93502060798887454,0,0,low_frequency_random,10
6.835,-0.82005014853700131,0,0,low_frequency_random,10
6.8399999999999999,-0.81731934284565266,0,0,low_frequency_random,10
6.8449999999999998,-0.8739416601695581,0,0,low_frequency_random,10
6.8500000000000005,-0.8674538125019966,0,0,low_frequency_random,10
6.8550000000000004,-0.85316550140474612,0,0,low_frequency_random,10
6.8600000000000003,-0.72833260279973389,0,0,low_frequency_random,10
6.8650000000000002,-0.81860879694124189,0,0,low_frequency_random,10
6.8700000000000001,-0.8136394267884044,0,0,low_frequency_random,10
6.875,-0.91118399844415354,0,0,low_frequency_random,10
6.8799999999999999,-0.83296628424833907,0,0,low_frequency_random,10
6.8849999999999998,-0.75906128106748594,0,0,low_frequency_random,10
6.8900000000000006,-0.70438645224485641,0,0,low_frequency_random,10
6.8950000000000005,-0.8147060469481775,0,0,low_frequency_random,10
6.9000000000000004,-0.89757143148299334,0,0,low_frequency_random,10
6.9050000000000002,-0.90116040917090168,0,0,low_frequency_random,10
6.9100000000000001,-0.86736674651056533,0,0,low_frequency_random,10
6.915,-0.80622504471386636,0,0,low_frequency_random,10
6.9199999999999999,-0.84053765375371325,0,0,low_frequency_random,10
6.9249999999999998,-0.82501879216131402,0,0,low_frequency_random,10
6.9299999999999997,-0.85070895758082765,0,0,low_frequency_random,10
6.9350000000000005,-0.88630235908860089,0,0,low_frequency_random,10
6.9400000000000004,-0.90941815850532048,0,0,low_frequency_random,10
6.9450000000000003,-0.99197645451415162,0,0,low_frequency_random,10
6.9500000000000002,-0.91113319416803995,0,0,low_frequency_random,10
6.9550000000000001,-0.7951846804847077,0,0,low_frequency_random,10
6.96,-0.74413641471026526,0,0,low_frequency_random,10
6.9649999999999999,-0.77650898296608883,0,0,low_frequency_random,10
6.9699999999999998,-0.65519210039774534,0,0,low_frequency_random,10
6.9750000000000005,-0.72875712625746947,0,0,low_frequency_random,10
6.9800000000000004,-0.63390707710223493,0,0,low_frequency_random,10
6.9850000000000003,-0.55358536156614668,0,0,low_frequency_random,10
6.9900000000000002,-0.45363661449018933,0,0,low_frequency_random,10
6.9950000000000001,-0.59004154617251303,0,0,low_frequency_random,10
7,-0.55919099734515965,0,0,low_frequency_random,10
7.0049999999999999,-0.59651656420132926,0,0,low_frequency_random,10
7.0099999999999998,-0.53062590641675678,0,0,low_frequency_random,10
7.0150000000000006,-0.5128011010967054,0,0,low_frequency_random,10
7.0200000000000005,-0.67874405253559811,0,0,low_frequency_random,10
7.0250000000000004,-0.62258809724222686,0,0,low_frequency_random,10
7.0300000000000002,-0.47401864205011335,0,0,low_frequency_random,10
7.0350000000000001,-0.43224756376628831,0,0,low_frequency_random,10
7.04,-0.36755991763264301,0,0,low_frequency_random,10
7.0449999999999999,-0.35007568647446496,0,0,low_frequency_random,10
7.0499999999999998,-0.30383148069126342,0,0,low_frequency_random,10
7.0549999999999997,-0.34135083530626414,0,0,low_frequency_random,10
7.0600000000000005,-0.20377876075855264,0,0,low_frequency_random,10
7.0650000000000004,-0.012880478040741966,0,0,low_frequency_random,10
7.0700000000000003,-0.065074308966028754,0,0,low_frequency_random,10
7.0750000000000002,-0.019802621785840205,0,0,low_frequency_random,10
7.0800000000000001,-0.044450053942421089,0,0,low_frequency_random,10
7.085,0.092678833167710084,0,0,low_frequency_random,10
7.0899999999999999,0.11929330922540192,0,0,low_frequency_random,10
7.0949999999999998,0.19504755926931533,0,0,low_frequency_random,10
7.1000000000000005,0.18789392662162774,0,0,low_frequency_random,10
7.1050000000000004,0.28420807978411466,0,0,low_frequency_random,10
7.1100000000000003,0.35511380901782164,0,0,low_frequency_random,10
7.1150000000000002,0.39180638545475654,0,0,low_frequency_random,10
7.1200000000000001,0.44541928920113688,0,0,low_frequency_random,10
7.125,0.33784065505504585,0,0,low_frequency_random,10
7.1299999999999999,0.41493479614202933,0,0,low_frequency_random,10
7.1349999999999998,0.34245281205727274,0,0,low_frequency_random,10
7.1400000000000006,0.30530297725480254,0,0,low_frequency_random,10
7.1450000000000005,0.31683801067074147,0,0,low_frequency_random,10
7.1500000000000004,0.38354665405927896,0,0,low_frequency_random,10
7.1550000000000002,0.46165046402730764,0,0,low_frequency_random,10
7.1600000000000001,0.49132721754350384,0,0,low_frequency_random,10
7.165,0.51751895358557998,0,0,low_frequency_random,10
7.1699999999999999,0.58083293484145326,0,0,low_frequency_random,10
7.1749999999999998,0.52171082086412279,0,0,low_frequency_random,10
7.1799999999999997,0.53107274605029497,0,0,low_frequency_random,10
7.1850000000000005,0.48395571443630264,0,0,low_frequency_random,10
7.1900000000000004,0.35271913884211731,0,0,low_frequency_random,10
7.1950000000000003,0.26659799366837994,0,0,low_frequency_random,10
7.2000000000000002,0.35980910703314434,0,0,low_frequency_random,10
7.2050000000000001,0.31718687374409277,0,0,low_frequency_random,10
7.21,0.18986872177912945,0,0,low_frequency_random,10
7.2149999999999999,0.19715756318303018,0,0,low_frequency_random,10
7.2199999999999998,0.15273305574945395,0,0,low_frequency_random,10
7.2250000000000005,0.11879458450629475,0,0,low_frequency_random,10
7.2300000000000004,0.096027006891125408,0,0,low_frequency_random,10
7.2350000000000003,0.12182765752690902,0,0,low_frequency_random,10
7.2400000000000002,0.14107006265864738,0,0,low_frequency_random,10
7.2450000000000001,0.13188788364288143,0,0,low_frequency_random,10
7.25,0.15014959148442347,0,0,low_frequency_random,10
7.2549999999999999,0.14522541087423746,0,0,low_frequency_random,10
7.2599999999999998,0.17617189879817827,0,0,low_frequency_random,10
7.2650000000000006,0.23584614359778025,0,0,low_frequency_random,10
7.2700000000000005,0.23345544243122551,0,0,low_frequency_random,10
7.2750000000000004,0.39353154390897399,0,0,low_frequency_random,10
7.2800000000000002,0.31790973562705133,0,0,low_frequency_random,10
7.2850000000000001,0.28202277964123174,0,0,low_frequency_random,10
7.29,0.27148835197562288,0,0,low_frequency_random,10
7.2949999999999999,0.38224777314379965,0,0,low_frequency_random,10
7.2999999999999998,0.4676677163319618,0,0,low_frequency_random,10
7.3049999999999997,0.50411608948927922,0,0,low_frequency_random,10
7.3100000000000005,0.44840318354685299,0,0,low_frequency_random,10
7.3150000000000004,0.4916758014587253,0,0,low_frequency_random,10
7.3200000000000003,0.49686740220887049,0,0,low_frequency_random,10
7.3250000000000002,0.48191355507114725,0,0,low_frequency_random,10
7.3300000000000001,0.587720189446166,0,0,low_frequency_random,10
7.335,0.7171452188644114,0,0,low_frequency_random,10
7.3399999999999999,0.75218531864270688,0,0,low_frequency_random,10
7.3449999999999998,0.71168123533169436,0,0,low_frequency_random,10
7.3500000000000005,0.74066464345844929,0,0,low_frequency_random,10
7.3550000000000004,0.67179312110017209,0,0,low_frequency_random,10
7.3600000000000003,0.56140787839031359,0,0,low_frequency_random,10
7.3650000000000002,0.42271375741860401,0,0,low_frequency_random,10
7.3700000000000001,0.40593294654429035,0,0,low_frequency_random,10
7.375,0.38328340233317132,0,0,low_frequency_random,10
7.3799999999999999,0.32346681236283331,0,0,low_frequency_random,10
7.3849999999999998,0.28139262446262014,0,0,low_frequency_random,10
7.3900000000000006,0.25416062838115033,0,0,low_frequency_random,10
7.3950000000000005,0.16717092730214161,0,0,low_frequency_random,10
7.4000000000000004,0.19330905047600283,0,0,low_frequency_random,10
7.4050000000000002,0.31540869142052269,0,0,low_frequency_random,10
7.4100000000000001,0.29353809561517713,0,0,low_frequency_random,10
7.415,0.15501491724226008,0,0,low_frequency_random,10
7.4199999999999999,0.14659537848821078,0,0,low_frequency_random,10
7.4249999999999998,0.15915078367271968,0,0,low_frequency_random,10
7.4299999999999997,0.20496927735482343,0,0,low_frequency_random,10
7.4350000000000005,0.28625012365107394,0,0,low_frequency_random,10
7.4400000000000004,0.34729395645768157,0,0,low_frequency_random,10
7.4450000000000003,0.4297685577698952,0,0,low_frequency_random,10
7.4500000000000002,0.42405788414319162,0,0,low_frequency_random,10
7.4550000000000001,0.45209303642385879,0,0,low_frequency_random,10
7.46,0.39665512818607318,0,0,low_frequency_random,10
7.4649999999999999,0.35834330981741985,0,0,low_frequency_random,10
7.4699999999999998,0.41936634490633412,0,0,low_frequency_random,10
7.4750000000000005,0.40067809000359111,0,0,low_frequency_random,10
7.4800000000000004,0.28452792119673942,0,0,low_frequency_random,10
7.4850000000000003,0.13098572874010128,0,0,low_frequency_random,10
7.4900000000000002,0.18640506861160713,0,0,low_frequency_random,10
7.4950000000000001,0.15598033671701139,0,0,low_frequency_random,10
7.5,0.11190023763900894,0,0,low_frequency_random,10
7.5049999999999999,0.047197675862629254,0,0,low_frequency_random,10
7.5099999999999998,0.077233821275125403,0,0,low_frequency_random,10
7.5150000000000006,0.068260093183424936,0,0,low_frequency_random,10
7.5200000000000005,0.045619490611973956,0,0,low_frequency_random,10
7.5250000000000004,0.020400147271023818,0,0,low_frequency_random,10
7.5300000000000002,0.0049844211403212175,0,0,low_frequency_random,10
7.5350000000000001,0.074008931807801798,0,0,low_frequency_random,10
7.54,0.086932162313230893,0,0,low_frequency_random,10
7.5449999999999999,0.18747937342058815,0,0,low_frequency_random,10
7.5499999999999998,0.035549569194693681,0,0,low_frequency_random,10
7.5549999999999997,-0.022718562510409761,0,0,low_frequency_random,10
7.5600000000000005,0.039992309949858432,0,0,low_frequency_random,10
7.5650000000000004,-0.018959112869926194,0,0,low_frequency_random,10
7.5700000000000003,-0.034981039896674462,0,0,low_frequency_random,10
7.5750000000000002,-0.064730796722520079,0,0,low_frequency_random,10
7.5800000000000001,-0.057670470809548062,0,0,low_frequency_random,10
7.585,-0.034177618739933024,0,0,low_frequency_random,10
7.5899999999999999,0.1183519862898427,0,0,low_frequency_random,10
7.5949999999999998,0.19430067157206737,0,0,low_frequency_random,10
7.6000000000000005,0.20618242505530812,0,0,low_frequency_random,10
7.6050000000000004,0.24582496944720308,0,0,low_frequency_random,10
7.6100000000000003,0.28525954998326503,0,0,low_frequency_random,10
7.6150000000000002,0.28235100626151161,0,0,low_frequency_random,10
7.6200000000000001,0.23302240645633671,0,0,low_frequency_random,10
7.625,0.26653817832767668,0,0,low_frequency_random,10
7.6299999999999999,0.31728848605538457,0,0,low_frequency_random,10
7.6349999999999998,0.26227875722770927,0,0,low_frequency_random,10
7.6400000000000006,0.25174778061336778,0,0,low_frequency_random,10
7.6450000000000005,0.28347510401562248,0,0,low_frequency_random,10
7.6500000000000004,0.3123713857613824,0,0,low_frequency_random,10
7.6550000000000002,0.44373742628510482,0,0,low_frequency_random,10
7.6600000000000001,0.42309585641533587,0,0,low_frequency_random,10
7.665,0.3666357458722917,0,0,low_frequency_random,10
7.6699999999999999,0.40243893543167314,0,0,low_frequency_random,10
7.6749999999999998,0.32208760135187448,0,0,low_frequency_random,10
7.6799999999999997,0.30335679118131986,0,0,low_frequency_random,10
7.6850000000000005,0.15480787487900879,0,0,low_frequency_random,10
7.6900000000000004,0.18775654870446715,0,0,low_frequency_random,10
7.6950000000000003,0.36609735825742407,0,0,low_frequency_random,10
7.7000000000000002,0.33157777787568332,0,0,low_frequency_random,10
7.7050000000000001,0.30215439058856913,0,0,low_frequency_random,10
7.71,0.34530818697806875,0,0,low_frequency_random,10
7.7149999999999999,0.41993393186405836,0,0,low_frequency_random,10
7.7199999999999998,0.29156950374902524,0,0,low_frequency_random,10
7.7250000000000005,0.27022333954533895,0,0,low_frequency_random,10
7.7300000000000004,0.27641530481107196,0,0,low_frequency_random,10
7.7350000000000003,0.27593908143676626,0,0,low_frequency_random,10
7.7400000000000002,0.29497883905989636,0,0,low_frequency_random,10
7.7450000000000001,0.27883345393440018,0,0,low_frequency_random,10
7.75,0.25644947286663011,0,0,low_frequency_random,10
7.7549999999999999,0.16700045713918316,0,0,low_frequency_random,10
7.7599999999999998,0.29609953687212448,0,0,low_frequency_random,10
7.7650000000000006,0.29457516956793067,0,0,low_frequency_random,10
7.7700000000000005,0.38003916317587555,0,0,low_frequency_random,10
7.7750000000000004,0.37127504948819717,0,0,low_frequency_random,10
7.7800000000000002,0.37699554685932762,0,0,low_frequency_random,10
7.7850000000000001,0.36259617046360065,0,0,low_frequency_random,10
7.79,0.4052230747022148,0,0,low_frequency_random,10
7.7949999999999999,0.40568699297506017,0,0,low_frequency_random,10
7.7999999999999998,0.28291296986296322,0,0,low_frequency_random,10
7.8050000000000006,0.4849620443683188,0,0,low_frequency_random,10
7.8100000000000005,0.49819039523343805,0,0,low_frequency_random,10
7.8150000000000004,0.44015242086260586,0,0,low_frequency_random,10
7.8200000000000003,0.32068433939118213,0,0,low_frequency_random,10
7.8250000000000002,0.25629681090471884,0,0,low_frequency_random,10
7.8300000000000001,0.23587839483375767,0,0,low_frequency_random,10
7.835,0.16222667116112932,0,0,low_frequency_random,10
7.8399999999999999,0.20671327956434346,0,0,low_frequency_random,10
7.8449999999999998,0.088403910148409495,0,0,low_frequency_random,10
7.8500000000000005,0.096794162968208503,0,0,low_frequency_random,10
7.8550000000000004,0.11525919530187007,0,0,low_frequency_random,10
7.8600000000000003,0.034974182979949836,0,0,low_frequency_random,10
7.8650000000000002,-0.049319129546544431,0,0,low_frequency_random,10
7.8700000000000001,-0.11528001826717121,0,0,low_frequency_random,10
7.875,-0.10657885075979959,0,0,low_frequency_random,10
7.8799999999999999,-0.13562975182674517,0,0,low_frequency_random,10
7.8849999999999998,-0.16694115623346129,0,0,low_frequency_random,10
7.8900000000000006,-0.14654306320684507,0,0,low_frequency_random,10
7.8950000000000005,-0.058955073856271772,0,0,low_frequency_random,10
7.9000000000000004,-0.10767781236321768,0,0,low_frequency_random,10
7.9050000000000002,-0.19954377206540641,0,0,low_frequency_random,10
7.9100000000000001,-0.21105133911330623,0,0,low_frequency_random,10
7.915,-0.22026168545291391,0,0,low_frequency_random,10
7.9199999999999999,-0.12391821074711924,0,0,low_frequency_random,10
7.9249999999999998,-0.054405017156499993,0,0,low_frequency_random,10
7.9300000000000006,-0.039608085842934695,0,0,low_frequency_random,10
7.9350000000000005,-0.091214066990308151,0,0,low_frequency_random,10
7.9400000000000004,0.015568435191774879,0,0,low_frequency_random,10
7.9450000000000003,-0.02306071876299725,0,0,low_frequency_random,10
7.9500000000000002,0.022240784060727329,0,0,low_frequency_random,10
7.9550000000000001,0.072665627710907454,0,0,low_frequency_random,10
7.96,0.15491634268801097,0,0,low_frequency_random,10
7.9649999999999999,0.11635729114062116,0,0,low_frequency_random,10
7.9699999999999998,0.25417042765410069,0,0,low_frequency_random,10
7.9750000000000005,0.34780941866145498,0,0,low_frequency_random,10
7.9800000000000004,0.34233362636284526,0,0,low_frequency_random,10
7.9850000000000003,0.3425373411397783,0,0,low_frequency_random,10
7.9900000000000002,0.21256342054126784,0,0,low_frequency_random,10
7.9950000000000001,0.2516920672227021,0,0,low_frequency_random,10
8,0.31095187555298937,0,0,low_frequency_random,10
8.0050000000000008,0.25767069801887388,0,0,low_frequency_random,10
8.0099999999999998,0.2716110786526616,0,0,low_frequency_random,10
8.0150000000000006,0.2010467079846886,0,0,low_frequency_random,10
8.0199999999999996,0.41075403494685392,0,0,low_frequency_random,10
8.0250000000000004,0.3761638715811837,0,0,low_frequency_random,10
8.0299999999999994,0.39260972479188194,0,0,low_frequency_random,10
8.0350000000000001,0.44196477039376625,0,0,low_frequency_random,10
8.0400000000000009,0.42262186742618152,0,0,low_frequency_random,10
8.0449999999999999,0.46338011680473568,0,0,low_frequency_random,10
8.0500000000000007,0.54187795452765974,0,0,low_frequency_random,10
8.0549999999999997,0.70508359060122561,0,0,low_frequency_random,10
8.0600000000000005,0.79904866719149414,0,0,low_frequency_random,10
8.0649999999999995,0.9806393325113496,0,0,low_frequency_random,10
8.0700000000000003,0.89890213167997324,0,0,low_frequency_random,10
8.0749999999999993,0.84637208181458545,0,0,low_frequency_random,10
8.0800000000000001,0.76538523052378105,0,0,low_frequency_random,10
8.0850000000000009,0.76993288834703377,0,0,low_frequency_random,10
8.0899999999999999,0.73691415609643629,0,0,low_frequency_random,10
8.0950000000000006,0.70702668169983829,0,0,low_frequency_random,10
8.0999999999999996,0.71681575623667271,0,0,low_frequency_random,10
8.1050000000000004,0.74304672790743731,0,0,low_frequency_random,10
8.1099999999999994,0.6789888984459429,0,0,low_frequency_random,10
8.1150000000000002,0.69332807444279887,0,0,low_frequency_random,10
8.120000000000001,0.69503632367879975,0,0,low_frequency_random,10
8.125,0.68418035608055083,0,0,low_frequency_random,10
8.1300000000000008,0.7835891623139225,0,0,low_frequency_random,10
8.1349999999999998,0.64936265341965216,0,0,low_frequency_random,10
8.1400000000000006,0.61389999873304779,0,0,low_frequency_random,10
8.1449999999999996,0.57381165468825157,0,0,low_frequency_random,10
8.1500000000000004,0.5411193774510884,0,0,low_frequency_random,10
8.1549999999999994,0.50663890918287746,0,0,low_frequency_random,10
8.1600000000000001,0.45009946484171598,0,0,low_frequency_random,10
8.1650000000000009,0.40624661863533307,0,0,low_frequency_random,10
8.1699999999999999,0.45087867811687699,0,0,low_frequency_random,10
8.1750000000000007,0.49036640780984825,0,0,low_frequency_random,10
8.1799999999999997,0.39236822745586508,0,0,low_frequency_random,10
8.1850000000000005,0.25041973328394185,0,0,low_frequency_random,10
8.1899999999999995,0.20169388536944563,0,0,low_frequency_random,10
8.1950000000000003,0.06852825957651032,0,0,low_frequency_random,10
8.1999999999999993,0.085288261755340794,0,0,low_frequency_random,10
8.2050000000000001,0.10631544808434248,0,0,low_frequency_random,10
8.2100000000000009,-0.039375545691208297,0,0,low_frequency_random,10
8.2149999999999999,0.002274788170023273,0,0,low_frequency_random,10
8.2200000000000006,-0.006712065114631089,0,0,low_frequency_random,10
8.2249999999999996,-0.090445424849645226,0,0,low_frequency_random,10
8.2300000000000004,-0.0067005237438493986,0,0,low_frequency_random,10
8.2349999999999994,0.16830018729710589,0,0,low_frequency_random,10
8.2400000000000002,0.16347507620133103,0,0,low_frequency_random,10
8.245000000000001,0.18769484663553007,0,0,low_frequency_random,10
8.25,0.1135984718938258,0,0,low_frequency_random,10
8.2550000000000008,0.15468876828009537,0,0,low_frequency_random,10
8.2599999999999998,0.12984462323737891,0,0,low_frequency_random,10
8.2650000000000006,0.18617330883828093,0,0,low_frequency_random,10
8.2699999999999996,0.18027056354471641,0,0,low_frequency_random,10
8.2750000000000004,0.21306950814751691,0,0,low_frequency_random,10
8.2799999999999994,0.18142814460114037,0,0,low_frequency_random,10
8.2850000000000001,0.079080687841565425,0,0,low_frequency_random,10
8.2900000000000009,0.11784888584359961,0,0,low_frequency_random,10
8.2949999999999999,0.26225158271851268,0,0,low_frequency_random,10
8.3000000000000007,0.086226067575494919,0,0,low_frequency_random,10
8.3049999999999997,0.1168025142441667,0,0,low_frequency_random,10
8.3100000000000005,0.048182305810735723,0,0,low_frequency_random,10
8.3149999999999995,-0.052487050315291078,0,0,low_frequency_random,10
8.3200000000000003,-0.026847544638259942,0,0,low_frequency_random,10
8.3249999999999993,-0.028096690141737057,0,0,low_frequency_random,10
8.3300000000000001,-0.0079161156911164397,0,0,low_frequency_random,10
8.3350000000000009,0.02840873068635685,0,0,low_frequency_random,10
8.3399999999999999,-0.10954708226788834,0,0,low_frequency_random,10
8.3450000000000006,0.014833560774390617,0,0,low_frequency_random,10
8.3499999999999996,0.1281482339578762,0,0,low_frequency_random,10
8.3550000000000004,0.086036016536220478,0,0,low_frequency_random,10
8.3599999999999994,0.089590910812788943,0,0,low_frequency_random,10
8.3650000000000002,-1.4377162413814482e-05,0,0,low_frequency_random,10
8.370000000000001,0.022995634510098072,0,0,low_frequency_random,10
8.375,0.033614459108046606,0,0,low_frequency_random,10
8.3800000000000008,0.055406619861485443,0,0,low_frequency_random,10
8.3849999999999998,0.041150851794160476,0,0,low_frequency_random,10
8.3900000000000006,0.087530753134376915,0,0,low_frequency_random,10
8.3949999999999996,0.097033188090823827,0,0,low_frequency_random,10
8.4000000000000004,0.085726008555587124,0,0,low_frequency_random,10
8.4049999999999994,0.11013745262558819,0,0,low_frequency_random,10
8.4100000000000001,0.16037691084910252,0,0,low_frequency_random,10
8.4150000000000009,0.21638834591659509,0,0,low_frequency_random,10
8.4199999999999999,0.25107086993023864,0,0,low_frequency_random,10
8.4250000000000007,0.35978835543506382,0,0,low_frequency_random,10
8.4299999999999997,0.33495244196969848,0,0,low_frequency_random,10
8.4350000000000005,0.4383365910730489,0,0,low_frequency_random,10
8.4399999999999995,0.40757897523701575,0,0,low_frequency_random,10
8.4450000000000003,0.38197072382263014,0,0,low_frequency_random,10
8.4499999999999993,0.35742632877065367,0,0,low_frequency_random,10
8.4550000000000001,0.43142215139637541,0,0,low_frequency_random,10
8.4600000000000009,0.40059023538974592,0,0,low_frequency_random,10
8.4649999999999999,0.32547749627718581,0,0,low_frequency_random,10
8.4700000000000006,0.36199116362637723,0,0,low_frequency_random,10
8.4749999999999996,0.3042729826247797,0,0,low_frequency_random,10
8.4800000000000004,0.28854627686832751,0,0,low_frequency_random,10
8.4849999999999994,0.28767661441802544,0,0,low_frequency_random,10
8.4900000000000002,0.29470284992660134,0,0,low_frequency_random,10
8.495000000000001,0.37498185522856753,0,0,low_frequency_random,10
8.5,0.36416147589013226,0,0,low_frequency_random,10
8.5050000000000008,0.26248430057952643,0,0,low_frequency_random,10
8.5099999999999998,0.32381046849580192,0,0,low_frequency_random,10
8.5150000000000006,0.26402407865033789,0,0,low_frequency_random,10
8.5199999999999996,0.17607481678150178,0,0,low_frequency_random,10
8.5250000000000004,0.1441958571099527,0,0,low_frequency_random,10
8.5299999999999994,0.20109721610274883,0,0,low_frequency_random,10
8.5350000000000001,0.094869823185928764,0,0,low_frequency_random,10
8.5400000000000009,0.033911771251311666,0,0,low_frequency_random,10
8.5449999999999999,0.11070511996994523,0,0,low_frequency_random,10
8.5500000000000007,0.2440640672024228,0,0,low_frequency_random,10
8.5549999999999997,0.24585603315211352,0,0,low_frequency_random,10
8.5600000000000005,0.31171288323355772,0,0,low_frequency_random,10
8.5649999999999995,0.32937378786051624,0,0,low_frequency_random,10
8.5700000000000003,0.32722075087081426,0,0,low_frequency_random,10
8.5750000000000011,0.24994478692320904,0,0,low_frequency_random,10
8.5800000000000001,0.26013380680682385,0,0,low_frequency_random,10
8.5850000000000009,0.21886989605453577,0,0,low_frequency_random,10
8.5899999999999999,0.19979526062438582,0,0,low_frequency_random,10
8.5950000000000006,0.20740691295671365,0,0,low_frequency_random,10
8.5999999999999996,0.23152917390610178,0,0,low_frequency_random,10
8.6050000000000004,0.16198911916497444,0,0,low_frequency_random,10
8.6099999999999994,0.12208319733582731,0,0,low_frequency_random,10
8.6150000000000002,0.17539495540561817,0,0,low_frequency_random,10
8.620000000000001,0.30037179789996699,0,0,low_frequency_random,10
8.625,0.30632839283705587,0,0,low_frequency_random,10
8.6300000000000008,0.3650751687885212,0,0,low_frequency_random,10
8.6349999999999998,0.42411069556022685,0,0,low_frequency_random,10
8.6400000000000006,0.38696628820133755,0,0,low_frequency_random,10
8.6449999999999996,0.4449133759989235,0,0,low_frequency_random,10
8.6500000000000004,0.39022885619912762,0,0,low_frequency_random,10
8.6549999999999994,0.28684279692336268,0,0,low_frequency_random,10
8.6600000000000001,0.24538740665588366,0,0,low_frequency_random,10
8.6650000000000009,0.27772426768431063,0,0,low_frequency_random,10
8.6699999999999999,0.21723083660425768,0,0,low_frequency_random,10
8.6750000000000007,0.28258250052276135,0,0,low_frequency_random,10
8.6799999999999997,0.2302987897489851,0,0,low_frequency_random,10
8.6850000000000005,0.27613731147564291,0,0,low_frequency_random,10
8.6899999999999995,0.26241794426783982,0,0,low_frequency_random,10
8.6950000000000003,0.36744097631412886,0,0,low_frequency_random,10
8.7000000000000011,0.34203838651775437,0,0,low_frequency_random,10
8.7050000000000001,0.33429700807522655,0,0,low_frequency_random,10
8.7100000000000009,0.3250518054038436,0,0,low_frequency_random,10
8.7149999999999999,0.24729453203480989,0,0,low_frequency_random,10
8.7200000000000006,0.28137298660598015,0,0,low_frequency_random,10
8.7249999999999996,0.21465731383142478,0,0,low_frequency_random,10
8.7300000000000004,0.15016632293679283,0,0,low_frequency_random,10
8.7349999999999994,0.12322647403267614,0,0,low_frequency_random,10
8.7400000000000002,0.094882025520780594,0,0,low_frequency_random,10
8.745000000000001,0.20343261431307172,0,0,low_frequency_random,10
8.75,0.16843298620937083,0,0,low_frequency_random,10
8.7550000000000008,0.27285641000484712,0,0,low_frequency_random,10
8.7599999999999998,0.10253467903010377,0,0,low_frequency_random,10
8.7650000000000006,0.15497620304476478,0,0,low_frequency_random,10
8.7699999999999996,0.14119172789729645,0,0,low_frequency_random,10
8.7750000000000004,0.27979448348246783,0,0,low_frequency_random,10
8.7799999999999994,0.19383949329681449,0,0,low_frequency_random,10
8.7850000000000001,0.18900160513240061,0,0,low_frequency_random,10
8.7900000000000009,0.19252422109669648,0,0,low_frequency_random,10
8.7949999999999999,0.0041149070886870309,0,0,low_frequency_random,10
8.8000000000000007,-0.0096508709917725467,0,0,low_frequency_random,10
8.8049999999999997,0.19978651167858932,0,0,low_frequency_random,10
8.8100000000000005,0.20008295546102509,0,0,low_frequency_random,10
8.8149999999999995,0.25750784497103263,0,0,low_frequency_random,10
8.8200000000000003,0.24156691702520341,0,0,low_frequency_random,10
8.8250000000000011,0.34891371949543876,0,0,low_frequency_random,10
8.8300000000000001,0.28657133203109064,0,0,low_frequency_random,10
8.8350000000000009,0.20429374778189316,0,0,low_frequency_random,10
8.8399999999999999,0.25998174470491631,0,0,low_frequency_random,10
8.8450000000000006,0.1607845007280248,0,0,low_frequency_random,10
8.8499999999999996,0.16096925290338021,0,0,low_frequency_random,10
8.8550000000000004,0.0051894149779555254,0,0,low_frequency_random,10
8.8599999999999994,0.049786374985167789,0,0,low_frequency_random,10
8.8650000000000002,0.0089132391239915218,0,0,low_frequency_random,10
8.870000000000001,0.010600255326586544,0,0,low_frequency_random,10
8.875,0.015113286621813654,0,0,low_frequency_random,10
8.8800000000000008,0.031703933520650783,0,0,low_frequency_random,10
8.8849999999999998,-0.00660861106976917,0,0,low_frequency_random,10
8.8900000000000006,-0.056393005097653284,0,0,low_frequency_random,10
8.8949999999999996,0.00071795337332562076,0,0,low_frequency_random,10
8.9000000000000004,0.083606857217632502,0,0,low_frequency_random,10
8.9049999999999994,-0.038464359331038006,0,0,low_frequency_random,10
8.9100000000000001,-0.098218047240826348,0,0,low_frequency_random,10
8.9150000000000009,-0.13625393323028634,0,0,low_frequency_random,10
8.9199999999999999,-0.19214855778207401,0,0,low_frequency_random,10
8.9250000000000007,-0.12344696726108832,0,0,low_frequency_random,10
8.9299999999999997,-0.13212298094021299,0,0,low_frequency_random,10
8.9350000000000005,-0.1616966838285798,0,0,low_frequency_random,10
8.9399999999999995,-0.13960821704626061,0,0,low_frequency_random,10
8.9450000000000003,-0.042692619881521399,0,0,low_frequency_random,10
8.9500000000000011,-0.20380773734567512,0,0,low_frequency_random,10
8.9550000000000001,-0.16878208942628076,0,0,low_frequency_random,10
8.9600000000000009,-0.18896129685971072,0,0,low_frequency_random,10
8.9649999999999999,-0.22250408231877061,0,0,low_frequency_random,10
8.9700000000000006,-0.23299047565482989,0,0,low_frequency_random,10
8.9749999999999996,-0.39022530404006295,0,0,low_frequency_random,10
8.9800000000000004,-0.40037675852856763,0,0,low_frequency_random,10
8.9849999999999994,-0.37808044059013152,0,0,low_frequency_random,10
8.9900000000000002,-0.41243924277708122,0,0,low_frequency_random,10
8.995000000000001,-0.51263945263179078,0,0,low_frequency_random,10
9,-0.57033278585489744,0,0,low_frequency_random,10
9.0050000000000008,-0.51466041092570647,0,0,low_frequency_random,10
9.0099999999999998,-0.39135199546728738,0,0,low_frequency_random,10
9.0150000000000006,-0.39297633168121621,0,0,low_frequency_random,10
9.0199999999999996,-0.34229496860316044,0,0,low_frequency_random,10
9.0250000000000004,-0.24888954610363095,0,0,low_frequency_random,10
9.0299999999999994,-0.22641903407304798,0,0,low_frequency_random,10
9.0350000000000001,-0.29730051931167167,0,0,low_frequency_random,10
9.0400000000000009,-0.27490815972453864,0,0,low_frequency_random,10
9.0449999999999999,-0.14577908621320707,0,0,low_frequency_random,10
9.0500000000000007,-0.19553050778777081,0,0,low_frequency_random,10
9.0549999999999997,-0.23095556594802633,0,0,low_frequency_random,10
9.0600000000000005,-0.32335227211126583,0,0,low_frequency_random,10
9.0649999999999995,-0.31414441136297089,0,0,low_frequency_random,10
9.0700000000000003,-0.38820640412645813,0,0,low_frequency_random,10
9.0750000000000011,-0.32689797672089743,0,0,low_frequency_random,10
9.0800000000000001,-0.26214317780811791,0,0,low_frequency_random,10
9.0850000000000009,-0.30619827890850926,0,0,low_frequency_random,10
9.0899999999999999,-0.33260778728850626,0,0,low_frequency_random,10
9.0950000000000006,-0.33108858758760579,0,0,low_frequency_random,10
9.0999999999999996,-0.41457648069949016,0,0,low_frequency_random,10
9.1050000000000004,-0.45904169345628509,0,0,low_frequency_random,10
9.1099999999999994,-0.32153154320490607,0,0,low_frequency_random,10
9.1150000000000002,-0.32145746629509181,0,0,low_frequency_random,10
9.120000000000001,-0.5665344116847697,0,0,low_frequency_random,10
9.125,-0.46461596623416579,0,0,low_frequency_random,10
9.1300000000000008,-0.46292178086348879,0,0,low_frequency_random,10
9.1349999999999998,-0.46444925338995402,0,0,low_frequency_random,10
9.1400000000000006,-0.35519244914376924,0,0,low_frequency_random,10
9.1449999999999996,-0.25355338632815749,0,0,low_frequency_random,10
9.1500000000000004,-0.16676178399450445,0,0,low_frequency_random,10
9.1549999999999994,-0.066226980955416362,0,0,low_frequency_random,10
9.1600000000000001,-0.20162095062532429,0,0,low_frequency_random,10
9.1650000000000009,-0.13605208246539852,0,0,low_frequency_random,10
9.1699999999999999,-0.18950887804324418,0,0,low_frequency_random,10
9.1750000000000007,-0.20244440510380282,0,0,low_frequency_random,10
9.1799999999999997,-0.12581579703978818,0,0,low_frequency_random,10
9.1850000000000005,-0.053553739658994085,0,0,low_frequency_random,10
9.1899999999999995,-0.031466335721620234,0,0,low_frequency_random,10
9.1950000000000003,-0.078355692155850809,0,0,low_frequency_random,10
9.2000000000000011,0.0036736802406832358,0,0,low_frequency_random,10
9.2050000000000001,-0.027973985571800343,0,0,low_frequency_random,10
9.2100000000000009,-0.017184594348504952,0,0,low_frequency_random,10
9.2149999999999999,-0.0018871732514131618,0,0,low_frequency_random,10
9.2200000000000006,0.027574417560735365,0,0,low_frequency_random,10
9.2249999999999996,-0.052172012446314406,0,0,low_frequency_random,10
9.2300000000000004,-0.0026753630248477905,0,0,low_frequency_random,10
9.2349999999999994,0.031186839842581447,0,0,low_frequency_random,10
9.2400000000000002,-0.014443596225419138,0,0,low_frequency_random,10
9.245000000000001,0.011738464868291342,0,0,low_frequency_random,10
9.25,0.10371653799640135,0,0,low_frequency_random,10
9.2550000000000008,0.0053232397932858611,0,0,low_frequency_random,10
9.2599999999999998,-0.011651921035071683,0,0,low_frequency_random,10
9.2650000000000006,-0.081823678776775141,0,0,low_frequency_random,10
9.2699999999999996,-0.12458649061986787,0,0,low_frequency_random,10
9.2750000000000004,-0.065781991105797674,0,0,low_frequency_random,10
9.2799999999999994,-0.095285127776289225,0,0,low_frequency_random,10
9.2850000000000001,-0.15295928005196555,0,0,low_frequency_random,10
9.2900000000000009,-0.072441863801394113,0,0,low_frequency_random,10
9.2949999999999999,-0.037016580503683796,0,0,low_frequency_random,10
9.3000000000000007,0.022655635950213693,0,0,low_frequency_random,10
9.3049999999999997,0.19532876489744344,0,0,low_frequency_random,10
9.3100000000000005,0.1697091363848228,0,0,low_frequency_random,10
9.3149999999999995,0.031449337465263127,0,0,low_frequency_random,10
9.3200000000000003,0.18748568220065201,0,0,low_frequency_random,10
9.3250000000000011,0.18354337860335976,0,0,low_frequency_random,10
9.3300000000000001,0.19586732794772244,0,0,low_frequency_random,10
9.3350000000000009,0.25505335203061125,0,0,low_frequency_random,10
9.3399999999999999,0.29640213725569964,0,0,low_frequency_random,10
9.3450000000000006,0.19910384829895583,0,0,low_frequency_random,10
9.3499999999999996,0.12053969229307143,0,0,low_frequency_random,10
9.3550000000000004,0.038736771603954806,0,0,low_frequency_random,10
9.3599999999999994,-0.017678626251170143,0,0,low_frequency_random,10
9.3650000000000002,-0.015656350724873251,0,0,low_frequency_random,10
9.370000000000001,0.026864108532763893,0,0,low_frequency_random,10
9.375,0.073157756150140182,0,0,low_frequency_random,10
9.3800000000000008,-0.0046705425257961841,0,0,low_frequency_random,10
9.3849999999999998,-0.012248689966581208,0,0,low_frequency_random,10
9.3900000000000006,-0.069551346349166362,0,0,low_frequency_random,10
9.3949999999999996,-0.10721580792499305,0,0,low_frequency_random,10
9.4000000000000004,-0.055351959877886325,0,0,low_frequency_random,10
9.4049999999999994,-0.047149591614543337,0,0,low_frequency_random,10
9.4100000000000001,-0.12176325022124845,0,0,low_frequency_random,10
9.4150000000000009,-0.086640848746864979,0,0,low_frequency_random,10
9.4199999999999999,-0.05422037317911111,0,0,low_frequency_random,10
9.4250000000000007,-0.024772286912823075,0,0,low_frequency_random,10
9.4299999999999997,-0.028290397621405963,0,0,low_frequency_random,10
9.4350000000000005,-0.024863119090726624,0,0,low_frequency_random,10
9.4399999999999995,0.049771972962256189,0,0,low_frequency_random,10
9.4450000000000003,0.026716452839984355,0,0,low_frequency_random,10
9.4500000000000011,0.057380664319432326,0,0,low_frequency_random,10
9.4550000000000001,0.0079668809860027751,0,0,low_frequency_random,10
9.4600000000000009,0.064655281289033528,0,0,low_frequency_random,10
9.4649999999999999,0.17206992001903737,0,0,low_frequency_random,10
9.4700000000000006,0.16243410693455221,0,0,low_frequency_random,10
9.4749999999999996,0.17902639361632677,0,0,low_frequency_random,10
9.4800000000000004,0.19804605932332464,0,0,low_frequency_random,10
9.4849999999999994,0.18629381338665993,0,0,low_frequency_random,10
9.4900000000000002,0.30660389812832822,0,0,low_frequency_random,10
9.495000000000001,0.31875055372617195,0,0,low_frequency_random,10
9.5,0.22375935251982815,0,0,low_frequency_random,10
9.5050000000000008,0.29908793233301212,0,0,low_frequency_random,10
9.5099999999999998,0.25643652310047849,0,0,low_frequency_random,10
9.5150000000000006,0.32741092087022738,0,0,low_frequency_random,10
9.5199999999999996,0.16541767992716599,0,0,low_frequency_random,10
9.5250000000000004,0.24932574936152094,0,0,low_frequency_random,10
9.5299999999999994,0.17214686633479548,0,0,low_frequency_random,10
9.5350000000000001,0.14464253461896598,0,0,low_frequency_random,10
9.5400000000000009,0.16044553394001013,0,0,low_frequency_random,10
9.5449999999999999,0.19946056787676247,0,0,low_frequency_random,10
9.5500000000000007,0.11491594030476129,0,0,low_frequency_random,10
9.5549999999999997,0.16021237555615087,0,0,low_frequency_random,10
9.5600000000000005,0.21714361513675468,0,0,low_frequency_random,10
9.5649999999999995,0.21340646810877797,0,0,low_frequency_random,10
9.5700000000000003,0.21531753848667179,0,0,low_frequency_random,10
9.5750000000000011,0.30262895363975029,0,0,low_frequency_random,10
9.5800000000000001,0.25948294939697331,0,0,low_frequency_random,10
9.5850000000000009,0.30210000794548758,0,0,low_frequency_random,10
9.5899999999999999,0.31621891370770344,0,0,low_frequency_random,10
9.5950000000000006,0.31022518751654615,0,0,low_frequency_random,10
9.5999999999999996,0.25704119771264872,0,0,low_frequency_random,10
9.6050000000000004,0.16978798042838361,0,0,low_frequency_random,10
9.6099999999999994,0.20640889812765989,0,0,low_frequency_random,10
9.6150000000000002,0.25357926021203508,0,0,low_frequency_random,10
9.620000000000001,0.31397804058944034,0,0,low_frequency_random,10
9.625,0.30099778988785653,0,0,low_frequency_random,10
9.6300000000000008,0.31781897969710177,0,0,low_frequency_random,10
9.6349999999999998,0.32510116099880415,0,0,low_frequency_random,10
9.6400000000000006,0.35314353739036486,0,0,low_frequency_random,10
9.6449999999999996,0.34073161664612772,0,0,low_frequency_random,10
9.6500000000000004,0.43592476523105783,0,0,low_frequency_random,10
9.6549999999999994,0.40020943639714712,0,0,low_frequency_random,10
9.6600000000000001,0.30327880947540575,0,0,low_frequency_random,10
9.6650000000000009,0.295764124370474,0,0,low_frequency_random,10
9.6699999999999999,0.26957187210688632,0,0,low_frequency_random,10
9.6750000000000007,0.42126473692369842,0,0,low_frequency_random,10
9.6799999999999997,0.37516884846138038,0,0,low_frequency_random,10
9.6850000000000005,0.29719146541939301,0,0,low_frequency_random,10
9.6899999999999995,0.38636380138607718,0,0,low_frequency_random,10
9.6950000000000003,0.52571613700757736,0,0,low_frequency_random,10
9.7000000000000011,0.6864804066417558,0,0,low_frequency_random,10
9.7050000000000001,0.63445012490015351,0,0,low_frequency_random,10
9.7100000000000009,0.57063143489952906,0,0,low_frequency_random,10
9.7149999999999999,0.77794653521953383,0,0,low_frequency_random,10
9.7200000000000006,0.75849689835186573,0,0,low_frequency_random,10
9.7249999999999996,0.66275076151788104,0,0,low_frequency_random,10
9.7300000000000004,0.71062383592362477,0,0,low_frequency_random,10
9.7349999999999994,0.53499474378589573,0,0,low_frequency_random,10
9.7400000000000002,0.38090589373847294,0,0,low_frequency_random,10
9.745000000000001,0.35179972279462368,0,0,low_frequency_random,10
9.75,0.38804824067052829,0,0,low_frequency_random,10
9.7550000000000008,0.37725142617852037,0,0,low_frequency_random,10
9.7599999999999998,0.39700659003010669,0,0,low_frequency_random,10
9.7650000000000006,0.47611140118673512,0,0,low_frequency_random,10
9.7699999999999996,0.59915655928319356,0,0,low_frequency_random,10
9.7750000000000004,0.53200782400434399,0,0,low_frequency_random,10
9.7799999999999994,0.47136485864682737,0,0,low_frequency_random,10
9.7850000000000001,0.48908575822152139,0,0,low_frequency_random,10
9.7900000000000009,0.44893396044771439,0,0,low_frequency_random,10
9.7949999999999999,0.38324742510545629,0,0,low_frequency_random,10
9.8000000000000007,0.36347304228678645,0,0,low_frequency_random,10
9.8049999999999997,0.27632895125529172,0,0,low_frequency_random,10
9.8100000000000005,0.28448974144305939,0,0,low_frequency_random,10
9.8149999999999995,0.34132818847745472,0,0,low_frequency_random,10
9.8200000000000003,0.32562559414910069,0,0,low_frequency_random,10
9.8250000000000011,0.27839727329580599,0,0,low_frequency_random,10
9.8300000000000001,0.1747523668355388,0,0,low_frequency_random,10
9.8350000000000009,0.10756596543023911,0,0,low_frequency_random,10
9.8399999999999999,0.035927138459970337,0,0,low_frequency_random,10
9.8450000000000006,0.15754692062708356,0,0,low_frequency_random,10
9.8499999999999996,0.31316771289994594,0,0,low_frequency_random,10
9.8550000000000004,0.28482472418760563,0,0,low_frequency_random,10
9.8599999999999994,0.30573217479900572,0,0,low_frequency_random,10
9.8650000000000002,0.47155805093805081,0,0,low_frequency_random,10
9.870000000000001,0.4030712561084947,0,0,low_frequency_random,10
9.875,0.57182586426293747,0,0,low_frequency_random,10
9.8800000000000008,0.53631878769105912,0,0,low_frequency_random,10
9.8849999999999998,0.47497025956463074,0,0,low_frequency_random,10
9.8900000000000006,0.64900173684937412,0,0,low_frequency_random,10
9.8949999999999996,0.61243667230820409,0,0,low_frequency_random,10
9.9000000000000004,0.64295355935471465,0,0,low_frequency_random,10
9.9049999999999994,0.71582188012012249,0,0,low_frequency_random,10
9.9100000000000001,0.72186908184387633,0,0,low_frequency_random,10
9.9150000000000009,0.64901663803789766,0,0,low_frequency_random,10
9.9199999999999999,0.61682859546664848,0,0,low_frequency_random,10
9.9250000000000007,0.68039420742746759,0,0,low_frequency_random,10
9.9299999999999997,0.79802580130262446,0,0,low_frequency_random,10
9.9350000000000005,0.85208075717831111,0,0,low_frequency_random,10
9.9399999999999995,0.73381748244169864,0,0,low_frequency_random,10
9.9450000000000003,0.77573202682460263,0,0,low_frequency_random,10
9.9500000000000011,0.73434820966508996,0,0,low_frequency_random,10
9.9550000000000001,0.83983044896599135,0,0,low_frequency_random,10
9.9600000000000009,0.91211567136966176,0,0,low_frequency_random,10
9.9649999999999999,0.87312204224223477,0,0,low_frequency_random,10
9.9700000000000006,0.79765161226048553,0,0,low_frequency_random,10
9.9749999999999996,0.75325095911954632,0,0,low_frequency_random,10
9.9800000000000004,0.76894006419686511,0,0,low_frequency_random,10
9.9849999999999994,0.8205031986262209,0,0,low_frequency_random,10
9.9900000000000002,0.75729105256973295,0,0,low_frequency_random,10
9.995000000000001,0.75533824230204338,0,0,low_frequency_random,10
10,0.86889600154946756,0,0,low_frequency_random,10
10.005000000000001,0.97842055844993914,0,0,low_frequency_random,10
10.01,0.92434615031981282,0,0,low_frequency_random,10
10.015000000000001,1.0526115487045491,0,0,low_frequency_random,10
10.02,1.1402747516860514,0,0,low_frequency_random,10
10.025,1.1661442900216061,0,0,low_frequency_random,10
10.029999999999999,1.2323770628793498,0,0,low_frequency_random,10
10.035,1.1630658530904012,0,0,low_frequency_random,10
10.040000000000001,1.1774289090733723,0,0,low_frequency_random,10
10.045,1.2094220151620616,0,0,low_frequency_random,10
10.050000000000001,1.2582137801177162,0,0,low_frequency_random,10
10.055,1.1888794472276425,0,0,low_frequency_random,10
10.06,1.2795803540052961,0,0,low_frequency_random,10
10.065,1.2822503032372183,0,0,low_frequency_random,10
10.07,1.2010391984033717,0,0,low_frequency_random,10
10.075000000000001,1.3306483633407118,0,0,low_frequency_random,10
10.08,1.4395915403945139,0,0,low_frequency_random,10
10.085000000000001,1.4427839885382328,0,0,low_frequency_random,10
10.09,1.3945608164864005,0,0,low_frequency_random,10
10.095000000000001,1.4203892479529752,0,0,low_frequency_random,10
10.1,1.3268604228586787,0,0,low_frequency_random,10
10.105,1.1664304622053612,0,0,low_frequency_random,10
10.109999999999999,1.3081818739036666,0,0,low_frequency_random,10
10.115,1.5207483374673163,0,0,low_frequency_random,10
10.120000000000001,1.5689244770219346,0,0,low_frequency_random,10
10.125,1.5918134497635184,0,0,low_frequency_random,10
10.130000000000001,1.5322420665765704,0,0,low_frequency_random,10
10.135,1.43538740188872,0,0,low_frequency_random,10
10.140000000000001,1.3519058494977245,0,0,low_frequency_random,10
10.145,1.4034933247125203,0,0,low_frequency_random,10
10.15,1.3936792975827186,0,0,low_frequency_random,10
10.154999999999999,1.3817283061959207,0,0,low_frequency_random,10
10.16,1.4369526398441363,0,0,low_frequency_random,10
10.165000000000001,1.4071815730699169,0,0,low_frequency_random,10
10.17,1.4784857328166909,0,0,low_frequency_random,10
10.175000000000001,1.270974771721205,0,0,low_frequency_random,10
10.18,1.2590972118666144,0,0,low_frequency_random,10
10.185,1.3332133829912225,0,0,low_frequency_random,10
10.19,1.4680904916368664,0,0,low_frequency_random,10
10.195,1.5132599036962608,0,0,low_frequency_random,10
10.200000000000001,1.5822241975031597,0,0,low_frequency_random,10
10.205,1.3829605421829152,0,0,low_frequency_random,10
10.210000000000001,1.4156132061050668,0,0,low_frequency_random,10
10.215,1.4139819657589496,0,0,low_frequency_random,10
10.220000000000001,1.3237118767618654,0,0,low_frequency_random,10
10.225,1.3196734184684171,0,0,low_frequency_random,10
10.23,1.3167526217195584,0,0,low_frequency_random,10
10.234999999999999,1.2828327085589506,0,0,low_frequency_random,10
10.24,1.3220593223225614,0,0,low_frequency_random,10
10.245000000000001,1.4247903316387625,0,0,low_frequency_random,10
10.25,1.4729071249023515,0,0,low_frequency_random,10
10.255000000000001,1.517076296965945,0,0,low_frequency_random,10
10.26,1.4396172494016846,0,0,low_frequency_random,10
10.265000000000001,1.4670276405418936,0,0,low_frequency_random,10
10.27,1.4734944927428222,0,0,low_frequency_random,10
10.275,1.4963949172478126,0,0,low_frequency_random,10
10.279999999999999,1.5768935460239657,0,0,low_frequency_random,10
10.285,1.5838358548751561,0,0,low_frequency_random,10
10.290000000000001,1.5054574264029978,0,0,low_frequency_random,10
10.295,1.5520747688474177,0,0,low_frequency_random,10
10.300000000000001,1.4954377606757459,0,0,low_frequency_random,10
10.305,1.4697847893231542,0,0,low_frequency_random,10
10.31,1.438346171411039,0,0,low_frequency_random,10
10.315,1.4302797652328028,0,0,low_frequency_random,10
10.32,1.229023594396442,0,0,low_frequency_random,10
10.325000000000001,1.1525840612688909,0,0,low_frequency_random,10
10.33,1.1403369279103128,0,0,low_frequency_random,10
10.335000000000001,1.1293867010847747,0,0,low_frequency_random,10
10.34,1.1040108892417284,0,0,low_frequency_random,10
10.345000000000001,1.104284463550786,0,0,low_frequency_random,10
10.35,1.120626386293085,0,0,low_frequency_random,10
10.355,1.0344720604268478,0,0,low_frequency_random,10
10.359999999999999,1.1413665553247634,0,0,low_frequency_random,10
10.365,1.1175997181107462,0,0,low_frequency_random,10
10.370000000000001,1.1183320284742635,0,0,low_frequency_random,10
10.375,1.0943932975898194,0,0,low_frequency_random,10
10.380000000000001,0.98257494865642825,0,0,low_frequency_random,10
10.385,0.87275578438887835,0,0,low_frequency_random,10
10.390000000000001,0.85048275531339668,0,0,low_frequency_random,10
10.395,0.96355014472063516,0,0,low_frequency_random,10
10.4,0.87541873039573992,0,0,low_frequency_random,10
10.404999999999999,0.88836193881881187,0,0,low_frequency_random,10
10.41,0.79505352205390967,0,0,low_frequency_random,10
10.415000000000001,0.79319501852656615,0,0,low_frequency_random,10
10.42,0.70608928720597042,0,0,low_frequency_random,10
10.425000000000001,0.60212271364561065,0,0,low_frequency_random,10
10.43,0.50260341242495898,0,0,low_frequency_random,10
10.435,0.43529074438355631,0,0,low_frequency_random,10
10.44,0.42037805778197118,0,0,low_frequency_random,10
10.445,0.3810054894998664,0,0,low_frequency_random,10
10.450000000000001,0.31069949242552547,0,0,low_frequency_random,10
10.455,0.34070345565268301,0,0,low_frequency_random,10
10.460000000000001,0.36862722433334433,0,0,low_frequency_random,10
10.465,0.35036580160313852,0,0,low_frequency_random,10
10.470000000000001,0.39528777502130452,0,0,low_frequency_random,10
10.475,0.38027895722709243,0,0,low_frequency_random,10
10.48,0.28156211042181239,0,0,low_frequency_random,10
10.484999999999999,0.36423224797951553,0,0,low_frequency_random,10
10.49,0.33565818554076682,0,0,low_frequency_random,10
10.495000000000001,0.29786429945495141,0,0,low_frequency_random,10
10.5,0.44794539219893148,0,0,low_frequency_random,10
10.505000000000001,0.32639079616548061,0,0,low_frequency_random,10
10.51,0.25033116749683282,0,0,low_frequency_random,10
10.515000000000001,0.18314276567230423,0,0,low_frequency_random,10
10.52,0.26600067135713878,0,0,low_frequency_random,10
10.525,0.3238176173161057,0,0,low_frequency_random,10
10.529999999999999,0.37526586318326727,0,0,low_frequency_random,10
10.535,0.31697867112056483,0,0,low_frequency_random,10
10.540000000000001,0.26412054351244602,0,0,low_frequency_random,10
10.545,0.17767442662879096,0,0,low_frequency_random,10
10.550000000000001,0.23827750308947721,0,0,low_frequency_random,10
10.555,0.16258288240037649,0,0,low_frequency_random,10
10.56,0.11300528056062263,0,0,low_frequency_random,10
10.565,-0.0075586114447402097,0,0,low_frequency_random,10
10.57,0.028824024423001728,0,0,low_frequency_random,10
10.575000000000001,0.0043946281380877264,0,0,low_frequency_random,10
10.58,0.12396880499502941,0,0,low_frequency_random,10
10.585000000000001,0.16354198407516837,0,0,low_frequency_random,10
10.59,0.093098364275460643,0,0,low_frequency_random,10
10.595000000000001,-0.035908103978469053,0,0,low_frequency_random,10
10.6,-0.14409962553073019,0,0,low_frequency_random,10
10.605,-0.13930087782452769,0,0,low_frequency_random,10
10.609999999999999,-0.17383606953537167,0,0,low_frequency_random,10
10.615,-0.21012672999930138,0,0,low_frequency_random,10
10.620000000000001,-0.20280165489079247,0,0,low_frequency_random,10
10.625,-0.32447407320132149,0,0,low_frequency_random,10
10.630000000000001,-0.44539612092501191,0,0,low_frequency_random,10
10.635,-0.50241573716127819,0,0,low_frequency_random,10
10.640000000000001,-0.54935107606914313,0,0,low_frequency_random,10
10.645,-0.66908168026238279,0,0,low_frequency_random,10
10.65,-0.57622405665851884,0,0,low_frequency_random,10
10.654999999999999,-0.61493189310344143,0,0,low_frequency_random,10
10.66,-0.7530941541430588,0,0,low_frequency_random,10
10.665000000000001,-0.7431110366932816,0,0,low_frequency_random,10
10.67,-0.68143986661609646,0,0,low_frequency_random,10
10.675000000000001,-0.4934506295050855,0,0,low_frequency_random,10
10.68,-0.53316814461921946,0,0,low_frequency_random,10
10.685,-0.52517887416494324,0,0,low_frequency_random,10
10.69,-0.60924649081972193,0,0,low_frequency_random,10
10.695,-0.68268637893475659,0,0,low_frequency_random,10
10.700000000000001,-0.87032442585152803,0,0,low_frequency_random,10
10.705,-0.90439325735803644,0,0,low_frequency_random,10
10.710000000000001,-0.89064044735834191,0,0,low_frequency_random,10
10.715,-1.0229061282076197,0,0,low_frequency_random,10
10.720000000000001,-0.95407456246794897,0,0,low_frequency_random,10
10.725,-0.7132562279475152,0,0,low_frequency_random,10
10.73,-0.87269886141124753,0,0,low_frequency_random,10
10.734999999999999,-0.86311937299586705,0,0,low_frequency_random,10
10.74,-0.91012703803503825,0,0,low_frequency_random,10
10.745000000000001,-0.9202480321907438,0,0,low_frequency_random,10
10.75,-0.94196719414127428,0,0,low_frequency_random,10
10.755000000000001,-0.80414656528841666,0,0,low_frequency_random,10
10.76,-0.7761143146064835,0,0,low_frequency_random,10
10.765000000000001,-0.74646945632121298,0,0,low_frequency_random,10
10.77,-0.62514204621347835,0,0,low_frequency_random,10
10.775,-0.6373544430242204,0,0,low_frequency_random,10
10.779999999999999,-0.49859357966474549,0,0,low_frequency_random,10
10.785,-0.56633733530806307,0,0,low_frequency_random,10
10.790000000000001,-0.62657028354027133,0,0,low_frequency_random,10
10.795,-0.60625054977975734,0,0,low_frequency_random,10
10.800000000000001,-0.62131814556458054,0,0,low_frequency_random,10
10.805,-0.63020172261452501,0,0,low_frequency_random,10
10.81,-0.65979404393597996,0,0,low_frequency_random,10
10.815,-0.80778984875055837,0,0,low_frequency_random,10
10.82,-0.7621636533618753,0,0,low_frequency_random,10
10.825000000000001,-0.78944649688862822,0,0,low_frequency_random,10
10.83,-0.76720049254801448,0,0,low_frequency_random,10
10.835000000000001,-0.7972118640731487,0,0,low_frequency_random,10
10.84,-0.77830553839740535,0,0,low_frequency_random,10
10.845000000000001,-0.91159466401994871,0,0,low_frequency_random,10
10.85,-0.96549286029212766,0,0,low_frequency_random,10
10.855,-1.0070656267903837,0,0,low_frequency_random,10
10.859999999999999,-1.0129972387577952,0,0,low_frequency_random,10
10.865,-0.92493237462285061,0,0,low_frequency_random,10
10.870000000000001,-0.87926259278483798,0,0,low_frequency_random,10
10.875,-0.75660988218376757,0,0,low_frequency_random,10
10.880000000000001,-0.6358490759116413,0,0,low_frequency_random,10
10.885,-0.64906155326603066,0,0,low_frequency_random,10
10.890000000000001,-0.55226383092121378,0,0,low_frequency_random,10
10.895,-0.50370930533575109,0,0,low_frequency_random,10
10.9,-0.64747333095929183,0,0,low_frequency_random,10
10.904999999999999,-0.6646430800906743,0,0,low_frequency_random,10
10.91,-0.54977406732805756,0,0,low_frequency_random,10
10.915000000000001,-0.40514747094378012,0,0,low_frequency_random,10
10.92,-0.42562171365255991,0,0,low_frequency_random,10
10.925000000000001,-0.48328915253428417,0,0,low_frequency_random,10
10.93,-0.44523673155004001,0,0,low_frequency_random,10
10.935,-0.44659035472304981,0,0,low_frequency_random,10
10.94,-0.47178662635696417,0,0,low_frequency_random,10
10.945,-0.45038291485179166,0,0,low_frequency_random,10
10.950000000000001,-0.58361474722184226,0,0,low_frequency_random,10
10.955,-0.53407037705854365,0,0,low_frequency_random,10
10.960000000000001,-0.45222302097491368,0,0,low_frequency_random,10
10.965,-0.46742076954824519,0,0,low_frequency_random,10
10.970000000000001,-0.53774669739473935,0,0,low_frequency_random,10
10.975,-0.52132752249267533,0,0,low_frequency_random,10
10.98,-0.4791139393330473,0,0,low_frequency_random,10
10.984999999999999,-0.51142529430770811,0,0,low_frequency_random,10
10.99,-0.492367503712834,0,0,low_frequency_random,10
10.995000000000001,-0.58793078090516915,0,0,low_frequency_random,10
11,-0.76392633866873327,0,0,low_frequency_random,10
11.005000000000001,-0.71437055663708016,0,0,low_frequency_random,10
11.01,-0.70477350827917695,0,0,low_frequency_random,10
11.015000000000001,-0.68141995142191436,0,0,low_frequency_random,10
11.02,-0.85552745748975356,0,0,low_frequency_random,10
11.025,-0.91121055966596443,0,0,low_frequency_random,10
11.029999999999999,-0.86766186979948068,0,0,low_frequency_random,10
11.035,-0.99655355570492099,0,0,low_frequency_random,10
11.040000000000001,-1.0518144388631829,0,0,low_frequency_random,10
11.045,-1.1729049685425974,0,0,low_frequency_random,10
11.050000000000001,-1.1269603511681037,0,0,low_frequency_random,10
11.055,-1.1142931504174871,0,0,low_frequency_random,10
11.06,-1.0261830486924035,0,0,low_frequency_random,10
11.065,-1.1799096540576854,0,0,low_frequency_random,10
11.07,-1.2038379760831062,0,0,low_frequency_random,10
11.075000000000001,-1.2741905949573995,0,0,low_frequency_random,10
11.08,-1.1359461601519496,0,0,low_frequency_random,10
11.085000000000001,-1.1296851561909889,0,0,low_frequency_random,10
11.09,-1.1439614745588786,0,0,low_frequency_random,10
11.095000000000001,-1.177398648811433,0,0,low_frequency_random,10
11.1,-1.2572323008382522,0,0,low_frequency_random,10
11.105,-1.3409989505500668,0,0,low_frequency_random,10
11.109999999999999,-1.3810222328066397,0,0,low_frequency_random,10
11.115,-1.3603064758997336,0,0,low_frequency_random,10
11.120000000000001,-1.4388198736234075,0,0,low_frequency_random,10
11.125,-1.3329250953455336,0,0,low_frequency_random,10
11.130000000000001,-1.3145332426474998,0,0,low_frequency_random,10
11.135,-1.3142093680125677,0,0,low_frequency_random,10
11.140000000000001,-1.2526389608716288,0,0,low_frequency_random,10
11.145,-1.2554712676203097,0,0,low_frequency_random,10
11.15,-1.3469989613774114,0,0,low_frequency_random,10
11.154999999999999,-1.1733116760981046,0,0,low_frequency_random,10
11.16,-1.4176605029406639,0,0,low_frequency_random,10
11.165000000000001,-1.4212852543521548,0,0,low_frequency_random,10
11.17,-1.3721516358550514,0,0,low_frequency_random,10
11.175000000000001,-1.3539630682999662,0,0,low_frequency_random,10
11.18,-1.4474737103065511,0,0,low_frequency_random,10
11.185,-1.4886504828083553,0,0,low_frequency_random,10
11.19,-1.5383310823857543,0,0,low_frequency_random,10
11.195,-1.5586054059210195,0,0,low_frequency_random,10
11.200000000000001,-1.5873543167588309,0,0,low_frequency_random,10
11.205,-1.5271658832140993,0,0,low_frequency_random,10
11.210000000000001,-1.5551901154304029,0,0,low_frequency_random,10
11.215,-1.636657336806552,0,0,low_frequency_random,10
11.220000000000001,-1.5982203949155531,0,0,low_frequency_random,10
11.225,-1.5515180518778748,0,0,low_frequency_random,10
11.23,-1.4359489799346394,0,0,low_frequency_random,10
11.234999999999999,-1.5441921700378776,0,0,low_frequency_random,10
11.24,-1.5838382087294782,0,0,low_frequency_random,10
11.245000000000001,-1.6642325333443382,0,0,low_frequency_random,10
11.25,-1.6653198305589152,0,0,low_frequency_random,10
11.255000000000001,-1.722158588971815,0,0,low_frequency_random,10
11.26,-1.6530604906121795,0,0,low_frequency_random,10
11.265000000000001,-1.6509095526340432,0,0,low_frequency_random,10
11.27,-1.6909294145677902,0,0,low_frequency_random,10
11.275,-1.6406298564943145,0,0,low_frequency_random,10
11.279999999999999,-1.633735286931463,0,0,low_frequency_random,10
11.285,-1.5797339980553924,0,0,low_frequency_random,10
11.290000000000001,-1.398940337311674,0,0,low_frequency_random,10
11.295,-1.4523569941187873,0,0,low_frequency_random,10
11.300000000000001,-1.4948582620959132,0,0,low_frequency_random,10
11.305,-1.5751195779046887,0,0,low_frequency_random,10
11.31,-1.5114767015253288,0,0,low_frequency_random,10
11.315,-1.4698647735589574,0,0,low_frequency_random,10
11.32,-1.455795793617342,0,0,low_frequency_random,10
11.325000000000001,-1.4113789954340368,0,0,low_frequency_random,10
11.33,-1.4767777418700181,0,0,low_frequency_random,10
11.335000000000001,-1.4042470958703435,0,0,low_frequency_random,10
11.34,-1.4182457705561278,0,0,low_frequency_random,10
11.345000000000001,-1.3574416606229041,0,0,low_frequency_random,10
11.35,-1.3960964796645683,0,0,low_frequency_random,10
11.355,-1.375135011468654,0,0,low_frequency_random,10
11.359999999999999,-1.427094697552435,0,0,low_frequency_random,10
11.365,-1.3636381558121693,0,0,low_frequency_random,10
11.370000000000001,-1.3231313496338162,0,0,low_frequency_random,10
11.375,-1.3199112951120631,0,0,low_frequency_random,10
11.380000000000001,-1.2856014217671783,0,0,low_frequency_random,10
11.385,-1.3072783440092526,0,0,low_frequency_random,10
11.390000000000001,-1.3581219876827348,0,0,low_frequency_random,10
11.395,-1.2434496643319317,0,0,low_frequency_random,10
11.4,-1.163859373672453,0,0,low_frequency_random,10
11.404999999999999,-1.0922315617667011,0,0,low_frequency_random,10
11.41,-1.0740604896550168,0,0,low_frequency_random,10
11.415000000000001,-1.0062731712288866,0,0,low_frequency_random,10
11.42,-0.79716968687435574,0,0,low_frequency_random,10
11.425000000000001,-0.96894221479370046,0,0,low_frequency_random,10
11.43,-0.91584744469764223,0,0,low_frequency_random,10
11.435,-0.83039578077073628,0,0,low_frequency_random,10
11.44,-0.86783617834072369,0,0,low_frequency_random,10
11.445,-0.86566918875334142,0,0,low_frequency_random,10
11.450000000000001,-0.85131313906016404,0,0,low_frequency_random,10
11.455,-0.7246650702038776,0,0,low_frequency_random,10
11.460000000000001,-0.7561299559289234,0,0,low_frequency_random,10
11.465,-0.76740186922101539,0,0,low_frequency_random,10
11.470000000000001,-0.65616139186894462,0,0,low_frequency_random,10
11.475,-0.63349140436343665,0,0,low_frequency_random,10
11.48,-0.70027061262157941,0,0,low_frequency_random,10
11.484999999999999,-0.79432421384090923,0,0,low_frequency_random,10
11.49,-0.62764910880094793,0,0,low_frequency_random,10
11.495000000000001,-0.59181920570113045,0,0,low_frequency_random,10
11.5,-0.52294833059570089,0,0,low_frequency_random,10
11.505000000000001,-0.51837319304922835,0,0,low_frequency_random,10
11.51,-0.49879209458431778,0,0,low_frequency_random,10
11.515000000000001,-0.61190828326339397,0,0,low_frequency_random,10
11.52,-0.50761109029861584,0,0,low_frequency_random,10
11.525,-0.61004079938173572,0,0,low_frequency_random,10
11.529999999999999,-0.7100337947391675,0,0,low_frequency_random,10
11.535,-0.7841774528734039,0,0,low_frequency_random,10
11.540000000000001,-0.72726865483537584,0,0,low_frequency_random,10
11.545,-0.75404774254143014,0,0,low_frequency_random,10
11.550000000000001,-0.62135641884572479,0,0,low_frequency_random,10
11.555,-0.71903816371662799,0,0,low_frequency_random,10
11.56,-0.62227521589597323,0,0,low_frequency_random,10
11.565,-0.63462840425148337,0,0,low_frequency_random,10
11.57,-0.69354567768094344,0,0,low_frequency_random,10
11.575000000000001,-0.6864334999276519,0,0,low_frequency_random,10
11.58,-0.63021650341170532,0,0,low_frequency_random,10
11.585000000000001,-0.66003989823941378,0,0,low_frequency_random,10
11.59,-0.57328658274821886,0,0,low_frequency_random,10
11.595000000000001,-0.54438089772439358,0,0,low_frequency_random,10
11.6,-0.51629955500485314,0,0,low_frequency_random,10
11.605,-0.60832512789488646,0,0,low_frequency_random,10
11.609999999999999,-0.6504507857311721,0,0,low_frequency_random,10
11.615,-0.75166535851368432,0,0,low_frequency_random,10
11.620000000000001,-0.77956162168500476,0,0,low_frequency_random,10
11.625,-0.72104247756851481,0,0,low_frequency_random,10
11.630000000000001,-0.62263995579983278,0,0,low_frequency_random,10
11.635,-0.73038346373493779,0,0,low_frequency_random,10
11.640000000000001,-0.87102341782967119,0,0,low_frequency_random,10
11.645,-0.83949213217074203,0,0,low_frequency_random,10
11.65,-0.85428186939426642,0,0,low_frequency_random,10
11.654999999999999,-0.93609033359713101,0,0,low_frequency_random,10
11.66,-0.86962331942252058,0,0,low_frequency_random,10
11.665000000000001,-0.92349639725329591,0,0,low_frequency_random,10
11.67,-0.97694926067091592,0,0,low_frequency_random,10
11.675000000000001,-0.9978372922305192,0,0,low_frequency_random,10
11.68,-1.015227504655912,0,0,low_frequency_random,10
11.685,-0.89609489628416028,0,0,low_frequency_random,10
11.69,-0.88341390441026502,0,0,low_frequency_random,10
11.695,-0.82853487320871499,0,0,low_frequency_random,10
11.700000000000001,-0.87761925117891115,0,0,low_frequency_random,10
11.705,-0.98543095697823935,0,0,low_frequency_random,10
11.710000000000001,-0.85680249686861265,0,0,low_frequency_random,10
11.715,-0.70784613080364855,0,0,low_frequency_random,10
11.720000000000001,-0.7473299392031465,0,0,low_frequency_random,10
11.725,-0.8550736198460539,0,0,low_frequency_random,10
11.73,-0.97771237297048375,0,0,low_frequency_random,10
11.734999999999999,-1.0348572266797287,0,0,low_frequency_random,10
11.74,-1.1807267285092717,0,0,low_frequency_random,10
11.745000000000001,-1.0542336717192173,0,0,low_frequency_random,10
11.75,-1.1902163000623134,0,0,low_frequency_random,10
11.755000000000001,-1.1425888671076658,0,0,low_frequency_random,10
11.76,-1.1549197938383244,0,0,low_frequency_random,10
11.765000000000001,-1.2627899980240793,0,0,low_frequency_random,10
11.77,-1.2851322251468982,0,0,low_frequency_random,10
11.775,-1.2069848706184509,0,0,low_frequency_random,10
11.779999999999999,-1.2684424874028499,0,0,low_frequency_random,10
11.785,-1.2362945803541627,0,0,low_frequency_random,10
11.790000000000001,-1.3501768346537204,0,0,low_frequency_random,10
11.795,-1.3835937218999066,0,0,low_frequency_random,10
11.800000000000001,-1.4156198329637846,0,0,low_frequency_random,10
11.805,-1.4295756411514031,0,0,low_frequency_random,10
11.81,-1.2861272041292608,0,0,low_frequency_random,10
11.815,-1.3349182100845074,0,0,low_frequency_random,10
11.82,-1.3903378155898953,0,0,low_frequency_random,10
11.825000000000001,-1.4144043138269329,0,0,low_frequency_random,10
11.83,-1.4767109771588263,0,0,low_frequency_random,10
11.835000000000001,-1.4471097231714598,0,0,low_frequency_random,10
11.84,-1.3219054215194017,0,0,low_frequency_random,10
11.845000000000001,-1.0364109524033398,0,0,low_frequency_random,10
11.85,-0.94225700586686723,0,0,low_frequency_random,10
11.855,-0.97921588398279125,0,0,low_frequency_random,10
11.859999999999999,-0.82877486433940373,0,0,low_frequency_random,10
11.865,-0.96727534629448553,0,0,low_frequency_random,10
11.870000000000001,-0.77373678316373351,0,0,low_frequency_random,10
11.875,-0.8421329734074442,0,0,low_frequency_random,10
11.880000000000001,-0.87450146149519747,0,0,low_frequency_random,10
11.885,-0.9233530839923596,0,0,low_frequency_random,10
11.890000000000001,-0.8658091738815713,0,0,low_frequency_random,10
11.895,-0.91981417888329609,0,0,low_frequency_random,10
11.9,-0.88740295380870582,0,0,low_frequency_random,10
11.904999999999999,-0.84221699750953771,0,0,low_frequency_random,10
11.91,-0.85494673213336858,0,0,low_frequency_random,10
11.915000000000001,-0.8206973709269626,0,0,low_frequency_random,10
11.92,-0.84356336957594891,0,0,low_frequency_random,10
11.925000000000001,-0.65893952229668762,0,0,low_frequency_random,10
11.93,-0.57413585981075077,0,0,low_frequency_random,10
11.935,-0.54012100297365639,0,0,low_frequency_random,10
11.94,-0.6438480033110312,0,0,low_frequency_random,10
11.945,-0.60537794536909351,0,0,low_frequency_random,10
11.950000000000001,-0.69079296760510367,0,0,low_frequency_random,10
11.955,-0.75090025183186537,0,0,low_frequency_random,10
11.960000000000001,-0.63201024689348106,0,0,low_frequency_random,10
11.965,-0.62456540430692509,0,0,low_frequency_random,10
11.970000000000001,-0.71298743358874372,0,0,low_frequency_random,10
11.975,-0.62224721700309604,0,0,low_frequency_random,10
11.98,-0.44118626659425775,0,0,low_frequency_random,10
11.984999999999999,-0.5549860932373788,0,0,low_frequency_random,10
11.99,-0.59761936782114866,0,0,low_frequency_random,10
11.995000000000001,-0.61409506520772927,0,0,low_frequency_random,10
12,-0.56635928129360036,0,0,low_frequency_random,10
